time,open,high,low,close,tick_volume,spread,real_volume
2022-08-01 00:00:00,1.02101,1.02409,1.02074,1.02253,7263,8,0
2022-08-01 04:00:00,1.02251,1.02405,1.02131,1.02297,9438,8,0
2022-08-01 08:00:00,1.02297,1.02697,1.02267,1.02325,13368,8,0
2022-08-01 12:00:00,1.02327,1.02749,1.02247,1.02679,19527,8,0
2022-08-01 16:00:00,1.02678,1.02745,1.02451,1.02579,6214,8,0
2022-08-01 20:00:00,1.02578,1.02683,1.02526,1.02625,1839,8,0
2022-08-02 00:00:00,1.02627,1.02936,1.0256,1.02733,11380,8,0
2022-08-02 04:00:00,1.02731,1.02791,1.02149,1.02244,12273,8,0
2022-08-02 08:00:00,1.02243,1.0245,1.02189,1.02232,13109,8,0
2022-08-02 12:00:00,1.02234,1.02356,1.01808,1.01955,23803,8,0
2022-08-02 16:00:00,1.01954,1.02099,1.01679,1.01685,9518,8,0
2022-08-02 20:00:00,1.01686,1.01723,1.01543,1.01562,2152,8,0
2022-08-03 00:00:00,1.01561,1.01932,1.01497,1.0191,7192,8,0
2022-08-03 04:00:00,1.01911,1.01927,1.01538,1.01773,11466,8,0
2022-08-03 08:00:00,1.01774,1.02098,1.01774,1.01839,13135,8,0
2022-08-03 12:00:00,1.01837,1.01965,1.01223,1.01442,21305,8,0
2022-08-03 16:00:00,1.01443,1.01735,1.01398,1.0168,7514,8,0
2022-08-03 20:00:00,1.01682,1.01718,1.01558,1.01563,2095,8,0
2022-08-04 00:00:00,1.01563,1.01757,1.01538,1.01624,4899,8,0
2022-08-04 04:00:00,1.01625,1.01858,1.01562,1.01787,7913,8,0
2022-08-04 08:00:00,1.01785,1.01974,1.01601,1.01755,13881,8,0
2022-08-04 12:00:00,1.01755,1.02337,1.01651,1.02219,19478,8,0
2022-08-04 16:00:00,1.02217,1.02533,1.02177,1.0245,6779,8,0
2022-08-04 20:00:00,1.02448,1.02517,1.02414,1.02469,1506,8,0
2022-08-05 00:00:00,1.02472,1.02479,1.02292,1.02361,4034,8,0
2022-08-05 04:00:00,1.02361,1.02388,1.02224,1.02333,5578,8,0
2022-08-05 08:00:00,1.02332,1.02381,1.02179,1.02308,8171,8,0
2022-08-05 12:00:00,1.02306,1.02359,1.01412,1.01683,27638,8,0
2022-08-05 16:00:00,1.01685,1.01923,1.01662,1.01775,8069,8,0
2022-08-05 20:00:00,1.01775,1.01827,1.01764,1.01803,596,8,0
2022-08-07 20:00:00,1.01732,1.01775,1.01688,1.01717,1318,10,0
2022-08-08 00:00:00,1.01719,1.01853,1.01589,1.01852,4479,8,0
2022-08-08 04:00:00,1.0185,1.02146,1.0171,1.02088,7296,8,0
2022-08-08 08:00:00,1.02086,1.02086,1.01725,1.02005,9146,8,0
2022-08-08 12:00:00,1.02005,1.02215,1.01837,1.02059,10387,8,0
2022-08-08 16:00:00,1.02061,1.02119,1.0185,1.01917,5751,8,0
2022-08-08 20:00:00,1.01917,1.01994,1.01895,1.01974,957,8,0
2022-08-09 00:00:00,1.01977,1.02005,1.01884,1.01957,2545,8,0
2022-08-09 04:00:00,1.01956,1.02145,1.01913,1.02141,4786,8,0
2022-08-09 08:00:00,1.02142,1.02471,1.02132,1.02195,9038,8,0
2022-08-09 12:00:00,1.02197,1.02439,1.02189,1.02249,10053,8,0
2022-08-09 16:00:00,1.0225,1.02314,1.02023,1.0207600000000001,3551,8,0
2022-08-09 20:00:00,1.02078,1.0215,1.02049,1.02077,1445,8,0
2022-08-10 00:00:00,1.02077,1.02187,1.02025,1.02135,2469,8,0
2022-08-10 04:00:00,1.02136,1.0218,1.02047,1.02101,4318,8,0
2022-08-10 08:00:00,1.02103,1.02605,1.02017,1.0258,7646,8,0
2022-08-10 12:00:00,1.0258,1.03681,1.0243,1.03332,31272,8,0
2022-08-10 16:00:00,1.03332,1.03352,1.02942,1.0303,8771,8,0
2022-08-10 20:00:00,1.03028,1.03042,1.02948,1.02984,1416,8,0
2022-08-11 00:00:00,1.02983,1.03036,1.02811,1.0288,3611,8,0
2022-08-11 04:00:00,1.02882,1.03318,1.0275,1.03252,7356,8,0
2022-08-11 08:00:00,1.03254,1.03424,1.03183,1.03242,9845,8,0
2022-08-11 12:00:00,1.0324,1.0364,1.03233,1.0337,19081,8,0
2022-08-11 16:00:00,1.03371,1.03388,1.03092,1.03164,7036,8,0
2022-08-11 20:00:00,1.03165,1.03255,1.03154,1.03201,1521,8,0
2022-08-12 00:00:00,1.03203,1.03249,1.03046,1.03168,3815,8,0
2022-08-12 04:00:00,1.03169,1.03238,1.02908,1.02968,6919,8,0
2022-08-12 08:00:00,1.02966,1.03079,1.02774,1.02774,9481,8,0
2022-08-12 12:00:00,1.02775,1.02904,1.02379,1.02544,16100,8,0
2022-08-12 16:00:00,1.02541,1.02675,1.02508,1.02601,4024,8,0
2022-08-12 20:00:00,1.026,1.02616,1.02544,1.02587,507,8,0
2022-08-14 20:00:00,1.02555,1.02626,1.02532,1.02532,944,10,0
2022-08-15 00:00:00,1.02532,1.02679,1.02396,1.02517,3954,8,0
2022-08-15 04:00:00,1.02515,1.02554,1.02296,1.02338,5393,8,0
2022-08-15 08:00:00,1.02337,1.02361,1.01855,1.01951,8945,8,0
2022-08-15 12:00:00,1.01949,1.02228,1.0181,1.01848,13516,8,0
2022-08-15 16:00:00,1.01848,1.0185,1.01541,1.01603,3983,8,0
2022-08-15 20:00:00,1.01602,1.01666,1.01533,1.0161,2124,8,0
2022-08-16 00:00:00,1.01612,1.01694,1.01471,1.01618,3911,8,0
2022-08-16 04:00:00,1.01617,1.01684,1.01337,1.01593,6566,8,0
2022-08-16 08:00:00,1.01595,1.01601,1.01222,1.01274,10781,8,0
2022-08-16 12:00:00,1.01272,1.01945,1.01245,1.01727,13320,8,0
2022-08-16 16:00:00,1.01728,1.01802,1.01615,1.01697,4247,8,0
2022-08-16 20:00:00,1.01696,1.01743,1.01635,1.01692,924,8,0
2022-08-17 00:00:00,1.01691,1.01789,1.01658,1.01731,3978,8,0
2022-08-17 04:00:00,1.01729,1.0186,1.0149,1.01661,7095,8,0
2022-08-17 08:00:00,1.01659,1.01835,1.01512,1.01671,9213,8,0
2022-08-17 12:00:00,1.01669,1.01981,1.01452,1.01609,15672,8,0
2022-08-17 16:00:00,1.01609,1.02026,1.01602,1.01798,13193,8,0
2022-08-17 20:00:00,1.01799,1.018,1.01723,1.01771,836,8,0
2022-08-18 00:00:00,1.01772,1.01926,1.01669,1.01702,3858,8,0
2022-08-18 04:00:00,1.01701,1.01779,1.01457,1.01608,7174,8,0
2022-08-18 08:00:00,1.0161,1.01878,1.01577,1.01769,9055,8,0
2022-08-18 12:00:00,1.01767,1.01862,1.01114,1.0112,15909,8,0
2022-08-18 16:00:00,1.01121,1.01148,1.00793,1.00937,6548,8,0
2022-08-18 20:00:00,1.00935,1.0094,1.0081,1.00888,1024,8,0
2022-08-19 00:00:00,1.00889,1.00909,1.00693,1.00795,4118,8,0
2022-08-19 04:00:00,1.00797,1.0095,1.00716,1.00896,6757,8,0
2022-08-19 08:00:00,1.00897,1.00903,1.00453,1.0048,8510,8,0
2022-08-19 12:00:00,1.00479,1.00679,1.00347,1.00367,11749,8,0
2022-08-19 16:00:00,1.00368,1.00454,1.00316,1.00397,4398,8,0
2022-08-19 20:00:00,1.00399,1.00426,1.00379,1.0039,436,8,0
2022-08-21 20:00:00,1.0039,1.00404,1.00299,1.00358,1423,10,0
2022-08-22 00:00:00,1.00357,1.00461,1.00231,1.00424,4039,8,0
2022-08-22 04:00:00,1.00423,1.00423,0.99992,1.00034,6364,8,0
2022-08-22 08:00:00,1.00037,1.00178,0.99888,1.00003,10205,8,0
2022-08-22 12:00:00,1.00002,1.00082,0.99273,0.99343,12791,8,0
2022-08-22 16:00:00,0.99344,0.99489,0.99258,0.99423,5508,8,0
2022-08-22 20:00:00,0.99424,0.99453,0.99328,0.9938,1250,8,0
2022-08-23 00:00:00,0.9938,0.99498,0.99298,0.99416,4758,8,0
2022-08-23 04:00:00,0.99413,0.99485,0.98981,0.9933,11652,8,0
2022-08-23 08:00:00,0.99331,0.99423,0.99123,0.99244,10869,8,0
2022-08-23 12:00:00,0.99242,1.00178,0.99138,0.99731,22745,8,0
2022-08-23 16:00:00,0.9973,0.99797,0.99592,0.99684,6059,8,0
2022-08-23 20:00:00,0.99684,0.99723,0.99631,0.9966,1070,8,0
2022-08-24 00:00:00,0.99661,0.99716,0.99423,0.99471,4806,8,0
2022-08-24 04:00:00,0.9947,0.99614,0.99345,0.99529,6518,8,0
2022-08-24 08:00:00,0.9953,0.99579,0.99161,0.99264,9302,8,0
2022-08-24 12:00:00,0.99264,0.9999,0.99097,0.99665,21104,8,0
2022-08-24 16:00:00,0.99667,0.99754,0.99442,0.99713,5826,8,0
2022-08-24 20:00:00,0.99711,0.99731,0.99607,0.99674,1269,8,0
2022-08-25 00:00:00,0.99674,0.99923,0.99627,0.9986,4901,8,0
2022-08-25 04:00:00,0.99862,1.00328,0.99848,0.99992,9843,8,0
2022-08-25 08:00:00,0.99993,1.00118,0.99721,0.99762,9996,8,0
2022-08-25 12:00:00,0.99762,1.00001,0.99549,0.99565,14932,8,0
2022-08-25 16:00:00,0.99564,0.99786,0.99487,0.99764,5891,8,0
2022-08-25 20:00:00,0.99762,0.99775,0.99673,0.99703,1167,8,0
2022-08-26 00:00:00,0.99702,0.99742,0.99623,0.99703,3403,8,0
2022-08-26 04:00:00,0.99701,0.99742,0.99461,0.99738,6569,8,0
2022-08-26 08:00:00,0.99735,1.00231,0.99689,0.99969,7646,8,0
2022-08-26 12:00:00,0.99969,1.00895,0.99839,0.99967,34366,8,0
2022-08-26 16:00:00,0.99967,1.00024,0.99561,0.9965,8856,8,0
2022-08-26 20:00:00,0.99652,0.99689,0.9962,0.99641,836,8,0
2022-08-28 20:00:00,0.99636,0.99639,0.99345,0.99356,2458,10,0
2022-08-29 00:00:00,0.99358,0.9945,0.99178,0.99237,6481,8,0
2022-08-29 04:00:00,0.99234,0.99502,0.99138,0.99427,8820,8,0
2022-08-29 08:00:00,0.99429,0.99994,0.99196,0.99971,11815,8,0
2022-08-29 12:00:00,0.9997,1.00289,0.99808,0.99966,17015,8,0
2022-08-29 16:00:00,0.99968,1.00222,0.99893,0.99951,6725,8,0
2022-08-29 20:00:00,0.9995,1.00111,0.99918,1.00105,1317,8,0
2022-08-30 00:00:00,1.00105,1.0013,0.99816,0.99981,5635,8,0
2022-08-30 04:00:00,0.99979,1.00335,0.9982,1.00285,10421,8,0
2022-08-30 08:00:00,1.00287,1.00543,1.00166,1.00244,12018,8,0
2022-08-30 12:00:00,1.00246,1.0041,0.99822,1.00179,20858,8,0
2022-08-30 16:00:00,1.00177,1.00347,1.00098,1.00171,9726,8,0
2022-08-30 20:00:00,1.00173,1.00255,1.00096,1.00231,1384,8,0
2022-08-31 00:00:00,1.00229,1.00341,1.00163,1.00318,4426,8,0
2022-08-31 04:00:00,1.00319,1.00455,0.99988,1.00011,8142,8,0
2022-08-31 08:00:00,1.00009,1.00266,0.9971,1.00011,14704,8,0
2022-08-31 12:00:00,1.00009,1.00786,0.99818,1.00626,22556,8,0
2022-08-31 16:00:00,1.00628,1.00637,1.00351,1.00485,8568,8,0
2022-08-31 20:00:00,1.00488,1.0054400000000001,1.00344,1.00372,1669,8,0
2022-09-01 00:00:00,1.00374,1.00374,1.00094,1.00154,6125,16,0
2022-09-01 04:00:00,1.00152,1.00325,1.00069,1.00297,9347,8,0
2022-09-01 08:00:00,1.00295,1.00484,1.00007,1.00035,12420,8,0
2022-09-01 12:00:00,1.00037,1.00064,0.99097,0.99481,22534,8,0
2022-09-01 16:00:00,0.9948,0.99598,0.99351,0.99438,8017,8,0
2022-09-01 20:00:00,0.99438,0.99528,0.99409,0.99514,1367,8,0
2022-09-02 00:00:00,0.99514,0.99622,0.99499,0.99613,3696,8,0
2022-09-02 04:00:00,0.99616,0.99958,0.99579,0.9988,7271,8,0
2022-09-02 08:00:00,0.99881,1.00171,0.99676,0.99905,9447,8,0
2022-09-02 12:00:00,0.99904,1.00332,0.99804,1.003,26977,8,0
2022-09-02 16:00:00,1.00298,1.00299,0.99448,0.99527,12870,8,0
2022-09-02 20:00:00,0.99525,0.99606,0.99513,0.99551,931,8,0
2022-09-04 20:00:00,0.99256,0.99282,0.98984,0.99076,2473,10,0
2022-09-05 00:00:00,0.99076,0.99286,0.99006,0.99125,7646,8,0
2022-09-05 04:00:00,0.99124,0.99367,0.98774,0.99109,12585,8,0
2022-09-05 08:00:00,0.99107,0.99436,0.9904,0.99166,10054,8,0
2022-09-05 12:00:00,0.99163,0.99343,0.99137,0.99288,8596,8,0
2022-09-05 16:00:00,0.99287,0.9935,0.99266,0.99294,964,8,0
2022-09-05 20:00:00,0.9929,0.99515,0.99212,0.99497,2064,10,0
2022-09-06 00:00:00,0.99498,0.99704,0.99424,0.99436,7210,8,0
2022-09-06 04:00:00,0.99437,0.99858,0.99437,0.99753,11597,8,0
2022-09-06 08:00:00,0.99751,0.9976,0.99176,0.99236,14563,8,0
2022-09-06 12:00:00,0.99234,0.99295,0.98636,0.99116,22283,8,0
2022-09-06 16:00:00,0.99118,0.99159,0.98951,0.99036,8445,8,0
2022-09-06 20:00:00,0.99034,0.99062,0.98899,0.98968,1402,8,0
2022-09-07 00:00:00,0.98969,0.99036,0.98767,0.98861,7568,8,0
2022-09-07 04:00:00,0.9886,0.99272,0.98795,0.99235,8827,8,0
2022-09-07 08:00:00,0.99233,0.99296,0.98766,0.98779,12488,8,0
2022-09-07 12:00:00,0.98781,0.99538,0.98751,0.99391,16728,8,0
2022-09-07 16:00:00,0.99391,1.00095,0.99385,1.00084,8915,8,0
2022-09-07 20:00:00,1.00083,1.00109,0.99931,0.99974,1358,8,0
2022-09-08 00:00:00,0.99976,1.00003,0.9979,0.99857,5361,8,0
2022-09-08 04:00:00,0.99859,1.00145,0.99757,0.99811,8217,8,0
2022-09-08 08:00:00,0.99814,1.00288,0.9978,1.00196,10599,8,0
2022-09-08 12:00:00,1.00193,1.00287,0.99304,0.99531,40705,8,0
2022-09-08 16:00:00,0.99533,0.99994,0.9944,0.99985,9855,8,0
2022-09-08 20:00:00,0.99987,1.00096,0.99938,1.00094,1037,8,0
2022-09-09 00:00:00,1.00094,1.00837,1.00081,1.00689,7102,8,0
2022-09-09 04:00:00,1.00691,1.01098,1.00581,1.00961,11884,8,0
2022-09-09 08:00:00,1.00959,1.01129,1.00359,1.00368,13324,8,0
2022-09-09 12:00:00,1.00366,1.00621,1.00318,1.00447,18220,8,0
2022-09-09 16:00:00,1.00445,1.00548,1.00365,1.00453,5294,8,0
2022-09-09 20:00:00,1.00451,1.0047,1.00394,1.00453,683,8,0
2022-09-11 20:00:00,1.00892,1.00928,1.00559,1.00699,2012,10,0
2022-09-12 00:00:00,1.00697,1.00948,1.00627,1.00808,4991,8,0
2022-09-12 04:00:00,1.00809,1.01975,1.00731,1.01744,13423,8,0
2022-09-12 08:00:00,1.01746,1.01952,1.01289,1.01433,13635,8,0
2022-09-12 12:00:00,1.01431,1.01625,1.01041,1.01253,16375,8,0
2022-09-12 16:00:00,1.01252,1.0144,1.01106,1.01147,6053,8,0
2022-09-12 20:00:00,1.0115,1.01293,1.01145,1.01287,1090,8,0
2022-09-13 00:00:00,1.01286,1.01462,1.01238,1.01297,4783,8,0
2022-09-13 04:00:00,1.013,1.01545,1.01193,1.01467,7734,8,0
2022-09-13 08:00:00,1.01469,1.01866,1.01323,1.01767,9152,8,0
2022-09-13 12:00:00,1.01768,1.01793,0.9995,0.99962,43123,8,0
2022-09-13 16:00:00,0.99961,1.00082,0.99699,0.9973,8387,8,0
2022-09-13 20:00:00,0.99728,0.99802,0.99539,0.99776,1991,8,0
2022-09-14 00:00:00,0.99777,0.99899,0.99684,0.99883,7329,8,0
2022-09-14 04:00:00,0.99886,1.00018,0.99591,0.99876,13990,8,0
2022-09-14 08:00:00,0.99874,1.00232,0.99806,0.9992,16083,8,0
2022-09-14 12:00:00,0.9992,1.00091,0.99703,0.99931,21576,8,0
2022-09-14 16:00:00,0.99933,1.0008,0.99688,0.99792,6365,8,0
2022-09-14 20:00:00,0.99791,0.99833,0.99729,0.99817,1133,8,0
2022-09-15 00:00:00,0.99817,0.99822,0.99688,0.99737,3623,8,0
2022-09-15 04:00:00,0.99737,0.99784,0.99553,0.9977,6319,8,0
2022-09-15 08:00:00,0.99773,1.00001,0.99687,0.99845,10177,8,0
2022-09-15 12:00:00,0.99844,1.00173,0.9978,0.99903,19940,8,0
2022-09-15 16:00:00,0.99903,1.00148,0.99873,0.99942,5951,8,0
2022-09-15 20:00:00,0.99943,0.9999,0.99863,0.99871,1103,8,0
2022-09-16 00:00:00,0.99873,1.00118,0.99858,0.9997,4770,8,0
2022-09-16 04:00:00,0.99971,1.00015,0.9943,0.99556,10696,8,0
2022-09-16 08:00:00,0.99558,0.99887,0.99488,0.99689,10156,8,0
2022-09-16 12:00:00,0.99689,1.00361,0.99529,1.00115,22465,8,0
2022-09-16 16:00:00,1.00113,1.0019,0.99927,1.00124,6698,8,0
2022-09-16 20:00:00,1.00122,1.00156,1.00079,1.00132,657,8,0
2022-09-18 20:00:00,1.0011,1.00282,1.00035,1.00217,1528,10,0
2022-09-19 00:00:00,1.00219,1.00287,0.99941,0.99978,4077,8,0
2022-09-19 04:00:00,0.99977,0.99993,0.99655,0.99791,6838,8,0
2022-09-19 08:00:00,0.9979,1.00045,0.99667,0.9982,11179,8,0
2022-09-19 12:00:00,0.9982,1.00178,0.99754,1.00015,13546,8,0
2022-09-19 16:00:00,1.00017,1.00247,1.00005,1.00235,4824,8,0
2022-09-19 20:00:00,1.00233,1.00318,1.00184,1.00294,1687,8,0
2022-09-20 00:00:00,1.00296,1.005,1.00197,1.00291,5330,8,0
2022-09-20 04:00:00,1.00293,1.00416,1.00126,1.00353,8549,8,0
2022-09-20 08:00:00,1.00352,1.00353,0.99852,0.99868,11528,8,0
2022-09-20 12:00:00,0.99865,0.99989,0.99548,0.99931,17116,8,0
2022-09-20 16:00:00,0.99932,0.99956,0.99599,0.99753,7988,8,0
2022-09-20 20:00:00,0.99752,0.99781,0.99635,0.99708,1577,8,0
2022-09-21 00:00:00,0.9971,0.99748,0.99571,0.99659,4873,8,0
2022-09-21 04:00:00,0.99658,0.99681,0.98834,0.99098,17662,8,0
2022-09-21 08:00:00,0.991,0.99372,0.98979,0.98992,11029,8,0
2022-09-21 12:00:00,0.98992,0.99198,0.98663,0.98784,14855,8,0
2022-09-21 16:00:00,0.98782,0.99098,0.98122,0.98507,42568,8,0
2022-09-21 20:00:00,0.98505,0.98505,0.98286,0.98311,3135,8,0
2022-09-22 00:00:00,0.98311,0.98357,0.98069,0.98192,12035,8,0
2022-09-22 04:00:00,0.9819,0.98528,0.98127,0.98449,15657,8,0
2022-09-22 08:00:00,0.9845,0.9907,0.98404,0.98659,31219,8,0
2022-09-22 12:00:00,0.98658,0.98874,0.98117,0.98395,25598,8,0
2022-09-22 16:00:00,0.98395,0.98518,0.98295,0.98391,9143,8,0
2022-09-22 20:00:00,0.98388,0.98395,0.98283,0.98382,1583,8,0
2022-09-23 00:00:00,0.98383,0.98516,0.98203,0.98233,4633,8,0
2022-09-23 04:00:00,0.98233,0.98377,0.97667,0.97748,12995,8,0
2022-09-23 08:00:00,0.97747,0.978,0.97358,0.97508,23980,8,0
2022-09-23 12:00:00,0.97507,0.97744,0.97017,0.97172,27004,8,0
2022-09-23 16:00:00,0.97169,0.97234,0.96678,0.96906,13546,8,0
2022-09-23 20:00:00,0.96905,0.96959,0.9686,0.96906,1605,8,0
2022-09-25 20:00:00,0.96703,0.97079,0.96672,0.96853,3744,10,0
2022-09-26 00:00:00,0.96854,0.96913,0.95496,0.96335,36555,8,0
2022-09-26 04:00:00,0.96337,0.97011,0.96202,0.9678,24429,8,0
2022-09-26 08:00:00,0.9678,0.96971,0.96185,0.96375,24214,8,0
2022-09-26 12:00:00,0.96376,0.9689,0.96093,0.96195,38494,8,0
2022-09-26 16:00:00,0.96195,0.96289,0.95992,0.96084,21578,8,0
2022-09-26 20:00:00,0.96084,0.96238,0.95823,0.96195,4084,8,0
2022-09-27 00:00:00,0.96197,0.96447,0.96182,0.96406,8731,8,0
2022-09-27 04:00:00,0.96404,0.96705,0.96347,0.96468,13747,8,0
2022-09-27 08:00:00,0.96467,0.96521,0.96063,0.96383,16336,8,0
2022-09-27 12:00:00,0.96381,0.96481,0.95931,0.96142,29758,8,0
2022-09-27 16:00:00,0.96144,0.96154,0.95687,0.9594,12788,8,0
2022-09-27 20:00:00,0.95942,0.95975,0.95831,0.95952,2537,8,0
2022-09-28 00:00:00,0.95952,0.96003,0.95418,0.95576,12108,8,0
2022-09-28 04:00:00,0.95577,0.95867,0.95355,0.95771,15769,8,0
2022-09-28 08:00:00,0.95772,0.96008,0.95375,0.95655,37540,8,0
2022-09-28 12:00:00,0.95655,0.96878,0.95595,0.96785,42332,8,0
2022-09-28 16:00:00,0.96787,0.97504,0.96781,0.9732,18379,8,0
2022-09-28 20:00:00,0.97321,0.9738,0.97042,0.97051,3011,8,0
2022-09-29 00:00:00,0.97054,0.97126,0.9674,0.96858,8495,8,0
2022-09-29 04:00:00,0.96856,0.96893,0.96353,0.96548,17517,8,0
2022-09-29 08:00:00,0.9655,0.97462,0.96416,0.97224,24085,8,0
2022-09-29 12:00:00,0.97225,0.97894,0.96832,0.9773,38963,8,0
2022-09-29 16:00:00,0.97728,0.98088,0.9769,0.98004,13194,8,0
2022-09-29 20:00:00,0.98004,0.98418,0.97966,0.98288,4929,8,0
2022-09-30 00:00:00,0.9829,0.98328,0.97941,0.97992,11087,8,0
2022-09-30 04:00:00,0.97992,0.9838,0.97898,0.98323,17565,8,0
2022-09-30 08:00:00,0.98325,0.98534,0.97409,0.9746,23507,8,0
2022-09-30 12:00:00,0.9746,0.98178,0.97342,0.97821,43137,8,0
2022-09-30 16:00:00,0.97823,0.98152,0.97701,0.98006,11839,8,0
2022-09-30 20:00:00,0.98005,0.98095,0.97981,0.98013,1197,8,0
2022-10-02 20:00:00,0.97962,0.98068,0.97886,0.9793,2727,10,0
2022-10-03 00:00:00,0.9793,0.98282,0.97851,0.98052,7202,8,0
2022-10-03 04:00:00,0.9805,0.98333,0.9784,0.98117,18859,8,0
2022-10-03 08:00:00,0.98119,0.9827,0.97524,0.9768,17349,8,0
2022-10-03 12:00:00,0.97678,0.98441,0.97556,0.98076,29274,8,0
2022-10-03 16:00:00,0.98078,0.98282,0.97877,0.98282,12695,8,0
2022-10-03 20:00:00,0.98284,0.98371,0.9819,0.98332,3223,8,0
2022-10-04 00:00:00,0.98334,0.98449,0.98058,0.98421,8476,8,0
2022-10-04 04:00:00,0.9842,0.98956,0.98256,0.98749,17419,8,0
2022-10-04 08:00:00,0.98747,0.99034,0.98522,0.98899,18217,8,0
2022-10-04 12:00:00,0.989,0.99793,0.98856,0.99758,26917,8,0
2022-10-04 16:00:00,0.9976,0.99992,0.996,0.999,12818,8,0
2022-10-04 20:00:00,0.99898,0.99933,0.99788,0.99833,3868,8,0
2022-10-05 00:00:00,0.99835,0.99903,0.99592,0.99691,10444,8,0
2022-10-05 04:00:00,0.99691,0.99944,0.99358,0.99403,13740,8,0
2022-10-05 08:00:00,0.99401,0.99513,0.98994,0.99048,13621,8,0
2022-10-05 12:00:00,0.9905,0.99226,0.98343,0.98653,27377,8,0
2022-10-05 16:00:00,0.98653,0.98965,0.98595,0.9885,9833,8,0
2022-10-05 20:00:00,0.9885,0.99119,0.98718,0.99114,3292,8,0
2022-10-06 00:00:00,0.99115,0.99261,0.99028,0.99163,8146,8,0
2022-10-06 04:00:00,0.99163,0.99255,0.98925,0.99102,12596,8,0
2022-10-06 08:00:00,0.99102,0.99124,0.98575,0.98682,18109,8,0
2022-10-06 12:00:00,0.9868,0.98817,0.98035,0.98044,26339,8,0
2022-10-06 16:00:00,0.98044,0.98164,0.97878,0.97963,12800,8,0
2022-10-06 20:00:00,0.97961,0.98017,0.97848,0.97887,2541,8,0
2022-10-07 00:00:00,0.97889,0.98115,0.97862,0.98045,6398,8,0
2022-10-07 04:00:00,0.98047,0.98085,0.97653,0.97981,10837,8,0
2022-10-07 08:00:00,0.97983,0.98164,0.97868,0.97869,13237,8,0
2022-10-07 12:00:00,0.97868,0.98031,0.9725,0.97836,37450,8,0
2022-10-07 16:00:00,0.97834,0.9784,0.97304,0.97383,9311,8,0
2022-10-07 20:00:00,0.97382,0.9742,0.97351,0.97404,1171,8,0
2022-10-09 20:00:00,0.97319,0.97376,0.97273,0.97341,2056,10,0
2022-10-10 00:00:00,0.97343,0.97528,0.97243,0.97375,5520,8,0
2022-10-10 04:00:00,0.97373,0.97432,0.96987,0.97063,10777,8,0
2022-10-10 08:00:00,0.97061,0.97091,0.96814,0.96968,13459,8,0
2022-10-10 12:00:00,0.96967,0.97445,0.96851,0.97024,21036,8,0
2022-10-10 16:00:00,0.97024,0.97234,0.96849,0.97019,9716,8,0
2022-10-10 20:00:00,0.9702,0.97109,0.96991,0.97108,1054,8,0
2022-10-11 00:00:00,0.9711,0.97224,0.96806,0.96818,9086,8,0
2022-10-11 04:00:00,0.96819,0.97243,0.96702,0.96986,13335,8,0
2022-10-11 08:00:00,0.96987,0.97375,0.96916,0.97242,16245,8,0
2022-10-11 12:00:00,0.97243,0.97623,0.96903,0.97558,21387,8,0
2022-10-11 16:00:00,0.97556,0.97742,0.96935,0.97099,15553,8,0
2022-10-11 20:00:00,0.97097,0.97157,0.96987,0.97001,2099,8,0
2022-10-12 00:00:00,0.97,0.97118,0.96824,0.96979,9146,8,0
2022-10-12 04:00:00,0.96977,0.97338,0.96965,0.97069,20992,8,0
2022-10-12 08:00:00,0.97071,0.97241,0.96971,0.97077,14028,8,0
2022-10-12 12:00:00,0.97077,0.97112,0.96674,0.96901,22811,8,0
2022-10-12 16:00:00,0.96903,0.97198,0.96799,0.97008,11665,8,0
2022-10-12 20:00:00,0.97009,0.9709,0.96963,0.97047,1114,8,0
2022-10-13 00:00:00,0.97046,0.97216,0.96947,0.97001,4876,8,0
2022-10-13 04:00:00,0.97001,0.97087,0.9685,0.97054,7056,8,0
2022-10-13 08:00:00,0.97052,0.97527,0.96977,0.97444,15341,8,0
2022-10-13 12:00:00,0.97442,0.97987,0.96313,0.97787,58791,8,0
2022-10-13 16:00:00,0.97785,0.98055,0.9764,0.97744,19463,8,0
2022-10-13 20:00:00,0.97743,0.97804,0.9765,0.97665,1634,8,0
2022-10-14 00:00:00,0.97667,0.98082,0.97615,0.97868,10189,8,0
2022-10-14 04:00:00,0.9787,0.97965,0.97523,0.97672,13986,8,0
2022-10-14 08:00:00,0.9767,0.9767,0.97087,0.97184,19206,8,0
2022-10-14 12:00:00,0.97183,0.97993,0.97055,0.97383,38485,8,0
2022-10-14 16:00:00,0.97382,0.97477,0.9713,0.97278,11988,8,0
2022-10-14 20:00:00,0.97278,0.973,0.97194,0.97229,1256,8,0
2022-10-16 20:00:00,0.97207,0.97428,0.97171,0.97394,2131,10,0
2022-10-17 00:00:00,0.97394,0.97516,0.97367,0.97394,7202,8,0
2022-10-17 04:00:00,0.97396,0.97564,0.97299,0.97467,11494,8,0
2022-10-17 08:00:00,0.97469,0.97702,0.97198,0.97402,14168,8,0
2022-10-17 12:00:00,0.97401,0.9848,0.97292,0.98415,19433,8,0
2022-10-17 16:00:00,0.98417,0.98517,0.98321,0.98347,9126,8,0
2022-10-17 20:00:00,0.98347,0.98461,0.98331,0.98432,1889,8,0
2022-10-18 00:00:00,0.98434,0.98525,0.98228,0.98408,6599,8,0
2022-10-18 04:00:00,0.98408,0.98729,0.98308,0.98572,14250,8,0
2022-10-18 08:00:00,0.98574,0.98589,0.98123,0.98307,16189,8,0
2022-10-18 12:00:00,0.98309,0.98752,0.98211,0.98412,19875,8,0
2022-10-18 16:00:00,0.98409,0.98601,0.9837,0.98568,11063,8,0
2022-10-18 20:00:00,0.98568,0.98719,0.98523,0.98622,2433,8,0
2022-10-19 00:00:00,0.98621,0.98665,0.98428,0.9844,6618,8,0
2022-10-19 04:00:00,0.9844,0.98458,0.98149,0.98388,11661,8,0
2022-10-19 08:00:00,0.98389,0.98389,0.97591,0.97829,15789,8,0
2022-10-19 12:00:00,0.97829,0.98022,0.97643,0.97783,19451,8,0
2022-10-19 16:00:00,0.97784,0.9781,0.9757,0.97726,9874,8,0
2022-10-19 20:00:00,0.97725,0.97756,0.97602,0.9765,1776,8,0
2022-10-20 00:00:00,0.97652,0.97714,0.97542,0.9761,6407,8,0
2022-10-20 04:00:00,0.97608,0.97941,0.97591,0.97865,14637,8,0
2022-10-20 08:00:00,0.97865,0.98284,0.97727,0.98124,14107,8,0
2022-10-20 12:00:00,0.98122,0.98451,0.97791,0.98221,26773,8,0
2022-10-20 16:00:00,0.98222,0.98222,0.97729,0.97839,10497,8,0
2022-10-20 20:00:00,0.97837,0.97882,0.9773,0.97781,1595,8,0
2022-10-21 00:00:00,0.97783,0.97829,0.97646,0.97681,6165,8,0
2022-10-21 04:00:00,0.9768,0.98018,0.97608,0.97886,10305,8,0
2022-10-21 08:00:00,0.97884,0.97904,0.97318,0.97446,15165,8,0
2022-10-21 12:00:00,0.97446,0.98559,0.97046,0.98543,68344,8,0
2022-10-21 16:00:00,0.98544,0.98687,0.98238,0.98614,28189,8,0
2022-10-21 20:00:00,0.98612,0.98657,0.98563,0.98588,1312,8,0
2022-10-23 20:00:00,0.98677,0.9897,0.98309,0.98594,14620,10,0
2022-10-24 00:00:00,0.98594,0.98672,0.98249,0.9834,15183,8,0
2022-10-24 04:00:00,0.98342,0.98614,0.98261,0.98341,15020,8,0
2022-10-24 08:00:00,0.98342,0.98457,0.98064,0.9835,21944,8,0
2022-10-24 12:00:00,0.98348,0.98933,0.98265,0.98734,33000,8,0
2022-10-24 16:00:00,0.98732,0.98805,0.98629,0.98735,6960,8,0
2022-10-24 20:00:00,0.98734,0.98898,0.98688,0.98838,1725,8,0
2022-10-25 00:00:00,0.9884,0.9898,0.98771,0.98843,9564,8,0
2022-10-25 04:00:00,0.98842,0.98859,0.98523,0.98563,8085,8,0
2022-10-25 08:00:00,0.98563,0.98757,0.98483,0.98664,11653,8,0
2022-10-25 12:00:00,0.98662,0.99764,0.98561,0.99574,26039,8,0
2022-10-25 16:00:00,0.99572,0.99692,0.99462,0.99662,8790,8,0
2022-10-25 20:00:00,0.99663,0.99692,0.99537,0.99614,1874,8,0
2022-10-26 00:00:00,0.99616,0.99671,0.9943,0.99567,6424,8,0
2022-10-26 04:00:00,0.99565,1.00342,0.99506,1.00327,12013,8,0
2022-10-26 08:00:00,1.00328,1.00472,1.00083,1.0021,17512,8,0
2022-10-26 12:00:00,1.00209,1.00806,0.99955,1.00675,26408,8,0
2022-10-26 16:00:00,1.00675,1.00881,1.00607,1.00811,9723,8,0
2022-10-26 20:00:00,1.00813,1.00931,1.00722,1.00928,2321,8,0
2022-10-27 00:00:00,1.0093,1.00931,1.00618,1.00691,7260,8,0
2022-10-27 04:00:00,1.00692,1.00834,1.00541,1.00662,10707,8,0
2022-10-27 08:00:00,1.0066,1.00773,1.00279,1.00496,12847,8,0
2022-10-27 12:00:00,1.00494,1.00507,0.99722,0.99834,43592,8,0
2022-10-27 16:00:00,0.99834,0.99952,0.99573,0.99705,9466,8,0
2022-10-27 20:00:00,0.99705,0.99719,0.99599,0.99664,2738,8,0
2022-10-28 00:00:00,0.99666,0.99976,0.99578,0.9992,7935,8,0
2022-10-28 04:00:00,0.99919,0.99921,0.9937,0.99452,13120,8,0
2022-10-28 08:00:00,0.99452,0.99752,0.99265,0.99537,13944,8,0
2022-10-28 12:00:00,0.99538,0.99894,0.99302,0.99332,29538,8,0
2022-10-28 16:00:00,0.99334,0.99657,0.99284,0.99656,6462,8,0
2022-10-28 20:00:00,0.99656,0.99672,0.99595,0.99661,741,8,0
2022-10-30 20:00:00,0.99546,0.99617,0.99453,0.99541,1765,10,0
2022-10-31 00:00:00,0.99543,0.99653,0.99429,0.99645,4977,8,0
2022-10-31 04:00:00,0.99643,0.99652,0.99277,0.99293,5766,8,0
2022-10-31 08:00:00,0.9929,0.99484,0.99139,0.99363,10617,8,0
2022-10-31 12:00:00,0.99361,0.99361,0.98727,0.98824,16332,8,0
2022-10-31 16:00:00,0.98825,0.98952,0.98727,0.98825,8349,8,0
2022-10-31 20:00:00,0.98825,0.98872,0.98758,0.98853,1315,8,0
2022-11-01 00:00:00,0.98855,0.99077,0.98821,0.9903,5296,8,0
2022-11-01 04:00:00,0.99031,0.99382,0.98991,0.99299,8586,8,0
2022-11-01 08:00:00,0.99298,0.99474,0.99149,0.99339,11044,8,0
2022-11-01 12:00:00,0.99341,0.99536,0.98587,0.98698,23195,8,0
2022-11-01 16:00:00,0.98697,0.99093,0.98526,0.98771,11345,8,0
2022-11-01 20:00:00,0.98773,0.98794,0.98665,0.98768,1753,8,0
2022-11-02 00:00:00,0.9877,0.98992,0.98741,0.98927,5935,8,0
2022-11-02 04:00:00,0.98929,0.98934,0.98707,0.98839,5856,8,0
2022-11-02 08:00:00,0.9884,0.99114,0.98788,0.98973,9556,8,0
2022-11-02 12:00:00,0.98972,0.99148,0.9864,0.98741,15333,8,0
2022-11-02 16:00:00,0.98741,0.99755,0.98223,0.98282,43338,8,0
2022-11-02 20:00:00,0.98284,0.9831,0.98096,0.98138,2991,8,0
2022-11-03 00:00:00,0.98137,0.98391,0.98095,0.98288,5724,8,0
2022-11-03 04:00:00,0.98289,0.98356,0.97726,0.97834,7885,8,0
2022-11-03 08:00:00,0.97832,0.97897,0.97296,0.97389,15024,8,0
2022-11-03 12:00:00,0.97391,0.97943,0.97324,0.97577,29508,8,0
2022-11-03 16:00:00,0.97577,0.9769,0.9742,0.97511,9125,8,0
2022-11-03 20:00:00,0.97513,0.97548,0.97408,0.97488,1576,8,0
2022-11-04 00:00:00,0.97488,0.97734,0.97471,0.97728,4969,8,0
2022-11-04 04:00:00,0.97726,0.97961,0.97565,0.97635,10270,8,0
2022-11-04 08:00:00,0.97636,0.98113,0.97636,0.97967,13393,8,0
2022-11-04 12:00:00,0.97968,0.99403,0.97503,0.98947,44675,8,0
2022-11-04 16:00:00,0.98945,0.99661,0.98874,0.99603,14122,8,0
2022-11-04 20:00:00,0.99601,0.99631,0.99562,0.99582,905,8,0
2022-11-06 20:00:00,0.99073,0.99428,0.99058,0.99272,1821,25,0
2022-11-07 00:00:00,0.9928,0.99465,0.99174,0.99372,7665,8,0
2022-11-07 04:00:00,0.99371,0.9955,0.99237,0.99274,7881,8,0
2022-11-07 08:00:00,0.99276,1.00066,0.99244,0.99807,15452,8,0
2022-11-07 12:00:00,0.99806,1.00054,0.99655,1.00005,22379,8,0
2022-11-07 16:00:00,1.00005,1.00338,0.99881,1.00259,9198,8,0
2022-11-07 20:00:00,1.00262,1.00308,1.00106,1.0017,2159,8,0
2022-11-08 00:00:00,1.00171,1.00306,1.0006,1.00129,4145,8,0
2022-11-08 04:00:00,1.00129,1.00141,0.99867,0.9999,5984,8,0
2022-11-08 08:00:00,0.9999,1.00093,0.99713,0.99978,11515,8,0
2022-11-08 12:00:00,0.99979,1.00728,0.99849,1.00655,16708,8,0
2022-11-08 16:00:00,1.00657,1.00958,1.00538,1.00721,13556,8,0
2022-11-08 20:00:00,1.00721,1.00831,1.00675,1.008,3670,8,0
2022-11-09 00:00:00,1.00799,1.00878,1.00588,1.00714,6567,8,0
2022-11-09 04:00:00,1.00716,1.00727,1.00559,1.00639,7109,8,0
2022-11-09 08:00:00,1.00641,1.00846,1.00336,1.00537,15625,8,0
2022-11-09 12:00:00,1.00536,1.00862,1.00106,1.00275,25002,8,0
2022-11-09 16:00:00,1.00273,1.00523,0.99925,1.00022,12594,8,0
2022-11-09 20:00:00,1.0002,1.00188,1.00012,1.00188,3501,8,0
2022-11-10 00:00:00,1.00189,1.00287,1.00099,1.00256,5321,8,0
2022-11-10 04:00:00,1.00258,1.00426,0.99959,0.99971,7549,8,0
2022-11-10 08:00:00,0.99971,1.00135,0.99352,0.9944,18541,8,0
2022-11-10 12:00:00,0.99441,1.01847,0.99412,1.01808,50957,8,0
2022-11-10 16:00:00,1.01809,1.01818,1.01282,1.01808,18231,8,0
2022-11-10 20:00:00,1.01807,1.02213,1.01778,1.01908,6413,8,0
2022-11-11 00:00:00,1.01909,1.01976,1.01629,1.01839,9626,8,0
2022-11-11 04:00:00,1.01838,1.02528,1.01775,1.02442,14388,8,0
2022-11-11 08:00:00,1.02441,1.02943,1.0226,1.02905,22666,8,0
2022-11-11 12:00:00,1.0290300000000001,1.03264,1.02656,1.03261,28796,8,0
2022-11-11 16:00:00,1.03258,1.03638,1.03119,1.03619,13745,8,0
2022-11-11 20:00:00,1.0362,1.0362,1.03479,1.03548,3692,8,0
2022-11-13 20:00:00,1.03299,1.03339,1.03117,1.03265,1642,10,0
2022-11-14 00:00:00,1.03267,1.03496,1.03161,1.03265,11552,8,0
2022-11-14 04:00:00,1.03265,1.03281,1.02976,1.03273,8926,8,0
2022-11-14 08:00:00,1.03271,1.03502,1.02747,1.02836,17730,8,0
2022-11-14 12:00:00,1.02835,1.03357,1.02711,1.03296,23271,8,0
2022-11-14 16:00:00,1.03294,1.03581,1.03243,1.0352999999999999,11961,8,0
2022-11-14 20:00:00,1.03532,1.03549,1.03115,1.03193,3078,8,0
2022-11-15 00:00:00,1.03195,1.0328,1.03119,1.032,6427,8,0
2022-11-15 04:00:00,1.032,1.04171,1.03161,1.0407,11884,8,0
2022-11-15 08:00:00,1.04068,1.04368,1.03877,1.04106,20583,8,0
2022-11-15 12:00:00,1.04108,1.04804,1.03604,1.03679,42159,8,0
2022-11-15 16:00:00,1.03677,1.03893,1.02797,1.03638,41122,8,0
2022-11-15 20:00:00,1.03639,1.03771,1.03379,1.0357,7581,8,0
2022-11-16 00:00:00,1.03571,1.03865,1.03305,1.03531,14442,8,0
2022-11-16 04:00:00,1.0352999999999999,1.0414,1.03372,1.04024,14957,8,0
2022-11-16 08:00:00,1.04025,1.04379,1.03873,1.04161,17279,8,0
2022-11-16 12:00:00,1.04163,1.04276,1.03723,1.04032,27380,8,0
2022-11-16 16:00:00,1.04033,1.04121,1.03544,1.03919,13154,8,0
2022-11-16 20:00:00,1.03917,1.04043,1.03827,1.03929,3961,8,0
2022-11-17 00:00:00,1.0393,1.03945,1.03593,1.03712,5673,8,0
2022-11-17 04:00:00,1.03714,1.03947,1.03684,1.03923,7581,8,0
2022-11-17 08:00:00,1.03922,1.04062,1.0327,1.03461,18081,8,0
2022-11-17 12:00:00,1.03462,1.03544,1.0305,1.03284,26681,8,0
2022-11-17 16:00:00,1.03285,1.03691,1.03186,1.03634,11611,8,0
2022-11-17 20:00:00,1.03636,1.03691,1.03574,1.03603,3042,8,0
2022-11-18 00:00:00,1.03605,1.03905,1.03568,1.03822,6010,8,0
2022-11-18 04:00:00,1.03822,1.03856,1.03595,1.03752,6896,8,0
2022-11-18 08:00:00,1.03751,1.03956,1.0342,1.03658,15174,8,0
2022-11-18 12:00:00,1.03656,1.03861,1.03258,1.03642,16873,8,0
2022-11-18 16:00:00,1.03639,1.03714,1.03198,1.03273,8490,8,0
2022-11-18 20:00:00,1.03274,1.03327,1.03134,1.03233,2708,8,0
2022-11-20 20:00:00,1.0322,1.03313,1.03211,1.03288,453,40,0
2022-11-21 00:00:00,1.03303,1.03325,1.02879,1.03011,6828,8,0
2022-11-21 04:00:00,1.03008,1.03033,1.02491,1.02546,10158,8,0
2022-11-21 08:00:00,1.02548,1.02727,1.02258,1.02341,15322,8,0
2022-11-21 12:00:00,1.02342,1.02622,1.02279,1.02392,15348,8,0
2022-11-21 16:00:00,1.02394,1.02503,1.02223,1.02389,8763,8,0
2022-11-21 20:00:00,1.02391,1.02462,1.0232,1.02448,3463,8,0
2022-11-22 00:00:00,1.02446,1.02678,1.02417,1.02611,5382,8,0
2022-11-22 04:00:00,1.02608,1.02673,1.02455,1.02653,5738,8,0
2022-11-22 08:00:00,1.02653,1.02904,1.02532,1.02696,15110,8,0
2022-11-22 12:00:00,1.02697,1.02882,1.02536,1.02829,15197,8,0
2022-11-22 16:00:00,1.02831,1.03077,1.02666,1.02951,6269,8,0
2022-11-22 20:00:00,1.02949,1.03101,1.02935,1.03101,1984,8,0
2022-11-23 00:00:00,1.03102,1.03243,1.02999,1.03152,4607,8,0
2022-11-23 04:00:00,1.0315,1.03483,1.03099,1.03429,6034,8,0
2022-11-23 08:00:00,1.03426,1.03426,1.02962,1.03196,12563,8,0
2022-11-23 12:00:00,1.03196,1.03834,1.03145,1.03757,21538,8,0
2022-11-23 16:00:00,1.03759,1.04046,1.0355,1.04005,14514,8,0
2022-11-23 20:00:00,1.04006,1.04175,1.03907,1.04175,3592,8,0
2022-11-24 00:00:00,1.04173,1.04473,1.04049,1.04455,5432,8,0
2022-11-24 04:00:00,1.04452,1.04481,1.04149,1.04158,6379,8,0
2022-11-24 08:00:00,1.04156,1.04287,1.03814,1.04043,13643,8,0
2022-11-24 12:00:00,1.04041,1.0427,1.03977,1.04091,11943,8,0
2022-11-24 16:00:00,1.04093,1.04141,1.04003,1.04127,3109,8,0
2022-11-24 20:00:00,1.04121,1.04128,1.04045,1.04074,871,10,0
2022-11-25 00:00:00,1.04072,1.0418,1.03958,1.04157,4487,8,0
2022-11-25 04:00:00,1.04159,1.04289,1.04068,1.04086,5707,8,0
2022-11-25 08:00:00,1.04086,1.0428,1.03818,1.03897,12074,8,0
2022-11-25 12:00:00,1.03899,1.04067,1.03544,1.04064,14625,8,0
2022-11-25 16:00:00,1.04062,1.04137,1.03912,1.0411,8035,8,0
2022-11-25 20:00:00,1.04105,1.04128,1.03844,1.03918,1128,29,0
2022-11-27 20:00:00,1.03694,1.0378,1.03641,1.03666,1003,10,0
2022-11-28 00:00:00,1.03668,1.03834,1.0340799999999999,1.03546,7644,8,0
2022-11-28 04:00:00,1.03545,1.03847,1.03466,1.03735,7037,8,0
2022-11-28 08:00:00,1.03737,1.04964,1.0366900000000001,1.04738,19625,8,0
2022-11-28 12:00:00,1.0474,1.04768,1.03905,1.03978,19097,8,0
2022-11-28 16:00:00,1.03976,1.04019,1.03369,1.03373,11434,8,0
2022-11-28 20:00:00,1.03375,1.03447,1.03298,1.03429,2768,8,0
2022-11-29 00:00:00,1.0343,1.03829,1.03338,1.03785,7524,8,0
2022-11-29 04:00:00,1.03784,1.0394,1.03519,1.0381,10204,8,0
2022-11-29 08:00:00,1.03808,1.03929,1.03505,1.03821,15282,8,0
2022-11-29 12:00:00,1.03824,1.03839,1.03244,1.03558,20861,8,0
2022-11-29 16:00:00,1.0356,1.03579,1.03221,1.03273,10935,8,0
2022-11-29 20:00:00,1.0327,1.03313,1.03152,1.03228,2717,8,0
2022-11-30 00:00:00,1.0323,1.03528,1.03199,1.03478,5411,8,0
2022-11-30 04:00:00,1.03478,1.03605,1.03355,1.03508,6449,8,0
2022-11-30 08:00:00,1.0351,1.03809,1.03412,1.03588,11009,8,0
2022-11-30 12:00:00,1.03588,1.03993,1.02944,1.0298,23351,8,0
2022-11-30 16:00:00,1.02982,1.04146,1.02898,1.04131,32037,8,0
2022-11-30 20:00:00,1.04133,1.04282,1.03986,1.04192,7020,8,0
2022-12-01 00:00:00,1.04223,1.04475,1.04185,1.04312,8960,8,0
2022-12-01 04:00:00,1.0431300000000001,1.04634,1.03939,1.0403,10604,8,0
2022-12-01 08:00:00,1.04031,1.04493,1.03928,1.04371,16131,8,0
2022-12-01 12:00:00,1.04372,1.05331,1.04343,1.04867,32859,8,0
2022-12-01 16:00:00,1.04865,1.05198,1.04692,1.05182,17182,8,0
2022-12-01 20:00:00,1.05182,1.05353,1.05116,1.05276,3809,8,0
2022-12-02 00:00:00,1.05274,1.05274,1.05048,1.05238,5939,8,0
2022-12-02 04:00:00,1.0524,1.05418,1.05162,1.0529,7112,8,0
2022-12-02 08:00:00,1.05291,1.05445,1.05126,1.0537,12871,8,0
2022-12-02 12:00:00,1.0537,1.05441,1.04279,1.0473,38207,8,0
2022-12-02 16:00:00,1.04728,1.05364,1.04657,1.05358,13399,8,0
2022-12-02 20:00:00,1.05356,1.0542,1.05305,1.05403,3232,8,0
2022-12-04 20:00:00,1.05318,1.05432,1.05293,1.05431,940,10,0
2022-12-05 00:00:00,1.05432,1.05825,1.05391,1.05799,6454,8,0
2022-12-05 04:00:00,1.05802,1.05843,1.05301,1.05387,6499,8,0
2022-12-05 08:00:00,1.05389,1.05763,1.05195,1.0564,13381,8,0
2022-12-05 12:00:00,1.05643,1.05944,1.05035,1.05247,22346,8,0
2022-12-05 16:00:00,1.05249,1.05376,1.04814,1.04923,11884,8,0
2022-12-05 20:00:00,1.04923,1.04969,1.04799,1.04954,3037,8,0
2022-12-06 00:00:00,1.04956,1.05182,1.04876,1.04922,6998,8,0
2022-12-06 04:00:00,1.0492,1.04986,1.04754,1.04902,7913,8,0
2022-12-06 08:00:00,1.04902,1.05223,1.04788,1.05164,12980,8,0
2022-12-06 12:00:00,1.05164,1.05325,1.04855,1.04984,16616,8,0
2022-12-06 16:00:00,1.04984,1.05284,1.04589,1.04627,11243,8,0
2022-12-06 20:00:00,1.04629,1.04714,1.0459,1.04669,1816,8,0
2022-12-07 00:00:00,1.04671,1.04761,1.04548,1.04667,5014,8,0
2022-12-07 04:00:00,1.04666,1.04705,1.04429,1.04593,7474,8,0
2022-12-07 08:00:00,1.04593,1.0506199999999999,1.0449,1.0489,13443,8,0
2022-12-07 12:00:00,1.04889,1.05494,1.04859,1.05036,26289,8,0
2022-12-07 16:00:00,1.05036,1.05281,1.04879,1.05138,10101,8,0
2022-12-07 20:00:00,1.05137,1.05165,1.04993,1.051,2702,8,0
2022-12-08 00:00:00,1.05115,1.05148,1.0493999999999999,1.05036,5154,8,0
2022-12-08 04:00:00,1.05034,1.05306,1.04936,1.05256,5988,8,0
2022-12-08 08:00:00,1.05256,1.0527,1.04891,1.0508,10598,8,0
2022-12-08 12:00:00,1.05077,1.05486,1.0506,1.05448,17812,8,0
2022-12-08 16:00:00,1.05447,1.05645,1.05338,1.05596,9043,8,0
2022-12-08 20:00:00,1.05595,1.05615,1.05506,1.05552,2279,8,0
2022-12-09 00:00:00,1.0555,1.05849,1.05516,1.05802,6434,8,0
2022-12-09 04:00:00,1.05804,1.05877,1.05664,1.05677,5807,8,0
2022-12-09 08:00:00,1.05677,1.05764,1.05463,1.05534,9129,8,0
2022-12-09 12:00:00,1.05534,1.05661,1.05044,1.05404,25012,8,0
2022-12-09 16:00:00,1.05403,1.05556,1.05316,1.05466,8032,8,0
2022-12-09 20:00:00,1.05464,1.05476,1.05286,1.05325,2169,8,0
2022-12-11 20:00:00,1.05305,1.0534,1.05164,1.05205,663,10,0
2022-12-12 00:00:00,1.05204,1.05227,1.05055,1.05146,5376,8,0
2022-12-12 04:00:00,1.05148,1.05362,1.05078,1.05259,5862,8,0
2022-12-12 08:00:00,1.0526,1.05738,1.05197,1.05652,10023,8,0
2022-12-12 12:00:00,1.05653,1.05798,1.05202,1.05234,11881,8,0
2022-12-12 16:00:00,1.05232,1.0549,1.05103,1.05219,10093,8,0
2022-12-12 20:00:00,1.05219,1.05402,1.05206,1.05393,2188,8,0
2022-12-13 00:00:00,1.05408,1.05539,1.05332,1.05341,4356,8,0
2022-12-13 04:00:00,1.05343,1.056,1.05309,1.0551,5313,8,0
2022-12-13 08:00:00,1.05511,1.05604,1.05277,1.05354,10142,8,0
2022-12-13 12:00:00,1.05351,1.06727,1.05323,1.06358,37932,8,0
2022-12-13 16:00:00,1.0636,1.06584,1.061,1.06356,14822,8,0
2022-12-13 20:00:00,1.06358,1.06378,1.06189,1.06241,3705,8,0
2022-12-14 00:00:00,1.0624,1.06387,1.06229,1.06258,5533,8,0
2022-12-14 04:00:00,1.06256,1.06419,1.06195,1.06293,6466,8,0
2022-12-14 08:00:00,1.06295,1.0671599999999999,1.06186,1.06513,13155,8,0
2022-12-14 12:00:00,1.06514,1.06612,1.06313,1.06465,13961,8,0
2022-12-14 16:00:00,1.06467,1.06843,1.0621,1.06634,40066,8,0
2022-12-14 20:00:00,1.06636,1.06946,1.06615,1.06755,12674,8,0
2022-12-15 00:00:00,1.06756,1.06822,1.06537,1.06544,5190,8,0
2022-12-15 04:00:00,1.06544,1.06604,1.06399,1.06404,5656,8,0
2022-12-15 08:00:00,1.06407,1.06463,1.06053,1.06238,12102,8,0
2022-12-15 12:00:00,1.0624,1.07357,1.06136,1.06481,37297,8,0
2022-12-15 16:00:00,1.0648,1.06562,1.05921,1.06304,16335,8,0
2022-12-15 20:00:00,1.06304,1.06382,1.06196,1.06382,2946,8,0
2022-12-16 00:00:00,1.06384,1.06621,1.0634,1.06473,5914,8,0
2022-12-16 04:00:00,1.06475,1.06627,1.06303,1.06307,6356,8,0
2022-12-16 08:00:00,1.06309,1.06602,1.0609,1.06349,12828,8,0
2022-12-16 12:00:00,1.06346,1.06485,1.06075,1.06162,18994,8,0
2022-12-16 16:00:00,1.06164,1.06242,1.05949,1.0599,9608,8,0
2022-12-16 20:00:00,1.05991,1.06057,1.05847,1.05858,2859,8,0
2022-12-18 20:00:00,1.05846,1.05938,1.05809,1.0584,937,10,0
2022-12-19 00:00:00,1.05842,1.06126,1.05816,1.06081,5840,8,0
2022-12-19 04:00:00,1.06082,1.06376,1.06009,1.06238,5600,8,0
2022-12-19 08:00:00,1.06238,1.06574,1.06039,1.06056,11578,8,0
2022-12-19 12:00:00,1.06058,1.06151,1.05755,1.05792,12320,8,0
2022-12-19 16:00:00,1.05793,1.0630600000000001,1.05793,1.06038,9005,8,0
2022-12-19 20:00:00,1.0604,1.06109,1.06003,1.06106,2234,8,0
2022-12-20 00:00:00,1.0612,1.06515,1.05975,1.06078,16652,8,0
2022-12-20 04:00:00,1.06078,1.06154,1.05786,1.06108,15535,8,0
2022-12-20 08:00:00,1.06109,1.06456,1.06035,1.06425,14593,8,0
2022-12-20 12:00:00,1.06427,1.06582,1.05937,1.06396,18175,8,0
2022-12-20 16:00:00,1.06398,1.06416,1.05989,1.06213,11571,8,0
2022-12-20 20:00:00,1.06211,1.06287,1.06135,1.06248,2494,8,0
2022-12-21 00:00:00,1.06246,1.06259,1.06125,1.06161,5366,8,0
2022-12-21 04:00:00,1.06159,1.06342,1.06065,1.06312,5396,8,0
2022-12-21 08:00:00,1.06313,1.0637,1.06043,1.06053,10504,8,0
2022-12-21 12:00:00,1.06054,1.06444,1.05959,1.06149,14858,8,0
2022-12-21 16:00:00,1.06151,1.06197,1.059,1.0614,8646,8,0
2022-12-21 20:00:00,1.06138,1.0616,1.06,1.06075,2181,8,0
2022-12-22 00:00:00,1.06073,1.06442,1.06055,1.06429,4935,8,0
2022-12-22 04:00:00,1.06432,1.06493,1.06347,1.06386,4740,8,0
2022-12-22 08:00:00,1.06384,1.06591,1.06135,1.06151,10257,8,0
2022-12-22 12:00:00,1.06153,1.06385,1.05858,1.06015,16706,8,0
2022-12-22 16:00:00,1.06013,1.06054,1.05728,1.05924,7871,8,0
2022-12-22 20:00:00,1.05922,1.06026,1.05878,1.06009,3118,8,0
2022-12-23 00:00:00,1.06007,1.06119,1.05863,1.06071,4655,8,0
2022-12-23 04:00:00,1.06074,1.06302,1.06015,1.0628,4257,8,0
2022-12-23 08:00:00,1.06278,1.06278,1.05958,1.06134,7803,8,0
2022-12-23 12:00:00,1.06131,1.06325,1.05919,1.06132,20900,8,0
2022-12-23 16:00:00,1.06132,1.06296,1.06056,1.06202,7091,8,0
2022-12-23 20:00:00,1.06203,1.06211,1.06121,1.06159,1785,8,0
2022-12-25 20:00:00,1.06107,1.06184,1.06054,1.06157,869,41,0
2022-12-26 00:00:00,1.06186,1.06331,1.05951,1.06204,6935,32,0
2022-12-26 04:00:00,1.06206,1.06308,1.06202,1.06274,3504,22,0
2022-12-26 08:00:00,1.0627,1.06276,1.06152,1.06247,1185,21,0
2022-12-26 12:00:00,1.06245,1.06319,1.06186,1.06276,1368,20,0
2022-12-26 16:00:00,1.06268,1.06298,1.06251,1.06283,656,43,0
2022-12-26 20:00:00,1.06282,1.06427,1.06258,1.06369,1464,42,0
2022-12-27 00:00:00,1.0636700000000001,1.066,1.06318,1.06396,4382,8,0
2022-12-27 04:00:00,1.06395,1.06674,1.06388,1.06449,4878,8,0
2022-12-27 08:00:00,1.0645,1.06691,1.06381,1.06541,7721,8,0
2022-12-27 12:00:00,1.06539,1.0657,1.06111,1.06493,11535,8,0
2022-12-27 16:00:00,1.06491,1.066,1.06333,1.06412,6804,8,0
2022-12-27 20:00:00,1.06411,1.06463,1.06288,1.06351,2059,8,0
2022-12-28 00:00:00,1.06366,1.06425,1.06244,1.06372,4377,8,0
2022-12-28 04:00:00,1.06374,1.06542,1.06358,1.06452,4570,8,0
2022-12-28 08:00:00,1.06454,1.06517,1.06275,1.06464,8138,8,0
2022-12-28 12:00:00,1.06463,1.06742,1.06111,1.06184,13126,8,0
2022-12-28 16:00:00,1.06186,1.06351,1.06125,1.06169,7830,8,0
2022-12-28 20:00:00,1.06167,1.06285,1.06062,1.06285,2026,8,0
2022-12-29 00:00:00,1.06284,1.06368,1.06196,1.06228,3834,8,0
2022-12-29 04:00:00,1.06228,1.06285,1.06108,1.06229,3880,8,0
2022-12-29 08:00:00,1.06229,1.06577,1.0622,1.06378,8135,8,0
2022-12-29 12:00:00,1.06378,1.06696,1.06359,1.06664,13507,8,0
2022-12-29 16:00:00,1.06666,1.069,1.06565,1.0677699999999999,7496,8,0
2022-12-29 20:00:00,1.06774,1.06774,1.06526,1.066,2064,8,0
2022-12-30 00:00:00,1.06599,1.06689,1.06545,1.06586,3312,8,0
2022-12-30 04:00:00,1.06584,1.0659,1.0638,1.06506,4909,8,0
2022-12-30 08:00:00,1.06507,1.06984,1.06495,1.06757,9478,8,0
2022-12-30 12:00:00,1.06759,1.07008,1.06449,1.06718,19143,8,0
2022-12-30 16:00:00,1.06718,1.07127,1.06707,1.06993,12013,8,0
2022-12-30 20:00:00,1.06994,1.07078,1.06919,1.07025,4174,8,0
2023-01-01 20:00:00,1.06871,1.06982,1.06782,1.06982,958,118,0
2023-01-02 00:00:00,1.06978,1.07066,1.06836,1.06881,1105,56,0
2023-01-02 04:00:00,1.06878,1.06965,1.06619,1.0676,2701,41,0
2023-01-02 08:00:00,1.06771,1.0693,1.06666,1.06766,2272,42,0
2023-01-02 12:00:00,1.06764,1.06788,1.06508,1.06522,1571,161,0
2023-01-02 16:00:00,1.0652,1.06615,1.0642,1.06487,1868,162,0
2023-01-02 20:00:00,1.06485,1.06742,1.06357,1.06683,3356,167,0
2023-01-03 00:00:00,1.06686,1.06782,1.06501,1.06718,6775,8,0
2023-01-03 04:00:00,1.0672,1.06797,1.06197,1.06232,7240,8,0
2023-01-03 08:00:00,1.06234,1.06278,1.05192,1.05278,20600,8,0
2023-01-03 12:00:00,1.0528,1.05969,1.05237,1.05549,18378,8,0
2023-01-03 16:00:00,1.05551,1.0568,1.0537,1.0566,9600,8,0
2023-01-03 20:00:00,1.05661,1.05684,1.0539,1.05452,3241,8,0
2023-01-04 00:00:00,1.05453,1.05693,1.05449,1.05685,4799,8,0
2023-01-04 04:00:00,1.05684,1.06054,1.05592,1.05934,7410,8,0
2023-01-04 08:00:00,1.05936,1.06351,1.05899,1.0604,14803,8,0
2023-01-04 12:00:00,1.06042,1.0628,1.05808,1.06029,19734,8,0
2023-01-04 16:00:00,1.06031,1.06203,1.05849,1.06052,14027,8,0
2023-01-04 20:00:00,1.06051,1.06098,1.05997,1.06058,3436,8,0
2023-01-05 00:00:00,1.06056,1.06311,1.06027,1.06069,5888,8,0
2023-01-05 04:00:00,1.0607,1.06196,1.05899,1.06051,5918,8,0
2023-01-05 08:00:00,1.06049,1.06286,1.06027,1.06108,10733,8,0
2023-01-05 12:00:00,1.06108,1.0617,1.05148,1.0518,24342,8,0
2023-01-05 16:00:00,1.05182,1.05428,1.05172,1.05299,11065,8,0
2023-01-05 20:00:00,1.05297,1.05303,1.05153,1.05204,2623,8,0
2023-01-06 00:00:00,1.05206,1.05359,1.05187,1.05319,4226,8,0
2023-01-06 04:00:00,1.05317,1.05339,1.05067,1.0512299999999999,6014,8,0
2023-01-06 08:00:00,1.0512299999999999,1.05305,1.0492,1.04939,9937,8,0
2023-01-06 12:00:00,1.04939,1.06119,1.04791,1.0601099999999999,32592,8,0
2023-01-06 16:00:00,1.06013,1.06475,1.05965,1.06452,9754,8,0
2023-01-06 20:00:00,1.0645,1.06476,1.06419,1.06443,1654,8,0
2023-01-08 20:00:00,1.06386,1.06608,1.06338,1.06608,868,40,0
2023-01-09 00:00:00,1.06623,1.06773,1.06512,1.0667,6628,8,0
2023-01-09 04:00:00,1.06669,1.06944,1.06664,1.06727,6945,8,0
2023-01-09 08:00:00,1.06725,1.06992,1.06599,1.06839,11045,8,0
2023-01-09 12:00:00,1.06837,1.07487,1.06806,1.07398,14106,8,0
2023-01-09 16:00:00,1.07399,1.07602,1.07374,1.07512,8654,8,0
2023-01-09 20:00:00,1.07511,1.07533,1.07273,1.07324,3697,8,0
2023-01-10 00:00:00,1.07322,1.0742,1.07204,1.07319,6565,8,0
2023-01-10 04:00:00,1.0732,1.07435,1.07217,1.07313,6527,8,0
2023-01-10 08:00:00,1.07314,1.07515,1.07291,1.07346,9848,8,0
2023-01-10 12:00:00,1.07348,1.07589,1.07118,1.07272,17936,8,0
2023-01-10 16:00:00,1.07274,1.07434,1.0723799999999999,1.07406,8041,8,0
2023-01-10 20:00:00,1.07405,1.07437,1.07302,1.07381,2076,8,0
2023-01-11 00:00:00,1.0738,1.07447,1.07253,1.07333,3951,8,0
2023-01-11 04:00:00,1.07335,1.07571,1.07317,1.07462,4880,8,0
2023-01-11 08:00:00,1.07465,1.07548,1.0725,1.07478,9528,8,0
2023-01-11 12:00:00,1.07479,1.07759,1.07277,1.07545,13165,8,0
2023-01-11 16:00:00,1.07546,1.07677,1.07345,1.07629,8518,8,0
2023-01-11 20:00:00,1.07626,1.0765500000000001,1.07507,1.0765,2544,8,0
2023-01-12 00:00:00,1.07652,1.07741,1.07598,1.07683,4484,8,0
2023-01-12 04:00:00,1.07681,1.07747,1.07552,1.07622,4236,8,0
2023-01-12 08:00:00,1.07623,1.07731,1.07424,1.07613,9800,8,0
2023-01-12 12:00:00,1.07611,1.0838,1.07273,1.08064,47902,8,0
2023-01-12 16:00:00,1.08064,1.0866500000000001,1.0802,1.08488,15000,8,0
2023-01-12 20:00:00,1.08487,1.08592,1.0841,1.08592,2728,8,0
2023-01-13 00:00:00,1.08591,1.08674,1.08314,1.08452,6432,8,0
2023-01-13 04:00:00,1.08451,1.08504,1.08314,1.08483,6522,8,0
2023-01-13 08:00:00,1.08485,1.08639,1.08078,1.08116,12621,8,0
2023-01-13 12:00:00,1.08114,1.08382,1.078,1.0829,17698,8,0
2023-01-13 16:00:00,1.08288,1.08348,1.08007,1.08288,8524,8,0
2023-01-13 20:00:00,1.08287,1.08354,1.08266,1.0832,1262,8,0
2023-01-15 20:00:00,1.08315,1.08329,1.08185,1.08222,844,10,0
2023-01-16 00:00:00,1.08223,1.08738,1.08209,1.08598,5432,8,0
2023-01-16 04:00:00,1.08596,1.08636,1.08263,1.08306,5247,8,0
2023-01-16 08:00:00,1.08304,1.08361,1.08012,1.08266,9972,8,0
2023-01-16 12:00:00,1.08264,1.08289,1.08056,1.08246,6786,8,0
2023-01-16 16:00:00,1.0824799999999999,1.08261,1.08104,1.0818,2200,8,0
2023-01-16 20:00:00,1.08181,1.08282,1.08069,1.08282,1060,30,0
2023-01-17 00:00:00,1.08283,1.08323,1.08059,1.08247,5430,8,0
2023-01-17 04:00:00,1.0824799999999999,1.0835,1.08116,1.08277,6225,8,0
2023-01-17 08:00:00,1.0828,1.08383,1.08087,1.08319,11703,8,0
2023-01-17 12:00:00,1.08319,1.0869,1.07947,1.08013,25979,8,0
2023-01-17 16:00:00,1.08012,1.08087,1.07741,1.07931,9550,8,0
2023-01-17 20:00:00,1.07931,1.07965,1.07837,1.07891,2231,8,0
2023-01-18 00:00:00,1.07892,1.07989,1.07657,1.0772599999999999,10742,8,0
2023-01-18 04:00:00,1.07728,1.0836,1.0767,1.0825,11517,8,0
2023-01-18 08:00:00,1.08252,1.08709,1.08114,1.08147,13901,8,0
2023-01-18 12:00:00,1.08148,1.08869,1.08146,1.08329,28834,8,0
2023-01-18 16:00:00,1.08329,1.08355,1.07865,1.07947,12684,8,0
2023-01-18 20:00:00,1.07945,1.0796999999999999,1.07872,1.0796999999999999,2632,8,0
2023-01-19 00:00:00,1.07971,1.08051,1.0782,1.08002,4998,8,0
2023-01-19 04:00:00,1.07999,1.08136,1.07819,1.08075,6578,8,0
2023-01-19 08:00:00,1.08077,1.08377,1.0803,1.08215,11429,8,0
2023-01-19 12:00:00,1.08214,1.08268,1.07833,1.07888,18291,8,0
2023-01-19 16:00:00,1.0789,1.08352,1.07869,1.08304,9291,8,0
2023-01-19 20:00:00,1.08302,1.08395,1.0826,1.08317,2571,8,0
2023-01-20 00:00:00,1.08331,1.08437,1.08277,1.08338,3735,8,0
2023-01-20 04:00:00,1.0834,1.08457,1.08205,1.08398,5062,8,0
2023-01-20 08:00:00,1.08396,1.08584,1.08243,1.08245,10766,8,0
2023-01-20 12:00:00,1.08246,1.08472,1.08019,1.08307,12817,8,0
2023-01-20 16:00:00,1.08307,1.08582,1.08269,1.08534,7628,8,0
2023-01-20 20:00:00,1.08537,1.08579,1.08517,1.0855299999999999,1208,8,0
2023-01-22 20:00:00,1.08612,1.08676,1.08586,1.08637,844,10,0
2023-01-23 00:00:00,1.0864,1.09028,1.0864,1.08981,4993,8,0
2023-01-23 04:00:00,1.08982,1.09262,1.08869,1.09138,7131,8,0
2023-01-23 08:00:00,1.0913599999999999,1.09199,1.08786,1.08809,9841,8,0
2023-01-23 12:00:00,1.08807,1.08827,1.08458,1.08643,13940,8,0
2023-01-23 16:00:00,1.08641,1.08753,1.08471,1.08587,7372,8,0
2023-01-23 20:00:00,1.08587,1.08739,1.08568,1.08709,2312,8,0
2023-01-24 00:00:00,1.08712,1.08825,1.08673,1.0874,2590,8,0
2023-01-24 04:00:00,1.08742,1.08974,1.08691,1.08883,4038,8,0
2023-01-24 08:00:00,1.08885,1.08954,1.08514,1.08662,10808,8,0
2023-01-24 12:00:00,1.08664,1.08805,1.08348,1.08746,17080,8,0
2023-01-24 16:00:00,1.08748,1.08884,1.08667,1.08834,6801,8,0
2023-01-24 20:00:00,1.08835,1.08895,1.0878700000000001,1.08895,1797,8,0
2023-01-25 00:00:00,1.08894,1.09009,1.08806,1.08967,3450,8,0
2023-01-25 04:00:00,1.08969,1.09106,1.08783,1.08805,4875,8,0
2023-01-25 08:00:00,1.08803,1.08914,1.08569,1.08642,9424,8,0
2023-01-25 12:00:00,1.08644,1.0923,1.08582,1.09017,14601,8,0
2023-01-25 16:00:00,1.09016,1.09176,1.08737,1.09143,7703,8,0
2023-01-25 20:00:00,1.0914,1.09208,1.09062,1.09203,1667,8,0
2023-01-26 00:00:00,1.09205,1.09243,1.09066,1.09127,3032,8,0
2023-01-26 04:00:00,1.09125,1.0929,1.09062,1.09191,4754,8,0
2023-01-26 08:00:00,1.09192,1.09274,1.08922,1.09025,7905,8,0
2023-01-26 12:00:00,1.09023,1.09171,1.08505,1.08549,18034,8,0
2023-01-26 16:00:00,1.08549,1.08897,1.08501,1.08888,7880,8,0
2023-01-26 20:00:00,1.08886,1.08948,1.08861,1.08927,1913,8,0
2023-01-27 00:00:00,1.08929,1.08998,1.08702,1.08734,3338,8,0
2023-01-27 04:00:00,1.08732,1.08791,1.08653,1.08734,3432,8,0
2023-01-27 08:00:00,1.08734,1.08948,1.08653,1.08786,6560,8,0
2023-01-27 12:00:00,1.08788,1.08803,1.08374,1.0838,15123,8,0
2023-01-27 16:00:00,1.0838,1.08717,1.08379,1.08683,6826,8,0
2023-01-27 20:00:00,1.08683,1.08724,1.08637,1.08678,1096,8,0
2023-01-29 20:00:00,1.08581,1.08714,1.08579,1.08714,449,10,0
2023-01-30 00:00:00,1.08716,1.08752,1.08609,1.08682,3462,8,0
2023-01-30 04:00:00,1.0868,1.08789,1.08527,1.08592,5525,8,0
2023-01-30 08:00:00,1.08594,1.09132,1.08594,1.08958,9744,8,0
2023-01-30 12:00:00,1.0896,1.09107,1.08673,1.08704,11267,8,0
2023-01-30 16:00:00,1.08702,1.08742,1.08389,1.08457,6910,8,0
2023-01-30 20:00:00,1.08455,1.08541,1.08437,1.08495,1781,8,0
2023-01-31 00:00:00,1.08496,1.08597,1.08438,1.08442,3067,8,0
2023-01-31 04:00:00,1.08443,1.0849199999999999,1.08313,1.08437,4112,8,0
2023-01-31 08:00:00,1.08437,1.08444,1.08016,1.08356,9702,8,0
2023-01-31 12:00:00,1.08358,1.08639,1.08253,1.08597,17877,8,0
2023-01-31 16:00:00,1.08595,1.08744,1.08504,1.08636,6699,8,0
2023-01-31 20:00:00,1.08637,1.08727,1.08568,1.08603,1919,8,0
2023-02-01 00:00:00,1.08602,1.08636,1.08519,1.08623,2373,8,0
2023-02-01 04:00:00,1.08622,1.0883099999999999,1.08622,1.08796,4069,8,0
2023-02-01 08:00:00,1.08798,1.08964,1.08694,1.0892,8034,8,0
2023-02-01 12:00:00,1.08922,1.09242,1.0887,1.09192,12834,8,0
2023-02-01 16:00:00,1.09191,1.09855,1.08884,1.09775,28273,8,0
2023-02-01 20:00:00,1.09776,1.1031,1.09692,1.10108,10883,8,0
2023-02-02 00:00:00,1.10123,1.10263,1.10059,1.10172,5371,8,0
2023-02-02 04:00:00,1.10171,1.10251,1.09911,1.09931,5347,8,0
2023-02-02 08:00:00,1.0993,1.10099,1.09802,1.09989,9484,8,0
2023-02-02 12:00:00,1.09991,1.10039,1.08851,1.09361,34586,8,0
2023-02-02 16:00:00,1.09361,1.09483,1.09049,1.0907499999999999,10458,8,0
2023-02-02 20:00:00,1.09076,1.09158,1.09027,1.09027,3240,8,0
2023-02-03 00:00:00,1.09042,1.09047,1.08875,1.08934,3729,8,0
2023-02-03 04:00:00,1.08936,1.09054,1.08816,1.08988,4871,8,0
2023-02-03 08:00:00,1.08991,1.09366,1.08842,1.09287,8970,8,0
2023-02-03 12:00:00,1.09287,1.09396,1.08089,1.08577,32409,8,0
2023-02-03 16:00:00,1.08579,1.08607,1.08014,1.08042,8741,0,0
2023-02-03 20:00:00,1.08041,1.08043,1.07923,1.07931,1886,8,0
2023-02-05 20:00:00,1.07835,1.07964,1.07819,1.07891,1137,10,0
2023-02-06 00:00:00,1.07889,1.07978,1.07809,1.0789900000000001,5785,8,0
2023-02-06 04:00:00,1.0789900000000001,1.07984,1.07795,1.07797,4820,8,0
2023-02-06 08:00:00,1.07798,1.07947,1.07564,1.07657,9848,8,0
2023-02-06 12:00:00,1.07656,1.07827,1.07217,1.07298,11812,8,0
2023-02-06 16:00:00,1.073,1.07389,1.07089,1.07243,7005,8,0
2023-02-06 20:00:00,1.07244,1.07304,1.07184,1.07269,2354,8,0
2023-02-07 00:00:00,1.07285,1.07423,1.07276,1.0737700000000001,3394,8,0
2023-02-07 04:00:00,1.0737700000000001,1.07433,1.07228,1.07237,4750,8,0
2023-02-07 08:00:00,1.0723799999999999,1.07344,1.06965,1.07046,12180,8,0
2023-02-07 12:00:00,1.07046,1.07119,1.06689,1.0692,11330,8,0
2023-02-07 16:00:00,1.06922,1.07661,1.06871,1.0719,29711,8,0
2023-02-07 20:00:00,1.07189,1.0729899999999999,1.07079,1.0729899999999999,2130,8,0
2023-02-08 00:00:00,1.07297,1.07347,1.07227,1.0732,3002,8,0
2023-02-08 04:00:00,1.07319,1.07592,1.07236,1.07584,3957,8,0
2023-02-08 08:00:00,1.07581,1.07602,1.07327,1.07346,8113,8,0
2023-02-08 12:00:00,1.07346,1.07487,1.07134,1.07248,11230,8,0
2023-02-08 16:00:00,1.07246,1.07396,1.07184,1.07227,6916,8,0
2023-02-08 20:00:00,1.07227,1.0724,1.07075,1.07151,2037,8,0
2023-02-09 00:00:00,1.0715,1.07323,1.07094,1.07291,2745,8,0
2023-02-09 04:00:00,1.07291,1.07442,1.07237,1.07327,5170,8,0
2023-02-09 08:00:00,1.07327,1.07779,1.07322,1.07626,8184,8,0
2023-02-09 12:00:00,1.07627,1.07902,1.07587,1.07624,10354,8,0
2023-02-09 16:00:00,1.07623,1.07629,1.07328,1.07369,7953,8,0
2023-02-09 20:00:00,1.07369,1.07397,1.07311,1.07388,1740,8,0
2023-02-10 00:00:00,1.07389,1.07389,1.07173,1.07204,3085,8,0
2023-02-10 04:00:00,1.07204,1.07442,1.0717,1.07406,6471,8,0
2023-02-10 08:00:00,1.07408,1.07522,1.06913,1.06982,12725,8,0
2023-02-10 12:00:00,1.06983,1.07064,1.06742,1.06764,13039,8,0
2023-02-10 16:00:00,1.06762,1.06864,1.0666,1.06728,5090,8,0
2023-02-10 20:00:00,1.0673,1.06804,1.06729,1.06769,1042,8,0
2023-02-12 20:00:00,1.06805,1.06805,1.06694,1.06768,688,10,0
2023-02-13 00:00:00,1.06769,1.06784,1.06552,1.06604,4137,8,0
2023-02-13 04:00:00,1.06603,1.06894,1.06603,1.06826,4013,8,0
2023-02-13 08:00:00,1.06826,1.0685,1.06629,1.06753,6652,8,0
2023-02-13 12:00:00,1.06755,1.07269,1.0673300000000001,1.07192,10270,8,0
2023-02-13 16:00:00,1.07191,1.07296,1.071,1.07168,5074,8,0
2023-02-13 20:00:00,1.07166,1.07306,1.07136,1.07306,1407,8,0
2023-02-14 00:00:00,1.07305,1.07363,1.07251,1.07341,3149,8,0
2023-02-14 04:00:00,1.07338,1.07461,1.07284,1.0731600000000001,3788,8,0
2023-02-14 08:00:00,1.07319,1.07664,1.07286,1.07547,7953,8,0
2023-02-14 12:00:00,1.07545,1.08043,1.07065,1.07153,42026,8,0
2023-02-14 16:00:00,1.07153,1.07451,1.07121,1.0739,14961,8,0
2023-02-14 20:00:00,1.07389,1.07418,1.07315,1.07332,2210,8,0
2023-02-15 00:00:00,1.07348,1.07441,1.07167,1.07176,3360,8,0
2023-02-15 04:00:00,1.07178,1.07206,1.06996,1.07077,5138,8,0
2023-02-15 08:00:00,1.07079,1.07326,1.07044,1.07106,7669,8,0
2023-02-15 12:00:00,1.07108,1.07176,1.06647,1.06756,18509,8,0
2023-02-15 16:00:00,1.06753,1.06872,1.06602,1.06805,7053,8,0
2023-02-15 20:00:00,1.06805,1.0691,1.06793,1.0691,1805,8,0
2023-02-16 00:00:00,1.06912,1.07144,1.06842,1.07091,4412,8,0
2023-02-16 04:00:00,1.07091,1.07101,1.06958,1.07088,3911,8,0
2023-02-16 08:00:00,1.07088,1.07218,1.06885,1.07047,7340,8,0
2023-02-16 12:00:00,1.07048,1.07083,1.06541,1.06726,18450,8,0
2023-02-16 16:00:00,1.06727,1.0697,1.0668,1.06898,8065,8,0
2023-02-16 20:00:00,1.06898,1.06904,1.06606,1.06653,4844,8,0
2023-02-17 00:00:00,1.06651,1.06652,1.06482,1.06524,3033,8,0
2023-02-17 04:00:00,1.06522,1.06526,1.06292,1.06438,4441,8,0
2023-02-17 08:00:00,1.06436,1.06609,1.06235,1.06251,8182,8,0
2023-02-17 12:00:00,1.06253,1.06817,1.06124,1.06619,14164,8,0
2023-02-17 16:00:00,1.06617,1.06965,1.06566,1.06959,7564,8,0
2023-02-17 20:00:00,1.06957,1.06979,1.06924,1.06941,1535,8,0
2023-02-19 20:00:00,1.06852,1.06908,1.06808,1.06835,584,10,0
2023-02-20 00:00:00,1.06836,1.06863,1.06728,1.06814,2563,8,0
2023-02-20 04:00:00,1.06813,1.07032,1.06811,1.0701100000000001,3434,8,0
2023-02-20 08:00:00,1.07012,1.07041,1.06778,1.06848,5491,8,0
2023-02-20 12:00:00,1.0685,1.06933,1.06698,1.06857,4940,9,0
2023-02-20 16:00:00,1.06859,1.06901,1.06827,1.06862,1095,9,0
2023-02-20 20:00:00,1.06858,1.06875,1.06761,1.06819,906,10,0
2023-02-21 00:00:00,1.06818,1.06845,1.06617,1.06663,3428,8,0
2023-02-21 04:00:00,1.06664,1.06735,1.06597,1.06691,3555,8,0
2023-02-21 08:00:00,1.06693,1.0688,1.06424,1.06569,12117,8,0
2023-02-21 12:00:00,1.06569,1.06976,1.06435,1.06849,15795,8,0
2023-02-21 16:00:00,1.06849,1.06851,1.06371,1.06481,6786,8,0
2023-02-21 20:00:00,1.06483,1.06521,1.06429,1.06508,2007,8,0
2023-02-22 00:00:00,1.06507,1.06635,1.06483,1.06593,4126,8,0
2023-02-22 04:00:00,1.06591,1.06629,1.06508,1.06532,3126,8,0
2023-02-22 08:00:00,1.0653,1.06573,1.06243,1.06297,8963,8,0
2023-02-22 12:00:00,1.06299,1.06599,1.06246,1.06264,11592,8,0
2023-02-22 16:00:00,1.06264,1.06355,1.05988,1.06004,12283,8,0
2023-02-22 20:00:00,1.06005,1.06074,1.05987,1.0605,2081,8,0
2023-02-23 00:00:00,1.06052,1.06243,1.06051,1.06221,2364,8,0
2023-02-23 04:00:00,1.06219,1.06273,1.061,1.0616,3398,8,0
2023-02-23 08:00:00,1.06158,1.06171,1.05854,1.06035,7246,8,0
2023-02-23 12:00:00,1.06033,1.06205,1.05872,1.05965,15365,8,0
2023-02-23 16:00:00,1.05963,1.06024,1.05768,1.0594999999999999,6888,8,0
2023-02-23 20:00:00,1.05952,1.06026,1.05893,1.05971,1445,8,0
2023-02-24 00:00:00,1.05973,1.06138,1.05931,1.05995,4936,8,0
2023-02-24 04:00:00,1.05994,1.06017,1.05882,1.05891,3500,8,0
2023-02-24 08:00:00,1.0588899999999999,1.05955,1.0573,1.05791,6980,8,0
2023-02-24 12:00:00,1.05793,1.05793,1.05357,1.05417,22324,8,0
2023-02-24 16:00:00,1.05418,1.05593,1.05397,1.05503,7655,8,0
2023-02-24 20:00:00,1.05501,1.05552,1.05436,1.05451,1413,8,0
2023-02-26 20:00:00,1.05444,1.05533,1.0544,1.05529,399,10,0
2023-02-27 00:00:00,1.0553,1.05594,1.05396,1.05439,3497,8,0
2023-02-27 04:00:00,1.05437,1.05524,1.05326,1.05474,4595,8,0
2023-02-27 08:00:00,1.05475,1.05686,1.05475,1.05618,7100,8,0
2023-02-27 12:00:00,1.0562,1.06194,1.05491,1.06007,11230,8,0
2023-02-27 16:00:00,1.06008,1.06124,1.05792,1.06071,6024,8,0
2023-02-27 20:00:00,1.06069,1.06098,1.06008,1.06076,1786,8,0
2023-02-28 00:00:00,1.06092,1.06145,1.05853,1.05921,2958,8,0
2023-02-28 04:00:00,1.0592,1.05964,1.05815,1.05929,4596,8,0
2023-02-28 08:00:00,1.05931,1.06252,1.05931,1.06088,9947,8,0
2023-02-28 12:00:00,1.06085,1.06446,1.06012,1.06047,13038,8,0
2023-02-28 16:00:00,1.06049,1.06164,1.05821,1.05833,7443,8,0
2023-02-28 20:00:00,1.05831,1.05832,1.05725,1.05764,1930,8,0
2023-03-01 00:00:00,1.05765,1.05951,1.05649,1.0593,3870,8,0
2023-03-01 04:00:00,1.05928,1.06446,1.05878,1.06411,5887,8,0
2023-03-01 08:00:00,1.06409,1.06735,1.06254,1.06692,11974,8,0
2023-03-01 12:00:00,1.06691,1.0691,1.0643,1.06718,16299,8,0
2023-03-01 16:00:00,1.06718,1.06781,1.06461,1.06567,8212,8,0
2023-03-01 20:00:00,1.06569,1.06709,1.06558,1.0668,1832,8,0
2023-03-02 00:00:00,1.06682,1.06723,1.06444,1.06454,4472,8,0
2023-03-02 04:00:00,1.06454,1.06504,1.06319,1.06361,4389,8,0
2023-03-02 08:00:00,1.06359,1.06425,1.06126,1.06245,10425,8,0
2023-03-02 12:00:00,1.06247,1.0630600000000001,1.05815,1.06081,15167,8,0
2023-03-02 16:00:00,1.06083,1.06124,1.05761,1.059,7229,8,0
2023-03-02 20:00:00,1.05899,1.06061,1.05857,1.05981,2173,8,0
2023-03-03 00:00:00,1.05979,1.06145,1.05964,1.06059,3889,8,0
2023-03-03 04:00:00,1.06059,1.06227,1.06049,1.06095,3857,8,0
2023-03-03 08:00:00,1.06096,1.06288,1.06001,1.06141,7998,8,0
2023-03-03 12:00:00,1.06143,1.06292,1.05879,1.05973,13141,8,0
2023-03-03 16:00:00,1.05973,1.06351,1.05923,1.06342,6435,8,0
2023-03-03 20:00:00,1.06339,1.06382,1.06299,1.06336,1265,8,0
2023-03-05 20:00:00,1.06252,1.06269,1.06202,1.06238,514,40,0
2023-03-06 00:00:00,1.06253,1.06496,1.06237,1.06454,3865,8,0
2023-03-06 04:00:00,1.06453,1.06564,1.06369,1.0648,4333,8,0
2023-03-06 08:00:00,1.06479,1.06569,1.06218,1.06391,8714,8,0
2023-03-06 12:00:00,1.06394,1.0689,1.06319,1.06783,11632,8,0
2023-03-06 16:00:00,1.06781,1.06939,1.0668,1.06752,5735,8,0
2023-03-06 20:00:00,1.06751,1.06848,1.06717,1.06837,1778,8,0
2023-03-07 00:00:00,1.06851,1.06921,1.0676,1.06906,3310,8,0
2023-03-07 04:00:00,1.06905,1.06939,1.06742,1.06851,4275,8,0
2023-03-07 08:00:00,1.0685,1.0686,1.06539,1.06562,8193,8,0
2023-03-07 12:00:00,1.06564,1.0671599999999999,1.05735,1.0585,21264,8,0
2023-03-07 16:00:00,1.05848,1.05956,1.05456,1.05512,13616,8,0
2023-03-07 20:00:00,1.05515,1.05568,1.05458,1.05464,1878,8,0
2023-03-08 00:00:00,1.05479,1.05501,1.05273,1.05289,3287,8,0
2023-03-08 04:00:00,1.05291,1.05465,1.0524,1.05433,4246,8,0
2023-03-08 08:00:00,1.05431,1.05482,1.05337,1.05373,6897,8,0
2023-03-08 12:00:00,1.05372,1.05734,1.05292,1.05522,17819,8,0
2023-03-08 16:00:00,1.05524,1.05673,1.05394,1.05456,8393,8,0
2023-03-08 20:00:00,1.05454,1.05496,1.05355,1.0547,1505,8,0
2023-03-09 00:00:00,1.05485,1.05528,1.05377,1.05489,2441,8,0
2023-03-09 04:00:00,1.05489,1.05593,1.05456,1.05558,2736,8,0
2023-03-09 08:00:00,1.0556,1.0581,1.05478,1.05707,6379,8,0
2023-03-09 12:00:00,1.05704,1.0586,1.05521,1.05682,12315,8,0
2023-03-09 16:00:00,1.05685,1.05907,1.05633,1.05755,7652,8,0
2023-03-09 20:00:00,1.05753,1.05836,1.05721,1.05836,3181,8,0
2023-03-10 00:00:00,1.05851,1.0599,1.05792,1.05964,5721,8,0
2023-03-10 04:00:00,1.05963,1.06061,1.05808,1.05945,5108,8,0
2023-03-10 08:00:00,1.05942,1.06032,1.05736,1.05893,9873,8,0
2023-03-10 12:00:00,1.05891,1.07003,1.05804,1.0687,34429,8,0
2023-03-10 16:00:00,1.06869,1.06869,1.06355,1.06432,16063,8,0
2023-03-10 20:00:00,1.06431,1.06476,1.06363,1.06389,3443,8,0
2023-03-12 20:00:00,1.06727,1.07022,1.06722,1.06807,7564,10,0
2023-03-13 00:00:00,1.0681,1.07363,1.06638,1.07166,12624,8,0
2023-03-13 04:00:00,1.07168,1.07368,1.07129,1.07248,7518,8,0
2023-03-13 08:00:00,1.07249,1.07285,1.0657,1.06635,28032,8,0
2023-03-13 12:00:00,1.06637,1.0733,1.06498,1.07328,35599,8,0
2023-03-13 16:00:00,1.07326,1.07481,1.07206,1.07294,13938,8,0
2023-03-13 20:00:00,1.07292,1.07327,1.07223,1.07226,1861,8,0
2023-03-14 00:00:00,1.07228,1.07237,1.06985,1.07023,5388,8,0
2023-03-14 04:00:00,1.07024,1.0715,1.06784,1.06894,9243,8,0
2023-03-14 08:00:00,1.06892,1.07275,1.06826,1.07215,13514,8,0
2023-03-14 12:00:00,1.07217,1.0748,1.06968,1.07208,33019,8,0
2023-03-14 16:00:00,1.07207,1.07491,1.07101,1.07411,11937,8,0
2023-03-14 20:00:00,1.07413,1.07418,1.07251,1.07265,1140,8,0
2023-03-15 00:00:00,1.07266,1.07593,1.0725,1.07508,4149,8,0
2023-03-15 04:00:00,1.07508,1.07535,1.07273,1.07369,5704,8,0
2023-03-15 08:00:00,1.07372,1.07431,1.05802,1.05872,23159,8,0
2023-03-15 12:00:00,1.05872,1.05931,1.05158,1.05334,31180,8,0
2023-03-15 16:00:00,1.05336,1.0592,1.05271,1.05799,24006,8,0
2023-03-15 20:00:00,1.05801,1.05884,1.05712,1.05813,2040,8,0
2023-03-16 00:00:00,1.05812,1.05985,1.05727,1.05983,8042,8,0
2023-03-16 04:00:00,1.05981,1.06277,1.05924,1.06246,6900,8,0
2023-03-16 08:00:00,1.06248,1.06352,1.05999,1.06127,13715,8,0
2023-03-16 12:00:00,1.06126,1.06262,1.05508,1.0621,40301,8,0
2023-03-16 16:00:00,1.0621,1.06247,1.05912,1.06143,11382,8,0
2023-03-16 20:00:00,1.06141,1.06168,1.06061,1.06131,1391,8,0
2023-03-17 00:00:00,1.06133,1.06443,1.06112,1.06398,4061,8,0
2023-03-17 04:00:00,1.06397,1.06688,1.06386,1.0662,5244,8,0
2023-03-17 08:00:00,1.06622,1.06695,1.06151,1.06292,10637,8,0
2023-03-17 12:00:00,1.0629,1.06475,1.06119,1.06457,14512,8,0
2023-03-17 16:00:00,1.0646,1.06847,1.06418,1.06607,7889,8,0
2023-03-17 20:00:00,1.06609,1.06653,1.06581,1.06652,708,8,0
2023-03-19 20:00:00,1.06798,1.06866,1.06645,1.06802,1446,10,0
2023-03-20 00:00:00,1.06803,1.06896,1.06643,1.06688,5756,8,0
2023-03-20 04:00:00,1.06688,1.06806,1.06414,1.0655000000000001,11444,8,0
2023-03-20 08:00:00,1.06552,1.07083,1.06309,1.07066,16393,8,0
2023-03-20 12:00:00,1.07066,1.07303,1.07013,1.07208,11929,8,0
2023-03-20 16:00:00,1.07205,1.07279,1.07066,1.07225,5588,8,0
2023-03-20 20:00:00,1.07227,1.0724,1.07153,1.07181,1007,8,0
2023-03-21 00:00:00,1.07183,1.0725500000000001,1.07138,1.07155,3549,8,0
2023-03-21 04:00:00,1.07153,1.07215,1.07036,1.07186,4259,8,0
2023-03-21 08:00:00,1.07186,1.07841,1.07157,1.07782,10215,8,0
2023-03-21 12:00:00,1.07782,1.07881,1.07605,1.07683,9678,8,0
2023-03-21 16:00:00,1.07683,1.07779,1.07558,1.07689,5096,8,0
2023-03-21 20:00:00,1.0769,1.07733,1.07646,1.07722,881,8,0
2023-03-22 00:00:00,1.07722,1.07763,1.0765,1.07695,3238,8,0
2023-03-22 04:00:00,1.07694,1.07746,1.07587,1.07654,3727,8,0
2023-03-22 08:00:00,1.07654,1.07976,1.07646,1.07967,7968,8,0
2023-03-22 12:00:00,1.07966,1.07997,1.07753,1.07906,7432,8,0
2023-03-22 16:00:00,1.0790899999999999,1.09119,1.07881,1.0865,32901,8,0
2023-03-22 20:00:00,1.08648,1.08713,1.08509,1.08684,2040,8,0
2023-03-23 00:00:00,1.08686,1.09051,1.08682,1.09005,5286,8,0
2023-03-23 04:00:00,1.09004,1.09293,1.08946,1.09058,7434,8,0
2023-03-23 08:00:00,1.09058,1.09099,1.08664,1.08753,10381,8,0
2023-03-23 12:00:00,1.08755,1.09074,1.08693,1.08895,11182,8,0
2023-03-23 16:00:00,1.08893,1.08983,1.08238,1.08395,12648,8,0
2023-03-23 20:00:00,1.08393,1.08403,1.08253,1.08342,1711,8,0
2023-03-24 00:00:00,1.08344,1.08347,1.08169,1.08281,5102,8,0
2023-03-24 04:00:00,1.08282,1.08366,1.08224,1.08278,4376,8,0
2023-03-24 08:00:00,1.08278,1.08305,1.07128,1.0737700000000001,23413,8,0
2023-03-24 12:00:00,1.07375,1.07671,1.07227,1.07608,16395,8,0
2023-03-24 16:00:00,1.07608,1.07672,1.0751,1.07585,5510,8,0
2023-03-24 20:00:00,1.07586,1.07624,1.07578,1.07596,469,8,0
2023-03-26 20:00:00,1.07686,1.07782,1.07637,1.07771,1528,10,0
2023-03-27 00:00:00,1.07772,1.07772,1.07573,1.07712,4119,8,0
2023-03-27 04:00:00,1.0771,1.07817,1.07447,1.07506,6820,8,0
2023-03-27 08:00:00,1.07504,1.07804,1.0749,1.07712,7668,8,0
2023-03-27 12:00:00,1.07714,1.07945,1.07676,1.07876,9135,8,0
2023-03-27 16:00:00,1.07874,1.07983,1.07858,1.07969,3286,8,0
2023-03-27 20:00:00,1.07968,1.08072,1.07943,1.08058,753,8,0
2023-03-28 00:00:00,1.0806,1.08188,1.08032,1.08147,3537,8,0
2023-03-28 04:00:00,1.08146,1.08334,1.08058,1.082,5575,8,0
2023-03-28 08:00:00,1.08198,1.08362,1.08099,1.0830899999999999,6307,8,0
2023-03-28 12:00:00,1.0830899999999999,1.08464,1.08161,1.08424,9077,8,0
2023-03-28 16:00:00,1.08425,1.0848,1.08311,1.08473,3170,8,0
2023-03-28 20:00:00,1.08471,1.08471,1.08361,1.08385,853,8,0
2023-03-29 00:00:00,1.08386,1.0849199999999999,1.08343,1.08361,3074,8,0
2023-03-29 04:00:00,1.08362,1.08434,1.08173,1.08365,4921,8,0
2023-03-29 08:00:00,1.08366,1.08709,1.08263,1.08546,6746,8,0
2023-03-29 12:00:00,1.08548,1.08595,1.08242,1.08247,10547,8,0
2023-03-29 16:00:00,1.08247,1.08477,1.08231,1.08389,3604,8,0
2023-03-29 20:00:00,1.0839,1.08466,1.08376,1.08422,950,8,0
2023-03-30 00:00:00,1.08425,1.08429,1.0826,1.0832600000000001,3002,8,0
2023-03-30 04:00:00,1.08327,1.08574,1.08231,1.08542,6989,8,0
2023-03-30 08:00:00,1.08541,1.0884,1.08501,1.08784,7262,8,0
2023-03-30 12:00:00,1.08776,1.0925799999999999,1.08772,1.08978,11014,8,0
2023-03-30 16:00:00,1.08976,1.09073,1.08918,1.09065,3159,8,0
2023-03-30 20:00:00,1.09065,1.0907,1.09005,1.09038,786,8,0
2023-03-31 00:00:00,1.09037,1.09251,1.09011,1.09065,4032,8,0
2023-03-31 04:00:00,1.09063,1.09103,1.08796,1.08841,5252,8,0
2023-03-31 08:00:00,1.08843,1.08955,1.08638,1.08667,8504,8,0
2023-03-31 12:00:00,1.08668,1.09013,1.08571,1.08714,12049,8,0
2023-03-31 16:00:00,1.08715,1.0872,1.08427,1.08451,4367,8,0
2023-03-31 20:00:00,1.08452,1.08458,1.08365,1.0842,540,8,0
2023-04-02 20:00:00,1.08405,1.08425,1.08009,1.08024,2157,10,0
2023-04-03 00:00:00,1.08023,1.08164,1.07878,1.07896,5144,8,0
2023-04-03 04:00:00,1.07898,1.08413,1.07886,1.0838700000000001,5810,8,0
2023-04-03 08:00:00,1.08385,1.08773,1.08297,1.08762,7769,8,0
2023-04-03 12:00:00,1.0876,1.09162,1.0861399999999999,1.08899,12956,8,0
2023-04-03 16:00:00,1.08899,1.0907,1.08797,1.09058,3719,8,0
2023-04-03 20:00:00,1.09056,1.0909,1.08996,1.09064,842,8,0
2023-04-04 00:00:00,1.09066,1.09094,1.08882,1.08884,3029,8,0
2023-04-04 04:00:00,1.08883,1.09367,1.08825,1.0924800000000001,6786,8,0
2023-04-04 08:00:00,1.09249,1.09354,1.08954,1.0897000000000001,7682,8,0
2023-04-04 12:00:00,1.08972,1.09726,1.08865,1.0950199999999999,13926,8,0
2023-04-04 16:00:00,1.09501,1.09573,1.09429,1.09568,3466,8,0
2023-04-04 20:00:00,1.09568,1.0961,1.09501,1.09573,891,8,0
2023-04-05 00:00:00,1.09575,1.09691,1.09552,1.09592,3536,8,0
2023-04-05 04:00:00,1.09593,1.09668,1.09462,1.095,4390,8,0
2023-04-05 08:00:00,1.09498,1.09598,1.09346,1.09406,5578,8,0
2023-04-05 12:00:00,1.09405,1.09664,1.09023,1.09168,14434,8,0
2023-04-05 16:00:00,1.0917,1.09194,1.08906,1.0903100000000001,3268,8,0
2023-04-05 20:00:00,1.09032,1.09091,1.08959,1.09026,797,8,0
2023-04-06 00:00:00,1.09028,1.09042,1.08843,1.08914,2520,8,0
2023-04-06 04:00:00,1.08916,1.09168,1.08893,1.09063,4600,8,0
2023-04-06 08:00:00,1.09062,1.09164,1.0892,1.09148,5447,8,0
2023-04-06 12:00:00,1.09146,1.09278,1.08856,1.09256,9370,8,0
2023-04-06 16:00:00,1.09256,1.09371,1.09211,1.09225,2440,8,0
2023-04-06 20:00:00,1.09223,1.0923,1.09018,1.09157,605,8,0
2023-04-07 00:00:00,1.09158,1.09199,1.09102,1.09158,698,81,0
2023-04-07 04:00:00,1.09157,1.09174,1.09074,1.09134,811,40,0
2023-04-07 08:00:00,1.09132,1.09207,1.09096,1.09165,865,20,0
2023-04-07 12:00:00,1.09163,1.09167,1.08754,1.09108,4124,20,0
2023-04-07 16:00:00,1.09106,1.09114,1.08988,1.0901399999999999,1264,20,0
2023-04-07 20:00:00,1.0901,1.09035,1.08896,1.08899,545,93,0
2023-04-09 20:00:00,1.08971,1.0913,1.08965,1.09126,741,10,0
2023-04-10 00:00:00,1.09127,1.0914,1.08965,1.08988,2071,8,0
2023-04-10 04:00:00,1.08989,1.09166,1.08904,1.09162,2457,8,0
2023-04-10 08:00:00,1.09165,1.09168,1.0886,1.08886,3325,8,0
2023-04-10 12:00:00,1.08884,1.0890900000000001,1.0831,1.0838700000000001,9897,8,0
2023-04-10 16:00:00,1.08388,1.08626,1.08377,1.08625,2430,8,0
2023-04-10 20:00:00,1.08625,1.08695,1.08566,1.08685,595,8,0
2023-04-11 00:00:00,1.08686,1.08872,1.08667,1.0881,2963,8,0
2023-04-11 04:00:00,1.08812,1.09041,1.08805,1.08949,4793,8,0
2023-04-11 08:00:00,1.08948,1.09263,1.08941,1.09046,5863,8,0
2023-04-11 12:00:00,1.09044,1.09275,1.09019,1.09043,7370,8,0
2023-04-11 16:00:00,1.09045,1.09165,1.08958,1.09137,2617,8,0
2023-04-11 20:00:00,1.0913599999999999,1.09167,1.09097,1.09158,530,8,0
2023-04-12 00:00:00,1.09159,1.09283,1.09143,1.09239,2211,8,0
2023-04-12 04:00:00,1.09237,1.09368,1.09156,1.09262,3916,8,0
2023-04-12 08:00:00,1.09264,1.09355,1.09177,1.0922,4635,8,0
2023-04-12 12:00:00,1.09222,1.09995,1.09194,1.09862,17236,8,0
2023-04-12 16:00:00,1.0986,1.09999,1.09847,1.09879,4266,8,0
2023-04-12 20:00:00,1.09881,1.0999,1.09863,1.09964,764,8,0
2023-04-13 00:00:00,1.0996299999999999,1.10046,1.09835,1.09881,3585,8,0
2023-04-13 04:00:00,1.09881,1.10002,1.09763,1.09988,4094,8,0
2023-04-13 08:00:00,1.09989,1.10312,1.09989,1.10096,6264,8,0
2023-04-13 12:00:00,1.10096,1.10673,1.1008,1.10527,11686,8,0
2023-04-13 16:00:00,1.10525,1.10594,1.10437,1.10461,2606,8,0
2023-04-13 20:00:00,1.10462,1.10512,1.10436,1.10512,536,8,0
2023-04-14 00:00:00,1.10514,1.10745,1.10484,1.10698,3208,8,0
2023-04-14 04:00:00,1.10698,1.10751,1.1059,1.1065,4027,8,0
2023-04-14 08:00:00,1.10648,1.10661,1.10474,1.10535,5051,8,0
2023-04-14 12:00:00,1.10537,1.10722,1.09749,1.09784,17066,8,0
2023-04-14 16:00:00,1.09784,1.09988,1.09721,1.09962,3846,8,0
2023-04-14 20:00:00,1.09959,1.09973,1.09922,1.09922,406,8,0
2023-04-16 20:00:00,1.09884,1.09937,1.0983,1.0984,772,10,0
2023-04-17 00:00:00,1.09842,1.0991,1.09612,1.09759,3095,8,0
2023-04-17 04:00:00,1.09757,1.09994,1.09753,1.09915,4323,8,0
2023-04-17 08:00:00,1.09913,1.09929,1.09638,1.09766,5923,8,0
2023-04-17 12:00:00,1.09764,1.09838,1.09088,1.09134,12018,8,0
2023-04-17 16:00:00,1.0913599999999999,1.09307,1.09102,1.09305,2752,8,0
2023-04-17 20:00:00,1.09303,1.09303,1.09215,1.09241,535,8,0
2023-04-18 00:00:00,1.09242,1.09386,1.0922,1.09355,3130,8,0
2023-04-18 04:00:00,1.09353,1.09705,1.09335,1.09701,5002,8,0
2023-04-18 08:00:00,1.09699,1.09824,1.09654,1.0965799999999999,5868,8,0
2023-04-18 12:00:00,1.0966,1.09777,1.09426,1.09569,8994,8,0
2023-04-18 16:00:00,1.09569,1.09744,1.09545,1.09704,2616,8,0
2023-04-18 20:00:00,1.09702,1.09759,1.09626,1.09745,688,8,0
2023-04-19 00:00:00,1.09747,1.09836,1.09647,1.0973600000000001,2721,8,0
2023-04-19 04:00:00,1.09737,1.09741,1.0946,1.09623,6102,8,0
2023-04-19 08:00:00,1.09621,1.09628,1.09169,1.09308,8208,8,0
2023-04-19 12:00:00,1.09308,1.0979,1.0927,1.09527,8531,8,0
2023-04-19 16:00:00,1.09525,1.09664,1.09512,1.09544,3006,8,0
2023-04-19 20:00:00,1.09544,1.09569,1.09466,1.09513,824,8,0
2023-04-20 00:00:00,1.09514,1.09612,1.09491,1.09592,2900,8,0
2023-04-20 04:00:00,1.0959,1.09726,1.09495,1.09607,4935,8,0
2023-04-20 08:00:00,1.09606,1.09781,1.09533,1.09543,6536,8,0
2023-04-20 12:00:00,1.09545,1.09893,1.0933,1.09689,12074,8,0
2023-04-20 16:00:00,1.09691,1.09722,1.09559,1.0963,3448,8,0
2023-04-20 20:00:00,1.09632,1.097,1.09514,1.09674,843,8,0
2023-04-21 00:00:00,1.09673,1.09728,1.09616,1.09637,2208,8,0
2023-04-21 04:00:00,1.09635,1.09635,1.09376,1.0956,5094,8,0
2023-04-21 08:00:00,1.09558,1.09853,1.09486,1.0981,6933,8,0
2023-04-21 12:00:00,1.0981,1.09932,1.09422,1.09715,12574,8,0
2023-04-21 16:00:00,1.09717,1.09897,1.09689,1.09897,3609,8,0
2023-04-21 20:00:00,1.09898,1.09924,1.0985,1.09885,459,8,0
2023-04-23 20:00:00,1.09878,1.09957,1.09859,1.09914,498,10,0
2023-04-24 00:00:00,1.09914,1.09946,1.09795,1.09813,2872,8,0
2023-04-24 04:00:00,1.0981,1.09879,1.09655,1.09866,4424,8,0
2023-04-24 08:00:00,1.09866,1.102,1.09835,1.10018,7474,8,0
2023-04-24 12:00:00,1.1002,1.10365,1.0999,1.10254,9462,8,0
2023-04-24 16:00:00,1.10252,1.10497,1.10245,1.10429,2751,8,0
2023-04-24 20:00:00,1.10429,1.10566,1.10417,1.10566,712,8,0
2023-04-25 00:00:00,1.10567,1.10667,1.10512,1.10525,2933,8,0
2023-04-25 04:00:00,1.10524,1.10585,1.10243,1.10321,6693,8,0
2023-04-25 08:00:00,1.10323,1.10435,1.10093,1.10165,6177,8,0
2023-04-25 12:00:00,1.10165,1.10287,1.09682,1.09682,10561,8,0
2023-04-25 16:00:00,1.0968,1.09756,1.09638,1.09694,4790,8,0
2023-04-25 20:00:00,1.09695,1.09798,1.09566,1.09776,1329,8,0
2023-04-26 00:00:00,1.09778,1.09795,1.09681,1.09747,3478,8,0
2023-04-26 04:00:00,1.09749,1.10255,1.0971899999999999,1.10188,6200,8,0
2023-04-26 08:00:00,1.10187,1.10621,1.10156,1.10457,10996,8,0
2023-04-26 12:00:00,1.10459,1.10948,1.10353,1.10505,15477,8,0
2023-04-26 16:00:00,1.10504,1.10524,1.1032,1.10353,5079,8,0
2023-04-26 20:00:00,1.10351,1.1046,1.10332,1.10448,954,8,0
2023-04-27 00:00:00,1.10448,1.10534,1.10387,1.10453,2926,8,0
2023-04-27 04:00:00,1.10455,1.1063,1.10395,1.10493,5823,8,0
2023-04-27 08:00:00,1.10491,1.10588,1.10302,1.1034,6929,8,0
2023-04-27 12:00:00,1.10339,1.10562,1.09917,1.1015,17068,8,0
2023-04-27 16:00:00,1.10152,1.10294,1.10051,1.10238,3674,8,0
2023-04-27 20:00:00,1.10235,1.10335,1.10229,1.10312,1106,8,0
2023-04-28 00:00:00,1.10312,1.10391,1.10121,1.1019,4082,8,0
2023-04-28 04:00:00,1.10188,1.10359,1.09935,1.10082,9562,8,0
2023-04-28 08:00:00,1.1008,1.10091,1.09721,1.09735,8514,8,0
2023-04-28 12:00:00,1.09733,1.10446,1.0962,1.10393,18861,8,0
2023-04-28 16:00:00,1.10391,1.10403,1.10116,1.1019,4776,8,0
2023-04-28 20:00:00,1.10189,1.10198,1.1013600000000001,1.1017,535,8,0
2023-04-30 20:00:00,1.10174,1.10195,1.1009,1.10102,871,10,0
2023-05-01 00:00:00,1.10105,1.1014,1.10004,1.10135,2529,8,0
2023-05-01 04:00:00,1.1013600000000001,1.10138,1.09945,1.10029,4056,8,0
2023-05-01 08:00:00,1.10028,1.10134,1.0988,1.10129,4121,8,0
2023-05-01 12:00:00,1.10131,1.1035,1.0965799999999999,1.0969,10332,8,0
2023-05-01 16:00:00,1.09687,1.09752,1.0964,1.09724,3729,8,0
2023-05-01 20:00:00,1.09724,1.09764,1.09669,1.09683,1030,8,0
2023-05-02 00:00:00,1.09681,1.0994,1.09681,1.09837,2751,8,0
2023-05-02 04:00:00,1.09837,1.10062,1.09787,1.09853,6064,8,0
2023-05-02 08:00:00,1.09852,1.09861,1.09478,1.09672,9037,8,0
2023-05-02 12:00:00,1.09674,1.0997,1.09417,1.09962,13883,8,0
2023-05-02 16:00:00,1.09964,1.10076,1.09937,1.10053,3558,8,0
2023-05-02 20:00:00,1.10054,1.10133,1.09947,1.10103,912,8,0
2023-05-03 00:00:00,1.10104,1.10294,1.10045,1.10292,2351,8,0
2023-05-03 04:00:00,1.1029,1.10409,1.10139,1.1034,4400,8,0
2023-05-03 08:00:00,1.10342,1.10464,1.10292,1.10391,5594,8,0
2023-05-03 12:00:00,1.10393,1.1059,1.10198,1.10475,10961,8,0
2023-05-03 16:00:00,1.10474,1.1091,1.10369,1.1054,20158,8,0
2023-05-03 20:00:00,1.10538,1.10762,1.10513,1.10681,2194,8,0
2023-05-04 00:00:00,1.10683,1.10873,1.10683,1.1081,4310,8,0
2023-05-04 04:00:00,1.10808,1.1091199999999999,1.10517,1.10575,6636,8,0
2023-05-04 08:00:00,1.10573,1.10763,1.10362,1.10739,7768,8,0
2023-05-04 12:00:00,1.10741,1.10825,1.09856,1.10079,29869,8,0
2023-05-04 16:00:00,1.10077,1.10312,1.10077,1.10142,5897,8,0
2023-05-04 20:00:00,1.10142,1.1024,1.10072,1.10225,845,8,0
2023-05-05 00:00:00,1.10225,1.1044100000000001,1.10185,1.10435,2636,8,0
2023-05-05 04:00:00,1.10437,1.10473,1.10252,1.10264,5376,8,0
2023-05-05 08:00:00,1.10264,1.10314,1.10081,1.10089,5765,8,0
2023-05-05 12:00:00,1.10086,1.10264,1.09663,1.10242,16384,8,0
2023-05-05 16:00:00,1.10243,1.10361,1.10094,1.10177,4308,8,0
2023-05-05 20:00:00,1.10177,1.10193,1.10164,1.10181,383,8,0
2023-05-07 20:00:00,1.10159,1.10215,1.10126,1.10178,708,10,0
2023-05-08 00:00:00,1.1018,1.10396,1.10164,1.10387,2494,8,0
2023-05-08 04:00:00,1.10388,1.10501,1.10365,1.10488,3507,8,0
2023-05-08 08:00:00,1.10487,1.10533,1.10224,1.10346,5662,8,0
2023-05-08 12:00:00,1.10346,1.10438,1.10112,1.10191,6427,8,0
2023-05-08 16:00:00,1.10193,1.10288,1.09998,1.10013,2929,8,0
2023-05-08 20:00:00,1.10011,1.10042,1.0995,1.09962,660,8,0
2023-05-09 00:00:00,1.0996,1.09969,1.09846,1.09933,2692,8,0
2023-05-09 04:00:00,1.09935,1.10004,1.09724,1.09776,5314,8,0
2023-05-09 08:00:00,1.09774,1.09856,1.09587,1.09633,5130,8,0
2023-05-09 12:00:00,1.09633,1.09666,1.09407,1.09524,7820,8,0
2023-05-09 16:00:00,1.09522,1.09721,1.09488,1.09622,3521,8,0
2023-05-09 20:00:00,1.09621,1.09684,1.09467,1.09642,748,8,0
2023-05-10 00:00:00,1.09643,1.09767,1.09642,1.09758,2120,8,0
2023-05-10 04:00:00,1.09757,1.0982,1.09619,1.09643,4015,8,0
2023-05-10 08:00:00,1.09642,1.09643,1.09455,1.09487,5651,8,0
2023-05-10 12:00:00,1.09488,1.10064,1.09412,1.09648,17245,8,0
2023-05-10 16:00:00,1.0965,1.09844,1.09612,1.09822,3806,8,0
2023-05-10 20:00:00,1.0982,1.09867,1.09757,1.09826,557,8,0
2023-05-11 00:00:00,1.09824,1.09976,1.09732,1.09741,2792,8,0
2023-05-11 04:00:00,1.0974,1.09819,1.09237,1.09297,6958,8,0
2023-05-11 08:00:00,1.09298,1.09379,1.09176,1.09312,8495,8,0
2023-05-11 12:00:00,1.09314,1.09457,1.08997,1.09149,13225,8,0
2023-05-11 16:00:00,1.09152,1.09285,1.09104,1.09166,3055,8,0
2023-05-11 20:00:00,1.09164,1.09181,1.09111,1.09119,600,8,0
2023-05-12 00:00:00,1.09121,1.0924800000000001,1.09119,1.09219,2305,8,0
2023-05-12 04:00:00,1.09218,1.09349,1.09059,1.09073,4894,8,0
2023-05-12 08:00:00,1.09071,1.09168,1.08888,1.08917,5390,8,0
2023-05-12 12:00:00,1.08914,1.0897000000000001,1.0854,1.08552,8957,8,0
2023-05-12 16:00:00,1.0855,1.08564,1.0848200000000001,1.08515,2901,8,0
2023-05-12 20:00:00,1.08516,1.08516,1.08475,1.08491,321,8,0
2023-05-14 20:00:00,1.08511,1.08531,1.08437,1.08523,586,10,0
2023-05-15 00:00:00,1.08525,1.08638,1.08478,1.08595,2652,8,0
2023-05-15 04:00:00,1.08596,1.08766,1.08569,1.0873599999999999,3664,8,0
2023-05-15 08:00:00,1.0873599999999999,1.08801,1.08551,1.08773,4604,8,0
2023-05-15 12:00:00,1.0877,1.08902,1.08637,1.08728,7085,8,0
2023-05-15 16:00:00,1.08729,1.08784,1.08673,1.08747,2050,8,0
2023-05-15 20:00:00,1.08747,1.08758,1.08715,1.08732,516,8,0
2023-05-16 00:00:00,1.08734,1.08842,1.08681,1.08821,2170,8,0
2023-05-16 04:00:00,1.08821,1.08941,1.08625,1.0888,4559,8,0
2023-05-16 08:00:00,1.08882,1.09042,1.08846,1.08864,4586,8,0
2023-05-16 12:00:00,1.08866,1.08887,1.08546,1.08642,10080,8,0
2023-05-16 16:00:00,1.08642,1.08716,1.08577,1.08623,3147,8,0
2023-05-16 20:00:00,1.08625,1.08651,1.08592,1.0865,732,8,0
2023-05-17 00:00:00,1.08652,1.08731,1.08619,1.08651,2502,8,0
2023-05-17 04:00:00,1.08651,1.08672,1.0830899999999999,1.08314,4924,8,0
2023-05-17 08:00:00,1.08312,1.08476,1.0820400000000001,1.08247,5913,8,0
2023-05-17 12:00:00,1.0824799999999999,1.08385,1.08099,1.0829,9099,8,0
2023-05-17 16:00:00,1.08288,1.08487,1.08286,1.08395,3304,8,0
2023-05-17 20:00:00,1.08395,1.08406,1.08343,1.08374,693,8,0
2023-05-18 00:00:00,1.08373,1.08475,1.08346,1.08394,2638,8,0
2023-05-18 04:00:00,1.08396,1.084,1.08088,1.08157,3998,8,0
2023-05-18 08:00:00,1.08159,1.08217,1.0805,1.08147,4895,8,0
2023-05-18 12:00:00,1.08148,1.08174,1.07628,1.07749,8615,8,0
2023-05-18 16:00:00,1.07751,1.07807,1.07621,1.07736,2976,8,0
2023-05-18 20:00:00,1.07736,1.07761,1.07663,1.07745,779,8,0
2023-05-19 00:00:00,1.07746,1.07797,1.07597,1.0768,3213,8,0
2023-05-19 04:00:00,1.07679,1.07915,1.07603,1.07773,4642,8,0
2023-05-19 08:00:00,1.07771,1.08089,1.07705,1.08083,6379,8,0
2023-05-19 12:00:00,1.08083,1.08262,1.07818,1.0818699999999999,12395,8,0
2023-05-19 16:00:00,1.08186,1.08283,1.07974,1.08056,3943,8,0
2023-05-19 20:00:00,1.08056,1.08078,1.08009,1.08058,414,8,0
2023-05-21 20:00:00,1.08051,1.08238,1.08044,1.08215,682,10,0
2023-05-22 00:00:00,1.08216,1.08295,1.08163,1.0820400000000001,3645,8,0
2023-05-22 04:00:00,1.08206,1.08238,1.0795,1.08066,5091,8,0
2023-05-22 08:00:00,1.08063,1.08291,1.07988,1.08213,5551,8,0
2023-05-22 12:00:00,1.08214,1.08308,1.07959,1.08048,9398,8,0
2023-05-22 16:00:00,1.08048,1.08212,1.08026,1.08109,3365,8,0
2023-05-22 20:00:00,1.08107,1.08134,1.08061,1.081,1212,8,0
2023-05-23 00:00:00,1.08102,1.08201,1.08023,1.08077,2877,8,0
2023-05-23 04:00:00,1.08076,1.0812599999999999,1.0784799999999999,1.0803,5658,8,0
2023-05-23 08:00:00,1.08028,1.08076,1.07694,1.07725,6912,8,0
2023-05-23 12:00:00,1.07728,1.0795,1.07625,1.07705,11541,8,0
2023-05-23 16:00:00,1.07703,1.07803,1.07599,1.07671,3507,8,0
2023-05-23 20:00:00,1.07673,1.07732,1.07663,1.07688,736,8,0
2023-05-24 00:00:00,1.07686,1.07794,1.07673,1.07784,2817,8,0
2023-05-24 04:00:00,1.07784,1.0789,1.07699,1.07835,5694,8,0
2023-05-24 08:00:00,1.07836,1.07945,1.07478,1.07803,7815,8,0
2023-05-24 12:00:00,1.07804,1.08008,1.07544,1.07579,10537,8,0
2023-05-24 16:00:00,1.07579,1.0765500000000001,1.07491,1.07491,5716,8,0
2023-05-24 20:00:00,1.07493,1.07562,1.07403,1.07552,1003,8,0
2023-05-25 00:00:00,1.07553,1.07553,1.07357,1.07371,2926,8,0
2023-05-25 04:00:00,1.07372,1.07435,1.07137,1.07204,4980,8,0
2023-05-25 08:00:00,1.07206,1.07376,1.07193,1.07326,5643,8,0
2023-05-25 12:00:00,1.07326,1.07398,1.0707,1.07239,12030,8,0
2023-05-25 16:00:00,1.07237,1.07288,1.0711,1.07202,3312,8,0
2023-05-25 20:00:00,1.07203,1.07268,1.07203,1.07232,762,8,0
2023-05-26 00:00:00,1.07232,1.07382,1.07186,1.07371,2801,8,0
2023-05-26 04:00:00,1.0737,1.0744,1.0725,1.07402,4662,8,0
2023-05-26 08:00:00,1.074,1.07582,1.07252,1.07521,5302,8,0
2023-05-26 12:00:00,1.07522,1.07569,1.07013,1.07118,13233,8,0
2023-05-26 16:00:00,1.07116,1.07323,1.07116,1.07292,2778,8,0
2023-05-26 20:00:00,1.07291,1.07296,1.07235,1.07256,446,8,0
2023-05-28 20:00:00,1.07187,1.07273,1.07164,1.07212,585,10,0
2023-05-29 00:00:00,1.07212,1.0735,1.07168,1.07301,1750,8,0
2023-05-29 04:00:00,1.0729899999999999,1.07431,1.07242,1.07277,2529,8,0
2023-05-29 08:00:00,1.07279,1.07289,1.07101,1.07101,2786,8,0
2023-05-29 12:00:00,1.07103,1.07153,1.07057,1.07135,2092,8,0
2023-05-29 16:00:00,1.07135,1.07144,1.07087,1.07088,487,8,0
2023-05-29 20:00:00,1.07087,1.07104,1.0705,1.07064,613,8,0
2023-05-30 00:00:00,1.07062,1.07258,1.0701100000000001,1.07061,3673,8,0
2023-05-30 04:00:00,1.07062,1.0708199999999999,1.06721,1.06898,6412,8,0
2023-05-30 08:00:00,1.06897,1.07442,1.0687,1.07436,7829,8,0
2023-05-30 12:00:00,1.07434,1.07461,1.07182,1.07211,8492,8,0
2023-05-30 16:00:00,1.07213,1.0729899999999999,1.07139,1.07296,2917,8,0
2023-05-30 20:00:00,1.07294,1.07346,1.07268,1.07313,991,8,0
2023-05-31 00:00:00,1.07311,1.07352,1.0694,1.06975,3552,8,0
2023-05-31 04:00:00,1.06973,1.07003,1.06695,1.06736,6546,8,0
2023-05-31 08:00:00,1.06734,1.06867,1.06583,1.06793,6267,8,0
2023-05-31 12:00:00,1.06795,1.07048,1.06507,1.06522,11986,8,0
2023-05-31 16:00:00,1.06525,1.06886,1.06349,1.0686,6532,8,0
2023-05-31 20:00:00,1.0686,1.06966,1.06825,1.0693,1374,8,0
2023-06-01 00:00:00,1.06931,1.06946,1.068,1.06866,3570,8,0
2023-06-01 04:00:00,1.06866,1.06911,1.06614,1.067,5301,8,0
2023-06-01 08:00:00,1.06698,1.0715,1.06641,1.07058,5890,8,0
2023-06-01 12:00:00,1.07056,1.07533,1.06842,1.07504,13715,8,0
2023-06-01 16:00:00,1.07506,1.07679,1.07474,1.07618,3415,8,0
2023-06-01 20:00:00,1.0762,1.07651,1.07567,1.07601,658,8,0
2023-06-02 00:00:00,1.07599,1.07686,1.07578,1.07676,2538,8,0
2023-06-02 04:00:00,1.07676,1.07786,1.07597,1.07615,4432,8,0
2023-06-02 08:00:00,1.07613,1.07765,1.07574,1.07574,4732,8,0
2023-06-02 12:00:00,1.07574,1.07704,1.07172,1.07227,14126,8,0
2023-06-02 16:00:00,1.07226,1.07232,1.07053,1.07074,3289,8,0
2023-06-02 20:00:00,1.07076,1.07084,1.07048,1.07074,257,8,0
2023-06-04 20:00:00,1.07064,1.07079,1.06935,1.06965,802,10,0
2023-06-05 00:00:00,1.06965,1.07042,1.0689899999999999,1.0702099999999999,2986,8,0
2023-06-05 04:00:00,1.0702,1.07034,1.0683,1.06894,4909,8,0
2023-06-05 08:00:00,1.06895,1.06985,1.06845,1.06892,4243,8,0
2023-06-05 12:00:00,1.06894,1.07219,1.06741,1.07201,9621,8,0
2023-06-05 16:00:00,1.07202,1.07208,1.0707,1.0712,2762,8,0
2023-06-05 20:00:00,1.07123,1.07136,1.07069,1.07109,910,8,0
2023-06-06 00:00:00,1.07108,1.07242,1.07095,1.07154,2031,8,0
2023-06-06 04:00:00,1.07156,1.07324,1.07069,1.07142,6813,8,0
2023-06-06 08:00:00,1.07142,1.07145,1.0676,1.06765,6410,8,0
2023-06-06 12:00:00,1.06766,1.06965,1.06666,1.06938,7249,8,0
2023-06-06 16:00:00,1.0694,1.06974,1.06818,1.06913,2143,8,0
2023-06-06 20:00:00,1.06914,1.06986,1.06895,1.06981,582,8,0
2023-06-07 00:00:00,1.06982,1.07039,1.06884,1.06923,2711,8,0
2023-06-07 04:00:00,1.06922,1.06951,1.06679,1.06837,4077,8,0
2023-06-07 08:00:00,1.06839,1.07226,1.0679,1.07151,5085,8,0
2023-06-07 12:00:00,1.07149,1.07392,1.06948,1.07008,9602,8,0
2023-06-07 16:00:00,1.07008,1.07061,1.06906,1.06932,3243,8,0
2023-06-07 20:00:00,1.06934,1.07067,1.06933,1.07065,933,8,0
2023-06-08 00:00:00,1.07067,1.0711,1.07026,1.07079,2259,8,0
2023-06-08 04:00:00,1.07077,1.07186,1.07006,1.07125,4243,8,0
2023-06-08 08:00:00,1.07125,1.07387,1.07095,1.07348,5043,8,0
2023-06-08 12:00:00,1.07351,1.07828,1.0733,1.07783,10814,8,0
2023-06-08 16:00:00,1.07784,1.07866,1.07733,1.0778699999999999,2973,8,0
2023-06-08 20:00:00,1.07785,1.07849,1.07783,1.07814,641,8,0
2023-06-09 00:00:00,1.07815,1.0784799999999999,1.07754,1.07776,2390,8,0
2023-06-09 04:00:00,1.07774,1.07834,1.0767,1.07752,3908,8,0
2023-06-09 08:00:00,1.0775,1.07812,1.07561,1.07728,4886,8,0
2023-06-09 12:00:00,1.0773,1.07836,1.07463,1.07476,8889,8,0
2023-06-09 16:00:00,1.07474,1.07518,1.07424,1.07437,2292,8,0
2023-06-09 20:00:00,1.07436,1.07494,1.07435,1.0748199999999999,384,8,0
2023-06-11 20:00:00,1.07461,1.07509,1.07413,1.07495,545,10,0
2023-06-12 00:00:00,1.07497,1.07498,1.07328,1.07404,2066,8,0
2023-06-12 04:00:00,1.07402,1.07717,1.07386,1.07691,3660,8,0
2023-06-12 08:00:00,1.07692,1.07896,1.0761,1.07625,6112,8,0
2023-06-12 12:00:00,1.07623,1.07711,1.07426,1.07458,7547,8,0
2023-06-12 16:00:00,1.07459,1.0763,1.07435,1.07597,3038,8,0
2023-06-12 20:00:00,1.07598,1.07637,1.07538,1.07618,692,8,0
2023-06-13 00:00:00,1.07617,1.07797,1.07589,1.07786,2199,8,0
2023-06-13 04:00:00,1.07785,1.0807,1.07759,1.07992,5126,8,0
2023-06-13 08:00:00,1.07989,1.081,1.07915,1.07937,5053,8,0
2023-06-13 12:00:00,1.07939,1.0823,1.07779,1.07907,14876,8,0
2023-06-13 16:00:00,1.07906,1.08039,1.07826,1.07913,3600,8,0
2023-06-13 20:00:00,1.07912,1.07928,1.07843,1.0789,699,8,0
2023-06-14 00:00:00,1.07891,1.07956,1.07854,1.07894,1942,8,0
2023-06-14 04:00:00,1.07893,1.07964,1.07737,1.07891,3437,8,0
2023-06-14 08:00:00,1.07889,1.08094,1.07855,1.08031,3703,8,0
2023-06-14 12:00:00,1.0803,1.08575,1.0803,1.08574,6933,8,0
2023-06-14 16:00:00,1.08572,1.08636,1.0801,1.08264,17409,8,0
2023-06-14 20:00:00,1.08261,1.08424,1.08243,1.08424,1102,8,0
2023-06-15 00:00:00,1.08425,1.0844,1.08079,1.08127,3338,8,0
2023-06-15 04:00:00,1.08129,1.08284,1.08035,1.08264,4447,8,0
2023-06-15 08:00:00,1.08263,1.0848200000000001,1.08174,1.08174,5038,8,0
2023-06-15 12:00:00,1.08172,1.09349,1.08141,1.09323,16751,8,0
2023-06-15 16:00:00,1.09322,1.09521,1.09318,1.09473,3773,8,0
2023-06-15 20:00:00,1.09472,1.09507,1.09407,1.09444,886,8,0
2023-06-16 00:00:00,1.09447,1.09503,1.09352,1.09378,3214,8,0
2023-06-16 04:00:00,1.09379,1.09619,1.09335,1.09422,4998,8,0
2023-06-16 08:00:00,1.0942,1.09653,1.09378,1.09598,5301,8,0
2023-06-16 12:00:00,1.09599,1.09701,1.09176,1.09237,11727,8,0
2023-06-16 16:00:00,1.09237,1.09451,1.09237,1.09347,3123,8,0
2023-06-16 20:00:00,1.09349,1.09419,1.09343,1.09414,438,8,0
2023-06-18 20:00:00,1.09323,1.09425,1.09298,1.09394,1251,10,0
2023-06-19 00:00:00,1.09395,1.09459,1.09332,1.09365,4569,8,0
2023-06-19 04:00:00,1.09365,1.09408,1.0924800000000001,1.0929,6244,8,0
2023-06-19 08:00:00,1.09289,1.09383,1.09067,1.09208,6628,8,0
2023-06-19 12:00:00,1.09208,1.09291,1.09119,1.09215,6593,8,0
2023-06-19 16:00:00,1.09215,1.09259,1.09154,1.0918,1967,8,0
2023-06-19 20:00:00,1.0918,1.09242,1.09171,1.09231,1336,8,0
2023-06-20 00:00:00,1.09233,1.09257,1.09103,1.09193,5586,8,0
2023-06-20 04:00:00,1.09193,1.09458,1.09114,1.09434,7779,8,0
2023-06-20 08:00:00,1.09433,1.09444,1.09216,1.09283,7844,8,0
2023-06-20 12:00:00,1.09285,1.09354,1.08916,1.08993,12870,8,0
2023-06-20 16:00:00,1.08994,1.09172,1.08951,1.09121,5829,8,0
2023-06-20 20:00:00,1.09123,1.0921,1.09118,1.09194,1591,8,0
2023-06-21 00:00:00,1.09195,1.09207,1.09115,1.09144,5258,8,0
2023-06-21 04:00:00,1.09145,1.09193,1.09052,1.09125,8048,8,0
2023-06-21 08:00:00,1.09125,1.09334,1.09089,1.0924,8712,8,0
2023-06-21 12:00:00,1.09239,1.09637,1.0908,1.09503,14240,8,0
2023-06-21 16:00:00,1.09501,1.09894,1.09493,1.09874,6858,8,0
2023-06-21 20:00:00,1.09874,1.09917,1.09823,1.09911,1894,8,0
2023-06-22 00:00:00,1.09912,1.09944,1.09862,1.09924,3819,8,0
2023-06-22 04:00:00,1.09925,1.09997,1.09793,1.0994,7393,8,0
2023-06-22 08:00:00,1.09939,1.10119,1.09869,1.09889,10609,8,0
2023-06-22 12:00:00,1.09888,1.10013,1.09518,1.09522,13933,8,0
2023-06-22 16:00:00,1.09523,1.09612,1.09481,1.09576,6252,8,0
2023-06-22 20:00:00,1.09577,1.09581,1.09511,1.09551,1831,8,0
2023-06-23 00:00:00,1.09552,1.09581,1.09318,1.09352,5681,8,0
2023-06-23 04:00:00,1.09352,1.09366,1.08533,1.08683,11291,8,0
2023-06-23 08:00:00,1.08683,1.08789,1.08441,1.08758,10231,8,0
2023-06-23 12:00:00,1.08758,1.0902,1.08758,1.08858,14406,8,0
2023-06-23 16:00:00,1.08858,1.08958,1.08823,1.08907,5714,8,0
2023-06-23 20:00:00,1.08905,1.08955,1.08898,1.0893,764,8,0
2023-06-25 20:00:00,1.08973,1.09062,1.08938,1.09059,1395,10,0
2023-06-26 00:00:00,1.0906,1.09093,1.08985,1.09057,6023,8,0
2023-06-26 04:00:00,1.09057,1.09106,1.08951,1.0902,7087,8,0
2023-06-26 08:00:00,1.09019,1.09176,1.08869,1.09174,8207,8,0
2023-06-26 12:00:00,1.09172,1.0919699999999999,1.09024,1.0909,9488,8,0
2023-06-26 16:00:00,1.09089,1.09149,1.08995,1.09057,4922,8,0
2023-06-26 20:00:00,1.09057,1.09103,1.09021,1.09095,1326,8,0
2023-06-27 00:00:00,1.09096,1.09346,1.09016,1.09262,6204,8,0
2023-06-27 04:00:00,1.09262,1.0941,1.09158,1.09392,7096,8,0
2023-06-27 08:00:00,1.0939,1.09523,1.09256,1.09443,8276,8,0
2023-06-27 12:00:00,1.09442,1.09763,1.0942,1.09595,14375,8,0
2023-06-27 16:00:00,1.09595,1.09652,1.09546,1.09621,5388,8,0
2023-06-27 20:00:00,1.09621,1.09627,1.09536,1.09571,1548,8,0
2023-06-28 00:00:00,1.0957,1.0961,1.09419,1.09505,5714,8,0
2023-06-28 04:00:00,1.09505,1.09565,1.09357,1.09523,6622,8,0
2023-06-28 08:00:00,1.09523,1.09618,1.09372,1.09399,9227,8,0
2023-06-28 12:00:00,1.09401,1.09442,1.08964,1.0903100000000001,15087,8,0
2023-06-28 16:00:00,1.09029,1.09234,1.09027,1.09154,5880,8,0
2023-06-28 20:00:00,1.09156,1.09181,1.09098,1.09147,1383,8,0
2023-06-29 00:00:00,1.09148,1.09156,1.08901,1.08926,5366,8,0
2023-06-29 04:00:00,1.08927,1.09202,1.08804,1.09164,8303,8,0
2023-06-29 08:00:00,1.09162,1.09393,1.09101,1.09383,7664,8,0
2023-06-29 12:00:00,1.09382,1.09409,1.08598,1.08799,18118,8,0
2023-06-29 16:00:00,1.08797,1.08832,1.08651,1.08688,5893,8,0
2023-06-29 20:00:00,1.08686,1.08691,1.08585,1.0867,1507,8,0
2023-06-30 00:00:00,1.08671,1.08749,1.086,1.08709,5467,8,0
2023-06-30 04:00:00,1.08709,1.08751,1.0853,1.08561,7027,8,0
2023-06-30 08:00:00,1.08561,1.08588,1.08349,1.08532,8068,8,0
2023-06-30 12:00:00,1.08534,1.09313,1.08527,1.09187,16581,8,0
2023-06-30 16:00:00,1.09186,1.09225,1.09089,1.09126,6331,8,0
2023-06-30 20:00:00,1.09126,1.09127,1.09076,1.09105,884,8,0
2023-07-02 20:00:00,1.09099,1.09114,1.09063,1.09072,839,10,0
2023-07-03 00:00:00,1.09073,1.09172,1.09002,1.09122,4463,8,0
2023-07-03 04:00:00,1.09122,1.09177,1.08699,1.08747,7356,8,0
2023-07-03 08:00:00,1.08747,1.09043,1.0872600000000001,1.08988,8500,8,0
2023-07-03 12:00:00,1.08988,1.09322,1.08935,1.09177,12566,8,0
2023-07-03 16:00:00,1.09176,1.09209,1.09081,1.09089,3341,8,0
2023-07-03 20:00:00,1.09089,1.0914,1.09073,1.09124,960,8,0
2023-07-04 00:00:00,1.09125,1.0916,1.09021,1.09042,3363,8,0
2023-07-04 04:00:00,1.09041,1.09145,1.08937,1.09025,5985,8,0
2023-07-04 08:00:00,1.09024,1.09041,1.0889199999999999,1.0898,6761,8,0
2023-07-04 12:00:00,1.08978,1.09071,1.08934,1.09006,5323,8,0
2023-07-04 16:00:00,1.09006,1.09008,1.08804,1.08829,2198,8,0
2023-07-04 20:00:00,1.08829,1.08832,1.08754,1.0882,1474,8,0
2023-07-05 00:00:00,1.08821,1.08904,1.08746,1.08769,3902,8,0
2023-07-05 04:00:00,1.0877,1.09074,1.08673,1.08862,7083,8,0
2023-07-05 08:00:00,1.08862,1.0895299999999999,1.0866,1.0878700000000001,9840,8,0
2023-07-05 12:00:00,1.08789,1.09016,1.08645,1.08666,11432,8,0
2023-07-05 16:00:00,1.08666,1.08667,1.08506,1.08545,5923,8,0
2023-07-05 20:00:00,1.08546,1.08557,1.08502,1.08547,1575,8,0
2023-07-06 00:00:00,1.08548,1.08556,1.08395,1.08397,4735,8,0
2023-07-06 04:00:00,1.08397,1.08748,1.08333,1.0855,9096,8,0
2023-07-06 08:00:00,1.08551,1.08974,1.0845,1.08948,10379,8,0
2023-07-06 12:00:00,1.08947,1.09002,1.08333,1.0872,21321,8,0
2023-07-06 16:00:00,1.0872,1.08883,1.08704,1.08879,6624,8,0
2023-07-06 20:00:00,1.08877,1.0893,1.0884800000000001,1.08893,1487,8,0
2023-07-07 00:00:00,1.08894,1.08912,1.08821,1.08874,4486,8,0
2023-07-07 04:00:00,1.08873,1.08999,1.08712,1.08756,7573,8,0
2023-07-07 08:00:00,1.08755,1.08963,1.08666,1.08871,9333,8,0
2023-07-07 12:00:00,1.08872,1.0963,1.08742,1.09625,21114,8,0
2023-07-07 16:00:00,1.09626,1.09728,1.09626,1.09662,5951,8,0
2023-07-07 20:00:00,1.09664,1.0969,1.09646,1.09685,704,8,0
2023-07-09 20:00:00,1.09601,1.09678,1.09589,1.09665,1010,10,0
2023-07-10 00:00:00,1.09666,1.0969,1.09526,1.09555,5758,8,0
2023-07-10 04:00:00,1.09554,1.0965,1.09447,1.0954,7084,8,0
2023-07-10 08:00:00,1.09542,1.09728,1.09524,1.09536,7604,8,0
2023-07-10 12:00:00,1.09536,1.09924,1.0943,1.09897,12238,8,0
2023-07-10 16:00:00,1.09897,1.09999,1.09821,1.09977,5370,8,0
2023-07-10 20:00:00,1.09977,1.10054,1.09942,1.10049,1375,8,0
2023-07-11 00:00:00,1.1005,1.1019700000000001,1.10012,1.10171,5367,8,0
2023-07-11 04:00:00,1.1017,1.10265,1.10054,1.10077,8691,8,0
2023-07-11 08:00:00,1.10077,1.10151,1.09827,1.09833,8147,8,0
2023-07-11 12:00:00,1.09832,1.09943,1.09766,1.09912,10025,8,0
2023-07-11 16:00:00,1.09914,1.10086,1.09906,1.10056,4729,8,0
2023-07-11 20:00:00,1.10058,1.10139,1.1003,1.10132,1305,8,0
2023-07-12 00:00:00,1.10133,1.10329,1.10116,1.10291,6232,8,0
2023-07-12 04:00:00,1.10292,1.10365,1.10203,1.10269,6613,8,0
2023-07-12 08:00:00,1.10269,1.10301,1.10132,1.10143,7074,8,0
2023-07-12 12:00:00,1.10145,1.11249,1.10145,1.11217,19831,8,0
2023-07-12 16:00:00,1.11215,1.11399,1.112,1.11368,6881,8,0
2023-07-12 20:00:00,1.11366,1.11401,1.11263,1.114,2032,8,0
2023-07-13 00:00:00,1.11402,1.11483,1.11361,1.11453,5224,8,0
2023-07-13 04:00:00,1.11453,1.11573,1.11295,1.11549,8529,8,0
2023-07-13 08:00:00,1.11549,1.11775,1.11498,1.1174,8960,8,0
2023-07-13 12:00:00,1.11741,1.11961,1.11613,1.11923,15003,8,0
2023-07-13 16:00:00,1.11924,1.12265,1.11914,1.12259,6809,8,0
2023-07-13 20:00:00,1.12259,1.12276,1.12157,1.1223,2042,8,0
2023-07-14 00:00:00,1.12231,1.12425,1.12132,1.12409,6582,8,0
2023-07-14 04:00:00,1.12409,1.12409,1.12039,1.12212,7986,8,0
2023-07-14 08:00:00,1.12212,1.1244399999999999,1.12152,1.12239,8517,8,0
2023-07-14 12:00:00,1.12239,1.12439,1.121,1.12352,15297,8,0
2023-07-14 16:00:00,1.12353,1.12426,1.12254,1.12255,5583,8,0
2023-07-14 20:00:00,1.12255,1.1229,1.12241,1.12281,809,8,0
2023-07-16 20:00:00,1.12268,1.12297,1.12214,1.12269,1162,10,0
2023-07-17 00:00:00,1.1227,1.12292,1.12143,1.12262,4712,8,0
2023-07-17 04:00:00,1.1226,1.12447,1.1221700000000001,1.12443,6337,8,0
2023-07-17 08:00:00,1.1244399999999999,1.12482,1.12287,1.12335,7016,8,0
2023-07-17 12:00:00,1.12335,1.12375,1.12031,1.12346,10804,8,0
2023-07-17 16:00:00,1.12348,1.12456,1.12297,1.12435,3893,8,0
2023-07-17 20:00:00,1.12435,1.12435,1.12328,1.1237,1619,8,0
2023-07-18 00:00:00,1.12371,1.12555,1.12342,1.12534,5616,8,0
2023-07-18 04:00:00,1.12535,1.12754,1.12402,1.12534,8711,8,0
2023-07-18 08:00:00,1.12535,1.12595,1.12277,1.1252900000000001,9395,8,0
2023-07-18 12:00:00,1.1253,1.12684,1.12164,1.1222,19892,8,0
2023-07-18 16:00:00,1.12222,1.12306,1.12086,1.12297,5673,8,0
2023-07-18 20:00:00,1.12297,1.12313,1.12234,1.12279,1797,8,0
2023-07-19 00:00:00,1.12279,1.12323,1.12159,1.12258,5539,8,0
2023-07-19 04:00:00,1.12258,1.12367,1.11958,1.12268,10596,8,0
2023-07-19 08:00:00,1.12266,1.12398,1.12097,1.12127,8924,8,0
2023-07-19 12:00:00,1.12127,1.12241,1.1174,1.11934,13769,8,0
2023-07-19 16:00:00,1.11936,1.12045,1.11797,1.1203400000000001,5968,8,0
2023-07-19 20:00:00,1.12033,1.12047,1.11943,1.12046,1588,8,0
2023-07-20 00:00:00,1.12047,1.12286,1.12035,1.12255,6296,8,0
2023-07-20 04:00:00,1.12254,1.12263,1.11976,1.12049,7623,8,0
2023-07-20 08:00:00,1.12049,1.12163,1.11983,1.12067,8027,8,0
2023-07-20 12:00:00,1.12065,1.12065,1.11316,1.11343,14663,8,0
2023-07-20 16:00:00,1.11344,1.11382,1.1118,1.11314,5756,8,0
2023-07-20 20:00:00,1.11315,1.1137299999999999,1.11257,1.11341,1484,8,0
2023-07-21 00:00:00,1.11341,1.11412,1.11294,1.11356,5322,8,0
2023-07-21 04:00:00,1.11357,1.11446,1.11246,1.11277,7532,8,0
2023-07-21 08:00:00,1.11277,1.11372,1.11169,1.11177,9227,8,0
2023-07-21 12:00:00,1.11178,1.11376,1.11074,1.11191,11453,8,0
2023-07-21 16:00:00,1.11191,1.11297,1.11151,1.11249,4550,8,0
2023-07-21 20:00:00,1.1125099999999999,1.11288,1.11244,1.11249,597,8,0
2023-07-23 20:00:00,1.11225,1.11297,1.11225,1.1124,1221,10,0
2023-07-24 00:00:00,1.11241,1.11323,1.11194,1.11252,5255,8,0
2023-07-24 04:00:00,1.1125,1.11465,1.10745,1.10807,9530,8,0
2023-07-24 08:00:00,1.10808,1.11087,1.10654,1.1097,11470,8,0
2023-07-24 12:00:00,1.1097,1.11038,1.10688,1.10817,13228,8,0
2023-07-24 16:00:00,1.10817,1.1084100000000001,1.10599,1.106,5808,8,0
2023-07-24 20:00:00,1.10599,1.10652,1.10579,1.10625,1674,8,0
2023-07-25 00:00:00,1.10627,1.10811,1.1062400000000001,1.1078000000000001,5599,8,0
2023-07-25 04:00:00,1.1078000000000001,1.10864,1.10684,1.10706,7178,8,0
2023-07-25 08:00:00,1.10705,1.10706,1.10388,1.1049,8630,8,0
2023-07-25 12:00:00,1.10489,1.10528,1.10205,1.10488,9753,8,0
2023-07-25 16:00:00,1.10487,1.10543,1.10351,1.10516,5179,8,0
2023-07-25 20:00:00,1.10516,1.10555,1.10471,1.10495,1742,8,0
2023-07-26 00:00:00,1.10496,1.10527,1.10375,1.10491,5059,8,0
2023-07-26 04:00:00,1.1049,1.10743,1.10459,1.10692,6902,8,0
2023-07-26 08:00:00,1.1069,1.10858,1.10596,1.10622,7933,8,0
2023-07-26 12:00:00,1.1062400000000001,1.10792,1.1057,1.10765,11227,8,0
2023-07-26 16:00:00,1.10763,1.11062,1.10564,1.1096,18750,8,0
2023-07-26 20:00:00,1.10959,1.10961,1.10775,1.10775,1884,8,0
2023-07-27 00:00:00,1.10776,1.11175,1.1077,1.10998,6347,8,0
2023-07-27 04:00:00,1.10998,1.11336,1.10877,1.11283,8645,8,0
2023-07-27 08:00:00,1.11283,1.11492,1.1124,1.11381,8662,8,0
2023-07-27 12:00:00,1.1138,1.11387,1.09834,1.09967,29806,8,0
2023-07-27 16:00:00,1.09968,1.10099,1.09654,1.09665,12409,8,0
2023-07-27 20:00:00,1.09663,1.09826,1.09657,1.09777,1935,8,0
2023-07-28 00:00:00,1.09777,1.0988,1.09712,1.09763,10899,8,0
2023-07-28 04:00:00,1.09762,1.09907,1.09432,1.09511,17847,8,0
2023-07-28 08:00:00,1.09513,1.10179,1.09473,1.10089,11375,8,0
2023-07-28 12:00:00,1.10088,1.1047,1.09927,1.10378,18642,8,0
2023-07-28 16:00:00,1.10379,1.10425,1.10147,1.10227,7189,8,0
2023-07-28 20:00:00,1.10225,1.1023,1.10125,1.10165,1377,8,0
2023-07-30 20:00:00,1.10158,1.10266,1.10142,1.10233,1334,10,0
2023-07-31 00:00:00,1.10235,1.10275,1.10089,1.1012,6083,8,0
2023-07-31 04:00:00,1.1012,1.10286,1.10049,1.10193,7889,8,0
2023-07-31 08:00:00,1.10195,1.10397,1.10112,1.10264,8569,8,0
2023-07-31 12:00:00,1.10266,1.10453,1.10118,1.10179,12826,8,0
2023-07-31 16:00:00,1.1018,1.1019700000000001,1.09934,1.0995,5481,8,0
2023-07-31 20:00:00,1.09949,1.1001,1.0992,1.09962,1468,8,0
2023-08-01 00:00:00,1.09962,1.10012,1.09801,1.09851,4789,8,0
2023-08-01 04:00:00,1.09851,1.09999,1.09698,1.09793,7858,8,0
2023-08-01 08:00:00,1.09793,1.09862,1.09655,1.09752,8362,8,0
2023-08-01 12:00:00,1.09752,1.09887,1.09519,1.09698,14603,8,0
2023-08-01 16:00:00,1.097,1.09847,1.09622,1.09822,5129,8,0
2023-08-01 20:00:00,1.09821,1.10162,1.09794,1.10072,3303,8,0
2023-08-02 00:00:00,1.10073,1.1007500000000001,1.09799,1.09866,6833,8,0
2023-08-02 04:00:00,1.09866,1.10002,1.0981,1.09896,8759,8,0
2023-08-02 08:00:00,1.09898,1.09923,1.09678,1.09781,10112,8,0
2023-08-02 12:00:00,1.0977999999999999,1.09868,1.09176,1.09378,16086,8,0
2023-08-02 16:00:00,1.09378,1.09572,1.09344,1.09393,6371,8,0
2023-08-02 20:00:00,1.09391,1.09448,1.09335,1.0943,1490,8,0
2023-08-03 00:00:00,1.0943100000000001,1.09488,1.09301,1.09343,5340,8,0
2023-08-03 04:00:00,1.09341,1.09428,1.0913599999999999,1.09187,10136,8,0
2023-08-03 08:00:00,1.09186,1.09483,1.0912,1.09346,12116,8,0
2023-08-03 12:00:00,1.09345,1.09556,1.0915,1.09462,19152,8,0
2023-08-03 16:00:00,1.09462,1.09623,1.09381,1.09436,5704,8,0
2023-08-03 20:00:00,1.09434,1.0953,1.09409,1.09506,1737,8,0
2023-08-04 00:00:00,1.09507,1.0961,1.09462,1.09538,5926,8,0
2023-08-04 04:00:00,1.09538,1.09579,1.09438,1.0947,7054,8,0
2023-08-04 08:00:00,1.09472,1.09522,1.09348,1.09374,7089,8,0
2023-08-04 12:00:00,1.09373,1.10415,1.09332,1.10343,21449,8,0
2023-08-04 16:00:00,1.10343,1.10389,1.10033,1.10073,6398,8,0
2023-08-04 20:00:00,1.10071,1.10112,1.10037,1.10077,899,8,0
2023-08-06 20:00:00,1.10133,1.10141,1.09995,1.1002,1358,10,0
2023-08-07 00:00:00,1.10021,1.10114,1.09947,1.0995,4952,8,0
2023-08-07 04:00:00,1.09951,1.0997,1.09703,1.09924,7361,8,0
2023-08-07 08:00:00,1.09923,1.09923,1.0965,1.09836,7471,8,0
2023-08-07 12:00:00,1.09836,1.10113,1.09793,1.09985,9803,8,0
2023-08-07 16:00:00,1.09984,1.10097,1.09918,1.1004,4939,8,0
2023-08-07 20:00:00,1.10039,1.10044,1.09987,1.10022,1161,8,0
2023-08-08 00:00:00,1.1002399999999999,1.1005,1.09764,1.09814,5593,8,0
2023-08-08 04:00:00,1.09813,1.10105,1.09734,1.09785,8274,8,0
2023-08-08 08:00:00,1.09782,1.09869,1.09364,1.09408,9789,8,0
2023-08-08 12:00:00,1.09408,1.09556,1.09287,1.09498,12464,8,0
2023-08-08 16:00:00,1.09497,1.09616,1.09474,1.09567,5094,8,0
2023-08-08 20:00:00,1.09569,1.0959,1.095,1.09588,1430,8,0
2023-08-09 00:00:00,1.09588,1.09704,1.0955,1.09662,4940,8,0
2023-08-09 04:00:00,1.09662,1.09844,1.09628,1.09839,6754,8,0
2023-08-09 08:00:00,1.09837,1.09883,1.0969,1.09693,7137,8,0
2023-08-09 12:00:00,1.09695,1.09949,1.09617,1.09738,11165,8,0
2023-08-09 16:00:00,1.09738,1.09913,1.09728,1.0973,5709,8,0
2023-08-09 20:00:00,1.0973,1.09772,1.09694,1.09768,1367,8,0
2023-08-10 00:00:00,1.09768,1.09816,1.09669,1.09789,4318,8,0
2023-08-10 04:00:00,1.09788,1.10181,1.09782,1.10079,6966,8,0
2023-08-10 08:00:00,1.10079,1.10293,1.10078,1.10161,7464,8,0
2023-08-10 12:00:00,1.10161,1.10643,1.10072,1.10149,24802,8,0
2023-08-10 16:00:00,1.10148,1.10188,1.09758,1.09787,10280,8,0
2023-08-10 20:00:00,1.09788,1.09842,1.09773,1.09812,1768,8,0
2023-08-11 00:00:00,1.09813,1.09975,1.09793,1.09869,4311,8,0
2023-08-11 04:00:00,1.09869,1.10017,1.09835,1.09921,6792,8,0
2023-08-11 08:00:00,1.0992,1.10027,1.09759,1.09969,8025,8,0
2023-08-11 12:00:00,1.09969,1.10046,1.09507,1.09556,19060,8,0
2023-08-11 16:00:00,1.09558,1.09642,1.09426,1.09463,5841,8,0
2023-08-11 20:00:00,1.09466,1.09488,1.09442,1.09468,737,8,0
2023-08-13 20:00:00,1.09495,1.09506,1.09383,1.09428,1123,10,0
2023-08-14 00:00:00,1.09429,1.09463,1.09289,1.09317,5853,8,0
2023-08-14 04:00:00,1.09317,1.09559,1.0925799999999999,1.09516,7513,8,0
2023-08-14 08:00:00,1.09515,1.09596,1.09364,1.09386,8065,8,0
2023-08-14 12:00:00,1.09385,1.09406,1.08743,1.09202,15189,8,0
2023-08-14 16:00:00,1.09201,1.09354,1.09024,1.09025,6242,8,0
2023-08-14 20:00:00,1.09024,1.0907499999999999,1.09015,1.09073,1467,8,0
2023-08-15 00:00:00,1.09073,1.09171,1.09001,1.09141,5791,8,0
2023-08-15 04:00:00,1.09141,1.093,1.09059,1.09231,8062,8,0
2023-08-15 08:00:00,1.0923,1.09443,1.09175,1.09289,9595,8,0
2023-08-15 12:00:00,1.09288,1.0952,1.08969,1.09264,19556,8,0
2023-08-15 16:00:00,1.09265,1.0928,1.08987,1.09055,6293,8,0
2023-08-15 20:00:00,1.09055,1.09055,1.09001,1.09034,1563,8,0
2023-08-16 00:00:00,1.09035,1.09115,1.08986,1.09061,5742,8,0
2023-08-16 04:00:00,1.0906,1.09267,1.09055,1.09229,7549,8,0
2023-08-16 08:00:00,1.09227,1.09341,1.09062,1.09128,7965,8,0
2023-08-16 12:00:00,1.09126,1.0923,1.08957,1.09024,14162,8,0
2023-08-16 16:00:00,1.09023,1.09043,1.08711,1.08739,9596,8,0
2023-08-16 20:00:00,1.08739,1.08814,1.0872600000000001,1.0874,1789,8,0
2023-08-17 00:00:00,1.08742,1.08745,1.0861399999999999,1.08636,6178,8,0
2023-08-17 04:00:00,1.08636,1.08863,1.08624,1.088,7491,8,0
2023-08-17 08:00:00,1.08799,1.08952,1.08635,1.08941,9187,8,0
2023-08-17 12:00:00,1.08942,1.09177,1.08664,1.08733,15770,8,0
2023-08-17 16:00:00,1.08733,1.08891,1.08559,1.08715,7644,8,0
2023-08-17 20:00:00,1.08713,1.0875,1.08642,1.08739,1822,8,0
2023-08-18 00:00:00,1.08739,1.08935,1.08713,1.08856,6345,8,0
2023-08-18 04:00:00,1.08856,1.08875,1.0864,1.0872600000000001,8133,8,0
2023-08-18 08:00:00,1.0872600000000001,1.08765,1.08598,1.08626,7853,8,0
2023-08-18 12:00:00,1.08627,1.0881,1.08446,1.0874,13792,8,0
2023-08-18 16:00:00,1.08738,1.08808,1.08677,1.08722,6168,8,0
2023-08-18 20:00:00,1.08721,1.08733,1.08681,1.08724,964,8,0
2023-08-20 20:00:00,1.08669,1.08766,1.08669,1.08744,1024,10,0
2023-08-21 00:00:00,1.08746,1.08838,1.08692,1.088,5326,8,0
2023-08-21 04:00:00,1.088,1.08884,1.0872,1.08882,7015,8,0
2023-08-21 08:00:00,1.08882,1.09131,1.08817,1.09089,8287,8,0
2023-08-21 12:00:00,1.09088,1.09127,1.08749,1.08874,12491,8,0
2023-08-21 16:00:00,1.08873,1.09038,1.08871,1.08957,5360,8,0
2023-08-21 20:00:00,1.08957,1.0901,1.08863,1.08972,1260,8,0
2023-08-22 00:00:00,1.08972,1.09154,1.0893,1.09146,5294,8,0
2023-08-22 04:00:00,1.09146,1.09299,1.09043,1.09252,6627,8,0
2023-08-22 08:00:00,1.09254,1.09282,1.08802,1.08845,7814,8,0
2023-08-22 12:00:00,1.08845,1.08903,1.08325,1.08451,14269,8,0
2023-08-22 16:00:00,1.08451,1.0855,1.0843099999999999,1.08454,4981,8,0
2023-08-22 20:00:00,1.08452,1.08485,1.08411,1.0846,1329,8,0
2023-08-23 00:00:00,1.08461,1.08591,1.08442,1.0857,4730,8,0
2023-08-23 04:00:00,1.0857,1.08711,1.08115,1.08178,8991,8,0
2023-08-23 08:00:00,1.08177,1.08299,1.08035,1.08108,10830,8,0
2023-08-23 12:00:00,1.08106,1.08624,1.0802100000000001,1.0861,15714,8,0
2023-08-23 16:00:00,1.0861,1.08697,1.08554,1.08635,6185,8,0
2023-08-23 20:00:00,1.08634,1.08655,1.08596,1.0865,1834,8,0
2023-08-24 00:00:00,1.08651,1.08748,1.0858,1.08655,5063,8,0
2023-08-24 04:00:00,1.08654,1.08761,1.08516,1.08559,7191,8,0
2023-08-24 08:00:00,1.08557,1.08639,1.08412,1.08419,7709,8,0
2023-08-24 12:00:00,1.08417,1.08483,1.08138,1.08251,14067,8,0
2023-08-24 16:00:00,1.0825,1.08272,1.08052,1.08054,6011,8,0
2023-08-24 20:00:00,1.08052,1.08131,1.07885,1.07981,1609,8,0
2023-08-25 00:00:00,1.07979,1.08037,1.07795,1.078,4631,8,0
2023-08-25 04:00:00,1.078,1.07914,1.07674,1.0771,6685,8,0
2023-08-25 08:00:00,1.07711,1.08109,1.07657,1.08026,7531,8,0
2023-08-25 12:00:00,1.08024,1.08412,1.07654,1.07858,20654,8,0
2023-08-25 16:00:00,1.0786,1.08122,1.07852,1.08024,7986,8,0
2023-08-25 20:00:00,1.08026,1.08028,1.0791,1.07947,818,8,0
2023-08-27 20:00:00,1.0794,1.07991,1.07915,1.07965,1303,10,0
2023-08-28 00:00:00,1.07966,1.08096,1.07956,1.0809,4846,8,0
2023-08-28 04:00:00,1.0809,1.08205,1.0805,1.08084,5244,8,0
2023-08-28 08:00:00,1.08084,1.08219,1.07989,1.08039,6712,8,0
2023-08-28 12:00:00,1.08037,1.08136,1.07984,1.08086,11129,8,0
2023-08-28 16:00:00,1.08088,1.08194,1.08035,1.08174,4891,8,0
2023-08-28 20:00:00,1.08175,1.08293,1.08105,1.08252,1688,8,0
2023-08-29 00:00:00,1.08252,1.08379,1.08208,1.08358,4347,8,0
2023-08-29 04:00:00,1.08357,1.08359,1.0808,1.08198,5469,8,0
2023-08-29 08:00:00,1.08199,1.08223,1.08033,1.08038,8092,8,0
2023-08-29 12:00:00,1.08037,1.08565,1.07818,1.08496,17384,8,0
2023-08-29 16:00:00,1.08495,1.08915,1.08463,1.0885,7497,8,0
2023-08-29 20:00:00,1.0884800000000001,1.08849,1.08682,1.08687,1964,8,0
2023-08-30 00:00:00,1.08688,1.08719,1.08633,1.08687,4880,8,0
2023-08-30 04:00:00,1.08687,1.08763,1.08554,1.08644,7619,8,0
2023-08-30 08:00:00,1.08643,1.08931,1.08548,1.08784,8892,8,0
2023-08-30 12:00:00,1.08785,1.09451,1.08742,1.09254,17436,8,0
2023-08-30 16:00:00,1.09254,1.09323,1.09163,1.09212,5691,8,0
2023-08-30 20:00:00,1.09212,1.09311,1.09183,1.09291,1415,8,0
2023-08-31 00:00:00,1.09292,1.09391,1.0919699999999999,1.092,4452,8,0
2023-08-31 04:00:00,1.092,1.09241,1.08895,1.08923,6896,8,0
2023-08-31 08:00:00,1.08921,1.08927,1.08571,1.08678,9451,8,0
2023-08-31 12:00:00,1.08678,1.08842,1.08363,1.08382,17804,8,0
2023-08-31 16:00:00,1.08382,1.08537,1.08347,1.0843099999999999,5809,8,0
2023-08-31 20:00:00,1.08433,1.08466,1.08389,1.08419,1516,8,0
2023-09-01 00:00:00,1.08418,1.08538,1.08359,1.08413,4836,8,0
2023-09-01 04:00:00,1.08413,1.08591,1.08281,1.08556,6790,8,0
2023-09-01 08:00:00,1.08556,1.08558,1.08327,1.08328,7160,8,0
2023-09-01 12:00:00,1.08328,1.08815,1.07859,1.0786,23499,8,0
2023-09-01 16:00:00,1.0786,1.07887,1.07717,1.07744,4977,8,0
2023-09-01 20:00:00,1.07746,1.0777,1.0772,1.07737,625,8,0
2023-09-03 20:00:00,1.07756,1.07761,1.07698,1.07752,851,10,0
2023-09-04 00:00:00,1.07753,1.07868,1.07729,1.07853,3982,8,0
2023-09-04 04:00:00,1.07853,1.08064,1.07808,1.07948,5629,8,0
2023-09-04 08:00:00,1.07948,1.08084,1.07905,1.07998,5722,8,0
2023-09-04 12:00:00,1.07997,1.0805,1.0783,1.07984,5278,8,0
2023-09-04 16:00:00,1.07984,1.07997,1.07918,1.07935,1170,8,0
2023-09-04 20:00:00,1.07935,1.07965,1.07908,1.07908,886,8,0
2023-09-05 00:00:00,1.0790899999999999,1.07979,1.07804,1.0788,4055,8,0
2023-09-05 04:00:00,1.0788,1.07934,1.07541,1.0756000000000001,7516,8,0
2023-09-05 08:00:00,1.0756000000000001,1.07584,1.07289,1.07322,8189,8,0
2023-09-05 12:00:00,1.07322,1.07481,1.07059,1.07263,15032,8,0
2023-09-05 16:00:00,1.07262,1.07314,1.0719,1.07209,4730,8,0
2023-09-05 20:00:00,1.07211,1.07272,1.07187,1.07241,1371,8,0
2023-09-06 00:00:00,1.07242,1.07339,1.07129,1.07329,5090,8,0
2023-09-06 04:00:00,1.07328,1.07479,1.07239,1.07286,8895,8,0
2023-09-06 08:00:00,1.07286,1.07483,1.07232,1.07436,8081,8,0
2023-09-06 12:00:00,1.07434,1.07451,1.07023,1.07126,14841,8,0
2023-09-06 16:00:00,1.07124,1.07291,1.07108,1.07256,5193,8,0
2023-09-06 20:00:00,1.07258,1.07278,1.07208,1.07235,1291,8,0
2023-09-07 00:00:00,1.07235,1.07314,1.07187,1.07294,3943,8,0
2023-09-07 04:00:00,1.07294,1.07298,1.07078,1.07155,6667,8,0
2023-09-07 08:00:00,1.07153,1.07175,1.07026,1.0705,7441,8,0
2023-09-07 12:00:00,1.07049,1.07103,1.06857,1.07029,13292,8,0
2023-09-07 16:00:00,1.07029,1.07093,1.06934,1.06945,5036,8,0
2023-09-07 20:00:00,1.06945,1.06982,1.06924,1.0697,1312,8,0
2023-09-08 00:00:00,1.06972,1.07229,1.06967,1.0716,5369,8,0
2023-09-08 04:00:00,1.0716,1.07276,1.07073,1.07083,5934,8,0
2023-09-08 08:00:00,1.07083,1.07169,1.06938,1.06987,7973,8,0
2023-09-08 12:00:00,1.06989,1.07434,1.06974,1.07083,11748,8,0
2023-09-08 16:00:00,1.07084,1.07131,1.06966,1.0699,4572,8,0
2023-09-08 20:00:00,1.06988,1.07027,1.06988,1.07,641,8,0
2023-09-10 20:00:00,1.07106,1.07201,1.07065,1.07158,1599,10,0
2023-09-11 00:00:00,1.07159,1.07276,1.07096,1.07222,5574,8,0
2023-09-11 04:00:00,1.07221,1.0741,1.07214,1.0725500000000001,7704,8,0
2023-09-11 08:00:00,1.0725500000000001,1.07339,1.07179,1.07191,7346,8,0
2023-09-11 12:00:00,1.07192,1.07588,1.07151,1.07422,10948,8,0
2023-09-11 16:00:00,1.07423,1.07575,1.07422,1.07484,4547,8,0
2023-09-11 20:00:00,1.07485,1.0751,1.07457,1.07471,1285,8,0
2023-09-12 00:00:00,1.07471,1.07687,1.07372,1.07459,5456,8,0
2023-09-12 04:00:00,1.0746,1.07461,1.07118,1.0713,6060,8,0
2023-09-12 08:00:00,1.07131,1.07256,1.0708199999999999,1.07176,7415,8,0
2023-09-12 12:00:00,1.07175,1.07297,1.07051,1.0725,9788,8,0
2023-09-12 16:00:00,1.07252,1.07371,1.07213,1.07277,5061,8,0
2023-09-12 20:00:00,1.07277,1.07644,1.07273,1.07527,2315,8,0
2023-09-13 00:00:00,1.07528,1.07644,1.07441,1.07468,4874,8,0
2023-09-13 04:00:00,1.07469,1.07541,1.07308,1.07434,7198,8,0
2023-09-13 08:00:00,1.07432,1.07444,1.07282,1.07362,7867,8,0
2023-09-13 12:00:00,1.07363,1.0761,1.071,1.07353,22258,8,0
2023-09-13 16:00:00,1.07353,1.07487,1.07275,1.07314,6438,8,0
2023-09-13 20:00:00,1.07314,1.07342,1.07264,1.07324,1529,8,0
2023-09-14 00:00:00,1.07324,1.07461,1.0729899999999999,1.07442,4583,8,0
2023-09-14 04:00:00,1.07442,1.07517,1.07327,1.07332,5035,8,0
2023-09-14 08:00:00,1.07331,1.07396,1.07241,1.07298,7144,8,0
2023-09-14 12:00:00,1.073,1.07458,1.06537,1.06583,25557,8,0
2023-09-14 16:00:00,1.06585,1.06626,1.06314,1.06422,6395,8,0
2023-09-14 20:00:00,1.06421,1.06464,1.06345,1.06346,1568,8,0
2023-09-15 00:00:00,1.06346,1.0648,1.06329,1.0647,5038,8,0
2023-09-15 04:00:00,1.0647199999999999,1.06671,1.0644,1.06632,7122,8,0
2023-09-15 08:00:00,1.06633,1.0669,1.06526,1.06541,6681,8,0
2023-09-15 12:00:00,1.06544,1.06874,1.06448,1.06718,14360,8,0
2023-09-15 16:00:00,1.06718,1.06798,1.06592,1.0659399999999999,5208,8,0
2023-09-15 20:00:00,1.06595,1.06624,1.06567,1.06603,855,8,0
2023-09-17 20:00:00,1.06607,1.06681,1.06606,1.06676,874,10,0
2023-09-18 00:00:00,1.06676,1.0673300000000001,1.06607,1.06638,3812,8,0
2023-09-18 04:00:00,1.06638,1.06774,1.06574,1.06618,5167,8,0
2023-09-18 08:00:00,1.06617,1.06744,1.06559,1.06629,5972,8,0
2023-09-18 12:00:00,1.06628,1.06983,1.06543,1.06937,10064,8,0
2023-09-18 16:00:00,1.06937,1.06977,1.06776,1.06862,4595,8,0
2023-09-18 20:00:00,1.06861,1.06933,1.06809,1.06916,1340,8,0
2023-09-19 00:00:00,1.06917,1.06962,1.06806,1.06822,3395,8,0
2023-09-19 04:00:00,1.06823,1.06949,1.06746,1.06939,5347,8,0
2023-09-19 08:00:00,1.06939,1.07093,1.06817,1.07084,7089,8,0
2023-09-19 12:00:00,1.07084,1.07175,1.06795,1.06827,11293,8,0
2023-09-19 16:00:00,1.06828,1.06914,1.06758,1.068,4893,8,0
2023-09-19 20:00:00,1.06801,1.06818,1.06764,1.0681,1134,8,0
2023-09-20 00:00:00,1.06811,1.06893,1.06778,1.06791,3576,8,0
2023-09-20 04:00:00,1.06792,1.06925,1.06727,1.06902,6406,8,0
2023-09-20 08:00:00,1.06901,1.07046,1.06893,1.0701100000000001,5791,8,0
2023-09-20 12:00:00,1.07013,1.07268,1.06918,1.07138,9664,8,0
2023-09-20 16:00:00,1.07137,1.07363,1.06575,1.06583,18852,8,0
2023-09-20 20:00:00,1.06583,1.06626,1.06474,1.06493,2162,8,0
2023-09-21 00:00:00,1.06495,1.06498,1.06164,1.06362,6313,8,0
2023-09-21 04:00:00,1.06362,1.06578,1.06324,1.06548,7805,8,0
2023-09-21 08:00:00,1.06546,1.06641,1.06332,1.06352,11129,8,0
2023-09-21 12:00:00,1.06354,1.06731,1.06245,1.06629,15755,8,0
2023-09-21 16:00:00,1.0663,1.06705,1.06542,1.06588,6487,8,0
2023-09-21 20:00:00,1.06586,1.06626,1.06557,1.06599,1568,8,0
2023-09-22 00:00:00,1.06599,1.06623,1.06405,1.0651,5115,8,0
2023-09-22 04:00:00,1.0651,1.06675,1.06146,1.06455,9431,8,0
2023-09-22 08:00:00,1.06455,1.0651,1.06337,1.06359,7911,8,0
2023-09-22 12:00:00,1.0636,1.06713,1.0636,1.06589,11619,8,0
2023-09-22 16:00:00,1.06589,1.06613,1.06389,1.06434,4906,8,0
2023-09-22 20:00:00,1.06434,1.06467,1.06413,1.06455,848,8,0
2023-09-24 20:00:00,1.06506,1.06514,1.06418,1.06479,1132,10,0
2023-09-25 00:00:00,1.0648,1.06549,1.06426,1.06476,3869,8,0
2023-09-25 04:00:00,1.06476,1.06527,1.06312,1.06376,5391,8,0
2023-09-25 08:00:00,1.06376,1.0643,1.06235,1.06301,8102,8,0
2023-09-25 12:00:00,1.063,1.06343,1.0575,1.05897,12157,8,0
2023-09-25 16:00:00,1.05897,1.05983,1.0585,1.05923,4929,8,0
2023-09-25 20:00:00,1.05923,1.05946,1.05891,1.05909,1670,8,0
2023-09-26 00:00:00,1.05909,1.05916,1.05781,1.05855,4281,8,0
2023-09-26 04:00:00,1.05856,1.05926,1.05696,1.0584500000000001,6436,8,0
2023-09-26 08:00:00,1.05847,1.06029,1.05822,1.05991,7315,8,0
2023-09-26 12:00:00,1.05989,1.06086,1.05673,1.0572,11752,8,0
2023-09-26 16:00:00,1.05722,1.05765,1.05617,1.05696,5366,8,0
2023-09-26 20:00:00,1.05697,1.0575,1.05665,1.05687,1732,8,0
2023-09-27 00:00:00,1.05686,1.05716,1.05556,1.05616,4850,8,0
2023-09-27 04:00:00,1.05614,1.05735,1.05545,1.05649,6094,8,0
2023-09-27 08:00:00,1.05649,1.05694,1.0534,1.0539,7465,8,0
2023-09-27 12:00:00,1.05392,1.05508,1.05078,1.05084,13513,8,0
2023-09-27 16:00:00,1.05085,1.05182,1.04877,1.05052,9744,8,0
2023-09-27 20:00:00,1.05053,1.05065,1.04981,1.05049,1887,8,0
2023-09-28 00:00:00,1.05051,1.05158,1.04983,1.05036,4480,8,0
2023-09-28 04:00:00,1.05036,1.0518399999999999,1.04907,1.05082,7913,8,0
2023-09-28 08:00:00,1.05082,1.05479,1.05043,1.05409,9881,8,0
2023-09-28 12:00:00,1.05411,1.0578400000000001,1.05175,1.05759,18684,8,0
2023-09-28 16:00:00,1.05759,1.05779,1.05494,1.05636,8367,8,0
2023-09-28 20:00:00,1.05636,1.05668,1.05583,1.05618,1725,8,0
2023-09-29 00:00:00,1.05619,1.05823,1.05576,1.05751,4224,8,0
2023-09-29 04:00:00,1.05751,1.06103,1.05738,1.06059,7902,8,0
2023-09-29 08:00:00,1.0606,1.06166,1.05898,1.05939,9777,8,0
2023-09-29 12:00:00,1.05939,1.06097,1.05696,1.05831,18117,8,0
2023-09-29 16:00:00,1.05831,1.05864,1.05637,1.05719,9373,8,0
2023-09-29 20:00:00,1.0572,1.05758,1.0569,1.05735,1061,8,0
2023-10-01 20:00:00,1.05676,1.05697,1.05559,1.0563,1595,10,0
2023-10-02 00:00:00,1.05636,1.05704,1.05618,1.05694,3504,8,0
2023-10-02 04:00:00,1.05692,1.05915,1.05598,1.0572,6789,8,0
2023-10-02 08:00:00,1.05718,1.05777,1.05299,1.05309,9333,8,0
2023-10-02 12:00:00,1.05309,1.05371,1.04918,1.04984,16051,8,0
2023-10-02 16:00:00,1.04984,1.05047,1.04804,1.04806,7583,8,0
2023-10-02 20:00:00,1.04804,1.04824,1.0473,1.04794,1951,8,0
2023-10-03 00:00:00,1.04795,1.048,1.04634,1.04678,5689,8,0
2023-10-03 04:00:00,1.0468,1.04838,1.04595,1.0482,7817,8,0
2023-10-03 08:00:00,1.0482,1.04931,1.04689,1.04731,9427,8,0
2023-10-03 12:00:00,1.04733,1.04853,1.04478,1.04522,23229,8,0
2023-10-03 16:00:00,1.04522,1.04792,1.04514,1.04709,9475,8,0
2023-10-03 20:00:00,1.04709,1.04732,1.04612,1.04682,1828,8,0
2023-10-04 00:00:00,1.04683,1.04752,1.04568,1.04588,5477,8,0
2023-10-04 04:00:00,1.04588,1.04849,1.04509,1.04841,7868,8,0
2023-10-04 08:00:00,1.04841,1.05159,1.04786,1.04976,10207,8,0
2023-10-04 12:00:00,1.04976,1.05318,1.04826,1.05172,20304,8,0
2023-10-04 16:00:00,1.05174,1.05214,1.04975,1.05149,8673,8,0
2023-10-04 20:00:00,1.05149,1.05155,1.05012,1.05065,1729,8,0
2023-10-05 00:00:00,1.05064,1.05284,1.05017,1.05246,5341,8,0
2023-10-05 04:00:00,1.05246,1.05259,1.05012,1.05084,6742,8,0
2023-10-05 08:00:00,1.05083,1.05248,1.05024,1.05232,9174,8,0
2023-10-05 12:00:00,1.05232,1.0537,1.04996,1.05254,17684,8,0
2023-10-05 16:00:00,1.05253,1.05512,1.05237,1.0549,8434,8,0
2023-10-05 20:00:00,1.05492,1.05514,1.05444,1.05459,1488,8,0
2023-10-06 00:00:00,1.0546,1.05475,1.05378,1.05421,4229,8,0
2023-10-06 04:00:00,1.05421,1.05506,1.05311,1.05495,5705,8,0
2023-10-06 08:00:00,1.05496,1.05669,1.05417,1.05655,8326,8,0
2023-10-06 12:00:00,1.05655,1.05995,1.04822,1.05944,29038,8,0
2023-10-06 16:00:00,1.05942,1.0599,1.05752,1.05892,9322,8,0
2023-10-06 20:00:00,1.05893,1.05893,1.0582,1.05856,833,8,0
2023-10-08 20:00:00,1.05494,1.05679,1.05469,1.05658,2359,10,0
2023-10-09 00:00:00,1.0566,1.05739,1.05511,1.05518,5546,8,0
2023-10-09 04:00:00,1.05518,1.05582,1.05191,1.05227,8184,8,0
2023-10-09 08:00:00,1.05225,1.05447,1.05198,1.05278,8254,8,0
2023-10-09 12:00:00,1.05278,1.05571,1.05222,1.05393,13056,8,0
2023-10-09 16:00:00,1.05393,1.05696,1.05341,1.05687,7134,8,0
2023-10-09 20:00:00,1.05686,1.05792,1.05631,1.05782,1916,8,0
2023-10-10 00:00:00,1.05782,1.0583,1.05656,1.05691,6736,8,0
2023-10-10 04:00:00,1.05691,1.05719,1.05541,1.05713,8738,8,0
2023-10-10 08:00:00,1.05714,1.06106,1.05695,1.05753,12284,8,0
2023-10-10 12:00:00,1.05751,1.0619,1.05738,1.06167,15645,8,0
2023-10-10 16:00:00,1.06168,1.06194,1.05921,1.06042,9143,8,0
2023-10-10 20:00:00,1.06042,1.06077,1.06013,1.06038,1715,8,0
2023-10-11 00:00:00,1.06039,1.06139,1.0601,1.06045,5251,8,0
2023-10-11 04:00:00,1.06045,1.06277,1.05951,1.05995,7809,8,0
2023-10-11 08:00:00,1.05994,1.06142,1.0593,1.06035,10558,8,0
2023-10-11 12:00:00,1.06036,1.06343,1.05808,1.06124,17348,8,0
2023-10-11 16:00:00,1.06122,1.06153,1.0584500000000001,1.06121,8811,8,0
2023-10-11 20:00:00,1.06121,1.06251,1.06112,1.06232,1629,8,0
2023-10-12 00:00:00,1.06231,1.06286,1.06196,1.06282,4773,8,0
2023-10-12 04:00:00,1.06283,1.06392,1.06196,1.06196,6730,8,0
2023-10-12 08:00:00,1.06195,1.06269,1.06128,1.06191,7102,8,0
2023-10-12 12:00:00,1.06191,1.06254,1.05442,1.05516,20603,8,0
2023-10-12 16:00:00,1.05516,1.05604,1.05253,1.05302,9943,8,0
2023-10-12 20:00:00,1.05304,1.0537,1.05252,1.05354,1642,8,0
2023-10-13 00:00:00,1.05352,1.05478,1.05342,1.05452,4863,8,0
2023-10-13 04:00:00,1.05452,1.05574,1.05311,1.05513,7119,8,0
2023-10-13 08:00:00,1.05514,1.0558,1.05136,1.05243,9385,8,0
2023-10-13 12:00:00,1.05242,1.05469,1.04952,1.05002,16285,8,0
2023-10-13 16:00:00,1.05003,1.05154,1.04992,1.05134,8294,8,0
2023-10-13 20:00:00,1.05134,1.05134,1.05052,1.05076,759,8,0
2023-10-15 20:00:00,1.0511,1.05235,1.0506199999999999,1.05216,1525,10,0
2023-10-16 00:00:00,1.05217,1.05255,1.05151,1.0523,4809,8,0
2023-10-16 04:00:00,1.05232,1.05377,1.0522,1.05339,7555,8,0
2023-10-16 08:00:00,1.05338,1.05424,1.05231,1.05361,8025,8,0
2023-10-16 12:00:00,1.05363,1.05549,1.05253,1.05443,12974,8,0
2023-10-16 16:00:00,1.05445,1.05623,1.05399,1.05623,5765,8,0
2023-10-16 20:00:00,1.05621,1.05623,1.05517,1.05535,1551,8,0
2023-10-17 00:00:00,1.05538,1.05603,1.05457,1.05495,4917,8,0
2023-10-17 04:00:00,1.05495,1.05543,1.05336,1.05482,6375,8,0
2023-10-17 08:00:00,1.0548,1.05789,1.05325,1.05747,9542,8,0
2023-10-17 12:00:00,1.05749,1.05921,1.05377,1.05917,18140,8,0
2023-10-17 16:00:00,1.05917,1.05944,1.05636,1.0576699999999999,7815,8,0
2023-10-17 20:00:00,1.05765,1.05772,1.05714,1.05724,1513,8,0
2023-10-18 00:00:00,1.05724,1.05785,1.05601,1.0575,5204,8,0
2023-10-18 04:00:00,1.0575,1.05937,1.057,1.0578400000000001,7384,8,0
2023-10-18 08:00:00,1.05783,1.05863,1.05516,1.05602,9065,8,0
2023-10-18 12:00:00,1.05602,1.05739,1.05255,1.05308,14483,8,0
2023-10-18 16:00:00,1.0531,1.05532,1.05227,1.0535,9421,8,0
2023-10-18 20:00:00,1.05349,1.05384,1.0533,1.05375,1497,8,0
2023-10-19 00:00:00,1.05376,1.05415,1.0532,1.05334,5226,8,0
2023-10-19 04:00:00,1.05336,1.05477,1.05277,1.05371,6825,8,0
2023-10-19 08:00:00,1.05369,1.0563,1.05291,1.05575,8801,8,0
2023-10-19 12:00:00,1.05573,1.05813,1.05557,1.05691,14371,8,0
2023-10-19 16:00:00,1.05693,1.0616,1.05556,1.05877,21989,8,0
2023-10-19 20:00:00,1.05875,1.05875,1.05764,1.05859,1997,8,0
2023-10-20 00:00:00,1.05861,1.05861,1.05681,1.05757,5265,8,0
2023-10-20 04:00:00,1.05756,1.0578400000000001,1.05646,1.05703,6764,8,0
2023-10-20 08:00:00,1.05703,1.05985,1.0568,1.05905,8526,8,0
2023-10-20 12:00:00,1.05905,1.06003,1.05649,1.05907,15316,8,0
2023-10-20 16:00:00,1.05905,1.06032,1.05809,1.05918,8257,8,0
2023-10-20 20:00:00,1.05916,1.05953,1.05911,1.05934,814,8,0
2023-10-22 20:00:00,1.05931,1.05956,1.05869,1.05891,1178,10,0
2023-10-23 00:00:00,1.0588899999999999,1.05898,1.05729,1.05748,4218,8,0
2023-10-23 04:00:00,1.05747,1.05973,1.05711,1.05972,6347,8,0
2023-10-23 08:00:00,1.05972,1.06145,1.05901,1.06013,9287,8,0
2023-10-23 12:00:00,1.06013,1.06463,1.0590600000000001,1.06449,13649,8,0
2023-10-23 16:00:00,1.06448,1.06775,1.06406,1.06652,8066,8,0
2023-10-23 20:00:00,1.06651,1.0671599999999999,1.06624,1.06695,1914,8,0
2023-10-24 00:00:00,1.06696,1.06867,1.06665,1.06822,5105,8,0
2023-10-24 04:00:00,1.06822,1.06941,1.06566,1.06625,7666,8,0
2023-10-24 08:00:00,1.06625,1.06625,1.06214,1.06348,9430,8,0
2023-10-24 12:00:00,1.06349,1.06361,1.05827,1.05933,15633,8,0
2023-10-24 16:00:00,1.05934,1.06016,1.05831,1.05914,7269,8,0
2023-10-24 20:00:00,1.05916,1.05946,1.05866,1.05945,1677,8,0
2023-10-25 00:00:00,1.05945,1.06046,1.05892,1.06016,4715,8,0
2023-10-25 04:00:00,1.06016,1.06062,1.05779,1.05868,5492,8,0
2023-10-25 08:00:00,1.05869,1.05963,1.05655,1.0572300000000001,7650,8,0
2023-10-25 12:00:00,1.0572300000000001,1.05952,1.05665,1.05827,13789,8,0
2023-10-25 16:00:00,1.05826,1.05855,1.05654,1.05675,7985,8,0
2023-10-25 20:00:00,1.05676,1.05694,1.05584,1.05659,2070,8,0
2023-10-26 00:00:00,1.05658,1.05687,1.0541,1.05463,5083,8,0
2023-10-26 04:00:00,1.05463,1.05489,1.05325,1.05478,7176,8,0
2023-10-26 08:00:00,1.05478,1.0552,1.05307,1.05355,7359,8,0
2023-10-26 12:00:00,1.05357,1.05598,1.05216,1.05314,18758,8,0
2023-10-26 16:00:00,1.05313,1.05643,1.0524499999999999,1.05563,9374,8,0
2023-10-26 20:00:00,1.05561,1.05651,1.05537,1.05635,2097,8,0
2023-10-27 00:00:00,1.05635,1.05662,1.05521,1.0564,4309,8,0
2023-10-27 04:00:00,1.05641,1.05694,1.05516,1.05581,5736,8,0
2023-10-27 08:00:00,1.0558,1.05666,1.0535,1.05368,7416,8,0
2023-10-27 12:00:00,1.05368,1.05966,1.05348,1.05909,16757,8,0
2023-10-27 16:00:00,1.05909,1.05962,1.0557,1.05701,9106,8,0
2023-10-27 20:00:00,1.05702,1.05702,1.05624,1.0564,898,8,0
2023-10-29 20:00:00,1.05653,1.05671,1.05571,1.05617,1337,10,0
2023-10-30 00:00:00,1.05617,1.05654,1.05548,1.056,4508,8,0
2023-10-30 04:00:00,1.056,1.05671,1.05526,1.05561,4561,8,0
2023-10-30 08:00:00,1.05563,1.05957,1.05467,1.05847,8409,8,0
2023-10-30 12:00:00,1.0585,1.06246,1.05817,1.06188,13853,8,0
2023-10-30 16:00:00,1.06186,1.06212,1.05998,1.06165,6679,8,0
2023-10-30 20:00:00,1.06165,1.06171,1.061,1.06135,1431,8,0
2023-10-31 00:00:00,1.06136,1.06139,1.05902,1.0594,5651,8,0
2023-10-31 04:00:00,1.0594,1.06253,1.05903,1.06206,5867,8,0
2023-10-31 08:00:00,1.06204,1.06745,1.06152,1.06552,10979,8,0
2023-10-31 12:00:00,1.0655000000000001,1.06605,1.0566,1.05667,16600,8,0
2023-10-31 16:00:00,1.05671,1.05852,1.05573,1.058,9630,8,0
2023-10-31 20:00:00,1.05802,1.05831,1.05705,1.05776,2385,8,0
2023-11-01 00:00:00,1.05777,1.05802,1.05661,1.05699,4701,8,0
2023-11-01 04:00:00,1.057,1.05772,1.05585,1.05641,5373,8,0
2023-11-01 08:00:00,1.05641,1.05674,1.05405,1.05427,7577,8,0
2023-11-01 12:00:00,1.05429,1.05705,1.05213,1.0537,17691,8,0
2023-11-01 16:00:00,1.0537,1.057,1.05163,1.05668,19836,8,0
2023-11-01 20:00:00,1.05667,1.05861,1.05636,1.05858,2750,8,0
2023-11-02 00:00:00,1.0586,1.06017,1.05832,1.05995,5496,8,0
2023-11-02 04:00:00,1.05994,1.06098,1.05934,1.0603,5656,8,0
2023-11-02 08:00:00,1.0602800000000001,1.06382,1.05909,1.06332,10445,8,0
2023-11-02 12:00:00,1.06336,1.06673,1.06167,1.06169,15864,8,0
2023-11-02 16:00:00,1.06169,1.06318,1.06103,1.06225,8386,8,0
2023-11-02 20:00:00,1.06224,1.06231,1.06141,1.06153,2177,8,0
2023-11-03 00:00:00,1.06155,1.06283,1.06144,1.06248,3838,8,0
2023-11-03 04:00:00,1.06248,1.06333,1.06243,1.06287,4532,8,0
2023-11-03 08:00:00,1.06287,1.06521,1.06194,1.06463,8356,8,0
2023-11-03 12:00:00,1.06464,1.07349,1.06448,1.07315,22383,8,0
2023-11-03 16:00:00,1.07315,1.07463,1.07222,1.07246,8871,8,0
2023-11-03 20:00:00,1.07246,1.07322,1.07246,1.07297,836,8,0
2023-11-05 20:00:00,1.07243,1.07315,1.07214,1.0729,989,40,0
2023-11-06 00:00:00,1.0729,1.0734,1.07219,1.07337,4670,8,0
2023-11-06 04:00:00,1.07337,1.07433,1.07315,1.07328,5247,8,0
2023-11-06 08:00:00,1.07326,1.07559,1.07312,1.07509,8990,8,0
2023-11-06 12:00:00,1.07508,1.07537,1.07259,1.0743,10581,8,0
2023-11-06 16:00:00,1.07431,1.07488,1.07219,1.07239,7404,8,0
2023-11-06 20:00:00,1.0723799999999999,1.07239,1.07128,1.07171,3114,8,0
2023-11-07 00:00:00,1.07181,1.07191,1.07057,1.07086,4776,8,0
2023-11-07 04:00:00,1.07086,1.07114,1.06915,1.06966,5706,8,0
2023-11-07 08:00:00,1.06964,1.07059,1.0665,1.06732,9914,8,0
2023-11-07 12:00:00,1.06732,1.06892,1.06636,1.06847,11832,8,0
2023-11-07 16:00:00,1.06847,1.07044,1.06722,1.06949,9854,8,0
2023-11-07 20:00:00,1.0695000000000001,1.07003,1.06892,1.06941,3279,8,0
2023-11-08 00:00:00,1.06953,1.06988,1.06862,1.06895,4673,8,0
2023-11-08 04:00:00,1.06896,1.06926,1.06751,1.06799,5325,8,0
2023-11-08 08:00:00,1.068,1.06823,1.06591,1.06766,9297,8,0
2023-11-08 12:00:00,1.06765,1.0707200000000001,1.06597,1.07045,11926,8,0
2023-11-08 16:00:00,1.07046,1.07154,1.07006,1.0702,9891,8,0
2023-11-08 20:00:00,1.07019,1.07106,1.06995,1.07088,3391,8,0
2023-11-09 00:00:00,1.07107,1.07154,1.0702099999999999,1.07076,3866,8,0
2023-11-09 04:00:00,1.07075,1.07115,1.07012,1.07049,4582,8,0
2023-11-09 08:00:00,1.07049,1.07095,1.068,1.06877,8838,8,0
2023-11-09 12:00:00,1.06876,1.07248,1.06861,1.0714299999999999,13579,8,0
2023-11-09 16:00:00,1.0714299999999999,1.07166,1.06597,1.06669,15421,8,0
2023-11-09 20:00:00,1.0667,1.06748,1.06622,1.06666,4729,8,0
2023-11-10 00:00:00,1.06669,1.06746,1.06628,1.06694,4173,8,0
2023-11-10 04:00:00,1.06694,1.06715,1.06559,1.06628,5107,8,0
2023-11-10 08:00:00,1.06628,1.06885,1.06627,1.06764,9150,8,0
2023-11-10 12:00:00,1.06763,1.06922,1.06622,1.06697,12722,8,0
2023-11-10 16:00:00,1.06696,1.0687,1.06627,1.0679400000000001,8620,8,0
2023-11-10 20:00:00,1.0679400000000001,1.06869,1.06769,1.06844,2250,8,0
2023-11-12 20:00:00,1.06834,1.06886,1.06793,1.06883,1108,40,0
2023-11-13 00:00:00,1.06901,1.06901,1.06808,1.06855,3781,8,0
2023-11-13 04:00:00,1.06854,1.06969,1.0683,1.06923,4523,8,0
2023-11-13 08:00:00,1.06922,1.07009,1.06847,1.06866,8022,8,0
2023-11-13 12:00:00,1.06866,1.06924,1.06646,1.06885,11507,8,0
2023-11-13 16:00:00,1.06887,1.07057,1.06848,1.07017,7784,8,0
2023-11-13 20:00:00,1.07015,1.07037,1.0695000000000001,1.07009,2996,8,0
2023-11-14 00:00:00,1.0701100000000001,1.07018,1.06943,1.06964,3592,8,0
2023-11-14 04:00:00,1.06962,1.07092,1.06925,1.07056,4605,8,0
2023-11-14 08:00:00,1.07057,1.07301,1.06956,1.0719,9653,8,0
2023-11-14 12:00:00,1.0719,1.08418,1.07117,1.08371,22375,8,0
2023-11-14 16:00:00,1.0836999999999999,1.08822,1.08359,1.08808,10858,8,0
2023-11-14 20:00:00,1.08808,1.0887,1.08709,1.08774,3874,8,0
2023-11-15 00:00:00,1.08775,1.08824,1.08654,1.08815,5462,8,0
2023-11-15 04:00:00,1.08815,1.08834,1.08645,1.08722,6156,8,0
2023-11-15 08:00:00,1.08723,1.08789,1.08438,1.08654,10163,8,0
2023-11-15 12:00:00,1.08654,1.08856,1.08314,1.08645,16446,8,0
2023-11-15 16:00:00,1.08647,1.08683,1.08408,1.08459,8859,8,0
2023-11-15 20:00:00,1.08459,1.08534,1.08397,1.08534,3382,8,0
2023-11-16 00:00:00,1.08536,1.0855299999999999,1.08299,1.08323,4994,8,0
2023-11-16 04:00:00,1.08323,1.08453,1.08319,1.08403,4983,8,0
2023-11-16 08:00:00,1.08405,1.0860400000000001,1.0838,1.08519,8550,8,0
2023-11-16 12:00:00,1.08518,1.0895,1.08389,1.08776,15636,8,0
2023-11-16 16:00:00,1.08779,1.08825,1.0846,1.0855,8996,8,0
2023-11-16 20:00:00,1.08552,1.08575,1.08408,1.08521,3706,8,0
2023-11-17 00:00:00,1.08524,1.08567,1.08483,1.08536,4272,8,0
2023-11-17 04:00:00,1.08536,1.08559,1.08347,1.08381,5024,8,0
2023-11-17 08:00:00,1.0838,1.0874,1.08246,1.08659,11665,8,0
2023-11-17 12:00:00,1.08659,1.08925,1.08572,1.08862,14713,8,0
2023-11-17 16:00:00,1.08862,1.0904,1.08747,1.08994,8711,8,0
2023-11-17 20:00:00,1.08992,1.09133,1.08968,1.09131,2524,8,0
2023-11-19 20:00:00,1.09091,1.09094,1.0903,1.0903100000000001,1105,40,0
2023-11-20 00:00:00,1.09051,1.09244,1.08972,1.09232,6420,8,0
2023-11-20 04:00:00,1.09233,1.09354,1.09127,1.09155,6908,8,0
2023-11-20 08:00:00,1.09157,1.09396,1.09148,1.09225,9772,8,0
2023-11-20 12:00:00,1.09224,1.09454,1.09186,1.09375,11206,8,0
2023-11-20 16:00:00,1.09375,1.09515,1.09349,1.09459,8713,8,0
2023-11-20 20:00:00,1.0946,1.09471,1.0937000000000001,1.09439,3687,8,0
2023-11-21 00:00:00,1.0944099999999999,1.09638,1.09415,1.09629,7009,8,0
2023-11-21 04:00:00,1.09629,1.09648,1.09505,1.09535,6745,8,0
2023-11-21 08:00:00,1.09532,1.09637,1.09385,1.09392,10252,8,0
2023-11-21 12:00:00,1.09391,1.09608,1.0931,1.09338,14158,8,0
2023-11-21 16:00:00,1.09339,1.09432,1.08997,1.09148,11312,8,0
2023-11-21 20:00:00,1.09147,1.0918,1.09068,1.09167,4040,8,0
2023-11-22 00:00:00,1.09169,1.09224,1.09087,1.0914,5595,8,0
2023-11-22 04:00:00,1.09141,1.09162,1.08949,1.09139,6397,8,0
2023-11-22 08:00:00,1.09139,1.09193,1.08822,1.08995,11209,8,0
2023-11-22 12:00:00,1.08996,1.09162,1.0852,1.08652,15355,8,0
2023-11-22 16:00:00,1.08654,1.08874,1.08611,1.08833,9277,8,0
2023-11-22 20:00:00,1.08832,1.0889,1.08791,1.08872,3258,8,0
2023-11-23 00:00:00,1.08874,1.09054,1.08873,1.09046,4112,8,0
2023-11-23 04:00:00,1.09046,1.09171,1.09004,1.09133,5487,8,0
2023-11-23 08:00:00,1.09131,1.09301,1.08955,1.09142,11867,8,0
2023-11-23 12:00:00,1.09141,1.09148,1.08868,1.09093,8928,8,0
2023-11-23 16:00:00,1.09091,1.09096,1.09021,1.09035,2862,8,0
2023-11-23 20:00:00,1.09034,1.09067,1.08985,1.09035,1722,10,0
2023-11-24 00:00:00,1.09036,1.09099,1.08944,1.08987,4451,8,0
2023-11-24 04:00:00,1.08987,1.09116,1.08968,1.09076,4899,8,0
2023-11-24 08:00:00,1.09076,1.09203,1.09011,1.09138,8926,8,0
2023-11-24 12:00:00,1.09135,1.09452,1.09063,1.09391,12689,7,0
2023-11-24 16:00:00,1.09392,1.09479,1.09279,1.09445,5860,8,0
2023-11-24 20:00:00,1.09444,1.09465,1.09326,1.09369,1367,25,0
2023-11-26 20:00:00,1.09394,1.0946,1.09355,1.09372,1268,40,0
2023-11-27 00:00:00,1.09392,1.09493,1.09265,1.09447,6144,8,0
2023-11-27 04:00:00,1.09447,1.09587,1.09415,1.09472,6599,8,0
2023-11-27 08:00:00,1.09473,1.09561,1.09389,1.09531,9325,8,0
2023-11-27 12:00:00,1.09534,1.09548,1.09247,1.09324,15299,8,0
2023-11-27 16:00:00,1.09323,1.09562,1.09274,1.09556,9637,8,0
2023-11-27 20:00:00,1.09557,1.09588,1.09422,1.09583,3865,8,0
2023-11-28 00:00:00,1.09585,1.09625,1.0953,1.09547,5433,7,0
2023-11-28 04:00:00,1.09547,1.09548,1.09342,1.09357,5565,8,0
2023-11-28 08:00:00,1.09359,1.0957,1.09359,1.09496,10396,8,0
2023-11-28 12:00:00,1.09496,1.10015,1.0945,1.09806,18589,8,0
2023-11-28 16:00:00,1.09807,1.10086,1.0973,1.09908,14138,8,0
2023-11-28 20:00:00,1.09907,1.10048,1.09756,1.10035,4961,8,0
2023-11-29 00:00:00,1.10038,1.10167,1.09971,1.09983,7471,8,0
2023-11-29 04:00:00,1.0998,1.10042,1.09817,1.09845,7958,8,0
2023-11-29 08:00:00,1.0984099999999999,1.09979,1.09686,1.0984,12806,8,0
2023-11-29 12:00:00,1.0984,1.09942,1.09595,1.09743,20496,8,0
2023-11-29 16:00:00,1.0974,1.09944,1.09612,1.09827,10356,8,0
2023-11-29 20:00:00,1.09826,1.09835,1.09625,1.09729,4197,8,0
2023-11-30 00:00:00,1.0973,1.09834,1.09669,1.09739,5730,8,0
2023-11-30 04:00:00,1.09739,1.09814,1.09397,1.09513,7360,8,0
2023-11-30 08:00:00,1.09511,1.09588,1.09087,1.09152,13685,8,0
2023-11-30 12:00:00,1.0915300000000001,1.09494,1.08918,1.09107,23199,8,0
2023-11-30 16:00:00,1.09105,1.09165,1.0883099999999999,1.08899,12602,8,0
2023-11-30 20:00:00,1.08897,1.08938,1.08788,1.08913,4239,10,0
2023-12-01 00:00:00,1.08914,1.09123,1.08913,1.09003,6106,8,0
2023-12-01 04:00:00,1.09004,1.09118,1.08942,1.08945,7025,8,0
2023-12-01 08:00:00,1.08947,1.09042,1.08823,1.08967,12305,8,0
2023-12-01 12:00:00,1.08968,1.09005,1.08321,1.08375,18638,8,0
2023-12-01 16:00:00,1.08375,1.08924,1.08283,1.08718,17366,7,0
2023-12-01 20:00:00,1.08716,1.0883,1.08704,1.08818,2816,10,0
2023-12-03 20:00:00,1.0876,1.0893,1.08738,1.08838,2348,39,0
2023-12-04 00:00:00,1.08854,1.08863,1.08659,1.08798,8386,8,0
2023-12-04 04:00:00,1.08798,1.08803,1.08494,1.08537,7826,8,0
2023-12-04 08:00:00,1.08539,1.08805,1.08538,1.08688,12178,8,0
2023-12-04 12:00:00,1.08687,1.08756,1.08035,1.0814,18519,7,0
2023-12-04 16:00:00,1.08144,1.08286,1.0811,1.08269,10377,8,0
2023-12-04 20:00:00,1.08272,1.08372,1.08266,1.08366,4101,8,0
2023-12-05 00:00:00,1.08368,1.08457,1.0834,1.084,6250,8,0
2023-12-05 04:00:00,1.084,1.0847,1.08038,1.0807,7674,8,0
2023-12-05 08:00:00,1.08069,1.08421,1.08057,1.08185,13233,7,0
2023-12-05 12:00:00,1.08185,1.08384,1.07986,1.08053,20059,8,0
2023-12-05 16:00:00,1.08051,1.08128,1.0777700000000001,1.07835,12495,8,0
2023-12-05 20:00:00,1.07835,1.07984,1.07813,1.07929,4375,8,0
2023-12-06 00:00:00,1.0793,1.07982,1.07873,1.07961,5693,8,0
2023-12-06 04:00:00,1.07961,1.08013,1.07774,1.0789900000000001,6847,8,0
2023-12-06 08:00:00,1.07896,1.07975,1.07743,1.07796,11990,8,0
2023-12-06 12:00:00,1.07796,1.08044,1.0772,1.07898,16383,8,0
2023-12-06 16:00:00,1.07896,1.07998,1.07666,1.07681,9990,8,0
2023-12-06 20:00:00,1.0768,1.0769,1.07577,1.07658,4301,8,0
2023-12-07 00:00:00,1.07659,1.07715,1.0759,1.07595,5761,8,0
2023-12-07 04:00:00,1.07593,1.07806,1.07549,1.07802,7695,8,0
2023-12-07 08:00:00,1.07801,1.07842,1.07633,1.07704,13590,8,0
2023-12-07 12:00:00,1.07705,1.07974,1.0759,1.07836,18322,8,0
2023-12-07 16:00:00,1.07835,1.08172,1.07835,1.07979,12763,8,0
2023-12-07 20:00:00,1.07979,1.08033,1.07889,1.07892,3843,10,0
2023-12-08 00:00:00,1.07895,1.08002,1.07835,1.07916,8602,8,0
2023-12-08 04:00:00,1.07918,1.07918,1.07727,1.07788,7604,8,0
2023-12-08 08:00:00,1.0778699999999999,1.07908,1.07717,1.07826,12139,8,0
2023-12-08 12:00:00,1.07826,1.07855,1.07224,1.07679,25621,8,0
2023-12-08 16:00:00,1.07682,1.07701,1.07397,1.07584,10720,8,0
2023-12-08 20:00:00,1.07583,1.0766,1.07566,1.076,2956,8,0
2023-12-10 20:00:00,1.07567,1.07656,1.07565,1.07636,1151,40,0
2023-12-11 00:00:00,1.07648,1.07735,1.07631,1.07645,6365,8,0
2023-12-11 04:00:00,1.07645,1.07703,1.07528,1.07557,6099,8,0
2023-12-11 08:00:00,1.07554,1.07785,1.07511,1.07677,10912,8,0
2023-12-11 12:00:00,1.07678,1.07699,1.07415,1.07439,12575,8,0
2023-12-11 16:00:00,1.07439,1.07692,1.07412,1.07609,9902,8,0
2023-12-11 20:00:00,1.07609,1.07651,1.07548,1.07646,3367,8,0
2023-12-12 00:00:00,1.07647,1.07698,1.07609,1.07677,5170,8,0
2023-12-12 04:00:00,1.07677,1.07828,1.07638,1.07774,6193,8,0
2023-12-12 08:00:00,1.07774,1.08069,1.07728,1.0796000000000001,10458,7,0
2023-12-12 12:00:00,1.07962,1.08278,1.07668,1.0784,20605,8,0
2023-12-12 16:00:00,1.07842,1.07983,1.07807,1.079,10742,8,0
2023-12-12 20:00:00,1.0789900000000001,1.07988,1.07888,1.07975,4377,8,0
2023-12-13 00:00:00,1.07977,1.07992,1.07837,1.0787,4677,8,0
2023-12-13 04:00:00,1.07868,1.07917,1.07799,1.07846,6451,8,0
2023-12-13 08:00:00,1.07843,1.07923,1.07729,1.07832,10677,7,0
2023-12-13 12:00:00,1.07833,1.08088,1.07806,1.07938,14156,8,0
2023-12-13 16:00:00,1.07941,1.08912,1.07795,1.08873,20133,8,0
2023-12-13 20:00:00,1.08876,1.08961,1.08646,1.0882,11247,8,0
2023-12-14 00:00:00,1.08821,1.09149,1.08788,1.09057,9734,8,0
2023-12-14 04:00:00,1.09056,1.0909,1.08807,1.08808,9417,8,0
2023-12-14 08:00:00,1.0881,1.09313,1.08796,1.09292,15805,8,0
2023-12-14 12:00:00,1.09291,1.09967,1.09061,1.09929,31854,7,0
2023-12-14 16:00:00,1.09926,1.10087,1.09793,1.09917,13138,8,0
2023-12-14 20:00:00,1.09916,1.09964,1.09874,1.09926,5571,8,0
2023-12-15 00:00:00,1.09931,1.10003,1.09765,1.09983,7292,8,0
2023-12-15 04:00:00,1.09983,1.10031,1.09802,1.09934,7909,8,0
2023-12-15 08:00:00,1.09933,1.09987,1.09463,1.09678,15072,8,0
2023-12-15 12:00:00,1.09681,1.09691,1.09036,1.0915,21291,7,0
2023-12-15 16:00:00,1.09149,1.09164,1.08883,1.08993,12446,8,0
2023-12-15 20:00:00,1.08989,1.09086,1.08916,1.08945,3899,8,0
2023-12-17 20:00:00,1.08906,1.08961,1.089,1.08926,1133,40,0
2023-12-18 00:00:00,1.08944,1.09131,1.08936,1.09103,5930,8,0
2023-12-18 04:00:00,1.09103,1.09297,1.09085,1.0921,6560,8,0
2023-12-18 08:00:00,1.09212,1.09277,1.09068,1.09123,11529,8,0
2023-12-18 12:00:00,1.09123,1.09308,1.0909,1.09137,14067,8,0
2023-12-18 16:00:00,1.09139,1.09275,1.09125,1.09166,9682,8,0
2023-12-18 20:00:00,1.09166,1.09238,1.0909,1.09227,4526,8,0
2023-12-19 00:00:00,1.09229,1.09286,1.09146,1.09251,6930,8,0
2023-12-19 04:00:00,1.0925,1.09408,1.0919699999999999,1.09279,8247,8,0
2023-12-19 08:00:00,1.09283,1.0949,1.09267,1.09369,11057,8,0
2023-12-19 12:00:00,1.09368,1.0987,1.09366,1.09853,15647,8,0
2023-12-19 16:00:00,1.09854,1.0985800000000001,1.09691,1.09758,9455,8,0
2023-12-19 20:00:00,1.0976,1.09824,1.09717,1.0979,4303,8,0
2023-12-20 00:00:00,1.09791,1.09791,1.09668,1.09697,4995,8,0
2023-12-20 04:00:00,1.09696,1.09707,1.09505,1.09662,7132,8,0
2023-12-20 08:00:00,1.09662,1.09709,1.09352,1.09374,11400,8,0
2023-12-20 12:00:00,1.09371,1.09744,1.09334,1.0973600000000001,14511,8,0
2023-12-20 16:00:00,1.09732,1.09753,1.0942,1.09463,10567,8,0
2023-12-20 20:00:00,1.09461,1.09481,1.09295,1.09429,7120,8,0
2023-12-21 00:00:00,1.09429,1.09539,1.09412,1.09485,5923,8,0
2023-12-21 04:00:00,1.09485,1.09555,1.0942,1.09466,6465,8,0
2023-12-21 08:00:00,1.09464,1.09845,1.09349,1.09793,11432,8,0
2023-12-21 12:00:00,1.09796,1.10021,1.0971899999999999,1.09895,19153,7,0
2023-12-21 16:00:00,1.09893,1.10006,1.09775,1.09988,13480,8,0
2023-12-21 20:00:00,1.09987,1.10122,1.09923,1.10051,5286,8,0
2023-12-22 00:00:00,1.10051,1.10091,1.0995,1.09974,5829,8,0
2023-12-22 04:00:00,1.09974,1.10071,1.09933,1.1,6640,8,0
2023-12-22 08:00:00,1.10003,1.10293,1.0999,1.10254,11061,8,0
2023-12-22 12:00:00,1.10254,1.10399,1.10013,1.10111,17575,8,0
2023-12-22 16:00:00,1.1011,1.10233,1.09996,1.10152,11652,8,0
2023-12-22 20:00:00,1.1015,1.10153,1.10076,1.1013,2776,8,0
2023-12-25 20:00:00,1.0971,1.10165,1.0971,1.10115,878,156,0
2023-12-26 00:00:00,1.10127,1.10227,1.10096,1.10215,2647,122,0
2023-12-26 04:00:00,1.10215,1.10216,1.10148,1.10163,2467,122,0
2023-12-26 08:00:00,1.10165,1.10204,1.10035,1.10097,3513,83,0
2023-12-26 12:00:00,1.10097,1.10322,1.10071,1.10244,7776,10,0
2023-12-26 16:00:00,1.10245,1.10444,1.10237,1.10439,5576,10,0
2023-12-26 20:00:00,1.1044,1.10447,1.10376,1.10417,3114,10,0
2023-12-27 00:00:00,1.10419,1.10421,1.10281,1.10359,3865,10,0
2023-12-27 04:00:00,1.10359,1.10489,1.10359,1.10408,4072,10,0
2023-12-27 08:00:00,1.10406,1.10591,1.10374,1.10584,7059,10,0
2023-12-27 12:00:00,1.10585,1.11152,1.10481,1.11068,11828,10,0
2023-12-27 16:00:00,1.11068,1.11223,1.10984,1.11013,10132,10,0
2023-12-27 20:00:00,1.11013,1.11092,1.10932,1.11077,4216,10,0
2023-12-28 00:00:00,1.11079,1.11222,1.11075,1.11181,4387,10,0
2023-12-28 04:00:00,1.11181,1.11252,1.11045,1.11162,5361,10,0
2023-12-28 08:00:00,1.11163,1.11391,1.11038,1.11195,9978,10,0
2023-12-28 12:00:00,1.11195,1.11197,1.10717,1.11062,14246,10,0
2023-12-28 16:00:00,1.11061,1.11063,1.10547,1.1064,10026,10,0
2023-12-28 20:00:00,1.1064,1.10702,1.10562,1.10673,4303,10,0
2023-12-29 00:00:00,1.10676,1.1084,1.10633,1.10648,4658,10,0
2023-12-29 04:00:00,1.10648,1.10758,1.10604,1.10656,4672,10,0
2023-12-29 08:00:00,1.10653,1.10771,1.10437,1.10759,9115,10,0
2023-12-29 12:00:00,1.10761,1.10802,1.1042,1.10469,14209,10,0
2023-12-29 16:00:00,1.10466,1.10664,1.10377,1.10404,12556,10,0
2023-12-29 20:00:00,1.10401,1.10503,1.10336,1.10369,2469,10,0
2024-01-01 20:00:00,1.10193,1.10369,1.10193,1.10306,1275,127,0
2024-01-02 00:00:00,1.10304,1.10385,1.10157,1.10226,3743,40,0
2024-01-02 04:00:00,1.10226,1.10359,1.10133,1.10134,4576,40,0
2024-01-02 08:00:00,1.10141,1.10375,1.09661,1.09687,11716,10,0
2024-01-02 12:00:00,1.09689,1.09714,1.09406,1.0943100000000001,17621,10,0
2024-01-02 16:00:00,1.0943100000000001,1.09613,1.09404,1.09461,9566,10,0
2024-01-02 20:00:00,1.09462,1.09508,1.09361,1.09411,4363,10,0
2024-01-03 00:00:00,1.09413,1.09619,1.09407,1.09604,3934,10,0
2024-01-03 04:00:00,1.09605,1.09624,1.09508,1.09599,4827,10,0
2024-01-03 08:00:00,1.0959699999999999,1.0965,1.09151,1.09192,11302,10,0
2024-01-03 12:00:00,1.09192,1.09383,1.08976,1.09041,20300,8,0
2024-01-03 16:00:00,1.09043,1.09253,1.08924,1.09174,16103,10,0
2024-01-03 20:00:00,1.09175,1.09269,1.09091,1.09253,6068,10,0
2024-01-04 00:00:00,1.09254,1.09302,1.09156,1.09257,4422,10,0
2024-01-04 04:00:00,1.09257,1.09432,1.09206,1.09373,6882,10,0
2024-01-04 08:00:00,1.09374,1.09718,1.09341,1.09476,12487,10,0
2024-01-04 12:00:00,1.09474,1.0965,1.09324,1.09548,16474,10,0
2024-01-04 16:00:00,1.09549,1.09636,1.09415,1.09467,9108,10,0
2024-01-04 20:00:00,1.09465,1.09496,1.09409,1.09457,4145,10,0
2024-01-05 00:00:00,1.09456,1.09555,1.09387,1.09388,4290,10,0
2024-01-05 04:00:00,1.09388,1.09408,1.09221,1.09227,5025,10,0
2024-01-05 08:00:00,1.09225,1.093,1.09023,1.09137,10471,10,0
2024-01-05 12:00:00,1.0914,1.09981,1.08759,1.09778,31467,10,0
2024-01-05 16:00:00,1.09779,1.09802,1.09348,1.09447,14900,10,0
2024-01-05 20:00:00,1.09446,1.09468,1.09353,1.0942,3398,10,0
2024-01-07 20:00:00,1.09398,1.09445,1.09329,1.09394,1073,40,0
2024-01-08 00:00:00,1.0941,1.09527,1.0931,1.09325,4451,10,0
2024-01-08 04:00:00,1.09326,1.09519,1.09302,1.09447,5605,10,0
2024-01-08 08:00:00,1.09449,1.0950199999999999,1.09222,1.09375,11374,10,0
2024-01-08 12:00:00,1.09374,1.09741,1.09368,1.09693,15054,10,0
2024-01-08 16:00:00,1.09695,1.09785,1.09485,1.09606,8790,10,0
2024-01-08 20:00:00,1.09604,1.09604,1.09442,1.09491,4312,10,0
2024-01-09 00:00:00,1.09493,1.09659,1.09488,1.09623,5232,10,0
2024-01-09 04:00:00,1.09623,1.09625,1.09457,1.09562,5572,10,0
2024-01-09 08:00:00,1.0956,1.09562,1.09282,1.0930900000000001,10723,10,0
2024-01-09 12:00:00,1.0931,1.09509,1.0917,1.09174,15578,10,0
2024-01-09 16:00:00,1.09176,1.09397,1.09097,1.09247,9925,10,0
2024-01-09 20:00:00,1.0924800000000001,1.09321,1.09231,1.09311,3901,10,0
2024-01-10 00:00:00,1.09313,1.09359,1.0925799999999999,1.09288,4654,10,0
2024-01-10 04:00:00,1.09286,1.0945,1.09232,1.09257,5691,10,0
2024-01-10 08:00:00,1.0925799999999999,1.0955,1.09222,1.09456,9564,10,0
2024-01-10 12:00:00,1.09455,1.09688,1.09315,1.09669,11249,10,0
2024-01-10 16:00:00,1.09671,1.09704,1.09518,1.09698,7845,10,0
2024-01-10 20:00:00,1.09699,1.09743,1.09611,1.09735,4778,10,0
2024-01-11 00:00:00,1.09737,1.09843,1.09726,1.09799,4460,10,0
2024-01-11 04:00:00,1.09799,1.09881,1.09741,1.09784,4778,10,0
2024-01-11 08:00:00,1.09785,1.0982,1.09581,1.09782,9490,10,0
2024-01-11 12:00:00,1.09782,1.0998,1.09297,1.09459,30324,10,0
2024-01-11 16:00:00,1.09461,1.09825,1.09361,1.09816,15540,10,0
2024-01-11 20:00:00,1.09817,1.09822,1.09557,1.09818,5810,10,0
2024-01-12 00:00:00,1.0982,1.09849,1.09723,1.09772,4888,10,0
2024-01-12 04:00:00,1.09773,1.098,1.09605,1.09661,5412,10,0
2024-01-12 08:00:00,1.09659,1.09823,1.09461,1.09491,10017,10,0
2024-01-12 12:00:00,1.09491,1.09865,1.09354,1.0965799999999999,20492,10,0
2024-01-12 16:00:00,1.09655,1.09734,1.09465,1.09555,9913,10,0
2024-01-12 20:00:00,1.09555,1.0956,1.09477,1.09499,2891,10,0
2024-01-14 20:00:00,1.09466,1.09494,1.09421,1.09432,918,40,0
2024-01-15 00:00:00,1.09448,1.09671,1.09404,1.09638,5126,10,0
2024-01-15 04:00:00,1.09638,1.09661,1.09511,1.0953,4663,10,0
2024-01-15 08:00:00,1.09532,1.09646,1.0933,1.09449,9705,10,0
2024-01-15 12:00:00,1.09449,1.09584,1.09376,1.09491,10538,10,0
2024-01-15 16:00:00,1.0949200000000001,1.09529,1.09456,1.09497,3354,10,0
2024-01-15 20:00:00,1.09496,1.09516,1.09443,1.09446,1950,10,0
2024-01-16 00:00:00,1.09447,1.0946,1.0915,1.09184,6886,10,0
2024-01-16 04:00:00,1.09182,1.0926,1.09082,1.09181,6493,10,0
2024-01-16 08:00:00,1.09179,1.09228,1.08733,1.08917,13967,10,0
2024-01-16 12:00:00,1.08917,1.08975,1.08654,1.08852,18705,10,0
2024-01-16 16:00:00,1.08854,1.08941,1.08616,1.0873,16617,10,0
2024-01-16 20:00:00,1.0873,1.08779,1.08695,1.08777,3847,10,0
2024-01-17 00:00:00,1.08779,1.08839,1.08648,1.08661,5093,10,0
2024-01-17 04:00:00,1.0866,1.08734,1.08549,1.087,8278,10,0
2024-01-17 08:00:00,1.08698,1.08834,1.08607,1.08781,12411,10,0
2024-01-17 12:00:00,1.08779,1.08809,1.08441,1.08486,18101,10,0
2024-01-17 16:00:00,1.08486,1.08782,1.08475,1.08734,11081,10,0
2024-01-17 20:00:00,1.08733,1.0884800000000001,1.08699,1.08847,3502,10,0
2024-01-18 00:00:00,1.08857,1.09025,1.088,1.08949,6256,10,0
2024-01-18 04:00:00,1.08946,1.09064,1.0886,1.08879,6582,10,0
2024-01-18 08:00:00,1.08877,1.08989,1.08761,1.08887,10458,10,0
2024-01-18 12:00:00,1.08889,1.08933,1.08464,1.08518,19433,10,0
2024-01-18 16:00:00,1.08516,1.08695,1.08497,1.08613,11402,10,0
2024-01-18 20:00:00,1.08612,1.08796,1.08602,1.08792,4639,10,0
2024-01-19 00:00:00,1.08793,1.0889199999999999,1.08757,1.08884,5006,10,0
2024-01-19 04:00:00,1.08884,1.08889,1.08743,1.0879,5467,10,0
2024-01-19 08:00:00,1.08788,1.08926,1.08676,1.08869,9784,10,0
2024-01-19 12:00:00,1.08871,1.08895,1.08654,1.08818,14985,10,0
2024-01-19 16:00:00,1.0882,1.0896,1.08796,1.08919,9725,10,0
2024-01-19 20:00:00,1.0892,1.08973,1.08897,1.08968,2805,10,0
2024-01-21 20:00:00,1.08869,1.0895299999999999,1.08835,1.08903,1649,40,0
2024-01-22 00:00:00,1.08916,1.09086,1.08907,1.09017,4999,10,0
2024-01-22 04:00:00,1.09017,1.09089,1.08968,1.08974,5810,10,0
2024-01-22 08:00:00,1.08972,1.09018,1.0881,1.08893,9347,10,0
2024-01-22 12:00:00,1.0889199999999999,1.0899,1.08795,1.08847,12524,10,0
2024-01-22 16:00:00,1.08846,1.08997,1.08799,1.08846,7677,10,0
2024-01-22 20:00:00,1.08847,1.0885,1.08765,1.0877,3694,10,0
2024-01-23 00:00:00,1.08771,1.08945,1.08754,1.08922,5237,10,0
2024-01-23 04:00:00,1.08922,1.09157,1.08911,1.09077,6421,10,0
2024-01-23 08:00:00,1.09076,1.09101,1.08594,1.0866,9674,10,0
2024-01-23 12:00:00,1.08658,1.08753,1.08209,1.08301,14001,10,0
2024-01-23 16:00:00,1.08304,1.08461,1.08239,1.08447,8771,10,0
2024-01-23 20:00:00,1.08447,1.08585,1.08413,1.08567,3288,10,0
2024-01-24 00:00:00,1.08566,1.0861,1.0851,1.08584,4422,10,0
2024-01-24 04:00:00,1.08586,1.08789,1.08578,1.0873,5615,10,0
2024-01-24 08:00:00,1.08732,1.09072,1.08624,1.08924,12620,10,0
2024-01-24 12:00:00,1.08925,1.0931899999999999,1.0887,1.09002,17678,10,0
2024-01-24 16:00:00,1.09003,1.0908,1.0881,1.08878,11597,10,0
2024-01-24 20:00:00,1.08879,1.08902,1.08775,1.08812,4023,10,0
2024-01-25 00:00:00,1.08808,1.08813,1.08698,1.08776,5082,10,0
2024-01-25 04:00:00,1.08776,1.0890900000000001,1.08739,1.08873,5099,10,0
2024-01-25 08:00:00,1.08871,1.08993,1.08825,1.08942,9689,10,0
2024-01-25 12:00:00,1.08942,1.09015,1.08289,1.08314,25301,10,0
2024-01-25 16:00:00,1.08312,1.08514,1.08212,1.08353,11738,10,0
2024-01-25 20:00:00,1.08354,1.08476,1.0833,1.08452,3806,10,0
2024-01-26 00:00:00,1.08449,1.08483,1.0836999999999999,1.08445,4358,10,0
2024-01-26 04:00:00,1.08445,1.08447,1.08123,1.08191,5786,10,0
2024-01-26 08:00:00,1.08189,1.08755,1.08167,1.08743,10701,10,0
2024-01-26 12:00:00,1.08743,1.08855,1.08548,1.08634,16639,10,0
2024-01-26 16:00:00,1.08633,1.08698,1.08536,1.08578,7693,10,0
2024-01-26 20:00:00,1.08581,1.08617,1.08518,1.08544,2254,10,0
2024-01-28 20:00:00,1.08399,1.08471,1.08375,1.08409,1788,40,0
2024-01-29 00:00:00,1.08421,1.08484,1.08388,1.08446,4466,10,0
2024-01-29 04:00:00,1.08446,1.08496,1.08345,1.08369,4807,10,0
2024-01-29 08:00:00,1.08369,1.08414,1.08135,1.08227,8829,10,0
2024-01-29 12:00:00,1.08227,1.08362,1.07955,1.07972,10940,10,0
2024-01-29 16:00:00,1.07969,1.08194,1.07954,1.08183,6771,10,0
2024-01-29 20:00:00,1.08185,1.084,1.08185,1.08331,5391,10,0
2024-01-30 00:00:00,1.08333,1.08417,1.08295,1.08303,4625,10,0
2024-01-30 04:00:00,1.08303,1.08331,1.08115,1.08222,5886,10,0
2024-01-30 08:00:00,1.08232,1.08475,1.08158,1.08415,9697,10,0
2024-01-30 12:00:00,1.08412,1.08568,1.08276,1.08363,15013,10,0
2024-01-30 16:00:00,1.08363,1.08467,1.08312,1.08456,8125,10,0
2024-01-30 20:00:00,1.08456,1.08481,1.08353,1.08425,4241,10,0
2024-01-31 00:00:00,1.08424,1.08476,1.08155,1.08183,5535,10,0
2024-01-31 04:00:00,1.08183,1.08217,1.08055,1.08154,4981,10,0
2024-01-31 08:00:00,1.08157,1.08398,1.08089,1.08383,10448,10,0
2024-01-31 12:00:00,1.08384,1.08871,1.08329,1.08609,18801,10,0
2024-01-31 16:00:00,1.08606,1.08673,1.08153,1.084,29176,10,0
2024-01-31 20:00:00,1.08403,1.08414,1.07944,1.08035,15126,10,0
2024-02-01 00:00:00,1.08037,1.08213,1.08012,1.08114,6378,10,0
2024-02-01 04:00:00,1.08115,1.08133,1.07834,1.07926,6384,10,0
2024-02-01 08:00:00,1.07924,1.08128,1.07794,1.0808,11395,10,0
2024-02-01 12:00:00,1.08078,1.08313,1.0805,1.08262,18566,10,0
2024-02-01 16:00:00,1.08261,1.08743,1.08259,1.08712,13919,10,0
2024-02-01 20:00:00,1.08713,1.08756,1.08643,1.08735,4234,10,0
2024-02-02 00:00:00,1.08737,1.08793,1.08695,1.08762,4504,10,0
2024-02-02 04:00:00,1.08761,1.08866,1.08716,1.08802,5609,10,0
2024-02-02 08:00:00,1.08804,1.08971,1.08732,1.0883,8699,10,0
2024-02-02 12:00:00,1.08832,1.08856,1.07826,1.08019,22185,10,0
2024-02-02 16:00:00,1.08018,1.08032,1.07801,1.0792,10634,10,0
2024-02-02 20:00:00,1.0792,1.07968,1.07855,1.0787,2495,10,0
2024-02-04 20:00:00,1.07824,1.07849,1.07686,1.07785,1549,40,0
2024-02-05 00:00:00,1.07794,1.07827,1.07669,1.07786,7277,10,0
2024-02-05 04:00:00,1.0778699999999999,1.07843,1.07722,1.07799,5923,10,0
2024-02-05 08:00:00,1.07801,1.07855,1.07466,1.0754299999999999,9343,10,0
2024-02-05 12:00:00,1.07547,1.07574,1.07228,1.0725,12968,10,0
2024-02-05 16:00:00,1.0725,1.07461,1.07243,1.07424,7041,10,0
2024-02-05 20:00:00,1.07426,1.07436,1.0733,1.07405,3213,10,0
2024-02-06 00:00:00,1.07405,1.07487,1.07405,1.07435,4546,10,0
2024-02-06 04:00:00,1.07433,1.07619,1.0743,1.07515,6178,10,0
2024-02-06 08:00:00,1.07517,1.07596,1.07239,1.0738,8735,10,0
2024-02-06 12:00:00,1.07378,1.07479,1.0722,1.07427,12674,10,0
2024-02-06 16:00:00,1.07428,1.07551,1.07384,1.0749,9500,10,0
2024-02-06 20:00:00,1.07492,1.07569,1.07487,1.07558,3983,10,0
2024-02-07 00:00:00,1.07562,1.07661,1.07554,1.07583,4320,10,0
2024-02-07 04:00:00,1.07583,1.07724,1.07563,1.0772,5351,10,0
2024-02-07 08:00:00,1.07719,1.07737,1.07574,1.07704,9337,10,0
2024-02-07 12:00:00,1.07705,1.07835,1.07555,1.07563,13115,10,0
2024-02-07 16:00:00,1.07566,1.07748,1.07557,1.07714,8734,10,0
2024-02-07 20:00:00,1.07714,1.07764,1.07671,1.0775,3613,10,0
2024-02-08 00:00:00,1.07752,1.07844,1.07739,1.07818,3509,10,0
2024-02-08 04:00:00,1.0782,1.07884,1.07764,1.07797,4944,10,0
2024-02-08 08:00:00,1.07795,1.0785,1.07607,1.07628,8489,10,0
2024-02-08 12:00:00,1.07627,1.0767,1.07413,1.07607,12608,10,0
2024-02-08 16:00:00,1.07606,1.07822,1.07595,1.07743,8061,10,0
2024-02-08 20:00:00,1.07745,1.07793,1.07732,1.07767,3319,10,0
2024-02-09 00:00:00,1.07774,1.07782,1.07698,1.07705,3483,10,0
2024-02-09 04:00:00,1.07707,1.07824,1.0769,1.07798,3834,10,0
2024-02-09 08:00:00,1.07801,1.07841,1.07617,1.07712,9209,10,0
2024-02-09 12:00:00,1.07711,1.07946,1.07626,1.07858,16172,10,0
2024-02-09 16:00:00,1.07857,1.07903,1.07789,1.07821,6246,10,0
2024-02-09 20:00:00,1.07822,1.07881,1.07792,1.07851,2079,10,0
2024-02-11 20:00:00,1.07816,1.07966,1.07804,1.07955,1373,40,0
2024-02-12 00:00:00,1.07974,1.07995,1.07907,1.07915,2805,10,0
2024-02-12 04:00:00,1.07914,1.0805,1.0789,1.08026,4061,10,0
2024-02-12 08:00:00,1.08024,1.08025,1.07626,1.0769,8486,10,0
2024-02-12 12:00:00,1.0769,1.07736,1.07554,1.0767,9272,10,0
2024-02-12 16:00:00,1.07671,1.07855,1.07647,1.07691,7247,10,0
2024-02-12 20:00:00,1.07691,1.07746,1.07673,1.0771,3541,10,0
2024-02-13 00:00:00,1.07712,1.0774,1.07602,1.07612,3067,10,0
2024-02-13 04:00:00,1.07612,1.07771,1.07607,1.07708,4667,10,0
2024-02-13 08:00:00,1.07706,1.07812,1.07564,1.07772,8459,10,0
2024-02-13 12:00:00,1.0777,1.0798,1.07002,1.07164,20338,10,0
2024-02-13 16:00:00,1.07165,1.07218,1.07002,1.0701,8700,10,0
2024-02-13 20:00:00,1.0701,1.07102,1.07001,1.0708,3757,10,0
2024-02-14 00:00:00,1.07081,1.0714,1.07029,1.0712,4357,10,0
2024-02-14 04:00:00,1.0712,1.07182,1.07046,1.07073,5466,10,0
2024-02-14 08:00:00,1.07074,1.07099,1.06946,1.0707200000000001,9260,10,0
2024-02-14 12:00:00,1.07073,1.07248,1.07008,1.07209,12177,10,0
2024-02-14 16:00:00,1.07208,1.07339,1.07189,1.07277,8031,10,0
2024-02-14 20:00:00,1.07277,1.07313,1.07243,1.07311,3191,10,0
2024-02-15 00:00:00,1.07317,1.07349,1.07248,1.07254,3538,10,0
2024-02-15 04:00:00,1.07254,1.07409,1.07242,1.07326,4884,10,0
2024-02-15 08:00:00,1.07326,1.07395,1.07277,1.07351,7965,10,0
2024-02-15 12:00:00,1.0735,1.07844,1.07349,1.07608,14896,10,0
2024-02-15 16:00:00,1.07609,1.07717,1.07548,1.07681,7581,10,0
2024-02-15 20:00:00,1.07682,1.0776,1.07674,1.07727,3288,10,0
2024-02-16 00:00:00,1.07723,1.07732,1.07588,1.07597,4611,10,0
2024-02-16 04:00:00,1.07598,1.07674,1.0757,1.07603,4898,10,0
2024-02-16 08:00:00,1.07605,1.07795,1.07592,1.0777,7230,10,0
2024-02-16 12:00:00,1.07768,1.07776,1.0731600000000001,1.07704,15078,10,0
2024-02-16 16:00:00,1.07706,1.07869,1.07623,1.07767,7972,10,0
2024-02-16 20:00:00,1.07766,1.07776,1.0772599999999999,1.07767,2601,10,0
2024-02-18 20:00:00,1.07734,1.07827,1.07669,1.07812,1180,40,0
2024-02-19 00:00:00,1.07834,1.07885,1.07746,1.07752,3933,10,0
2024-02-19 04:00:00,1.07752,1.07889,1.07745,1.07823,4056,10,0
2024-02-19 08:00:00,1.07825,1.07867,1.07719,1.07765,7211,10,0
2024-02-19 12:00:00,1.07766,1.07792,1.07616,1.07668,6935,10,0
2024-02-19 16:00:00,1.07668,1.07831,1.0762,1.07781,2682,10,0
2024-02-19 20:00:00,1.07782,1.07819,1.07733,1.07754,2027,10,0
2024-02-20 00:00:00,1.07751,1.07763,1.07614,1.07675,4465,10,0
2024-02-20 04:00:00,1.07674,1.07743,1.07648,1.07693,4947,10,0
2024-02-20 08:00:00,1.07692,1.08089,1.07686,1.07978,9348,10,0
2024-02-20 12:00:00,1.0798,1.08385,1.0795,1.0822,12081,10,0
2024-02-20 16:00:00,1.08218,1.08244,1.0806,1.08061,7517,10,0
2024-02-20 20:00:00,1.08061,1.08122,1.0804,1.08102,3298,10,0
2024-02-21 00:00:00,1.08097,1.08183,1.08051,1.08174,4316,10,0
2024-02-21 04:00:00,1.08174,1.08186,1.08062,1.08104,5044,10,0
2024-02-21 08:00:00,1.08102,1.0814300000000001,1.07897,1.07985,8321,10,0
2024-02-21 12:00:00,1.07988,1.08194,1.0796000000000001,1.08049,9810,10,0
2024-02-21 16:00:00,1.08049,1.08239,1.07994,1.08161,9922,10,0
2024-02-21 20:00:00,1.0816,1.08218,1.08121,1.08198,4822,10,0
2024-02-22 00:00:00,1.08198,1.08316,1.0818699999999999,1.08255,4156,10,0
2024-02-22 04:00:00,1.08255,1.08532,1.08247,1.08526,4926,10,0
2024-02-22 08:00:00,1.08523,1.08878,1.08444,1.08568,14443,10,0
2024-02-22 12:00:00,1.08566,1.0858,1.08024,1.08099,14595,10,0
2024-02-22 16:00:00,1.081,1.08256,1.0808200000000001,1.08219,7501,10,0
2024-02-22 20:00:00,1.08218,1.08254,1.0818,1.08244,3604,10,0
2024-02-23 00:00:00,1.0824799999999999,1.08314,1.08145,1.0825,4774,10,0
2024-02-23 04:00:00,1.0825,1.08315,1.08207,1.08291,4529,10,0
2024-02-23 08:00:00,1.08292,1.08319,1.08137,1.0826500000000001,8437,10,0
2024-02-23 12:00:00,1.08266,1.0839,1.08114,1.08201,11292,10,0
2024-02-23 16:00:00,1.08202,1.08291,1.08146,1.08225,7499,10,0
2024-02-23 20:00:00,1.08226,1.0824,1.08173,1.08205,2278,10,0
2024-02-25 20:00:00,1.08252,1.08252,1.08151,1.08177,1316,40,0
2024-02-26 00:00:00,1.08188,1.082,1.08122,1.0818,4018,10,0
2024-02-26 04:00:00,1.0818,1.08363,1.08169,1.08316,4608,10,0
2024-02-26 08:00:00,1.08318,1.08534,1.08267,1.08513,7345,10,0
2024-02-26 12:00:00,1.08514,1.08594,1.08381,1.08505,9171,10,0
2024-02-26 16:00:00,1.08503,1.0855,1.08394,1.08458,6663,10,0
2024-02-26 20:00:00,1.08458,1.08522,1.0845,1.08497,3179,10,0
2024-02-27 00:00:00,1.08499,1.0853,1.08449,1.08523,3660,10,0
2024-02-27 04:00:00,1.08523,1.08621,1.08465,1.08557,4642,10,0
2024-02-27 08:00:00,1.08556,1.08655,1.08414,1.0857,7722,10,0
2024-02-27 12:00:00,1.0857,1.08626,1.0832600000000001,1.08463,9827,10,0
2024-02-27 16:00:00,1.08464,1.08573,1.08404,1.0844,8119,10,0
2024-02-27 20:00:00,1.08437,1.08471,1.08402,1.0841,3112,10,0
2024-02-28 00:00:00,1.08408,1.08453,1.08324,1.08341,3997,10,0
2024-02-28 04:00:00,1.08341,1.08353,1.0816,1.08226,4415,10,0
2024-02-28 08:00:00,1.08229,1.08237,1.0796000000000001,1.08149,9058,10,0
2024-02-28 12:00:00,1.0815,1.08372,1.08064,1.08336,11604,10,0
2024-02-28 16:00:00,1.08336,1.08453,1.08308,1.08333,6975,10,0
2024-02-28 20:00:00,1.08333,1.08397,1.0832600000000001,1.08376,3270,10,0
2024-02-29 00:00:00,1.08378,1.08398,1.08277,1.08363,5151,10,0
2024-02-29 04:00:00,1.08363,1.0838700000000001,1.08255,1.08282,6045,10,0
2024-02-29 08:00:00,1.08285,1.08537,1.08279,1.0834,10679,10,0
2024-02-29 12:00:00,1.08337,1.08554,1.0818699999999999,1.08221,15119,10,0
2024-02-29 16:00:00,1.08222,1.08246,1.07955,1.0802,9539,10,0
2024-02-29 20:00:00,1.08022,1.0809,1.07992,1.08046,4354,10,0
2024-03-01 00:00:00,1.08054,1.08213,1.08049,1.08162,3725,10,0
2024-03-01 04:00:00,1.08163,1.08171,1.08078,1.08119,4070,10,0
2024-03-01 08:00:00,1.08121,1.0822,1.07981,1.08182,9829,10,0
2024-03-01 12:00:00,1.0818,1.08414,1.07977,1.08344,14084,10,0
2024-03-01 16:00:00,1.08346,1.08427,1.08229,1.08406,7720,10,0
2024-03-01 20:00:00,1.08406,1.08409,1.0833,1.08389,2285,10,0
2024-03-03 20:00:00,1.08341,1.0842,1.08337,1.0838700000000001,1289,40,0
2024-03-04 00:00:00,1.08411,1.08475,1.08381,1.08433,3739,10,0
2024-03-04 04:00:00,1.08433,1.08536,1.08424,1.08531,4131,10,0
2024-03-04 08:00:00,1.08533,1.08573,1.08374,1.08556,7866,10,0
2024-03-04 12:00:00,1.08556,1.08631,1.08397,1.08626,9613,10,0
2024-03-04 16:00:00,1.08628,1.0866500000000001,1.08548,1.0856,6352,10,0
2024-03-04 20:00:00,1.08562,1.08591,1.08514,1.08541,3592,10,0
2024-03-05 00:00:00,1.08537,1.08549,1.08472,1.08539,3359,10,0
2024-03-05 04:00:00,1.08538,1.08538,1.08411,1.08459,4131,10,0
2024-03-05 08:00:00,1.08458,1.0855299999999999,1.08427,1.08494,7200,10,0
2024-03-05 12:00:00,1.08494,1.08758,1.08398,1.08708,12192,10,0
2024-03-05 16:00:00,1.08709,1.08713,1.0851,1.08526,7515,10,0
2024-03-05 20:00:00,1.08526,1.08585,1.08486,1.08554,3608,10,0
2024-03-06 00:00:00,1.08551,1.0855299999999999,1.08419,1.08502,4225,10,0
2024-03-06 04:00:00,1.08503,1.08658,1.0849199999999999,1.08613,4562,10,0
2024-03-06 08:00:00,1.08611,1.0879,1.08587,1.08751,6768,10,0
2024-03-06 12:00:00,1.08751,1.09081,1.08672,1.09046,13003,10,0
2024-03-06 16:00:00,1.09046,1.09148,1.08929,1.08965,10274,10,0
2024-03-06 20:00:00,1.08962,1.09008,1.08925,1.08979,4196,10,0
2024-03-07 00:00:00,1.0899,1.09069,1.08932,1.09,5176,10,0
2024-03-07 04:00:00,1.09,1.0905,1.0890900000000001,1.08935,5461,10,0
2024-03-07 08:00:00,1.08935,1.09022,1.08873,1.08937,7714,10,0
2024-03-07 12:00:00,1.08936,1.09303,1.08676,1.09294,16340,10,0
2024-03-07 16:00:00,1.09293,1.09485,1.09242,1.09463,8169,10,0
2024-03-07 20:00:00,1.09463,1.09498,1.0942,1.09498,3564,10,0
2024-03-08 00:00:00,1.09507,1.0955300000000001,1.09438,1.09469,4067,10,0
2024-03-08 04:00:00,1.0947,1.09505,1.09313,1.09334,5090,10,0
2024-03-08 08:00:00,1.09333,1.09385,1.09256,1.0934,8375,10,0
2024-03-08 12:00:00,1.09339,1.09807,1.09172,1.09602,18324,10,0
2024-03-08 16:00:00,1.09604,1.09608,1.0933,1.09411,9940,10,0
2024-03-08 20:00:00,1.09411,1.09432,1.09341,1.09379,2520,10,0
2024-03-10 20:00:00,1.09329,1.0943100000000001,1.09329,1.0943,1958,10,0
2024-03-11 00:00:00,1.09422,1.09461,1.09369,1.09408,4570,10,0
2024-03-11 04:00:00,1.09408,1.09468,1.0935,1.09415,4550,10,0
2024-03-11 08:00:00,1.09413,1.09477,1.09326,1.09424,7462,10,0
2024-03-11 12:00:00,1.09421,1.09427,1.09141,1.09264,9086,10,0
2024-03-11 16:00:00,1.09262,1.09301,1.0918,1.09257,6544,10,0
2024-03-11 20:00:00,1.09257,1.09304,1.09176,1.09302,2991,10,0
2024-03-12 00:00:00,1.09301,1.09376,1.09263,1.09357,3832,10,0
2024-03-12 04:00:00,1.09357,1.09389,1.09312,1.09315,4573,10,0
2024-03-12 08:00:00,1.09314,1.09349,1.09208,1.09329,6786,10,0
2024-03-12 12:00:00,1.09327,1.09435,1.09016,1.0917,17822,10,0
2024-03-12 16:00:00,1.09171,1.09252,1.09123,1.09251,6472,10,0
2024-03-12 20:00:00,1.09251,1.09285,1.09231,1.09264,2278,10,0
2024-03-13 00:00:00,1.09262,1.09301,1.09229,1.09275,3818,10,0
2024-03-13 04:00:00,1.09274,1.09313,1.09205,1.09261,4604,10,0
2024-03-13 08:00:00,1.09263,1.09452,1.0919699999999999,1.09415,6779,10,0
2024-03-13 12:00:00,1.09416,1.09469,1.0931,1.09429,9468,10,0
2024-03-13 16:00:00,1.09426,1.09634,1.09397,1.09469,6784,10,0
2024-03-13 20:00:00,1.09469,1.09525,1.09433,1.09525,2903,10,0
2024-03-14 00:00:00,1.09526,1.09542,1.09409,1.09421,3156,10,0
2024-03-14 04:00:00,1.09421,1.09428,1.09314,1.0935,4009,10,0
2024-03-14 08:00:00,1.0935,1.0945,1.09348,1.09408,6630,10,0
2024-03-14 12:00:00,1.0941,1.09442,1.08825,1.08873,14874,10,0
2024-03-14 16:00:00,1.08873,1.08922,1.08802,1.08904,6303,10,0
2024-03-14 20:00:00,1.08904,1.08914,1.08799,1.08825,3163,10,0
2024-03-15 00:00:00,1.08823,1.08842,1.08723,1.08766,3632,10,0
2024-03-15 04:00:00,1.08766,1.08843,1.08729,1.08803,3861,10,0
2024-03-15 08:00:00,1.08802,1.08992,1.08776,1.0893,6632,10,0
2024-03-15 12:00:00,1.08929,1.08943,1.0881,1.08871,10279,10,0
2024-03-15 16:00:00,1.08871,1.0890900000000001,1.08829,1.0889,5873,10,0
2024-03-15 20:00:00,1.0889,1.08895,1.08864,1.08866,607,10,0
2024-03-17 20:00:00,1.08879,1.08898,1.08797,1.08826,1863,10,0
2024-03-18 00:00:00,1.0883,1.08911,1.08801,1.08851,3248,10,0
2024-03-18 04:00:00,1.08851,1.0896,1.0884800000000001,1.08921,3168,10,0
2024-03-18 08:00:00,1.08919,1.09055,1.08904,1.09019,6168,10,0
2024-03-18 12:00:00,1.09019,1.09045,1.08806,1.0884800000000001,7536,10,0
2024-03-18 16:00:00,1.08849,1.08849,1.08657,1.08689,5238,10,0
2024-03-18 20:00:00,1.08688,1.08734,1.08682,1.0873,2382,10,0
2024-03-19 00:00:00,1.0873,1.0876,1.08664,1.08734,4739,10,0
2024-03-19 04:00:00,1.08734,1.08762,1.08512,1.08544,5893,10,0
2024-03-19 08:00:00,1.08542,1.08559,1.08343,1.08497,8024,10,0
2024-03-19 12:00:00,1.085,1.08648,1.08452,1.08577,8084,10,0
2024-03-19 16:00:00,1.08578,1.0867,1.0854300000000001,1.08643,5030,10,0
2024-03-19 20:00:00,1.0864,1.08661,1.08612,1.08616,2402,10,0
2024-03-20 00:00:00,1.0861399999999999,1.08705,1.08579,1.08694,2925,10,0
2024-03-20 04:00:00,1.08694,1.08717,1.08644,1.08651,3887,10,0
2024-03-20 08:00:00,1.08648,1.0865,1.08361,1.08422,6762,10,0
2024-03-20 12:00:00,1.0842,1.08556,1.08369,1.08541,6624,10,0
2024-03-20 16:00:00,1.0854300000000001,1.09223,1.0853,1.09204,18977,10,0
2024-03-20 20:00:00,1.09202,1.09367,1.09171,1.09366,3703,10,0
2024-03-21 00:00:00,1.09367,1.09383,1.09303,1.09345,4436,10,0
2024-03-21 04:00:00,1.09345,1.09421,1.09252,1.09284,4160,10,0
2024-03-21 08:00:00,1.0928,1.09282,1.08869,1.09093,10850,10,0
2024-03-21 12:00:00,1.09095,1.09167,1.0855299999999999,1.08602,12727,10,0
2024-03-21 16:00:00,1.086,1.08659,1.0855,1.08564,5972,10,0
2024-03-21 20:00:00,1.08566,1.08625,1.08563,1.08615,2321,10,0
2024-03-22 00:00:00,1.0861399999999999,1.08674,1.08356,1.08376,4104,10,0
2024-03-22 04:00:00,1.08376,1.08414,1.0820400000000001,1.08244,5077,10,0
2024-03-22 08:00:00,1.08247,1.08293,1.08076,1.08158,7143,10,0
2024-03-22 12:00:00,1.0816,1.08312,1.08098,1.08154,8770,10,0
2024-03-22 16:00:00,1.08154,1.08166,1.08013,1.08052,4280,10,0
2024-03-22 20:00:00,1.08049,1.08092,1.08046,1.0808200000000001,704,10,0
2024-03-24 20:00:00,1.08067,1.08096,1.08028,1.0807,1318,10,0
2024-03-25 00:00:00,1.0807,1.08217,1.08018,1.08132,4285,10,0
2024-03-25 04:00:00,1.08133,1.08224,1.08103,1.08132,3658,10,0
2024-03-25 08:00:00,1.08133,1.0829,1.08068,1.08278,5681,10,0
2024-03-25 12:00:00,1.08275,1.08419,1.08273,1.08359,5692,10,0
2024-03-25 16:00:00,1.0836,1.08396,1.0832600000000001,1.08386,3163,10,0
2024-03-25 20:00:00,1.08386,1.08405,1.08327,1.08364,2767,10,0
2024-03-26 00:00:00,1.08366,1.08451,1.08354,1.08366,3164,10,0
2024-03-26 04:00:00,1.08365,1.08522,1.08361,1.08421,3598,10,0
2024-03-26 08:00:00,1.08417,1.08638,1.08381,1.08562,6936,10,0
2024-03-26 12:00:00,1.08564,1.08588,1.0824799999999999,1.08279,8529,10,0
2024-03-26 16:00:00,1.08277,1.08352,1.08238,1.08283,4293,10,0
2024-03-26 20:00:00,1.08283,1.08327,1.08278,1.08316,2268,10,0
2024-03-27 00:00:00,1.08321,1.08322,1.08199,1.08256,3486,10,0
2024-03-27 04:00:00,1.08256,1.08335,1.08226,1.08257,3723,10,0
2024-03-27 08:00:00,1.08256,1.08385,1.08176,1.08206,7185,10,0
2024-03-27 12:00:00,1.08208,1.08221,1.08104,1.08198,7604,10,0
2024-03-27 16:00:00,1.08197,1.08271,1.08171,1.08266,4682,10,0
2024-03-27 20:00:00,1.08263,1.08283,1.08071,1.0812,2957,10,0
2024-03-28 00:00:00,1.08122,1.08255,1.08076,1.0821,3866,10,0
2024-03-28 04:00:00,1.0821,1.08261,1.07997,1.08006,3926,10,0
2024-03-28 08:00:00,1.08006,1.08018,1.07746,1.07835,6340,10,0
2024-03-28 12:00:00,1.07835,1.08183,1.07833,1.08009,11054,10,0
2024-03-28 16:00:00,1.08006,1.08048,1.07843,1.07878,5635,10,0
2024-03-28 20:00:00,1.07877,1.07931,1.07829,1.07903,5504,10,0
2024-03-29 00:00:00,1.07903,1.07904,1.0773,1.07742,3218,10,0
2024-03-29 04:00:00,1.07742,1.07814,1.07678,1.07681,2207,10,0
2024-03-29 08:00:00,1.07681,1.07883,1.07679,1.0784,4404,10,0
2024-03-29 12:00:00,1.0784,1.0802,1.0777700000000001,1.07865,5072,50,0
2024-03-29 16:00:00,1.07865,1.07878,1.078,1.07847,3263,120,0
2024-03-29 20:00:00,1.07844,1.07905,1.07631,1.07743,1124,122,0
2024-03-31 20:00:00,1.07887,1.07942,1.07832,1.07913,2289,10,0
2024-04-01 00:00:00,1.07927,1.07984,1.07842,1.07897,4379,10,0
2024-04-01 04:00:00,1.07897,1.07917,1.07823,1.07858,3630,10,0
2024-04-01 08:00:00,1.07857,1.07912,1.07791,1.07837,3712,10,0
2024-04-01 12:00:00,1.07837,1.07855,1.07307,1.07324,9021,10,0
2024-04-01 16:00:00,1.07323,1.07435,1.07308,1.07413,4070,10,0
2024-04-01 20:00:00,1.07413,1.07434,1.07353,1.07364,2503,10,0
2024-04-02 00:00:00,1.0737,1.07385,1.07291,1.07296,3868,10,0
2024-04-02 04:00:00,1.07298,1.07423,1.07241,1.07412,4858,10,0
2024-04-02 08:00:00,1.07409,1.07529,1.07262,1.07511,7008,10,0
2024-04-02 12:00:00,1.07509,1.07785,1.07451,1.07684,10247,10,0
2024-04-02 16:00:00,1.07683,1.07697,1.07597,1.07674,3745,10,0
2024-04-02 20:00:00,1.07672,1.07725,1.07645,1.07678,2446,10,0
2024-04-03 00:00:00,1.07677,1.0779,1.07654,1.07769,3018,10,0
2024-04-03 04:00:00,1.0777,1.07776,1.07635,1.07699,3993,10,0
2024-04-03 08:00:00,1.07699,1.07845,1.07645,1.07831,5380,10,0
2024-04-03 12:00:00,1.07831,1.08301,1.07725,1.08259,12658,10,0
2024-04-03 16:00:00,1.08261,1.08363,1.08198,1.08329,5770,10,0
2024-04-03 20:00:00,1.08329,1.08403,1.08314,1.08375,2338,10,0
2024-04-04 00:00:00,1.08372,1.0844,1.08341,1.0842,2761,10,0
2024-04-04 04:00:00,1.08422,1.08578,1.08386,1.08568,4527,10,0
2024-04-04 08:00:00,1.0857,1.08651,1.08503,1.08524,5982,10,0
2024-04-04 12:00:00,1.08524,1.08762,1.08503,1.08643,7859,10,0
2024-04-04 16:00:00,1.08643,1.08666,1.08331,1.08333,6812,10,0
2024-04-04 20:00:00,1.08334,1.08399,1.08316,1.08357,3946,10,0
2024-04-05 00:00:00,1.08361,1.08434,1.0823,1.0826500000000001,4218,10,0
2024-04-05 04:00:00,1.0826500000000001,1.08406,1.08223,1.08385,4698,10,0
2024-04-05 08:00:00,1.08383,1.08459,1.08303,1.08347,5274,10,0
2024-04-05 12:00:00,1.08348,1.08475,1.0791,1.08396,15427,10,0
2024-04-05 16:00:00,1.08397,1.08439,1.08303,1.08349,5350,10,0
2024-04-05 20:00:00,1.08348,1.08374,1.08333,1.08366,648,10,0
2024-04-07 20:00:00,1.08362,1.08369,1.08255,1.0829,1665,10,0
2024-04-08 00:00:00,1.08295,1.08428,1.08226,1.08331,4708,10,0
2024-04-08 04:00:00,1.08331,1.08374,1.08279,1.08319,5271,10,0
2024-04-08 08:00:00,1.08319,1.08348,1.0820400000000001,1.08233,6581,10,0
2024-04-08 12:00:00,1.08232,1.08583,1.0821,1.0852,9421,10,0
2024-04-08 16:00:00,1.0852,1.08618,1.08463,1.08561,4409,10,0
2024-04-08 20:00:00,1.08559,1.0863,1.08552,1.08612,2665,10,0
2024-04-09 00:00:00,1.08616,1.08629,1.08536,1.08548,3079,10,0
2024-04-09 04:00:00,1.08548,1.08622,1.08508,1.08529,4030,10,0
2024-04-09 08:00:00,1.08531,1.08723,1.08487,1.0861,5794,10,0
2024-04-09 12:00:00,1.08612,1.08845,1.08518,1.0855299999999999,10187,10,0
2024-04-09 16:00:00,1.08552,1.08596,1.08472,1.08561,4973,10,0
2024-04-09 20:00:00,1.08561,1.08593,1.08529,1.0858,2783,10,0
2024-04-10 00:00:00,1.08583,1.08585,1.08504,1.08527,3294,10,0
2024-04-10 04:00:00,1.08527,1.08569,1.08472,1.08547,4381,10,0
2024-04-10 08:00:00,1.08544,1.0866,1.08508,1.08551,5382,10,0
2024-04-10 12:00:00,1.08552,1.08638,1.07326,1.07365,22420,10,0
2024-04-10 16:00:00,1.07365,1.07538,1.07283,1.07435,11069,10,0
2024-04-10 20:00:00,1.07433,1.07454,1.07386,1.0741,2676,10,0
2024-04-11 00:00:00,1.07409,1.07485,1.07378,1.07443,4239,10,0
2024-04-11 04:00:00,1.07443,1.07468,1.07262,1.07427,5669,10,0
2024-04-11 08:00:00,1.07429,1.07494,1.07249,1.07281,7656,10,0
2024-04-11 12:00:00,1.07281,1.07559,1.06988,1.07207,20004,10,0
2024-04-11 16:00:00,1.07208,1.0734,1.07132,1.07283,7861,10,0
2024-04-11 20:00:00,1.07285,1.07288,1.07226,1.07258,2084,10,0
2024-04-12 00:00:00,1.07258,1.07278,1.07148,1.07167,3708,10,0
2024-04-12 04:00:00,1.07166,1.07171,1.06737,1.06837,6858,10,0
2024-04-12 08:00:00,1.0683799999999999,1.06846,1.06435,1.06507,8736,10,0
2024-04-12 12:00:00,1.06508,1.06554,1.06221,1.06461,14683,10,0
2024-04-12 16:00:00,1.0646,1.06502,1.06369,1.0638,7718,10,0
2024-04-12 20:00:00,1.06379,1.06437,1.0636700000000001,1.06403,769,10,0
2024-04-14 20:00:00,1.06289,1.06496,1.06266,1.06468,2677,10,0
2024-04-15 00:00:00,1.06459,1.06543,1.06388,1.06516,5139,10,0
2024-04-15 04:00:00,1.06516,1.06642,1.06465,1.06575,7459,10,0
2024-04-15 08:00:00,1.06574,1.06647,1.06509,1.06543,7769,10,0
2024-04-15 12:00:00,1.06543,1.06601,1.06214,1.0642800000000001,15569,10,0
2024-04-15 16:00:00,1.06431,1.06469,1.06197,1.06262,7846,10,0
2024-04-15 20:00:00,1.06259,1.06279,1.06204,1.06244,2604,10,0
2024-04-16 00:00:00,1.06245,1.06251,1.06057,1.0611,5420,10,0
2024-04-16 04:00:00,1.0611,1.06223,1.06017,1.06173,7100,10,0
2024-04-16 08:00:00,1.06174,1.06467,1.06121,1.06419,9067,10,0
2024-04-16 12:00:00,1.06419,1.06531,1.06213,1.06274,15265,10,0
2024-04-16 16:00:00,1.06274,1.06344,1.06004,1.06214,13287,10,0
2024-04-16 20:00:00,1.06213,1.06247,1.0612,1.062,3685,10,0
2024-04-17 00:00:00,1.06207,1.0635,1.06167,1.06268,4773,10,0
2024-04-17 04:00:00,1.06268,1.06372,1.06056,1.06249,7623,10,0
2024-04-17 08:00:00,1.06249,1.06485,1.06234,1.06353,8594,10,0
2024-04-17 12:00:00,1.06355,1.06523,1.06294,1.06424,11942,10,0
2024-04-17 16:00:00,1.06427,1.06791,1.06353,1.06706,10533,10,0
2024-04-17 20:00:00,1.06707,1.06745,1.06667,1.0668,2748,10,0
2024-04-18 00:00:00,1.06685,1.06798,1.06639,1.06793,4279,10,0
2024-04-18 04:00:00,1.06793,1.06897,1.06743,1.06807,5807,10,0
2024-04-18 08:00:00,1.06808,1.06836,1.06693,1.06766,6916,10,0
2024-04-18 12:00:00,1.06768,1.06793,1.06461,1.06593,13659,10,0
2024-04-18 16:00:00,1.06591,1.06613,1.06416,1.0643,6884,10,0
2024-04-18 20:00:00,1.0643,1.06455,1.06397,1.06427,2140,10,0
2024-04-19 00:00:00,1.0642,1.06438,1.06099,1.06368,13989,10,0
2024-04-19 04:00:00,1.06366,1.06587,1.06268,1.06548,10411,10,0
2024-04-19 08:00:00,1.06546,1.06617,1.06424,1.06512,8960,10,0
2024-04-19 12:00:00,1.06514,1.06774,1.0648900000000001,1.06546,12868,10,0
2024-04-19 16:00:00,1.06544,1.0659399999999999,1.06398,1.06544,8136,10,0
2024-04-19 20:00:00,1.06544,1.06573,1.06527,1.06561,596,10,0
2024-04-21 20:00:00,1.06524,1.06608,1.0648,1.06571,1750,10,0
2024-04-22 00:00:00,1.06571,1.067,1.06525,1.06614,5157,10,0
2024-04-22 04:00:00,1.06614,1.06688,1.06521,1.0658,5784,10,0
2024-04-22 08:00:00,1.06579,1.06617,1.06324,1.06349,7754,10,0
2024-04-22 12:00:00,1.06349,1.06475,1.06236,1.06465,9136,10,0
2024-04-22 16:00:00,1.06466,1.06604,1.06455,1.06516,4461,10,0
2024-04-22 20:00:00,1.06516,1.06555,1.0648900000000001,1.0653299999999999,2194,10,0
2024-04-23 00:00:00,1.0653299999999999,1.06601,1.0653,1.06558,3466,10,0
2024-04-23 04:00:00,1.06558,1.06947,1.06381,1.0679,7458,10,0
2024-04-23 08:00:00,1.06787,1.06827,1.06528,1.06742,8298,10,0
2024-04-23 12:00:00,1.06743,1.07108,1.06596,1.06943,14531,10,0
2024-04-23 16:00:00,1.06945,1.0707200000000001,1.06918,1.07026,5355,10,0
2024-04-23 20:00:00,1.07025,1.07039,1.06992,1.07018,2126,10,0
2024-04-24 00:00:00,1.07018,1.07138,1.06997,1.07058,4296,10,0
2024-04-24 04:00:00,1.07056,1.07085,1.06845,1.0688,5135,10,0
2024-04-24 08:00:00,1.0688,1.06922,1.06802,1.06885,5631,10,0
2024-04-24 12:00:00,1.06886,1.0702,1.06775,1.06858,11069,10,0
2024-04-24 16:00:00,1.06856,1.07061,1.06828,1.07002,6015,10,0
2024-04-24 20:00:00,1.07002,1.07003,1.06937,1.06995,2349,10,0
2024-04-25 00:00:00,1.06998,1.07083,1.06966,1.07056,3628,10,0
2024-04-25 04:00:00,1.07056,1.07271,1.07047,1.07204,5337,10,0
2024-04-25 08:00:00,1.07204,1.07294,1.07166,1.07198,6174,10,0
2024-04-25 12:00:00,1.07199,1.07402,1.0678,1.07197,18889,10,0
2024-04-25 16:00:00,1.07196,1.07382,1.07145,1.07289,7259,10,0
2024-04-25 20:00:00,1.07286,1.07303,1.07254,1.07264,1935,10,0
2024-04-26 00:00:00,1.07264,1.07289,1.07182,1.07228,3688,10,0
2024-04-26 04:00:00,1.07228,1.07383,1.07205,1.07293,5443,10,0
2024-04-26 08:00:00,1.07293,1.07524,1.07148,1.07156,8942,10,0
2024-04-26 12:00:00,1.07156,1.07409,1.06734,1.06852,15699,10,0
2024-04-26 16:00:00,1.06854,1.07066,1.06835,1.06995,4603,10,0
2024-04-26 20:00:00,1.06993,1.07013,1.06906,1.06925,1055,10,0
2024-04-28 20:00:00,1.0689899999999999,1.07067,1.06874,1.07066,1836,10,0
2024-04-29 00:00:00,1.07065,1.07192,1.07057,1.07156,4606,10,0
2024-04-29 04:00:00,1.07156,1.07331,1.0708,1.07176,11835,10,0
2024-04-29 08:00:00,1.07174,1.07267,1.06967,1.07142,8969,10,0
2024-04-29 12:00:00,1.07142,1.07231,1.06897,1.07161,9534,10,0
2024-04-29 16:00:00,1.0716,1.07291,1.07147,1.07206,6395,10,0
2024-04-29 20:00:00,1.07207,1.07225,1.07136,1.07144,2258,10,0
2024-04-30 00:00:00,1.07144,1.07176,1.07022,1.07047,3685,10,0
2024-04-30 04:00:00,1.07048,1.07093,1.06897,1.07047,5804,10,0
2024-04-30 08:00:00,1.07045,1.07347,1.06925,1.07198,7499,10,0
2024-04-30 12:00:00,1.07199,1.07237,1.06827,1.06835,17822,10,0
2024-04-30 16:00:00,1.06834,1.06862,1.06713,1.06721,6167,10,0
2024-04-30 20:00:00,1.06719,1.06732,1.06575,1.06656,3034,10,0
2024-05-01 00:00:00,1.06658,1.06668,1.06554,1.06562,2671,10,0
2024-05-01 04:00:00,1.06561,1.06614,1.06491,1.06607,3642,10,0
2024-05-01 08:00:00,1.06608,1.06728,1.06608,1.06712,5014,10,0
2024-05-01 12:00:00,1.06712,1.0692,1.06703,1.06789,10794,10,0
2024-05-01 16:00:00,1.06789,1.07322,1.06702,1.06892,22077,10,0
2024-05-01 20:00:00,1.0688900000000001,1.07226,1.06864,1.07166,6738,10,0
2024-05-02 00:00:00,1.07166,1.07203,1.07066,1.07142,4548,10,0
2024-05-02 04:00:00,1.07142,1.07278,1.07117,1.07151,6908,10,0
2024-05-02 08:00:00,1.07152,1.07186,1.06951,1.07019,8158,10,0
2024-05-02 12:00:00,1.0702,1.07118,1.06738,1.07044,13864,10,0
2024-05-02 16:00:00,1.07046,1.07296,1.0701100000000001,1.07265,6903,10,0
2024-05-02 20:00:00,1.07266,1.07304,1.07211,1.07293,2596,10,0
2024-05-03 00:00:00,1.07296,1.0739,1.0723799999999999,1.07346,4189,10,0
2024-05-03 04:00:00,1.07346,1.0737700000000001,1.07241,1.07339,5265,10,0
2024-05-03 08:00:00,1.07339,1.07491,1.0732,1.07454,6659,10,0
2024-05-03 12:00:00,1.0745,1.08116,1.07431,1.07686,25964,10,0
2024-05-03 16:00:00,1.07688,1.07728,1.07586,1.07637,5634,10,0
2024-05-03 20:00:00,1.07639,1.07664,1.07619,1.07623,661,10,0
2024-05-05 20:00:00,1.07608,1.07644,1.0757,1.0758,1467,10,0
2024-05-06 00:00:00,1.07579,1.0771,1.07549,1.07645,4436,10,0
2024-05-06 04:00:00,1.07643,1.07692,1.0759,1.07611,5072,10,0
2024-05-06 08:00:00,1.07614,1.07756,1.07571,1.07721,6449,10,0
2024-05-06 12:00:00,1.0772,1.07902,1.07719,1.07783,6965,10,0
2024-05-06 16:00:00,1.07781,1.07785,1.0766,1.07668,4018,10,0
2024-05-06 20:00:00,1.0767,1.07703,1.07651,1.0767,1879,10,0
2024-05-07 00:00:00,1.07669,1.07763,1.0760399999999999,1.07681,4312,10,0
2024-05-07 04:00:00,1.07681,1.0769,1.07538,1.07642,6007,10,0
2024-05-07 08:00:00,1.07639,1.07697,1.07546,1.0766,6847,10,0
2024-05-07 12:00:00,1.07662,1.07869,1.07636,1.0766499999999999,8723,10,0
2024-05-07 16:00:00,1.07663,1.07738,1.07475,1.07557,5911,10,0
2024-05-07 20:00:00,1.07557,1.07559,1.07471,1.07495,2023,10,0
2024-05-08 00:00:00,1.07493,1.07538,1.0737700000000001,1.07408,3905,10,0
2024-05-08 04:00:00,1.07408,1.07486,1.07367,1.07382,4533,10,0
2024-05-08 08:00:00,1.0738,1.07535,1.07344,1.07458,6512,10,0
2024-05-08 12:00:00,1.07458,1.07569,1.07394,1.07542,7991,10,0
2024-05-08 16:00:00,1.07542,1.0754299999999999,1.07404,1.07451,4344,10,0
2024-05-08 20:00:00,1.07449,1.0749900000000001,1.07431,1.07465,1939,10,0
2024-05-09 00:00:00,1.07465,1.07512,1.07418,1.0747,3300,10,0
2024-05-09 04:00:00,1.07472,1.075,1.07293,1.07344,4220,10,0
2024-05-09 08:00:00,1.07342,1.07379,1.07234,1.07269,6708,10,0
2024-05-09 12:00:00,1.07269,1.07813,1.07264,1.07698,11118,10,0
2024-05-09 16:00:00,1.077,1.0783800000000001,1.07697,1.07819,4582,10,0
2024-05-09 20:00:00,1.07817,1.07851,1.0778699999999999,1.07811,1934,10,0
2024-05-10 00:00:00,1.07811,1.0782,1.0772599999999999,1.07755,3084,10,0
2024-05-10 04:00:00,1.07755,1.07836,1.07712,1.07809,5044,10,0
2024-05-10 08:00:00,1.07809,1.07862,1.07747,1.0778699999999999,6461,10,0
2024-05-10 12:00:00,1.0778699999999999,1.07894,1.07598,1.07714,9744,10,0
2024-05-10 16:00:00,1.0771600000000001,1.07788,1.0769,1.07714,4229,10,0
2024-05-10 20:00:00,1.07714,1.0772,1.07681,1.07703,730,10,0
2024-05-12 20:00:00,1.07703,1.07747,1.07654,1.07696,1558,10,0
2024-05-13 00:00:00,1.07696,1.0772599999999999,1.07654,1.07711,4151,10,0
2024-05-13 04:00:00,1.07709,1.07794,1.07684,1.07754,4177,10,0
2024-05-13 08:00:00,1.07751,1.07939,1.07731,1.07887,5706,10,0
2024-05-13 12:00:00,1.07889,1.08063,1.07883,1.0795,7455,10,0
2024-05-13 16:00:00,1.07949,1.07986,1.07863,1.07886,3632,10,0
2024-05-13 20:00:00,1.07886,1.07932,1.07863,1.07916,1714,10,0
2024-05-14 00:00:00,1.07917,1.07919,1.0784,1.07872,2979,10,0
2024-05-14 04:00:00,1.07872,1.07891,1.07826,1.07867,3683,10,0
2024-05-14 08:00:00,1.07868,1.07984,1.07749,1.07922,5805,10,0
2024-05-14 12:00:00,1.07922,1.08251,1.07668,1.0818,13368,10,0
2024-05-14 16:00:00,1.08179,1.08225,1.08135,1.08197,3673,10,0
2024-05-14 20:00:00,1.08199,1.08205,1.08131,1.08133,2289,10,0
2024-05-15 00:00:00,1.08132,1.08272,1.08127,1.08255,3039,10,0
2024-05-15 04:00:00,1.08255,1.08322,1.08202,1.08257,4619,10,0
2024-05-15 08:00:00,1.08256,1.08341,1.08215,1.0829,6043,10,0
2024-05-15 12:00:00,1.08292,1.0874,1.08277,1.08597,16675,10,0
2024-05-15 16:00:00,1.08595,1.08824,1.08557,1.08812,5437,10,0
2024-05-15 20:00:00,1.08811,1.08898,1.08767,1.08878,3016,10,0
2024-05-16 00:00:00,1.08878,1.08946,1.08809,1.08866,4830,10,0
2024-05-16 04:00:00,1.08866,1.08867,1.08727,1.08737,4957,10,0
2024-05-16 08:00:00,1.08738,1.08762,1.08613,1.08664,5508,10,0
2024-05-16 12:00:00,1.08664,1.08753,1.08539,1.08745,9741,10,0
2024-05-16 16:00:00,1.08744,1.08752,1.08653,1.0866500000000001,4249,10,0
2024-05-16 20:00:00,1.08664,1.08687,1.08613,1.08674,2031,10,0
2024-05-17 00:00:00,1.08674,1.08683,1.08539,1.08588,3262,10,0
2024-05-17 04:00:00,1.08588,1.08678,1.08551,1.08585,4117,10,0
2024-05-17 08:00:00,1.08585,1.08591,1.08353,1.08427,5352,10,0
2024-05-17 12:00:00,1.08426,1.08779,1.08383,1.0868,7758,10,0
2024-05-17 16:00:00,1.08683,1.08761,1.0866500000000001,1.08722,4293,10,0
2024-05-17 20:00:00,1.08722,1.08724,1.0867,1.08686,679,10,0
2024-05-19 20:00:00,1.08672,1.08738,1.08651,1.08717,1236,10,0
2024-05-20 00:00:00,1.08717,1.08782,1.08684,1.08775,3397,10,0
2024-05-20 04:00:00,1.08775,1.08839,1.0869,1.0872600000000001,4523,10,0
2024-05-20 08:00:00,1.0872600000000001,1.08759,1.08595,1.08596,4544,10,0
2024-05-20 12:00:00,1.08597,1.08693,1.08536,1.08601,7591,10,0
2024-05-20 16:00:00,1.08603,1.08701,1.08583,1.08594,3535,10,0
2024-05-20 20:00:00,1.08594,1.0860400000000001,1.08546,1.086,2078,10,0
2024-05-21 00:00:00,1.086,1.08613,1.08505,1.08556,3582,10,0
2024-05-21 04:00:00,1.08555,1.08664,1.08547,1.08638,4520,10,0
2024-05-21 08:00:00,1.08638,1.08743,1.08594,1.0868,5517,10,0
2024-05-21 12:00:00,1.08682,1.08701,1.08421,1.08534,11126,10,0
2024-05-21 16:00:00,1.08534,1.08563,1.0846,1.08551,4127,10,0
2024-05-21 20:00:00,1.0855,1.0859,1.08494,1.08535,1946,10,0
2024-05-22 00:00:00,1.08535,1.0863,1.08532,1.08555,3589,10,0
2024-05-22 04:00:00,1.08555,1.08631,1.08497,1.08571,5119,10,0
2024-05-22 08:00:00,1.08572,1.08576,1.08216,1.08269,6040,10,0
2024-05-22 12:00:00,1.08271,1.08418,1.08261,1.08357,8650,10,0
2024-05-22 16:00:00,1.08357,1.08463,1.0817,1.08206,6941,10,0
2024-05-22 20:00:00,1.08208,1.08264,1.08175,1.08246,2553,10,0
2024-05-23 00:00:00,1.08247,1.0830899999999999,1.08216,1.08297,3354,10,0
2024-05-23 04:00:00,1.08297,1.08338,1.08121,1.08291,6417,10,0
2024-05-23 08:00:00,1.08286,1.08519,1.08277,1.085,7038,10,0
2024-05-23 12:00:00,1.08501,1.08603,1.08201,1.08259,13226,10,0
2024-05-23 16:00:00,1.08259,1.08306,1.08043,1.08098,6625,10,0
2024-05-23 20:00:00,1.08098,1.08151,1.0808,1.08112,2651,10,0
2024-05-24 00:00:00,1.08112,1.08133,1.08051,1.0806,3677,10,0
2024-05-24 04:00:00,1.0806,1.08251,1.08051,1.08237,4585,10,0
2024-05-24 08:00:00,1.08238,1.08437,1.08193,1.08402,5585,10,0
2024-05-24 12:00:00,1.08402,1.08554,1.08371,1.08505,9190,10,0
2024-05-24 16:00:00,1.08505,1.08573,1.08455,1.08486,4191,10,0
2024-05-24 20:00:00,1.08485,1.08487,1.08454,1.08456,534,10,0
2024-05-26 20:00:00,1.08472,1.085,1.08403,1.08462,1487,10,0
2024-05-27 00:00:00,1.08462,1.08517,1.08462,1.08488,2515,10,0
2024-05-27 04:00:00,1.08487,1.08521,1.08437,1.08503,3016,10,0
2024-05-27 08:00:00,1.08506,1.08669,1.08445,1.08571,5006,10,0
2024-05-27 12:00:00,1.08571,1.086,1.08403,1.08592,6562,10,0
2024-05-27 16:00:00,1.08592,1.0861399999999999,1.08565,1.08591,1192,10,0
2024-05-27 20:00:00,1.08592,1.08615,1.08502,1.08608,2299,10,0
2024-05-28 00:00:00,1.0861,1.08782,1.08601,1.08777,4073,10,0
2024-05-28 04:00:00,1.08778,1.08796,1.0871,1.0877,4783,10,0
2024-05-28 08:00:00,1.08769,1.08885,1.08666,1.08836,5641,10,0
2024-05-28 12:00:00,1.08834,1.08841,1.08575,1.08775,9468,10,0
2024-05-28 16:00:00,1.08778,1.08783,1.08547,1.08608,5960,10,0
2024-05-28 20:00:00,1.08608,1.08613,1.08508,1.08509,2347,10,0
2024-05-29 00:00:00,1.08509,1.08564,1.08451,1.08468,3551,10,0
2024-05-29 04:00:00,1.08468,1.08583,1.08434,1.08518,5045,10,0
2024-05-29 08:00:00,1.08514,1.08556,1.0829,1.08496,8056,10,0
2024-05-29 12:00:00,1.08495,1.08582,1.08085,1.08108,10881,10,0
2024-05-29 16:00:00,1.08107,1.08169,1.07994,1.08014,6168,10,0
2024-05-29 20:00:00,1.08016,1.08034,1.07947,1.08009,2426,10,0
2024-05-30 00:00:00,1.08008,1.0804,1.07934,1.07975,4280,10,0
2024-05-30 04:00:00,1.07975,1.08107,1.07878,1.08079,6473,10,0
2024-05-30 08:00:00,1.08078,1.08213,1.0803,1.08179,7289,10,0
2024-05-30 12:00:00,1.08176,1.08447,1.08123,1.08358,10535,10,0
2024-05-30 16:00:00,1.0836,1.08428,1.0826500000000001,1.08298,4744,10,0
2024-05-30 20:00:00,1.08296,1.08335,1.08284,1.0830899999999999,2299,10,0
2024-05-31 00:00:00,1.0831,1.08333,1.08108,1.08186,4547,10,0
2024-05-31 04:00:00,1.08186,1.08249,1.0814,1.08223,5634,10,0
2024-05-31 08:00:00,1.08222,1.08547,1.08219,1.08521,7046,10,0
2024-05-31 12:00:00,1.08521,1.0882,1.08414,1.08457,14261,10,0
2024-05-31 16:00:00,1.08457,1.08522,1.08393,1.08504,5516,10,0
2024-05-31 20:00:00,1.08506,1.08516,1.08458,1.0848,969,10,0
2024-06-02 20:00:00,1.0846,1.08526,1.08448,1.08524,1660,10,0
2024-06-03 00:00:00,1.08522,1.08581,1.08488,1.08491,3782,10,0
2024-06-03 04:00:00,1.08491,1.08584,1.08394,1.08395,5276,10,0
2024-06-03 08:00:00,1.08394,1.08443,1.08274,1.08426,7662,10,0
2024-06-03 12:00:00,1.08429,1.08899,1.08398,1.0889,11074,10,0
2024-06-03 16:00:00,1.0889,1.08996,1.0881,1.08992,6178,10,0
2024-06-03 20:00:00,1.08995,1.09091,1.08981,1.09066,2258,10,0
2024-06-04 00:00:00,1.09068,1.09154,1.09048,1.09069,3880,10,0
2024-06-04 04:00:00,1.09069,1.09106,1.08844,1.08897,5833,10,0
2024-06-04 08:00:00,1.08897,1.08904,1.08585,1.08612,9436,10,0
2024-06-04 12:00:00,1.08613,1.0883,1.08613,1.08771,11658,10,0
2024-06-04 16:00:00,1.08771,1.0887,1.0877,1.08807,6503,10,0
2024-06-04 20:00:00,1.08806,1.08815,1.08758,1.08814,1814,10,0
2024-06-05 00:00:00,1.08814,1.08857,1.08762,1.08781,3483,10,0
2024-06-05 04:00:00,1.08779,1.08819,1.08704,1.08712,5000,10,0
2024-06-05 08:00:00,1.0871,1.08768,1.08593,1.08676,6032,10,0
2024-06-05 12:00:00,1.08676,1.08911,1.08616,1.08646,12825,10,0
2024-06-05 16:00:00,1.08645,1.08768,1.08541,1.08737,5256,10,0
2024-06-05 20:00:00,1.08739,1.08739,1.08645,1.0873599999999999,2291,10,0
2024-06-06 00:00:00,1.08737,1.08954,1.08733,1.089,3967,10,0
2024-06-06 04:00:00,1.089,1.08904,1.08755,1.08779,4946,10,0
2024-06-06 08:00:00,1.08779,1.08817,1.08616,1.0867,5520,10,0
2024-06-06 12:00:00,1.08672,1.09015,1.08638,1.08816,13893,10,0
2024-06-06 16:00:00,1.08817,1.08938,1.08794,1.08888,4505,10,0
2024-06-06 20:00:00,1.08889,1.08927,1.08858,1.08911,1969,10,0
2024-06-07 00:00:00,1.0890900000000001,1.08976,1.08863,1.08943,3640,10,0
2024-06-07 04:00:00,1.08942,1.08978,1.08875,1.08923,4951,10,0
2024-06-07 08:00:00,1.08924,1.09016,1.08826,1.08979,7173,10,0
2024-06-07 12:00:00,1.08977,1.09004,1.08036,1.0806,16952,10,0
2024-06-07 16:00:00,1.0806,1.08116,1.07995,1.07996,5948,10,0
2024-06-07 20:00:00,1.07996,1.08033,1.0799,1.0801,743,10,0
2024-06-09 20:00:00,1.07621,1.07794,1.07553,1.07784,2521,10,0
2024-06-10 00:00:00,1.07782,1.0781,1.07551,1.07553,3318,10,0
2024-06-10 04:00:00,1.07552,1.07659,1.07474,1.07641,7249,10,0
2024-06-10 08:00:00,1.0764,1.07675,1.07322,1.0753,7220,10,0
2024-06-10 12:00:00,1.07532,1.07599,1.07327,1.07495,9176,10,0
2024-06-10 16:00:00,1.07494,1.0765,1.07494,1.07624,5297,10,0
2024-06-10 20:00:00,1.07623,1.07674,1.0759,1.07628,2353,10,0
2024-06-11 00:00:00,1.07628,1.07687,1.07607,1.07679,3255,10,0
2024-06-11 04:00:00,1.07679,1.07731,1.07607,1.07637,4795,10,0
2024-06-11 08:00:00,1.07636,1.07643,1.07233,1.07284,9696,10,0
2024-06-11 12:00:00,1.07285,1.07362,1.0719,1.07318,10313,10,0
2024-06-11 16:00:00,1.0732,1.07488,1.07317,1.07397,4380,10,0
2024-06-11 20:00:00,1.07398,1.07422,1.07372,1.07396,2117,10,0
2024-06-12 00:00:00,1.07393,1.07426,1.07342,1.07397,3200,10,0
2024-06-12 04:00:00,1.07397,1.07464,1.07353,1.0744,4565,10,0
2024-06-12 08:00:00,1.0744,1.07649,1.07437,1.07636,6317,10,0
2024-06-12 12:00:00,1.07638,1.08519,1.07614,1.08421,15974,10,0
2024-06-12 16:00:00,1.08422,1.08475,1.08033,1.08061,20598,10,0
2024-06-12 20:00:00,1.08061,1.08147,1.08039,1.08124,2879,10,0
2024-06-13 00:00:00,1.08124,1.08154,1.08035,1.08064,3982,10,0
2024-06-13 04:00:00,1.0806499999999999,1.08158,1.08,1.08138,5231,10,0
2024-06-13 08:00:00,1.08136,1.08141,1.07822,1.07829,7144,10,0
2024-06-13 12:00:00,1.07829,1.08158,1.07529,1.07551,14308,10,0
2024-06-13 16:00:00,1.07551,1.07551,1.07322,1.07403,6837,10,0
2024-06-13 20:00:00,1.074,1.07427,1.07324,1.07372,2493,10,0
2024-06-14 00:00:00,1.07372,1.07445,1.0735,1.07396,3804,10,0
2024-06-14 04:00:00,1.07396,1.07406,1.07055,1.07074,7077,10,0
2024-06-14 08:00:00,1.07071,1.07115,1.0671,1.06934,12078,10,0
2024-06-14 12:00:00,1.06936,1.06994,1.06671,1.06982,13889,10,0
2024-06-14 16:00:00,1.06981,1.07055,1.06924,1.07055,5585,10,0
2024-06-14 20:00:00,1.07056,1.0707,1.07014,1.07016,774,10,0
2024-06-16 20:00:00,1.07009,1.0707200000000001,1.06983,1.07022,1781,10,0
2024-06-17 00:00:00,1.07022,1.07068,1.06985,1.07032,4047,10,0
2024-06-17 04:00:00,1.07032,1.0708199999999999,1.0686,1.07002,8254,10,0
2024-06-17 08:00:00,1.07001,1.07171,1.0699,1.0709,8539,10,0
2024-06-17 12:00:00,1.07091,1.07242,1.07065,1.07217,9370,10,0
2024-06-17 16:00:00,1.07216,1.07372,1.07201,1.07318,5396,10,0
2024-06-17 20:00:00,1.07321,1.07405,1.07262,1.07394,2697,10,0
2024-06-18 00:00:00,1.07395,1.07403,1.07205,1.07243,3967,10,0
2024-06-18 04:00:00,1.07242,1.07346,1.0718,1.07228,6563,10,0
2024-06-18 08:00:00,1.07226,1.07254,1.07094,1.07159,7442,10,0
2024-06-18 12:00:00,1.07161,1.07609,1.07102,1.07378,12829,10,0
2024-06-18 16:00:00,1.07378,1.07429,1.07317,1.07383,6048,10,0
2024-06-18 20:00:00,1.07385,1.07406,1.07362,1.0738,1886,10,0
2024-06-19 00:00:00,1.07383,1.07419,1.07348,1.07375,2885,10,0
2024-06-19 04:00:00,1.07375,1.0741,1.07243,1.0735999999999999,6255,10,0
2024-06-19 08:00:00,1.07361,1.07528,1.07319,1.07503,8181,10,0
2024-06-19 12:00:00,1.07502,1.07527,1.07405,1.07487,5822,10,0
2024-06-19 16:00:00,1.07486,1.07488,1.07419,1.07443,1265,10,0
2024-06-19 20:00:00,1.07444,1.07484,1.07399,1.07466,1774,10,0
2024-06-20 00:00:00,1.07468,1.0748,1.07385,1.07414,3323,10,0
2024-06-20 04:00:00,1.07415,1.07444,1.07237,1.07245,5069,10,0
2024-06-20 08:00:00,1.07243,1.07315,1.07122,1.07146,7818,10,0
2024-06-20 12:00:00,1.0714299999999999,1.07302,1.07065,1.07069,11063,10,0
2024-06-20 16:00:00,1.07069,1.07172,1.0703,1.07049,6303,10,0
2024-06-20 20:00:00,1.07048,1.07071,1.06977,1.07057,2163,10,0
2024-06-21 00:00:00,1.07057,1.07171,1.07028,1.07157,3745,10,0
2024-06-21 04:00:00,1.07157,1.07202,1.06706,1.0677699999999999,6690,10,0
2024-06-21 08:00:00,1.06776,1.06975,1.06758,1.06884,9121,10,0
2024-06-21 12:00:00,1.06884,1.06972,1.06776,1.06931,11321,10,0
2024-06-21 16:00:00,1.06933,1.06963,1.0688900000000001,1.06916,4737,10,0
2024-06-21 20:00:00,1.06914,1.06945,1.06908,1.06918,765,10,0
2024-06-23 20:00:00,1.06875,1.06952,1.06845,1.06874,1639,10,0
2024-06-24 00:00:00,1.06875,1.0693,1.06834,1.06911,3727,10,0
2024-06-24 04:00:00,1.0691,1.0714299999999999,1.06906,1.07122,5165,10,0
2024-06-24 08:00:00,1.07121,1.07353,1.07079,1.07351,7891,10,0
2024-06-24 12:00:00,1.0735,1.07458,1.07231,1.07269,8997,10,0
2024-06-24 16:00:00,1.07266,1.07378,1.07216,1.07352,4873,10,0
2024-06-24 20:00:00,1.0735,1.07368,1.07305,1.07317,1885,10,0
2024-06-25 00:00:00,1.07315,1.07388,1.07313,1.07382,3340,10,0
2024-06-25 04:00:00,1.07382,1.07436,1.07205,1.07267,5376,10,0
2024-06-25 08:00:00,1.07266,1.07354,1.07087,1.07092,6971,10,0
2024-06-25 12:00:00,1.07092,1.07146,1.06901,1.07036,9076,10,0
2024-06-25 16:00:00,1.07039,1.0717,1.07015,1.07153,4651,10,0
2024-06-25 20:00:00,1.07153,1.07154,1.07086,1.07088,1963,10,0
2024-06-26 00:00:00,1.07087,1.07174,1.0706,1.07105,3629,10,0
2024-06-26 04:00:00,1.07104,1.07113,1.0685,1.06932,5365,10,0
2024-06-26 08:00:00,1.0693,1.06994,1.06793,1.06935,6948,10,0
2024-06-26 12:00:00,1.06936,1.06953,1.0665499999999999,1.06817,11812,10,0
2024-06-26 16:00:00,1.06818,1.06904,1.06746,1.06803,5499,10,0
2024-06-26 20:00:00,1.06803,1.06814,1.0677,1.06795,2248,10,0
2024-06-27 00:00:00,1.06795,1.06919,1.06766,1.06901,3848,10,0
2024-06-27 04:00:00,1.06901,1.06984,1.06879,1.069,5311,10,0
2024-06-27 08:00:00,1.06896,1.07038,1.06801,1.06923,7930,10,0
2024-06-27 12:00:00,1.06926,1.07259,1.06923,1.07067,12154,10,0
2024-06-27 16:00:00,1.07064,1.071,1.07008,1.07026,5443,10,0
2024-06-27 20:00:00,1.07025,1.07089,1.06989,1.0707200000000001,2051,10,0
2024-06-28 00:00:00,1.07071,1.07103,1.0685,1.06918,4732,10,0
2024-06-28 04:00:00,1.06918,1.07034,1.06852,1.06965,5321,10,0
2024-06-28 08:00:00,1.06963,1.07112,1.06917,1.06968,7266,10,0
2024-06-28 12:00:00,1.06966,1.07216,1.06922,1.07106,15580,10,0
2024-06-28 16:00:00,1.07103,1.07242,1.07057,1.07108,5929,10,0
2024-06-28 20:00:00,1.07105,1.0714,1.07074,1.07131,1035,10,0
2024-06-30 20:00:00,1.07347,1.07405,1.07301,1.07344,2644,10,0
2024-07-01 00:00:00,1.07345,1.0761,1.07342,1.07524,5575,10,0
2024-07-01 04:00:00,1.07524,1.07759,1.0751,1.07545,7880,10,0
2024-07-01 08:00:00,1.07541,1.0771600000000001,1.0742099999999999,1.07486,7553,10,0
2024-07-01 12:00:00,1.07486,1.07695,1.07193,1.07263,11807,10,0
2024-07-01 16:00:00,1.07263,1.07388,1.07237,1.07378,5393,10,0
2024-07-01 20:00:00,1.0737700000000001,1.0742,1.07352,1.07359,2274,10,0
2024-07-02 00:00:00,1.0735999999999999,1.07383,1.07304,1.0732,3440,10,0
2024-07-02 04:00:00,1.0732,1.07351,1.07117,1.07177,5814,10,0
2024-07-02 08:00:00,1.07179,1.0724,1.07096,1.07233,6931,10,0
2024-07-02 12:00:00,1.07234,1.07463,1.07234,1.07361,11918,10,0
2024-07-02 16:00:00,1.07359,1.0746,1.07301,1.07456,4182,10,0
2024-07-02 20:00:00,1.07455,1.07487,1.07416,1.07475,1983,10,0
2024-07-03 00:00:00,1.07476,1.07537,1.07399,1.07431,2959,10,0
2024-07-03 04:00:00,1.07431,1.07613,1.07357,1.0759,4908,10,0
2024-07-03 08:00:00,1.07589,1.0763,1.07521,1.07572,6134,10,0
2024-07-03 12:00:00,1.07575,1.08163,1.07546,1.07983,12312,10,0
2024-07-03 16:00:00,1.07984,1.08001,1.07778,1.07843,4266,10,0
2024-07-03 20:00:00,1.07843,1.07911,1.07817,1.07904,2083,10,0
2024-07-04 00:00:00,1.07905,1.07944,1.07832,1.07847,3024,10,0
2024-07-04 04:00:00,1.0784799999999999,1.0796000000000001,1.07843,1.07941,5073,10,0
2024-07-04 08:00:00,1.07941,1.08026,1.07933,1.07966,6022,10,0
2024-07-04 12:00:00,1.07965,1.08133,1.07941,1.08101,5315,10,0
2024-07-04 16:00:00,1.08101,1.08133,1.08092,1.08123,1287,10,0
2024-07-04 20:00:00,1.08123,1.08132,1.08076,1.081,1799,10,0
2024-07-05 00:00:00,1.08101,1.0824,1.08097,1.08215,3505,10,0
2024-07-05 04:00:00,1.08215,1.08298,1.0816,1.08288,4668,10,0
2024-07-05 08:00:00,1.08286,1.08313,1.08181,1.08186,5382,10,0
2024-07-05 12:00:00,1.08188,1.08412,1.08011,1.08271,15774,10,0
2024-07-05 16:00:00,1.08271,1.08421,1.08229,1.08408,4498,10,0
2024-07-05 20:00:00,1.08406,1.08408,1.08371,1.0839,940,10,0
2024-07-07 20:00:00,1.08009,1.08316,1.07989,1.08252,2671,10,0
2024-07-08 00:00:00,1.08252,1.08357,1.0818699999999999,1.08308,4496,10,0
2024-07-08 04:00:00,1.08311,1.08377,1.0814300000000001,1.08364,6874,10,0
2024-07-08 08:00:00,1.08364,1.08425,1.08232,1.0833,7126,10,0
2024-07-08 12:00:00,1.08332,1.08448,1.08308,1.08345,8302,10,0
2024-07-08 16:00:00,1.08343,1.08359,1.0822,1.08247,3799,10,0
2024-07-08 20:00:00,1.08247,1.0830899999999999,1.0822,1.083,1756,10,0
2024-07-09 00:00:00,1.083,1.08328,1.08188,1.08278,3221,10,0
2024-07-09 04:00:00,1.08278,1.08308,1.08165,1.08173,4707,10,0
2024-07-09 08:00:00,1.08172,1.08279,1.08117,1.08134,6024,10,0
2024-07-09 12:00:00,1.08136,1.08279,1.08052,1.08121,10442,10,0
2024-07-09 16:00:00,1.08124,1.08157,1.08055,1.08139,5031,10,0
2024-07-09 20:00:00,1.08138,1.08161,1.08089,1.08139,1819,10,0
2024-07-10 00:00:00,1.08139,1.08207,1.08102,1.08194,3273,10,0
2024-07-10 04:00:00,1.08194,1.08244,1.08142,1.08159,4824,10,0
2024-07-10 08:00:00,1.08157,1.0826500000000001,1.08114,1.08249,6143,10,0
2024-07-10 12:00:00,1.0824799999999999,1.08284,1.08193,1.08221,7795,10,0
2024-07-10 16:00:00,1.08221,1.08293,1.0817,1.08281,4079,10,0
2024-07-10 20:00:00,1.08281,1.08362,1.0824799999999999,1.08327,2070,10,0
2024-07-11 00:00:00,1.08327,1.08397,1.08318,1.08373,3003,10,0
2024-07-11 04:00:00,1.08373,1.08395,1.08317,1.08389,4304,10,0
2024-07-11 08:00:00,1.08388,1.08574,1.08376,1.08542,5873,10,0
2024-07-11 12:00:00,1.08542,1.08994,1.0844,1.08694,21621,10,0
2024-07-11 16:00:00,1.08694,1.08703,1.08595,1.08644,6571,10,0
2024-07-11 20:00:00,1.08642,1.08739,1.08637,1.08734,3039,10,0
2024-07-12 00:00:00,1.08734,1.08742,1.08631,1.08684,4544,10,0
2024-07-12 04:00:00,1.08684,1.08755,1.0861399999999999,1.08748,5058,10,0
2024-07-12 08:00:00,1.08748,1.08919,1.08747,1.08874,6424,10,0
2024-07-12 12:00:00,1.08874,1.09106,1.08733,1.0901,14630,10,0
2024-07-12 16:00:00,1.09008,1.09108,1.09001,1.09062,4724,10,0
2024-07-12 20:00:00,1.09063,1.0907499999999999,1.09036,1.0906,664,10,0
2024-07-14 20:00:00,1.08852,1.08917,1.08799,1.08855,2508,3,0
2024-07-15 00:00:00,1.08855,1.08951,1.0883099999999999,1.08938,3823,10,0
2024-07-15 04:00:00,1.08938,1.0896,1.08833,1.08952,5129,10,0
2024-07-15 08:00:00,1.08954,1.09199,1.0895299999999999,1.09054,7301,10,0
2024-07-15 12:00:00,1.09054,1.0922,1.09017,1.09115,8829,10,0
2024-07-15 16:00:00,1.09117,1.09166,1.08929,1.08983,7910,10,0
2024-07-15 20:00:00,1.0898,1.08989,1.08904,1.08978,2367,7,0
2024-07-16 00:00:00,1.08979,1.08979,1.08883,1.08924,3495,10,0
2024-07-16 04:00:00,1.08926,1.08998,1.08833,1.08986,5385,10,0
2024-07-16 08:00:00,1.08985,1.09035,1.08934,1.0901399999999999,7681,10,0
2024-07-16 12:00:00,1.0901399999999999,1.0905,1.08713,1.0884,11012,10,0
2024-07-16 16:00:00,1.0884,1.09022,1.08806,1.09011,4924,10,0
2024-07-16 20:00:00,1.09008,1.09026,1.08937,1.09018,2585,10,0
2024-07-17 00:00:00,1.09018,1.09064,1.0895299999999999,1.09056,3722,10,0
2024-07-17 04:00:00,1.09056,1.0913,1.08948,1.09081,6805,10,0
2024-07-17 08:00:00,1.09082,1.09446,1.09073,1.09345,9813,10,0
2024-07-17 12:00:00,1.09342,1.09477,1.09272,1.0931899999999999,11074,10,0
2024-07-17 16:00:00,1.0931899999999999,1.09393,1.09233,1.09355,6064,10,0
2024-07-17 20:00:00,1.09353,1.09405,1.09344,1.09396,3265,10,0
2024-07-18 00:00:00,1.09396,1.09402,1.09318,1.09323,4031,10,0
2024-07-18 04:00:00,1.09324,1.09377,1.09257,1.09308,5940,10,0
2024-07-18 08:00:00,1.09308,1.09383,1.09259,1.09271,6041,10,0
2024-07-18 12:00:00,1.09273,1.09363,1.09045,1.09118,11695,10,0
2024-07-18 16:00:00,1.09119,1.09158,1.0893,1.08968,6582,10,0
2024-07-18 20:00:00,1.08965,1.0901399999999999,1.08925,1.08996,2339,10,0
2024-07-19 00:00:00,1.08996,1.08997,1.0886,1.08879,4476,10,0
2024-07-19 04:00:00,1.08879,1.08901,1.08813,1.08876,6139,10,0
2024-07-19 08:00:00,1.08874,1.08927,1.08758,1.08927,7786,10,0
2024-07-19 12:00:00,1.08925,1.08936,1.0879,1.08875,9192,10,0
2024-07-19 16:00:00,1.08874,1.08908,1.08753,1.0879,5565,10,0
2024-07-19 20:00:00,1.0879,1.0883,1.08785,1.08827,925,10,0
2024-07-21 20:00:00,1.08807,1.09022,1.08807,1.08983,3004,10,0
2024-07-22 00:00:00,1.08983,1.08992,1.08843,1.08912,4063,10,0
2024-07-22 04:00:00,1.08912,1.08924,1.08781,1.08868,6581,10,0
2024-07-22 08:00:00,1.08868,1.08949,1.08834,1.08851,6289,10,0
2024-07-22 12:00:00,1.08852,1.08883,1.0872600000000001,1.08795,8394,10,0
2024-07-22 16:00:00,1.08795,1.08912,1.08785,1.08868,4362,10,0
2024-07-22 20:00:00,1.08867,1.0892,1.08858,1.08883,2072,10,0
2024-07-23 00:00:00,1.08885,1.0896,1.08866,1.08938,3695,10,0
2024-07-23 04:00:00,1.08939,1.08943,1.08732,1.08758,4932,10,0
2024-07-23 08:00:00,1.08759,1.08818,1.08556,1.08568,7649,10,0
2024-07-23 12:00:00,1.08566,1.08631,1.08435,1.08538,7995,10,0
2024-07-23 16:00:00,1.0854,1.08573,1.08486,1.08505,4518,10,0
2024-07-23 20:00:00,1.08504,1.08558,1.0848200000000001,1.08493,1924,10,0
2024-07-24 00:00:00,1.08493,1.08499,1.08414,1.08449,3473,10,0
2024-07-24 04:00:00,1.08449,1.08533,1.08254,1.0829,6477,10,0
2024-07-24 08:00:00,1.08288,1.08484,1.08256,1.08457,6913,10,0
2024-07-24 12:00:00,1.08458,1.0866,1.0845,1.08522,10241,10,0
2024-07-24 16:00:00,1.08524,1.08544,1.08354,1.08385,5740,10,0
2024-07-24 20:00:00,1.08385,1.08417,1.08365,1.08376,2156,10,0
2024-07-25 00:00:00,1.08375,1.08435,1.08344,1.08424,4820,10,0
2024-07-25 04:00:00,1.08424,1.08525,1.08279,1.08486,6911,10,0
2024-07-25 08:00:00,1.08489,1.08585,1.0843,1.0845,8872,10,0
2024-07-25 12:00:00,1.08452,1.08642,1.08299,1.08592,13483,10,0
2024-07-25 16:00:00,1.08593,1.08695,1.08451,1.08457,6807,10,0
2024-07-25 20:00:00,1.08455,1.0851,1.0841,1.08508,2809,10,0
2024-07-26 00:00:00,1.08508,1.08599,1.08508,1.08577,3437,10,0
2024-07-26 04:00:00,1.08581,1.08601,1.08446,1.0849,4788,10,0
2024-07-26 08:00:00,1.0849,1.08608,1.08417,1.08605,6165,10,0
2024-07-26 12:00:00,1.0860400000000001,1.08676,1.08483,1.08571,9884,10,0
2024-07-26 16:00:00,1.08573,1.0866500000000001,1.0855,1.08574,4656,10,0
2024-07-26 20:00:00,1.08572,1.08577,1.08548,1.08551,724,10,0
2024-07-28 20:00:00,1.08563,1.08596,1.08524,1.08525,1864,10,0
2024-07-29 00:00:00,1.08525,1.08694,1.08505,1.0862,3952,10,0
2024-07-29 04:00:00,1.0862,1.08636,1.08429,1.0844,5079,10,0
2024-07-29 08:00:00,1.08439,1.08439,1.08163,1.08175,6680,10,0
2024-07-29 12:00:00,1.08175,1.08233,1.08022,1.0818699999999999,7114,10,0
2024-07-29 16:00:00,1.08188,1.08253,1.08144,1.08233,3940,10,0
2024-07-29 20:00:00,1.08233,1.08233,1.08169,1.08188,1851,10,0
2024-07-30 00:00:00,1.08188,1.08219,1.08138,1.08214,3279,10,0
2024-07-30 04:00:00,1.08214,1.08263,1.08161,1.08185,4760,10,0
2024-07-30 08:00:00,1.0818,1.08353,1.08157,1.08241,5706,10,0
2024-07-30 12:00:00,1.08239,1.08257,1.07977,1.0808200000000001,9818,10,0
2024-07-30 16:00:00,1.0808200000000001,1.0817,1.08063,1.08104,5361,10,0
2024-07-30 20:00:00,1.08106,1.08173,1.08081,1.08153,2446,10,0
2024-07-31 00:00:00,1.08153,1.08296,1.08122,1.08219,5094,10,0
2024-07-31 04:00:00,1.08218,1.0826500000000001,1.08112,1.08178,7572,10,0
2024-07-31 08:00:00,1.08176,1.08396,1.0806,1.08277,7311,10,0
2024-07-31 12:00:00,1.08278,1.08488,1.08169,1.08229,11613,10,0
2024-07-31 16:00:00,1.08226,1.08323,1.08015,1.08226,11401,10,0
2024-07-31 20:00:00,1.08223,1.08304,1.08165,1.08235,3321,10,0
2024-08-01 00:00:00,1.08235,1.08341,1.08227,1.08323,5147,10,0
2024-08-01 04:00:00,1.08323,1.08348,1.07988,1.08009,6363,10,0
2024-08-01 08:00:00,1.08008,1.08019,1.07768,1.07913,8517,10,0
2024-08-01 12:00:00,1.07913,1.08176,1.07832,1.07881,13701,10,0
2024-08-01 16:00:00,1.07883,1.07963,1.07798,1.07893,7737,10,0
2024-08-01 20:00:00,1.07891,1.07926,1.07857,1.07861,3905,10,0
2024-08-02 00:00:00,1.0786,1.07946,1.07815,1.07925,4883,10,0
2024-08-02 04:00:00,1.07927,1.0808200000000001,1.07858,1.08034,8059,10,0
2024-08-02 08:00:00,1.08036,1.08368,1.08026,1.08308,9203,10,0
2024-08-02 12:00:00,1.0831,1.09261,1.08288,1.0913,20759,8,0
2024-08-02 16:00:00,1.09129,1.09163,1.0903,1.09121,8929,10,0
2024-08-02 20:00:00,1.09124,1.09144,1.09078,1.09103,1039,10,0
2024-08-04 20:00:00,1.09165,1.09207,1.09012,1.09099,4021,10,0
2024-08-05 00:00:00,1.091,1.09308,1.09063,1.09301,10052,10,0
2024-08-05 04:00:00,1.093,1.09664,1.08922,1.09486,24872,10,0
2024-08-05 08:00:00,1.09484,1.09743,1.09326,1.09622,18337,10,0
2024-08-05 12:00:00,1.0962,1.10083,1.09556,1.0956,29780,8,0
2024-08-05 16:00:00,1.09557,1.09638,1.0947,1.09584,12029,10,0
2024-08-05 20:00:00,1.09583,1.09615,1.09481,1.09501,4789,10,0
2024-08-06 00:00:00,1.09501,1.09625,1.09433,1.09534,8857,10,0
2024-08-06 04:00:00,1.09534,1.09555,1.09216,1.09263,12494,10,0
2024-08-06 08:00:00,1.09264,1.09344,1.09034,1.09161,12588,10,0
2024-08-06 12:00:00,1.09162,1.09343,1.09043,1.09246,13896,10,0
2024-08-06 16:00:00,1.09247,1.09332,1.09203,1.09292,8128,10,0
2024-08-06 20:00:00,1.09292,1.09316,1.09234,1.09255,3904,10,0
2024-08-07 00:00:00,1.09255,1.093,1.09105,1.09156,7258,10,0
2024-08-07 04:00:00,1.09158,1.09274,1.0905,1.09218,8764,10,0
2024-08-07 08:00:00,1.09216,1.09275,1.09081,1.09228,9479,10,0
2024-08-07 12:00:00,1.0923,1.09362,1.09121,1.09243,9625,10,0
2024-08-07 16:00:00,1.09243,1.09267,1.0917,1.09227,7901,10,0
2024-08-07 20:00:00,1.09227,1.09334,1.09173,1.09271,3734,10,0
2024-08-08 00:00:00,1.09274,1.0935,1.09231,1.09346,6114,10,0
2024-08-08 04:00:00,1.09346,1.09446,1.09293,1.09392,7990,10,0
2024-08-08 08:00:00,1.09394,1.09438,1.09203,1.09298,7432,10,0
2024-08-08 12:00:00,1.09301,1.0932,1.08811,1.09124,13893,8,0
2024-08-08 16:00:00,1.09124,1.09184,1.09045,1.09152,6902,10,0
2024-08-08 20:00:00,1.0915300000000001,1.09189,1.09115,1.09142,2638,10,0
2024-08-09 00:00:00,1.09143,1.09239,1.09111,1.09222,4695,10,0
2024-08-09 04:00:00,1.09222,1.09286,1.09172,1.09217,5735,10,0
2024-08-09 08:00:00,1.09216,1.09252,1.0911,1.09156,6625,10,0
2024-08-09 12:00:00,1.09157,1.09307,1.09085,1.09238,7840,10,0
2024-08-09 16:00:00,1.09236,1.09243,1.09148,1.09183,4566,10,0
2024-08-09 20:00:00,1.09185,1.0919,1.09145,1.0915,680,10,0
2024-08-11 20:00:00,1.09133,1.09186,1.09095,1.09122,1817,10,0
2024-08-12 00:00:00,1.09122,1.09223,1.09114,1.0913599999999999,3061,10,0
2024-08-12 04:00:00,1.09137,1.09281,1.09132,1.09219,4642,10,0
2024-08-12 08:00:00,1.09222,1.09294,1.09156,1.09253,5795,10,0
2024-08-12 12:00:00,1.09253,1.09389,1.09147,1.09275,8434,10,0
2024-08-12 16:00:00,1.09272,1.09343,1.09216,1.09312,4390,10,0
2024-08-12 20:00:00,1.09312,1.09359,1.09269,1.09356,2205,10,0
2024-08-13 00:00:00,1.09356,1.09378,1.09287,1.09365,2952,10,0
2024-08-13 04:00:00,1.09364,1.09408,1.0926,1.09297,4764,10,0
2024-08-13 08:00:00,1.09296,1.09316,1.09133,1.09298,6066,10,0
2024-08-13 12:00:00,1.09297,1.09619,1.09251,1.09528,11010,8,0
2024-08-13 16:00:00,1.09532,1.09992,1.09522,1.09954,6772,10,0
2024-08-13 20:00:00,1.09955,1.09983,1.09872,1.09954,2706,10,0
2024-08-14 00:00:00,1.09954,1.0997,1.09881,1.09894,4345,10,0
2024-08-14 04:00:00,1.09894,1.1007500000000001,1.0986,1.10051,5336,10,0
2024-08-14 08:00:00,1.10049,1.1028,1.1002,1.10218,6286,10,0
2024-08-14 12:00:00,1.1022,1.1047,1.10036,1.10228,12895,8,0
2024-08-14 16:00:00,1.10229,1.10238,1.10104,1.10126,5030,10,0
2024-08-14 20:00:00,1.10126,1.10153,1.10094,1.10112,2337,10,0
2024-08-15 00:00:00,1.10112,1.10139,1.10029,1.1007500000000001,3412,10,0
2024-08-15 04:00:00,1.1007500000000001,1.10151,1.10068,1.10127,4037,10,0
2024-08-15 08:00:00,1.10128,1.10137,1.10028,1.10128,4540,10,0
2024-08-15 12:00:00,1.10124,1.10137,1.0949200000000001,1.0985,13173,8,0
2024-08-15 16:00:00,1.09852,1.09888,1.09712,1.09738,5098,10,0
2024-08-15 20:00:00,1.09739,1.09746,1.09672,1.09721,2456,10,0
2024-08-16 00:00:00,1.09721,1.09821,1.09714,1.09766,3315,10,0
2024-08-16 04:00:00,1.09766,1.09865,1.09757,1.09844,4331,10,0
2024-08-16 08:00:00,1.09844,1.09945,1.09783,1.09917,5437,10,0
2024-08-16 12:00:00,1.0991900000000001,1.10039,1.09823,1.09955,5635,8,0
2024-08-16 16:00:00,1.09954,1.10242,1.09949,1.10238,2722,10,0
2024-08-16 20:00:00,1.10239,1.10291,1.10217,1.10272,540,10,0
2024-08-18 20:00:00,1.10239,1.10336,1.10221,1.10242,1114,10,0
2024-08-19 00:00:00,1.1024,1.10399,1.10228,1.10384,2324,10,0
2024-08-19 04:00:00,1.10381,1.10498,1.10359,1.10423,3388,10,0
2024-08-19 08:00:00,1.10421,1.1050200000000001,1.10305,1.10416,3871,10,0
2024-08-19 12:00:00,1.10418,1.10733,1.10298,1.10687,6915,10,0
2024-08-19 16:00:00,1.10686,1.1086,1.10667,1.10831,2896,10,0
2024-08-19 20:00:00,1.10829,1.10872,1.10797,1.10848,1482,10,0
2024-08-20 00:00:00,1.1085099999999999,1.10868,1.10745,1.1075,2423,10,0
2024-08-20 04:00:00,1.10754,1.10866,1.10714,1.10861,3193,10,0
2024-08-20 08:00:00,1.10863,1.10884,1.10744,1.10802,4393,10,0
2024-08-20 12:00:00,1.10804,1.11166,1.10799,1.11044,8718,8,0
2024-08-20 16:00:00,1.11045,1.11269,1.1103399999999999,1.11241,3542,10,0
2024-08-20 20:00:00,1.11244,1.1131,1.11232,1.11269,2126,10,0
2024-08-21 00:00:00,1.1127,1.11322,1.11168,1.1120700000000001,2414,10,0
2024-08-21 04:00:00,1.11204,1.11283,1.11101,1.11135,3415,10,0
2024-08-21 08:00:00,1.11137,1.11255,1.1109499999999999,1.11141,3697,10,0
2024-08-21 12:00:00,1.11144,1.11473,1.10986,1.11419,14556,10,0
2024-08-21 16:00:00,1.11415,1.11738,1.11411,1.11513,5052,10,0
2024-08-21 20:00:00,1.11515,1.11577,1.11437,1.11545,1916,10,0
2024-08-22 00:00:00,1.11546,1.11566,1.11401,1.1144,2061,10,0
2024-08-22 04:00:00,1.11443,1.11648,1.1127,1.11364,3752,10,0
2024-08-22 08:00:00,1.11362,1.11506,1.11317,1.11363,5295,10,0
2024-08-22 12:00:00,1.11367,1.11425,1.10978,1.11124,9341,8,0
2024-08-22 16:00:00,1.11125,1.11172,1.10982,1.11082,3730,10,0
2024-08-22 20:00:00,1.11079,1.1117,1.1107,1.11155,1724,10,0
2024-08-23 00:00:00,1.11152,1.1128,1.11124,1.11243,2351,10,0
2024-08-23 04:00:00,1.11244,1.11314,1.1112,1.11186,3012,10,0
2024-08-23 08:00:00,1.11188,1.11269,1.11103,1.11185,3929,10,0
2024-08-23 12:00:00,1.11182,1.11957,1.11048,1.1175,13902,8,0
2024-08-23 16:00:00,1.11751,1.12004,1.1164,1.11909,6221,10,0
2024-08-23 20:00:00,1.11907,1.11938,1.11872,1.11925,459,10,0
2024-08-25 20:00:00,1.11884,1.11936,1.1186,1.11888,1424,8,0
2024-08-26 00:00:00,1.11891,1.12013,1.11812,1.11831,3161,8,0
2024-08-26 04:00:00,1.11832,1.11889,1.11754,1.11806,3661,8,0
2024-08-26 08:00:00,1.11805,1.11844,1.11624,1.11651,4652,8,0
2024-08-26 12:00:00,1.11648,1.11783,1.11496,1.11634,9156,7,0
2024-08-26 16:00:00,1.11631,1.11748,1.11583,1.11591,3555,8,0
2024-08-26 20:00:00,1.11594,1.11667,1.11581,1.11639,1654,8,0
2024-08-27 00:00:00,1.11641,1.11701,1.11592,1.11664,1784,8,0
2024-08-27 04:00:00,1.11665,1.11723,1.11611,1.11636,3572,8,0
2024-08-27 08:00:00,1.11633,1.11784,1.116,1.11602,4781,8,0
2024-08-27 12:00:00,1.11604,1.11716,1.11494,1.11595,8457,8,0
2024-08-27 16:00:00,1.11596,1.11901,1.11591,1.11838,3824,8,0
2024-08-27 20:00:00,1.1184,1.11853,1.11743,1.11766,2089,8,0
2024-08-28 00:00:00,1.11767,1.11797,1.1162,1.11655,2389,8,0
2024-08-28 04:00:00,1.11652,1.11676,1.11345,1.11557,5077,8,0
2024-08-28 08:00:00,1.11555,1.11589,1.11169,1.11203,6023,8,0
2024-08-28 12:00:00,1.11205,1.11372,1.11046,1.11255,9560,8,0
2024-08-28 16:00:00,1.11256,1.11259,1.11047,1.11128,3904,8,0
2024-08-28 20:00:00,1.11126,1.11256,1.11119,1.11241,1474,8,0
2024-08-29 00:00:00,1.11239,1.11352,1.11239,1.11352,1720,8,0
2024-08-29 04:00:00,1.1135,1.11394,1.11159,1.11295,3973,8,0
2024-08-29 08:00:00,1.11292,1.11292,1.10717,1.10957,9281,8,0
2024-08-29 12:00:00,1.10959,1.10976,1.10553,1.10843,12518,7,0
2024-08-29 16:00:00,1.10845,1.10875,1.10743,1.10754,5936,8,0
2024-08-29 20:00:00,1.10751,1.10829,1.10746,1.10797,2223,8,0
2024-08-30 00:00:00,1.108,1.10826,1.10693,1.10733,3625,8,0
2024-08-30 04:00:00,1.10733,1.10885,1.10713,1.10837,5585,8,0
2024-08-30 08:00:00,1.10838,1.10945,1.10733,1.10812,8315,8,0
2024-08-30 12:00:00,1.10814,1.10877,1.10525,1.10592,16442,8,0
2024-08-30 16:00:00,1.10591,1.10595,1.10434,1.1052,7319,8,0
2024-08-30 20:00:00,1.10518,1.10548,1.1047,1.10474,937,8,0
2024-09-01 20:00:00,1.10468,1.10494,1.10437,1.10442,1520,8,0
2024-09-02 00:00:00,1.10443,1.10551,1.10415,1.10481,3857,8,0
2024-09-02 04:00:00,1.10482,1.10698,1.10436,1.10662,5437,8,0
2024-09-02 08:00:00,1.10662,1.10769,1.10593,1.10593,7189,8,0
2024-09-02 12:00:00,1.10593,1.10715,1.10581,1.10673,6252,8,0
2024-09-02 16:00:00,1.10673,1.10723,1.10621,1.10717,1342,8,0
2024-09-02 20:00:00,1.10717,1.10726,1.10643,1.1067,1738,8,0
2024-09-03 00:00:00,1.1067,1.10697,1.10569,1.10578,4281,8,0
2024-09-03 04:00:00,1.10578,1.10672,1.10507,1.10558,6308,8,0
2024-09-03 08:00:00,1.10556,1.10593,1.10326,1.1036,9226,8,0
2024-09-03 12:00:00,1.10361,1.10693,1.10333,1.1042,14608,7,0
2024-09-03 16:00:00,1.10418,1.10466,1.10259,1.10412,5737,8,0
2024-09-03 20:00:00,1.10414,1.105,1.10389,1.1048,2958,8,0
2024-09-04 00:00:00,1.1048,1.10558,1.10459,1.10534,4607,8,0
2024-09-04 04:00:00,1.10534,1.1062400000000001,1.10464,1.10558,6477,8,0
2024-09-04 08:00:00,1.10555,1.10584,1.1042399999999999,1.10498,7073,8,0
2024-09-04 12:00:00,1.10498,1.10949,1.10396,1.10803,13244,7,0
2024-09-04 16:00:00,1.10802,1.10862,1.10648,1.10776,6105,8,0
2024-09-04 20:00:00,1.10779,1.10859,1.1075,1.10798,2731,8,0
2024-09-05 00:00:00,1.10798,1.1085,1.10754,1.10767,4209,8,0
2024-09-05 04:00:00,1.10768,1.109,1.10743,1.10866,5686,8,0
2024-09-05 08:00:00,1.10866,1.11077,1.10837,1.10949,7572,8,0
2024-09-05 12:00:00,1.10951,1.11195,1.10758,1.10947,16689,7,0
2024-09-05 16:00:00,1.10949,1.11128,1.10949,1.1103,5928,8,0
2024-09-05 20:00:00,1.11033,1.11121,1.11033,1.11108,2131,8,0
2024-09-06 00:00:00,1.11108,1.11157,1.11087,1.11148,3090,8,0
2024-09-06 04:00:00,1.11148,1.11205,1.11105,1.11153,5147,8,0
2024-09-06 08:00:00,1.11155,1.11203,1.11023,1.11066,6646,8,0
2024-09-06 12:00:00,1.11069,1.11544,1.10653,1.10858,31658,7,0
2024-09-06 16:00:00,1.10856,1.10891,1.10692,1.10879,9638,8,0
2024-09-06 20:00:00,1.10881,1.10883,1.10842,1.1085099999999999,978,8,0
2024-09-08 20:00:00,1.10817,1.10905,1.10809,1.10863,2151,8,0
2024-09-09 00:00:00,1.10864,1.10906,1.10784,1.10794,4500,8,0
2024-09-09 04:00:00,1.10795,1.108,1.10544,1.1059,5977,8,0
2024-09-09 08:00:00,1.10589,1.10622,1.10353,1.10446,7734,8,0
2024-09-09 12:00:00,1.10446,1.10515,1.10335,1.10409,9855,8,0
2024-09-09 16:00:00,1.10409,1.10532,1.10371,1.10379,5307,8,0
2024-09-09 20:00:00,1.10378,1.10395,1.1032,1.1035,2244,8,0
2024-09-10 00:00:00,1.1035,1.10387,1.10279,1.10378,3148,8,0
2024-09-10 04:00:00,1.10379,1.10492,1.10332,1.10366,5147,8,0
2024-09-10 08:00:00,1.10366,1.10434,1.10262,1.10308,6015,8,0
2024-09-10 12:00:00,1.10305,1.10364,1.10147,1.10246,10138,8,0
2024-09-10 16:00:00,1.10245,1.10284,1.10202,1.10264,4729,8,0
2024-09-10 20:00:00,1.10263,1.10267,1.10166,1.102,2299,8,0
2024-09-11 00:00:00,1.10198,1.1044,1.10164,1.1038000000000001,5034,8,0
2024-09-11 04:00:00,1.1038000000000001,1.10516,1.10376,1.10407,6285,8,0
2024-09-11 08:00:00,1.10406,1.10545,1.1036299999999999,1.1043,6509,8,0
2024-09-11 12:00:00,1.10429,1.10484,1.10015,1.10117,17942,7,0
2024-09-11 16:00:00,1.10117,1.10261,1.10093,1.10172,6332,8,0
2024-09-11 20:00:00,1.1017,1.10176,1.10083,1.101,2015,8,0
2024-09-12 00:00:00,1.101,1.1013600000000001,1.10057,1.10134,3002,8,0
2024-09-12 04:00:00,1.10134,1.10234,1.10056,1.1007500000000001,4859,8,0
2024-09-12 08:00:00,1.10073,1.1023,1.10051,1.10135,6172,8,0
2024-09-12 12:00:00,1.10135,1.10467,1.10095,1.10396,14704,7,0
2024-09-12 16:00:00,1.10396,1.10711,1.10367,1.107,7961,8,0
2024-09-12 20:00:00,1.10701,1.10787,1.10679,1.10784,2751,8,0
2024-09-13 00:00:00,1.10781,1.10898,1.10771,1.10866,4662,8,0
2024-09-13 04:00:00,1.10866,1.10935,1.10727,1.10919,5337,8,0
2024-09-13 08:00:00,1.10919,1.11003,1.10807,1.10839,7515,8,0
2024-09-13 12:00:00,1.1084100000000001,1.11014,1.10789,1.1084100000000001,11829,7,0
2024-09-13 16:00:00,1.10844,1.10854,1.10758,1.10774,4996,8,0
2024-09-13 20:00:00,1.10773,1.10779,1.10722,1.10752,666,8,0
2024-09-15 20:00:00,1.1076,1.10891,1.10714,1.10868,1574,9,0
2024-09-16 00:00:00,1.1087,1.11045,1.10863,1.11036,3552,9,0
2024-09-16 04:00:00,1.11033,1.11195,1.10953,1.1114600000000001,5511,9,0
2024-09-16 08:00:00,1.11145,1.1129,1.11132,1.11232,6676,9,0
2024-09-16 12:00:00,1.11232,1.11371,1.11161,1.1122,10265,9,0
2024-09-16 16:00:00,1.1122,1.11295,1.11158,1.11283,5193,9,0
2024-09-16 20:00:00,1.11284,1.11331,1.1123,1.11286,2494,9,0
2024-09-17 00:00:00,1.11286,1.11309,1.11215,1.11236,3535,9,0
2024-09-17 04:00:00,1.11236,1.11375,1.11154,1.1136,5383,9,0
2024-09-17 08:00:00,1.11358,1.11459,1.11297,1.1138,7081,9,0
2024-09-17 12:00:00,1.11382,1.11432,1.11114,1.11171,15668,8,0
2024-09-17 16:00:00,1.11168,1.11231,1.11103,1.11156,6500,9,0
2024-09-17 20:00:00,1.11156,1.11234,1.11107,1.11214,2118,9,0
2024-09-18 00:00:00,1.11214,1.113,1.1121,1.11257,3606,9,0
2024-09-18 04:00:00,1.11257,1.11309,1.11149,1.11305,5605,9,0
2024-09-18 08:00:00,1.11307,1.11393,1.11221,1.11241,6516,9,0
2024-09-18 12:00:00,1.11243,1.11396,1.11078,1.11153,9840,8,0
2024-09-18 16:00:00,1.11151,1.11886,1.10964,1.11056,31304,8,0
2024-09-18 20:00:00,1.11053,1.11235,1.11038,1.11135,4426,9,0
2024-09-19 00:00:00,1.11137,1.11186,1.1068,1.11179,9162,9,0
2024-09-19 04:00:00,1.1118,1.11527,1.11144,1.11452,9488,9,0
2024-09-19 08:00:00,1.1145100000000001,1.11782,1.11443,1.11576,11957,9,0
2024-09-19 12:00:00,1.11575,1.11579,1.1116,1.11461,18248,8,0
2024-09-19 16:00:00,1.11463,1.11674,1.11445,1.1161699999999999,7426,9,0
2024-09-19 20:00:00,1.1161699999999999,1.11639,1.11572,1.11589,2326,9,0
2024-09-20 00:00:00,1.11589,1.11687,1.11568,1.11654,4896,9,0
2024-09-20 04:00:00,1.11654,1.11814,1.1159,1.11623,7747,9,0
2024-09-20 08:00:00,1.11621,1.11687,1.11521,1.11612,8091,9,0
2024-09-20 12:00:00,1.11612,1.11765,1.11355,1.11584,14554,9,0
2024-09-20 16:00:00,1.11585,1.11756,1.11568,1.11615,8647,9,0
2024-09-20 20:00:00,1.11614,1.11633,1.11558,1.11626,1002,9,0
2024-09-22 20:00:00,1.11602,1.11644,1.1157,1.11587,1794,9,0
2024-09-23 00:00:00,1.11585,1.11645,1.11552,1.11612,3897,9,0
2024-09-23 04:00:00,1.11612,1.1166800000000001,1.10974,1.11016,8413,9,0
2024-09-23 08:00:00,1.1101,1.11252,1.10828,1.11192,10447,9,0
2024-09-23 12:00:00,1.11191,1.11429,1.11081,1.11298,14272,8,0
2024-09-23 16:00:00,1.11296,1.11296,1.11116,1.11144,7235,9,0
2024-09-23 20:00:00,1.11144,1.11144,1.11072,1.11106,2380,9,0
2024-09-24 00:00:00,1.11106,1.11135,1.11029,1.11122,4640,9,0
2024-09-24 04:00:00,1.11122,1.11318,1.11039,1.1127,7749,9,0
2024-09-24 08:00:00,1.1126800000000001,1.11457,1.11216,1.11288,8377,9,0
2024-09-24 12:00:00,1.11289,1.1163,1.11286,1.11496,13314,8,0
2024-09-24 16:00:00,1.1149499999999999,1.11764,1.11487,1.11763,6191,9,0
2024-09-24 20:00:00,1.11762,1.11905,1.11745,1.11903,2820,9,0
2024-09-25 00:00:00,1.11903,1.11983,1.1185,1.11974,4869,9,0
2024-09-25 04:00:00,1.11975,1.11982,1.11853,1.1191200000000001,6115,9,0
2024-09-25 08:00:00,1.1191200000000001,1.1197,1.11777,1.11952,8301,9,0
2024-09-25 12:00:00,1.11953,1.12137,1.11412,1.1143,15371,8,0
2024-09-25 16:00:00,1.11428,1.11474,1.11211,1.11258,7849,9,0
2024-09-25 20:00:00,1.1126,1.11327,1.11245,1.11292,2474,9,0
2024-09-26 00:00:00,1.11292,1.11447,1.11287,1.11401,4007,9,0
2024-09-26 04:00:00,1.11402,1.11574,1.11333,1.11347,6920,9,0
2024-09-26 08:00:00,1.11344,1.1161,1.11252,1.11537,10407,9,0
2024-09-26 12:00:00,1.11537,1.11889,1.11254,1.11824,19748,8,0
2024-09-26 16:00:00,1.11822,1.11837,1.11659,1.11776,8675,9,0
2024-09-26 20:00:00,1.11778,1.11784,1.11724,1.11764,2778,9,0
2024-09-27 00:00:00,1.11764,1.11773,1.11622,1.11687,5111,9,0
2024-09-27 04:00:00,1.11687,1.11755,1.11243,1.11326,12528,9,0
2024-09-27 08:00:00,1.11326,1.11706,1.11259,1.11622,9694,9,0
2024-09-27 12:00:00,1.11621,1.12026,1.11537,1.11583,18134,8,0
2024-09-27 16:00:00,1.11581,1.11674,1.1146,1.11637,8370,9,0
2024-09-27 20:00:00,1.11635,1.11673,1.11588,1.11632,922,9,0
2024-09-29 20:00:00,1.11576,1.11721,1.11566,1.11686,2052,9,0
2024-09-30 00:00:00,1.11686,1.11734,1.11557,1.11577,5053,9,0
2024-09-30 04:00:00,1.11577,1.11751,1.11557,1.11719,6756,9,0
2024-09-30 08:00:00,1.11721,1.12086,1.11721,1.1197,10665,9,0
2024-09-30 12:00:00,1.11972,1.12007,1.11347,1.11439,15489,9,0
2024-09-30 16:00:00,1.11441,1.11622,1.11132,1.11323,13568,9,0
2024-09-30 20:00:00,1.11325,1.11422,1.11297,1.11362,2691,9,0
2024-10-01 00:00:00,1.11363,1.1143,1.1126800000000001,1.1137299999999999,4651,9,0
2024-10-01 04:00:00,1.11374,1.11436,1.11111,1.11148,8972,9,0
2024-10-01 08:00:00,1.1115,1.11196,1.10783,1.10844,11374,9,0
2024-10-01 12:00:00,1.10843,1.10883,1.10571,1.1066,20014,8,0
2024-10-01 16:00:00,1.10658,1.10768,1.10454,1.10671,11353,9,0
2024-10-01 20:00:00,1.10673,1.10723,1.10632,1.10642,2811,9,0
2024-10-02 00:00:00,1.10643,1.10736,1.10629,1.10701,4840,9,0
2024-10-02 04:00:00,1.10701,1.10734,1.10535,1.1066,8425,9,0
2024-10-02 08:00:00,1.1066,1.10824,1.1060699999999999,1.10751,9216,9,0
2024-10-02 12:00:00,1.10753,1.10769,1.10324,1.10488,13528,8,0
2024-10-02 16:00:00,1.1049,1.1054599999999999,1.10365,1.10483,6434,9,0
2024-10-02 20:00:00,1.10481,1.10522,1.10411,1.10456,3015,9,0
2024-10-03 00:00:00,1.10455,1.10463,1.10315,1.10353,4549,9,0
2024-10-03 04:00:00,1.10355,1.10417,1.10245,1.10326,8438,9,0
2024-10-03 08:00:00,1.10326,1.10463,1.1029,1.10425,9843,9,0
2024-10-03 12:00:00,1.10423,1.10464,1.1008,1.10144,18670,8,0
2024-10-03 16:00:00,1.1014599999999999,1.10357,1.10137,1.10281,6962,9,0
2024-10-03 20:00:00,1.10283,1.10367,1.10256,1.10346,2515,9,0
2024-10-04 00:00:00,1.10346,1.10392,1.1025,1.1026799999999999,5123,9,0
2024-10-04 04:00:00,1.1026799999999999,1.10351,1.10246,1.10277,6727,9,0
2024-10-04 08:00:00,1.10277,1.10367,1.10196,1.1031900000000001,8106,9,0
2024-10-04 12:00:00,1.1031900000000001,1.10326,1.09544,1.09604,21068,8,0
2024-10-04 16:00:00,1.09605,1.09772,1.09509,1.09758,6748,9,0
2024-10-04 20:00:00,1.0976,1.09772,1.0972,1.09743,1021,9,0
2024-10-06 20:00:00,1.09663,1.09713,1.09609,1.09702,2501,9,0
2024-10-07 00:00:00,1.097,1.09773,1.09679,1.09718,5560,9,0
2024-10-07 04:00:00,1.09718,1.09732,1.09577,1.09691,7331,9,0
2024-10-07 08:00:00,1.09693,1.09803,1.0954,1.09765,10250,9,0
2024-10-07 12:00:00,1.09767,1.09845,1.09692,1.09754,12917,9,0
2024-10-07 16:00:00,1.09753,1.09864,1.09654,1.0971899999999999,6445,9,0
2024-10-07 20:00:00,1.09717,1.09786,1.09704,1.0974,2889,9,0
2024-10-08 00:00:00,1.0974,1.09866,1.09725,1.09829,5951,9,0
2024-10-08 04:00:00,1.09829,1.09952,1.09781,1.09948,7154,9,0
2024-10-08 08:00:00,1.0995,1.09968,1.09781,1.09872,8339,9,0
2024-10-08 12:00:00,1.09872,1.09894,1.09604,1.09693,10863,9,0
2024-10-08 16:00:00,1.09693,1.09777,1.09654,1.09773,5816,9,0
2024-10-08 20:00:00,1.09771,1.09805,1.09747,1.09753,2340,9,0
2024-10-09 00:00:00,1.09751,1.09782,1.09664,1.09673,4987,9,0
2024-10-09 04:00:00,1.09673,1.09755,1.09503,1.09599,7971,9,0
2024-10-09 08:00:00,1.096,1.09702,1.09529,1.09538,7601,9,0
2024-10-09 12:00:00,1.09537,1.09593,1.09392,1.09506,10176,9,0
2024-10-09 16:00:00,1.09505,1.09505,1.09357,1.09379,6137,9,0
2024-10-09 20:00:00,1.0937999999999999,1.09425,1.09363,1.09413,2291,9,0
2024-10-10 00:00:00,1.09413,1.09455,1.09385,1.0943100000000001,4544,9,0
2024-10-10 04:00:00,1.0943100000000001,1.09442,1.09326,1.09371,5887,9,0
2024-10-10 08:00:00,1.09373,1.09393,1.09268,1.09303,7343,9,0
2024-10-10 12:00:00,1.09304,1.09539,1.09072,1.09245,22336,8,0
2024-10-10 16:00:00,1.09247,1.09341,1.08997,1.09338,8955,9,0
2024-10-10 20:00:00,1.0934,1.09373,1.09316,1.09331,2726,9,0
2024-10-11 00:00:00,1.0933,1.09403,1.09293,1.0939,3686,9,0
2024-10-11 04:00:00,1.0939,1.09449,1.09318,1.0944099999999999,5037,9,0
2024-10-11 08:00:00,1.0944,1.09536,1.0927,1.09306,6646,9,0
2024-10-11 12:00:00,1.09307,1.0952,1.09255,1.09409,13221,8,0
2024-10-11 16:00:00,1.09409,1.09472,1.09327,1.09329,4520,9,0
2024-10-11 20:00:00,1.09327,1.09378,1.0932,1.09357,956,9,0
2024-10-13 20:00:00,1.09311,1.09322,1.09219,1.09229,1482,9,0
2024-10-14 00:00:00,1.09229,1.09288,1.0915,1.09253,4826,9,0
2024-10-14 04:00:00,1.09253,1.09307,1.09219,1.09279,4912,9,0
2024-10-14 08:00:00,1.0928,1.09362,1.09086,1.09125,6836,9,0
2024-10-14 12:00:00,1.09124,1.09268,1.09043,1.09066,10669,9,0
2024-10-14 16:00:00,1.09066,1.09084,1.08876,1.09033,5437,9,0
2024-10-14 20:00:00,1.0903100000000001,1.09099,1.09024,1.09086,2218,9,0
2024-10-15 00:00:00,1.09089,1.09094,1.08954,1.08963,3976,9,0
2024-10-15 04:00:00,1.08963,1.08982,1.08845,1.0898,6631,9,0
2024-10-15 08:00:00,1.0898,1.09156,1.08965,1.09006,8530,9,0
2024-10-15 12:00:00,1.09008,1.09163,1.0898,1.08988,11388,8,0
2024-10-15 16:00:00,1.08987,1.0902,1.08814,1.08867,5875,9,0
2024-10-15 20:00:00,1.08865,1.08925,1.08825,1.08829,2248,9,0
2024-10-16 00:00:00,1.08828,1.08952,1.08817,1.08905,4164,9,0
2024-10-16 04:00:00,1.08905,1.08929,1.08747,1.08819,6702,9,0
2024-10-16 08:00:00,1.08819,1.08967,1.08774,1.08941,7817,9,0
2024-10-16 12:00:00,1.08941,1.09011,1.08658,1.08722,9791,8,0
2024-10-16 16:00:00,1.08721,1.08762,1.08528,1.08575,5164,9,0
2024-10-16 20:00:00,1.08573,1.08667,1.08561,1.08586,2690,9,0
2024-10-17 00:00:00,1.08586,1.08646,1.08507,1.08524,5033,9,0
2024-10-17 04:00:00,1.08525,1.08579,1.08485,1.08542,5652,9,0
2024-10-17 08:00:00,1.08542,1.08668,1.08486,1.08627,6671,9,0
2024-10-17 12:00:00,1.08628,1.0873,1.08104,1.08362,18184,8,0
2024-10-17 16:00:00,1.08364,1.08367,1.08206,1.08275,5856,9,0
2024-10-17 20:00:00,1.08274,1.08327,1.0825,1.08287,2123,9,0
2024-10-18 00:00:00,1.08288,1.08392,1.08268,1.08382,4717,9,0
2024-10-18 04:00:00,1.08382,1.08483,1.08364,1.08407,6052,9,0
2024-10-18 08:00:00,1.08408,1.08517,1.08337,1.08477,7356,9,0
2024-10-18 12:00:00,1.08477,1.0864,1.08459,1.08531,9117,8,0
2024-10-18 16:00:00,1.08531,1.08678,1.08525,1.08634,4860,9,0
2024-10-18 20:00:00,1.08633,1.08693,1.08625,1.08673,760,9,0
2024-10-20 20:00:00,1.08602,1.08694,1.08587,1.08678,1683,9,0
2024-10-21 00:00:00,1.08679,1.08687,1.08633,1.08657,4454,9,0
2024-10-21 04:00:00,1.08657,1.08658,1.08456,1.08479,5271,9,0
2024-10-21 08:00:00,1.08478,1.08578,1.08443,1.08551,6243,9,0
2024-10-21 12:00:00,1.08552,1.08587,1.08194,1.08197,8809,9,0
2024-10-21 16:00:00,1.08197,1.08228,1.08105,1.0815,5080,9,0
2024-10-21 20:00:00,1.08149,1.08173,1.08112,1.08152,2524,9,0
2024-10-22 00:00:00,1.08151,1.0821,1.08139,1.0818699999999999,4142,9,0
2024-10-22 04:00:00,1.0818699999999999,1.08376,1.08175,1.0836,5394,9,0
2024-10-22 08:00:00,1.08359,1.08365,1.08138,1.08173,6911,9,0
2024-10-22 12:00:00,1.08173,1.08215,1.08003,1.08043,10598,9,0
2024-10-22 16:00:00,1.08042,1.08138,1.07936,1.07944,5024,9,0
2024-10-22 20:00:00,1.07944,1.08,1.07922,1.07961,2086,9,0
2024-10-23 00:00:00,1.07959,1.08049,1.07919,1.08018,4544,9,0
2024-10-23 04:00:00,1.08019,1.08062,1.07803,1.07816,6401,9,0
2024-10-23 08:00:00,1.07814,1.0791,1.07627,1.0763,7175,9,0
2024-10-23 12:00:00,1.07631,1.07857,1.07606,1.07785,9683,9,0
2024-10-23 16:00:00,1.07785,1.07862,1.07669,1.07853,6655,9,0
2024-10-23 20:00:00,1.07852,1.07859,1.07789,1.07798,2501,9,0
2024-10-24 00:00:00,1.07799,1.07894,1.07792,1.07865,4679,9,0
2024-10-24 04:00:00,1.07866,1.07982,1.07702,1.07954,7738,9,0
2024-10-24 08:00:00,1.07954,1.08078,1.07916,1.07946,8550,9,0
2024-10-24 12:00:00,1.07947,1.08108,1.07882,1.08046,12212,8,0
2024-10-24 16:00:00,1.08044,1.08285,1.0802100000000001,1.08285,5841,9,0
2024-10-24 20:00:00,1.08286,1.08295,1.08224,1.08234,2179,9,0
2024-10-25 00:00:00,1.08234,1.08272,1.08196,1.08215,4020,9,0
2024-10-25 04:00:00,1.08215,1.08271,1.08134,1.08241,5701,9,0
2024-10-25 08:00:00,1.08239,1.08366,1.08209,1.08213,6362,9,0
2024-10-25 12:00:00,1.08212,1.0839,1.08104,1.08119,9694,8,0
2024-10-25 16:00:00,1.08119,1.08119,1.07927,1.07954,6014,9,0
2024-10-25 20:00:00,1.07957,1.0796999999999999,1.07942,1.07953,923,9,0
2024-10-27 20:00:00,1.07919,1.08015,1.07849,1.07958,2550,9,0
2024-10-28 00:00:00,1.07957,1.08009,1.07818,1.07827,5363,9,0
2024-10-28 04:00:00,1.07827,1.08052,1.07818,1.08036,5005,9,0
2024-10-28 08:00:00,1.08035,1.08209,1.08003,1.08191,7422,9,0
2024-10-28 12:00:00,1.08189,1.08272,1.0812599999999999,1.08183,8724,9,0
2024-10-28 16:00:00,1.08183,1.08259,1.08097,1.0815,5900,9,0
2024-10-28 20:00:00,1.08151,1.08172,1.08084,1.08171,1975,9,0
2024-10-29 00:00:00,1.08172,1.08189,1.08055,1.08075,4679,9,0
2024-10-29 04:00:00,1.08075,1.08159,1.08053,1.08091,4559,9,0
2024-10-29 08:00:00,1.0809,1.08259,1.07964,1.07989,8635,9,0
2024-10-29 12:00:00,1.07986,1.08116,1.07682,1.07973,15363,8,0
2024-10-29 16:00:00,1.07972,1.08158,1.07918,1.08134,8289,9,0
2024-10-29 20:00:00,1.08133,1.08214,1.08127,1.08195,2485,9,0
2024-10-30 00:00:00,1.08194,1.08259,1.08131,1.08136,4380,9,0
2024-10-30 04:00:00,1.08136,1.0826,1.08127,1.08184,4419,9,0
2024-10-30 08:00:00,1.08186,1.0859,1.08186,1.0824,10104,9,0
2024-10-30 12:00:00,1.08238,1.08664,1.08075,1.08631,15674,8,0
2024-10-30 16:00:00,1.08629,1.0871,1.08531,1.08602,7258,9,0
2024-10-30 20:00:00,1.0860400000000001,1.08616,1.08531,1.08576,2961,9,0
2024-10-31 00:00:00,1.08576,1.08591,1.08439,1.08496,4579,9,0
2024-10-31 04:00:00,1.08496,1.08631,1.08447,1.08584,5583,9,0
2024-10-31 08:00:00,1.08587,1.08749,1.08507,1.08677,8943,9,0
2024-10-31 12:00:00,1.08679,1.08877,1.08456,1.08552,18124,8,0
2024-10-31 16:00:00,1.08549,1.08778,1.08532,1.08768,10101,9,0
2024-10-31 20:00:00,1.0877,1.0886,1.08765,1.08833,3118,9,0
2024-11-01 00:00:00,1.08834,1.08883,1.08747,1.0876,4425,9,0
2024-11-01 04:00:00,1.08759,1.0878700000000001,1.08678,1.08679,4601,9,0
2024-11-01 08:00:00,1.08676,1.08689,1.08518,1.08674,7130,9,0
2024-11-01 12:00:00,1.08674,1.09052,1.08467,1.0848200000000001,18577,8,0
2024-11-01 16:00:00,1.0848200000000001,1.0854,1.08339,1.08356,7078,9,0
2024-11-01 20:00:00,1.08357,1.08368,1.08314,1.08333,879,9,0
2024-11-03 20:00:00,1.08781,1.08812,1.08717,1.08724,2080,9,0
2024-11-04 00:00:00,1.08724,1.09046,1.08694,1.0901,6164,9,0
2024-11-04 04:00:00,1.09008,1.09025,1.08869,1.08908,6093,9,0
2024-11-04 08:00:00,1.08908,1.09137,1.08889,1.0913,7827,9,0
2024-11-04 12:00:00,1.0913,1.09145,1.08931,1.08989,10684,8,0
2024-11-04 16:00:00,1.08989,1.09008,1.08772,1.08784,7756,9,0
2024-11-04 20:00:00,1.08784,1.08811,1.08731,1.08733,2887,9,0
2024-11-05 00:00:00,1.08734,1.08796,1.08719,1.08754,3562,9,0
2024-11-05 04:00:00,1.08754,1.08903,1.0874,1.0888,3876,9,0
2024-11-05 08:00:00,1.08882,1.09015,1.08837,1.08989,5797,9,0
2024-11-05 12:00:00,1.08991,1.09119,1.0889199999999999,1.09016,9620,8,0
2024-11-05 16:00:00,1.09016,1.0936,1.09007,1.09305,7379,9,0
2024-11-05 20:00:00,1.09307,1.09369,1.09115,1.09336,4917,9,0
2024-11-06 00:00:00,1.09336,1.09336,1.07183,1.07462,43860,9,0
2024-11-06 04:00:00,1.0746,1.07941,1.0702,1.07341,31727,9,0
2024-11-06 08:00:00,1.07338,1.07809,1.07008,1.07079,20557,9,0
2024-11-06 12:00:00,1.07077,1.07394,1.06818,1.0737700000000001,25430,9,0
2024-11-06 16:00:00,1.07375,1.07577,1.07253,1.07348,15342,9,0
2024-11-06 20:00:00,1.07348,1.07381,1.07249,1.07314,4780,9,0
2024-11-07 00:00:00,1.07314,1.07411,1.07125,1.07394,6995,9,0
2024-11-07 04:00:00,1.07394,1.07696,1.0734,1.07517,7537,9,0
2024-11-07 08:00:00,1.07519,1.07712,1.07457,1.07586,10899,9,0
2024-11-07 12:00:00,1.07585,1.0825,1.07563,1.08104,17681,9,0
2024-11-07 16:00:00,1.08102,1.08144,1.07666,1.07817,18942,8,0
2024-11-07 20:00:00,1.07813,1.08091,1.07796,1.07952,7858,9,0
2024-11-08 00:00:00,1.07952,1.07971,1.07766,1.07779,6838,9,0
2024-11-08 04:00:00,1.07779,1.07861,1.07722,1.07795,6911,9,0
2024-11-08 08:00:00,1.07792,1.0796999999999999,1.0760399999999999,1.07827,13781,9,0
2024-11-08 12:00:00,1.07829,1.07841,1.07396,1.0748,15046,8,0
2024-11-08 16:00:00,1.07477,1.075,1.06863,1.07131,12045,9,0
2024-11-08 20:00:00,1.07128,1.07209,1.07102,1.07179,2584,9,0
2024-11-10 20:00:00,1.07085,1.07166,1.07043,1.07128,2011,9,0
2024-11-11 00:00:00,1.0713,1.07275,1.07081,1.07166,5980,9,0
2024-11-11 04:00:00,1.07166,1.07219,1.06856,1.06898,7037,9,0
2024-11-11 08:00:00,1.069,1.06942,1.06553,1.06622,12503,9,0
2024-11-11 12:00:00,1.06623,1.06644,1.06281,1.06467,12194,9,0
2024-11-11 16:00:00,1.06469,1.06568,1.06442,1.06506,6938,9,0
2024-11-11 20:00:00,1.06507,1.06627,1.06499,1.06627,3121,9,0
2024-11-12 00:00:00,1.06627,1.06627,1.0637699999999999,1.06381,6400,9,0
2024-11-12 04:00:00,1.06381,1.06454,1.06211,1.0631599999999999,7947,9,0
2024-11-12 08:00:00,1.06317,1.06337,1.06107,1.06186,11503,9,0
2024-11-12 12:00:00,1.06187,1.06268,1.06013,1.06086,13462,9,0
2024-11-12 16:00:00,1.06084,1.06181,1.05943,1.06121,10893,9,0
2024-11-12 20:00:00,1.06118,1.06262,1.0609,1.06163,4346,9,0
2024-11-13 00:00:00,1.06163,1.06289,1.06106,1.06188,6172,9,0
2024-11-13 04:00:00,1.06188,1.06224,1.06021,1.06027,5929,9,0
2024-11-13 08:00:00,1.06026,1.0637699999999999,1.0593,1.0637,10168,9,0
2024-11-13 12:00:00,1.06372,1.06534,1.05554,1.05883,28139,8,0
2024-11-13 16:00:00,1.05885,1.05917,1.05559,1.0565,13352,9,0
2024-11-13 20:00:00,1.05651,1.05685,1.05537,1.05654,4574,9,0
2024-11-14 00:00:00,1.05654,1.05683,1.0545,1.05473,6528,9,0
2024-11-14 04:00:00,1.05473,1.05544,1.05336,1.05508,7460,9,0
2024-11-14 08:00:00,1.05509,1.05576,1.04956,1.05284,14084,9,0
2024-11-14 12:00:00,1.05283,1.05773,1.05132,1.05744,22732,8,0
2024-11-14 16:00:00,1.05742,1.05822,1.05431,1.05473,10306,9,0
2024-11-14 20:00:00,1.05473,1.05485,1.05116,1.05293,10041,9,0
2024-11-15 00:00:00,1.05293,1.05457,1.05231,1.05397,6796,9,0
2024-11-15 04:00:00,1.05396,1.05635,1.05332,1.0556,7377,9,0
2024-11-15 08:00:00,1.05559,1.05796,1.05518,1.0576699999999999,11382,9,0
2024-11-15 12:00:00,1.0576699999999999,1.05926,1.05225,1.05347,21971,8,0
2024-11-15 16:00:00,1.05348,1.05597,1.05325,1.05368,12464,9,0
2024-11-15 20:00:00,1.05368,1.05376,1.05159,1.05375,3906,9,0
2024-11-17 20:00:00,1.05272,1.05374,1.05271,1.05361,1703,9,0
2024-11-18 00:00:00,1.05363,1.05502,1.05299,1.05335,7807,9,0
2024-11-18 04:00:00,1.05337,1.05478,1.05332,1.05466,6666,9,0
2024-11-18 08:00:00,1.05466,1.05707,1.0532,1.05417,11607,9,0
2024-11-18 12:00:00,1.0542,1.05752,1.05343,1.0573,12396,9,0
2024-11-18 16:00:00,1.0573,1.06067,1.05647,1.05904,8640,9,0
2024-11-18 20:00:00,1.05903,1.06003,1.05886,1.05941,3903,9,0
2024-11-19 00:00:00,1.05941,1.06004,1.05869,1.05965,6179,9,0
2024-11-19 04:00:00,1.05965,1.06002,1.05741,1.05772,7046,9,0
2024-11-19 08:00:00,1.0577,1.05876,1.05228,1.05614,20319,9,0
2024-11-19 12:00:00,1.05616,1.06006,1.05589,1.05863,18951,9,0
2024-11-19 16:00:00,1.05865,1.05949,1.05705,1.05931,10378,9,0
2024-11-19 20:00:00,1.05931,1.06074,1.05907,1.06066,4345,9,0
2024-11-20 00:00:00,1.06066,1.06093,1.05881,1.05895,5147,9,0
2024-11-20 04:00:00,1.05895,1.0594999999999999,1.05763,1.0578,7108,9,0
2024-11-20 08:00:00,1.05779,1.05788,1.05416,1.0554,11598,9,0
2024-11-20 12:00:00,1.05543,1.05675,1.05153,1.05213,14869,9,0
2024-11-20 16:00:00,1.05213,1.0542,1.05061,1.0539,10298,9,0
2024-11-20 20:00:00,1.05389,1.05454,1.05356,1.05452,3417,9,0
2024-11-21 00:00:00,1.05452,1.05528,1.05418,1.05526,4003,9,0
2024-11-21 04:00:00,1.05526,1.05545,1.05292,1.05359,7110,9,0
2024-11-21 08:00:00,1.05362,1.05427,1.05132,1.052,12651,9,0
2024-11-21 12:00:00,1.05202,1.05445,1.05086,1.051,16096,8,0
2024-11-21 16:00:00,1.05102,1.05145,1.04617,1.0484,16884,9,0
2024-11-21 20:00:00,1.04838,1.04863,1.04672,1.04685,4169,9,0
2024-11-22 00:00:00,1.04683,1.04779,1.0466,1.04746,5779,9,0
2024-11-22 04:00:00,1.04746,1.04888,1.04611,1.04856,7186,9,0
2024-11-22 08:00:00,1.04859,1.04977,1.03316,1.04163,33290,9,0
2024-11-22 12:00:00,1.04165,1.04345,1.03946,1.04102,22940,9,0
2024-11-22 16:00:00,1.04103,1.04251,1.03916,1.04105,10294,9,0
2024-11-22 20:00:00,1.04104,1.04199,1.04077,1.0418,2722,9,0
2024-11-24 20:00:00,1.04747,1.05007,1.04608,1.04789,4777,9,0
2024-11-25 00:00:00,1.04788,1.04897,1.04733,1.04775,9091,9,0
2024-11-25 04:00:00,1.04775,1.04894,1.04493,1.045,8164,9,0
2024-11-25 08:00:00,1.04502,1.04969,1.04485,1.04789,16707,9,0
2024-11-25 12:00:00,1.0479,1.05301,1.04737,1.04882,20817,8,0
2024-11-25 16:00:00,1.04884,1.05102,1.04661,1.05054,12425,9,0
2024-11-25 20:00:00,1.05054,1.05092,1.04424,1.04434,6755,9,0
2024-11-26 00:00:00,1.04436,1.04797,1.04246,1.04775,16392,9,0
2024-11-26 04:00:00,1.04775,1.049,1.04714,1.04714,9251,9,0
2024-11-26 08:00:00,1.04716,1.05208,1.04696,1.0513,16334,9,0
2024-11-26 12:00:00,1.05128,1.05445,1.0478,1.04795,22944,8,0
2024-11-26 16:00:00,1.04796,1.04858,1.04567,1.04722,15211,9,0
2024-11-26 20:00:00,1.04722,1.04914,1.04712,1.04911,5888,9,0
2024-11-27 00:00:00,1.04913,1.0496,1.04774,1.04824,7114,9,0
2024-11-27 04:00:00,1.04824,1.05048,1.0474,1.04977,7357,9,0
2024-11-27 08:00:00,1.04978,1.05398,1.04956,1.05256,18908,9,0
2024-11-27 12:00:00,1.05256,1.05796,1.05195,1.05701,23228,8,0
2024-11-27 16:00:00,1.05699,1.05871,1.05545,1.05627,12991,9,0
2024-11-27 20:00:00,1.05626,1.05692,1.0559,1.05618,4375,9,0
2024-11-28 00:00:00,1.05618,1.05624,1.05472,1.05518,6665,9,0
2024-11-28 04:00:00,1.05521,1.05576,1.05315,1.05411,7223,9,0
2024-11-28 08:00:00,1.05408,1.05561,1.05273,1.05496,16363,9,0
2024-11-28 12:00:00,1.05494,1.05566,1.053,1.05521,12279,8,0
2024-11-28 16:00:00,1.05518,1.05567,1.05471,1.05563,3415,9,0
2024-11-28 20:00:00,1.05563,1.05619,1.05481,1.05596,2238,9,0
2024-11-29 00:00:00,1.05596,1.05754,1.05561,1.05733,8400,9,0
2024-11-29 04:00:00,1.05733,1.05968,1.05646,1.05789,8912,9,0
2024-11-29 08:00:00,1.05792,1.05818,1.05517,1.05622,16409,9,0
2024-11-29 12:00:00,1.05625,1.0568,1.0545,1.05611,15609,9,0
2024-11-29 16:00:00,1.05612,1.0579,1.0541,1.05786,10575,9,0
2024-11-29 20:00:00,1.05786,1.05835,1.05743,1.05769,2657,18,0
2024-12-01 20:00:00,1.05682,1.05704,1.0533,1.05436,3211,9,0
2024-12-02 00:00:00,1.05436,1.05462,1.05195,1.05231,9082,9,0
2024-12-02 04:00:00,1.05231,1.05367,1.05016,1.05025,11523,9,0
2024-12-02 08:00:00,1.05023,1.05283,1.04956,1.05227,17823,9,0
2024-12-02 12:00:00,1.05224,1.0538,1.04615,1.04688,23564,8,0
2024-12-02 16:00:00,1.0469,1.04984,1.046,1.04897,14083,9,0
2024-12-02 20:00:00,1.04897,1.05154,1.04884,1.05003,7235,9,0
2024-12-03 00:00:00,1.0500099999999999,1.05011,1.04819,1.049,7875,9,0
2024-12-03 04:00:00,1.049,1.05112,1.04804,1.04976,8080,9,0
2024-12-03 08:00:00,1.04979,1.05303,1.04969,1.05222,14058,9,0
2024-12-03 12:00:00,1.05221,1.05286,1.04917,1.05159,17233,8,0
2024-12-03 16:00:00,1.05162,1.05347,1.05026,1.05044,12332,9,0
2024-12-03 20:00:00,1.05042,1.05122,1.04991,1.05097,4075,9,0
2024-12-04 00:00:00,1.05097,1.05122,1.04875,1.04935,7856,9,0
2024-12-04 04:00:00,1.04935,1.05285,1.04903,1.05089,8889,9,0
2024-12-04 08:00:00,1.05087,1.05147,1.04821,1.05047,14711,9,0
2024-12-04 12:00:00,1.05045,1.05436,1.04718,1.05292,22792,8,0
2024-12-04 16:00:00,1.05293,1.05421,1.05071,1.05134,15139,9,0
2024-12-04 20:00:00,1.05136,1.05169,1.05046,1.05121,4772,9,0
2024-12-05 00:00:00,1.05122,1.05229,1.05078,1.05224,5871,9,0
2024-12-05 04:00:00,1.05224,1.05382,1.05166,1.05349,6681,9,0
2024-12-05 08:00:00,1.05348,1.0546,1.0521,1.05358,11393,9,0
2024-12-05 12:00:00,1.05359,1.05894,1.05233,1.05718,20547,9,0
2024-12-05 16:00:00,1.05715,1.05881,1.05566,1.05866,11249,9,0
2024-12-05 20:00:00,1.05868,1.0588,1.05805,1.05859,4319,9,0
2024-12-06 00:00:00,1.05859,1.05861,1.05657,1.05757,6043,9,0
2024-12-06 04:00:00,1.05756,1.0584,1.0567,1.05832,6226,9,0
2024-12-06 08:00:00,1.05832,1.05936,1.05709,1.05864,10343,9,0
2024-12-06 12:00:00,1.05863,1.06292,1.05437,1.0563,26709,8,0
2024-12-06 16:00:00,1.0563,1.05752,1.0542,1.05537,11547,9,0
2024-12-06 20:00:00,1.0554,1.05692,1.05536,1.05672,2677,9,0
2024-12-08 20:00:00,1.05566,1.0569,1.05536,1.05654,1796,9,0
2024-12-09 00:00:00,1.05654,1.05656,1.05363,1.0537,5456,9,0
2024-12-09 04:00:00,1.0537,1.05661,1.05318,1.05637,8265,9,0
2024-12-09 08:00:00,1.0564,1.05849,1.05561,1.05686,12050,9,0
2024-12-09 12:00:00,1.05686,1.05923,1.05575,1.05904,14121,9,0
2024-12-09 16:00:00,1.05905,1.0594,1.05513,1.05549,8190,9,0
2024-12-09 20:00:00,1.05551,1.05574,1.05467,1.0554,4079,9,0
2024-12-10 00:00:00,1.05542,1.05611,1.05448,1.05563,6174,9,0
2024-12-10 04:00:00,1.05563,1.05676,1.05464,1.05487,6547,9,0
2024-12-10 08:00:00,1.05488,1.05513,1.05227,1.05309,11515,9,0
2024-12-10 12:00:00,1.05311,1.05334,1.04981,1.05033,14535,9,0
2024-12-10 16:00:00,1.05034,1.05307,1.04995,1.05266,9772,9,0
2024-12-10 20:00:00,1.05264,1.05313,1.05233,1.05306,3695,9,0
2024-12-11 00:00:00,1.05308,1.05388,1.05271,1.05279,4962,9,0
2024-12-11 04:00:00,1.05278,1.053,1.04878,1.04886,8512,9,0
2024-12-11 08:00:00,1.04961,1.05121,1.04867,1.05031,13064,9,0
2024-12-11 12:00:00,1.05031,1.05369,1.04797,1.04901,23920,9,0
2024-12-11 16:00:00,1.04902,1.05115,1.04811,1.0491,11971,9,0
2024-12-11 20:00:00,1.04911,1.0506,1.0488,1.05048,3653,9,0
2024-12-12 00:00:00,1.05049,1.05083,1.05004,1.05048,5484,9,0
2024-12-12 04:00:00,1.05048,1.05305,1.05028,1.05161,6655,9,0
2024-12-12 08:00:00,1.0516,1.05204,1.0493999999999999,1.05019,12366,9,0
2024-12-12 12:00:00,1.0502,1.05207,1.04631,1.04726,28769,9,0
2024-12-12 16:00:00,1.04724,1.05169,1.04714,1.04724,13651,9,0
2024-12-12 20:00:00,1.04722,1.04744,1.04607,1.04735,4736,9,0
2024-12-13 00:00:00,1.04735,1.04804,1.04591,1.046,6944,9,0
2024-12-13 04:00:00,1.046,1.04658,1.04527,1.0459,7195,9,0
2024-12-13 08:00:00,1.04589,1.04955,1.0456,1.04884,12647,9,0
2024-12-13 12:00:00,1.04882,1.05237,1.04817,1.04886,15747,9,0
2024-12-13 16:00:00,1.04884,1.05056,1.04863,1.04942,10231,9,0
2024-12-13 20:00:00,1.04944,1.05042,1.04922,1.05027,2435,9,0
2024-12-15 20:00:00,1.04858,1.05105,1.04824,1.05091,1870,9,0
2024-12-16 00:00:00,1.05091,1.05226,1.05087,1.05113,5996,9,0
2024-12-16 04:00:00,1.05115,1.0521,1.05041,1.05047,6011,9,0
2024-12-16 08:00:00,1.05044,1.0524499999999999,1.04828,1.049,11862,9,0
2024-12-16 12:00:00,1.04903,1.05125,1.04743,1.05061,13883,9,0
2024-12-16 16:00:00,1.0506,1.05222,1.0495,1.05095,10480,9,0
2024-12-16 20:00:00,1.05098,1.05181,1.05045,1.05163,3695,9,0
2024-12-17 00:00:00,1.05163,1.05342,1.05109,1.05121,5868,9,0
2024-12-17 04:00:00,1.05121,1.05122,1.04953,1.04973,6470,9,0
2024-12-17 08:00:00,1.04971,1.05,1.04786,1.04911,11257,9,0
2024-12-17 12:00:00,1.0491,1.05111,1.04876,1.04983,14400,9,0
2024-12-17 16:00:00,1.04985,1.05154,1.04876,1.04881,10470,9,0
2024-12-17 20:00:00,1.04881,1.04948,1.04848,1.04939,3054,9,0
2024-12-18 00:00:00,1.04938,1.05033,1.04924,1.0499,5135,9,0
2024-12-18 04:00:00,1.04988,1.0512299999999999,1.04932,1.04967,6172,9,0
2024-12-18 08:00:00,1.04965,1.0503,1.04873,1.04963,9881,9,0
2024-12-18 12:00:00,1.04964,1.05028,1.04694,1.04735,13407,9,0
2024-12-18 16:00:00,1.04738,1.0492,1.03728,1.03772,21715,9,0
2024-12-18 20:00:00,1.03773,1.03802,1.03435,1.03506,14997,9,0
2024-12-19 00:00:00,1.03503,1.03902,1.03502,1.03779,9929,9,0
2024-12-19 04:00:00,1.03777,1.04089,1.03744,1.03946,10576,9,0
2024-12-19 08:00:00,1.03945,1.0422,1.039,1.04032,15825,9,0
2024-12-19 12:00:00,1.04032,1.04137,1.03764,1.03793,21390,8,0
2024-12-19 16:00:00,1.03795,1.03842,1.03543,1.03609,14267,9,0
2024-12-19 20:00:00,1.03612,1.03688,1.03584,1.03643,4358,9,0
2024-12-20 00:00:00,1.03643,1.03688,1.03585,1.03617,6502,9,0
2024-12-20 04:00:00,1.03619,1.0385,1.03426,1.03823,10683,9,0
2024-12-20 08:00:00,1.03822,1.03979,1.03755,1.03912,12454,9,0
2024-12-20 12:00:00,1.03914,1.04187,1.03855,1.03964,18206,8,0
2024-12-20 16:00:00,1.03965,1.0447,1.03955,1.04443,13854,9,0
2024-12-20 20:00:00,1.04441,1.04466,1.04217,1.04281,3636,9,0
2024-12-22 20:00:00,1.04277,1.04433,1.04261,1.04333,2157,9,0
2024-12-23 00:00:00,1.04334,1.04426,1.04266,1.04388,4794,9,0
2024-12-23 04:00:00,1.04388,1.0445,1.04109,1.04124,5709,9,0
2024-12-23 08:00:00,1.04123,1.0419100000000001,1.03862,1.03995,9450,9,0
2024-12-23 12:00:00,1.03995,1.0408,1.03836,1.03905,12641,8,0
2024-12-23 16:00:00,1.03903,1.0417399999999999,1.03889,1.04108,9165,9,0
2024-12-23 20:00:00,1.04108,1.04138,1.04011,1.04039,3987,9,0
2024-12-24 00:00:00,1.0404,1.04082,1.03883,1.03907,4161,9,0
2024-12-24 04:00:00,1.03907,1.03981,1.03898,1.03902,3962,9,0
2024-12-24 08:00:00,1.03903,1.04052,1.03888,1.03944,6744,9,0
2024-12-24 12:00:00,1.03946,1.04095,1.03886,1.03915,9192,8,0
2024-12-24 16:00:00,1.03914,1.03965,1.03828,1.03921,5177,9,0
2024-12-24 20:00:00,1.0392,1.04,1.03888,1.03927,2619,27,0
2024-12-25 20:00:00,1.03992,1.04028,1.03958,1.03986,1454,9,0
2024-12-26 00:00:00,1.03986,1.04038,1.03926,1.04006,4014,9,0
2024-12-26 04:00:00,1.04006,1.04023,1.03901,1.03971,3405,9,0
2024-12-26 08:00:00,1.03969,1.04027,1.03909,1.04007,3923,9,0
2024-12-26 12:00:00,1.04008,1.04147,1.03923,1.04085,7825,9,0
2024-12-26 16:00:00,1.04083,1.04297,1.04061,1.0417399999999999,7404,9,0
2024-12-26 20:00:00,1.04172,1.04244,1.04153,1.04214,3427,9,0
2024-12-27 00:00:00,1.04214,1.04234,1.04063,1.04124,4225,9,0
2024-12-27 04:00:00,1.04123,1.04243,1.04046,1.04215,4489,9,0
2024-12-27 08:00:00,1.04212,1.04403,1.04086,1.04381,7561,9,0
2024-12-27 12:00:00,1.04382,1.0443500000000001,1.04155,1.04216,10689,8,0
2024-12-27 16:00:00,1.04217,1.0432,1.04142,1.04279,8512,9,0
2024-12-27 20:00:00,1.04276,1.04281,1.04216,1.04253,2167,9,0
2024-12-29 20:00:00,1.0427,1.04338,1.04254,1.04292,1458,9,0
2024-12-30 00:00:00,1.04292,1.04308,1.04206,1.04243,3301,9,0
2024-12-30 04:00:00,1.04243,1.0431,1.04207,1.04266,3783,9,0
2024-12-30 08:00:00,1.04265,1.04518,1.04091,1.04476,9980,9,0
2024-12-30 12:00:00,1.04477,1.04578,1.03714,1.03801,18934,9,0
2024-12-30 16:00:00,1.03802,1.04067,1.03744,1.03964,10365,9,0
2024-12-30 20:00:00,1.03963,1.04061,1.03949,1.04052,3800,9,0
2024-12-31 00:00:00,1.04052,1.04144,1.03968,1.04083,4164,9,0
2024-12-31 04:00:00,1.04083,1.04125,1.03993,1.04112,3898,9,0
2024-12-31 08:00:00,1.04115,1.0424,1.04049,1.04099,9614,9,0
2024-12-31 12:00:00,1.04099,1.04139,1.03521,1.03546,15304,9,0
2024-12-31 16:00:00,1.03544,1.03642,1.03432,1.03542,11740,9,0
2024-12-31 20:00:00,1.03543,1.03627,1.03522,1.03526,1932,9,0
2025-01-01 20:00:00,1.03501,1.03565,1.03461,1.03507,1701,9,0
2025-01-02 00:00:00,1.03508,1.03736,1.03434,1.03711,5734,9,0
2025-01-02 04:00:00,1.03712,1.03751,1.03595,1.03624,5370,9,0
2025-01-02 08:00:00,1.03626,1.03705,1.03132,1.03317,14328,9,0
2025-01-02 12:00:00,1.03317,1.03338,1.02721,1.02738,19006,8,0
2025-01-02 16:00:00,1.02737,1.02761,1.02236,1.0251,19904,9,0
2025-01-02 20:00:00,1.02509,1.02684,1.02503,1.02676,3952,9,0
2025-01-03 00:00:00,1.02675,1.02742,1.02653,1.02706,4054,9,0
2025-01-03 04:00:00,1.02705,1.02845,1.02643,1.02805,5940,9,0
2025-01-03 08:00:00,1.02805,1.02996,1.02724,1.02991,9459,9,0
2025-01-03 12:00:00,1.02979,1.03054,1.02727,1.02886,11532,9,0
2025-01-03 16:00:00,1.02888,1.03057,1.02831,1.03007,8589,9,0
2025-01-03 20:00:00,1.03005,1.03094,1.02984,1.03083,2207,9,0
2025-01-05 20:00:00,1.03038,1.03075,1.02959,1.03046,1426,9,0
2025-01-06 00:00:00,1.03046,1.03179,1.02953,1.03161,5495,9,0
2025-01-06 04:00:00,1.03161,1.03279,1.03074,1.03267,5501,9,0
2025-01-06 08:00:00,1.03269,1.04324,1.0326,1.04213,24583,9,0
2025-01-06 12:00:00,1.0421,1.04364,1.0352,1.0393,34000,8,0
2025-01-06 16:00:00,1.03932,1.04024,1.03768,1.03877,11693,9,0
2025-01-06 20:00:00,1.0388,1.03919,1.03811,1.0383,3970,9,0
2025-01-07 00:00:00,1.03829,1.03924,1.03757,1.03923,5243,9,0
2025-01-07 04:00:00,1.03922,1.04239,1.03899,1.04141,7287,9,0
2025-01-07 08:00:00,1.04138,1.0434,1.04029,1.04128,12951,9,0
2025-01-07 12:00:00,1.04128,1.04165,1.03549,1.03725,18249,8,0
2025-01-07 16:00:00,1.03726,1.03809,1.03491,1.03549,15901,9,0
2025-01-07 20:00:00,1.0354700000000001,1.03559,1.03357,1.03414,3825,9,0
2025-01-08 00:00:00,1.03414,1.03544,1.03413,1.03472,4452,9,0
2025-01-08 04:00:00,1.0347,1.03572,1.03281,1.0332,6271,9,0
2025-01-08 08:00:00,1.03321,1.03395,1.02726,1.02972,17301,9,0
2025-01-08 12:00:00,1.02973,1.03098,1.02805,1.03012,21579,8,0
2025-01-08 16:00:00,1.03013,1.03239,1.02941,1.03088,11248,8,0
2025-01-08 20:00:00,1.03088,1.0319,1.03075,1.03129,4273,9,0
2025-01-09 00:00:00,1.03129,1.0321,1.03044,1.03111,4716,9,0
2025-01-09 04:00:00,1.03108,1.03121,1.02875,1.02907,7534,9,0
2025-01-09 08:00:00,1.02909,1.03172,1.02833,1.03005,12928,9,0
2025-01-09 12:00:00,1.03005,1.03189,1.02942,1.02992,10822,9,0
2025-01-09 16:00:00,1.02992,1.0302,1.02908,1.02978,5685,9,0
2025-01-09 20:00:00,1.02978,1.03033,1.02946,1.0296,2467,9,0
2025-01-10 00:00:00,1.0296,1.0304,1.02919,1.02982,4302,9,0
2025-01-10 04:00:00,1.02982,1.02994,1.02807,1.02964,5387,9,0
2025-01-10 08:00:00,1.02967,1.03114,1.02923,1.03013,9610,9,0
2025-01-10 12:00:00,1.03014,1.03115,1.02126,1.02502,32396,8,0
2025-01-10 16:00:00,1.025,1.02507,1.02271,1.0245,13952,9,0
2025-01-10 20:00:00,1.02449,1.02485,1.02367,1.02448,2854,9,0
2025-01-12 20:00:00,1.02371,1.02465,1.02357,1.02428,1509,9,0
2025-01-13 00:00:00,1.02428,1.02496,1.02123,1.02149,6800,9,0
2025-01-13 04:00:00,1.02151,1.02245,1.02071,1.02153,8845,9,0
2025-01-13 08:00:00,1.0215,1.02308,1.0177,1.01953,18827,9,0
2025-01-13 12:00:00,1.01952,1.02203,1.01873,1.01967,16250,9,0
2025-01-13 16:00:00,1.01967,1.0221,1.01914,1.0207,9775,9,0
2025-01-13 20:00:00,1.0207,1.0277,1.02067,1.02637,6928,9,0
2025-01-14 00:00:00,1.02634,1.02636,1.0238,1.02481,7674,9,0
2025-01-14 04:00:00,1.02482,1.02656,1.0242,1.02539,8341,9,0
2025-01-14 08:00:00,1.02542,1.02745,1.02516,1.02534,13711,9,0
2025-01-14 12:00:00,1.02532,1.02952,1.02391,1.02943,22087,8,0
2025-01-14 16:00:00,1.02942,1.03049,1.02786,1.02977,11087,9,0
2025-01-14 20:00:00,1.02978,1.03083,1.02959,1.03057,4036,9,0
2025-01-15 00:00:00,1.03057,1.03058,1.02949,1.03013,4611,9,0
2025-01-15 04:00:00,1.03014,1.03078,1.02864,1.03052,7177,9,0
2025-01-15 08:00:00,1.03054,1.03166,1.02939,1.03008,11352,9,0
2025-01-15 12:00:00,1.03009,1.03537,1.02932,1.03058,22909,9,0
2025-01-15 16:00:00,1.03056,1.03074,1.02576,1.02929,12240,9,0
2025-01-15 20:00:00,1.02928,1.02985,1.0286,1.02948,4032,9,0
2025-01-16 00:00:00,1.02945,1.02994,1.02843,1.02885,6943,9,0
2025-01-16 04:00:00,1.02885,1.03012,1.02805,1.02972,6457,9,0
2025-01-16 08:00:00,1.02974,1.02996,1.02813,1.02896,10172,9,0
2025-01-16 12:00:00,1.02896,1.03054,1.02603,1.03003,21000,9,0
2025-01-16 16:00:00,1.03002,1.03147,1.02855,1.03015,14559,9,0
2025-01-16 20:00:00,1.03013,1.0304,1.0296,1.03011,3681,9,0
2025-01-17 00:00:00,1.03011,1.03091,1.02978,1.03003,4806,9,0
2025-01-17 04:00:00,1.03002,1.03006,1.02772,1.02844,6299,9,0
2025-01-17 08:00:00,1.02843,1.03098,1.02843,1.0304,10278,9,0
2025-01-17 12:00:00,1.0304,1.03302,1.02649,1.02988,21928,9,0
2025-01-17 16:00:00,1.02987,1.02998,1.02725,1.02758,10743,9,0
2025-01-17 20:00:00,1.02758,1.0281,1.02687,1.02702,2791,9,0
2025-01-19 20:00:00,1.02769,1.02801,1.02653,1.02799,1909,9,0
2025-01-20 00:00:00,1.028,1.03059,1.02777,1.03055,5949,9,0
2025-01-20 04:00:00,1.03055,1.03184,1.02991,1.03162,6338,9,0
2025-01-20 08:00:00,1.03164,1.03261,1.03045,1.03254,10902,9,0
2025-01-20 12:00:00,1.03254,1.04297,1.03075,1.03999,43275,9,0
2025-01-20 16:00:00,1.04,1.04228,1.03531,1.04202,15547,9,0
2025-01-20 20:00:00,1.04201,1.04341,1.04095,1.04206,7091,9,0
2025-01-21 00:00:00,1.04206,1.04339,1.0352,1.03869,27039,9,0
2025-01-21 04:00:00,1.0387,1.03987,1.03646,1.03731,8325,9,0
2025-01-21 08:00:00,1.03729,1.03729,1.03415,1.03528,14511,9,0
2025-01-21 12:00:00,1.0352999999999999,1.041,1.03453,1.04001,19142,9,0
2025-01-21 16:00:00,1.03999,1.04351,1.03976,1.04178,10809,9,0
2025-01-21 20:00:00,1.04177,1.04295,1.03921,1.04054,8134,9,0
2025-01-22 00:00:00,1.04053,1.04241,1.04053,1.04115,7073,9,0
2025-01-22 04:00:00,1.04115,1.04208,1.03994,1.0411299999999999,7331,9,0
2025-01-22 08:00:00,1.04114,1.04569,1.0409,1.04426,14307,9,0
2025-01-22 12:00:00,1.04423,1.04454,1.04139,1.04197,15751,9,0
2025-01-22 16:00:00,1.04195,1.04226,1.04114,1.04199,8650,9,0
2025-01-22 20:00:00,1.04199,1.04226,1.0405,1.04074,3802,9,0
2025-01-23 00:00:00,1.04074,1.04154,1.03966,1.04085,5812,9,0
2025-01-23 04:00:00,1.04085,1.04123,1.03894,1.03998,6756,9,0
2025-01-23 08:00:00,1.03997,1.04198,1.03898,1.0403,10601,9,0
2025-01-23 12:00:00,1.0403,1.04176,1.03865,1.03967,14397,9,0
2025-01-23 16:00:00,1.03968,1.04375,1.03715,1.04225,21429,9,0
2025-01-23 20:00:00,1.04226,1.04288,1.04108,1.04153,4678,9,0
2025-01-24 00:00:00,1.04155,1.04535,1.04114,1.04456,9873,9,0
2025-01-24 04:00:00,1.04457,1.04702,1.04431,1.04606,11186,9,0
2025-01-24 08:00:00,1.04603,1.05146,1.04574,1.04856,16601,9,0
2025-01-24 12:00:00,1.04856,1.05203,1.04633,1.05157,16564,8,0
2025-01-24 16:00:00,1.05155,1.05211,1.04917,1.04951,10108,9,0
2025-01-24 20:00:00,1.04949,1.0497,1.04879,1.04942,2553,9,0
2025-01-26 20:00:00,1.04789,1.04852,1.04649,1.04672,2097,9,0
2025-01-27 00:00:00,1.04672,1.04784,1.04587,1.04683,8140,9,0
2025-01-27 04:00:00,1.04683,1.04708,1.04534,1.04569,8009,9,0
2025-01-27 08:00:00,1.04568,1.05178,1.04541,1.05126,18074,9,0
2025-01-27 12:00:00,1.05125,1.05327,1.04935,1.04987,18172,8,0
2025-01-27 16:00:00,1.04989,1.05071,1.04789,1.04921,12701,9,0
2025-01-27 20:00:00,1.04921,1.04938,1.04278,1.04368,9651,9,0
2025-01-28 00:00:00,1.04371,1.04561,1.04238,1.04289,13129,9,0
2025-01-28 04:00:00,1.04292,1.04438,1.04253,1.04339,7545,9,0
2025-01-28 08:00:00,1.0434,1.04438,1.0419,1.04231,13205,9,0
2025-01-28 12:00:00,1.04233,1.04406,1.04134,1.04238,14543,8,0
2025-01-28 16:00:00,1.0424,1.04378,1.04219,1.04344,10300,9,0
2025-01-28 20:00:00,1.04346,1.0435,1.04246,1.04268,4007,9,0
2025-01-29 00:00:00,1.04269,1.04385,1.04255,1.0437,4985,9,0
2025-01-29 04:00:00,1.0437,1.04432,1.04129,1.04159,6742,9,0
2025-01-29 08:00:00,1.04161,1.04301,1.03943,1.04011,11983,9,0
2025-01-29 12:00:00,1.04012,1.04266,1.03818,1.04188,15677,9,0
2025-01-29 16:00:00,1.04189,1.04284,1.0388,1.04159,21858,8,0
2025-01-29 20:00:00,1.04158,1.04269,1.04042,1.04243,9284,9,0
2025-01-30 00:00:00,1.04243,1.04285,1.04187,1.04247,4509,9,0
2025-01-30 04:00:00,1.04248,1.04274,1.04091,1.04233,6058,9,0
2025-01-30 08:00:00,1.04236,1.04283,1.0391,1.03916,12763,9,0
2025-01-30 12:00:00,1.03916,1.04673,1.03897,1.04311,24323,9,0
2025-01-30 16:00:00,1.04309,1.04344,1.04091,1.04273,8991,9,0
2025-01-30 20:00:00,1.04276,1.04319,1.03826,1.03963,13873,9,0
2025-01-31 00:00:00,1.03963,1.04019,1.03763,1.03848,7776,9,0
2025-01-31 04:00:00,1.0385,1.04123,1.03822,1.04035,7018,9,0
2025-01-31 08:00:00,1.04033,1.04065,1.03648,1.03753,13881,9,0
2025-01-31 12:00:00,1.03752,1.04002,1.03597,1.03958,16712,9,0
2025-01-31 16:00:00,1.0396,1.04336,1.03612,1.03757,28136,9,0
2025-01-31 20:00:00,1.03759,1.03868,1.03495,1.03585,11439,9,0
2025-02-02 20:00:00,1.02379,1.02694,1.02336,1.02464,5455,22,0
2025-02-03 00:00:00,1.02469,1.02669,1.02103,1.02212,23584,9,0
2025-02-03 04:00:00,1.02212,1.02513,1.02203,1.02246,15468,9,0
2025-02-03 08:00:00,1.02247,1.02555,1.02124,1.02519,17879,9,0
2025-02-03 12:00:00,1.02518,1.03352,1.02416,1.03158,38070,9,0
2025-02-03 16:00:00,1.0316,1.03211,1.02693,1.02843,30553,9,0
2025-02-03 20:00:00,1.02845,1.03501,1.02824,1.03279,12976,9,0
2025-02-04 00:00:00,1.03279,1.03308,1.03082,1.03144,8464,9,0
2025-02-04 04:00:00,1.03143,1.03169,1.02715,1.0311,12780,9,0
2025-02-04 08:00:00,1.03112,1.03492,1.03083,1.03218,14246,9,0
2025-02-04 12:00:00,1.03219,1.03856,1.03197,1.038,18411,9,0
2025-02-04 16:00:00,1.03798,1.03872,1.03653,1.03816,12395,9,0
2025-02-04 20:00:00,1.03818,1.03873,1.03707,1.03713,4537,9,0
2025-02-05 00:00:00,1.03714,1.03861,1.03695,1.0379,7274,9,0
2025-02-05 04:00:00,1.03791,1.04092,1.0373,1.04022,8421,9,0
2025-02-05 08:00:00,1.0402,1.04301,1.03896,1.04142,14122,9,0
2025-02-05 12:00:00,1.04142,1.0442,1.04012,1.04217,17778,9,0
2025-02-05 16:00:00,1.04215,1.04246,1.04042,1.04069,10196,9,0
2025-02-05 20:00:00,1.04069,1.04069,1.03965,1.03984,4482,9,0
2025-02-06 00:00:00,1.03986,1.04049,1.03894,1.03917,6341,9,0
2025-02-06 04:00:00,1.03917,1.03935,1.03777,1.03795,6341,9,0
2025-02-06 08:00:00,1.03797,1.03807,1.03556,1.0362,11282,9,0
2025-02-06 12:00:00,1.03617,1.0376,1.03523,1.03688,16387,9,0
2025-02-06 16:00:00,1.03686,1.03962,1.03654,1.03842,10393,9,0
2025-02-06 20:00:00,1.03841,1.03904,1.0379,1.03846,3571,9,0
2025-02-07 00:00:00,1.03846,1.03905,1.0374,1.03796,6147,9,0
2025-02-07 04:00:00,1.03796,1.03899,1.03723,1.03887,5867,9,0
2025-02-07 08:00:00,1.03886,1.03995,1.03771,1.03821,8537,9,0
2025-02-07 12:00:00,1.03821,1.04123,1.03273,1.03548,26308,9,0
2025-02-07 16:00:00,1.03549,1.03603,1.03049,1.03318,28890,9,0
2025-02-07 20:00:00,1.03318,1.03379,1.03212,1.03264,3237,9,0
2025-02-09 20:00:00,1.02813,1.03131,1.02793,1.03094,2358,9,0
2025-02-10 00:00:00,1.03094,1.0318,1.02982,1.03112,6355,9,0
2025-02-10 04:00:00,1.03112,1.03251,1.03096,1.03125,6353,9,0
2025-02-10 08:00:00,1.03124,1.03361,1.03063,1.03204,10510,9,0
2025-02-10 12:00:00,1.03201,1.03259,1.03039,1.03148,10991,9,0
2025-02-10 16:00:00,1.03148,1.0318,1.03042,1.03065,7602,9,0
2025-02-10 20:00:00,1.03065,1.03081,1.02982,1.03003,3814,9,0
2025-02-11 00:00:00,1.03005,1.03064,1.02918,1.02977,4848,9,0
2025-02-11 04:00:00,1.02977,1.03101,1.0297,1.03028,5714,9,0
2025-02-11 08:00:00,1.03028,1.03247,1.02995,1.03214,9113,9,0
2025-02-11 12:00:00,1.03214,1.03429,1.03162,1.03396,10624,9,0
2025-02-11 16:00:00,1.03394,1.03811,1.03386,1.03576,10376,9,0
2025-02-11 20:00:00,1.03574,1.03673,1.03552,1.03627,4455,9,0
2025-02-12 00:00:00,1.03629,1.03674,1.03536,1.03617,5035,9,0
2025-02-12 04:00:00,1.03618,1.03787,1.03546,1.03751,5533,9,0
2025-02-12 08:00:00,1.03754,1.03855,1.03642,1.03749,9920,9,0
2025-02-12 12:00:00,1.03748,1.03823,1.03165,1.03739,24249,9,0
2025-02-12 16:00:00,1.03738,1.0429599999999999,1.03498,1.03908,19407,9,0
2025-02-12 20:00:00,1.03907,1.03972,1.03788,1.0392,5060,9,0
2025-02-13 00:00:00,1.0392,1.04213,1.0387,1.04185,6578,9,0
2025-02-13 04:00:00,1.04185,1.04395,1.04181,1.04254,9706,9,0
2025-02-13 08:00:00,1.04253,1.04287,1.03922,1.04026,13224,9,0
2025-02-13 12:00:00,1.04026,1.04377,1.03751,1.04329,23726,8,0
2025-02-13 16:00:00,1.04327,1.04449,1.03727,1.04366,23002,9,0
2025-02-13 20:00:00,1.04366,1.04669,1.04352,1.04612,5697,9,0
2025-02-14 00:00:00,1.04612,1.04669,1.04536,1.04583,6274,9,0
2025-02-14 04:00:00,1.04583,1.04716,1.04469,1.04645,7154,9,0
2025-02-14 08:00:00,1.04647,1.04874,1.04627,1.04672,11339,9,0
2025-02-14 12:00:00,1.04669,1.05137,1.04567,1.05078,16239,9,0
2025-02-14 16:00:00,1.05076,1.05097,1.04938,1.04984,8508,9,0
2025-02-14 20:00:00,1.04982,1.04982,1.04883,1.04908,2319,9,0
2025-02-16 20:00:00,1.04841,1.04939,1.04829,1.04879,1729,9,0
2025-02-17 00:00:00,1.04879,1.05059,1.0485,1.04942,5697,9,0
2025-02-17 04:00:00,1.04943,1.04978,1.04799,1.04823,7514,9,0
2025-02-17 08:00:00,1.04823,1.04889,1.04707,1.04816,9526,9,0
2025-02-17 12:00:00,1.04816,1.04848,1.04667,1.0479,7939,9,0
2025-02-17 16:00:00,1.04793,1.04845,1.04763,1.04813,3676,9,0
2025-02-17 20:00:00,1.04813,1.04852,1.04767,1.04846,2402,9,0
2025-02-18 00:00:00,1.04846,1.04858,1.04617,1.04629,6000,9,0
2025-02-18 04:00:00,1.04629,1.04688,1.04519,1.04631,6242,9,0
2025-02-18 08:00:00,1.0463,1.04687,1.04544,1.04624,8911,9,0
2025-02-18 12:00:00,1.04625,1.04667,1.04412,1.04657,11654,9,0
2025-02-18 16:00:00,1.04657,1.04691,1.04347,1.04448,7778,9,0
2025-02-18 20:00:00,1.04447,1.04506,1.04391,1.04479,4060,9,0
2025-02-19 00:00:00,1.04479,1.04518,1.04408,1.0451,4894,9,0
2025-02-19 04:00:00,1.0451,1.0461,1.04479,1.04509,5402,9,0
2025-02-19 08:00:00,1.0451,1.04556,1.04183,1.04241,10893,9,0
2025-02-19 12:00:00,1.04241,1.04409,1.04211,1.04237,11694,9,0
2025-02-19 16:00:00,1.0423499999999999,1.0432,1.04005,1.04255,9535,9,0
2025-02-19 20:00:00,1.0425200000000001,1.04261,1.04177,1.04205,3616,9,0
2025-02-20 00:00:00,1.04205,1.04371,1.04183,1.04308,7284,9,0
2025-02-20 04:00:00,1.04307,1.0434,1.04231,1.04311,6215,9,0
2025-02-20 08:00:00,1.04308,1.04458,1.04284,1.04378,9525,9,0
2025-02-20 12:00:00,1.04379,1.04749,1.04329,1.04735,14888,9,0
2025-02-20 16:00:00,1.04733,1.0503,1.04639,1.0501,9933,9,0
2025-02-20 20:00:00,1.05012,1.05052,1.04922,1.04998,4008,9,0
2025-02-21 00:00:00,1.04998,1.05042,1.04842,1.05021,6437,9,0
2025-02-21 04:00:00,1.05021,1.05044,1.04875,1.04918,6367,9,0
2025-02-21 08:00:00,1.04919,1.04939,1.04626,1.04689,11334,9,0
2025-02-21 12:00:00,1.04691,1.0492,1.04522,1.04538,13835,9,0
2025-02-21 16:00:00,1.04539,1.04674,1.04489,1.04619,10260,9,0
2025-02-21 20:00:00,1.04616,1.0464,1.04568,1.04602,2911,9,0
2025-02-23 20:00:00,1.04657,1.04842,1.04589,1.04736,2509,9,0
2025-02-24 00:00:00,1.04737,1.05278,1.04715,1.05189,11224,9,0
2025-02-24 04:00:00,1.05189,1.05202,1.04864,1.04907,8808,9,0
2025-02-24 08:00:00,1.04909,1.04924,1.04633,1.04682,11950,9,0
2025-02-24 12:00:00,1.04681,1.04751,1.04525,1.04687,11929,9,0
2025-02-24 16:00:00,1.04687,1.04855,1.04652,1.04748,10005,9,0
2025-02-24 20:00:00,1.0475,1.0479,1.04599,1.0461,5122,9,0
2025-02-25 00:00:00,1.04612,1.04757,1.04593,1.04727,5019,9,0
2025-02-25 04:00:00,1.04727,1.04796,1.04631,1.04641,6462,9,0
2025-02-25 08:00:00,1.04638,1.04893,1.04559,1.04889,11760,9,0
2025-02-25 12:00:00,1.04888,1.05187,1.04879,1.04981,14056,9,0
2025-02-25 16:00:00,1.04983,1.05177,1.04837,1.05101,10703,9,0
2025-02-25 20:00:00,1.051,1.05223,1.05086,1.052,4641,9,0
2025-02-26 00:00:00,1.0520100000000001,1.05244,1.05011,1.05042,6163,9,0
2025-02-26 04:00:00,1.05041,1.05051,1.04868,1.04935,6794,9,0
2025-02-26 08:00:00,1.04934,1.0511,1.04863,1.0491,10811,9,0
2025-02-26 12:00:00,1.04909,1.05086,1.04745,1.05054,14344,9,0
2025-02-26 16:00:00,1.05056,1.05284,1.04816,1.04908,18254,9,0
2025-02-26 20:00:00,1.04906,1.04921,1.04782,1.04876,4282,9,0
2025-02-27 00:00:00,1.04876,1.04876,1.04644,1.04653,5615,9,0
2025-02-27 04:00:00,1.04653,1.04796,1.04588,1.0475,6920,9,0
2025-02-27 08:00:00,1.04753,1.04869,1.04699,1.04756,9891,9,0
2025-02-27 12:00:00,1.04756,1.0489,1.04092,1.04148,22978,9,0
2025-02-27 16:00:00,1.04149,1.04178,1.03999,1.0404,10333,9,0
2025-02-27 20:00:00,1.04043,1.0408,1.03871,1.03935,4798,9,0
2025-02-28 00:00:00,1.03938,1.04038,1.03799,1.03878,7700,9,0
2025-02-28 04:00:00,1.03878,1.04002,1.03823,1.03957,7204,9,0
2025-02-28 08:00:00,1.03958,1.04075,1.03921,1.0398,9717,9,0
2025-02-28 12:00:00,1.0398,1.04195,1.03928,1.03996,14893,9,0
2025-02-28 16:00:00,1.03993,1.0411,1.03594,1.03675,19275,9,0
2025-02-28 20:00:00,1.03676,1.03767,1.03619,1.03749,4395,9,0
2025-03-02 20:00:00,1.03974,1.04205,1.03949,1.04116,2500,9,0
2025-03-03 00:00:00,1.04116,1.04228,1.0402,1.04166,9160,9,0
2025-03-03 04:00:00,1.04165,1.04201,1.04016,1.0405,7233,9,0
2025-03-03 08:00:00,1.04048,1.04577,1.03882,1.0452,13800,9,0
2025-03-03 12:00:00,1.04519,1.05035,1.04519,1.04842,18667,9,0
2025-03-03 16:00:00,1.04839,1.05038,1.04721,1.04727,15129,9,0
2025-03-03 20:00:00,1.04725,1.04922,1.04661,1.04849,10011,9,0
2025-03-04 00:00:00,1.0485,1.04956,1.04746,1.04769,9375,9,0
2025-03-04 04:00:00,1.04769,1.05002,1.04706,1.04928,10664,9,0
2025-03-04 08:00:00,1.04926,1.05443,1.0486,1.05434,17231,9,0
2025-03-04 12:00:00,1.05436,1.05593,1.04961,1.0526200000000001,23777,9,0
2025-03-04 16:00:00,1.05259,1.06017,1.05148,1.06002,20579,9,0
2025-03-04 20:00:00,1.06002,1.06366,1.06002,1.06228,11160,9,0
2025-03-05 00:00:00,1.06229,1.06272,1.06017,1.06178,13344,9,0
2025-03-05 04:00:00,1.06179,1.06762,1.0615,1.06742,12824,9,0
2025-03-05 08:00:00,1.0674,1.0722,1.06583,1.06785,22099,9,0
2025-03-05 12:00:00,1.06787,1.07766,1.06782,1.07648,33914,9,0
2025-03-05 16:00:00,1.07645,1.07905,1.07606,1.07896,24063,9,0
2025-03-05 20:00:00,1.07896,1.07965,1.07845,1.07936,5458,9,0
2025-03-06 00:00:00,1.07936,1.08198,1.07869,1.07894,10960,9,0
2025-03-06 04:00:00,1.07894,1.08221,1.07837,1.0799,13491,9,0
2025-03-06 08:00:00,1.07989,1.08164,1.07796,1.07986,22739,9,0
2025-03-06 12:00:00,1.07987,1.08534,1.0788,1.08167,34086,9,0
2025-03-06 16:00:00,1.0817,1.0838,1.0765500000000001,1.08014,19943,9,0
2025-03-06 20:00:00,1.08014,1.08031,1.07745,1.07869,6377,9,0
2025-03-07 00:00:00,1.07866,1.08146,1.07808,1.08053,8186,9,0
2025-03-07 04:00:00,1.0805,1.08405,1.08026,1.08295,9066,9,0
2025-03-07 08:00:00,1.08295,1.0871,1.08258,1.0849199999999999,16292,9,0
2025-03-07 12:00:00,1.08489,1.08883,1.08351,1.08697,33749,9,0
2025-03-07 16:00:00,1.08697,1.08723,1.08254,1.08424,18809,9,0
2025-03-07 20:00:00,1.08424,1.08508,1.08323,1.08327,3606,9,0
2025-03-09 20:00:00,1.08305,1.0865,1.08289,1.08598,4039,9,0
2025-03-10 00:00:00,1.08598,1.08708,1.08298,1.08312,9210,9,0
2025-03-10 04:00:00,1.08313,1.08443,1.08107,1.08218,10153,9,0
2025-03-10 08:00:00,1.0822,1.08742,1.08046,1.08502,26957,9,0
2025-03-10 12:00:00,1.08505,1.08598,1.0820400000000001,1.08365,19489,9,0
2025-03-10 16:00:00,1.08364,1.08454,1.08172,1.08311,13154,9,0
2025-03-10 20:00:00,1.08313,1.0843099999999999,1.08255,1.08389,3880,9,0
2025-03-11 00:00:00,1.0839,1.086,1.08388,1.08539,9009,9,0
2025-03-11 04:00:00,1.0854,1.09011,1.08354,1.08903,14682,9,0
2025-03-11 08:00:00,1.08906,1.09204,1.08807,1.09043,18293,9,0
2025-03-11 12:00:00,1.09043,1.09303,1.08948,1.09268,21977,9,0
2025-03-11 16:00:00,1.09268,1.09466,1.09176,1.09196,13617,9,0
2025-03-11 20:00:00,1.09198,1.09208,1.09046,1.09138,3533,9,0
2025-03-12 00:00:00,1.0913599999999999,1.0915300000000001,1.08958,1.0897000000000001,6060,9,0
2025-03-12 04:00:00,1.0897000000000001,1.09084,1.08872,1.09011,9054,9,0
2025-03-12 08:00:00,1.09011,1.09263,1.08973,1.09007,16566,9,0
2025-03-12 12:00:00,1.09007,1.09311,1.08751,1.09237,26936,8,0
2025-03-12 16:00:00,1.0924,1.09277,1.08794,1.08901,11268,9,0
2025-03-12 20:00:00,1.08899,1.08932,1.0883,1.08853,2666,9,0
2025-03-13 00:00:00,1.08853,1.08967,1.08821,1.08846,5128,9,0
2025-03-13 04:00:00,1.08844,1.0893,1.08593,1.08651,9184,9,0
2025-03-13 08:00:00,1.08648,1.08849,1.08441,1.08557,17784,9,0
2025-03-13 12:00:00,1.08555,1.08778,1.08222,1.0858,24488,8,0
2025-03-13 16:00:00,1.08579,1.0878,1.08473,1.0848,12208,9,0
2025-03-13 20:00:00,1.08481,1.0855299999999999,1.08448,1.08546,3139,9,0
2025-03-14 00:00:00,1.08546,1.08582,1.0834,1.08452,5999,9,0
2025-03-14 04:00:00,1.08451,1.08509,1.08302,1.08386,8297,9,0
2025-03-14 08:00:00,1.08386,1.09123,1.08349,1.08963,22093,9,0
2025-03-14 12:00:00,1.08964,1.09111,1.08654,1.08713,19938,9,0
2025-03-14 16:00:00,1.08713,1.08895,1.087,1.08825,8710,9,0
2025-03-14 20:00:00,1.08824,1.08853,1.0877,1.08784,986,9,0
2025-03-16 20:00:00,1.08792,1.0884800000000001,1.08735,1.08794,2240,9,0
2025-03-17 00:00:00,1.08794,1.08899,1.08739,1.0883099999999999,5456,9,0
2025-03-17 04:00:00,1.08833,1.08934,1.08681,1.0876,8145,9,0
2025-03-17 08:00:00,1.0876,1.09114,1.08702,1.09016,12113,9,0
2025-03-17 12:00:00,1.09017,1.09293,1.0887,1.09209,15058,9,0
2025-03-17 16:00:00,1.09211,1.09261,1.09112,1.09201,7565,9,0
2025-03-17 20:00:00,1.09203,1.09274,1.09155,1.09179,2756,9,0
2025-03-18 00:00:00,1.09179,1.09208,1.09059,1.09079,4217,9,0
2025-03-18 04:00:00,1.0908,1.09361,1.09033,1.09346,6084,9,0
2025-03-18 08:00:00,1.09344,1.09543,1.09139,1.09161,12619,9,0
2025-03-18 12:00:00,1.09161,1.09337,1.08923,1.09263,17481,9,0
2025-03-18 16:00:00,1.09262,1.09513,1.09231,1.09458,10752,9,0
2025-03-18 20:00:00,1.09457,1.09484,1.09375,1.09383,2777,9,0
2025-03-19 00:00:00,1.09383,1.09447,1.09316,1.09379,4277,9,0
2025-03-19 04:00:00,1.09379,1.09379,1.08727,1.08923,9920,9,0
2025-03-19 08:00:00,1.08925,1.09131,1.08908,1.09078,12915,9,0
2025-03-19 12:00:00,1.0908,1.09171,1.08751,1.08766,13329,9,0
2025-03-19 16:00:00,1.08767,1.09129,1.08602,1.08984,18648,8,0
2025-03-19 20:00:00,1.08982,1.09115,1.08954,1.09115,3138,9,0
2025-03-20 00:00:00,1.09115,1.09168,1.0903,1.09094,6809,9,0
2025-03-20 04:00:00,1.09094,1.09102,1.08644,1.0878700000000001,7351,9,0
2025-03-20 08:00:00,1.08789,1.08852,1.0833,1.0849,16238,9,0
2025-03-20 12:00:00,1.08491,1.08556,1.08144,1.08467,16384,9,0
2025-03-20 16:00:00,1.08465,1.08538,1.08388,1.08526,8077,9,0
2025-03-20 20:00:00,1.08528,1.08586,1.08486,1.08529,2761,9,0
2025-03-21 00:00:00,1.08529,1.08583,1.08331,1.08344,5541,9,0
2025-03-21 04:00:00,1.08343,1.08415,1.08196,1.0838700000000001,7780,9,0
2025-03-21 08:00:00,1.08386,1.08507,1.08236,1.08503,10857,9,0
2025-03-21 12:00:00,1.08501,1.08611,1.07965,1.08059,15548,9,0
2025-03-21 16:00:00,1.08058,1.08264,1.08042,1.08175,10269,9,0
2025-03-21 20:00:00,1.08173,1.08173,1.08115,1.08146,984,9,0
2025-03-23 20:00:00,1.08133,1.08366,1.08119,1.08355,2514,9,0
2025-03-24 00:00:00,1.08355,1.08395,1.08197,1.08198,6221,9,0
2025-03-24 04:00:00,1.08199,1.08494,1.08165,1.08377,7661,9,0
2025-03-24 08:00:00,1.08379,1.08578,1.08281,1.08323,12412,9,0
2025-03-24 12:00:00,1.08321,1.08344,1.079,1.07938,16273,9,0
2025-03-24 16:00:00,1.07936,1.08127,1.07811,1.0802,11013,9,0
2025-03-24 20:00:00,1.08017,1.08057,1.07927,1.08022,2797,9,0
2025-03-25 00:00:00,1.08022,1.08079,1.07938,1.08026,5210,9,0
2025-03-25 04:00:00,1.08028,1.08084,1.07847,1.07871,6438,9,0
2025-03-25 08:00:00,1.07872,1.08271,1.07765,1.08174,12579,9,0
2025-03-25 12:00:00,1.08176,1.083,1.07968,1.0803,14303,9,0
2025-03-25 16:00:00,1.08028,1.08165,1.07906,1.07952,8754,9,0
2025-03-25 20:00:00,1.0795,1.07954,1.07851,1.07885,2425,9,0
2025-03-26 00:00:00,1.07886,1.07966,1.07776,1.07857,5549,9,0
2025-03-26 04:00:00,1.07857,1.07911,1.07773,1.07857,7073,9,0
2025-03-26 08:00:00,1.07859,1.08023,1.0785,1.07917,10750,9,0
2025-03-26 12:00:00,1.07917,1.0795,1.07672,1.07806,16072,9,0
2025-03-26 16:00:00,1.07805,1.07914,1.07437,1.07507,12192,9,0
2025-03-26 20:00:00,1.0751,1.07563,1.07319,1.07409,4791,9,0
2025-03-27 00:00:00,1.07412,1.07796,1.07403,1.07776,6080,9,0
2025-03-27 04:00:00,1.0777700000000001,1.07866,1.0754,1.07642,8971,9,0
2025-03-27 08:00:00,1.07644,1.07992,1.07554,1.07866,14277,9,0
2025-03-27 12:00:00,1.07868,1.08207,1.0776,1.07995,16776,9,0
2025-03-27 16:00:00,1.07994,1.0808200000000001,1.07879,1.07947,9347,9,0
2025-03-27 20:00:00,1.07945,1.08019,1.07908,1.08006,2350,9,0
2025-03-28 00:00:00,1.08005,1.08005,1.07881,1.07915,5067,9,0
2025-03-28 04:00:00,1.07915,1.07996,1.07811,1.07869,6514,9,0
2025-03-28 08:00:00,1.07866,1.07961,1.07641,1.07713,10922,9,0
2025-03-28 12:00:00,1.07713,1.08442,1.0765,1.08249,19135,9,0
2025-03-28 16:00:00,1.08246,1.0832600000000001,1.08117,1.08251,9704,9,0
2025-03-28 20:00:00,1.0825,1.08357,1.0824799999999999,1.083,1141,9,0
2025-03-30 20:00:00,1.08267,1.08289,1.08034,1.08233,3905,9,0
2025-03-31 00:00:00,1.08233,1.08457,1.08227,1.08328,7298,9,0
2025-03-31 04:00:00,1.08328,1.0849,1.0820400000000001,1.08311,11877,9,0
2025-03-31 08:00:00,1.0831,1.08338,1.0805,1.08195,12604,9,0
2025-03-31 12:00:00,1.08195,1.08212,1.07836,1.0794,19276,9,0
2025-03-31 16:00:00,1.07942,1.08193,1.07847,1.08137,9513,9,0
2025-03-31 20:00:00,1.08139,1.08199,1.08092,1.08172,2964,9,0
2025-04-01 00:00:00,1.08172,1.08279,1.08167,1.08264,5817,9,0
2025-04-01 04:00:00,1.08262,1.08295,1.07986,1.08013,9694,9,0
2025-04-01 08:00:00,1.08013,1.08288,1.07779,1.07808,14163,9,0
2025-04-01 12:00:00,1.07811,1.0812,1.0779,1.0799,16774,9,0
2025-04-01 16:00:00,1.07991,1.08042,1.0785,1.07892,8126,9,0
2025-04-01 20:00:00,1.0789,1.08077,1.07858,1.07941,3968,9,0
2025-04-02 00:00:00,1.07941,1.08013,1.07867,1.07954,5253,9,0
2025-04-02 04:00:00,1.07954,1.07972,1.07797,1.07912,7519,9,0
2025-04-02 08:00:00,1.0791,1.0808,1.07857,1.0802,10567,9,0
2025-04-02 12:00:00,1.08019,1.08728,1.0796000000000001,1.0867,17797,9,0
2025-04-02 16:00:00,1.08674,1.08674,1.08466,1.08497,9524,9,0
2025-04-02 20:00:00,1.08494,1.09242,1.0803,1.09037,38053,9,0
2025-04-03 00:00:00,1.09036,1.09243,1.08794,1.09143,18086,9,0
2025-04-03 04:00:00,1.09144,1.09899,1.09054,1.09701,26337,9,0
2025-04-03 08:00:00,1.09702,1.11465,1.09702,1.10872,47915,9,0
2025-04-03 12:00:00,1.10874,1.11351,1.10409,1.10501,45655,9,0
2025-04-03 16:00:00,1.10503,1.10556,1.10156,1.1026799999999999,17860,9,0
2025-04-03 20:00:00,1.10267,1.10711,1.10217,1.10449,7646,9,0
2025-04-04 00:00:00,1.10449,1.10982,1.10362,1.10933,15036,9,0
2025-04-04 04:00:00,1.10931,1.11073,1.09994,1.10041,21776,9,0
2025-04-04 08:00:00,1.10038,1.10798,1.0964,1.10597,51175,9,0
2025-04-04 12:00:00,1.10595,1.10895,1.0959699999999999,1.10131,73994,9,0
2025-04-04 16:00:00,1.10131,1.10193,1.09238,1.09432,33491,9,0
2025-04-04 20:00:00,1.09433,1.09662,1.09323,1.09632,3500,9,0
2025-04-06 20:00:00,1.08912,1.10011,1.0873599999999999,1.0983,17635,9,0
2025-04-07 00:00:00,1.09832,1.09835,1.09194,1.095,25041,9,0
2025-04-07 04:00:00,1.09499,1.10498,1.09475,1.10002,34685,9,0
2025-04-07 08:00:00,1.10005,1.10213,1.09346,1.0969,42166,9,0
2025-04-07 12:00:00,1.09692,1.0991,1.09006,1.09111,70150,9,0
2025-04-07 16:00:00,1.0911,1.09527,1.09038,1.09159,26992,9,0
2025-04-07 20:00:00,1.09161,1.09201,1.0899,1.09144,7902,9,0
2025-04-08 00:00:00,1.09144,1.09798,1.09143,1.0963,15862,9,0
2025-04-08 04:00:00,1.09628,1.09916,1.09212,1.09232,22552,9,0
2025-04-08 08:00:00,1.09232,1.09483,1.09109,1.0934,27136,9,0
2025-04-08 12:00:00,1.09341,1.09681,1.08879,1.09111,34276,9,0
2025-04-08 16:00:00,1.09114,1.09775,1.08982,1.09539,24803,9,0
2025-04-08 20:00:00,1.09536,1.09847,1.09386,1.09771,9313,9,0
2025-04-09 00:00:00,1.09774,1.10397,1.09709,1.10193,27546,9,0
2025-04-09 04:00:00,1.10195,1.10895,1.1009,1.10148,48161,9,0
2025-04-09 08:00:00,1.1014599999999999,1.10575,1.09976,1.10353,44775,9,0
2025-04-09 12:00:00,1.10354,1.10948,1.10257,1.10379,43581,9,0
2025-04-09 16:00:00,1.10381,1.10633,1.09129,1.09341,76307,9,0
2025-04-09 20:00:00,1.09343,1.09624,1.09282,1.09506,13281,9,0
2025-04-10 00:00:00,1.09505,1.0989,1.09497,1.09813,19272,9,0
2025-04-10 04:00:00,1.09811,1.10303,1.09623,1.1025800000000001,25093,9,0
2025-04-10 08:00:00,1.1026,1.10881,1.10159,1.107,31176,9,0
2025-04-10 12:00:00,1.10698,1.12288,1.10676,1.11909,46097,9,0
2025-04-10 16:00:00,1.11907,1.12412,1.11585,1.12066,36813,9,0
2025-04-10 20:00:00,1.12064,1.12621,1.11811,1.12573,18199,9,0
2025-04-11 00:00:00,1.1257,1.1385,1.12508,1.13406,64196,9,0
2025-04-11 04:00:00,1.13408,1.1368800000000001,1.12462,1.13642,43581,9,0
2025-04-11 08:00:00,1.13639,1.14738,1.13196,1.13287,72749,9,0
2025-04-11 12:00:00,1.13283,1.14119,1.13119,1.13242,73110,9,0
2025-04-11 16:00:00,1.13241,1.13432,1.12761,1.1341,30964,9,0
2025-04-11 20:00:00,1.13413,1.13577,1.1335600000000001,1.13572,3228,9,0
2025-04-13 20:00:00,1.13145,1.13535,1.13132,1.1341700000000001,9029,9,0
2025-04-14 00:00:00,1.13416,1.14085,1.13404,1.13711,26539,9,0
2025-04-14 04:00:00,1.13711,1.14243,1.13525,1.13897,27571,9,0
2025-04-14 08:00:00,1.13896,1.14095,1.13712,1.13837,24301,9,0
2025-04-14 12:00:00,1.13839,1.13882,1.12955,1.1357,34533,9,0
2025-04-14 16:00:00,1.1357,1.13699,1.13279,1.13547,18897,9,0
2025-04-14 20:00:00,1.1354899999999999,1.1360999999999999,1.13333,1.13357,6704,9,0
2025-04-15 00:00:00,1.13355,1.13526,1.13155,1.13471,11055,9,0
2025-04-15 04:00:00,1.13473,1.13674,1.13202,1.13569,18337,9,0
2025-04-15 08:00:00,1.1357,1.13785,1.13134,1.13259,22293,9,0
2025-04-15 12:00:00,1.1326100000000001,1.13411,1.12818,1.12884,33713,9,0
2025-04-15 16:00:00,1.12886,1.12917,1.12638,1.1282,13806,9,0
2025-04-15 20:00:00,1.12822,1.1299,1.12767,1.12933,6293,9,0
2025-04-16 00:00:00,1.12931,1.1343,1.12924,1.13428,13401,9,0
2025-04-16 04:00:00,1.13428,1.13918,1.13324,1.13864,18602,9,0
2025-04-16 08:00:00,1.13869,1.13878,1.13379,1.13624,28505,9,0
2025-04-16 12:00:00,1.13626,1.13864,1.13401,1.13811,30913,9,0
2025-04-16 16:00:00,1.1381000000000001,1.14124,1.13589,1.13863,21328,9,0
2025-04-16 20:00:00,1.13865,1.1408800000000001,1.13815,1.13954,6159,9,0
2025-04-17 00:00:00,1.13956,1.1396600000000001,1.1355,1.13639,13952,9,0
2025-04-17 04:00:00,1.13639,1.13784,1.13429,1.13764,15472,9,0
2025-04-17 08:00:00,1.13766,1.13882,1.13552,1.13564,19346,9,0
2025-04-17 12:00:00,1.13564,1.13853,1.13351,1.13631,35942,9,0
2025-04-17 16:00:00,1.1363,1.13757,1.13397,1.13733,15381,9,0
2025-04-17 20:00:00,1.1373,1.13764,1.13565,1.13693,4361,9,0
2025-04-18 00:00:00,1.13694,1.13818,1.1360999999999999,1.13715,5247,57,0
2025-04-18 04:00:00,1.13716,1.13741,1.13562,1.13669,5927,57,0
2025-04-18 08:00:00,1.1367099999999999,1.13777,1.1362,1.13757,7056,75,0
2025-04-18 12:00:00,1.13756,1.13924,1.13729,1.13874,5620,94,0
2025-04-18 16:00:00,1.13874,1.13911,1.13824,1.13894,3260,94,0
2025-04-18 20:00:00,1.13894,1.13898,1.1384,1.13853,668,95,0
2025-04-20 20:00:00,1.13928,1.1458,1.13922,1.14485,8620,9,0
2025-04-21 00:00:00,1.1448800000000001,1.15324,1.1448800000000001,1.15149,22481,9,0
2025-04-21 04:00:00,1.15147,1.15675,1.1498599999999999,1.15549,17807,9,0
2025-04-21 08:00:00,1.1555,1.1573,1.15129,1.15424,20282,9,0
2025-04-21 12:00:00,1.15424,1.15497,1.14813,1.15064,24172,9,0
2025-04-21 16:00:00,1.15065,1.15267,1.14933,1.15125,12440,9,0
2025-04-21 20:00:00,1.15127,1.15249,1.15045,1.15137,5715,9,0
2025-04-22 00:00:00,1.15138,1.15404,1.14817,1.15343,15492,9,0
2025-04-22 04:00:00,1.15345,1.15468,1.14829,1.15052,23918,9,0
2025-04-22 08:00:00,1.15053,1.1515,1.14836,1.14856,22133,9,0
2025-04-22 12:00:00,1.14859,1.14917,1.14554,1.1464699999999999,25709,9,0
2025-04-22 16:00:00,1.1465,1.14684,1.14196,1.14203,18422,9,0
2025-04-22 20:00:00,1.14205,1.14297,1.13075,1.13502,18971,9,0
2025-04-23 00:00:00,1.13499,1.1414900000000001,1.13489,1.1379,20154,9,0
2025-04-23 04:00:00,1.13789,1.14087,1.13703,1.13853,22563,9,0
2025-04-23 08:00:00,1.13856,1.14396,1.1379,1.14105,20885,9,0
2025-04-23 12:00:00,1.14102,1.14193,1.13276,1.13485,46724,9,0
2025-04-23 16:00:00,1.13487,1.13654,1.13147,1.13269,18419,9,0
2025-04-23 20:00:00,1.13267,1.13468,1.13079,1.13291,7960,9,0
2025-04-24 00:00:00,1.13294,1.13571,1.1320999999999999,1.13376,13472,9,0
2025-04-24 04:00:00,1.13377,1.13801,1.13302,1.1379299999999999,14884,9,0
2025-04-24 08:00:00,1.13796,1.13946,1.13629,1.13726,18210,9,0
2025-04-24 12:00:00,1.13724,1.13871,1.13471,1.13605,24030,9,0
2025-04-24 16:00:00,1.13607,1.13972,1.13574,1.13843,11777,9,0
2025-04-24 20:00:00,1.13841,1.13979,1.13702,1.13723,5575,9,0
2025-04-25 00:00:00,1.13721,1.13721,1.13247,1.13257,14030,9,0
2025-04-25 04:00:00,1.13258,1.13679,1.13154,1.13594,18284,9,0
2025-04-25 08:00:00,1.13594,1.13664,1.13339,1.13491,17168,9,0
2025-04-25 12:00:00,1.13493,1.13821,1.13325,1.13797,19712,9,0
2025-04-25 16:00:00,1.13796,1.13882,1.13584,1.13589,10227,9,0
2025-04-25 20:00:00,1.13592,1.13642,1.13562,1.13611,1387,9,0
2025-04-27 20:00:00,1.13605,1.13647,1.13389,1.13447,4821,9,0
2025-04-28 00:00:00,1.13446,1.1366100000000001,1.13428,1.1356,8996,9,0
2025-04-28 04:00:00,1.1356,1.13805,1.1329,1.13482,13707,9,0
2025-04-28 08:00:00,1.13479,1.13601,1.1335,1.13511,14321,9,0
2025-04-28 12:00:00,1.13514,1.14135,1.13391,1.13858,22729,9,0
2025-04-28 16:00:00,1.13857,1.14246,1.13848,1.14212,14131,9,0
2025-04-28 20:00:00,1.14215,1.14246,1.14004,1.14073,5001,9,0
2025-04-29 00:00:00,1.14075,1.14195,1.1386,1.13902,10911,9,0
2025-04-29 04:00:00,1.13902,1.14117,1.13737,1.14035,14013,9,0
2025-04-29 08:00:00,1.1403699999999999,1.14078,1.13706,1.1374,14873,9,0
2025-04-29 12:00:00,1.13742,1.1417,1.13697,1.13958,24834,9,0
2025-04-29 16:00:00,1.13958,1.14184,1.13757,1.13811,11521,9,0
2025-04-29 20:00:00,1.13809,1.13954,1.13762,1.13902,4736,9,0
2025-04-30 00:00:00,1.13902,1.13948,1.13547,1.13683,9266,9,0
2025-04-30 04:00:00,1.13683,1.1399,1.13655,1.13771,11704,9,0
2025-04-30 08:00:00,1.13775,1.13848,1.13557,1.13729,13874,9,0
2025-04-30 12:00:00,1.1373,1.13883,1.13224,1.13476,32482,9,0
2025-04-30 16:00:00,1.13474,1.13646,1.13279,1.13296,13315,9,0
2025-04-30 20:00:00,1.1329799999999999,1.1331,1.13169,1.13217,5528,9,0
2025-05-01 00:00:00,1.13218,1.13291,1.12991,1.13117,8304,9,0
2025-05-01 04:00:00,1.13117,1.13138,1.1287099999999999,1.13097,12319,9,0
2025-05-01 08:00:00,1.13095,1.13407,1.13094,1.13199,11883,9,0
2025-05-01 12:00:00,1.13199,1.13384,1.12655,1.12786,23439,9,0
2025-05-01 16:00:00,1.12784,1.1293199999999999,1.12725,1.12881,10380,9,0
2025-05-01 20:00:00,1.12879,1.12987,1.1284399999999999,1.12953,3916,9,0
2025-05-02 00:00:00,1.12953,1.13151,1.12738,1.13123,8867,9,0
2025-05-02 04:00:00,1.13123,1.13373,1.13009,1.13278,13190,9,0
2025-05-02 08:00:00,1.13278,1.13547,1.13159,1.13459,15405,9,0
2025-05-02 12:00:00,1.13461,1.13804,1.13042,1.13287,32416,9,0
2025-05-02 16:00:00,1.13287,1.13384,1.1292200000000001,1.13042,15701,9,0
2025-05-02 20:00:00,1.1304,1.13051,1.12933,1.12998,1464,9,0
2025-05-04 20:00:00,1.12987,1.13273,1.12926,1.13209,4088,9,0
2025-05-05 00:00:00,1.1320999999999999,1.13464,1.1314,1.13317,9582,9,0
2025-05-05 04:00:00,1.13317,1.1347,1.13128,1.13129,13998,9,0
2025-05-05 08:00:00,1.13127,1.13572,1.13109,1.13424,15251,9,0
2025-05-05 12:00:00,1.13421,1.13645,1.13121,1.13141,20582,9,0
2025-05-05 16:00:00,1.13141,1.13206,1.1296599999999999,1.13142,9743,9,0
2025-05-05 20:00:00,1.13144,1.13199,1.13093,1.13117,3003,9,0
2025-05-06 00:00:00,1.13117,1.13171,1.12793,1.13146,11789,9,0
2025-05-06 04:00:00,1.13144,1.13474,1.13131,1.13388,12856,9,0
2025-05-06 08:00:00,1.13387,1.13492,1.13051,1.13266,18321,9,0
2025-05-06 12:00:00,1.13268,1.13692,1.13164,1.13433,20725,9,0
2025-05-06 16:00:00,1.13434,1.13806,1.13304,1.1372200000000001,11103,9,0
2025-05-06 20:00:00,1.13721,1.1379299999999999,1.13256,1.13397,9826,9,0
2025-05-07 00:00:00,1.13396,1.13512,1.13248,1.13453,16036,9,0
2025-05-07 04:00:00,1.13453,1.13778,1.13424,1.1362,12877,9,0
2025-05-07 08:00:00,1.13618,1.13734,1.13468,1.13573,13992,9,0
2025-05-07 12:00:00,1.13574,1.13705,1.13414,1.13468,16119,9,0
2025-05-07 16:00:00,1.1347,1.13646,1.13003,1.13065,24459,9,0
2025-05-07 20:00:00,1.13068,1.13124,1.12914,1.13025,5492,9,0
2025-05-08 00:00:00,1.13025,1.13357,1.1301700000000001,1.13272,12227,9,0
2025-05-08 04:00:00,1.13272,1.13307,1.12698,1.12967,15573,9,0
2025-05-08 08:00:00,1.12967,1.13046,1.1274899999999999,1.12953,16045,9,0
2025-05-08 12:00:00,1.12953,1.13197,1.12339,1.12478,28066,9,0
2025-05-08 16:00:00,1.12476,1.12493,1.12116,1.12255,15842,9,0
2025-05-08 20:00:00,1.12257,1.12327,1.12194,1.12265,4253,9,0
2025-05-09 00:00:00,1.12268,1.12329,1.11961,1.12222,11969,9,0
2025-05-09 04:00:00,1.12222,1.12579,1.12179,1.12511,11809,9,0
2025-05-09 08:00:00,1.12513,1.12604,1.12419,1.12539,12678,9,0
2025-05-09 12:00:00,1.1254,1.12926,1.12469,1.12694,15893,9,0
2025-05-09 16:00:00,1.12695,1.12748,1.12481,1.12568,7561,9,0
2025-05-09 20:00:00,1.12565,1.12576,1.12469,1.1248,1159,9,0
2025-05-11 20:00:00,1.11945,1.1236,1.11858,1.12274,5014,9,0
2025-05-12 00:00:00,1.12276,1.12423,1.12221,1.12327,11716,9,0
2025-05-12 04:00:00,1.12325,1.12354,1.10966,1.11046,28622,9,0
2025-05-12 08:00:00,1.11045,1.11449,1.10714,1.11111,30913,9,0
2025-05-12 12:00:00,1.1111,1.11341,1.10999,1.11049,23975,9,0
2025-05-12 16:00:00,1.11051,1.11107,1.10647,1.10918,12021,9,0
2025-05-12 20:00:00,1.10916,1.10996,1.10817,1.10951,4577,9,0
2025-05-13 00:00:00,1.10953,1.11164,1.10946,1.1116,10347,9,0
2025-05-13 04:00:00,1.1116,1.11242,1.11012,1.11156,12772,9,0
2025-05-13 08:00:00,1.11158,1.11176,1.10968,1.11064,12763,9,0
2025-05-13 12:00:00,1.11066,1.11776,1.11061,1.11747,23703,9,0
2025-05-13 16:00:00,1.11749,1.11915,1.11643,1.11893,8985,9,0
2025-05-13 20:00:00,1.11896,1.11968,1.11811,1.11855,4251,9,0
2025-05-14 00:00:00,1.11856,1.11975,1.1182,1.11948,10974,9,0
2025-05-14 04:00:00,1.1195,1.12163,1.11799,1.12145,12936,9,0
2025-05-14 08:00:00,1.12146,1.12657,1.1212,1.12171,24359,9,0
2025-05-14 12:00:00,1.12172,1.12351,1.11972,1.12049,22358,9,0
2025-05-14 16:00:00,1.12051,1.12127,1.11651,1.11669,14653,9,0
2025-05-14 20:00:00,1.11672,1.11878,1.11641,1.11811,4244,9,0
2025-05-15 00:00:00,1.1181,1.1201,1.11759,1.11962,9522,9,0
2025-05-15 04:00:00,1.11961,1.1228,1.1185,1.1197,12844,9,0
2025-05-15 08:00:00,1.11968,1.12128,1.11791,1.11827,12872,9,0
2025-05-15 12:00:00,1.11827,1.12232,1.11722,1.11876,22793,9,0
2025-05-15 16:00:00,1.11874,1.11902,1.11699,1.11831,9277,9,0
2025-05-15 20:00:00,1.11832,1.11935,1.11779,1.11918,4103,9,0
2025-05-16 00:00:00,1.11917,1.12082,1.11902,1.12001,9512,9,0
2025-05-16 04:00:00,1.12001,1.12191,1.1196,1.12083,10757,9,0
2025-05-16 08:00:00,1.12083,1.12091,1.11877,1.1194,12238,9,0
2025-05-16 12:00:00,1.11939,1.12055,1.11396,1.11399,18978,9,0
2025-05-16 16:00:00,1.11396,1.11581,1.11305,1.11488,9551,9,0
2025-05-16 20:00:00,1.11488,1.11641,1.11447,1.1162,1867,9,0
2025-05-18 20:00:00,1.11721,1.11936,1.11703,1.11884,4337,9,0
2025-05-19 00:00:00,1.11886,1.11987,1.1172,1.1181,11464,9,0
2025-05-19 04:00:00,1.11808,1.12449,1.11757,1.1238,14360,9,0
2025-05-19 08:00:00,1.12382,1.12879,1.12355,1.12727,18464,9,0
2025-05-19 12:00:00,1.12724,1.12732,1.12331,1.12358,19614,9,0
2025-05-19 16:00:00,1.12361,1.12417,1.12237,1.12396,8718,9,0
2025-05-19 20:00:00,1.12394,1.1244399999999999,1.12311,1.12321,3187,9,0
2025-05-20 00:00:00,1.12321,1.12509,1.12177,1.12447,10094,9,0
2025-05-20 04:00:00,1.12447,1.12777,1.124,1.12758,14040,9,0
2025-05-20 08:00:00,1.12759,1.12759,1.12427,1.12455,12832,9,0
2025-05-20 12:00:00,1.12457,1.12695,1.12234,1.12528,17584,9,0
2025-05-20 16:00:00,1.12528,1.12824,1.12448,1.1280000000000001,9250,9,0
2025-05-20 20:00:00,1.12803,1.12898,1.12766,1.12878,3880,9,0
2025-05-21 00:00:00,1.1288,1.13394,1.12865,1.13336,11872,9,0
2025-05-21 04:00:00,1.13334,1.13526,1.1313900000000001,1.13227,15876,9,0
2025-05-21 08:00:00,1.1323,1.13616,1.1312,1.13232,15848,9,0
2025-05-21 12:00:00,1.1323400000000001,1.1354,1.1317,1.13421,20968,9,0
2025-05-21 16:00:00,1.13419,1.13625,1.13181,1.13188,13454,9,0
2025-05-21 20:00:00,1.13186,1.1332,1.13106,1.13315,5668,9,0
2025-05-22 00:00:00,1.13315,1.13449,1.13171,1.13329,12969,9,0
2025-05-22 04:00:00,1.13326,1.13415,1.12952,1.13208,14710,9,0
2025-05-22 08:00:00,1.13206,1.13343,1.12898,1.1308,16451,9,0
2025-05-22 12:00:00,1.13082,1.13144,1.12655,1.12804,21346,9,0
2025-05-22 16:00:00,1.12802,1.12875,1.12553,1.12784,10185,9,0
2025-05-22 20:00:00,1.12785,1.12887,1.12763,1.12817,3405,9,0
2025-05-23 00:00:00,1.1282,1.13185,1.12786,1.13113,8465,9,0
2025-05-23 04:00:00,1.13113,1.13436,1.13073,1.1339,10989,9,0
2025-05-23 08:00:00,1.13389,1.13755,1.12981,1.13212,24103,9,0
2025-05-23 12:00:00,1.13213,1.13592,1.12973,1.1348799999999999,29441,9,0
2025-05-23 16:00:00,1.13491,1.13689,1.13408,1.1363,9388,9,0
2025-05-23 20:00:00,1.13631,1.13678,1.13583,1.13621,1482,9,0
2025-05-25 20:00:00,1.13641,1.13816,1.13591,1.13744,5961,9,0
2025-05-26 00:00:00,1.13744,1.14186,1.13744,1.1411,11706,9,0
2025-05-26 04:00:00,1.14111,1.14182,1.1388099999999999,1.13889,11286,9,0
2025-05-26 08:00:00,1.1389,1.13948,1.13736,1.13768,9222,9,0
2025-05-26 12:00:00,1.1377,1.13851,1.13684,1.13808,7962,9,0
2025-05-26 16:00:00,1.13809,1.13852,1.13754,1.13851,2312,9,0
2025-05-26 20:00:00,1.13851,1.13944,1.13777,1.1388099999999999,2943,9,0
2025-05-27 00:00:00,1.1388099999999999,1.14069,1.13875,1.13934,7708,9,0
2025-05-27 04:00:00,1.13934,1.13974,1.13367,1.13406,14666,9,0
2025-05-27 08:00:00,1.13407,1.13577,1.13386,1.13508,13523,9,0
2025-05-27 12:00:00,1.1351,1.13751,1.13227,1.13253,16865,9,0
2025-05-27 16:00:00,1.13252,1.13384,1.13229,1.13307,7341,9,0
2025-05-27 20:00:00,1.13306,1.13378,1.13224,1.13366,3411,9,0
2025-05-28 00:00:00,1.13366,1.1345399999999999,1.13002,1.1307,11260,9,0
2025-05-28 04:00:00,1.13071,1.13304,1.12951,1.13262,11258,9,0
2025-05-28 08:00:00,1.13264,1.13403,1.1316,1.13172,12153,9,0
2025-05-28 12:00:00,1.13174,1.13244,1.1283400000000001,1.12845,20097,9,0
2025-05-28 16:00:00,1.12847,1.13004,1.12837,1.12891,9015,9,0
2025-05-28 20:00:00,1.12892,1.12969,1.12097,1.12297,11405,9,0
2025-05-29 00:00:00,1.12296,1.12567,1.12229,1.12484,18677,9,0
2025-05-29 04:00:00,1.12481,1.12824,1.12305,1.12751,14635,9,0
2025-05-29 08:00:00,1.1275,1.1291,1.12615,1.12705,12464,9,0
2025-05-29 12:00:00,1.12706,1.13702,1.12706,1.13693,25567,9,0
2025-05-29 16:00:00,1.13691,1.1384400000000001,1.13615,1.13665,9463,9,0
2025-05-29 20:00:00,1.13667,1.13791,1.13598,1.13764,4450,9,0
2025-05-30 00:00:00,1.13762,1.13896,1.13455,1.13492,12290,9,0
2025-05-30 04:00:00,1.13494,1.13542,1.13273,1.13372,11917,9,0
2025-05-30 08:00:00,1.13374,1.13443,1.13226,1.1338,12053,9,0
2025-05-30 12:00:00,1.13382,1.13581,1.13123,1.13461,26988,9,0
2025-05-30 16:00:00,1.13462,1.13667,1.13428,1.13559,10606,9,0
2025-05-30 20:00:00,1.13561,1.13561,1.13448,1.13473,1238,9,0
2025-06-01 20:00:00,1.13466,1.13601,1.13452,1.13527,3620,9,0
2025-06-02 00:00:00,1.13527,1.13817,1.13523,1.13612,9430,9,0
2025-06-02 04:00:00,1.13614,1.14364,1.13593,1.14234,10918,9,0
2025-06-02 08:00:00,1.14232,1.14367,1.14089,1.1414,13735,9,0
2025-06-02 12:00:00,1.14137,1.1449799999999999,1.1404,1.14301,18338,9,0
2025-06-02 16:00:00,1.14303,1.1445,1.14115,1.14446,9503,9,0
2025-06-02 20:00:00,1.14444,1.14535,1.14313,1.14528,3693,9,0
2025-06-03 00:00:00,1.14527,1.14544,1.14156,1.14195,8985,9,0
2025-06-03 04:00:00,1.14195,1.1432,1.14118,1.14158,10450,9,0
2025-06-03 08:00:00,1.14157,1.1418300000000001,1.13861,1.13901,12164,9,0
2025-06-03 12:00:00,1.13904,1.13946,1.13636,1.13718,17809,9,0
2025-06-03 16:00:00,1.1372,1.13829,1.13672,1.13685,7320,9,0
2025-06-03 20:00:00,1.13684,1.13856,1.13635,1.13839,3286,9,0
2025-06-04 00:00:00,1.13837,1.13928,1.13651,1.1367099999999999,9113,9,0
2025-06-04 04:00:00,1.13673,1.1396600000000001,1.13567,1.13864,12055,9,0
2025-06-04 08:00:00,1.13863,1.14035,1.13743,1.13788,10233,9,0
2025-06-04 12:00:00,1.13789,1.1434199999999999,1.13789,1.14231,19251,9,0
2025-06-04 16:00:00,1.14231,1.1434,1.14119,1.1412,7775,9,0
2025-06-04 20:00:00,1.1412,1.14283,1.14097,1.14206,3738,9,0
2025-06-05 00:00:00,1.14208,1.14345,1.14083,1.14103,9241,9,0
2025-06-05 04:00:00,1.14103,1.14248,1.14043,1.14116,9463,9,0
2025-06-05 08:00:00,1.14119,1.14324,1.14086,1.14255,10654,9,0
2025-06-05 12:00:00,1.14254,1.14947,1.14132,1.1439,34656,9,0
2025-06-05 16:00:00,1.14392,1.1448,1.14306,1.1437599999999999,11660,9,0
2025-06-05 20:00:00,1.14374,1.14535,1.14348,1.14531,3892,9,0
2025-06-06 00:00:00,1.14531,1.14568,1.14328,1.14399,6781,9,0
2025-06-06 04:00:00,1.14399,1.14421,1.14211,1.14264,8744,9,0
2025-06-06 08:00:00,1.14263,1.14289,1.14105,1.14177,9742,9,0
2025-06-06 12:00:00,1.14177,1.14303,1.13714,1.13965,28522,8,0
2025-06-06 16:00:00,1.13964,1.14016,1.13843,1.13959,9453,9,0
2025-06-06 20:00:00,1.13956,1.13974,1.1391,1.1394199999999999,914,9,0
2025-06-08 20:00:00,1.13947,1.14111,1.13901,1.1406,2409,9,0
2025-06-09 00:00:00,1.1406,1.1425,1.13925,1.14118,6933,9,0
2025-06-09 04:00:00,1.14118,1.14294,1.14108,1.14221,7448,9,0
2025-06-09 08:00:00,1.14222,1.14387,1.14054,1.14169,9970,9,0
2025-06-09 12:00:00,1.1417,1.14252,1.13863,1.14239,13032,9,0
2025-06-09 16:00:00,1.14237,1.1430500000000001,1.14148,1.14224,6088,9,0
2025-06-09 20:00:00,1.14223,1.14282,1.14163,1.14259,2347,9,0
2025-06-10 00:00:00,1.14258,1.14353,1.13856,1.14026,9733,9,0
2025-06-10 04:00:00,1.1402700000000001,1.14143,1.13727,1.13917,13035,9,0
2025-06-10 08:00:00,1.13918,1.14337,1.13909,1.14288,11617,9,0
2025-06-10 12:00:00,1.1429,1.14473,1.14153,1.14224,13347,9,0
2025-06-10 16:00:00,1.14224,1.14362,1.14156,1.14259,6847,9,0
2025-06-10 20:00:00,1.14258,1.14391,1.14189,1.1437,4386,9,0
2025-06-11 00:00:00,1.14371,1.14385,1.14059,1.14157,8739,9,0
2025-06-11 04:00:00,1.14158,1.14235,1.1405,1.14191,8350,9,0
2025-06-11 08:00:00,1.14191,1.14456,1.14181,1.14323,10386,9,0
2025-06-11 12:00:00,1.14322,1.14899,1.14279,1.14889,21259,8,0
2025-06-11 16:00:00,1.14887,1.14994,1.14789,1.14825,9286,9,0
2025-06-11 20:00:00,1.14826,1.15129,1.14799,1.15096,5075,9,0
2025-06-12 00:00:00,1.15096,1.15289,1.15014,1.15192,10541,9,0
2025-06-12 04:00:00,1.1519,1.1532499999999999,1.15053,1.1526,11863,9,0
2025-06-12 08:00:00,1.15257,1.16106,1.15226,1.15893,22049,9,0
2025-06-12 12:00:00,1.15895,1.16313,1.15672,1.15767,22020,9,0
2025-06-12 16:00:00,1.15767,1.15804,1.15635,1.15758,9044,9,0
2025-06-12 20:00:00,1.15761,1.16092,1.15751,1.16089,4055,9,0
2025-06-13 00:00:00,1.16087,1.16144,1.15273,1.15368,26776,9,0
2025-06-13 04:00:00,1.15369,1.15599,1.15116,1.15353,17793,9,0
2025-06-13 08:00:00,1.1535,1.15467,1.14884,1.15096,18192,9,0
2025-06-13 12:00:00,1.15095,1.15692,1.15007,1.15562,17010,9,0
2025-06-13 16:00:00,1.1556,1.15656,1.1533,1.15495,11045,9,0
2025-06-13 20:00:00,1.15494,1.15512,1.15375,1.15501,1981,9,0
2025-06-15 20:00:00,1.1528,1.1547,1.15252,1.15375,5379,9,0
2025-06-16 00:00:00,1.15375,1.15465,1.15231,1.15271,9648,9,0
2025-06-16 04:00:00,1.15271,1.15866,1.15269,1.15787,13544,9,0
2025-06-16 08:00:00,1.15786,1.15857,1.15694,1.15724,10827,9,0
2025-06-16 12:00:00,1.15725,1.16144,1.15704,1.15798,17733,9,0
2025-06-16 16:00:00,1.158,1.15857,1.15545,1.15554,8503,9,0
2025-06-16 20:00:00,1.15552,1.15637,1.15489,1.15534,5269,9,0
2025-06-17 00:00:00,1.1553499999999999,1.15636,1.15423,1.15615,9269,9,0
2025-06-17 04:00:00,1.15615,1.1572,1.15448,1.15575,10614,9,0
2025-06-17 08:00:00,1.15573,1.15732,1.15495,1.15611,10830,9,0
2025-06-17 12:00:00,1.15612,1.15798,1.15102,1.1534,19063,9,0
2025-06-17 16:00:00,1.15337,1.15387,1.14743,1.1484,14944,9,0
2025-06-17 20:00:00,1.14842,1.1485400000000001,1.14738,1.14817,4555,9,0
2025-06-18 00:00:00,1.14815,1.15046,1.1480299999999999,1.14995,9205,9,0
2025-06-18 04:00:00,1.14995,1.15231,1.14961,1.1513,9652,9,0
2025-06-18 08:00:00,1.15128,1.15158,1.14916,1.1507,10551,9,0
2025-06-18 12:00:00,1.15073,1.15299,1.14839,1.15198,18456,9,0
2025-06-18 16:00:00,1.15198,1.15289,1.14605,1.1474199999999999,23926,9,0
2025-06-18 20:00:00,1.1474,1.14887,1.14707,1.14758,5342,9,0
2025-06-19 00:00:00,1.14756,1.14832,1.14502,1.14653,10566,9,0
2025-06-19 04:00:00,1.14655,1.14767,1.1446,1.1461000000000001,10574,9,0
2025-06-19 08:00:00,1.14611,1.14871,1.1455899999999999,1.14807,12497,9,0
2025-06-19 12:00:00,1.14807,1.14858,1.14582,1.14598,12159,9,0
2025-06-19 16:00:00,1.14596,1.14996,1.14542,1.14973,5446,9,0
2025-06-19 20:00:00,1.14973,1.15122,1.14896,1.15112,4202,9,0
2025-06-20 00:00:00,1.15111,1.15299,1.15102,1.1529,9179,9,0
2025-06-20 04:00:00,1.15289,1.15319,1.1509800000000001,1.15163,9824,9,0
2025-06-20 08:00:00,1.15162,1.15347,1.15112,1.15207,9982,9,0
2025-06-20 12:00:00,1.15206,1.15285,1.1494900000000001,1.15191,17143,9,0
2025-06-20 16:00:00,1.15192,1.15435,1.1515,1.15153,8113,9,0
2025-06-20 20:00:00,1.15155,1.15222,1.15135,1.15213,1355,9,0
2025-06-22 20:00:00,1.14539,1.1507,1.14539,1.14993,7336,9,0
2025-06-23 00:00:00,1.14995,1.15063,1.14719,1.14935,11341,9,0
2025-06-23 04:00:00,1.14935,1.15207,1.14851,1.14983,13667,9,0
2025-06-23 08:00:00,1.14981,1.15017,1.14532,1.14723,14302,9,0
2025-06-23 12:00:00,1.14722,1.15519,1.14566,1.15368,21741,9,0
2025-06-23 16:00:00,1.1537,1.15783,1.15175,1.15779,15845,9,0
2025-06-23 20:00:00,1.15779,1.16082,1.15732,1.15975,7000,9,0
2025-06-24 00:00:00,1.15978,1.16096,1.1586400000000001,1.16051,11303,9,0
2025-06-24 04:00:00,1.16053,1.16219,1.15795,1.15919,14995,9,0
2025-06-24 08:00:00,1.15914,1.16177,1.15852,1.1608,12305,9,0
2025-06-24 12:00:00,1.16078,1.16416,1.15818,1.1607,20443,9,0
2025-06-24 16:00:00,1.16072,1.16322,1.1604700000000001,1.16123,8370,9,0
2025-06-24 20:00:00,1.16126,1.16154,1.1601,1.1611799999999999,3695,9,0
2025-06-25 00:00:00,1.1611799999999999,1.16314,1.16107,1.16115,8128,9,0
2025-06-25 04:00:00,1.16115,1.16221,1.15897,1.15981,9126,9,0
2025-06-25 08:00:00,1.15984,1.1613,1.15917,1.15988,9966,9,0
2025-06-25 12:00:00,1.1598600000000001,1.16293,1.15895,1.16192,13304,9,0
2025-06-25 16:00:00,1.1619,1.16649,1.1619,1.16581,8193,9,0
2025-06-25 20:00:00,1.16582,1.16843,1.16496,1.16829,4707,9,0
2025-06-26 00:00:00,1.16831,1.17171,1.16672,1.16941,9962,9,0
2025-06-26 04:00:00,1.16941,1.17131,1.16714,1.171,12307,9,0
2025-06-26 08:00:00,1.17102,1.17451,1.1693500000000001,1.16946,14458,9,0
2025-06-26 12:00:00,1.16946,1.17206,1.16894,1.17164,20505,9,0
2025-06-26 16:00:00,1.17163,1.174,1.17036,1.17043,9940,9,0
2025-06-26 20:00:00,1.17045,1.17085,1.16806,1.16924,5269,9,0
2025-06-27 00:00:00,1.16926,1.17092,1.16856,1.16954,8647,9,0
2025-06-27 04:00:00,1.16954,1.17266,1.16829,1.17143,10653,9,0
2025-06-27 08:00:00,1.17146,1.17259,1.17009,1.17138,9540,9,0
2025-06-27 12:00:00,1.17138,1.1754,1.17027,1.17231,20834,9,0
2025-06-27 16:00:00,1.17231,1.17322,1.16876,1.17063,12205,9,0
2025-06-27 20:00:00,1.17061,1.17198,1.17056,1.17181,1279,9,0
2025-06-29 20:00:00,1.17252,1.17383,1.1719,1.17265,3757,9,0
2025-06-30 00:00:00,1.17267,1.17342,1.17114,1.17119,8302,9,0
2025-06-30 04:00:00,1.17119,1.17504,1.17119,1.17244,11345,9,0
2025-06-30 08:00:00,1.17243,1.17324,1.17132,1.17226,10732,9,0
2025-06-30 12:00:00,1.17228,1.17715,1.17073,1.17695,16439,9,0
2025-06-30 16:00:00,1.17693,1.17803,1.17486,1.17792,9955,9,0
2025-06-30 20:00:00,1.17793,1.17904,1.17732,1.17859,4374,9,0
2025-07-01 00:00:00,1.17859,1.18075,1.17775,1.1789100000000001,7657,9,0
2025-07-01 04:00:00,1.1789100000000001,1.17936,1.17671,1.17855,9244,9,0
2025-07-01 08:00:00,1.17855,1.18296,1.17742,1.18136,14197,9,0
2025-07-01 12:00:00,1.18134,1.18171,1.17686,1.17756,18566,9,0
2025-07-01 16:00:00,1.17758,1.17909,1.1761,1.17903,9049,9,0
2025-07-01 20:00:00,1.17902,1.18066,1.17902,1.18047,3878,9,0
2025-07-02 00:00:00,1.18045,1.181,1.17882,1.17998,6577,9,0
2025-07-02 04:00:00,1.18,1.18008,1.17707,1.17739,8380,9,0
2025-07-02 08:00:00,1.17737,1.17812,1.17463,1.17496,10442,9,0
2025-07-02 12:00:00,1.17493,1.1789399999999999,1.1746699999999999,1.17888,20676,9,0
2025-07-02 16:00:00,1.17888,1.1803,1.1785,1.18019,7646,9,0
2025-07-02 20:00:00,1.1802,1.1802,1.17845,1.17981,3092,9,0
2025-07-03 00:00:00,1.1797900000000001,1.18095,1.1789,1.17911,5833,9,0
2025-07-03 04:00:00,1.17911,1.18097,1.17862,1.1801,7589,9,0
2025-07-03 08:00:00,1.18007,1.1808,1.17829,1.17845,8671,9,0
2025-07-03 12:00:00,1.17842,1.17895,1.17172,1.17566,25626,9,0
2025-07-03 16:00:00,1.17568,1.1757900000000001,1.1739600000000001,1.17472,5636,9,0
2025-07-03 20:00:00,1.17472,1.1771099999999999,1.17459,1.17685,3356,9,0
2025-07-04 00:00:00,1.17686,1.17721,1.17557,1.17697,6084,9,0
2025-07-04 04:00:00,1.17696,1.17851,1.17673,1.17695,8180,9,0
2025-07-04 08:00:00,1.17695,1.17817,1.17678,1.17685,8268,9,0
2025-07-04 12:00:00,1.17685,1.17872,1.17634,1.17784,7869,9,0
2025-07-04 16:00:00,1.17784,1.17816,1.17718,1.1775,4111,9,0
2025-07-04 20:00:00,1.17749,1.17821,1.17739,1.17775,3122,9,0
2025-07-06 20:00:00,1.1782,1.17821,1.17721,1.17798,2523,9,0
2025-07-07 00:00:00,1.178,1.17898,1.17643,1.17686,7451,9,0
2025-07-07 04:00:00,1.17686,1.17734,1.17447,1.17453,9379,9,0
2025-07-07 08:00:00,1.17451,1.17472,1.17217,1.17294,9835,9,0
2025-07-07 12:00:00,1.17293,1.17451,1.17174,1.17324,11035,9,0
2025-07-07 16:00:00,1.17327,1.17393,1.16861,1.17191,14231,9,0
2025-07-07 20:00:00,1.1719,1.17383,1.1705,1.17361,4306,9,0
2025-07-08 00:00:00,1.17363,1.17485,1.17305,1.17463,7920,9,0
2025-07-08 04:00:00,1.17463,1.17651,1.17312,1.17594,9712,9,0
2025-07-08 08:00:00,1.17594,1.17601,1.17208,1.17214,9124,9,0
2025-07-08 12:00:00,1.17214,1.17243,1.16819,1.17063,14242,9,0
2025-07-08 16:00:00,1.17064,1.17294,1.16959,1.17241,10892,9,0
2025-07-08 20:00:00,1.17238,1.1729,1.17134,1.17231,3554,9,0
2025-07-09 00:00:00,1.17232,1.17258,1.17026,1.17034,7348,9,0
2025-07-09 04:00:00,1.17033,1.17282,1.17012,1.17076,8859,9,0
2025-07-09 08:00:00,1.17073,1.17197,1.16894,1.1690800000000001,9614,9,0
2025-07-09 12:00:00,1.1691,1.17243,1.1691,1.17058,13712,9,0
2025-07-09 16:00:00,1.1706,1.17229,1.17004,1.17185,6712,9,0
2025-07-09 20:00:00,1.17183,1.17392,1.17114,1.17375,3239,9,0
2025-07-10 00:00:00,1.17375,1.17492,1.17333,1.1733500000000001,6912,9,0
2025-07-10 04:00:00,1.1733500000000001,1.17433,1.17259,1.17324,7530,9,0
2025-07-10 08:00:00,1.17326,1.17341,1.17077,1.17113,7276,9,0
2025-07-10 12:00:00,1.17116,1.17142,1.16621,1.16868,16115,9,0
2025-07-10 16:00:00,1.16868,1.16986,1.16812,1.16951,7542,9,0
2025-07-10 20:00:00,1.1695,1.17068,1.16941,1.17013,3118,9,0
2025-07-11 00:00:00,1.17014,1.17045,1.16644,1.16812,11347,9,0
2025-07-11 04:00:00,1.16812,1.16955,1.16689,1.16887,9386,9,0
2025-07-11 08:00:00,1.16889,1.17008,1.16792,1.16872,9890,9,0
2025-07-11 12:00:00,1.16871,1.17136,1.16736,1.16957,14909,9,0
2025-07-11 16:00:00,1.16955,1.16977,1.16853,1.16875,8097,9,0
2025-07-11 20:00:00,1.16877,1.16936,1.16783,1.16902,1371,9,0
2025-07-13 20:00:00,1.16662,1.16833,1.16582,1.1682299999999999,4669,9,0
2025-07-14 00:00:00,1.16824,1.16974,1.1672500000000001,1.16808,7111,9,0
2025-07-14 04:00:00,1.16806,1.16871,1.16538,1.16851,8748,9,0
2025-07-14 08:00:00,1.16853,1.16967,1.1679,1.16882,8384,9,0
2025-07-14 12:00:00,1.1688,1.16955,1.16667,1.16707,11511,9,0
2025-07-14 16:00:00,1.16707,1.16756,1.16586,1.16678,7597,9,0
2025-07-14 20:00:00,1.16678,1.16689,1.16573,1.16648,2877,9,0
2025-07-15 00:00:00,1.16648,1.16773,1.16644,1.16753,5909,9,0
2025-07-15 04:00:00,1.16754,1.16922,1.16712,1.16902,7277,9,0
2025-07-15 08:00:00,1.16903,1.16909,1.1667,1.1669100000000001,7682,9,0
2025-07-15 12:00:00,1.1669,1.16907,1.16002,1.16176,21203,9,0
2025-07-15 16:00:00,1.16178,1.16199,1.15926,1.16007,7648,9,0
2025-07-15 20:00:00,1.16005,1.16075,1.15952,1.1607,2707,9,0
2025-07-16 00:00:00,1.16071,1.16151,1.1602000000000001,1.16107,5431,9,0
2025-07-16 04:00:00,1.16107,1.16279,1.16097,1.16184,7075,9,0
2025-07-16 08:00:00,1.1618,1.1626,1.16004,1.16033,8049,9,0
2025-07-16 12:00:00,1.16035,1.17212,1.15617,1.16283,51381,9,0
2025-07-16 16:00:00,1.16282,1.16583,1.1615199999999999,1.16356,21759,9,0
2025-07-16 20:00:00,1.16353,1.1642299999999999,1.16313,1.16351,3835,9,0
2025-07-17 00:00:00,1.1635,1.1635900000000001,1.16133,1.16185,6794,9,0
2025-07-17 04:00:00,1.16184,1.16268,1.15728,1.15902,10475,9,0
2025-07-17 08:00:00,1.15901,1.16048,1.15697,1.15743,8042,9,0
2025-07-17 12:00:00,1.15743,1.16022,1.15564,1.15958,15290,9,0
2025-07-17 16:00:00,1.15961,1.16015,1.15793,1.15968,7217,9,0
2025-07-17 20:00:00,1.1596899999999999,1.16194,1.15904,1.16145,3575,9,0
2025-07-18 00:00:00,1.16146,1.16337,1.1614200000000001,1.16237,6373,9,0
2025-07-18 04:00:00,1.16236,1.16308,1.16116,1.16285,6889,9,0
2025-07-18 08:00:00,1.16285,1.16477,1.16275,1.16439,8115,9,0
2025-07-18 12:00:00,1.16438,1.16715,1.1642299999999999,1.16443,13500,9,0
2025-07-18 16:00:00,1.16445,1.1648399999999999,1.16167,1.16218,8013,9,0
2025-07-18 20:00:00,1.16216,1.1627,1.16191,1.16242,1415,9,0
2025-07-20 20:00:00,1.1625,1.16341,1.16219,1.16293,3848,9,0
2025-07-21 00:00:00,1.16292,1.16358,1.16139,1.1625,6008,9,0
2025-07-21 04:00:00,1.16249,1.1647,1.16226,1.16429,7362,9,0
2025-07-21 08:00:00,1.1643,1.16695,1.16333,1.16671,8719,9,0
2025-07-21 12:00:00,1.16671,1.17166,1.16575,1.17045,13007,9,0
2025-07-21 16:00:00,1.17043,1.17055,1.1685699999999999,1.16892,7214,9,0
2025-07-21 20:00:00,1.16892,1.16956,1.16878,1.16944,2831,9,0
2025-07-22 00:00:00,1.1694499999999999,1.16954,1.16821,1.1687,5172,9,0
2025-07-22 04:00:00,1.1687,1.16941,1.16812,1.16858,6500,9,0
2025-07-22 08:00:00,1.16859,1.17089,1.16836,1.17012,8179,9,0
2025-07-22 12:00:00,1.17012,1.17487,1.16783,1.17473,15619,9,0
2025-07-22 16:00:00,1.17475,1.17603,1.17415,1.17509,7448,9,0
2025-07-22 20:00:00,1.17507,1.17556,1.17358,1.17374,3956,9,0
2025-07-23 00:00:00,1.17375,1.17483,1.17302,1.17389,8470,9,0
2025-07-23 04:00:00,1.17389,1.17525,1.17267,1.17415,8221,9,0
2025-07-23 08:00:00,1.17415,1.17477,1.17228,1.17252,9354,9,0
2025-07-23 12:00:00,1.17254,1.1758,1.17107,1.17462,14824,9,0
2025-07-23 16:00:00,1.17463,1.17748,1.17427,1.17726,13042,9,0
2025-07-23 20:00:00,1.17728,1.17785,1.17657,1.17727,3893,9,0
2025-07-24 00:00:00,1.17726,1.17798,1.17617,1.17749,6728,9,0
2025-07-24 04:00:00,1.17746,1.17778,1.17548,1.17612,7323,9,0
2025-07-24 08:00:00,1.17614,1.17678,1.17429,1.1755200000000001,7854,9,0
2025-07-24 12:00:00,1.17555,1.17886,1.17302,1.17644,20169,9,0
2025-07-24 16:00:00,1.17644,1.17778,1.17567,1.17581,7414,9,0
2025-07-24 20:00:00,1.17578,1.17597,1.17354,1.17541,4490,9,0
2025-07-25 00:00:00,1.17543,1.17583,1.17334,1.17419,6309,9,0
2025-07-25 04:00:00,1.17418,1.17605,1.1734,1.17523,8958,9,0
2025-07-25 08:00:00,1.17522,1.17575,1.17106,1.17205,9924,9,0
2025-07-25 12:00:00,1.17203,1.17383,1.17027,1.17283,17985,9,0
2025-07-25 16:00:00,1.17286,1.17465,1.17201,1.17434,6633,9,0
2025-07-25 20:00:00,1.17434,1.17435,1.1737,1.174,1540,9,0
2025-07-27 20:00:00,1.17533,1.17676,1.175,1.17549,3493,9,0
2025-07-28 00:00:00,1.17548,1.177,1.17461,1.17559,7725,9,0
2025-07-28 04:00:00,1.1756,1.17578,1.167,1.16748,11040,9,0
2025-07-28 08:00:00,1.16747,1.169,1.16432,1.16504,13949,9,0
2025-07-28 12:00:00,1.16506,1.16646,1.16075,1.16086,17379,9,0
2025-07-28 16:00:00,1.16087,1.16107,1.1584699999999999,1.15913,7565,9,0
2025-07-28 20:00:00,1.15913,1.15964,1.15819,1.1595900000000001,3145,9,0
2025-07-29 00:00:00,1.1596,1.15988,1.15809,1.15824,6552,9,0
2025-07-29 04:00:00,1.15824,1.15899,1.15261,1.15543,14097,9,0
2025-07-29 08:00:00,1.15544,1.1588,1.1537,1.15399,12361,9,0
2025-07-29 12:00:00,1.15397,1.15511,1.15185,1.15331,18831,9,0
2025-07-29 16:00:00,1.15333,1.15601,1.15333,1.15496,9312,9,0
2025-07-29 20:00:00,1.15495,1.15524,1.15419,1.15504,2247,9,0
2025-07-30 00:00:00,1.15501,1.15722,1.15501,1.15614,6308,9,0
2025-07-30 04:00:00,1.15614,1.15682,1.15396,1.15529,8409,9,0
2025-07-30 08:00:00,1.15529,1.15603,1.15216,1.15308,9719,9,0
2025-07-30 12:00:00,1.15311,1.1534200000000001,1.14574,1.14684,20541,9,0
2025-07-30 16:00:00,1.14685,1.15029,1.14136,1.14238,25614,9,0
2025-07-30 20:00:00,1.1424,1.14301,1.13982,1.14276,6089,9,0
2025-07-31 00:00:00,1.14276,1.14379,1.14073,1.14229,9627,9,0
2025-07-31 04:00:00,1.14228,1.14604,1.14189,1.14483,10727,9,0
2025-07-31 08:00:00,1.14485,1.14548,1.14203,1.14487,11316,9,0
2025-07-31 12:00:00,1.14485,1.14507,1.14052,1.143,18918,9,0
2025-07-31 16:00:00,1.14298,1.14327,1.14117,1.1412,9121,9,0
2025-07-31 20:00:00,1.1412200000000001,1.14256,1.14087,1.14213,5150,9,0
2025-08-01 00:00:00,1.14213,1.14285,1.14044,1.14181,8669,9,0
2025-08-01 04:00:00,1.14182,1.14377,1.14121,1.14185,8441,9,0
2025-08-01 08:00:00,1.14182,1.1421999999999999,1.13927,1.14044,9770,9,0
2025-08-01 12:00:00,1.14042,1.15879,1.13909,1.15539,51050,8,0
2025-08-01 16:00:00,1.15537,1.15818,1.15161,1.15689,17608,9,0
2025-08-01 20:00:00,1.15687,1.15967,1.15683,1.15872,3257,9,0
2025-08-03 20:00:00,1.1588,1.15952,1.1577600000000001,1.15871,4935,9,0
2025-08-04 00:00:00,1.15871,1.15884,1.15496,1.15786,10548,9,0
2025-08-04 04:00:00,1.15786,1.1585,1.15504,1.15631,11755,9,0
2025-08-04 08:00:00,1.15633,1.1586,1.15491,1.15663,12626,9,0
2025-08-04 12:00:00,1.15666,1.15883,1.15564,1.15667,18429,9,0
2025-08-04 16:00:00,1.1567,1.15775,1.15565,1.15672,8837,9,0
2025-08-04 20:00:00,1.15675,1.1585,1.1565,1.15835,3694,9,0
2025-08-05 00:00:00,1.15835,1.15875,1.15536,1.1555,6970,9,0
2025-08-05 04:00:00,1.1555,1.15618,1.15328,1.15457,8742,9,0
2025-08-05 08:00:00,1.15457,1.15488,1.15271,1.15389,10759,9,0
2025-08-05 12:00:00,1.15391,1.15846,1.15297,1.15789,20034,9,0
2025-08-05 16:00:00,1.15789,1.15859,1.15661,1.15723,7575,9,0
2025-08-05 20:00:00,1.15723,1.15811,1.15704,1.1578,3082,9,0
2025-08-06 00:00:00,1.15781,1.1584699999999999,1.15639,1.15795,5409,9,0
2025-08-06 04:00:00,1.15795,1.15881,1.1571,1.15805,7026,9,0
2025-08-06 08:00:00,1.15808,1.16149,1.157,1.16041,9582,9,0
2025-08-06 12:00:00,1.16038,1.16465,1.15999,1.1646,15548,9,0
2025-08-06 16:00:00,1.1645699999999999,1.16683,1.16304,1.16562,9282,9,0
2025-08-06 20:00:00,1.16563,1.16657,1.16497,1.16625,4144,9,0
2025-08-07 00:00:00,1.16624,1.16649,1.16493,1.16642,5894,9,0
2025-08-07 04:00:00,1.16643,1.1690800000000001,1.16624,1.16892,8091,9,0
2025-08-07 08:00:00,1.16892,1.16985,1.16338,1.1644,12745,9,0
2025-08-07 12:00:00,1.16439,1.16621,1.16104,1.16392,22891,9,0
2025-08-07 16:00:00,1.16395,1.16565,1.16189,1.1654200000000001,10370,9,0
2025-08-07 20:00:00,1.16543,1.16779,1.1654200000000001,1.16763,5148,9,0
2025-08-08 00:00:00,1.16766,1.16789,1.16546,1.16596,6838,9,0
2025-08-08 04:00:00,1.16596,1.16642,1.16384,1.16586,7647,9,0
2025-08-08 08:00:00,1.16586,1.16626,1.16282,1.16434,9683,9,0
2025-08-08 12:00:00,1.16431,1.1667399999999999,1.16374,1.16594,12724,9,0
2025-08-08 16:00:00,1.16594,1.16665,1.1635900000000001,1.1642299999999999,8034,9,0
2025-08-08 20:00:00,1.16424,1.16433,1.16381,1.16413,1347,9,0
2025-08-10 20:00:00,1.1645699999999999,1.1650800000000001,1.16418,1.16471,2555,9,0
2025-08-11 00:00:00,1.16472,1.16751,1.16415,1.16707,5559,9,0
2025-08-11 04:00:00,1.16707,1.1675,1.16456,1.16464,6317,9,0
2025-08-11 08:00:00,1.16466,1.16599,1.16227,1.16285,8569,9,0
2025-08-11 12:00:00,1.16286,1.16308,1.15896,1.16063,12839,9,0
2025-08-11 16:00:00,1.16062,1.16137,1.15981,1.16045,6244,9,0
2025-08-11 20:00:00,1.16046,1.16191,1.16038,1.16159,2883,9,0
2025-08-12 00:00:00,1.16158,1.16253,1.16115,1.16201,5695,9,0
2025-08-12 04:00:00,1.16201,1.16287,1.16074,1.16199,8866,9,0
2025-08-12 08:00:00,1.16199,1.16222,1.15982,1.16048,7891,9,0
2025-08-12 12:00:00,1.1605,1.1696900000000001,1.16009,1.16718,32202,9,0
2025-08-12 16:00:00,1.16719,1.16854,1.16641,1.16742,9431,9,0
2025-08-12 20:00:00,1.16741,1.16789,1.16671,1.16774,2939,9,0
2025-08-13 00:00:00,1.16772,1.16873,1.1670099999999999,1.16835,5842,9,0
2025-08-13 04:00:00,1.16833,1.17126,1.16763,1.17076,8173,9,0
2025-08-13 08:00:00,1.17074,1.17299,1.17064,1.1718600000000001,9441,9,0
2025-08-13 12:00:00,1.1718600000000001,1.17231,1.16924,1.17133,13436,9,0
2025-08-13 16:00:00,1.17133,1.17149,1.16955,1.16992,6004,9,0
2025-08-13 20:00:00,1.16992,1.17122,1.16989,1.1712,2672,9,0
2025-08-14 00:00:00,1.1712,1.17146,1.16987,1.17033,5640,9,0
2025-08-14 04:00:00,1.17033,1.17064,1.16773,1.16795,8305,9,0
2025-08-14 08:00:00,1.16794,1.1696900000000001,1.16676,1.16877,9239,9,0
2025-08-14 12:00:00,1.16878,1.16919,1.16369,1.16426,20059,9,0
2025-08-14 16:00:00,1.16425,1.16499,1.16306,1.16479,7629,9,0
2025-08-14 20:00:00,1.16478,1.16526,1.16443,1.16503,2612,9,0
2025-08-15 00:00:00,1.16503,1.16642,1.16462,1.16598,4971,9,0
2025-08-15 04:00:00,1.16598,1.16837,1.16583,1.16822,5903,9,0
2025-08-15 08:00:00,1.16822,1.16914,1.16761,1.16872,7085,9,0
2025-08-15 12:00:00,1.16872,1.17149,1.16734,1.1706699999999999,15426,9,0
2025-08-15 16:00:00,1.17066,1.1708,1.1698,1.17007,5869,9,0
2025-08-15 20:00:00,1.1700599999999999,1.17078,1.17003,1.17043,1392,9,0
2025-08-17 20:00:00,1.1708,1.17157,1.17034,1.17059,2321,9,0
2025-08-18 00:00:00,1.17059,1.17105,1.16932,1.17034,5229,9,0
2025-08-18 04:00:00,1.17034,1.1710099999999999,1.16798,1.16811,7307,9,0
2025-08-18 08:00:00,1.16811,1.16881,1.16707,1.16746,9265,9,0
2025-08-18 12:00:00,1.16747,1.16841,1.16601,1.16668,11489,9,0
2025-08-18 16:00:00,1.16667,1.167,1.16557,1.1667,6377,9,0
2025-08-18 20:00:00,1.16667,1.16744,1.16578,1.1667399999999999,3113,9,0
2025-08-19 00:00:00,1.1667399999999999,1.167,1.16388,1.16545,6834,9,0
2025-08-19 04:00:00,1.16544,1.1684,1.16507,1.16831,7798,9,0
2025-08-19 08:00:00,1.16832,1.16925,1.16712,1.16852,7696,9,0
2025-08-19 12:00:00,1.16854,1.1687400000000001,1.16574,1.16584,11612,9,0
2025-08-19 16:00:00,1.16586,1.16629,1.1642000000000001,1.16461,6115,9,0
2025-08-19 20:00:00,1.16461,1.1649,1.16403,1.16411,2769,9,0
2025-08-20 00:00:00,1.16411,1.16422,1.16214,1.16327,7262,9,0
2025-08-20 04:00:00,1.16326,1.16464,1.16227,1.16442,8345,9,0
2025-08-20 08:00:00,1.1644,1.16571,1.16311,1.16414,8248,9,0
2025-08-20 12:00:00,1.16417,1.16733,1.16417,1.16474,14190,9,0
2025-08-20 16:00:00,1.16474,1.16722,1.16474,1.16525,6808,9,0
2025-08-20 20:00:00,1.16526,1.16553,1.1644700000000001,1.16505,2940,9,0
2025-08-21 00:00:00,1.16505,1.16513,1.16408,1.16455,5524,9,0
2025-08-21 04:00:00,1.16455,1.16608,1.16245,1.16577,7347,9,0
2025-08-21 08:00:00,1.16578,1.16625,1.16391,1.164,8176,9,0
2025-08-21 12:00:00,1.16402,1.16559,1.16007,1.16043,17221,9,0
2025-08-21 16:00:00,1.16041,1.16183,1.16009,1.16048,6189,9,0
2025-08-21 20:00:00,1.1604700000000001,1.16143,1.1599599999999999,1.16121,2845,9,0
2025-08-22 00:00:00,1.16121,1.16163,1.15885,1.15891,5608,9,0
2025-08-22 04:00:00,1.15892,1.1598600000000001,1.15822,1.15943,6842,9,0
2025-08-22 08:00:00,1.15941,1.16059,1.1590799999999999,1.16039,7198,9,0
2025-08-22 12:00:00,1.16041,1.17318,1.15972,1.1712,26344,9,0
2025-08-22 16:00:00,1.17118,1.17421,1.17115,1.17195,9455,9,0
2025-08-22 20:00:00,1.17194,1.17264,1.17176,1.17206,1444,9,0
2025-08-24 20:00:00,1.17199,1.17245,1.17071,1.17078,2745,9,0
2025-08-25 00:00:00,1.17076,1.1708,1.16933,1.17062,5559,9,0
2025-08-25 04:00:00,1.17062,1.17203,1.1694,1.16973,6598,9,0
2025-08-25 08:00:00,1.16972,1.17104,1.1685,1.17025,7189,9,0
2025-08-25 12:00:00,1.17025,1.17086,1.16651,1.1669,11024,9,0
2025-08-25 16:00:00,1.1669,1.16693,1.16023,1.1609,9819,9,0
2025-08-25 20:00:00,1.1609,1.1625,1.16088,1.1614200000000001,3547,9,0
2025-08-26 00:00:00,1.16143,1.16595,1.16097,1.16255,14328,9,0
2025-08-26 04:00:00,1.16253,1.16439,1.16016,1.1621299999999999,11389,9,0
2025-08-26 08:00:00,1.16216,1.1660300000000001,1.16054,1.16533,11033,9,0
2025-08-26 12:00:00,1.16533,1.1665,1.1637,1.16554,14698,9,0
2025-08-26 16:00:00,1.16556,1.16612,1.16331,1.16399,7309,9,0
2025-08-26 20:00:00,1.16398,1.16473,1.16332,1.16369,3269,9,0
2025-08-27 00:00:00,1.16368,1.16415,1.16212,1.16246,5444,9,0
2025-08-27 04:00:00,1.16246,1.16251,1.15956,1.16033,7112,9,0
2025-08-27 08:00:00,1.16032,1.16034,1.15738,1.15858,9700,9,0
2025-08-27 12:00:00,1.15858,1.16117,1.15817,1.16102,14119,9,0
2025-08-27 16:00:00,1.16102,1.16425,1.16102,1.16332,7783,9,0
2025-08-27 20:00:00,1.16332,1.16474,1.1631,1.1647,2956,9,0
2025-08-28 00:00:00,1.1647,1.16544,1.16408,1.16426,5062,9,0
2025-08-28 04:00:00,1.16427,1.16493,1.16332,1.16434,7396,9,0
2025-08-28 08:00:00,1.16432,1.16746,1.16284,1.1666,9470,9,0
2025-08-28 12:00:00,1.16662,1.16865,1.16583,1.16718,16498,9,0
2025-08-28 16:00:00,1.16715,1.16972,1.16712,1.1682299999999999,6069,9,0
2025-08-28 20:00:00,1.1682299999999999,1.16831,1.16724,1.16781,3010,9,0
2025-08-29 00:00:00,1.16782,1.16819,1.16557,1.16621,5843,9,0
2025-08-29 04:00:00,1.16621,1.16767,1.1658,1.16755,6561,9,0
2025-08-29 08:00:00,1.16754,1.16899,1.16606,1.16626,8935,9,0
2025-08-29 12:00:00,1.16625,1.17086,1.16507,1.16938,15737,9,0
2025-08-29 16:00:00,1.1694,1.1706699999999999,1.16927,1.16976,6413,9,0
2025-08-29 20:00:00,1.1697899999999999,1.17003,1.16807,1.16851,1177,9,0
2025-08-31 20:00:00,1.16915,1.16931,1.16852,1.16897,1736,9,0
2025-09-01 00:00:00,1.16895,1.1714,1.16875,1.17079,5645,9,0
2025-09-01 04:00:00,1.17077,1.17329,1.17042,1.17248,7205,9,0
2025-09-01 08:00:00,1.17245,1.17359,1.17127,1.17139,8525,9,0
2025-09-01 12:00:00,1.17137,1.17175,1.16989,1.16994,7825,9,0
2025-09-01 16:00:00,1.16995,1.17133,1.16962,1.1712500000000001,2672,9,0
2025-09-01 20:00:00,1.17122,1.17177,1.17052,1.17143,2265,9,0
2025-09-02 00:00:00,1.17145,1.17154,1.1692,1.16949,6846,9,0
2025-09-02 04:00:00,1.16949,1.17061,1.16427,1.16455,10346,9,0
2025-09-02 08:00:00,1.16456,1.16554,1.16232,1.16462,16378,9,0
2025-09-02 12:00:00,1.16465,1.16821,1.16124,1.16523,19886,9,0
2025-09-02 16:00:00,1.16523,1.16546,1.16291,1.16408,7304,9,0
2025-09-02 20:00:00,1.16409,1.16438,1.16322,1.1632500000000001,2642,9,0
2025-09-03 00:00:00,1.1632500000000001,1.16361,1.16225,1.1623,5723,9,0
2025-09-03 04:00:00,1.16232,1.16426,1.16077,1.16354,8634,9,0
2025-09-03 08:00:00,1.16356,1.16646,1.16351,1.16513,10713,9,0
2025-09-03 12:00:00,1.1651,1.16819,1.16379,1.16748,16543,9,0
2025-09-03 16:00:00,1.16748,1.16772,1.16554,1.16581,7130,9,0
2025-09-03 20:00:00,1.16578,1.16642,1.16551,1.16605,2797,9,0
2025-09-04 00:00:00,1.16607,1.1669,1.16497,1.16529,6353,9,0
2025-09-04 04:00:00,1.16529,1.1661,1.16436,1.16504,6911,9,0
2025-09-04 08:00:00,1.16501,1.16594,1.16388,1.1642299999999999,9487,9,0
2025-09-04 12:00:00,1.16426,1.16583,1.16294,1.16472,17003,9,0
2025-09-04 16:00:00,1.1647,1.16516,1.1633499999999999,1.16503,5860,9,0
2025-09-04 20:00:00,1.16502,1.16573,1.16446,1.16562,2534,9,0
2025-09-05 00:00:00,1.16562,1.1674,1.16521,1.16708,4828,9,0
2025-09-05 04:00:00,1.16708,1.16785,1.16647,1.16773,6234,9,0
2025-09-05 08:00:00,1.1677,1.1696,1.16747,1.16867,7608,9,0
2025-09-05 12:00:00,1.16868,1.1758899999999999,1.16854,1.1758,29208,9,0
2025-09-05 16:00:00,1.17578,1.17593,1.17127,1.17177,8575,9,0
2025-09-05 20:00:00,1.17179,1.17217,1.17143,1.17182,1122,9,0
2025-09-07 20:00:00,1.17114,1.1718899999999999,1.17034,1.17119,3558,9,0
2025-09-08 00:00:00,1.17121,1.1717,1.17044,1.17092,7491,9,0
2025-09-08 04:00:00,1.17092,1.1733500000000001,1.17057,1.17322,8625,9,0
2025-09-08 08:00:00,1.17324,1.17424,1.17195,1.17287,8945,9,0
2025-09-08 12:00:00,1.17285,1.17558,1.17222,1.17499,12663,9,0
2025-09-08 16:00:00,1.17498,1.17652,1.17346,1.17622,6695,9,0
2025-09-08 20:00:00,1.17619,1.17724,1.17557,1.17682,3629,9,0
2025-09-09 00:00:00,1.17682,1.17776,1.17631,1.17637,5235,9,0
2025-09-09 04:00:00,1.17637,1.17798,1.17473,1.17524,7971,9,0
2025-09-09 08:00:00,1.17523,1.17719,1.17409,1.17416,10797,9,0
2025-09-09 12:00:00,1.1742,1.1762299999999999,1.1715200000000001,1.17217,18533,9,0
2025-09-09 16:00:00,1.17219,1.17295,1.17034,1.17063,7882,9,0
2025-09-09 20:00:00,1.17063,1.17134,1.1696900000000001,1.17021,3596,9,0
2025-09-10 00:00:00,1.1702,1.17098,1.1689,1.17075,6329,9,0
2025-09-10 04:00:00,1.17075,1.17181,1.16822,1.17023,9001,9,0
2025-09-10 08:00:00,1.17024,1.17165,1.16905,1.17043,9413,9,0
2025-09-10 12:00:00,1.17045,1.17302,1.16907,1.17142,17947,9,0
2025-09-10 16:00:00,1.17145,1.17159,1.1693,1.16999,6387,9,0
2025-09-10 20:00:00,1.16999,1.17065,1.16902,1.17023,2839,9,0
2025-09-11 00:00:00,1.17022,1.17022,1.16926,1.16955,4301,9,0
2025-09-11 04:00:00,1.16955,1.16992,1.16835,1.16924,8080,9,0
2025-09-11 08:00:00,1.16925,1.16949,1.1677,1.16836,9393,9,0
2025-09-11 12:00:00,1.16837,1.17458,1.16602,1.17311,27802,9,0
2025-09-11 16:00:00,1.17314,1.17393,1.17273,1.17362,7228,9,0
2025-09-11 20:00:00,1.17362,1.17402,1.173,1.17329,3331,9,0
2025-09-12 00:00:00,1.17327,1.17341,1.17222,1.17249,5091,9,0
2025-09-12 04:00:00,1.17248,1.17474,1.17204,1.17401,7161,9,0
2025-09-12 08:00:00,1.17401,1.1740599999999999,1.1712,1.17209,9282,9,0
2025-09-12 12:00:00,1.17209,1.17278,1.17008,1.17137,13460,9,0
2025-09-12 16:00:00,1.17137,1.17414,1.17096,1.17364,6077,9,0
2025-09-12 20:00:00,1.17361,1.17364,1.1728399999999999,1.17341,1226,9,0
2025-09-14 20:00:00,1.17314,1.1734499999999999,1.1724700000000001,1.17254,2025,8,0
2025-09-15 00:00:00,1.17252,1.17339,1.17215,1.17307,4203,8,0
2025-09-15 04:00:00,1.1730800000000001,1.17439,1.17158,1.17334,6569,8,0
2025-09-15 08:00:00,1.17333,1.17628,1.17296,1.17605,9455,8,0
2025-09-15 12:00:00,1.17607,1.17729,1.17506,1.17709,11575,8,0
2025-09-15 16:00:00,1.17709,1.17743,1.17559,1.17655,6587,8,0
2025-09-15 20:00:00,1.17652,1.17696,1.17554,1.17625,2658,8,0
2025-09-16 00:00:00,1.17625,1.17865,1.17571,1.17799,6421,8,0
2025-09-16 04:00:00,1.17799,1.18014,1.17733,1.17938,9088,8,0
2025-09-16 08:00:00,1.17937,1.18211,1.17899,1.18137,11789,8,0
2025-09-16 12:00:00,1.18138,1.18527,1.17901,1.1846700000000001,19313,8,0
2025-09-16 16:00:00,1.18466,1.18783,1.18459,1.1859899999999999,9346,8,0
2025-09-16 20:00:00,1.18597,1.18726,1.18525,1.18706,3518,8,0
2025-09-17 00:00:00,1.18706,1.18728,1.18509,1.18516,5828,8,0
2025-09-17 04:00:00,1.18516,1.18597,1.1837900000000001,1.18401,6956,8,0
2025-09-17 08:00:00,1.18401,1.18508,1.18325,1.1839,8460,8,0
2025-09-17 12:00:00,1.1839,1.18589,1.18338,1.18442,10264,8,0
2025-09-17 16:00:00,1.18444,1.19185,1.18189,1.18243,39075,8,0
2025-09-17 20:00:00,1.18243,1.18285,1.18076,1.18249,5616,8,0
2025-09-18 00:00:00,1.18249,1.1828400000000001,1.18072,1.1812,8463,8,0
2025-09-18 04:00:00,1.1812,1.18385,1.17801,1.18313,11513,8,0
2025-09-18 08:00:00,1.18311,1.18478,1.18193,1.18252,12722,8,0
2025-09-18 12:00:00,1.1825,1.18259,1.17497,1.17791,22579,8,0
2025-09-18 16:00:00,1.17789,1.17935,1.17717,1.17845,8025,8,0
2025-09-18 20:00:00,1.17847,1.17903,1.17809,1.17885,3901,8,0
2025-09-19 00:00:00,1.17886,1.17921,1.17717,1.17815,7793,8,0
2025-09-19 04:00:00,1.17817,1.17893,1.17571,1.17697,12303,8,0
2025-09-19 08:00:00,1.17697,1.17708,1.17347,1.17366,10941,8,0
2025-09-19 12:00:00,1.17366,1.1767400000000001,1.17285,1.17516,15957,8,0
2025-09-19 16:00:00,1.17514,1.17549,1.17407,1.17473,5950,8,0
2025-09-19 20:00:00,1.17474,1.17475,1.17403,1.17449,1073,8,0
2025-09-21 20:00:00,1.17383,1.17487,1.17355,1.17363,2250,8,0
2025-09-22 00:00:00,1.1736,1.17405,1.17256,1.17321,6823,8,0
2025-09-22 04:00:00,1.17321,1.1754,1.17261,1.17483,7912,8,0
2025-09-22 08:00:00,1.17481,1.17854,1.1746699999999999,1.17776,9721,8,0
2025-09-22 12:00:00,1.17777,1.17877,1.17624,1.17721,13518,8,0
2025-09-22 16:00:00,1.17722,1.18018,1.1771,1.17993,6446,8,0
2025-09-22 20:00:00,1.17994,1.18037,1.17887,1.18002,2792,8,0
2025-09-23 00:00:00,1.18002,1.18198,1.17963,1.18054,5903,8,0
2025-09-23 04:00:00,1.18054,1.18076,1.17791,1.17906,9549,8,0
2025-09-23 08:00:00,1.17905,1.18119,1.17835,1.17915,10334,8,0
2025-09-23 12:00:00,1.17915,1.18051,1.17837,1.1797900000000001,14524,8,0
2025-09-23 16:00:00,1.1798,1.18179,1.17913,1.18158,9744,8,0
2025-09-23 20:00:00,1.1816,1.18186,1.1807699999999999,1.18152,4418,8,0
2025-09-24 00:00:00,1.18151,1.1816200000000001,1.17945,1.17971,7189,8,0
2025-09-24 04:00:00,1.17971,1.18048,1.17837,1.17885,8505,8,0
2025-09-24 08:00:00,1.17883,1.17883,1.1746,1.17488,10317,8,0
2025-09-24 12:00:00,1.17487,1.17577,1.17277,1.17414,15347,8,0
2025-09-24 16:00:00,1.17414,1.17434,1.17297,1.17376,7400,8,0
2025-09-24 20:00:00,1.17374,1.17459,1.17346,1.17418,2947,8,0
2025-09-25 00:00:00,1.17416,1.17533,1.17401,1.17522,5549,8,0
2025-09-25 04:00:00,1.17521,1.17531,1.17309,1.17332,8050,8,0
2025-09-25 08:00:00,1.17332,1.17537,1.17302,1.17398,9944,8,0
2025-09-25 12:00:00,1.17398,1.17451,1.16665,1.1672,21490,8,0
2025-09-25 16:00:00,1.16722,1.16829,1.16452,1.16604,10098,8,0
2025-09-25 20:00:00,1.16602,1.16687,1.16539,1.16616,4041,8,0
2025-09-26 00:00:00,1.16616,1.16792,1.16575,1.16779,5439,8,0
2025-09-26 04:00:00,1.16777,1.16837,1.1668,1.16726,8210,8,0
2025-09-26 08:00:00,1.16728,1.1687400000000001,1.16614,1.16673,9193,8,0
2025-09-26 12:00:00,1.16673,1.17042,1.16663,1.16907,18276,8,0
2025-09-26 16:00:00,1.1690800000000001,1.17054,1.16862,1.17053,6887,8,0
2025-09-26 20:00:00,1.17051,1.1707,1.16986,1.16998,1221,8,0
2025-09-28 20:00:00,1.17012,1.17094,1.16986,1.17045,1979,8,0
2025-09-29 00:00:00,1.17045,1.17289,1.1703999999999999,1.17246,6055,8,0
2025-09-29 04:00:00,1.17248,1.17329,1.17173,1.17265,8337,8,0
2025-09-29 08:00:00,1.17267,1.17306,1.17075,1.17287,9178,8,0
2025-09-29 12:00:00,1.17287,1.17543,1.17181,1.17286,16491,8,0
2025-09-29 16:00:00,1.17288,1.17328,1.17197,1.17273,5711,8,0
2025-09-29 20:00:00,1.17271,1.1732,1.17231,1.17303,2590,8,0
2025-09-30 00:00:00,1.17301,1.17312,1.17119,1.17234,7090,8,0
2025-09-30 04:00:00,1.17235,1.17479,1.17181,1.17414,8903,8,0
2025-09-30 08:00:00,1.17416,1.17614,1.17363,1.17422,9450,8,0
2025-09-30 12:00:00,1.17421,1.17519,1.1716199999999999,1.17338,16741,8,0
2025-09-30 16:00:00,1.1734,1.17612,1.17334,1.17392,8272,8,0
2025-09-30 20:00:00,1.17394,1.17423,1.17291,1.17347,4023,8,0
2025-10-01 00:00:00,1.17344,1.17402,1.17293,1.17373,5222,8,0
2025-10-01 04:00:00,1.17375,1.17782,1.17375,1.17497,12995,8,0
2025-10-01 08:00:00,1.17497,1.17653,1.17155,1.17339,13394,8,0
2025-10-01 12:00:00,1.17339,1.17683,1.17209,1.17227,30347,8,0
2025-10-01 16:00:00,1.17224,1.17415,1.17149,1.17303,8875,8,0
2025-10-01 20:00:00,1.17304,1.1737,1.17258,1.17324,3175,8,0
2025-10-02 00:00:00,1.17323,1.17417,1.17235,1.1734499999999999,5261,8,0
2025-10-02 04:00:00,1.1734499999999999,1.17563,1.1729,1.17498,8575,8,0
2025-10-02 08:00:00,1.17498,1.1758,1.17445,1.17502,9485,8,0
2025-10-02 12:00:00,1.175,1.17582,1.16828,1.16963,17031,8,0
2025-10-02 16:00:00,1.16961,1.17263,1.16946,1.17184,6866,8,0
2025-10-02 20:00:00,1.17184,1.17256,1.17121,1.17241,2832,8,0
2025-10-03 00:00:00,1.17241,1.17289,1.1716,1.1726,5518,8,0
2025-10-03 04:00:00,1.17259,1.17338,1.17146,1.17317,7195,8,0
2025-10-03 08:00:00,1.17319,1.17444,1.17307,1.17337,8354,8,0
2025-10-03 12:00:00,1.17338,1.17591,1.17264,1.17458,16937,8,0
2025-10-03 16:00:00,1.1746,1.1748,1.17265,1.17404,6039,8,0
2025-10-03 20:00:00,1.17404,1.1743999999999999,1.17382,1.17408,1059,8,0
2025-10-05 20:00:00,1.17239,1.17285,1.1706,1.17115,6162,8,0
2025-10-06 00:00:00,1.17117,1.17305,1.17094,1.1724,7278,8,0
2025-10-06 04:00:00,1.1724,1.17272,1.16619,1.16625,15673,8,0
2025-10-06 08:00:00,1.16623,1.16795,1.16515,1.16751,14493,8,0
2025-10-06 12:00:00,1.16749,1.17207,1.1672500000000001,1.1706,15299,8,0
2025-10-06 16:00:00,1.17063,1.17167,1.17027,1.17104,5580,8,0
2025-10-06 20:00:00,1.17102,1.17143,1.17063,1.1709100000000001,4042,8,0
2025-10-07 00:00:00,1.17092,1.17109,1.16962,1.17028,5032,8,0
2025-10-07 04:00:00,1.17027,1.1707,1.16699,1.1676199999999999,8477,8,0
2025-10-07 08:00:00,1.16759,1.1682299999999999,1.16535,1.16621,9098,8,0
2025-10-07 12:00:00,1.16621,1.1679599999999999,1.16533,1.16726,13860,8,0
2025-10-07 16:00:00,1.16728,1.16807,1.16471,1.16501,8036,8,0
2025-10-07 20:00:00,1.16499,1.16608,1.16486,1.16525,3248,8,0
2025-10-08 00:00:00,1.16525,1.16528,1.16167,1.16235,8575,8,0
2025-10-08 04:00:00,1.16235,1.16338,1.16067,1.16306,9790,8,0
2025-10-08 08:00:00,1.16305,1.1636,1.16054,1.1626,11819,8,0
2025-10-08 12:00:00,1.16261,1.16444,1.16024,1.16056,13185,8,0
2025-10-08 16:00:00,1.16058,1.16279,1.1598,1.16276,9471,8,0
2025-10-08 20:00:00,1.16275,1.16346,1.16218,1.16288,4311,8,0
2025-10-09 00:00:00,1.16286,1.16473,1.16277,1.16444,5919,8,0
2025-10-09 04:00:00,1.16445,1.16479,1.1606,1.1610800000000001,8675,8,0
2025-10-09 08:00:00,1.16105,1.16271,1.16028,1.1611799999999999,11512,8,0
2025-10-09 12:00:00,1.1612,1.16229,1.15468,1.15583,22201,8,0
2025-10-09 16:00:00,1.15585,1.15661,1.15417,1.1559300000000001,9944,8,0
2025-10-09 20:00:00,1.15591,1.15668,1.15567,1.15651,3695,8,0
2025-10-10 00:00:00,1.15649,1.15738,1.15604,1.15726,5410,8,0
2025-10-10 04:00:00,1.15726,1.15796,1.15606,1.1577600000000001,9206,8,0
2025-10-10 08:00:00,1.15777,1.15891,1.15601,1.15608,9642,8,0
2025-10-10 12:00:00,1.15606,1.16303,1.15587,1.16123,22292,8,0
2025-10-10 16:00:00,1.16121,1.16254,1.15966,1.16123,11331,8,0
2025-10-10 20:00:00,1.16123,1.16286,1.16036,1.16217,3355,8,0
2025-10-12 20:00:00,1.16077,1.16133,1.15917,1.16013,5977,8,0
2025-10-13 00:00:00,1.16012,1.16273,1.1599599999999999,1.16202,8272,8,0
2025-10-13 04:00:00,1.16202,1.16295,1.15971,1.1599599999999999,10652,8,0
2025-10-13 08:00:00,1.15997,1.16045,1.15651,1.1568,11789,8,0
2025-10-13 12:00:00,1.1568100000000001,1.15771,1.1557,1.15734,13065,8,0
2025-10-13 16:00:00,1.15735,1.15789,1.15655,1.1566,5900,8,0
2025-10-13 20:00:00,1.1566,1.15735,1.15632,1.1565400000000001,3117,8,0
2025-10-14 00:00:00,1.1565400000000001,1.15816,1.15547,1.15783,6574,8,0
2025-10-14 04:00:00,1.15782,1.15932,1.15421,1.15492,14229,8,0
2025-10-14 08:00:00,1.15492,1.15628,1.15453,1.15518,12615,8,0
2025-10-14 12:00:00,1.15519,1.16078,1.15476,1.16067,19581,8,0
2025-10-14 16:00:00,1.16069,1.16147,1.16008,1.16054,11413,8,0
2025-10-14 20:00:00,1.16053,1.16094,1.15993,1.16029,3137,8,0
2025-10-15 00:00:00,1.16029,1.16256,1.16014,1.1622,7020,8,0
2025-10-15 04:00:00,1.16222,1.16441,1.16165,1.16353,9307,8,0
2025-10-15 08:00:00,1.16352,1.1645,1.16192,1.16198,10020,8,0
2025-10-15 12:00:00,1.16199,1.16469,1.16103,1.16365,15788,8,0
2025-10-15 16:00:00,1.16367,1.16444,1.16267,1.16439,9266,8,0
2025-10-15 20:00:00,1.16439,1.16517,1.16402,1.16455,3489,8,0
2025-10-16 00:00:00,1.16454,1.16749,1.16426,1.16617,7926,8,0
2025-10-16 04:00:00,1.16617,1.16675,1.16426,1.16521,9937,8,0
2025-10-16 08:00:00,1.16519,1.16635,1.16461,1.16537,10040,8,0
2025-10-16 12:00:00,1.16535,1.16778,1.16485,1.16642,14115,8,0
2025-10-16 16:00:00,1.1663999999999999,1.16938,1.16639,1.16885,12441,8,0
2025-10-16 20:00:00,1.16883,1.16994,1.16843,1.16988,3637,8,0
2025-10-17 00:00:00,1.16988,1.17121,1.16946,1.17088,7314,8,0
2025-10-17 04:00:00,1.17089,1.1728,1.1693,1.17111,13571,8,0
2025-10-17 08:00:00,1.17113,1.17158,1.168,1.16846,14978,8,0
2025-10-17 12:00:00,1.16848,1.16861,1.16563,1.1673,16386,8,0
2025-10-17 16:00:00,1.16728,1.1679,1.16636,1.16702,7427,8,0
2025-10-17 20:00:00,1.16702,1.16702,1.16485,1.16505,2065,8,0
2025-10-19 20:00:00,1.16626,1.16638,1.16513,1.16576,2749,8,0
2025-10-20 00:00:00,1.16578,1.16703,1.16563,1.16681,5401,8,0
2025-10-20 04:00:00,1.1668,1.16751,1.16531,1.16621,7462,8,0
2025-10-20 08:00:00,1.16622,1.16673,1.16443,1.1656,9430,8,0
2025-10-20 12:00:00,1.16561,1.16641,1.16458,1.16548,11240,8,0
2025-10-20 16:00:00,1.16551,1.1658,1.16379,1.16407,5451,8,0
2025-10-20 20:00:00,1.16406,1.16451,1.16385,1.16438,2434,8,0
2025-10-21 00:00:00,1.16437,1.16549,1.16324,1.16342,5459,8,0
2025-10-21 04:00:00,1.16342,1.16376,1.16183,1.16252,8655,8,0
2025-10-21 08:00:00,1.1625,1.16273,1.16062,1.16128,10843,8,0
2025-10-21 12:00:00,1.16127,1.1617899999999999,1.15972,1.16149,15303,8,0
2025-10-21 16:00:00,1.16151,1.16241,1.1599599999999999,1.16005,7539,8,0
2025-10-21 20:00:00,1.16007,1.16033,1.15967,1.1599,2430,8,0
2025-10-22 00:00:00,1.15992,1.16105,1.15992,1.16067,4890,8,0
2025-10-22 04:00:00,1.16067,1.1615199999999999,1.15991,1.16004,8182,8,0
2025-10-22 08:00:00,1.16003,1.16015,1.15818,1.15824,9003,8,0
2025-10-22 12:00:00,1.15824,1.16164,1.15765,1.1610800000000001,12913,8,0
2025-10-22 16:00:00,1.1611,1.16221,1.16045,1.16055,7698,8,0
2025-10-22 20:00:00,1.16055,1.1614200000000001,1.16054,1.16069,2159,8,0
2025-10-23 00:00:00,1.16069,1.16072,1.15918,1.15927,4224,8,0
2025-10-23 04:00:00,1.15926,1.16037,1.15901,1.1599599999999999,6564,8,0
2025-10-23 08:00:00,1.1599599999999999,1.16059,1.15851,1.15868,7182,8,0
2025-10-23 12:00:00,1.1587,1.16195,1.15861,1.16111,11161,8,0
2025-10-23 16:00:00,1.16113,1.16197,1.16041,1.16159,5482,8,0
2025-10-23 20:00:00,1.16159,1.1621,1.16133,1.16167,2249,8,0
2025-10-24 00:00:00,1.16166,1.16212,1.16068,1.16087,3796,8,0
2025-10-24 04:00:00,1.16087,1.16275,1.16004,1.16181,6992,8,0
2025-10-24 08:00:00,1.16182,1.16234,1.16049,1.16146,8082,8,0
2025-10-24 12:00:00,1.16147,1.16537,1.16084,1.16251,18334,8,0
2025-10-24 16:00:00,1.16249,1.16328,1.16209,1.16312,4971,8,0
2025-10-24 20:00:00,1.1631,1.16356,1.16206,1.16258,1518,8,0
2025-10-26 20:00:00,1.16327,1.16351,1.16253,1.16307,3388,8,0
2025-10-27 00:00:00,1.16305,1.16472,1.16268,1.1627399999999999,4410,8,0
2025-10-27 04:00:00,1.1627399999999999,1.1632,1.16194,1.16195,5182,8,0
2025-10-27 08:00:00,1.16194,1.16472,1.16174,1.16455,8168,8,0
2025-10-27 12:00:00,1.16455,1.16512,1.16313,1.1635,8759,8,0
2025-10-27 16:00:00,1.16348,1.1651799999999999,1.16321,1.16472,5267,8,0
2025-10-27 20:00:00,1.16472,1.16547,1.16417,1.16507,2433,8,0
2025-10-28 00:00:00,1.16507,1.16635,1.16462,1.16596,4707,8,0
2025-10-28 04:00:00,1.16596,1.16675,1.16506,1.1655,5525,8,0
2025-10-28 08:00:00,1.16549,1.16647,1.16443,1.16587,8277,8,0
2025-10-28 12:00:00,1.16588,1.1667,1.16252,1.16584,11600,8,0
2025-10-28 16:00:00,1.16585,1.16684,1.16515,1.16521,7294,8,0
2025-10-28 20:00:00,1.16521,1.1657,1.16482,1.16568,2493,8,0
2025-10-29 00:00:00,1.16567,1.16605,1.16366,1.16369,5792,8,0
2025-10-29 04:00:00,1.16369,1.16374,1.16246,1.16324,6084,8,0
2025-10-29 08:00:00,1.16323,1.16485,1.16184,1.16392,8342,8,0
2025-10-29 12:00:00,1.16394,1.16643,1.16271,1.16632,11536,8,0
2025-10-29 16:00:00,1.16632,1.16655,1.15772,1.15991,27216,8,0
2025-10-29 20:00:00,1.1599,1.1607,1.15905,1.16025,4434,8,0
2025-10-30 00:00:00,1.16025,1.16195,1.15966,1.1615,6571,8,0
2025-10-30 04:00:00,1.16149,1.16372,1.16093,1.16182,9998,8,0
2025-10-30 08:00:00,1.16182,1.16279,1.15958,1.15976,9940,8,0
2025-10-30 12:00:00,1.15976,1.15994,1.15468,1.15633,17424,8,0
2025-10-30 16:00:00,1.15635,1.15714,1.1559,1.15639,6784,8,0
2025-10-30 20:00:00,1.15641,1.1573,1.15626,1.15714,2659,8,0
2025-10-31 00:00:00,1.15714,1.15771,1.15646,1.1567,4657,8,0
2025-10-31 04:00:00,1.15669,1.1573,1.15545,1.15644,5482,8,0
2025-10-31 08:00:00,1.15644,1.15764,1.15578,1.15663,7514,8,0
2025-10-31 12:00:00,1.15662,1.15662,1.15218,1.15404,13575,8,0
2025-10-31 16:00:00,1.15402,1.1543,1.15211,1.15252,6996,8,0
2025-10-31 20:00:00,1.15255,1.1538,1.15251,1.15364,1490,8,0
2025-11-02 20:00:00,1.15287,1.15381,1.15251,1.15273,2380,8,0
2025-11-03 00:00:00,1.15272,1.1534,1.15214,1.15333,4289,8,0
2025-11-03 04:00:00,1.15334,1.15409,1.1531500000000001,1.15394,4461,8,0
2025-11-03 08:00:00,1.15396,1.15398,1.15075,1.15152,8134,8,0
2025-11-03 12:00:00,1.15153,1.15248,1.15048,1.15247,10235,8,0
2025-11-03 16:00:00,1.15244,1.15374,1.15162,1.15194,6620,8,0
2025-11-03 20:00:00,1.15194,1.15228,1.1515900000000001,1.15182,2654,8,0
2025-11-04 00:00:00,1.15181,1.15181,1.14978,1.1513200000000001,5508,8,0
2025-11-04 04:00:00,1.1513200000000001,1.15333,1.1507,1.15267,6190,8,0
2025-11-04 08:00:00,1.15266,1.15284,1.1489099999999999,1.14897,8746,8,0
2025-11-04 12:00:00,1.14899,1.14965,1.14726,1.14912,10526,8,0
2025-11-04 16:00:00,1.14912,1.14963,1.14783,1.14788,5820,8,0
2025-11-04 20:00:00,1.14789,1.14855,1.14749,1.14848,3152,8,0
2025-11-05 00:00:00,1.14847,1.1497600000000001,1.1479300000000001,1.14885,5841,8,0
2025-11-05 04:00:00,1.14886,1.1494,1.1482999999999999,1.1486399999999999,4222,8,0
2025-11-05 08:00:00,1.14866,1.1495199999999999,1.14757,1.14879,7029,8,0
2025-11-05 12:00:00,1.1488,1.14932,1.1468099999999999,1.1479,12013,8,0
2025-11-05 16:00:00,1.1479,1.14873,1.14697,1.14856,6387,8,0
2025-11-05 20:00:00,1.14858,1.14965,1.1485,1.14955,2721,8,0
2025-11-06 00:00:00,1.14955,1.15085,1.14927,1.15065,3657,8,0
2025-11-06 04:00:00,1.15066,1.15133,1.15033,1.15079,4257,8,0
2025-11-06 08:00:00,1.1508,1.15235,1.15056,1.152,7319,8,0
2025-11-06 12:00:00,1.15199,1.15438,1.15138,1.15394,12167,8,0
2025-11-06 16:00:00,1.15392,1.15519,1.15296,1.15443,7993,8,0
2025-11-06 20:00:00,1.15442,1.15513,1.15418,1.15484,3502,8,0
2025-11-07 00:00:00,1.15486,1.15489,1.15346,1.1537600000000001,4191,8,0
2025-11-07 04:00:00,1.15375,1.15383,1.15294,1.15323,4061,8,0
2025-11-07 08:00:00,1.15321,1.15608,1.1529,1.15576,7134,8,0
2025-11-07 12:00:00,1.15576,1.15909,1.15536,1.1571500000000001,11128,8,0
2025-11-07 16:00:00,1.1571500000000001,1.15834,1.15552,1.15594,6620,8,0
2025-11-07 20:00:00,1.15591,1.15662,1.15573,1.15642,2171,8,0
2025-11-09 20:00:00,1.15555,1.15598,1.15414,1.15431,2760,8,0
2025-11-10 00:00:00,1.1543,1.15604,1.15427,1.15543,6580,8,0
2025-11-10 04:00:00,1.15544,1.15717,1.15511,1.15674,5457,8,0
2025-11-10 08:00:00,1.15672,1.15827,1.15536,1.1562999999999999,7681,8,0
2025-11-10 12:00:00,1.1562999999999999,1.15775,1.15448,1.15452,9230,8,0
2025-11-10 16:00:00,1.1545,1.15644,1.15409,1.15605,6580,8,0
2025-11-10 20:00:00,1.15603,1.15642,1.15543,1.15564,2641,8,0
2025-11-11 00:00:00,1.15566,1.15594,1.15468,1.1555900000000001,4052,8,0
2025-11-11 04:00:00,1.15558,1.15649,1.15493,1.15599,5483,8,0
2025-11-11 08:00:00,1.156,1.1577600000000001,1.1553,1.1571500000000001,7333,8,0
2025-11-11 12:00:00,1.1571500000000001,1.16056,1.1568100000000001,1.15947,11360,8,0
2025-11-11 16:00:00,1.15947,1.15994,1.15831,1.15841,5218,8,0
2025-11-11 20:00:00,1.15841,1.15886,1.15795,1.15866,3264,8,0
2025-11-12 00:00:00,1.1586400000000001,1.15866,1.1574200000000001,1.15771,3769,8,0
2025-11-12 04:00:00,1.15771,1.1588,1.15699,1.15836,4705,8,0
2025-11-12 08:00:00,1.1583700000000001,1.15873,1.15647,1.15777,7588,8,0
2025-11-12 12:00:00,1.15775,1.15954,1.15625,1.1593499999999999,9902,8,0
2025-11-12 16:00:00,1.1593499999999999,1.15974,1.15838,1.15862,6045,8,0
2025-11-12 20:00:00,1.15859,1.15942,1.15846,1.15913,2713,8,0
2025-11-13 00:00:00,1.15915,1.1592500000000001,1.15787,1.15894,4625,8,0
2025-11-13 04:00:00,1.15893,1.1612,1.158,1.1610800000000001,4791,8,0
2025-11-13 08:00:00,1.16109,1.16344,1.16043,1.1606,9916,8,0
2025-11-13 12:00:00,1.1606,1.16427,1.16053,1.16387,11633,8,0
2025-11-13 16:00:00,1.16387,1.1656,1.16348,1.16353,9186,8,0
2025-11-13 20:00:00,1.16353,1.16393,1.16231,1.16297,3815,8,0
2025-11-14 00:00:00,1.16295,1.16445,1.16265,1.16382,5873,8,0
2025-11-14 04:00:00,1.16382,1.16483,1.16315,1.16328,6129,8,0
2025-11-14 08:00:00,1.16329,1.16367,1.16083,1.16192,10938,8,0
2025-11-14 12:00:00,1.16194,1.16532,1.16058,1.16128,15270,8,0
2025-11-14 16:00:00,1.16128,1.16223,1.16074,1.16175,7379,8,0
2025-11-14 20:00:00,1.16175,1.16232,1.16157,1.16202,2136,8,0
2025-11-16 20:00:00,1.16184,1.16243,1.16113,1.16144,1571,8,0
2025-11-17 00:00:00,1.16145,1.16145,1.15962,1.15981,4778,8,0
2025-11-17 04:00:00,1.15981,1.16145,1.15948,1.16129,4267,8,0
2025-11-17 08:00:00,1.16131,1.16148,1.15944,1.1601,7552,8,0
2025-11-17 12:00:00,1.16009,1.16043,1.15815,1.15971,9292,8,0
2025-11-17 16:00:00,1.1597,1.16015,1.15829,1.15835,6762,8,0
2025-11-17 20:00:00,1.1583700000000001,1.15938,1.15821,1.15897,3235,8,0
2025-11-18 00:00:00,1.15897,1.15956,1.15843,1.1592,3718,8,0
2025-11-18 04:00:00,1.15919,1.16034,1.15884,1.15907,6005,8,0
2025-11-18 08:00:00,1.15906,1.1606,1.15792,1.15842,8263,8,0
2025-11-18 12:00:00,1.15844,1.16076,1.15814,1.15817,11041,8,0
2025-11-18 16:00:00,1.15819,1.15867,1.15711,1.15851,7955,8,0
2025-11-18 20:00:00,1.1585,1.15865,1.15757,1.15799,3038,8,0
2025-11-19 00:00:00,1.15799,1.15845,1.15722,1.15835,4627,8,0
2025-11-19 04:00:00,1.15834,1.1596899999999999,1.1577,1.15812,5592,8,0
2025-11-19 08:00:00,1.15814,1.15888,1.1565400000000001,1.15859,10228,8,0
2025-11-19 12:00:00,1.15859,1.15905,1.154,1.15464,10970,8,0
2025-11-19 16:00:00,1.15462,1.15473,1.15173,1.15209,9625,8,0
2025-11-19 20:00:00,1.15208,1.15416,1.15197,1.15391,3853,8,0
2025-11-20 00:00:00,1.15391,1.15391,1.15096,1.15139,5903,8,0
2025-11-20 04:00:00,1.15138,1.15229,1.15126,1.15192,5634,8,0
2025-11-20 08:00:00,1.15191,1.1529099999999999,1.15113,1.1514,7751,8,0
2025-11-20 12:00:00,1.15139,1.15499,1.15008,1.15271,17622,8,0
2025-11-20 16:00:00,1.15271,1.15408,1.15243,1.15377,9147,8,0
2025-11-20 20:00:00,1.15379,1.15383,1.15231,1.15332,3586,8,0
2025-11-21 00:00:00,1.15332,1.15385,1.1528100000000001,1.15359,4588,8,0
2025-11-21 04:00:00,1.1536,1.1547399999999999,1.15343,1.15412,6075,8,0
2025-11-21 08:00:00,1.15411,1.15522,1.15041,1.15057,11337,8,0
2025-11-21 12:00:00,1.15055,1.15267,1.14963,1.15027,15823,8,0
2025-11-21 16:00:00,1.15026,1.15173,1.14907,1.15127,8719,8,0
2025-11-21 20:00:00,1.15128,1.15205,1.15087,1.15139,2401,8,0
2025-11-23 20:00:00,1.15122,1.15145,1.15051,1.1507,1438,8,0
2025-11-24 00:00:00,1.1507,1.15187,1.15016,1.15157,3752,8,0
2025-11-24 04:00:00,1.15156,1.15278,1.1510799999999999,1.15114,4891,8,0
2025-11-24 08:00:00,1.15116,1.15466,1.15094,1.15448,8862,8,0
2025-11-24 12:00:00,1.15448,1.155,1.15166,1.15288,10322,8,0
2025-11-24 16:00:00,1.15287,1.15306,1.15113,1.15273,6211,8,0
2025-11-24 20:00:00,1.15276,1.1528,1.15182,1.15201,2794,8,0
2025-11-25 00:00:00,1.15201,1.15299,1.15168,1.15176,4270,8,0
2025-11-25 04:00:00,1.15176,1.15299,1.15113,1.15225,4944,8,0
2025-11-25 08:00:00,1.15226,1.15406,1.15204,1.15266,7848,8,0
2025-11-25 12:00:00,1.15265,1.1583700000000001,1.15249,1.15621,16187,8,0
2025-11-25 16:00:00,1.15623,1.15855,1.15501,1.15834,11603,8,0
2025-11-25 20:00:00,1.15833,1.15841,1.15579,1.15643,4050,8,0
2025-11-26 00:00:00,1.15644,1.15913,1.15631,1.15901,7239,8,0
2025-11-26 04:00:00,1.15902,1.15955,1.15748,1.15791,6391,8,0
2025-11-26 08:00:00,1.15792,1.15806,1.15655,1.15739,9611,8,0
2025-11-26 12:00:00,1.15736,1.15945,1.15466,1.1589,18436,8,0
2025-11-26 16:00:00,1.15892,1.16005,1.15848,1.15932,7778,8,0
2025-11-26 20:00:00,1.15931,1.16017,1.15917,1.16016,3069,8,0
2025-11-27 00:00:00,1.16016,1.16129,1.1599599999999999,1.16017,5479,8,0
2025-11-27 04:00:00,1.16017,1.16059,1.15854,1.15911,5210,8,0
2025-11-27 08:00:00,1.15914,1.15953,1.15762,1.15859,7123,8,0
2025-11-27 12:00:00,1.15861,1.15992,1.15817,1.15938,6542,8,0
2025-11-27 16:00:00,1.1594,1.16011,1.15909,1.15949,2872,8,0
2025-11-27 20:00:00,1.15949,1.16011,1.1592500000000001,1.15992,1590,8,0
2025-11-28 00:00:00,1.15992,1.16016,1.15805,1.15869,11088,8,0
2025-11-28 04:00:00,1.15871,1.15929,1.15751,1.15792,13252,8,0
2025-11-28 08:00:00,1.15795,1.15816,1.15544,1.15672,13801,8,0
2025-11-28 12:00:00,1.15671,1.16062,1.15607,1.1605699999999999,9360,16,0
2025-11-28 16:00:00,1.16059,1.16059,1.15919,1.16003,5320,24,0
2025-11-28 20:00:00,1.16003,1.16028,1.15943,1.15946,1190,32,0
2025-11-30 20:00:00,1.15907,1.16076,1.15893,1.16004,1908,8,0
2025-12-01 00:00:00,1.16006,1.16153,1.15892,1.15967,7026,8,0
2025-12-01 04:00:00,1.15967,1.16124,1.15902,1.16067,6026,8,0
2025-12-01 08:00:00,1.16065,1.16318,1.16039,1.1627399999999999,9354,8,0
2025-12-01 12:00:00,1.16276,1.1651799999999999,1.16224,1.16283,11726,8,0
2025-12-01 16:00:00,1.16283,1.16338,1.16069,1.16084,6603,8,0
2025-12-01 20:00:00,1.16082,1.16106,1.16055,1.16065,2235,8,0
2025-12-02 00:00:00,1.16067,1.16125,1.16035,1.16119,3251,8,0
2025-12-02 04:00:00,1.16119,1.1616,1.16046,1.16125,3826,8,0
2025-12-02 08:00:00,1.16124,1.1616,1.1598,1.16112,7073,8,0
2025-12-02 12:00:00,1.16112,1.16228,1.15929,1.16055,9562,8,0
2025-12-02 16:00:00,1.1605699999999999,1.16246,1.1591,1.16202,7264,8,0
2025-12-02 20:00:00,1.16204,1.16287,1.16178,1.16278,3078,8,0
2025-12-03 00:00:00,1.16278,1.1638600000000001,1.1627399999999999,1.16373,3266,8,0
2025-12-03 04:00:00,1.16372,1.16524,1.16356,1.16409,4206,8,0
2025-12-03 08:00:00,1.16409,1.16656,1.16356,1.1665,7363,8,0
2025-12-03 12:00:00,1.1665,1.16749,1.1654200000000001,1.16593,11509,8,0
2025-12-03 16:00:00,1.16593,1.16775,1.16573,1.16722,6512,8,0
2025-12-03 20:00:00,1.1672,1.16727,1.16633,1.16659,2649,8,0
2025-12-04 00:00:00,1.16659,1.16671,1.1653,1.16556,3754,8,0
2025-12-04 04:00:00,1.16556,1.16649,1.16528,1.16649,4290,8,0
2025-12-04 08:00:00,1.1665,1.16815,1.1663000000000001,1.16799,7771,8,0
2025-12-04 12:00:00,1.16799,1.16805,1.16519,1.16728,10473,8,0
2025-12-04 16:00:00,1.16729,1.16731,1.16499,1.16524,5861,8,0
2025-12-04 20:00:00,1.16521,1.16521,1.16405,1.16431,2952,8,0
2025-12-05 00:00:00,1.16432,1.16539,1.16431,1.16487,3133,8,0
2025-12-05 04:00:00,1.16487,1.16714,1.1648399999999999,1.16628,4645,8,0
2025-12-05 08:00:00,1.16629,1.16639,1.16412,1.16461,6992,8,0
2025-12-05 12:00:00,1.16462,1.16598,1.16431,1.16479,10302,8,0
2025-12-05 16:00:00,1.1648,1.16488,1.16278,1.16425,7114,8,0
2025-12-05 20:00:00,1.1642299999999999,1.16466,1.16394,1.16427,1795,8,0
2025-12-07 20:00:00,1.16383,1.16461,1.16343,1.16399,1519,8,0
2025-12-08 00:00:00,1.16401,1.1655,1.16391,1.16498,4640,8,0
2025-12-08 04:00:00,1.16498,1.16716,1.16493,1.16577,5227,8,0
2025-12-08 08:00:00,1.1657899999999999,1.16621,1.16464,1.16502,7048,8,0
2025-12-08 12:00:00,1.165,1.1657,1.16166,1.16248,9810,8,0
2025-12-08 16:00:00,1.16249,1.16417,1.1616,1.16389,7170,8,0
2025-12-08 20:00:00,1.16391,1.16415,1.1633499999999999,1.16404,2467,8,0
2025-12-09 00:00:00,1.16404,1.16486,1.16358,1.16451,3670,8,0
2025-12-09 04:00:00,1.16451,1.16499,1.16379,1.16395,4441,8,0
2025-12-09 08:00:00,1.16397,1.1657,1.16334,1.16432,7634,8,0
2025-12-09 12:00:00,1.16432,1.16441,1.16148,1.16285,12140,8,0
2025-12-09 16:00:00,1.16286,1.16409,1.16166,1.16281,6744,8,0
2025-12-09 20:00:00,1.16282,1.16318,1.16233,1.16278,2654,8,0
2025-12-10 00:00:00,1.16278,1.16287,1.16212,1.1626,3802,8,0
2025-12-10 04:00:00,1.16262,1.16491,1.16247,1.16476,4121,8,0
2025-12-10 08:00:00,1.16477,1.16573,1.16273,1.16346,8399,8,0
2025-12-10 12:00:00,1.16348,1.16509,1.16272,1.16415,10162,8,0
2025-12-10 16:00:00,1.16412,1.16808,1.16369,1.16778,20649,8,0
2025-12-10 20:00:00,1.16776,1.17023,1.16733,1.17011,8827,8,0
2025-12-11 00:00:00,1.17011,1.17071,1.16899,1.16905,6042,8,0
2025-12-11 04:00:00,1.16905,1.17007,1.16819,1.16933,5322,8,0
2025-12-11 08:00:00,1.16933,1.17175,1.1687,1.1712500000000001,8553,8,0
2025-12-11 12:00:00,1.17124,1.17568,1.17095,1.17557,12340,8,0
2025-12-11 16:00:00,1.17557,1.17626,1.17401,1.17408,8285,8,0
2025-12-11 20:00:00,1.17408,1.17454,1.17354,1.17404,3403,8,0
2025-12-12 00:00:00,1.1740599999999999,1.17459,1.1731,1.17339,4703,8,0
2025-12-12 04:00:00,1.17339,1.1743000000000001,1.1731,1.17376,4782,8,0
2025-12-12 08:00:00,1.17377,1.1742,1.1722,1.17265,7517,8,0
2025-12-12 12:00:00,1.17265,1.17446,1.17192,1.17378,10207,8,0
2025-12-12 16:00:00,1.17377,1.17494,1.1726,1.174,7322,8,0
2025-12-12 20:00:00,1.17399,1.17462,1.17367,1.1739600000000001,2646,8,0
2025-12-14 20:00:00,1.17378,1.17402,1.17322,1.17365,1257,8,0
2025-12-15 00:00:00,1.17368,1.17445,1.17281,1.1734,5397,8,0
2025-12-15 04:00:00,1.1734,1.17377,1.17275,1.17281,5147,8,0
2025-12-15 08:00:00,1.1728,1.17498,1.17259,1.17484,7082,8,0
2025-12-15 12:00:00,1.17484,1.17685,1.17437,1.17625,10722,8,0
2025-12-15 16:00:00,1.17626,1.17642,1.17381,1.17483,6863,8,0
2025-12-15 20:00:00,1.17482,1.17554,1.17471,1.1753,2805,8,0
2025-12-16 00:00:00,1.1753,1.17588,1.17463,1.17515,4843,8,0
2025-12-16 04:00:00,1.17515,1.1754,1.1743999999999999,1.1751800000000001,4606,8,0
2025-12-16 08:00:00,1.17519,1.17636,1.17463,1.17627,8249,8,0
2025-12-16 12:00:00,1.17629,1.18038,1.17567,1.17698,18702,8,0
2025-12-16 16:00:00,1.177,1.17775,1.17342,1.17573,10330,8,0
2025-12-16 20:00:00,1.17571,1.17625,1.17442,1.17489,3662,8,0
2025-12-17 00:00:00,1.1749,1.17519,1.17366,1.17387,4581,8,0
2025-12-17 04:00:00,1.17387,1.17393,1.17029,1.17126,7601,8,0
2025-12-17 08:00:00,1.17126,1.17269,1.17056,1.1709,8871,8,0
2025-12-17 12:00:00,1.1709,1.17577,1.1708,1.17526,12022,8,0
2025-12-17 16:00:00,1.17524,1.1756,1.17412,1.17446,7733,8,0
2025-12-17 20:00:00,1.17445,1.1746,1.1737,1.17414,2605,8,0
2025-12-18 00:00:00,1.17414,1.17455,1.17348,1.17389,4528,8,0
2025-12-18 04:00:00,1.17389,1.17493,1.17333,1.17334,4979,8,0
2025-12-18 08:00:00,1.17332,1.17368,1.17169,1.17201,7835,8,0
2025-12-18 12:00:00,1.172,1.17625,1.17118,1.17269,20734,8,0
2025-12-18 16:00:00,1.17268,1.17456,1.17147,1.17246,9031,8,0
2025-12-18 20:00:00,1.17245,1.17273,1.17177,1.17244,3128,8,0
2025-12-19 00:00:00,1.17243,1.17283,1.1718,1.17209,4491,8,0
2025-12-19 04:00:00,1.17209,1.1722299999999999,1.1703000000000001,1.17076,5847,8,0
2025-12-19 08:00:00,1.17075,1.17175,1.17059,1.17109,8358,8,0
2025-12-19 12:00:00,1.17107,1.17374,1.17018,1.17092,11054,8,0
2025-12-19 16:00:00,1.17095,1.17268,1.17081,1.17232,6715,8,0
2025-12-19 20:00:00,1.17231,1.17252,1.17055,1.17087,2384,8,0
2025-12-21 20:00:00,1.17073,1.17149,1.17059,1.17097,1884,8,0
2025-12-22 00:00:00,1.17095,1.1719,1.17092,1.1717,5017,8,0
2025-12-22 04:00:00,1.1717,1.17307,1.17127,1.17285,4291,8,0
2025-12-22 08:00:00,1.17283,1.1738,1.17228,1.17331,7208,8,0
2025-12-22 12:00:00,1.17331,1.17691,1.17328,1.17634,9897,8,0
2025-12-22 16:00:00,1.17634,1.17642,1.1748,1.17549,6043,8,0
2025-12-22 20:00:00,1.1755,1.17652,1.17517,1.17632,3172,8,0
2025-12-23 00:00:00,1.17632,1.17802,1.17624,1.1776,4566,8,0
2025-12-23 04:00:00,1.1776,1.17811,1.17683,1.17784,5422,8,0
2025-12-23 08:00:00,1.17782,1.18,1.1775,1.1795200000000001,8287,8,0
2025-12-23 12:00:00,1.17953,1.1801599999999999,1.17636,1.17738,11758,8,0
2025-12-23 16:00:00,1.17737,1.1791,1.17687,1.17896,6279,8,0
2025-12-23 20:00:00,1.17895,1.17966,1.17866,1.17942,2916,8,0
2025-12-24 00:00:00,1.17942,1.18076,1.1786699999999999,1.17872,4949,8,0
2025-12-24 04:00:00,1.17872,1.18036,1.17856,1.17888,5133,8,0
2025-12-24 08:00:00,1.1789100000000001,1.18006,1.17794,1.17924,7213,8,0
2025-12-24 12:00:00,1.17925,1.17929,1.1775,1.17779,8600,8,0
2025-12-24 16:00:00,1.17778,1.17828,1.17709,1.17765,4243,8,0
2025-12-24 20:00:00,1.17765,1.17774,1.1773500000000001,1.17748,990,80,0
2025-12-25 20:00:00,1.17781,1.17847,1.17757,1.17832,2710,8,0
2025-12-26 00:00:00,1.1783299999999999,1.17931,1.17764,1.17839,6474,8,0
2025-12-26 04:00:00,1.17839,1.17877,1.17696,1.17725,5997,8,0
2025-12-26 08:00:00,1.17726,1.1782,1.17662,1.1777,6388,8,0
2025-12-26 12:00:00,1.1777,1.17963,1.17713,1.17769,8719,8,0
2025-12-26 16:00:00,1.17769,1.17794,1.17609,1.17761,7145,8,0
2025-12-26 20:00:00,1.17763,1.17812,1.17655,1.1771099999999999,2463,8,0
2025-12-28 20:00:00,1.17723,1.17774,1.17676,1.17724,1471,8,0
2025-12-29 00:00:00,1.17725,1.17861,1.17708,1.17732,5030,8,0
2025-12-29 04:00:00,1.17732,1.17787,1.17534,1.17765,5807,8,0
2025-12-29 08:00:00,1.17763,1.17887,1.17575,1.17656,9756,8,0
2025-12-29 12:00:00,1.17654,1.17884,1.17553,1.17675,11686,8,0
2025-12-29 16:00:00,1.17672,1.17678,1.17489,1.17668,7630,8,0
2025-12-29 20:00:00,1.17667,1.1774499999999999,1.1764000000000001,1.17721,3069,8,0
2025-12-30 00:00:00,1.17721,1.17761,1.17694,1.17723,3635,8,0
2025-12-30 04:00:00,1.17723,1.17794,1.17659,1.1770100000000001,4297,8,0
2025-12-30 08:00:00,1.17702,1.17775,1.17637,1.17665,7030,8,0
2025-12-30 12:00:00,1.17665,1.17677,1.17449,1.17593,10269,8,0
2025-12-30 16:00:00,1.17592,1.17662,1.17449,1.17465,6289,8,0
2025-12-30 20:00:00,1.17465,1.17499,1.1743000000000001,1.17453,2566,8,0
2025-12-31 00:00:00,1.17453,1.17487,1.17386,1.17424,3554,8,0
2025-12-31 04:00:00,1.17424,1.17424,1.17294,1.17367,4125,8,0
2025-12-31 08:00:00,1.17367,1.17474,1.17197,1.1746699999999999,7664,8,0
2025-12-31 12:00:00,1.17468,1.1758899999999999,1.172,1.17436,11512,8,0
2025-12-31 16:00:00,1.17438,1.17484,1.17283,1.17399,7832,8,0
2025-12-31 20:00:00,1.17398,1.1752,1.17389,1.17455,1650,8,0
2026-01-01 20:00:00,1.1743999999999999,1.17504,1.1743999999999999,1.17504,1156,8,0
2026-01-02 00:00:00,1.17504,1.17646,1.17495,1.17639,3530,8,0
2026-01-02 04:00:00,1.1764000000000001,1.17645,1.17319,1.17344,4469,8,0
2026-01-02 08:00:00,1.1734499999999999,1.17379,1.17129,1.17215,9285,8,0
2026-01-02 12:00:00,1.1721300000000001,1.17517,1.17155,1.17503,10320,8,0
2026-01-02 16:00:00,1.1750099999999999,1.17541,1.17139,1.17227,8064,8,0
2026-01-02 20:00:00,1.17229,1.17234,1.17148,1.17196,2450,8,0
2026-01-04 20:00:00,1.17224,1.17239,1.16985,1.17048,2112,8,0
2026-01-05 00:00:00,1.1705,1.17107,1.16719,1.16747,7820,8,0
2026-01-05 04:00:00,1.16748,1.1691799999999999,1.16728,1.16861,5884,8,0
2026-01-05 08:00:00,1.16859,1.16944,1.16733,1.16814,9423,8,0
2026-01-05 12:00:00,1.16812,1.17041,1.16587,1.17041,12730,8,0
2026-01-05 16:00:00,1.17042,1.17285,1.17036,1.17267,8469,8,0
2026-01-05 20:00:00,1.17264,1.1728399999999999,1.1712500000000001,1.17142,2750,8,0
2026-01-06 00:00:00,1.17142,1.17378,1.17104,1.17342,5250,8,0
2026-01-06 04:00:00,1.17344,1.17425,1.17257,1.17289,5162,8,0
2026-01-06 08:00:00,1.17287,1.17386,1.17046,1.17059,9298,8,0
2026-01-06 12:00:00,1.17058,1.17172,1.16836,1.16949,12239,8,0
2026-01-06 16:00:00,1.16948,1.17018,1.16835,1.16893,8140,8,0
2026-01-06 20:00:00,1.16892,1.16928,1.16839,1.16869,2934,8,0
2026-01-07 00:00:00,1.1687,1.17023,1.16848,1.16981,4777,8,0
2026-01-07 04:00:00,1.16981,1.17018,1.16784,1.1682299999999999,5465,8,0
2026-01-07 08:00:00,1.16822,1.1693500000000001,1.16726,1.16889,7776,8,0
2026-01-07 12:00:00,1.16889,1.16983,1.16794,1.16896,12407,8,0
2026-01-07 16:00:00,1.16896,1.16944,1.16783,1.16822,6941,8,0
2026-01-07 20:00:00,1.16824,1.16836,1.16727,1.16766,2393,8,0
2026-01-08 00:00:00,1.16766,1.16824,1.16723,1.1679599999999999,3762,8,0
2026-01-08 04:00:00,1.1679599999999999,1.16827,1.16745,1.16775,5102,8,0
2026-01-08 08:00:00,1.16777,1.16816,1.16684,1.16773,6617,8,0
2026-01-08 12:00:00,1.16773,1.16775,1.16558,1.16662,9596,8,0
2026-01-08 16:00:00,1.16663,1.1667399999999999,1.16424,1.16497,6823,8,0
2026-01-08 20:00:00,1.16497,1.16621,1.16494,1.16575,3140,8,0
2026-01-09 00:00:00,1.16577,1.16587,1.1645699999999999,1.16559,4299,8,0
2026-01-09 04:00:00,1.1656,1.16565,1.1639599999999999,1.16502,4616,8,0
2026-01-09 08:00:00,1.16505,1.16525,1.16366,1.1645699999999999,6683,8,0
2026-01-09 12:00:00,1.16458,1.1660300000000001,1.16178,1.16402,18676,8,0
2026-01-09 16:00:00,1.16403,1.16429,1.16273,1.16344,7135,8,0
2026-01-09 20:00:00,1.16344,1.16375,1.16291,1.16328,1634,8,0
2026-01-11 20:00:00,1.16318,1.16346,1.16228,1.16236,1079,8,0
2026-01-12 00:00:00,1.16234,1.16709,1.1621299999999999,1.1655,8885,8,0
2026-01-12 04:00:00,1.16548,1.16873,1.16527,1.16844,6660,8,0
2026-01-12 08:00:00,1.16842,1.16954,1.16753,1.16782,9012,8,0
2026-01-12 12:00:00,1.1678,1.16982,1.16724,1.16807,11273,8,0
2026-01-12 16:00:00,1.16807,1.16818,1.16648,1.16717,6442,8,0
2026-01-12 20:00:00,1.16718,1.16727,1.16625,1.16672,3125,8,0
2026-01-13 00:00:00,1.16672,1.16672,1.16561,1.16584,4183,8,0
2026-01-13 04:00:00,1.16584,1.16671,1.16535,1.16636,5217,8,0
2026-01-13 08:00:00,1.16634,1.16742,1.16581,1.16683,6469,8,0
2026-01-13 12:00:00,1.16683,1.16771,1.16439,1.1651799999999999,13998,8,0
2026-01-13 16:00:00,1.1651799999999999,1.16541,1.16341,1.16489,7196,8,0
2026-01-13 20:00:00,1.1649,1.16496,1.164,1.16418,2820,8,0
2026-01-14 00:00:00,1.16418,1.16485,1.16357,1.16466,3881,8,0
2026-01-14 04:00:00,1.16467,1.16515,1.16411,1.16456,3651,8,0
2026-01-14 08:00:00,1.1645699999999999,1.16576,1.16405,1.16468,7646,8,0
2026-01-14 12:00:00,1.16468,1.16604,1.16445,1.16592,11600,8,0
2026-01-14 16:00:00,1.16593,1.1661299999999999,1.16348,1.16361,6803,8,0
2026-01-14 20:00:00,1.1635900000000001,1.16469,1.1635900000000001,1.16446,3621,8,0
2026-01-15 00:00:00,1.1644700000000001,1.16453,1.16327,1.1638600000000001,4935,8,0
2026-01-15 04:00:00,1.16387,1.1639,1.16257,1.16285,4757,8,0
2026-01-15 08:00:00,1.16283,1.16405,1.16266,1.16306,6970,8,0
2026-01-15 12:00:00,1.16304,1.16347,1.15928,1.16021,11485,8,0
2026-01-15 16:00:00,1.16021,1.1616900000000001,1.1598,1.16134,6567,8,0
2026-01-15 20:00:00,1.16134,1.16151,1.16025,1.16089,2908,8,0
2026-01-16 00:00:00,1.16086,1.16138,1.16021,1.16117,4191,8,0
2026-01-16 04:00:00,1.16117,1.16143,1.16039,1.1611799999999999,4016,8,0
2026-01-16 08:00:00,1.1612,1.16229,1.16076,1.16188,6291,8,0
2026-01-16 12:00:00,1.16188,1.16271,1.15841,1.15934,12649,8,0
2026-01-16 16:00:00,1.1593499999999999,1.16055,1.15891,1.1596,7859,8,0
2026-01-16 20:00:00,1.15962,1.16019,1.15952,1.15983,1712,8,0
2026-01-18 20:00:00,1.1577,1.16268,1.15748,1.16239,4229,8,0
2026-01-19 00:00:00,1.16238,1.16376,1.16044,1.16242,9599,8,0
2026-01-19 04:00:00,1.16242,1.1641,1.16227,1.16258,6461,8,0
2026-01-19 08:00:00,1.16259,1.16294,1.1610800000000001,1.16276,7790,8,0
2026-01-19 12:00:00,1.16276,1.16431,1.16247,1.16394,7487,8,0
2026-01-19 16:00:00,1.16394,1.16485,1.16372,1.16428,3542,8,0
2026-01-19 20:00:00,1.16428,1.16463,1.16381,1.1639,1785,8,0
2026-01-20 00:00:00,1.16392,1.16584,1.16323,1.1656,4923,8,0
2026-01-20 04:00:00,1.1656,1.16934,1.16556,1.16885,7318,8,0
2026-01-20 08:00:00,1.16887,1.17387,1.16867,1.17344,14796,8,0
2026-01-20 12:00:00,1.17342,1.17692,1.1715,1.17268,20514,8,0
2026-01-20 16:00:00,1.17267,1.17422,1.17111,1.17118,9299,8,0
2026-01-20 20:00:00,1.17118,1.1728399999999999,1.17105,1.17269,3971,8,0
2026-01-21 00:00:00,1.17267,1.17339,1.17099,1.17184,5917,8,0
2026-01-21 04:00:00,1.17184,1.17252,1.17096,1.17165,6114,8,0
2026-01-21 08:00:00,1.17167,1.172,1.17009,1.17138,8675,8,0
2026-01-21 12:00:00,1.17139,1.17428,1.17003,1.17016,16916,8,0
2026-01-21 16:00:00,1.17016,1.17111,1.16768,1.1691,13959,8,0
2026-01-21 20:00:00,1.16912,1.16916,1.16694,1.16727,4708,8,0
2026-01-22 00:00:00,1.16726,1.16932,1.16724,1.16887,5495,8,0
2026-01-22 04:00:00,1.16886,1.1696900000000001,1.16839,1.16903,5524,8,0
2026-01-22 08:00:00,1.16902,1.17037,1.16837,1.17017,9128,8,0
2026-01-22 12:00:00,1.17016,1.17336,1.16997,1.17336,11989,8,0
2026-01-22 16:00:00,1.17336,1.1750099999999999,1.17263,1.17436,8563,8,0
2026-01-22 20:00:00,1.17436,1.1759,1.17415,1.17535,3371,8,0
2026-01-23 00:00:00,1.17535,1.17536,1.17432,1.17435,4886,8,0
2026-01-23 04:00:00,1.17435,1.17536,1.17348,1.17358,7206,8,0
2026-01-23 08:00:00,1.17357,1.17448,1.17279,1.17371,9073,8,0
2026-01-23 12:00:00,1.17372,1.17609,1.17315,1.17575,8623,8,0
2026-01-23 16:00:00,1.17575,1.18147,1.17461,1.18113,15200,8,0
2026-01-23 20:00:00,1.18113,1.18332,1.18094,1.18275,5072,8,0
2026-01-25 20:00:00,1.18601,1.18973,1.18468,1.18597,5879,8,0
2026-01-26 00:00:00,1.186,1.18761,1.18442,1.18621,15000,8,0
2026-01-26 04:00:00,1.18622,1.18695,1.18364,1.18385,10867,8,0
2026-01-26 08:00:00,1.18387,1.1867,1.1837900000000001,1.18556,13310,8,0
2026-01-26 12:00:00,1.18554,1.18967,1.18346,1.18948,13130,8,0
2026-01-26 16:00:00,1.18949,1.19066,1.18702,1.18787,12379,8,0
2026-01-26 20:00:00,1.18789,1.18859,1.1871,1.18733,4469,8,0
2026-01-27 00:00:00,1.18733,1.1899,1.18722,1.18794,7028,8,0
2026-01-27 04:00:00,1.18795,1.18822,1.18608,1.18636,6987,8,0
2026-01-27 08:00:00,1.18638,1.18967,1.18499,1.18949,12038,8,0
2026-01-27 12:00:00,1.18948,1.19721,1.18937,1.19506,25002,8,0
2026-01-27 16:00:00,1.19504,1.19898,1.19493,1.19767,16144,8,0
2026-01-27 20:00:00,1.19766,1.20829,1.19715,1.20227,27831,8,0
2026-01-28 00:00:00,1.2022599999999999,1.20234,1.19869,1.19964,11357,8,0
2026-01-28 04:00:00,1.19964,1.20254,1.19745,1.19912,13243,8,0
2026-01-28 08:00:00,1.19914,1.20046,1.19615,1.19679,17627,8,0
2026-01-28 12:00:00,1.19678,1.19831,1.19228,1.19432,27943,8,0
2026-01-28 16:00:00,1.1943,1.19522,1.18957,1.19402,23761,8,0
2026-01-28 20:00:00,1.1939899999999999,1.19797,1.1929,1.19793,9031,8,0
2026-01-29 00:00:00,1.19806,1.19866,1.19529,1.1985999999999999,11347,8,0
2026-01-29 04:00:00,1.19861,1.19962,1.1967,1.19737,10434,8,0
2026-01-29 08:00:00,1.1973799999999999,1.19853,1.19376,1.19467,15147,8,0
2026-01-29 12:00:00,1.19467,1.19721,1.19057,1.19291,30991,8,0
2026-01-29 16:00:00,1.19288,1.19646,1.19269,1.1951,20240,8,0
2026-01-29 20:00:00,1.19508,1.19743,1.19454,1.19672,5369,8,0
2026-01-30 00:00:00,1.19671,1.19729,1.18942,1.19196,23139,8,0
2026-01-30 04:00:00,1.19197,1.19424,1.19136,1.19373,13998,8,0
2026-01-30 08:00:00,1.19374,1.19504,1.1898,1.1948699999999999,17764,8,0
2026-01-30 12:00:00,1.19485,1.19544,1.18826,1.18949,26363,8,0
2026-01-30 16:00:00,1.18951,1.18973,1.18543,1.18689,24092,8,0
2026-01-30 20:00:00,1.18691,1.18691,1.18495,1.18495,5259,8,0
2026-02-01 20:00:00,1.18448,1.18561,1.18392,1.18455,4430,8,0
2026-02-02 00:00:00,1.18458,1.1874500000000001,1.18458,1.18639,16892,8,0
2026-02-02 04:00:00,1.1864,1.18722,1.18407,1.18533,14498,8,0
2026-02-02 08:00:00,1.18534,1.18711,1.18432,1.18643,16340,8,0
2026-02-02 12:00:00,1.18641,1.18696,1.17898,1.17919,22175,8,0
2026-02-02 16:00:00,1.1792,1.18122,1.17754,1.17883,14789,8,0
2026-02-02 20:00:00,1.17883,1.17985,1.178,1.17983,4776,8,0
2026-02-03 00:00:00,1.17984,1.18145,1.17977,1.18091,6857,8,0
2026-02-03 04:00:00,1.18091,1.1824,1.18048,1.1815,7355,8,0
2026-02-03 08:00:00,1.18149,1.18191,1.17823,1.1786699999999999,11219,8,0
2026-02-03 12:00:00,1.1787,1.18133,1.17797,1.18126,13972,8,0
2026-02-03 16:00:00,1.18126,1.18286,1.18055,1.1813,12252,8,0
2026-02-03 20:00:00,1.18132,1.18249,1.18091,1.18154,4021,8,0
2026-02-04 00:00:00,1.18152,1.18315,1.18084,1.18266,6680,8,0
2026-02-04 04:00:00,1.18266,1.1836,1.18237,1.18317,6035,8,0
2026-02-04 08:00:00,1.18315,1.18377,1.18044,1.1810100000000001,10108,8,0
2026-02-04 12:00:00,1.18099,1.18266,1.1793,1.1796,15738,8,0
2026-02-04 16:00:00,1.17962,1.18145,1.17901,1.18087,12905,8,0
2026-02-04 20:00:00,1.18084,1.18094,1.18001,1.1801,3348,8,0
2026-02-05 00:00:00,1.18012,1.18078,1.17825,1.1789,7122,8,0
2026-02-05 04:00:00,1.1789100000000001,1.18032,1.1784,1.17983,6189,8,0
2026-02-05 08:00:00,1.17985,1.18086,1.17799,1.17933,9520,8,0
2026-02-05 12:00:00,1.17933,1.18214,1.17816,1.1791,24293,8,0
2026-02-05 16:00:00,1.17908,1.18039,1.17848,1.17939,9764,8,0
2026-02-05 20:00:00,1.17939,1.17944,1.1774499999999999,1.1776200000000001,4797,8,0
2026-02-06 00:00:00,1.1776200000000001,1.17912,1.17655,1.17873,6547,8,0
2026-02-06 04:00:00,1.17875,1.18014,1.17868,1.17912,5461,8,0
2026-02-06 08:00:00,1.17912,1.17994,1.17853,1.17899,8476,8,0
2026-02-06 12:00:00,1.17899,1.18259,1.1788,1.1819,10366,8,0
2026-02-06 16:00:00,1.18191,1.18225,1.18095,1.18188,6895,8,0
2026-02-06 20:00:00,1.18188,1.18235,1.18132,1.1815,1886,8,0
2026-02-08 20:00:00,1.18116,1.18275,1.18092,1.18264,2526,8,0
2026-02-09 00:00:00,1.18264,1.18333,1.18158,1.18185,7283,8,0
2026-02-09 04:00:00,1.18187,1.18595,1.18185,1.18553,8637,8,0
2026-02-09 08:00:00,1.18554,1.18717,1.18512,1.18691,10466,8,0
2026-02-09 12:00:00,1.1869,1.19263,1.1869,1.19118,14926,8,0
2026-02-09 16:00:00,1.19117,1.19218,1.18927,1.19198,8250,8,0
2026-02-09 20:00:00,1.19197,1.19209,1.1901,1.19034,3705,8,0
2026-02-10 00:00:00,1.19034,1.19166,1.18964,1.19112,5556,8,0
2026-02-10 04:00:00,1.19113,1.19129,1.1899,1.19082,5615,8,0
2026-02-10 08:00:00,1.1908,1.19196,1.18993,1.19037,7607,8,0
2026-02-10 12:00:00,1.19039,1.19284,1.18881,1.19135,16013,8,0
2026-02-10 16:00:00,1.19136,1.19146,1.18864,1.19019,8550,8,0
2026-02-10 20:00:00,1.19017,1.1903,1.18863,1.18876,3154,8,0
2026-02-11 00:00:00,1.18876,1.19133,1.18858,1.1911100000000001,5494,8,0
2026-02-11 04:00:00,1.19109,1.19254,1.19065,1.19176,6019,8,0
2026-02-11 08:00:00,1.19175,1.19269,1.19045,1.19079,7418,8,0
2026-02-11 12:00:00,1.1908,1.19088,1.18327,1.18589,28096,8,0
2026-02-11 16:00:00,1.18588,1.18931,1.18529,1.18794,10536,8,0
2026-02-11 20:00:00,1.18794,1.1880600000000001,1.1868400000000001,1.18744,3543,8,0
2026-02-12 00:00:00,1.18744,1.18842,1.18649,1.18691,6404,8,0
2026-02-12 04:00:00,1.1869,1.18748,1.18521,1.18727,7432,8,0
2026-02-12 08:00:00,1.18729,1.18876,1.18708,1.1884000000000001,7518,8,0
2026-02-12 12:00:00,1.18841,1.18882,1.18667,1.18854,11773,8,0
2026-02-12 16:00:00,1.18855,1.18897,1.18558,1.18696,15267,8,0
2026-02-12 20:00:00,1.18693,1.18723,1.18632,1.1869,3289,8,0
2026-02-13 00:00:00,1.18689,1.18731,1.18624,1.18664,4932,8,0
2026-02-13 04:00:00,1.18664,1.18675,1.1846700000000001,1.18583,6163,8,0
2026-02-13 08:00:00,1.18581,1.18661,1.18525,1.18581,6905,8,0
2026-02-13 12:00:00,1.18583,1.18844,1.18473,1.18479,15789,8,0
2026-02-13 16:00:00,1.1848,1.18824,1.1848,1.18661,7842,8,0
2026-02-13 20:00:00,1.18662,1.18762,1.18641,1.1868400000000001,2325,8,0
2026-02-15 20:00:00,1.18696,1.18716,1.18624,1.18664,1393,8,0
2026-02-16 00:00:00,1.18664,1.18687,1.18587,1.18667,4534,8,0
2026-02-16 04:00:00,1.18669,1.18698,1.186,1.18624,3387,8,0
2026-02-16 08:00:00,1.18626,1.18701,1.18564,1.1861,6193,8,0
2026-02-16 12:00:00,1.18611,1.18632,1.18489,1.1853799999999999,5540,8,0
2026-02-16 16:00:00,1.1853799999999999,1.18561,1.18458,1.1853799999999999,2945,8,0
2026-02-16 20:00:00,1.1853799999999999,1.18547,1.18464,1.18499,1552,8,0
2026-02-17 00:00:00,1.185,1.18518,1.18378,1.18415,4763,8,0
2026-02-17 04:00:00,1.18413,1.18454,1.18285,1.18323,5150,8,0
2026-02-17 08:00:00,1.18326,1.18494,1.18237,1.18306,6530,8,0
2026-02-17 12:00:00,1.18306,1.18354,1.18046,1.18104,12200,8,0
2026-02-17 16:00:00,1.18104,1.1853,1.18104,1.18476,8261,8,0
2026-02-17 20:00:00,1.18474,1.18571,1.18465,1.18503,2910,8,0
2026-02-18 00:00:00,1.18503,1.18532,1.18408,1.1841,3955,8,0
2026-02-18 04:00:00,1.1841,1.18462,1.18326,1.18346,3705,8,0
2026-02-18 08:00:00,1.18346,1.18405,1.18279,1.18343,6293,8,0
2026-02-18 12:00:00,1.18343,1.18482,1.18119,1.18222,10331,8,0
2026-02-18 16:00:00,1.18222,1.18258,1.1783299999999999,1.1787,9121,8,0
2026-02-18 20:00:00,1.1787,1.17899,1.17801,1.17883,3269,8,0
2026-02-19 00:00:00,1.17883,1.1795200000000001,1.17848,1.17903,4186,8,0
2026-02-19 04:00:00,1.17905,1.18031,1.17844,1.18002,4498,8,0
2026-02-19 08:00:00,1.18002,1.18072,1.1776200000000001,1.1780599999999999,6994,8,0
2026-02-19 12:00:00,1.17805,1.1780599999999999,1.17417,1.17629,15194,8,0
2026-02-19 16:00:00,1.17628,1.17738,1.17556,1.17634,8438,8,0
2026-02-19 20:00:00,1.17634,1.17778,1.17629,1.1768,3246,8,0
2026-02-20 00:00:00,1.17683,1.1772,1.1753,1.17567,5127,8,0
2026-02-20 04:00:00,1.17566,1.17624,1.17492,1.17511,5078,8,0
2026-02-20 08:00:00,1.1751,1.17687,1.17432,1.17668,7528,8,0
2026-02-20 12:00:00,1.17668,1.1807,1.17551,1.17878,22237,8,0
2026-02-20 16:00:00,1.17879,1.17986,1.17652,1.17803,14856,8,0
2026-02-20 20:00:00,1.17803,1.17911,1.17771,1.17805,2588,8,0
2026-02-22 20:00:00,1.17822,1.18343,1.17811,1.1832799999999999,3222,8,0
2026-02-23 00:00:00,1.18326,1.18342,1.1816200000000001,1.18227,9426,8,0
2026-02-23 04:00:00,1.18228,1.18335,1.18148,1.18229,5440,8,0
2026-02-23 08:00:00,1.18228,1.18247,1.17804,1.1785700000000001,8425,8,0
2026-02-23 12:00:00,1.1785700000000001,1.18096,1.17741,1.17943,11856,8,0
2026-02-23 16:00:00,1.17941,1.18084,1.17877,1.17912,8255,8,0
2026-02-23 20:00:00,1.17913,1.1795,1.17823,1.17925,3439,8,0
2026-02-24 00:00:00,1.17925,1.17959,1.17712,1.17749,6050,8,0
2026-02-24 04:00:00,1.17749,1.17822,1.17676,1.17788,6337,8,0
2026-02-24 08:00:00,1.17788,1.17927,1.17731,1.17802,7618,8,0
2026-02-24 12:00:00,1.17802,1.1783299999999999,1.17655,1.17725,10412,8,0
2026-02-24 16:00:00,1.17726,1.17899,1.17715,1.17786,6180,8,0
2026-02-24 20:00:00,1.17786,1.1783,1.1770100000000001,1.17738,2850,8,0
2026-02-25 00:00:00,1.17739,1.1794,1.17728,1.1789,6432,8,0
2026-02-25 04:00:00,1.1789,1.1807699999999999,1.17873,1.17968,5533,8,0
2026-02-25 08:00:00,1.17968,1.17996,1.17707,1.17748,7101,8,0
2026-02-25 12:00:00,1.17746,1.1802,1.17723,1.18008,9745,8,0
2026-02-25 16:00:00,1.18007,1.1814,1.17982,1.1804999999999999,6353,8,0
2026-02-25 20:00:00,1.18049,1.18161,1.1803,1.18147,3232,8,0
2026-02-26 00:00:00,1.18147,1.18285,1.18113,1.18168,5438,8,0
2026-02-26 04:00:00,1.18168,1.18224,1.18084,1.18152,5925,8,0
2026-02-26 08:00:00,1.18155,1.18157,1.17929,1.18001,6785,8,0
2026-02-26 12:00:00,1.18003,1.18163,1.1780599999999999,1.17985,11172,8,0
2026-02-26 16:00:00,1.17982,1.1799,1.17734,1.17962,8770,8,0
2026-02-26 20:00:00,1.17963,1.18032,1.17945,1.18026,3003,8,0
2026-02-27 00:00:00,1.18026,1.18055,1.17886,1.18033,6236,8,0
2026-02-27 04:00:00,1.18031,1.1819,1.17968,1.18146,5974,8,0
2026-02-27 08:00:00,1.18149,1.18212,1.17926,1.17997,7366,8,0
2026-02-27 12:00:00,1.17997,1.18168,1.17902,1.18067,13427,8,0
2026-02-27 16:00:00,1.18067,1.18266,1.18052,1.18188,8381,8,0
2026-02-27 20:00:00,1.18188,1.18255,1.18109,1.18139,2712,8,0
2026-03-01 20:00:00,1.1763,1.17869,1.1754,1.17591,3879,8,0
2026-03-02 00:00:00,1.17591,1.1795499999999999,1.17554,1.17883,10540,8,0
2026-03-02 04:00:00,1.17883,1.179,1.17028,1.17159,12510,8,0
2026-03-02 08:00:00,1.17156,1.17469,1.16976,1.17329,14668,8,0
2026-03-02 12:00:00,1.17329,1.17337,1.1679599999999999,1.16799,20120,8,0
2026-03-02 16:00:00,1.16797,1.1713,1.16715,1.17107,13026,8,0
2026-03-02 20:00:00,1.17109,1.17127,1.16783,1.1694499999999999,8330,8,0
2026-03-03 00:00:00,1.1694499999999999,1.17064,1.16855,1.16898,8960,8,0
2026-03-03 04:00:00,1.16901,1.16933,1.16424,1.16432,11832,8,0
2026-03-03 08:00:00,1.16434,1.1646,1.15816,1.15971,22541,8,0
2026-03-03 12:00:00,1.1596899999999999,1.16148,1.15297,1.15725,29415,8,0
2026-03-03 16:00:00,1.15728,1.16254,1.15688,1.16123,25933,8,0
2026-03-03 20:00:00,1.1612,1.16241,1.1608,1.16102,7320,8,0
2026-03-04 00:00:00,1.16104,1.16107,1.15744,1.16082,12809,8,0
2026-03-04 04:00:00,1.16082,1.16278,1.15867,1.16154,11239,8,0
2026-03-04 08:00:00,1.16154,1.16544,1.15916,1.16349,21505,8,0
2026-03-04 12:00:00,1.16351,1.16517,1.16165,1.16399,21601,8,0
2026-03-04 16:00:00,1.16399,1.16459,1.16231,1.16392,10150,8,0
2026-03-04 20:00:00,1.16393,1.16434,1.1627399999999999,1.16345,3936,8,0
2026-03-05 00:00:00,1.16345,1.16472,1.16096,1.16128,8885,8,0
2026-03-05 04:00:00,1.16127,1.16157,1.15875,1.16045,11723,8,0
2026-03-05 08:00:00,1.16044,1.16441,1.1581,1.16111,22855,8,0
2026-03-05 12:00:00,1.16112,1.16245,1.15685,1.15828,20073,8,0
2026-03-05 16:00:00,1.15826,1.15916,1.15584,1.15727,20940,8,0
2026-03-05 20:00:00,1.15728,1.161,1.15698,1.1606,9335,8,0
2026-03-06 00:00:00,1.16061,1.16206,1.16049,1.16196,7371,8,0
2026-03-06 04:00:00,1.16196,1.16207,1.16015,1.16141,7183,8,0
2026-03-06 08:00:00,1.16143,1.16143,1.15608,1.15622,14705,8,0
2026-03-06 12:00:00,1.15625,1.1593499999999999,1.15455,1.15791,33019,8,0
2026-03-06 16:00:00,1.15792,1.16211,1.15786,1.16011,21428,8,0
2026-03-06 20:00:00,1.16013,1.1618,1.15952,1.16164,5045,8,0
2026-03-08 20:00:00,1.15536,1.15537,1.15209,1.1524,11011,8,0
2026-03-09 00:00:00,1.15238,1.15309,1.15067,1.15164,15273,8,0
2026-03-09 04:00:00,1.15165,1.15711,1.15155,1.15632,21672,8,0
2026-03-09 08:00:00,1.15633,1.15729,1.15147,1.15608,28366,8,0
2026-03-09 12:00:00,1.15609,1.15934,1.1547,1.15912,28747,8,0
2026-03-09 16:00:00,1.15911,1.16334,1.1575,1.16088,22496,8,0
2026-03-09 20:00:00,1.16085,1.16452,1.16083,1.16161,8266,8,0
2026-03-10 00:00:00,1.16162,1.16351,1.16076,1.16093,12378,8,0
2026-03-10 04:00:00,1.16095,1.1663000000000001,1.16066,1.16601,9829,8,0
2026-03-10 08:00:00,1.16599,1.16617,1.162,1.16381,17700,8,0
2026-03-10 12:00:00,1.16384,1.16548,1.16211,1.16474,19938,8,0
2026-03-10 16:00:00,1.1647,1.16669,1.16059,1.1614,22938,8,0
2026-03-10 20:00:00,1.16141,1.1615,1.16024,1.16112,3958,8,0
2026-03-11 00:00:00,1.16112,1.16313,1.16053,1.163,8513,8,0
2026-03-11 04:00:00,1.163,1.16451,1.1613,1.16166,9696,8,0
2026-03-11 08:00:00,1.1616900000000001,1.1621,1.1589800000000001,1.15942,15929,8,0
2026-03-11 12:00:00,1.1594,1.16124,1.15652,1.15659,24939,8,0
2026-03-11 16:00:00,1.15659,1.15762,1.15604,1.1573,11262,8,0
2026-03-11 20:00:00,1.15729,1.15737,1.15396,1.15426,4508,8,0
2026-03-12 00:00:00,1.15424,1.15551,1.15319,1.15381,7439,8,0
2026-03-12 04:00:00,1.15381,1.15524,1.15314,1.1550799999999999,8011,8,0
2026-03-12 08:00:00,1.1551,1.15658,1.15428,1.1556,9861,8,0
2026-03-12 12:00:00,1.1555900000000001,1.15571,1.15104,1.15217,21289,8,0
2026-03-12 16:00:00,1.15216,1.15322,1.15103,1.15146,12724,8,0
2026-03-12 20:00:00,1.15145,1.15229,1.15078,1.15204,3785,8,0
2026-03-13 00:00:00,1.1520299999999999,1.15292,1.15045,1.15087,6213,8,0
2026-03-13 04:00:00,1.15085,1.15091,1.14537,1.14575,8134,8,0
2026-03-13 08:00:00,1.14573,1.14716,1.14324,1.1468099999999999,15373,8,0
2026-03-13 12:00:00,1.14679,1.14896,1.1434199999999999,1.1442700000000001,20904,8,0
2026-03-13 16:00:00,1.14425,1.14501,1.14196,1.1421999999999999,11909,8,0
2026-03-13 20:00:00,1.14219,1.14224,1.14106,1.1414900000000001,1597,8,0
2026-03-15 20:00:00,1.1417,1.14383,1.14169,1.14349,5787,8,0
2026-03-16 00:00:00,1.14348,1.14561,1.14348,1.14501,7716,8,0
2026-03-16 04:00:00,1.14502,1.14513,1.14139,1.14256,7096,8,0
2026-03-16 08:00:00,1.14258,1.14867,1.14256,1.14789,13107,8,0
2026-03-16 12:00:00,1.14791,1.15018,1.14719,1.1486399999999999,14370,8,0
2026-03-16 16:00:00,1.14866,1.15245,1.14772,1.15078,13287,8,0
2026-03-16 20:00:00,1.15075,1.15103,1.14943,1.14981,3255,8,0
2026-03-17 00:00:00,1.14981,1.15024,1.14863,1.1491500000000001,5989,8,0
2026-03-17 04:00:00,1.1491500000000001,1.14999,1.14656,1.14945,7132,8,0
2026-03-17 08:00:00,1.14947,1.15244,1.14874,1.15073,11834,8,0
2026-03-17 12:00:00,1.15073,1.15434,1.1504,1.15245,15682,8,0
2026-03-17 16:00:00,1.15246,1.1547,1.15177,1.15353,8643,8,0
2026-03-17 20:00:00,1.15355,1.15444,1.15333,1.15384,3825,8,0
2026-03-18 00:00:00,1.15385,1.15434,1.15317,1.1536,4819,8,0
2026-03-18 04:00:00,1.15359,1.15488,1.15232,1.15262,5069,8,0
2026-03-18 08:00:00,1.1526,1.15549,1.15175,1.15461,9896,8,0
2026-03-18 12:00:00,1.15463,1.15478,1.14903,1.15128,22392,8,0
2026-03-18 16:00:00,1.15126,1.15249,1.14682,1.14691,17948,8,0
2026-03-18 20:00:00,1.1469,1.14702,1.14466,1.14632,6499,8,0
2026-03-19 00:00:00,1.14629,1.1491,1.14618,1.14745,8019,8,0
2026-03-19 04:00:00,1.14743,1.14763,1.14505,1.14523,9858,8,0
2026-03-19 08:00:00,1.14521,1.14876,1.14423,1.1479300000000001,20703,8,0
2026-03-19 12:00:00,1.1479300000000001,1.15385,1.14623,1.1514,36957,8,0
2026-03-19 16:00:00,1.15137,1.16163,1.15115,1.15844,28318,8,0
2026-03-19 20:00:00,1.15845,1.15946,1.1574200000000001,1.15762,5251,8,0
2026-03-20 00:00:00,1.15762,1.15798,1.15561,1.15564,6142,8,0
2026-03-20 04:00:00,1.15564,1.1575,1.15522,1.15725,6562,8,0
2026-03-20 08:00:00,1.15727,1.1580300000000001,1.15347,1.15712,14020,8,0
2026-03-20 12:00:00,1.1571500000000001,1.15795,1.15244,1.15417,22909,8,0
2026-03-20 16:00:00,1.15416,1.15716,1.15409,1.15581,18251,8,0
2026-03-20 20:00:00,1.15579,1.15714,1.15571,1.1569099999999999,1602,8,0
2026-03-22 20:00:00,1.1534200000000001,1.15643,1.15341,1.15617,4764,8,0
2026-03-23 00:00:00,1.15619,1.1564,1.15383,1.15468,11086,8,0
2026-03-23 04:00:00,1.1547,1.1552,1.152,1.15271,10480,8,0
2026-03-23 08:00:00,1.15273,1.16198,1.1484,1.15561,57922,8,0
2026-03-23 12:00:00,1.1555900000000001,1.16395,1.1546,1.15858,59288,8,0
2026-03-23 16:00:00,1.15856,1.16371,1.15762,1.1613,24959,8,0
2026-03-23 20:00:00,1.16128,1.16174,1.16056,1.16078,4877,8,0
2026-03-24 00:00:00,1.16079,1.16085,1.1578,1.15827,12901,8,0
2026-03-24 04:00:00,1.15827,1.16173,1.15753,1.16083,12476,8,0
2026-03-24 08:00:00,1.1608100000000001,1.1609099999999999,1.15783,1.15887,17527,8,0
2026-03-24 12:00:00,1.15889,1.16066,1.1567,1.15774,27633,8,0
2026-03-24 16:00:00,1.15772,1.15923,1.15568,1.15851,20094,8,0
2026-03-24 20:00:00,1.15849,1.16279,1.15826,1.16132,12078,8,0
2026-03-25 00:00:00,1.16134,1.16303,1.16005,1.16036,10270,8,0
2026-03-25 04:00:00,1.16033,1.1605,1.15867,1.15974,8053,8,0
2026-03-25 08:00:00,1.15973,1.16162,1.15902,1.16051,15208,8,0
2026-03-25 12:00:00,1.16053,1.16131,1.15625,1.15695,21739,8,0
2026-03-25 16:00:00,1.15695,1.15834,1.15549,1.15629,13234,8,0
2026-03-25 20:00:00,1.1562999999999999,1.15632,1.15552,1.15612,2852,8,0
2026-03-26 00:00:00,1.15612,1.1569099999999999,1.15536,1.15684,5828,8,0
2026-03-26 04:00:00,1.15682,1.15719,1.15502,1.15531,7130,8,0
2026-03-26 08:00:00,1.1553200000000001,1.15647,1.1522999999999999,1.15239,10823,8,0
2026-03-26 12:00:00,1.15242,1.15546,1.15221,1.15409,18911,8,0
2026-03-26 16:00:00,1.15409,1.1543,1.15212,1.15215,9458,8,0
2026-03-26 20:00:00,1.15214,1.15586,1.15192,1.1534200000000001,9841,8,0
2026-03-27 00:00:00,1.1534200000000001,1.15423,1.1524,1.15389,6452,8,0
2026-03-27 04:00:00,1.15388,1.15459,1.15164,1.15186,6123,8,0
2026-03-27 08:00:00,1.15183,1.15258,1.15042,1.15074,9943,8,0
2026-03-27 12:00:00,1.15072,1.15473,1.15016,1.15191,16407,8,0
2026-03-27 16:00:00,1.15191,1.15288,1.15058,1.15167,11184,8,0
2026-03-27 20:00:00,1.15167,1.15206,1.15077,1.1508099999999999,2065,8,0
2026-03-29 20:00:00,1.15013,1.15022,1.14869,1.14913,4303,8,0
2026-03-30 00:00:00,1.1491500000000001,1.15182,1.14892,1.15152,8190,8,0
2026-03-30 04:00:00,1.15154,1.15207,1.14935,1.14977,6926,8,0
2026-03-30 08:00:00,1.14975,1.14999,1.14834,1.14844,10538,8,0
2026-03-30 12:00:00,1.14846,1.14885,1.14429,1.14535,15161,8,0
2026-03-30 16:00:00,1.14533,1.1466,1.14468,1.14594,8277,8,0
2026-03-30 20:00:00,1.14592,1.14654,1.1452,1.14563,3401,8,0
2026-03-31 00:00:00,1.14566,1.14904,1.14468,1.14692,9330,8,0
2026-03-31 04:00:00,1.14693,1.14739,1.14602,1.14719,7443,8,0
2026-03-31 08:00:00,1.1472,1.14907,1.1457,1.14907,11127,8,0
2026-03-31 12:00:00,1.14909,1.15402,1.14868,1.1516899999999999,22051,8,0
2026-03-31 16:00:00,1.1517,1.15597,1.15137,1.15584,22711,8,0
2026-03-31 20:00:00,1.15587,1.15743,1.15501,1.15736,4089,8,0
2026-04-01 00:00:00,1.15735,1.15784,1.15546,1.15605,7570,8,0
2026-04-01 04:00:00,1.15604,1.15984,1.15591,1.15816,13196,8,0
2026-04-01 08:00:00,1.15815,1.16103,1.15771,1.1607,14558,8,0
2026-04-01 12:00:00,1.16072,1.16269,1.15936,1.16133,23471,8,0
2026-04-01 16:00:00,1.16131,1.16233,1.15758,1.15836,11198,8,0
2026-04-01 20:00:00,1.15834,1.15942,1.15825,1.15894,3104,8,0
2026-04-02 00:00:00,1.15892,1.16052,1.15374,1.15395,18573,8,0
2026-04-02 04:00:00,1.15396,1.15416,1.15149,1.15321,10964,8,0
2026-04-02 08:00:00,1.15324,1.15354,1.15086,1.1516899999999999,9319,8,0
2026-04-02 12:00:00,1.1517,1.15634,1.15164,1.15448,23269,8,0
2026-04-02 16:00:00,1.1544699999999999,1.1549,1.15327,1.1534200000000001,9937,8,0
2026-04-02 20:00:00,1.15344,1.15404,1.15319,1.15351,1922,8,0
2026-04-03 00:00:00,1.15351,1.15398,1.15257,1.15308,2252,120,0
2026-04-03 04:00:00,1.15308,1.15388,1.15212,1.15344,2091,120,0
2026-04-03 08:00:00,1.1534200000000001,1.15419,1.15322,1.15418,1991,60,0
2026-04-03 12:00:00,1.1542,1.15458,1.15178,1.15219,6884,8,0
2026-04-03 16:00:00,1.15217,1.15222,1.15131,1.15139,3477,8,0
2026-04-03 20:00:00,1.15138,1.15303,1.15107,1.1514,1333,16,0
2026-04-05 20:00:00,1.15196,1.15212,1.15048,1.15095,4278,8,0
2026-04-06 00:00:00,1.15095,1.15283,1.1506,1.15185,6697,8,0
2026-04-06 04:00:00,1.15185,1.15685,1.15182,1.15642,7394,8,0
2026-04-06 08:00:00,1.15644,1.15685,1.15372,1.15453,9008,8,0
2026-04-06 12:00:00,1.15455,1.15714,1.1535199999999999,1.1544,12905,8,0
2026-04-06 16:00:00,1.15439,1.15521,1.15336,1.15425,8237,8,0
2026-04-06 20:00:00,1.15426,1.15475,1.15384,1.15405,2526,8,0
2026-04-07 00:00:00,1.15405,1.15435,1.15238,1.1534,5436,8,0
2026-04-07 04:00:00,1.15341,1.15457,1.15298,1.15422,6673,8,0
2026-04-07 08:00:00,1.15422,1.1575199999999999,1.15416,1.15597,16126,8,0
2026-04-07 12:00:00,1.15599,1.15833,1.15533,1.15709,16635,8,0
2026-04-07 16:00:00,1.15708,1.16014,1.15661,1.1595,13989,8,0
2026-04-07 20:00:00,1.15948,1.16904,1.15875,1.16858,20066,8,0
2026-04-08 00:00:00,1.1686,1.16967,1.16655,1.1670099999999999,17241,8,0
2026-04-08 04:00:00,1.16703,1.17084,1.16703,1.16952,14794,8,0
2026-04-08 08:00:00,1.16953,1.17099,1.16686,1.16996,13698,8,0
2026-04-08 12:00:00,1.16999,1.17214,1.1684,1.16861,21928,8,0
2026-04-08 16:00:00,1.16858,1.16883,1.16432,1.16673,13528,8,0
2026-04-08 20:00:00,1.16676,1.1669100000000001,1.16572,1.16587,3486,8,0
2026-04-09 00:00:00,1.16587,1.1667,1.165,1.16619,6302,8,0
2026-04-09 04:00:00,1.16619,1.16706,1.1654,1.16626,6793,8,0
2026-04-09 08:00:00,1.16626,1.16891,1.16593,1.16879,7604,8,0
2026-04-09 12:00:00,1.16879,1.1706699999999999,1.16736,1.17049,14415,8,0
2026-04-09 16:00:00,1.17049,1.17232,1.1697,1.17004,9730,8,0
2026-04-09 20:00:00,1.17003,1.17023,1.16899,1.16913,3168,8,0
2026-04-10 00:00:00,1.16913,1.16964,1.16853,1.16953,4408,8,0
2026-04-10 04:00:00,1.16953,1.16963,1.1678600000000001,1.1679599999999999,5408,8,0
2026-04-10 08:00:00,1.16795,1.17184,1.16771,1.17137,9100,8,0
2026-04-10 12:00:00,1.17136,1.17394,1.1709100000000001,1.1722299999999999,14058,8,0
2026-04-10 16:00:00,1.17222,1.1735,1.17134,1.17271,6897,8,0
2026-04-10 20:00:00,1.1727,1.17305,1.17215,1.1724999999999999,1101,8,0
2026-04-12 20:00:00,1.16637,1.1679,1.16632,1.16747,4939,8,0
2026-04-13 00:00:00,1.16749,1.16899,1.16706,1.16875,5544,8,0
2026-04-13 04:00:00,1.16876,1.16997,1.16775,1.1696900000000001,6664,8,0
2026-04-13 08:00:00,1.1696900000000001,1.16995,1.16806,1.16815,7130,8,0
2026-04-13 12:00:00,1.16817,1.17203,1.16802,1.17092,12802,8,0
2026-04-13 16:00:00,1.1709100000000001,1.17652,1.17066,1.176,10765,8,0
2026-04-13 20:00:00,1.176,1.17664,1.17525,1.17662,3047,8,0
2026-04-14 00:00:00,1.17663,1.17679,1.1756,1.17664,3904,8,0
2026-04-14 04:00:00,1.17663,1.17964,1.17578,1.17798,7590,8,0
2026-04-14 08:00:00,1.17797,1.1806,1.17747,1.17992,8254,8,0
2026-04-14 12:00:00,1.17993,1.18109,1.17872,1.17898,13377,8,0
2026-04-14 16:00:00,1.17898,1.1799,1.17877,1.17915,5771,8,0
2026-04-14 20:00:00,1.17917,1.1801599999999999,1.1787,1.1797900000000001,3135,8,0
2026-04-15 00:00:00,1.17977,1.17982,1.17786,1.17866,5018,8,0
2026-04-15 04:00:00,1.17866,1.1798899999999999,1.17824,1.17854,6162,8,0
2026-04-15 08:00:00,1.17852,1.17949,1.17718,1.17825,10069,8,0
2026-04-15 12:00:00,1.17825,1.1807699999999999,1.17769,1.17976,11252,8,0
2026-04-15 16:00:00,1.17974,1.18044,1.17922,1.17997,6552,8,0
2026-04-15 20:00:00,1.17997,1.18076,1.1795,1.18062,2495,8,0
2026-04-16 00:00:00,1.18064,1.18236,1.17964,1.18126,5262,8,0
2026-04-16 04:00:00,1.18125,1.18128,1.17905,1.17914,6607,8,0
2026-04-16 08:00:00,1.17912,1.17936,1.17723,1.17837,7783,8,0
2026-04-16 12:00:00,1.17838,1.17845,1.17665,1.17816,11721,8,0
2026-04-16 16:00:00,1.17818,1.17868,1.17678,1.17807,7487,8,0
2026-04-16 20:00:00,1.17808,1.17869,1.17768,1.1780599999999999,2271,8,0
2026-04-17 00:00:00,1.17805,1.17848,1.17729,1.17828,4023,8,0
2026-04-17 04:00:00,1.17828,1.17842,1.17716,1.17819,5583,8,0
2026-04-17 08:00:00,1.17821,1.17992,1.17803,1.17931,5993,8,0
2026-04-17 12:00:00,1.17932,1.18487,1.1793,1.18005,24415,8,0
2026-04-17 16:00:00,1.18003,1.18044,1.17665,1.17689,10499,8,0
2026-04-17 20:00:00,1.17688,1.17715,1.17601,1.17637,1573,8,0
2026-04-19 20:00:00,1.17391,1.17452,1.17282,1.17386,4173,8,0
2026-04-20 00:00:00,1.17388,1.17621,1.17366,1.17598,5847,8,0
2026-04-20 04:00:00,1.17597,1.17716,1.17469,1.17588,8326,8,0
2026-04-20 08:00:00,1.17586,1.1775,1.1755,1.17666,8110,8,0
2026-04-20 12:00:00,1.17666,1.17892,1.17555,1.1783299999999999,14456,8,0
2026-04-20 16:00:00,1.17837,1.179,1.17783,1.1785700000000001,6543,8,0
2026-04-20 20:00:00,1.17855,1.17907,1.17828,1.17836,2540,8,0
2026-04-21 00:00:00,1.17837,1.1786,1.1773,1.17751,4389,8,0
2026-04-21 04:00:00,1.17751,1.17818,1.17632,1.1764000000000001,5776,8,0
2026-04-21 08:00:00,1.17639,1.17682,1.17557,1.17668,7277,8,0
2026-04-21 12:00:00,1.1767,1.17756,1.17409,1.17509,12252,8,0
2026-04-21 16:00:00,1.17511,1.17633,1.17187,1.17254,16400,8,0
2026-04-21 20:00:00,1.17254,1.17531,1.1723,1.17438,7050,8,0
2026-04-22 00:00:00,1.17436,1.1751,1.17372,1.17381,4902,8,0
2026-04-22 04:00:00,1.17381,1.17621,1.17379,1.1755,7000,8,0
2026-04-22 08:00:00,1.1755,1.17587,1.17318,1.17343,7526,8,0
2026-04-22 12:00:00,1.17342,1.17429,1.17122,1.17131,12328,8,0
2026-04-22 16:00:00,1.17133,1.17167,1.17046,1.17055,6039,8,0
2026-04-22 20:00:00,1.17054,1.17088,1.17021,1.17053,2295,8,0
2026-04-23 00:00:00,1.17055,1.17132,1.1692,1.16953,8902,8,0
2026-04-23 04:00:00,1.16954,1.17115,1.1694499999999999,1.17018,6226,8,0
2026-04-23 08:00:00,1.17019,1.17049,1.16788,1.16905,8362,8,0
2026-04-23 12:00:00,1.16903,1.17161,1.1683,1.17033,13675,8,0
2026-04-23 16:00:00,1.17031,1.17053,1.16687,1.16862,15538,8,0
2026-04-23 20:00:00,1.16862,1.16865,1.1674,1.16833,2863,8,0
2026-04-24 00:00:00,1.16835,1.16891,1.1672500000000001,1.16776,5017,8,0
2026-04-24 04:00:00,1.16776,1.1693500000000001,1.16757,1.16906,5377,8,0
2026-04-24 08:00:00,1.16903,1.17182,1.16837,1.17139,9834,8,0
2026-04-24 12:00:00,1.17141,1.17199,1.16982,1.17171,14092,8,0
2026-04-24 16:00:00,1.17173,1.1721,1.17108,1.17181,7082,8,0
2026-04-24 20:00:00,1.17179,1.17225,1.17153,1.17178,1113,8,0
2026-04-26 20:00:00,1.16965,1.17095,1.16958,1.17052,1695,8,0
2026-04-27 00:00:00,1.17054,1.17322,1.17054,1.17292,5308,8,0
2026-04-27 04:00:00,1.17289,1.17449,1.17164,1.17435,5465,8,0
2026-04-27 08:00:00,1.17433,1.17507,1.17375,1.17411,6094,8,0
2026-04-27 12:00:00,1.17412,1.17545,1.1729,1.17305,9679,8,0
2026-04-27 16:00:00,1.17303,1.17336,1.17185,1.17202,5089,8,0
2026-04-27 20:00:00,1.17204,1.17231,1.17175,1.17228,1782,8,0
2026-04-28 00:00:00,1.17228,1.17266,1.17076,1.1713,4741,8,0
2026-04-28 04:00:00,1.1713,1.17161,1.16856,1.16962,6616,8,0
2026-04-28 08:00:00,1.16964,1.17073,1.16818,1.16827,8684,8,0
2026-04-28 12:00:00,1.1683,1.17154,1.1677,1.17131,13594,8,0
2026-04-28 16:00:00,1.17131,1.17175,1.17052,1.17095,5834,8,0
2026-04-28 20:00:00,1.17095,1.17179,1.17089,1.17174,1866,8,0
2026-04-29 00:00:00,1.17175,1.17202,1.17046,1.17055,4666,8,0
2026-04-29 04:00:00,1.17057,1.17078,1.16962,1.17053,5074,8,0
2026-04-29 08:00:00,1.1705,1.17095,1.16933,1.17009,6704,8,0
2026-04-29 12:00:00,1.17007,1.17077,1.1682,1.16941,13079,8,0
2026-04-29 16:00:00,1.16942,1.16983,1.16609,1.16759,13672,8,0
2026-04-29 20:00:00,1.16757,1.16861,1.16705,1.1684,3715,8,0
2026-04-30 00:00:00,1.16843,1.16891,1.16622,1.16656,6836,8,0
2026-04-30 04:00:00,1.16656,1.16835,1.16547,1.16793,7579,8,0
2026-04-30 08:00:00,1.16794,1.17192,1.16729,1.17046,18275,8,0
2026-04-30 12:00:00,1.17044,1.17355,1.16814,1.17279,20645,8,0
2026-04-30 16:00:00,1.17283,1.17415,1.17217,1.17332,8466,8,0
2026-04-30 20:00:00,1.1733,1.17361,1.17277,1.1728399999999999,3411,8,0
2026-05-01 00:00:00,1.17286,1.17361,1.1724,1.1730800000000001,4482,8,0
2026-05-01 04:00:00,1.1730800000000001,1.17446,1.1718600000000001,1.17342,8112,8,0
2026-05-01 08:00:00,1.1734499999999999,1.17582,1.17303,1.17509,7666,8,0
2026-05-01 12:00:00,1.17511,1.17851,1.17437,1.17548,15435,8,0
2026-05-01 16:00:00,1.17546,1.17569,1.17173,1.17193,8970,8,0
2026-05-01 20:00:00,1.17193,1.17221,1.17144,1.172,1075,8,0
2026-05-03 20:00:00,1.17428,1.17462,1.1724700000000001,1.17256,3056,8,0
2026-05-04 00:00:00,1.17254,1.17385,1.17197,1.1737,6843,8,0
2026-05-04 04:00:00,1.17372,1.17379,1.17148,1.17174,7089,8,0
2026-05-04 08:00:00,1.17172,1.17233,1.16885,1.1693,12060,8,0
2026-05-04 12:00:00,1.16932,1.17175,1.16916,1.16973,14508,8,0
2026-05-04 16:00:00,1.16971,1.17018,1.16807,1.1695,10533,8,0
2026-05-04 20:00:00,1.16948,1.16948,1.16866,1.16912,1994,8,0
2026-05-05 00:00:00,1.16912,1.16936,1.16794,1.16837,3928,8,0
2026-05-05 04:00:00,1.16835,1.16962,1.1676199999999999,1.16888,6538,8,0
2026-05-05 08:00:00,1.16886,1.16975,1.16807,1.16888,7819,8,0
2026-05-05 12:00:00,1.16887,1.17133,1.16848,1.17064,11668,8,0
2026-05-05 16:00:00,1.17062,1.17086,1.16937,1.16951,5255,8,0
2026-05-05 20:00:00,1.16949,1.17251,1.16901,1.17146,3775,8,0
2026-05-06 00:00:00,1.17148,1.17256,1.1711,1.17174,6329,8,0
2026-05-06 04:00:00,1.17174,1.17426,1.17159,1.17372,10082,8,0
2026-05-06 08:00:00,1.17371,1.17964,1.17326,1.17698,15686,8,0
2026-05-06 12:00:00,1.177,1.177,1.17445,1.17525,14436,8,0
2026-05-06 16:00:00,1.17524,1.17551,1.17417,1.17474,6750,8,0
2026-05-06 20:00:00,1.17474,1.1751800000000001,1.17444,1.17477,2255,8,0
2026-05-07 00:00:00,1.17477,1.1763,1.17461,1.17485,6077,8,0
2026-05-07 04:00:00,1.17485,1.17682,1.17444,1.17665,7936,8,0
2026-05-07 08:00:00,1.17667,1.17779,1.1762,1.17694,8464,8,0
2026-05-07 12:00:00,1.17696,1.17776,1.17627,1.17635,10965,8,0
2026-05-07 16:00:00,1.17632,1.17656,1.17332,1.17334,12662,8,0
2026-05-07 20:00:00,1.17336,1.17444,1.17198,1.17302,4657,8,0
2026-05-08 00:00:00,1.17304,1.17343,1.17242,1.1728,5505,8,0
2026-05-08 04:00:00,1.1728,1.17477,1.17265,1.17428,6185,8,0
2026-05-08 08:00:00,1.17426,1.17731,1.17418,1.17649,7163,8,0
2026-05-08 12:00:00,1.17651,1.1786699999999999,1.17556,1.17725,12607,8,0
2026-05-08 16:00:00,1.17723,1.17829,1.17702,1.17798,5856,8,0
2026-05-08 20:00:00,1.17799,1.17876,1.17784,1.17848,870,8,0
2026-05-10 20:00:00,1.17485,1.17696,1.17468,1.17668,2563,8,0
2026-05-11 00:00:00,1.17668,1.17715,1.17557,1.17564,4732,8,0
2026-05-11 04:00:00,1.17565,1.17743,1.17484,1.17714,4993,8,0
2026-05-11 08:00:00,1.17716,1.17817,1.17631,1.17679,6121,8,0
2026-05-11 12:00:00,1.17681,1.17875,1.1764000000000001,1.1779600000000001,9274,8,0
2026-05-11 16:00:00,1.17798,1.178,1.17706,1.17769,4977,8,0
2026-05-11 20:00:00,1.1777,1.17874,1.17734,1.1778,2287,8,0
2026-05-12 00:00:00,1.17778,1.17778,1.17544,1.17561,4708,8,0
2026-05-12 04:00:00,1.17561,1.17676,1.17432,1.17476,7078,8,0
2026-05-12 08:00:00,1.17477,1.17512,1.17346,1.17434,7843,8,0
2026-05-12 12:00:00,1.17435,1.17497,1.1721300000000001,1.17321,12275,8,0
2026-05-12 16:00:00,1.17323,1.17464,1.1727,1.17401,6195,8,0
2026-05-12 20:00:00,1.17402,1.1741,1.17318,1.17349,2031,8,0
2026-05-13 00:00:00,1.17349,1.17413,1.17316,1.17342,4258,8,0
2026-05-13 04:00:00,1.17342,1.17367,1.17068,1.1707,4852,8,0
2026-05-13 08:00:00,1.17068,1.17168,1.16951,1.17116,6988,8,0
2026-05-13 12:00:00,1.17116,1.17158,1.1696900000000001,1.17108,10114,8,0
2026-05-13 16:00:00,1.17106,1.17175,1.17036,1.1709100000000001,5475,8,0
2026-05-13 20:00:00,1.1709,1.17184,1.17084,1.17153,1967,8,0
2026-05-14 00:00:00,1.17153,1.17183,1.17092,1.17118,3970,8,0
2026-05-14 04:00:00,1.17118,1.1721,1.17055,1.17073,5709,8,0
2026-05-14 08:00:00,1.17073,1.17135,1.16991,1.16994,6448,8,0
2026-05-14 12:00:00,1.16992,1.17053,1.16713,1.16773,10682,8,0
2026-05-14 16:00:00,1.16771,1.16812,1.16681,1.16706,6323,8,0
2026-05-14 20:00:00,1.16706,1.16718,1.16611,1.16616,2598,8,0
2026-05-15 00:00:00,1.16618,1.1663000000000001,1.16453,1.1651799999999999,5598,8,0
2026-05-15 04:00:00,1.16517,1.16524,1.16315,1.16361,8210,8,0
2026-05-15 08:00:00,1.16364,1.1655,1.1617,1.16314,10384,8,0
2026-05-15 12:00:00,1.16312,1.16375,1.16184,1.1626,12278,8,0
2026-05-15 16:00:00,1.16261,1.16352,1.16164,1.16211,6465,8,0
2026-05-15 20:00:00,1.16208,1.16254,1.16189,1.16246,863,8,0
2026-05-17 20:00:00,1.16167,1.16241,1.16115,1.16134,2187,8,0
2026-05-18 00:00:00,1.16136,1.16221,1.16078,1.16214,6742,8,0
2026-05-18 04:00:00,1.16214,1.16401,1.16165,1.16317,6934,8,0
2026-05-18 08:00:00,1.16315,1.16492,1.16261,1.16414,8283,8,0
2026-05-18 12:00:00,1.16415,1.16568,1.16329,1.1648,13403,8,0
2026-05-18 16:00:00,1.16482,1.16562,1.16284,1.16507,10060,8,0
2026-05-18 20:00:00,1.16506,1.16612,1.1648,1.16545,2770,8,0
2026-05-19 00:00:00,1.16545,1.16557,1.16402,1.16409,5840,8,0
2026-05-19 04:00:00,1.16411,1.16452,1.16296,1.16344,6602,8,0
2026-05-19 08:00:00,1.16346,1.16358,1.1610800000000001,1.16163,8352,8,0
2026-05-19 12:00:00,1.16163,1.16236,1.15917,1.16016,13878,8,0
2026-05-19 16:00:00,1.16016,1.16144,1.15955,1.1606,6850,8,0
2026-05-19 20:00:00,1.16061,1.16125,1.16017,1.16064,2064,8,0
2026-05-20 00:00:00,1.16062,1.16101,1.15933,1.16019,6657,8,0
2026-05-20 04:00:00,1.16019,1.16065,1.15912,1.15929,6818,8,0
2026-05-20 08:00:00,1.15928,1.1605,1.15828,1.16006,7075,8,0
2026-05-20 12:00:00,1.16005,1.16449,1.15822,1.1619,18026,8,0
2026-05-20 16:00:00,1.1619,1.16354,1.16158,1.16276,9477,8,0
2026-05-20 20:00:00,1.1627399999999999,1.16282,1.16216,1.16245,2878,8,0
2026-05-21 00:00:00,1.16245,1.16348,1.16153,1.16186,5518,8,0
2026-05-21 04:00:00,1.16186,1.16266,1.15937,1.1607,6990,8,0
2026-05-21 08:00:00,1.16068,1.16353,1.15956,1.15987,12049,8,0
2026-05-21 12:00:00,1.15987,1.16086,1.15758,1.15881,15110,8,0
2026-05-21 16:00:00,1.15883,1.16297,1.15842,1.16208,13429,8,0
2026-05-21 20:00:00,1.1621,1.16224,1.16133,1.16173,2405,8,0
2026-05-22 00:00:00,1.16173,1.16174,1.16083,1.16116,3842,8,0
2026-05-22 04:00:00,1.16116,1.16167,1.1601,1.1608100000000001,5083,8,0
2026-05-22 08:00:00,1.1608,1.16154,1.15929,1.1596,6755,8,0
2026-05-22 12:00:00,1.1596,1.1617899999999999,1.15879,1.16024,12127,8,0
2026-05-22 16:00:00,1.16025,1.16188,1.15991,1.16055,7395,8,0
2026-05-22 20:00:00,1.1605699999999999,1.16064,1.15978,1.1602000000000001,918,8,0
2026-05-24 20:00:00,1.1622,1.1645699999999999,1.1622,1.16414,2525,8,0
2026-05-25 00:00:00,1.16412,1.16486,1.16351,1.1637,5204,8,0
2026-05-25 04:00:00,1.1637,1.16449,1.16291,1.1637,5226,8,0
2026-05-25 08:00:00,1.16372,1.16505,1.16326,1.16437,4237,8,0
2026-05-25 12:00:00,1.16439,1.16524,1.1638,1.1642000000000001,5754,8,0
2026-05-25 16:00:00,1.16418,1.16437,1.16363,1.16419,2321,8,0
2026-05-25 20:00:00,1.16421,1.16433,1.16339,1.16356,2341,8,0
2026-05-26 00:00:00,1.16358,1.16395,1.1630099999999999,1.16355,3974,8,0
2026-05-26 04:00:00,1.16354,1.16399,1.16237,1.16368,4885,8,0
2026-05-26 08:00:00,1.1637,1.16451,1.16322,1.16345,6724,8,0
2026-05-26 12:00:00,1.16343,1.16363,1.1616,1.16187,9194,8,0
2026-05-26 16:00:00,1.1619,1.16323,1.1619,1.16316,4600,8,0
2026-05-26 20:00:00,1.16313,1.16395,1.16253,1.16361,2374,8,0
2026-05-27 00:00:00,1.16361,1.16421,1.16323,1.16383,4259,8,0
2026-05-27 04:00:00,1.16381,1.1649,1.16369,1.16404,5080,8,0
2026-05-27 08:00:00,1.16406,1.16483,1.16326,1.16374,6230,8,0
2026-05-27 12:00:00,1.16375,1.16612,1.16222,1.1629800000000001,16735,8,0
2026-05-27 16:00:00,1.163,1.16327,1.16219,1.16287,5525,8,0
2026-05-27 20:00:00,1.16284,1.16303,1.16157,1.16171,2621,8,0
2026-05-28 00:00:00,1.16171,1.16232,1.15866,1.15866,5582,8,0
2026-05-28 04:00:00,1.15866,1.16173,1.15858,1.16112,6253,8,0
2026-05-28 08:00:00,1.16115,1.16225,1.16031,1.16168,6567,8,0
2026-05-28 12:00:00,1.16168,1.16575,1.1615199999999999,1.16477,15521,8,0
2026-05-28 16:00:00,1.16477,1.1661,1.16453,1.16476,6543,8,0
2026-05-28 20:00:00,1.16473,1.16528,1.16446,1.16521,2355,8,0
2026-05-29 00:00:00,1.16521,1.16562,1.16355,1.16369,4447,8,0
2026-05-29 04:00:00,1.16367,1.1654,1.1634,1.16418,5148,8,0
2026-05-29 08:00:00,1.16416,1.16479,1.16247,1.16472,6963,8,0
2026-05-29 12:00:00,1.16473,1.16854,1.16402,1.16776,12219,8,0
2026-05-29 16:00:00,1.16776,1.16788,1.1660300000000001,1.16645,6509,8,0
2026-05-29 20:00:00,1.16647,1.16647,1.16584,1.166,827,8,0
2026-05-31 20:00:00,1.16535,1.16602,1.16482,1.16483,1967,8,0
2026-06-01 00:00:00,1.16483,1.16533,1.16413,1.16434,4208,8,0
2026-06-01 04:00:00,1.16434,1.16644,1.16431,1.16563,5278,8,0
2026-06-01 08:00:00,1.16565,1.1660300000000001,1.16412,1.16459,5621,8,0
2026-06-01 12:00:00,1.16459,1.16502,1.16063,1.16226,13840,8,0
2026-06-01 16:00:00,1.16228,1.16375,1.16161,1.16314,6468,8,0
2026-06-01 20:00:00,1.16312,1.1635900000000001,1.16287,1.16349,1834,8,0
2026-06-02 00:00:00,1.16349,1.16366,1.16282,1.16337,3711,8,0
2026-06-02 04:00:00,1.16337,1.1651799999999999,1.16336,1.16483,4711,8,0
2026-06-02 08:00:00,1.16485,1.16525,1.1638,1.16489,5085,8,0
2026-06-02 12:00:00,1.16492,1.16553,1.16351,1.16401,8333,8,0
2026-06-02 16:00:00,1.16401,1.16409,1.16131,1.1632,4830,8,0
2026-06-02 20:00:00,1.16319,1.16345,1.16193,1.1621,2511,8,0
2026-06-03 00:00:00,1.16209,1.16331,1.162,1.16272,3644,8,0
2026-06-03 04:00:00,1.16272,1.16278,1.1612,1.16159,5489,8,0
2026-06-03 08:00:00,1.16156,1.16224,1.1604700000000001,1.16174,6745,8,0
2026-06-03 12:00:00,1.16177,1.16182,1.15944,1.16043,10997,8,0
2026-06-03 16:00:00,1.16045,1.1604700000000001,1.15948,1.15977,4966,8,0
2026-06-03 20:00:00,1.15979,1.16117,1.15943,1.16086,2871,8,0
2026-06-04 00:00:00,1.16088,1.16123,1.16022,1.16056,4439,8,0
2026-06-04 04:00:00,1.16055,1.16145,1.15983,1.16037,5347,8,0
2026-06-04 08:00:00,1.16036,1.16449,1.16031,1.16414,7854,8,0
2026-06-04 12:00:00,1.16412,1.16448,1.1622,1.16278,8113,8,0
2026-06-04 16:00:00,1.16278,1.16295,1.16102,1.16123,3529,8,0
2026-06-04 20:00:00,1.16124,1.16138,1.16074,1.1612,1931,8,0
2026-06-05 00:00:00,1.1611799999999999,1.16163,1.16095,1.16145,3913,8,0
2026-06-05 04:00:00,1.16145,1.16367,1.16125,1.16317,4500,8,0
2026-06-05 08:00:00,1.16316,1.16439,1.16316,1.1641,5731,8,0
2026-06-05 12:00:00,1.16412,1.16427,1.15313,1.15323,19248,8,0
2026-06-05 16:00:00,1.15324,1.15327,1.15181,1.1525,8755,8,0
2026-06-05 20:00:00,1.1525,1.15256,1.15166,1.15221,1188,8,0
2026-06-07 20:00:00,1.15119,1.15226,1.15068,1.15215,2868,8,0
2026-06-08 00:00:00,1.15215,1.15343,1.15115,1.15318,7282,8,0
2026-06-08 04:00:00,1.15318,1.15394,1.15133,1.15162,8623,8,0
2026-06-08 08:00:00,1.15163,1.15434,1.14993,1.1536,11881,8,0
2026-06-08 12:00:00,1.1536,1.15543,1.1531500000000001,1.1543700000000001,12068,8,0
2026-06-08 16:00:00,1.15436,1.15458,1.15273,1.15305,6365,8,0
2026-06-08 20:00:00,1.15305,1.15364,1.15276,1.15279,2309,8,0
2026-06-09 00:00:00,1.15276,1.154,1.15267,1.15377,4785,8,0
2026-06-09 04:00:00,1.15377,1.15531,1.15367,1.15388,6344,8,0
2026-06-09 08:00:00,1.15387,1.15739,1.15361,1.15721,6130,8,0
2026-06-09 12:00:00,1.15723,1.15775,1.15454,1.15549,11396,8,0
2026-06-09 16:00:00,1.15545,1.1557,1.15282,1.15411,11540,8,0
2026-06-09 20:00:00,1.15411,1.15452,1.15322,1.15344,2710,8,0
2026-06-10 00:00:00,1.1534200000000001,1.15518,1.1533,1.1549800000000001,6489,8,0
2026-06-10 04:00:00,1.1549800000000001,1.15583,1.1544,1.15534,6322,8,0
2026-06-10 08:00:00,1.15533,1.15594,1.1535199999999999,1.15362,9623,8,0
2026-06-10 12:00:00,1.15364,1.15728,1.1534200000000001,1.1549,15588,8,0
2026-06-10 16:00:00,1.1549,1.15591,1.15407,1.15411,8555,8,0
2026-06-10 20:00:00,1.15409,1.15412,1.15253,1.15348,4475,8,0
2026-06-11 00:00:00,1.1535,1.15556,1.1535,1.15449,6636,8,0
2026-06-11 04:00:00,1.15449,1.15552,1.15399,1.15446,6210,8,0
2026-06-11 08:00:00,1.15445,1.1545,1.15227,1.1538,7389,8,0
2026-06-11 12:00:00,1.15379,1.1543,1.15136,1.1514199999999999,15562,8,0
2026-06-11 16:00:00,1.15144,1.15894,1.15026,1.15783,19263,8,0
2026-06-11 20:00:00,1.15782,1.15861,1.15727,1.15751,4030,8,0
2026-06-12 00:00:00,1.15753,1.15761,1.15613,1.15716,6694,8,0
2026-06-12 04:00:00,1.1571799999999999,1.15749,1.15567,1.15663,7659,8,0
2026-06-12 08:00:00,1.15665,1.15893,1.15649,1.15711,10394,8,0
2026-06-12 12:00:00,1.15711,1.15832,1.15598,1.15727,13291,8,0
2026-06-12 16:00:00,1.15725,1.15782,1.15683,1.15712,6786,8,0
2026-06-12 20:00:00,1.1571,1.1571500000000001,1.15649,1.15668,887,8,0
2026-06-14 20:00:00,1.1572,1.16171,1.15711,1.16026,4167,8,0
2026-06-15 00:00:00,1.16024,1.16113,1.15938,1.16038,5150,8,0
2026-06-15 04:00:00,1.16038,1.16217,1.16005,1.16059,6670,8,0
2026-06-15 08:00:00,1.1605699999999999,1.16141,1.15968,1.16088,6883,8,0
2026-06-15 12:00:00,1.16085,1.16201,1.15963,1.1598,8883,8,0
2026-06-15 16:00:00,1.15981,1.1604700000000001,1.15842,1.1585,5342,8,0
2026-06-15 20:00:00,1.15848,1.15934,1.15834,1.1590799999999999,2402,8,0
2026-06-16 00:00:00,1.15906,1.15947,1.15824,1.1586,4340,8,0
2026-06-16 04:00:00,1.15861,1.15953,1.15744,1.15953,5763,8,0
2026-06-16 08:00:00,1.15954,1.16125,1.15927,1.15988,6514,8,0
2026-06-16 12:00:00,1.15988,1.16184,1.15875,1.16136,9659,8,0
2026-06-16 16:00:00,1.16138,1.16196,1.16056,1.1608,5361,8,0
2026-06-16 20:00:00,1.16079,1.16145,1.16051,1.16095,2209,8,0
2026-06-17 00:00:00,1.16095,1.16163,1.1608,1.16099,3111,8,0
2026-06-17 04:00:00,1.16099,1.16147,1.16035,1.1608100000000001,4652,8,0
2026-06-17 08:00:00,1.16082,1.16082,1.15851,1.15911,5591,8,0
2026-06-17 12:00:00,1.15913,1.16025,1.15804,1.15923,8553,8,0
2026-06-17 16:00:00,1.1592500000000001,1.1596,1.14776,1.14937,27541,8,0
2026-06-17 20:00:00,1.14939,1.15082,1.14865,1.15063,4110,8,0
2026-06-18 00:00:00,1.15065,1.15239,1.15065,1.15229,5716,8,0
2026-06-18 04:00:00,1.1522999999999999,1.1528100000000001,1.15062,1.15124,7766,8,0
2026-06-18 08:00:00,1.15124,1.15137,1.14539,1.1457,12717,8,0
2026-06-18 12:00:00,1.1457,1.1487,1.14529,1.1469,15188,8,0
2026-06-18 16:00:00,1.14691,1.14731,1.14509,1.14571,8360,8,0
2026-06-18 20:00:00,1.14572,1.1463,1.14536,1.14581,2666,8,0
2026-06-19 00:00:00,1.14581,1.14652,1.14415,1.14419,4849,8,0
2026-06-19 04:00:00,1.14422,1.14487,1.14173,1.14458,8872,8,0
2026-06-19 08:00:00,1.14458,1.14675,1.14458,1.14607,7039,8,0
2026-06-19 12:00:00,1.14609,1.1476,1.14565,1.1464699999999999,8339,8,0
2026-06-19 16:00:00,1.1464699999999999,1.1480299999999999,1.14616,1.14755,3276,8,0
2026-06-19 20:00:00,1.14757,1.1477,1.14654,1.14685,1731,8,0
2026-06-21 20:00:00,1.14606,1.1467100000000001,1.14544,1.14619,2311,8,0
2026-06-22 00:00:00,1.14621,1.1473200000000001,1.1454,1.14561,5731,8,0
2026-06-22 04:00:00,1.14561,1.14631,1.14438,1.14456,6985,8,0
2026-06-22 08:00:00,1.14455,1.14633,1.14412,1.14483,9025,8,0
2026-06-22 12:00:00,1.14483,1.14616,1.14252,1.14316,14757,8,0
2026-06-22 16:00:00,1.14318,1.14331,1.14187,1.14245,5468,8,0
2026-06-22 20:00:00,1.14247,1.14291,1.14241,1.14267,1988,8,0
2026-06-23 00:00:00,1.14266,1.14314,1.14181,1.14293,4689,8,0
2026-06-23 04:00:00,1.14294,1.14385,1.14093,1.14113,7627,8,0
2026-06-23 08:00:00,1.14115,1.1417,1.1384,1.13853,8389,8,0
2026-06-23 12:00:00,1.1385399999999999,1.13997,1.13752,1.13824,11936,8,0
2026-06-23 16:00:00,1.13825,1.13835,1.13757,1.13786,5149,8,0
2026-06-23 20:00:00,1.13786,1.13832,1.13774,1.13788,2373,8,0
2026-06-24 00:00:00,1.13788,1.13819,1.13611,1.13669,5921,8,0
2026-06-24 04:00:00,1.13668,1.13748,1.13509,1.13513,6818,8,0
2026-06-24 08:00:00,1.13513,1.13554,1.13364,1.134,9665,8,0
2026-06-24 12:00:00,1.13399,1.13617,1.13242,1.13475,14409,8,0
2026-06-24 16:00:00,1.13475,1.13675,1.13465,1.13531,7576,8,0
2026-06-24 20:00:00,1.1353,1.1360000000000001,1.1352,1.13535,2759,8,0
2026-06-25 00:00:00,1.13535,1.13707,1.13473,1.13696,5328,8,0
2026-06-25 04:00:00,1.13696,1.13705,1.1344400000000001,1.13587,6429,8,0
2026-06-25 08:00:00,1.13589,1.13737,1.13329,1.13373,7693,8,0
2026-06-25 12:00:00,1.13375,1.13877,1.1336,1.13839,16048,8,0
2026-06-25 16:00:00,1.13841,1.1386,1.1368,1.13721,7048,8,0
2026-06-25 20:00:00,1.1372200000000001,1.13741,1.13599,1.13612,3289,8,0
2026-06-26 00:00:00,1.13612,1.13713,1.1353900000000001,1.13712,5747,8,0
2026-06-26 04:00:00,1.13713,1.13885,1.13682,1.13863,6948,8,0
2026-06-26 08:00:00,1.13861,1.14117,1.13828,1.13979,9757,8,0
2026-06-26 12:00:00,1.13978,1.14336,1.13918,1.14025,14550,8,0
2026-06-26 16:00:00,1.1402700000000001,1.1403,1.13806,1.13864,6170,8,0
2026-06-26 20:00:00,1.13867,1.13916,1.13809,1.13849,1474,8,0
2026-06-28 20:00:00,1.13809,1.13873,1.13799,1.13851,1571,8,0
2026-06-29 00:00:00,1.13851,1.13929,1.13829,1.1383,5319,8,0
2026-06-29 04:00:00,1.13829,1.14146,1.13806,1.14021,6347,8,0
2026-06-29 08:00:00,1.14024,1.14112,1.13924,1.14084,7561,8,0
2026-06-29 12:00:00,1.14084,1.14247,1.14002,1.14232,11182,8,0
2026-06-29 16:00:00,1.14234,1.14303,1.1421000000000001,1.14252,4966,8,0
2026-06-29 20:00:00,1.14253,1.14272,1.14188,1.14188,1864,8,0
2026-06-30 00:00:00,1.14188,1.14202,1.13967,1.13982,5554,8,0
2026-06-30 04:00:00,1.13983,1.1409,1.13821,1.13983,7041,8,0
2026-06-30 08:00:00,1.13981,1.14025,1.13831,1.13928,8586,8,0
2026-06-30 12:00:00,1.13927,1.14362,1.13883,1.14168,13649,8,0
2026-06-30 16:00:00,1.14168,1.14267,1.14118,1.14262,5690,8,0
2026-06-30 20:00:00,1.14259,1.14269,1.1412200000000001,1.14128,2037,8,0
2026-07-01 00:00:00,1.14128,1.14139,1.14013,1.14039,4727,8,0
2026-07-01 04:00:00,1.1404,1.14104,1.13928,1.14019,5803,8,0
2026-07-01 08:00:00,1.14017,1.14035,1.1384400000000001,1.13853,7123,8,0
2026-07-01 12:00:00,1.1385399999999999,1.14117,1.13614,1.13836,18359,8,0
2026-07-01 16:00:00,1.13837,1.13937,1.13751,1.13786,6955,8,0
2026-07-01 20:00:00,1.1378300000000001,1.13794,1.13736,1.13772,1736,8,0
2026-07-02 00:00:00,1.13772,1.1388099999999999,1.13746,1.1381999999999999,4521,8,0
2026-07-02 04:00:00,1.1381999999999999,1.1408800000000001,1.13813,1.14074,7460,8,0
2026-07-02 08:00:00,1.14073,1.14207,1.14002,1.1403699999999999,8894,8,0
2026-07-02 12:00:00,1.14035,1.14723,1.13952,1.1447,24578,8,0
2026-07-02 16:00:00,1.14472,1.14479,1.1426,1.1430500000000001,7239,8,0
2026-07-02 20:00:00,1.14303,1.14353,1.14217,1.14222,2359,8,0
2026-07-03 00:00:00,1.1421999999999999,1.14444,1.14203,1.14407,5679,8,0
2026-07-03 04:00:00,1.14408,1.14619,1.14387,1.14541,6497,8,0
2026-07-03 08:00:00,1.14544,1.14574,1.14401,1.14502,6103,8,0
2026-07-03 12:00:00,1.14504,1.1452499999999999,1.14345,1.14369,6044,8,0
2026-07-03 16:00:00,1.14368,1.14419,1.14351,1.14361,2925,8,0
2026-07-03 20:00:00,1.14361,1.14374,1.1433200000000001,1.14356,1059,8,0
2026-07-05 20:00:00,1.14347,1.14381,1.14326,1.14365,1571,8,0
2026-07-06 00:00:00,1.14364,1.14407,1.14272,1.1431499999999999,5180,8,0
2026-07-06 04:00:00,1.14313,1.14338,1.14165,1.14262,6135,8,0
2026-07-06 08:00:00,1.14262,1.14269,1.14094,1.14148,6754,8,0
2026-07-06 12:00:00,1.1415,1.14257,1.14081,1.14251,8576,8,0
2026-07-06 16:00:00,1.14252,1.14445,1.14247,1.14406,4587,8,0
2026-07-06 20:00:00,1.14404,1.14476,1.14377,1.14411,1936,8,0
2026-07-07 00:00:00,1.1441,1.14471,1.14357,1.14364,4806,8,0
2026-07-07 04:00:00,1.1436600000000001,1.14388,1.1424400000000001,1.14248,5613,8,0
2026-07-07 08:00:00,1.14249,1.14388,1.1423,1.14322,6653,8,0
2026-07-07 12:00:00,1.14321,1.14419,1.14217,1.14224,9845,8,0
2026-07-07 16:00:00,1.14226,1.14295,1.14078,1.14163,6829,8,0
2026-07-07 20:00:00,1.1416,1.14169,1.13973,1.1401,3119,8,0
2026-07-08 00:00:00,1.14012,1.1416,1.13981,1.1414,5580,8,0
2026-07-08 04:00:00,1.14139,1.14313,1.14107,1.14255,7085,8,0
2026-07-08 08:00:00,1.14254,1.14274,1.13928,1.13982,14787,8,0
2026-07-08 12:00:00,1.13981,1.14134,1.13908,1.1395,12440,8,0
2026-07-08 16:00:00,1.13952,1.14299,1.1394199999999999,1.1427100000000001,7744,8,0
2026-07-08 20:00:00,1.1427100000000001,1.14275,1.14117,1.14209,2210,8,0
2026-07-09 00:00:00,1.14211,1.143,1.14197,1.14266,4623,8,0
2026-07-09 04:00:00,1.14266,1.14491,1.14229,1.14354,6332,8,0
2026-07-09 08:00:00,1.14352,1.14378,1.14207,1.1429,7054,8,0
2026-07-09 12:00:00,1.14293,1.14455,1.14222,1.14384,9489,8,0
2026-07-09 16:00:00,1.14382,1.1441,1.14252,1.14274,4559,8,0
2026-07-09 20:00:00,1.14274,1.14335,1.1427,1.14329,1487,8,0
2026-07-10 00:00:00,1.14329,1.14603,1.14299,1.14492,6815,8,0
2026-07-10 04:00:00,1.1449,1.1449,1.14353,1.1437,6053,8,0
2026-07-10 08:00:00,1.14369,1.14418,1.14262,1.1430500000000001,7074,8,0
2026-07-10 12:00:00,1.14307,1.14415,1.14114,1.14371,11375,8,0
2026-07-10 16:00:00,1.14373,1.14409,1.14114,1.14155,5721,8,0
2026-07-10 20:00:00,1.14153,1.14178,1.14113,1.14143,772,8,0
2026-07-12 20:00:00,1.13997,1.14045,1.13876,1.1403699999999999,2759,8,0
2026-07-13 00:00:00,1.14039,1.1405,1.13839,1.13984,6271,8,0
2026-07-13 04:00:00,1.13983,1.14257,1.13955,1.14241,8029,8,0
2026-07-13 08:00:00,1.14243,1.1445400000000001,1.14236,1.1427100000000001,9136,8,0
2026-07-13 12:00:00,1.1427,1.14329,1.1396,1.14012,12127,8,0
2026-07-13 16:00:00,1.14013,1.14023,1.13815,1.13831,7604,8,0
2026-07-13 20:00:00,1.13832,1.13853,1.13768,1.13831,2465,8,0
2026-07-14 00:00:00,1.13833,1.13962,1.13778,1.13931,6378,8,0
2026-07-14 04:00:00,1.13931,1.13972,1.13837,1.13952,6656,8,0
2026-07-14 08:00:00,1.13955,1.14089,1.13896,1.1406100000000001,7931,8,0
2026-07-14 12:00:00,1.1406100000000001,1.14622,1.14035,1.14268,21986,8,0
2026-07-14 16:00:00,1.1427100000000001,1.1434,1.14157,1.14198,6918,8,0
2026-07-14 20:00:00,1.142,1.14246,1.14167,1.14241,2372,8,0
2026-07-15 00:00:00,1.14242,1.14419,1.14235,1.14375,4984,8,0
2026-07-15 04:00:00,1.14378,1.14436,1.14195,1.14231,6095,8,0
2026-07-15 08:00:00,1.14233,1.1427100000000001,1.14096,1.14114,7500,8,0
2026-07-15 12:00:00,1.14116,1.14411,1.14058,1.1435,12391,8,0
2026-07-15 16:00:00,1.14348,1.14821,1.143,1.14636,9837,8,0
2026-07-15 20:00:00,1.14634,1.14705,1.14606,1.14693,2226,8,0
2026-07-16 00:00:00,1.14693,1.14743,1.14599,1.14661,5155,8,0
2026-07-16 04:00:00,1.14661,1.1476,1.1461999999999999,1.14689,5819,8,0
2026-07-16 08:00:00,1.14687,1.14714,1.14561,1.1468099999999999,7375,8,0
2026-07-16 12:00:00,1.1468099999999999,1.14702,1.14361,1.14465,11032,8,0
2026-07-16 16:00:00,1.14465,1.14467,1.14306,1.144,5487,8,0
2026-07-16 20:00:00,1.14398,1.14461,1.14381,1.14448,1779,8,0
2026-07-17 00:00:00,1.14449,1.14476,1.14354,1.14387,4371,8,0
2026-07-17 04:00:00,1.14389,1.14519,1.14343,1.14445,5487,8,0
2026-07-17 08:00:00,1.14448,1.14474,1.14241,1.14298,7712,8,0
2026-07-17 12:00:00,1.143,1.1444,1.14242,1.14396,9360,8,0
2026-07-17 16:00:00,1.14397,1.14411,1.14329,1.14404,4780,8,0
2026-07-17 20:00:00,1.14406,1.1442,1.1436,1.14373,647,8,0
2026-07-19 20:00:00,1.14253,1.1431,1.14234,1.1427,2193,8,0
2026-07-20 00:00:00,1.1427100000000001,1.14424,1.1426,1.14414,4396,8,0
2026-07-20 04:00:00,1.14414,1.14493,1.14337,1.14438,5323,8,0
2026-07-20 08:00:00,1.14439,1.14452,1.14272,1.14291,6658,8,0
2026-07-20 12:00:00,1.14292,1.14299,1.14021,1.14111,9072,8,0
2026-07-20 16:00:00,1.1411,1.14185,1.14069,1.14152,4809,8,0
2026-07-20 20:00:00,1.14152,1.14165,1.14078,1.14154,1771,8,0
2026-07-21 00:00:00,1.14154,1.14179,1.14086,1.1412200000000001,3902,8,0
2026-07-21 04:00:00,1.1412,1.14273,1.14118,1.14224,4880,8,0
2026-07-21 08:00:00,1.14224,1.14284,1.14162,1.14187,5966,8,0
2026-07-21 12:00:00,1.14187,1.14201,1.14022,1.14069,8773,8,0
2026-07-21 16:00:00,1.14071,1.14104,1.13982,1.14012,3914,8,0
2026-07-21 20:00:00,1.14013,1.14028,1.13949,1.14019,1525,8,0
2026-07-22 00:00:00,1.14021,1.14096,1.13984,1.14069,4126,8,0
2026-07-22 04:00:00,1.14069,1.14179,1.14028,1.14089,5408,8,0
2026-07-22 08:00:00,1.1408800000000001,1.14131,1.14001,1.1406399999999999,6767,8,0
2026-07-22 12:00:00,1.14066,1.14212,1.14035,1.14132,8570,8,0
2026-07-22 16:00:00,1.14132,1.14138,1.14058,1.14108,4082,8,0
2026-07-22 20:00:00,1.14108,1.14123,1.14046,1.14108,1970,8,0
2026-07-23 00:00:00,1.1411,1.14304,1.14101,1.14286,4398,8,0
2026-07-23 04:00:00,1.14286,1.14354,1.14195,1.14241,5656,8,0
2026-07-23 08:00:00,1.14242,1.14248,1.13831,1.13941,7915,8,0
2026-07-23 12:00:00,1.1394,1.13957,1.13635,1.13725,13078,8,0
2026-07-23 16:00:00,1.13724,1.13805,1.13708,1.13768,5538,8,0
2026-07-23 20:00:00,1.13771,1.13796,1.13739,1.1375899999999999,1709,8,0
2026-07-24 00:00:00,1.1375899999999999,1.13871,1.13748,1.13818,4568,8,0
2026-07-24 04:00:00,1.13818,1.14007,1.13761,1.13895,5590,8,0
2026-07-24 08:00:00,1.13897,1.13925,1.13707,1.13742,6526,8,0
2026-07-24 12:00:00,1.1374,1.1390500000000001,1.13643,1.13842,9676,8,0
2026-07-24 16:00:00,1.13842,1.13861,1.13669,1.13696,4612,8,0
2026-07-24 20:00:00,1.13697,1.13718,1.13672,1.1371,503,8,0
