time,open,high,low,close,tick_volume,spread,real_volume
2025-11-18 06:00:00,90108.18,90118.3,89255.24,89536.16,5149.0,1800,0.0
2025-11-18 07:00:00,89539.23,90435.34,89220.71,90392.17,6423.0,1800,0.0
2025-11-18 08:00:00,90391.24,91341.32,90389.57,91116.45,6239.0,1800,0.0
2025-11-18 09:00:00,91115.18,91379.95,90780.64,91286.62,4256.0,1800,0.0
2025-11-18 10:00:00,91286.36,91500.71,91141.45,91468.62,3938.0,1800,0.0
2025-11-18 11:00:00,91468.16,91504.48,91132.08,91407.31,3394.0,1800,0.0
2025-11-18 12:00:00,91407.22,91785.45,90990.72,91416.33,4605.0,1800,0.0
2025-11-18 13:00:00,91413.62,91558.44,90821.05,91374.27,4899.0,1800,0.0
2025-11-18 14:00:00,91372.59,92346.03,91098.79,91267.68,12651.0,1800,0.0
2025-11-18 15:00:00,91263.02,92950.09,90908.48,92827.86,17104.0,1800,0.0
2025-11-18 16:00:00,92824.34,93767.07,92497.29,93435.29,10054.0,1800,0.0
2025-11-18 17:00:00,93435.38,93601.9,92745.35,93200.73,6910.0,1800,0.0
2025-11-18 18:00:00,93204.9,93713.14,93088.59,93265.58,4548.0,1800,0.0
2025-11-18 19:00:00,93273.37,93556.18,92922.51,93122.55,4459.0,1800,0.0
2025-11-18 20:00:00,93125.96,93239.51,92602.01,92738.06,4354.0,1800,0.0
2025-11-18 21:00:00,92740.53,92992.54,92402.02,92438.55,3004.0,1800,0.0
2025-11-18 22:00:00,92433.27,93379.44,92423.83,93105.78,2560.0,1800,0.0
2025-11-18 23:00:00,93106.93,93121.83,92677.46,92910.32,2725.0,1800,0.0
2025-11-19 00:00:00,92911.22,92932.18,91876.25,92361.99,5451.0,1800,0.0
2025-11-19 01:00:00,92362.15,92594.53,91866.38,92383.85,5249.0,1800,0.0
2025-11-19 02:00:00,92379.14,92802.07,92203.49,92502.97,4117.0,1800,0.0
2025-11-19 03:00:00,92501.53,92576.2,91578.68,91814.96,4361.0,1800,0.0
2025-11-19 04:00:00,91812.65,91908.35,91084.07,91092.41,4387.0,1800,0.0
2025-11-19 05:00:00,91096.83,91203.11,89948.3,90390.44,6264.0,1800,0.0
2025-11-19 06:00:00,90382.46,91039.66,90208.61,90919.19,4863.0,1800,0.0
2025-11-19 07:00:00,90913.62,91956.22,90874.84,91798.26,4201.0,1800,0.0
2025-11-19 08:00:00,91799.54,91893.79,91254.3,91413.67,3653.0,1800,0.0
2025-11-19 09:00:00,91410.56,91458.69,91017.17,91458.69,3481.0,1800,0.0
2025-11-19 10:00:00,91458.47,91635.31,91155.79,91233.4,2763.0,1800,0.0
2025-11-19 11:00:00,91230.58,91711.75,91226.65,91338.47,2498.0,1800,0.0
2025-11-19 12:00:00,91338.35,91805.52,91131.23,91713.3,2976.0,1800,0.0
2025-11-19 13:00:00,91714.13,91839.71,91166.14,91331.31,4020.0,1800,0.0
2025-11-19 14:00:00,91328.37,91803.81,90970.89,91646.75,9525.0,1800,0.0
2025-11-19 15:00:00,91649.21,92331.52,89795.2,89877.88,13190.0,1800,0.0
2025-11-19 16:00:00,89874.51,90163.24,89382.92,89822.94,10392.0,1800,0.0
2025-11-19 17:00:00,89817.16,90061.7,88786.76,89407.81,10612.0,1800,0.0
2025-11-19 18:00:00,89407.92,89647.9,88697.99,89138.08,8500.0,1800,0.0
2025-11-19 19:00:00,89139.34,89278.86,88517.85,88783.67,7053.0,1800,0.0
2025-11-19 20:00:00,88784.52,89594.2,88484.73,89399.22,6470.0,1800,0.0
2025-11-19 21:00:00,89401.48,90750.82,89336.45,90502.72,8595.0,1800,0.0
2025-11-19 22:00:00,90498.2,90545.31,89996.02,90374.49,3981.0,1800,0.0
2025-11-19 23:00:00,90377.35,91502.85,90377.35,91460.45,4990.0,1800,0.0
2025-11-20 00:00:00,91449.88,92223.58,91092.09,91803.35,4571.0,1800,0.0
2025-11-20 01:00:00,91804.56,92634.38,91727.5,92505.72,4440.0,1800,0.0
2025-11-20 02:00:00,92505.64,92719.35,92232.94,92509.8,4036.0,1800,0.0
2025-11-20 03:00:00,92510.7,92644.18,92286.1,92356.55,3430.0,1800,0.0
2025-11-20 04:00:00,92359.37,92900.84,92051.84,92873.11,3308.0,1800,0.0
2025-11-20 05:00:00,92872.3,93075.93,92484.08,92541.15,3050.0,1800,0.0
2025-11-20 06:00:00,92541.16,92777.87,91590.87,91887.34,3678.0,1800,0.0
2025-11-20 07:00:00,91894.59,92356.37,91706.39,92224.58,3114.0,1800,0.0
2025-11-20 08:00:00,92224.67,92311.93,91950.79,92036.75,2743.0,1800,0.0
2025-11-20 09:00:00,92034.33,92049.41,91339.39,91801.36,3174.0,1800,0.0
2025-11-20 10:00:00,91813.0,91969.54,91501.18,91708.78,3104.0,1800,0.0
2025-11-20 11:00:00,91708.66,91933.8,91387.72,91841.39,2680.0,1800,0.0
2025-11-20 12:00:00,91838.51,91910.51,91588.86,91743.02,2993.0,1800,0.0
2025-11-20 13:00:00,91743.31,92437.87,91392.32,91430.76,8743.0,1800,0.0
2025-11-20 14:00:00,91431.6,91590.03,90353.74,90998.85,14904.0,1800,0.0
2025-11-20 15:00:00,91001.77,91078.27,89728.67,89758.86,11354.0,1800,0.0
2025-11-20 16:00:00,89757.97,89810.54,87369.41,87795.2,19491.0,1800,0.0
2025-11-20 17:00:00,87790.22,88060.45,86246.27,87133.81,21659.0,1800,0.0
2025-11-20 18:00:00,87133.4,87665.4,86211.25,86379.45,12388.0,1800,0.0
2025-11-20 19:00:00,86374.68,87052.13,85986.49,86795.6,11236.0,1800,0.0
2025-11-20 20:00:00,86792.6,87002.87,86209.29,86337.2,7866.0,1800,0.0
2025-11-20 21:00:00,86336.93,87561.68,86301.82,87188.53,5345.0,1800,0.0
2025-11-20 22:00:00,87183.76,88144.48,87094.82,87959.07,5137.0,1800,0.0
2025-11-20 23:00:00,87964.27,88063.83,86449.38,86522.46,7057.0,1800,0.0
2025-11-21 00:00:00,86525.37,87395.88,86475.11,87177.13,6992.0,1800,0.0
2025-11-21 01:00:00,87178.93,87362.41,86721.01,86939.05,6121.0,1800,0.0
2025-11-21 02:00:00,86936.74,86966.62,85236.17,85353.56,11279.0,1800,0.0
2025-11-21 03:00:00,85350.76,86033.25,85335.62,85714.58,9500.0,1800,0.0
2025-11-21 04:00:00,85714.09,86019.07,85285.47,85939.55,7302.0,1800,0.0
2025-11-21 05:00:00,85940.3,86247.6,85719.41,86075.11,5835.0,1800,0.0
2025-11-21 06:00:00,86079.21,86152.72,85420.51,85460.93,5795.0,1800,0.0
2025-11-21 07:00:00,85465.21,85648.5,81155.01,83919.02,21387.0,1800,0.0
2025-11-21 08:00:00,83917.42,84586.58,83469.49,83529.49,12659.0,1800,0.0
2025-11-21 09:00:00,83536.6,83885.16,81989.34,82106.63,11677.0,1800,0.0
2025-11-21 10:00:00,82105.91,82801.86,81531.34,82595.59,15573.0,1800,0.0
2025-11-21 11:00:00,82598.08,83229.16,82081.57,82201.98,9118.0,1800,0.0
2025-11-21 12:00:00,82205.68,83500.82,80535.93,83173.4,24947.0,1800,0.0
2025-11-21 13:00:00,83168.54,84338.48,83003.76,84017.87,13595.0,1800,0.0
2025-11-21 14:00:00,84017.06,85407.28,83456.07,84756.22,19259.0,1800,0.0
2025-11-21 15:00:00,84763.3,85017.83,82652.29,82848.15,20432.0,1800,0.0
2025-11-21 16:00:00,82844.77,84840.07,82232.29,84819.73,19345.0,1800,0.0
2025-11-21 17:00:00,84824.75,85491.66,84488.38,84798.08,14326.0,1800,0.0
2025-11-21 18:00:00,84798.3,85018.95,83222.88,84514.53,14336.0,1800,0.0
2025-11-21 19:00:00,84511.73,84953.17,84002.06,84137.89,8051.0,1800,0.0
2025-11-21 20:00:00,84135.54,84591.74,83380.76,84507.64,10212.0,1800,0.0
2025-11-21 21:00:00,84503.73,85354.91,84284.29,85115.67,6160.0,1800,0.0
2025-11-21 22:00:00,85117.15,85345.15,84189.57,84215.4,5490.0,1800,0.0
2025-11-21 23:00:00,84221.54,85298.42,84047.95,85060.62,4773.0,1800,0.0
2025-11-22 00:00:00,85064.6,85565.94,84489.49,84666.77,5457.0,1800,0.0
2025-11-22 01:00:00,84669.32,85139.2,84518.34,85093.64,4461.0,1800,0.0
2025-11-22 02:00:00,85098.64,85136.32,84207.58,84452.88,4040.0,1800,0.0
2025-11-22 03:00:00,84455.06,84547.31,84138.82,84374.22,3938.0,1800,0.0
2025-11-22 04:00:00,84381.97,84492.39,83759.75,84171.15,4978.0,1800,0.0
2025-11-22 05:00:00,84171.11,84255.28,83805.48,84219.82,3909.0,1800,0.0
2025-11-22 06:00:00,84218.64,84735.33,84009.7,84572.76,4148.0,1800,0.0
2025-11-22 07:00:00,84563.56,84607.02,84326.14,84512.98,3173.0,1800,0.0
2025-11-22 08:00:00,84514.35,84526.05,83869.9,84061.67,3617.0,1800,0.0
2025-11-22 09:00:00,83988.27,84199.2,83789.73,83869.35,2347.0,1800,0.0
2025-11-22 10:00:00,83875.01,84156.53,83420.23,83630.08,4061.0,1800,0.0
2025-11-22 11:00:00,83630.74,84294.22,83521.02,84029.83,4002.0,1800,0.0
2025-11-22 12:00:00,84034.02,84100.72,83562.37,83826.18,3569.0,1800,0.0
2025-11-22 13:00:00,83829.53,84074.74,83588.13,83883.77,3837.0,1800,0.0
2025-11-22 14:00:00,83888.23,84694.16,83873.87,84432.81,5475.0,1800,0.0
2025-11-22 15:00:00,84434.13,84510.88,83949.72,84214.24,3822.0,1800,0.0
2025-11-22 16:00:00,84215.77,84845.55,84153.78,84641.17,3512.0,1800,0.0
2025-11-22 17:00:00,84649.94,84672.63,84357.97,84497.45,2860.0,1800,0.0
2025-11-22 18:00:00,84499.9,84627.61,84410.05,84605.84,2380.0,1800,0.0
2025-11-22 19:00:00,84600.09,84741.62,84454.46,84550.62,2250.0,1800,0.0
2025-11-22 20:00:00,84550.48,84762.95,84185.55,84409.98,2594.0,1800,0.0
2025-11-22 21:00:00,84408.28,84463.62,84175.2,84346.3,2412.0,1800,0.0
2025-11-22 22:00:00,84346.4,85211.76,84220.72,85003.45,3083.0,1800,0.0
2025-11-22 23:00:00,85008.28,85127.71,84607.99,84680.6,3479.0,1800,0.0
2025-11-23 00:00:00,84677.17,85266.73,84613.71,84911.95,4058.0,1800,0.0
2025-11-23 01:00:00,84918.53,86184.5,84893.57,85826.58,4961.0,1800,0.0
2025-11-23 02:00:00,85825.74,86298.07,85619.08,85944.88,5131.0,1800,0.0
2025-11-23 03:00:00,85944.71,86252.5,85757.2,86252.5,3418.0,1800,0.0
2025-11-23 04:00:00,86254.41,86817.6,86101.83,86490.8,4645.0,1800,0.0
2025-11-23 05:00:00,86492.24,86531.43,85951.09,86300.53,2781.0,1800,0.0
2025-11-23 06:00:00,86304.53,86460.12,85814.64,85814.64,2707.0,1800,0.0
2025-11-23 07:00:00,85815.85,85869.33,85340.3,85725.55,3406.0,1800,0.0
2025-11-23 08:00:00,85728.81,86142.36,85711.76,86088.52,3031.0,1800,0.0
2025-11-23 09:00:00,86085.69,86430.92,86019.72,86345.85,2738.0,1800,0.0
2025-11-23 10:00:00,86346.81,86414.99,85994.66,86020.67,2659.0,1800,0.0
2025-11-23 11:00:00,86021.12,86370.49,85787.75,86294.04,3231.0,1800,0.0
2025-11-23 12:00:00,86283.78,86852.73,86218.56,86484.34,4496.0,1800,0.0
2025-11-23 13:00:00,86486.89,86889.53,86271.45,86881.96,3667.0,1800,0.0
2025-11-23 14:00:00,86882.68,87171.51,86441.48,86513.1,4792.0,1800,0.0
2025-11-23 15:00:00,86519.72,87215.21,86399.85,87034.32,4114.0,1800,0.0
2025-11-23 16:00:00,87033.68,87466.16,86628.02,86649.91,4825.0,1800,0.0
2025-11-23 17:00:00,86651.68,86926.9,86455.59,86698.54,4248.0,1800,0.0
2025-11-23 18:00:00,86698.65,87226.13,86683.54,86960.02,3272.0,1800,0.0
2025-11-23 19:00:00,86961.4,87652.43,86887.79,87297.02,3653.0,1800,0.0
2025-11-23 20:00:00,87298.0,87667.16,87187.28,87438.27,3347.0,1800,0.0
2025-11-23 21:00:00,87442.46,87961.69,87120.16,87957.42,3129.0,1800,0.0
2025-11-23 22:00:00,87957.11,88117.56,87527.93,87974.46,3950.0,1800,0.0
2025-11-23 23:00:00,87982.76,88065.09,86698.35,86804.6,5867.0,1800,0.0
2025-11-24 00:00:00,86805.86,87182.63,85898.73,86700.71,7004.0,1800,0.0
2025-11-24 01:00:00,86694.94,87046.03,86351.31,87021.8,6501.0,1800,0.0
2025-11-24 02:00:00,87027.32,88013.69,86968.23,87489.1,8012.0,1800,0.0
2025-11-24 03:00:00,87488.08,87758.76,87153.28,87411.49,4574.0,1800,0.0
2025-11-24 04:00:00,87413.89,87557.32,86401.35,86687.08,5344.0,1800,0.0
2025-11-24 05:00:00,86684.65,87793.26,86625.58,87415.85,5570.0,1800,0.0
2025-11-24 06:00:00,87418.62,87472.3,86761.88,86863.51,4746.0,1800,0.0
2025-11-24 07:00:00,86860.63,87305.71,86647.3,87006.21,4268.0,1800,0.0
2025-11-24 08:00:00,87004.16,87004.16,86666.04,86913.71,4373.0,1800,0.0
2025-11-24 09:00:00,86914.56,86914.56,85755.06,85897.73,5690.0,1800,0.0
2025-11-24 10:00:00,85896.51,86142.56,85637.7,85997.05,4069.0,1800,0.0
2025-11-24 11:00:00,85996.37,86386.58,85776.67,86214.76,3279.0,1800,0.0
2025-11-24 12:00:00,86216.02,86270.54,85819.31,85952.19,3983.0,1800,0.0
2025-11-24 13:00:00,85947.1,86528.82,85897.27,86098.17,4056.0,1800,0.0
2025-11-24 14:00:00,86095.57,86621.44,85211.96,86113.64,11445.0,1800,0.0
2025-11-24 15:00:00,86117.79,86685.5,85849.92,86563.66,11241.0,1800,0.0
2025-11-24 16:00:00,86562.12,87679.6,86562.12,87131.57,7127.0,1800,0.0
2025-11-24 17:00:00,87135.72,88415.27,86902.97,88336.72,6608.0,1800,0.0
2025-11-24 18:00:00,88333.92,88698.09,88151.16,88684.24,5169.0,1800,0.0
2025-11-24 19:00:00,88683.77,88823.75,88075.61,88304.01,4259.0,1800,0.0
2025-11-24 20:00:00,88303.25,89217.15,88303.25,89068.54,4577.0,1800,0.0
2025-11-24 21:00:00,89061.32,89120.35,88703.54,88737.4,3090.0,1800,0.0
2025-11-24 22:00:00,88737.63,89077.16,88570.98,88607.91,2579.0,1800,0.0
2025-11-24 23:00:00,88603.71,88668.59,88215.01,88264.91,2325.0,1800,0.0
2025-11-25 00:00:00,88264.15,88264.15,87835.44,88077.62,3523.0,1800,0.0
2025-11-25 01:00:00,88078.13,88183.09,87679.07,87704.14,3447.0,1800,0.0
2025-11-25 02:00:00,87709.62,87921.11,87422.29,87882.26,3382.0,1800,0.0
2025-11-25 03:00:00,87883.2,88026.47,87519.96,87782.43,2731.0,1800,0.0
2025-11-25 04:00:00,87773.19,88484.35,87749.08,88312.47,2759.0,1800,0.0
2025-11-25 05:00:00,88312.36,88312.36,87903.19,88088.51,2147.0,1800,0.0
2025-11-25 06:00:00,88086.57,88127.62,87771.66,87976.62,2076.0,1800,0.0
2025-11-25 07:00:00,87978.44,88036.24,87305.2,87368.98,2758.0,1800,0.0
2025-11-25 08:00:00,87378.67,87600.35,86967.02,86985.21,3080.0,1800,0.0
2025-11-25 09:00:00,86987.63,87219.14,86644.3,87203.12,3581.0,1800,0.0
2025-11-25 10:00:00,87200.55,87400.87,86918.92,87381.16,2296.0,1800,0.0
2025-11-25 11:00:00,87376.92,87516.66,87281.08,87332.12,1871.0,1800,0.0
2025-11-25 12:00:00,87333.33,87756.76,87332.15,87486.32,3232.0,1800,0.0
2025-11-25 13:00:00,87487.64,87689.19,86828.07,87039.17,4239.0,1800,0.0
2025-11-25 14:00:00,87047.61,87275.6,86056.69,86694.15,8360.0,1800,0.0
2025-11-25 15:00:00,86691.53,87273.32,86154.32,86951.45,7733.0,1800,0.0
2025-11-25 16:00:00,86950.73,87251.22,86657.14,87064.19,5334.0,1800,0.0
2025-11-25 17:00:00,87065.31,88104.57,86987.26,87584.69,4688.0,1800,0.0
2025-11-25 18:00:00,87585.91,87790.11,87180.28,87193.21,3936.0,1800,0.0
2025-11-25 19:00:00,87187.91,87296.73,86125.75,86827.72,5521.0,1800,0.0
2025-11-25 20:00:00,86836.64,87429.02,86657.43,87358.23,3969.0,1800,0.0
2025-11-25 21:00:00,87346.22,87413.96,86938.87,86993.69,2848.0,1800,0.0
2025-11-25 22:00:00,86999.04,87685.98,86542.61,87602.33,3566.0,1800,0.0
2025-11-25 23:00:00,87601.96,87862.74,87282.69,87326.18,3418.0,1800,0.0
2025-11-26 00:00:00,87328.46,87737.8,87312.26,87543.47,3166.0,1800,0.0
2025-11-26 01:00:00,87542.65,88195.95,87289.16,87882.33,3737.0,1800,0.0
2025-11-26 02:00:00,87883.61,88056.01,87618.36,87679.95,2768.0,1800,0.0
2025-11-26 03:00:00,87680.64,87850.66,87031.83,87093.09,2954.0,1800,0.0
2025-11-26 04:00:00,87092.97,87325.45,86861.39,87193.64,2302.0,1800,0.0
2025-11-26 05:00:00,87190.78,87718.68,87173.88,87486.33,2301.0,1800,0.0
2025-11-26 06:00:00,87483.52,87854.96,87411.84,87755.36,2581.0,1800,0.0
2025-11-26 07:00:00,87750.31,87940.54,87657.52,87896.51,2284.0,1800,0.0
2025-11-26 08:00:00,87899.86,87907.27,87361.77,87375.8,2286.0,1800,0.0
2025-11-26 09:00:00,87379.35,87414.67,86702.68,86802.95,2469.0,1800,0.0
2025-11-26 10:00:00,86800.47,87024.71,86629.99,86921.0,2256.0,1800,0.0
2025-11-26 11:00:00,86920.15,87084.7,86805.16,87065.1,2095.0,1800,0.0
2025-11-26 12:00:00,87063.53,87153.3,86279.37,86623.31,3903.0,1800,0.0
2025-11-26 13:00:00,86617.34,87103.7,86532.14,87093.7,3431.0,1800,0.0
2025-11-26 14:00:00,87097.34,87667.47,86782.39,86884.94,5994.0,1800,0.0
2025-11-26 15:00:00,86884.8,87334.82,86628.68,86944.34,6265.0,1800,0.0
2025-11-26 16:00:00,86945.24,87931.48,86929.34,87793.71,4457.0,1800,0.0
2025-11-26 17:00:00,87794.81,89947.97,87679.03,89813.09,7430.0,1800,0.0
2025-11-26 18:00:00,89813.24,90399.02,89656.23,90132.35,6484.0,1800,0.0
2025-11-26 19:00:00,90124.24,90177.51,89717.76,89951.93,3950.0,1800,0.0
2025-11-26 20:00:00,89943.41,90103.14,89490.75,89852.43,3836.0,1800,0.0
2025-11-26 21:00:00,89853.62,90502.03,89792.62,90180.49,2932.0,1800,0.0
2025-11-26 22:00:00,90181.14,90625.8,90105.7,90365.35,2688.0,1800,0.0
2025-11-26 23:00:00,90362.67,90588.57,90290.36,90475.17,2171.0,1800,0.0
2025-11-27 00:00:00,90473.88,90570.53,90057.73,90462.16,2750.0,1800,0.0
2025-11-27 01:00:00,90462.01,91224.81,90361.58,91130.64,3516.0,1800,0.0
2025-11-27 02:00:00,91123.42,91885.81,90867.32,91373.9,5114.0,1800,0.0
2025-11-27 03:00:00,91371.61,91591.99,91023.25,91079.12,3257.0,1800,0.0
2025-11-27 04:00:00,91079.27,91343.21,91033.34,91260.47,2480.0,1800,0.0
2025-11-27 05:00:00,91257.78,91544.57,90874.95,90947.75,3058.0,1800,0.0
2025-11-27 06:00:00,90946.28,91428.23,90943.68,91228.16,2143.0,1800,0.0
2025-11-27 07:00:00,91228.64,91493.35,91116.52,91395.79,2228.0,1800,0.0
2025-11-27 08:00:00,91396.1,91513.33,91205.81,91474.02,1961.0,1800,0.0
2025-11-27 09:00:00,91474.11,91944.46,91469.94,91562.64,2497.0,1800,0.0
2025-11-27 10:00:00,91564.44,91732.46,91340.17,91594.4,2194.0,1800,0.0
2025-11-27 11:00:00,91594.5,91613.95,91292.69,91368.34,1675.0,1800,0.0
2025-11-27 12:00:00,91367.23,91445.41,90931.34,90974.78,2346.0,1800,0.0
2025-11-27 13:00:00,90975.45,91059.13,90426.23,90842.2,3769.0,1800,0.0
2025-11-27 14:00:00,90844.13,90968.07,90557.01,90771.55,2885.0,1800,0.0
2025-11-27 15:00:00,90770.14,90973.87,90609.15,90944.38,2740.0,1800,0.0
2025-11-27 16:00:00,90940.65,91553.56,90830.47,91438.59,3647.0,1800,0.0
2025-11-27 17:00:00,91438.67,91630.98,91286.64,91458.0,2629.0,1800,0.0
2025-11-27 18:00:00,91457.68,91834.65,91332.86,91769.89,2372.0,1800,0.0
2025-11-27 19:00:00,91773.37,91773.37,91486.24,91520.26,2039.0,1800,0.0
2025-11-27 20:00:00,91521.39,91591.46,91385.45,91427.84,1900.0,1800,0.0
2025-11-27 21:00:00,91426.12,91593.15,91188.79,91402.37,1970.0,1800,0.0
2025-11-27 22:00:00,91404.62,91577.93,91093.31,91314.8,2166.0,1800,0.0
2025-11-27 23:00:00,91311.03,91554.26,91210.53,91321.79,1760.0,1800,0.0
2025-11-28 00:00:00,91314.77,91403.6,91047.06,91187.94,2037.0,1800,0.0
2025-11-28 01:00:00,91189.2,91195.82,90772.6,90777.25,2898.0,1800,0.0
2025-11-28 02:00:00,90778.37,91121.39,90639.46,91060.55,3075.0,1800,0.0
2025-11-28 03:00:00,91058.52,91290.16,90971.88,91190.5,1892.0,1800,0.0
2025-11-28 04:00:00,91194.44,91470.19,91109.09,91400.18,1933.0,1800,0.0
2025-11-28 05:00:00,91401.23,91704.78,91279.47,91592.85,2198.0,1800,0.0
2025-11-28 06:00:00,91588.35,91588.35,91138.13,91273.56,1848.0,1800,0.0
2025-11-28 07:00:00,91276.16,91552.89,90836.04,90885.3,1929.0,1800,0.0
2025-11-28 08:00:00,90883.01,91704.23,90879.23,91670.17,3355.0,1800,0.0
2025-11-28 09:00:00,91665.76,91878.12,91423.7,91588.99,3188.0,1800,0.0
2025-11-28 10:00:00,91588.65,91860.21,91465.39,91833.46,2036.0,1800,0.0
2025-11-28 11:00:00,91839.75,92021.53,91045.8,91422.16,3921.0,1800,0.0
2025-11-28 12:00:00,91421.62,91678.93,91385.49,91504.08,2229.0,1800,0.0
2025-11-28 13:00:00,91504.63,92661.78,91360.8,92365.93,4605.0,1800,0.0
2025-11-28 14:00:00,92362.83,93117.92,91819.86,92255.38,8242.0,1800,0.0
2025-11-28 15:00:00,92253.46,92803.62,91972.51,92361.48,4944.0,1800,0.0
2025-11-28 16:00:00,92363.57,92391.99,90872.0,90943.47,6176.0,1800,0.0
2025-11-28 17:00:00,90942.89,91218.68,90213.2,90689.93,6855.0,1800,0.0
2025-11-28 18:00:00,90695.26,90988.89,90424.09,90838.2,4262.0,1800,0.0
2025-11-28 19:00:00,90843.63,91211.88,90828.28,91157.38,2555.0,1800,0.0
2025-11-28 20:00:00,91156.0,91243.58,90866.17,91213.45,2069.0,1800,0.0
2025-11-28 21:00:00,91212.83,91273.79,90900.32,90903.52,1764.0,1800,0.0
2025-11-28 22:00:00,90896.26,91172.37,90717.48,91141.29,2416.0,1800,0.0
2025-11-28 23:00:00,91138.98,91212.36,90899.95,90911.65,1628.0,1800,0.0
2025-11-29 00:00:00,90908.3,90988.13,90777.77,90895.08,1738.0,1800,0.0
2025-11-29 01:00:00,90895.5,91136.8,90808.99,90890.48,1568.0,1800,0.0
2025-11-29 02:00:00,90891.4,90947.21,90553.99,90802.11,1655.0,1800,0.0
2025-11-29 03:00:00,90802.24,90883.82,90664.33,90686.39,1290.0,1800,0.0
2025-11-29 04:00:00,90685.69,90928.85,90555.42,90909.37,1215.0,1800,0.0
2025-11-29 05:00:00,90909.29,90935.78,90731.6,90764.86,1123.0,1800,0.0
2025-11-29 06:00:00,90766.14,90838.04,90315.34,90568.0,2298.0,1800,0.0
2025-11-29 07:00:00,90564.25,90682.87,90376.07,90577.06,1634.0,1800,0.0
2025-11-29 08:00:00,90578.32,90747.67,90491.91,90639.82,1685.0,1800,0.0
2025-11-29 09:00:00,90640.94,90691.51,90518.14,90583.73,1463.0,1800,0.0
2025-11-29 10:00:00,90583.61,90665.34,90392.11,90571.76,1533.0,1800,0.0
2025-11-29 11:00:00,90574.8,90701.93,90479.45,90691.19,1362.0,1800,0.0
2025-11-29 12:00:00,90694.38,90830.22,90549.39,90637.04,1423.0,1800,0.0
2025-11-29 13:00:00,90641.85,90839.06,90606.46,90804.5,1386.0,1800,0.0
2025-11-29 14:00:00,90804.02,90804.02,90634.71,90650.18,1424.0,1800,0.0
2025-11-29 15:00:00,90651.16,91134.75,90651.16,91087.01,2137.0,1800,0.0
2025-11-29 16:00:00,91092.33,91188.56,90879.32,91021.07,1777.0,1800,0.0
2025-11-29 17:00:00,91021.55,91050.49,90454.84,90458.07,2295.0,1800,0.0
2025-11-29 18:00:00,90457.25,90754.4,90173.48,90720.87,3068.0,1800,0.0
2025-11-29 19:00:00,90720.45,90871.45,90618.38,90668.9,1634.0,1800,0.0
2025-11-29 20:00:00,90668.97,91060.76,90429.63,90981.36,1961.0,1800,0.0
2025-11-29 21:00:00,90977.63,91078.2,90827.4,91031.59,1620.0,1800,0.0
2025-11-29 22:00:00,91029.05,91033.47,90720.19,90779.16,1852.0,1800,0.0
2025-11-29 23:00:00,90781.82,90921.13,90711.06,90827.79,1264.0,1800,0.0
2025-11-30 00:00:00,90827.85,90968.3,90789.47,90913.5,1301.0,1800,0.0
2025-11-30 01:00:00,90910.66,91072.12,90877.97,90927.22,1278.0,1800,0.0
2025-11-30 02:00:00,90926.78,91056.25,90767.31,90811.54,1305.0,1800,0.0
2025-11-30 03:00:00,90814.22,90937.3,90481.24,90926.87,1723.0,1800,0.0
2025-11-30 04:00:00,90927.66,90993.4,90802.71,90861.64,1272.0,1800,0.0
2025-11-30 05:00:00,90859.4,90862.58,90687.18,90802.57,1251.0,1800,0.0
2025-11-30 06:00:00,90800.74,90948.9,90732.71,90905.19,1293.0,1800,0.0
2025-11-30 07:00:00,90905.19,91056.14,90867.57,90983.92,1250.0,1800,0.0
2025-11-30 08:00:00,90981.88,91452.2,90946.62,91189.02,2551.0,1800,0.0
2025-11-30 09:00:00,91196.56,91641.72,91133.84,91406.67,2385.0,1800,0.0
2025-11-30 10:00:00,91404.63,91466.0,91198.51,91241.13,1622.0,1800,0.0
2025-11-30 11:00:00,91241.44,91405.12,90996.77,91060.59,1683.0,1800,0.0
2025-11-30 12:00:00,91062.77,91542.54,91013.69,91475.02,2126.0,1800,0.0
2025-11-30 13:00:00,91475.17,91972.24,91399.37,91764.3,2955.0,1800,0.0
2025-11-30 14:00:00,91767.48,91778.12,91250.13,91494.9,2075.0,1800,0.0
2025-11-30 15:00:00,91494.56,91613.98,91317.7,91450.14,1923.0,1800,0.0
2025-11-30 16:00:00,91452.64,91860.97,91408.05,91833.84,1827.0,1800,0.0
2025-11-30 17:00:00,91827.39,91827.39,91323.52,91495.07,1938.0,1800,0.0
2025-11-30 18:00:00,91494.23,91494.23,91137.7,91458.63,1671.0,1800,0.0
2025-11-30 19:00:00,91456.97,91498.84,91305.23,91462.38,1333.0,1800,0.0
2025-11-30 20:00:00,91462.93,91626.03,91169.82,91308.95,1605.0,1800,0.0
2025-11-30 21:00:00,91302.1,91337.14,90878.6,91177.79,2036.0,1800,0.0
2025-11-30 22:00:00,91179.29,91337.74,91040.11,91221.09,1836.0,1800,0.0
2025-11-30 23:00:00,91222.6,91253.21,90348.7,90371.36,3574.0,1800,0.0
2025-12-01 00:00:00,90370.03,90431.81,86982.7,87009.06,19146.0,1800,0.0
2025-12-01 01:00:00,87007.19,87748.4,86936.95,87172.73,8894.0,1800,0.0
2025-12-01 02:00:00,87171.32,87511.06,86466.29,86725.01,5921.0,1800,0.0
2025-12-01 03:00:00,86737.11,86825.34,86161.65,86352.02,5143.0,1800,0.0
2025-12-01 04:00:00,86353.89,86355.77,85695.08,85803.52,4877.0,1800,0.0
2025-12-01 05:00:00,85805.67,86010.9,85603.24,85998.5,3692.0,1800,0.0
2025-12-01 06:00:00,86001.77,86362.22,85965.78,86241.2,3332.0,1800,0.0
2025-12-01 07:00:00,86242.49,86571.48,86051.39,86535.28,3228.0,1800,0.0
2025-12-01 08:00:00,86531.2,86884.24,86379.52,86864.51,2850.0,1800,0.0
2025-12-01 09:00:00,86860.49,86931.57,86510.33,86695.18,3123.0,1800,0.0
2025-12-01 10:00:00,86695.57,86805.48,86536.05,86635.95,2106.0,1800,0.0
2025-12-01 11:00:00,86636.98,86694.17,86115.25,86122.39,2568.0,1800,0.0
2025-12-01 12:00:00,86124.14,86208.89,84726.14,85412.94,6712.0,1800,0.0
2025-12-01 13:00:00,85410.71,86135.25,85320.97,85961.81,6537.0,1800,0.0
2025-12-01 14:00:00,85965.1,86656.47,85844.83,86046.96,8615.0,1800,0.0
2025-12-01 15:00:00,86048.17,86124.04,83795.7,84669.41,13324.0,1800,0.0
2025-12-01 16:00:00,84670.73,85446.74,84021.04,84535.2,9283.0,1800,0.0
2025-12-01 17:00:00,84541.98,85260.31,84429.91,84933.1,6306.0,1800,0.0
2025-12-01 18:00:00,84935.88,85561.62,84698.82,85180.02,5679.0,1800,0.0
2025-12-01 19:00:00,85182.82,85291.85,84587.98,85019.07,5693.0,1800,0.0
2025-12-01 20:00:00,85015.3,85834.63,84991.48,85508.64,6583.0,1800,0.0
2025-12-01 21:00:00,85512.3,86507.11,85489.42,86436.24,5078.0,1800,0.0
2025-12-01 22:00:00,86433.1,86876.9,86302.63,86579.61,3679.0,1800,0.0
2025-12-01 23:00:00,86584.23,86830.57,86242.12,86280.02,2806.0,1800,0.0
2025-12-02 00:00:00,86279.0,86666.33,86181.97,86516.98,3953.0,1800,0.0
2025-12-02 01:00:00,86516.89,87370.77,86382.38,86451.81,6094.0,1800,0.0
2025-12-02 02:00:00,86453.66,86857.78,86257.36,86534.41,4014.0,1800,0.0
2025-12-02 03:00:00,86533.58,87097.26,86195.97,86969.28,3326.0,1800,0.0
2025-12-02 04:00:00,86968.39,87277.72,86890.43,86966.27,3226.0,1800,0.0
2025-12-02 05:00:00,86970.13,87119.2,86811.37,87009.33,2661.0,1800,0.0
2025-12-02 06:00:00,87001.32,87182.51,86852.93,87079.16,2246.0,1800,0.0
2025-12-02 07:00:00,87079.42,87116.55,86874.74,87008.74,2006.0,1800,0.0
2025-12-02 08:00:00,87006.9,87057.93,86346.96,86465.07,3138.0,1800,0.0
2025-12-02 09:00:00,86463.8,86996.49,86443.32,86758.89,3056.0,1800,0.0
2025-12-02 10:00:00,86757.78,87612.78,86748.93,87270.43,2954.0,1800,0.0
2025-12-02 11:00:00,87273.26,87612.85,86988.62,87375.55,3136.0,1800,0.0
2025-12-02 12:00:00,87375.42,87556.55,87202.12,87264.09,2604.0,1800,0.0
2025-12-02 13:00:00,87264.27,87892.41,87042.92,87727.86,4058.0,1800,0.0
2025-12-02 14:00:00,87728.28,89280.56,87596.48,89271.41,10328.0,1800,0.0
2025-12-02 15:00:00,89264.34,91220.59,89264.34,90852.57,14600.0,1800,0.0
2025-12-02 16:00:00,90858.54,91347.78,90212.19,90764.36,9092.0,1800,0.0
2025-12-02 17:00:00,90763.32,92022.04,90742.4,91475.04,7191.0,1800,0.0
2025-12-02 18:00:00,91475.3,92279.27,91354.36,91959.41,6026.0,1800,0.0
2025-12-02 19:00:00,91960.34,92336.58,91852.46,91922.37,4052.0,1800,0.0
2025-12-02 20:00:00,91919.37,91955.02,90745.14,91049.3,5711.0,1800,0.0
2025-12-02 21:00:00,91052.41,91664.01,90986.21,91590.43,3169.0,1800,0.0
2025-12-02 22:00:00,91590.31,92040.42,91533.21,91999.89,2943.0,1800,0.0
2025-12-02 23:00:00,91997.66,92010.64,91287.31,91308.82,2577.0,1800,0.0
2025-12-03 00:00:00,91309.44,91777.8,91015.16,91684.76,4777.0,1800,0.0
2025-12-03 01:00:00,91673.68,92512.12,91483.66,92266.09,4928.0,1800,0.0
2025-12-03 02:00:00,92270.58,93072.5,92157.5,92828.06,6856.0,1800,0.0
2025-12-03 03:00:00,92833.68,93104.39,92591.98,92641.37,4242.0,1800,0.0
2025-12-03 04:00:00,92639.19,93486.66,92628.74,93367.98,5469.0,1800,0.0
2025-12-03 05:00:00,93368.61,93677.34,93111.25,93648.69,5409.0,1800,0.0
2025-12-03 06:00:00,93649.38,93979.42,93160.49,93453.53,5143.0,1800,0.0
2025-12-03 07:00:00,93453.22,93489.1,92874.54,93019.78,4046.0,1800,0.0
2025-12-03 08:00:00,93021.63,93202.81,92684.04,92782.26,3619.0,1800,0.0
2025-12-03 09:00:00,92776.95,93232.58,92716.87,93187.39,3621.0,1800,0.0
2025-12-03 10:00:00,93192.92,93399.64,92869.51,92958.52,3336.0,1800,0.0
2025-12-03 11:00:00,92956.28,93073.85,92669.15,93020.85,3256.0,1800,0.0
2025-12-03 12:00:00,93020.78,93133.45,92706.41,92951.34,3261.0,1800,0.0
2025-12-03 13:00:00,92952.55,93295.07,92893.77,93146.69,3640.0,1800,0.0
2025-12-03 14:00:00,93149.9,93712.51,91725.93,92365.43,17840.0,1800,0.0
2025-12-03 15:00:00,92368.17,93016.6,91948.59,92391.72,10766.0,1800,0.0
2025-12-03 16:00:00,92392.09,92767.36,91785.34,92261.9,6898.0,1800,0.0
2025-12-03 17:00:00,92257.18,93053.13,92205.14,92971.69,5718.0,1800,0.0
2025-12-03 18:00:00,92975.58,93524.93,92386.96,92635.16,5170.0,1800,0.0
2025-12-03 19:00:00,92635.0,93110.95,92537.88,93038.21,3626.0,1800,0.0
2025-12-03 20:00:00,93040.73,93408.75,92832.49,92991.94,4210.0,1800,0.0
2025-12-03 21:00:00,92988.91,93795.67,92858.91,93710.71,3448.0,1800,0.0
2025-12-03 22:00:00,93708.66,94218.46,93306.97,93789.6,4673.0,1800,0.0
2025-12-03 23:00:00,93786.8,94110.54,93369.91,93453.57,4144.0,1800,0.0
2025-12-04 00:00:00,93450.66,93506.48,92681.74,93075.84,4241.0,1800,0.0
2025-12-04 01:00:00,93075.71,93773.47,92994.75,93212.9,4703.0,1800,0.0
2025-12-04 02:00:00,93215.52,94080.82,93127.15,93943.16,4351.0,1800,0.0
2025-12-04 03:00:00,93939.08,94089.29,93393.69,93550.08,3241.0,1800,0.0
2025-12-04 04:00:00,93542.04,93597.64,93211.82,93363.8,2641.0,1800,0.0
2025-12-04 05:00:00,93364.75,93384.31,92784.38,92983.3,2645.0,1800,0.0
2025-12-04 06:00:00,92985.76,93385.5,92847.55,93158.22,2687.0,1800,0.0
2025-12-04 07:00:00,93158.27,93433.24,92902.89,93401.04,2183.0,1800,0.0
2025-12-04 08:00:00,93407.35,93621.05,93044.42,93263.53,2792.0,1800,0.0
2025-12-04 09:00:00,93266.89,93643.76,93242.36,93460.5,2852.0,1800,0.0
2025-12-04 10:00:00,93460.88,93579.3,93161.86,93268.41,2539.0,1800,0.0
2025-12-04 11:00:00,93266.44,93328.6,92733.98,92956.81,2721.0,1800,0.0
2025-12-04 12:00:00,92958.93,93211.41,92779.03,93002.5,2607.0,1800,0.0
2025-12-04 13:00:00,93002.32,93064.43,92430.46,92530.3,4735.0,1800,0.0
2025-12-04 14:00:00,92528.23,92832.58,91809.32,91909.74,7708.0,1800,0.0
2025-12-04 15:00:00,91907.04,93285.54,91897.51,92992.28,9114.0,1800,0.0
2025-12-04 16:00:00,92991.5,93202.14,92280.27,92447.89,6255.0,1800,0.0
2025-12-04 17:00:00,92447.8,92565.07,91772.0,92445.88,5607.0,1800,0.0
2025-12-04 18:00:00,92445.08,92582.16,91966.67,92149.83,4542.0,1800,0.0
2025-12-04 19:00:00,92150.07,92203.11,90886.5,91992.57,8923.0,1800,0.0
2025-12-04 20:00:00,91990.36,92564.73,91696.63,92499.6,5607.0,1800,0.0
2025-12-04 21:00:00,92496.61,92742.09,92096.53,92177.95,3218.0,1800,0.0
2025-12-04 22:00:00,92179.21,92514.11,92165.8,92359.95,2284.0,1800,0.0
2025-12-04 23:00:00,92360.75,92473.98,92075.52,92092.67,2284.0,1800,0.0
2025-12-05 00:00:00,92093.56,92499.16,92072.88,92316.39,2626.0,1800,0.0
2025-12-05 01:00:00,92317.33,92625.33,92242.66,92381.79,2501.0,1800,0.0
2025-12-05 02:00:00,92378.96,92728.17,92263.56,92539.48,2185.0,1800,0.0
2025-12-05 03:00:00,92539.38,92683.54,91979.5,92170.29,2126.0,1800,0.0
2025-12-05 04:00:00,92166.04,92419.41,91811.33,92044.76,2520.0,1800,0.0
2025-12-05 05:00:00,92044.31,92226.46,91890.44,91957.4,2039.0,1800,0.0
2025-12-05 06:00:00,91955.58,92309.53,91915.84,92296.62,1887.0,1800,0.0
2025-12-05 07:00:00,92291.62,92519.26,92217.58,92279.38,1939.0,1800,0.0
2025-12-05 08:00:00,92283.65,92283.65,91913.25,92131.61,2100.0,1800,0.0
2025-12-05 09:00:00,92132.99,92133.06,91004.34,91149.43,4583.0,1800,0.0
2025-12-05 10:00:00,91136.76,91519.63,91106.6,91298.23,2755.0,1800,0.0
2025-12-05 11:00:00,91302.93,91588.02,91137.95,91375.69,2776.0,1800,0.0
2025-12-05 12:00:00,91373.15,91450.21,91083.31,91261.6,2641.0,1800,0.0
2025-12-05 13:00:00,91262.81,91387.04,90246.88,90494.79,6081.0,1800,0.0
2025-12-05 14:00:00,90490.91,90768.05,89906.63,90303.08,8524.0,1800,0.0
2025-12-05 15:00:00,90304.1,91499.77,90270.53,90471.82,11266.0,1800,0.0
2025-12-05 16:00:00,90471.69,90528.79,88050.58,88833.4,15388.0,1800,0.0
2025-12-05 17:00:00,88839.44,89547.29,88624.25,89347.52,8197.0,1800,0.0
2025-12-05 18:00:00,89341.52,89825.28,88921.39,88967.81,6464.0,1800,0.0
2025-12-05 19:00:00,88969.81,89830.56,88836.59,89664.57,6216.0,1800,0.0
2025-12-05 20:00:00,89651.96,89771.55,89206.55,89321.73,4180.0,1800,0.0
2025-12-05 21:00:00,89324.08,89506.12,89090.82,89197.19,2802.0,1800,0.0
2025-12-05 22:00:00,89200.59,89389.62,88908.63,89252.69,2487.0,1800,0.0
2025-12-05 23:00:00,89258.24,89401.63,88950.03,89335.05,2055.0,1800,0.0
2025-12-06 00:00:00,89335.47,89488.77,89044.45,89420.46,2132.0,1800,0.0
2025-12-06 01:00:00,89434.88,89518.53,89205.68,89336.8,1997.0,1800,0.0
2025-12-06 02:00:00,89338.37,89418.35,89178.11,89387.17,1974.0,1800,0.0
2025-12-06 03:00:00,89387.71,89812.66,89384.53,89690.67,2315.0,1800,0.0
2025-12-06 04:00:00,89693.68,89727.5,89525.77,89666.43,1824.0,1800,0.0
2025-12-06 05:00:00,89663.45,89748.92,89529.75,89606.47,1528.0,1800,0.0
2025-12-06 06:00:00,89605.2,89780.37,89531.58,89700.39,1313.0,1800,0.0
2025-12-06 07:00:00,89699.81,89719.96,89472.75,89612.23,1090.0,1800,0.0
2025-12-06 08:00:00,89612.28,89658.49,89222.67,89291.3,2274.0,1800,0.0
2025-12-06 09:00:00,89289.65,89686.81,89265.95,89586.95,1894.0,1800,0.0
2025-12-06 10:00:00,89588.84,89694.87,89461.25,89514.16,1570.0,1800,0.0
2025-12-06 11:00:00,89510.78,89737.46,89494.83,89645.44,1610.0,1800,0.0
2025-12-06 12:00:00,89642.13,89662.41,89561.98,89588.48,1374.0,1800,0.0
2025-12-06 13:00:00,89594.93,89800.56,89580.88,89672.62,1329.0,1800,0.0
2025-12-06 14:00:00,89663.43,90313.39,89649.89,90006.88,2851.0,1800,0.0
2025-12-06 15:00:00,90006.86,90060.61,89484.79,89775.4,3173.0,1800,0.0
2025-12-06 16:00:00,89775.32,89994.64,89675.04,89722.04,2110.0,1800,0.0
2025-12-06 17:00:00,89720.49,89853.7,89607.93,89724.84,1941.0,1800,0.0
2025-12-06 18:00:00,89724.19,89807.86,89528.2,89670.4,1565.0,1800,0.0
2025-12-06 19:00:00,89669.93,89764.56,89256.46,89428.79,2372.0,1800,0.0
2025-12-06 20:00:00,89429.91,89584.21,89331.08,89562.69,1568.0,1800,0.0
2025-12-06 21:00:00,89561.48,89641.61,89408.2,89437.24,1870.0,1800,0.0
2025-12-06 22:00:00,89437.28,89548.2,89260.92,89305.94,1523.0,1800,0.0
2025-12-06 23:00:00,89306.25,89353.19,88914.91,89232.21,2738.0,1800,0.0
2025-12-07 00:00:00,89258.79,89571.45,89180.53,89398.04,2329.0,1800,0.0
2025-12-07 01:00:00,89417.7,89597.58,89301.77,89302.46,1731.0,1800,0.0
2025-12-07 02:00:00,89300.57,89700.33,89300.57,89626.74,1564.0,1800,0.0
2025-12-07 03:00:00,89619.02,89757.65,89552.46,89731.67,1480.0,1800,0.0
2025-12-07 04:00:00,89733.32,89805.82,89492.1,89553.86,1546.0,1800,0.0
2025-12-07 05:00:00,89553.89,89580.71,89424.19,89517.12,1200.0,1800,0.0
2025-12-07 06:00:00,89516.4,89714.15,89491.27,89714.15,1318.0,1800,0.0
2025-12-07 07:00:00,89714.07,89749.44,89199.9,89387.0,1899.0,1800,0.0
2025-12-07 08:00:00,89390.6,89541.65,89184.87,89315.76,1789.0,1800,0.0
2025-12-07 09:00:00,89319.51,89415.56,89054.72,89117.01,1790.0,1800,0.0
2025-12-07 10:00:00,89116.59,89410.84,89098.86,89248.32,1766.0,1800,0.0
2025-12-07 11:00:00,89244.94,89293.79,89147.3,89158.47,1411.0,1800,0.0
2025-12-07 12:00:00,89158.41,89598.67,89123.84,89480.52,1796.0,1800,0.0
2025-12-07 13:00:00,89481.6,89527.47,88624.71,89061.09,3300.0,1800,0.0
2025-12-07 14:00:00,89064.02,89119.64,87730.22,88229.91,8520.0,1800,0.0
2025-12-07 15:00:00,88226.97,89737.16,88167.68,89550.36,7086.0,1800,0.0
2025-12-07 16:00:00,89546.99,89929.42,89107.83,89901.86,4542.0,1800,0.0
2025-12-07 17:00:00,89907.81,91308.5,89621.45,90951.87,8462.0,1800,0.0
2025-12-07 18:00:00,90951.31,91780.9,90951.31,91374.5,5320.0,1800,0.0
2025-12-07 19:00:00,91378.25,91556.54,91219.34,91436.16,2713.0,1800,0.0
2025-12-07 20:00:00,91434.97,91523.98,91315.0,91433.9,2036.0,1800,0.0
2025-12-07 21:00:00,91441.23,91441.23,89852.2,90230.05,4511.0,1800,0.0
2025-12-07 22:00:00,90221.68,90260.01,88939.02,89603.69,9531.0,1800,0.0
2025-12-07 23:00:00,89599.93,90496.55,89527.52,90396.05,4687.0,1800,0.0
2025-12-08 00:00:00,90395.58,90612.58,89843.99,90353.1,4367.0,1800,0.0
2025-12-08 01:00:00,90357.5,91706.38,90301.42,90919.68,5979.0,1800,0.0
2025-12-08 02:00:00,90919.31,91453.57,90803.79,91367.17,4201.0,1800,0.0
2025-12-08 03:00:00,91367.46,91431.12,90979.67,91077.09,2916.0,1800,0.0
2025-12-08 04:00:00,91082.19,91490.27,91012.25,91288.48,2781.0,1800,0.0
2025-12-08 05:00:00,91285.29,91449.66,91035.4,91323.36,2563.0,1800,0.0
2025-12-08 06:00:00,91324.17,91653.17,91240.47,91468.56,2373.0,1800,0.0
2025-12-08 07:00:00,91471.49,91887.43,91341.33,91570.77,2752.0,1800,0.0
2025-12-08 08:00:00,91573.9,91953.51,91475.05,91831.46,2610.0,1800,0.0
2025-12-08 09:00:00,91825.85,92302.2,91783.72,91912.8,3840.0,1800,0.0
2025-12-08 10:00:00,91913.03,92227.02,91820.42,92128.18,2431.0,1800,0.0
2025-12-08 11:00:00,92126.14,92190.44,91858.17,91967.04,2189.0,1800,0.0
2025-12-08 12:00:00,91973.36,91997.07,91666.02,91768.51,2610.0,1800,0.0
2025-12-08 13:00:00,91764.75,92149.77,91265.17,91461.96,4158.0,1800,0.0
2025-12-08 14:00:00,91461.83,91784.14,90764.95,90844.39,9098.0,1800,0.0
2025-12-08 15:00:00,90848.63,91009.25,89600.2,89955.14,11174.0,1800,0.0
2025-12-08 16:00:00,89953.28,90486.89,89659.99,89982.3,7212.0,1800,0.0
2025-12-08 17:00:00,89982.5,90350.29,89686.34,90259.78,5821.0,1800,0.0
2025-12-08 18:00:00,90260.89,90524.13,89719.28,89918.84,6008.0,1800,0.0
2025-12-08 19:00:00,89918.85,90370.35,89845.2,90129.93,5102.0,1800,0.0
2025-12-08 20:00:00,90134.58,90941.59,90134.14,90800.31,4857.0,1800,0.0
2025-12-08 21:00:00,90801.78,91396.13,90671.06,91306.89,3586.0,1800,0.0
2025-12-08 22:00:00,91310.1,91390.34,90716.41,90826.43,2475.0,1800,0.0
2025-12-08 23:00:00,90825.15,91030.47,90481.69,90663.31,2945.0,1800,0.0
2025-12-09 00:00:00,90663.2,90863.91,90350.61,90396.91,3089.0,1800,0.0
2025-12-09 01:00:00,90406.83,90579.36,89959.86,90069.27,3796.0,1800,0.0
2025-12-09 02:00:00,90069.52,90390.26,89977.35,90076.15,2983.0,1800,0.0
2025-12-09 03:00:00,90077.43,90460.55,89811.21,90417.52,2915.0,1800,0.0
2025-12-09 04:00:00,90416.95,90520.63,89731.18,89922.74,2514.0,1800,0.0
2025-12-09 05:00:00,89923.14,90208.61,89463.44,89902.55,2896.0,1800,0.0
2025-12-09 06:00:00,89902.49,90233.22,89773.06,90160.39,2453.0,1800,0.0
2025-12-09 07:00:00,90160.57,90527.77,90083.48,90488.92,2485.0,1800,0.0
2025-12-09 08:00:00,90495.05,90622.89,90353.12,90493.45,2275.0,1800,0.0
2025-12-09 09:00:00,90491.28,90501.19,90125.44,90144.26,2280.0,1800,0.0
2025-12-09 10:00:00,90146.19,90354.48,89905.19,90298.84,2937.0,1800,0.0
2025-12-09 11:00:00,90300.45,90402.5,90131.72,90393.37,2308.0,1800,0.0
2025-12-09 12:00:00,90396.65,90710.3,90315.82,90572.33,2680.0,1800,0.0
2025-12-09 13:00:00,90573.38,90857.73,90156.3,90427.02,3054.0,1800,0.0
2025-12-09 14:00:00,90426.76,90641.28,89999.84,90362.0,7126.0,1800,0.0
2025-12-09 15:00:00,90361.88,92899.06,90283.03,92713.26,13871.0,1800,0.0
2025-12-09 16:00:00,92701.51,94484.73,92684.92,94198.11,12109.0,1800,0.0
2025-12-09 17:00:00,94197.57,94606.16,93548.52,93937.18,7489.0,1800,0.0
2025-12-09 18:00:00,93933.19,94191.57,93666.16,93936.41,4905.0,1800,0.0
2025-12-09 19:00:00,93937.07,94252.13,93652.88,93821.72,4096.0,1800,0.0
2025-12-09 20:00:00,93817.26,93866.74,92779.67,93127.42,6511.0,1800,0.0
2025-12-09 21:00:00,93123.86,93248.86,92250.23,92648.14,4645.0,1800,0.0
2025-12-09 22:00:00,92648.48,93051.89,92501.1,92878.47,3794.0,1800,0.0
2025-12-09 23:00:00,92877.63,92986.48,92546.14,92688.76,2655.0,1800,0.0
2025-12-10 00:00:00,92688.84,92796.19,92050.43,92133.72,3350.0,1800,0.0
2025-12-10 01:00:00,92136.28,92413.18,91966.75,92323.52,3076.0,1800,0.0
2025-12-10 02:00:00,92325.35,92579.1,92031.26,92512.13,2663.0,1800,0.0
2025-12-10 03:00:00,92518.23,92581.19,92348.26,92416.35,1885.0,1800,0.0
2025-12-10 04:00:00,92418.26,92683.46,92388.49,92567.57,2291.0,1800,0.0
2025-12-10 05:00:00,92569.55,92756.85,92527.3,92558.12,1928.0,1800,0.0
2025-12-10 06:00:00,92559.57,92756.68,92401.99,92697.45,1748.0,1800,0.0
2025-12-10 07:00:00,92693.04,92803.86,92495.17,92796.3,1786.0,1800,0.0
2025-12-10 08:00:00,92797.06,92817.8,92548.24,92606.52,1970.0,1800,0.0
2025-12-10 09:00:00,92604.49,92957.19,92426.96,92925.34,2321.0,1800,0.0
2025-12-10 10:00:00,92931.27,93279.72,92132.01,92274.52,4722.0,1800,0.0
2025-12-10 11:00:00,92272.84,92440.98,91761.34,92125.08,3722.0,1800,0.0
2025-12-10 12:00:00,92125.44,92222.79,91816.91,91985.57,2996.0,1800,0.0
2025-12-10 13:00:00,91986.17,92243.15,91940.65,92097.34,2769.0,1800,0.0
2025-12-10 14:00:00,92089.22,92115.78,91593.87,91838.83,5758.0,1800,0.0
2025-12-10 15:00:00,91836.44,92162.9,91565.29,92066.0,6611.0,1800,0.0
2025-12-10 16:00:00,92069.67,92602.92,91893.61,92178.45,5456.0,1800,0.0
2025-12-10 17:00:00,92178.34,92526.37,92090.01,92390.88,4693.0,1800,0.0
2025-12-10 18:00:00,92390.39,93045.65,91985.91,92489.15,6082.0,1800,0.0
2025-12-10 19:00:00,92490.08,93270.13,91667.69,92982.72,19359.0,1800,0.0
2025-12-10 20:00:00,92986.01,94505.18,92270.79,92487.13,15587.0,1800,0.0
2025-12-10 21:00:00,92490.18,92806.58,91885.29,92373.64,7123.0,1800,0.0
2025-12-10 22:00:00,92384.86,92724.27,91955.74,92536.41,4005.0,1800,0.0
2025-12-10 23:00:00,92535.05,92613.76,91950.81,92031.12,2991.0,1800,0.0
2025-12-11 00:00:00,92026.11,92104.1,91057.46,91407.9,4966.0,1800,0.0
2025-12-11 01:00:00,91410.12,91431.94,90662.64,90702.95,6084.0,1800,0.0
2025-12-11 02:00:00,90703.25,90703.25,89882.94,90098.15,7064.0,1800,0.0
2025-12-11 03:00:00,90098.9,90098.9,89403.3,89888.08,6419.0,1800,0.0
2025-12-11 04:00:00,89887.25,90509.89,89695.22,90445.46,3988.0,1800,0.0
2025-12-11 05:00:00,90446.2,90446.2,90075.68,90319.71,2397.0,1800,0.0
2025-12-11 06:00:00,90320.08,90463.59,89969.75,90300.94,2507.0,1800,0.0
2025-12-11 07:00:00,90297.54,90344.45,90084.95,90285.84,2148.0,1800,0.0
2025-12-11 08:00:00,90285.24,90288.89,89978.27,90200.9,2634.0,1800,0.0
2025-12-11 09:00:00,90200.81,90529.04,90148.89,90253.63,2467.0,1800,0.0
2025-12-11 10:00:00,90252.2,90367.7,90170.03,90331.31,1688.0,1800,0.0
2025-12-11 11:00:00,90331.39,90436.19,90212.17,90248.21,1501.0,1800,0.0
2025-12-11 12:00:00,90248.56,90396.7,90015.73,90043.14,2039.0,1800,0.0
2025-12-11 13:00:00,90043.73,90176.46,89856.54,90103.31,2515.0,1800,0.0
2025-12-11 14:00:00,90103.2,90498.1,89255.13,89549.76,8073.0,1800,0.0
2025-12-11 15:00:00,89544.06,90664.27,89403.78,89879.93,9740.0,1800,0.0
2025-12-11 16:00:00,89878.18,90180.42,89319.72,89738.7,7244.0,1800,0.0
2025-12-11 17:00:00,89731.38,90263.31,89618.9,89990.61,4459.0,1800,0.0
2025-12-11 18:00:00,89986.75,91208.71,89889.95,90699.87,5957.0,1800,0.0
2025-12-11 19:00:00,90698.59,91559.25,90579.34,90853.98,5990.0,1800,0.0
2025-12-11 20:00:00,90854.05,91860.9,90798.54,91791.91,5721.0,1800,0.0
2025-12-11 21:00:00,91794.07,93594.17,91703.94,92879.02,8979.0,1800,0.0
2025-12-11 22:00:00,92877.39,93221.75,92100.82,92378.77,5201.0,1800,0.0
2025-12-11 23:00:00,92379.32,92838.21,92345.23,92544.87,3895.0,1800,0.0
2025-12-12 00:00:00,92541.94,92668.78,91469.48,91597.1,3712.0,1800,0.0
2025-12-12 01:00:00,91599.62,92334.64,91542.22,92181.67,4283.0,1800,0.0
2025-12-12 02:00:00,92181.57,92759.89,91935.3,92604.79,3546.0,1800,0.0
2025-12-12 03:00:00,92610.83,92781.74,92182.53,92304.66,2601.0,1800,0.0
2025-12-12 04:00:00,92301.03,92475.28,92141.02,92403.11,1829.0,1800,0.0
2025-12-12 05:00:00,92415.69,92516.72,92075.16,92450.38,1964.0,1800,0.0
2025-12-12 06:00:00,92444.71,92744.29,92408.02,92520.63,2063.0,1800,0.0
2025-12-12 07:00:00,92518.07,92585.29,92266.84,92441.33,1764.0,1800,0.0
2025-12-12 08:00:00,92440.76,92501.38,92099.8,92368.82,2223.0,1800,0.0
2025-12-12 09:00:00,92354.81,92565.28,92086.23,92524.39,2083.0,1800,0.0
2025-12-12 10:00:00,92526.97,92647.2,92420.2,92504.16,1800.0,1800,0.0
2025-12-12 11:00:00,92503.79,92503.79,92278.91,92432.19,1722.0,1800,0.0
2025-12-12 12:00:00,92425.64,92446.71,92079.68,92440.68,1826.0,1800,0.0
2025-12-12 13:00:00,92437.12,92530.43,92245.55,92323.14,1906.0,1800,0.0
2025-12-12 14:00:00,92324.47,92690.15,91899.5,92460.88,6217.0,1800,0.0
2025-12-12 15:00:00,92456.18,92474.16,89767.09,89942.3,14385.0,1800,0.0
2025-12-12 16:00:00,89931.69,90445.9,89473.82,90048.06,11807.0,1800,0.0
2025-12-12 17:00:00,90048.99,90639.09,89834.91,90105.99,7008.0,1800,0.0
2025-12-12 18:00:00,90106.5,90684.04,90044.98,90393.61,5661.0,1800,0.0
2025-12-12 19:00:00,90394.4,90427.33,90007.75,90196.38,4573.0,1800,0.0
2025-12-12 20:00:00,90198.36,90349.55,89886.95,90217.85,4179.0,1800,0.0
2025-12-12 21:00:00,90218.43,90360.5,90107.36,90194.31,1998.0,1800,0.0
2025-12-12 22:00:00,90191.5,90399.24,90184.13,90348.99,1529.0,1800,0.0
2025-12-12 23:00:00,90351.19,90402.54,90231.46,90280.67,1373.0,1800,0.0
2025-12-13 00:00:00,90282.05,90442.93,90202.64,90320.29,1321.0,1800,0.0
2025-12-13 01:00:00,90325.73,90361.74,90113.46,90224.6,1043.0,1800,0.0
2025-12-13 02:00:00,90221.34,90318.87,90210.73,90234.23,1012.0,1800,0.0
2025-12-13 03:00:00,90237.82,90475.09,90197.32,90348.25,932.0,1800,0.0
2025-12-13 04:00:00,90349.86,90423.92,90270.47,90373.57,963.0,1800,0.0
2025-12-13 05:00:00,90378.8,90395.72,90264.51,90337.26,888.0,1800,0.0
2025-12-13 06:00:00,90337.08,90385.86,90271.47,90363.59,832.0,1800,0.0
2025-12-13 07:00:00,90363.19,90414.71,90328.63,90342.34,983.0,1800,0.0
2025-12-13 08:00:00,90345.64,90584.57,90320.31,90468.58,1655.0,1800,0.0
2025-12-13 09:00:00,90466.24,90527.08,90385.57,90430.26,1175.0,1800,0.0
2025-12-13 10:00:00,90432.75,90654.43,90415.16,90603.38,1231.0,1800,0.0
2025-12-13 11:00:00,90601.21,90622.37,90291.88,90359.74,1364.0,1800,0.0
2025-12-13 12:00:00,90361.68,90494.69,90293.24,90359.58,1335.0,1800,0.0
2025-12-13 13:00:00,90365.74,90471.51,90201.88,90272.1,1497.0,1800,0.0
2025-12-13 14:00:00,90270.96,90362.68,89927.93,90101.72,1930.0,1800,0.0
2025-12-13 15:00:00,90092.27,90300.91,90046.91,90107.73,1550.0,1800,0.0
2025-12-13 16:00:00,90111.27,90286.38,90035.42,90109.06,1399.0,1800,0.0
2025-12-13 17:00:00,90108.54,90123.04,89985.71,90072.27,1331.0,1800,0.0
2025-12-13 18:00:00,90068.76,90203.48,90049.56,90135.96,1175.0,1800,0.0
2025-12-13 19:00:00,90130.68,90245.47,90113.22,90193.25,902.0,1800,0.0
2025-12-13 20:00:00,90207.72,90237.64,90047.36,90116.47,985.0,1800,0.0
2025-12-13 21:00:00,90114.12,90195.12,89756.45,90179.73,1760.0,1800,0.0
2025-12-13 22:00:00,90178.37,90283.63,90014.39,90139.23,1802.0,1800,0.0
2025-12-13 23:00:00,90138.37,90303.86,90067.42,90256.34,1482.0,1800,0.0
2025-12-14 00:00:00,90250.22,90495.86,90131.87,90356.66,1790.0,1800,0.0
2025-12-14 01:00:00,90356.97,90455.55,90207.89,90303.95,1330.0,1800,0.0
2025-12-14 02:00:00,90309.79,90402.2,90255.43,90304.58,1056.0,1800,0.0
2025-12-14 03:00:00,90308.85,90323.24,90249.65,90273.72,869.0,1800,0.0
2025-12-14 04:00:00,90274.59,90353.23,90129.64,90214.78,1094.0,1800,0.0
2025-12-14 05:00:00,90209.23,90245.07,90051.74,90205.7,1117.0,1800,0.0
2025-12-14 06:00:00,90205.2,90262.89,90107.58,90161.57,1208.0,1800,0.0
2025-12-14 07:00:00,90162.59,90288.21,90086.39,90265.33,946.0,1800,0.0
2025-12-14 08:00:00,90258.74,90303.89,90116.76,90130.42,1227.0,1800,0.0
2025-12-14 09:00:00,90130.32,90169.17,90015.43,90037.66,1193.0,1800,0.0
2025-12-14 10:00:00,90037.54,90135.64,89792.59,89861.07,2131.0,1800,0.0
2025-12-14 11:00:00,89859.52,89875.03,88586.29,89367.45,6797.0,1800,0.0
2025-12-14 12:00:00,89361.92,89683.86,89115.16,89430.52,3676.0,1800,0.0
2025-12-14 13:00:00,89427.13,89511.97,89085.29,89488.85,3057.0,1800,0.0
2025-12-14 14:00:00,89488.99,89574.42,88878.68,89110.55,3687.0,1800,0.0
2025-12-14 15:00:00,89114.68,89185.08,88867.6,89020.86,2927.0,1800,0.0
2025-12-14 16:00:00,89025.31,89407.15,88499.74,88842.83,3694.0,1800,0.0
2025-12-14 17:00:00,88842.37,89044.57,88599.1,88815.78,3712.0,1800,0.0
2025-12-14 18:00:00,88812.48,89077.73,88714.04,89002.14,2657.0,1800,0.0
2025-12-14 19:00:00,89000.73,89005.72,88495.09,88645.46,2629.0,1800,0.0
2025-12-14 20:00:00,88644.82,88833.53,88353.37,88566.63,3134.0,1800,0.0
2025-12-14 21:00:00,88561.95,88722.26,88347.68,88451.85,2313.0,1800,0.0
2025-12-14 22:00:00,88455.0,88626.58,87988.35,88404.84,3915.0,1800,0.0
2025-12-14 23:00:00,88404.02,88620.13,87561.31,88173.21,6221.0,1800,0.0
2025-12-15 00:00:00,88165.22,88700.39,88058.73,88452.05,5017.0,1800,0.0
2025-12-15 01:00:00,88460.17,89343.25,88412.59,89240.91,5029.0,1800,0.0
2025-12-15 02:00:00,89242.33,90020.91,89230.77,89318.83,4913.0,1800,0.0
2025-12-15 03:00:00,89319.76,89551.2,89228.97,89287.9,2768.0,1800,0.0
2025-12-15 04:00:00,89289.77,89801.75,89273.24,89671.94,2724.0,1800,0.0
2025-12-15 05:00:00,89672.66,89760.8,89488.06,89615.24,1954.0,1800,0.0
2025-12-15 06:00:00,89619.11,89923.24,89469.54,89747.65,2060.0,1800,0.0
2025-12-15 07:00:00,89752.95,89839.27,89515.54,89743.18,2359.0,1800,0.0
2025-12-15 08:00:00,89746.65,89903.97,89642.86,89769.84,2006.0,1800,0.0
2025-12-15 09:00:00,89770.23,89990.73,89770.23,89861.14,2108.0,1800,0.0
2025-12-15 10:00:00,89861.87,89990.89,89692.85,89869.44,2481.0,1800,0.0
2025-12-15 11:00:00,89868.86,89911.08,89573.42,89652.47,1621.0,1800,0.0
2025-12-15 12:00:00,89652.33,89770.31,89421.56,89695.77,2267.0,1800,0.0
2025-12-15 13:00:00,89698.23,89747.4,89263.55,89422.96,2593.0,1800,0.0
2025-12-15 14:00:00,89423.08,89880.64,87832.22,88033.75,10290.0,1800,0.0
2025-12-15 15:00:00,88029.55,88183.64,86600.43,87031.77,18172.0,1800,0.0
2025-12-15 16:00:00,87034.56,87217.06,86015.78,86370.81,11018.0,1800,0.0
2025-12-15 17:00:00,86368.07,86487.07,85569.34,85752.81,7994.0,1800,0.0
2025-12-15 18:00:00,85750.81,86277.85,85095.95,86171.0,8075.0,1800,0.0
2025-12-15 19:00:00,86168.92,86554.72,85847.17,86133.83,7440.0,1800,0.0
2025-12-15 20:00:00,86132.14,86183.46,85591.94,85758.91,6209.0,1800,0.0
2025-12-15 21:00:00,85765.28,86291.27,85494.3,86203.35,3760.0,1800,0.0
2025-12-15 22:00:00,86207.29,86251.63,85795.3,86244.64,2445.0,1800,0.0
2025-12-15 23:00:00,86245.86,86451.95,86088.92,86406.54,2761.0,1800,0.0
2025-12-16 00:00:00,86416.47,86501.45,85815.57,85848.12,3092.0,1800,0.0
2025-12-16 01:00:00,85847.79,86150.51,85646.28,85869.64,4278.0,1800,0.0
2025-12-16 02:00:00,85869.17,86207.28,85780.07,85910.5,3476.0,1800,0.0
2025-12-16 03:00:00,85914.43,85995.45,85356.42,85851.87,3660.0,1800,0.0
2025-12-16 04:00:00,85851.04,85908.35,85244.81,85820.51,3279.0,1800,0.0
2025-12-16 05:00:00,85810.35,86198.49,85771.98,86005.0,2733.0,1800,0.0
2025-12-16 06:00:00,86009.61,86597.59,86009.61,86482.49,1971.0,1800,0.0
2025-12-16 07:00:00,86481.23,86602.45,85834.3,85995.5,3208.0,1800,0.0
2025-12-16 08:00:00,85996.48,86368.75,85894.15,86259.17,2736.0,1800,0.0
2025-12-16 09:00:00,86255.69,86408.49,86164.87,86323.32,2184.0,1800,0.0
2025-12-16 10:00:00,86325.48,87313.98,86243.21,86949.03,4617.0,1800,0.0
2025-12-16 11:00:00,86954.35,87320.84,86790.13,87237.43,3211.0,1800,0.0
2025-12-16 12:00:00,87235.5,87475.16,87042.76,87186.56,3142.0,1800,0.0
2025-12-16 13:00:00,87184.52,87790.54,86392.77,86425.91,9899.0,1800,0.0
2025-12-16 14:00:00,86422.94,87750.25,86066.64,87276.62,14174.0,1800,0.0
2025-12-16 15:00:00,87265.67,88145.47,86819.63,87953.77,11863.0,1800,0.0
2025-12-16 16:00:00,87950.66,88035.19,87360.76,87561.49,8269.0,1800,0.0
2025-12-16 17:00:00,87557.79,87829.46,87066.07,87106.28,5116.0,1800,0.0
2025-12-16 18:00:00,87112.8,88002.45,87034.13,87766.42,4800.0,1800,0.0
2025-12-16 19:00:00,87770.02,87777.83,87262.19,87555.66,4129.0,1800,0.0
2025-12-16 20:00:00,87555.48,87824.79,87313.07,87550.44,3900.0,1800,0.0
2025-12-16 21:00:00,87548.5,87893.43,87475.87,87740.31,2048.0,1800,0.0
2025-12-16 22:00:00,87739.83,87924.89,87613.22,87778.47,1831.0,1800,0.0
2025-12-16 23:00:00,87787.8,87854.6,87574.99,87842.14,2123.0,1800,0.0
2025-12-17 00:00:00,87838.75,87838.75,87383.38,87509.6,2625.0,1800,0.0
2025-12-17 01:00:00,87507.85,87935.41,87449.81,87530.25,2675.0,1800,0.0
2025-12-17 02:00:00,87533.08,87574.59,87163.98,87459.76,2903.0,1800,0.0
2025-12-17 03:00:00,87461.29,87592.73,87116.56,87190.11,1996.0,1800,0.0
2025-12-17 04:00:00,87191.7,87367.81,86682.05,86728.36,2734.0,1800,0.0
2025-12-17 05:00:00,86734.0,86742.66,86180.92,86604.36,4135.0,1800,0.0
2025-12-17 06:00:00,86604.16,86980.59,86556.76,86747.29,2895.0,1800,0.0
2025-12-17 07:00:00,86747.4,87143.47,86556.3,87015.4,3118.0,1800,0.0
2025-12-17 08:00:00,87016.34,87021.43,86281.81,86369.6,2960.0,1800,0.0
2025-12-17 09:00:00,86369.48,86570.35,86216.52,86391.14,2541.0,1800,0.0
2025-12-17 10:00:00,86388.42,86813.65,86195.14,86588.73,3180.0,1800,0.0
2025-12-17 11:00:00,86587.98,87105.86,86520.58,86956.02,2465.0,1800,0.0
2025-12-17 12:00:00,86958.09,87189.56,86783.65,86990.68,3112.0,1800,0.0
2025-12-17 13:00:00,86985.69,87828.64,86770.33,87596.95,5302.0,1800,0.0
2025-12-17 14:00:00,87600.05,89663.35,87131.94,89636.94,14174.0,1800,0.0
2025-12-17 15:00:00,89632.09,90358.52,87102.53,87214.89,23790.0,1800,0.0
2025-12-17 16:00:00,87203.78,87738.38,86128.18,86943.54,17758.0,1800,0.0
2025-12-17 17:00:00,86940.86,87088.68,86219.91,86387.2,7899.0,1800,0.0
2025-12-17 18:00:00,86385.52,86815.26,85603.22,85787.09,7707.0,1800,0.0
2025-12-17 19:00:00,85788.18,86147.23,85265.35,85982.68,8277.0,1800,0.0
2025-12-17 20:00:00,85982.57,86210.61,85621.96,85855.84,5626.0,1800,0.0
2025-12-17 21:00:00,85853.91,86020.24,85660.7,85943.38,2806.0,1800,0.0
2025-12-17 22:00:00,85947.06,86409.85,85851.47,86313.71,2518.0,1800,0.0
2025-12-17 23:00:00,86313.54,86313.54,85905.15,86199.49,2197.0,1800,0.0
2025-12-18 00:00:00,86199.62,86284.23,86007.87,86182.5,2320.0,1800,0.0
2025-12-18 01:00:00,86182.63,86205.55,85816.4,86088.42,3468.0,1800,0.0
2025-12-18 02:00:00,86090.67,86846.92,85974.77,86646.48,4574.0,1800,0.0
2025-12-18 03:00:00,86641.95,86657.07,86218.27,86574.25,2863.0,1800,0.0
2025-12-18 04:00:00,86577.88,86859.22,86550.32,86726.63,2107.0,1800,0.0
2025-12-18 05:00:00,86718.4,86731.29,86329.74,86401.64,2266.0,1800,0.0
2025-12-18 06:00:00,86399.15,86625.41,86363.71,86609.14,1987.0,1800,0.0
2025-12-18 07:00:00,86600.41,86831.68,86547.51,86783.01,2163.0,1800,0.0
2025-12-18 08:00:00,86781.82,87095.14,86636.85,86930.75,3042.0,1800,0.0
2025-12-18 09:00:00,86929.17,87360.35,86750.8,87231.24,2979.0,1800,0.0
2025-12-18 10:00:00,87229.66,87415.47,87159.14,87308.78,2268.0,1800,0.0
2025-12-18 11:00:00,87306.65,87319.25,87012.43,87235.27,2176.0,1800,0.0
2025-12-18 12:00:00,87253.94,87405.66,87065.91,87214.94,2609.0,1800,0.0
2025-12-18 13:00:00,87215.05,89172.02,87210.74,88795.89,12837.0,1800,0.0
2025-12-18 14:00:00,88793.19,89437.64,87675.02,88310.85,17047.0,1800,0.0
2025-12-18 15:00:00,88302.22,89309.43,87918.39,88456.97,11213.0,1800,0.0
2025-12-18 16:00:00,88456.78,88482.52,87765.14,87945.53,7203.0,1800,0.0
2025-12-18 17:00:00,87951.01,87981.13,85409.37,86430.8,17908.0,1800,0.0
2025-12-18 18:00:00,86431.77,86837.86,85654.71,85931.35,7775.0,1800,0.0
2025-12-18 19:00:00,85928.36,85979.32,84426.77,84428.59,12360.0,1800,0.0
2025-12-18 20:00:00,84430.65,85228.13,84393.64,84529.77,9425.0,1800,0.0
2025-12-18 21:00:00,84523.57,85798.09,84506.82,85578.0,6226.0,1800,0.0
2025-12-18 22:00:00,85581.79,85716.4,85224.96,85531.41,3211.0,1800,0.0
2025-12-18 23:00:00,85531.6,85578.52,85260.4,85442.47,2744.0,1800,0.0
2025-12-19 00:00:00,85442.62,85551.1,85234.69,85547.67,2642.0,1800,0.0
2025-12-19 01:00:00,85547.67,85547.67,85048.98,85265.92,3105.0,1800,0.0
2025-12-19 02:00:00,85264.52,85898.96,85064.86,85589.89,3935.0,1800,0.0
2025-12-19 03:00:00,85587.48,87522.14,85546.4,86842.62,11909.0,1800,0.0
2025-12-19 04:00:00,86838.48,87322.52,86771.95,87046.09,4606.0,1800,0.0
2025-12-19 05:00:00,87050.64,87181.41,86611.27,87077.67,3393.0,1800,0.0
2025-12-19 06:00:00,87075.53,87432.68,86846.62,87431.68,2948.0,1800,0.0
2025-12-19 07:00:00,87428.11,88336.78,87410.93,87893.92,6449.0,1800,0.0
2025-12-19 08:00:00,87894.05,88160.45,87667.72,88042.65,4144.0,1800,0.0
2025-12-19 09:00:00,88036.13,88115.95,87841.62,88044.24,3024.0,1800,0.0
2025-12-19 10:00:00,88042.17,88313.09,87841.21,88223.31,3002.0,1800,0.0
2025-12-19 11:00:00,88219.4,88329.01,88080.85,88155.35,2827.0,1800,0.0
2025-12-19 12:00:00,88156.1,88223.23,87786.21,87820.94,3889.0,1800,0.0
2025-12-19 13:00:00,87820.78,88166.68,87773.5,87935.26,3201.0,1800,0.0
2025-12-19 14:00:00,87948.75,88524.27,87449.17,88116.37,10301.0,1800,0.0
2025-12-19 15:00:00,88112.17,89358.98,87635.29,87906.2,13555.0,1800,0.0
2025-12-19 16:00:00,87903.64,88843.73,87810.48,87929.47,7457.0,1800,0.0
2025-12-19 17:00:00,87929.33,88295.83,86810.96,86886.59,8433.0,1800,0.0
2025-12-19 18:00:00,86887.01,87409.44,86773.98,87102.77,4785.0,1800,0.0
2025-12-19 19:00:00,87102.64,88069.78,87071.87,87781.53,4812.0,1800,0.0
2025-12-19 20:00:00,87771.21,88363.5,87537.25,88037.92,5241.0,1800,0.0
2025-12-19 21:00:00,88040.33,88043.39,87729.03,87789.6,2376.0,1800,0.0
2025-12-19 22:00:00,87790.69,88376.61,87786.97,88289.35,2792.0,1800,0.0
2025-12-19 23:00:00,88279.66,88307.16,88076.78,88091.58,1690.0,1800,0.0
2025-12-20 00:00:00,88092.02,88138.87,87909.76,87964.56,2044.0,1800,0.0
2025-12-20 01:00:00,87963.89,88127.25,87956.87,88033.29,1356.0,1800,0.0
2025-12-20 02:00:00,88036.29,88275.56,87940.83,88158.41,1536.0,1800,0.0
2025-12-20 03:00:00,88158.31,88296.48,88120.31,88165.98,1341.0,1800,0.0
2025-12-20 04:00:00,88167.37,88294.64,88072.06,88248.9,1429.0,1800,0.0
2025-12-20 05:00:00,88256.91,88551.03,88219.2,88253.77,1769.0,1800,0.0
2025-12-20 06:00:00,88253.67,88401.93,88234.61,88266.03,1241.0,1800,0.0
2025-12-20 07:00:00,88264.99,88299.07,88142.17,88228.34,1381.0,1800,0.0
2025-12-20 08:00:00,88228.57,88393.39,88212.12,88212.89,1660.0,1800,0.0
2025-12-20 09:00:00,88210.6,88302.65,88176.55,88187.09,1432.0,1800,0.0
2025-12-20 10:00:00,88187.0,88240.32,88079.33,88119.0,1553.0,1800,0.0
2025-12-20 11:00:00,88118.9,88266.36,88049.08,88234.44,1564.0,1800,0.0
2025-12-20 12:00:00,88233.73,88310.27,88138.19,88194.94,1252.0,1800,0.0
2025-12-20 13:00:00,88195.5,88298.06,87753.01,88215.99,2684.0,1800,0.0
2025-12-20 14:00:00,88215.41,88240.44,87959.27,88210.33,1941.0,1800,0.0
2025-12-20 15:00:00,88209.53,88227.59,87956.77,88132.74,1577.0,1800,0.0
2025-12-20 16:00:00,88133.92,88198.12,88081.85,88109.09,1284.0,1800,0.0
2025-12-20 17:00:00,88109.33,88212.59,88050.19,88153.77,1294.0,1800,0.0
2025-12-20 18:00:00,88152.29,88384.53,88103.43,88271.21,1072.0,1800,0.0
2025-12-20 19:00:00,88272.95,88291.74,88158.47,88187.39,1254.0,1800,0.0
2025-12-20 20:00:00,88184.53,88291.23,88168.9,88233.11,1074.0,1800,0.0
2025-12-20 21:00:00,88233.02,88424.05,88137.07,88185.12,1422.0,1800,0.0
2025-12-20 22:00:00,88185.0,88304.08,88111.32,88242.97,1525.0,1800,0.0
2025-12-20 23:00:00,88243.87,88380.69,88207.13,88316.14,1468.0,1800,0.0
2025-12-21 00:00:00,88316.33,88398.24,88259.08,88341.95,1309.0,1800,0.0
2025-12-21 01:00:00,88340.7,88340.7,87961.73,87988.17,1561.0,1800,0.0
2025-12-21 02:00:00,87996.14,88116.72,87823.76,87924.54,2040.0,1800,0.0
2025-12-21 03:00:00,87924.45,88130.81,87907.41,88040.83,1423.0,1800,0.0
2025-12-21 04:00:00,88042.43,88117.24,88005.55,88047.42,1138.0,1800,0.0
2025-12-21 05:00:00,88047.44,88127.61,88019.59,88101.4,1252.0,1800,0.0
2025-12-21 06:00:00,88099.49,88182.59,88036.79,88063.28,1281.0,1800,0.0
2025-12-21 07:00:00,88064.0,88146.19,88014.31,88140.54,1152.0,1800,0.0
2025-12-21 08:00:00,88140.44,88723.33,88098.69,88494.09,2544.0,1800,0.0
2025-12-21 09:00:00,88493.99,89046.27,88456.59,88866.54,3573.0,1800,0.0
2025-12-21 10:00:00,88869.01,88936.09,88536.76,88628.85,2754.0,1800,0.0
2025-12-21 11:00:00,88635.96,88718.35,88537.52,88567.23,1557.0,1800,0.0
2025-12-21 12:00:00,88566.75,88892.58,88419.1,88584.57,2725.0,1800,0.0
2025-12-21 13:00:00,88601.84,88668.39,87547.34,87635.86,7335.0,1800,0.0
2025-12-21 14:00:00,87638.71,88131.71,87584.47,88023.11,4021.0,1800,0.0
2025-12-21 15:00:00,88031.77,88243.4,87770.01,88042.2,2758.0,1800,0.0
2025-12-21 16:00:00,88036.38,88344.92,87948.42,88313.79,2365.0,1800,0.0
2025-12-21 17:00:00,88314.75,88463.89,88234.87,88289.02,2021.0,1800,0.0
2025-12-21 18:00:00,88285.98,88434.83,87908.76,88411.12,2340.0,1800,0.0
2025-12-21 19:00:00,88414.4,88597.59,88173.77,88455.45,2043.0,1800,0.0
2025-12-21 20:00:00,88455.36,88482.47,88193.63,88215.49,1489.0,1800,0.0
2025-12-21 21:00:00,88215.54,88352.13,88060.35,88134.9,1721.0,1800,0.0
2025-12-21 22:00:00,88135.29,88473.26,88083.91,88449.73,1944.0,1800,0.0
2025-12-21 23:00:00,88451.05,88793.58,88333.4,88630.96,3216.0,1800,0.0
2025-12-22 00:00:00,88638.53,89596.56,88573.08,88589.7,7854.0,1800,0.0
2025-12-22 01:00:00,88580.79,89261.97,88478.2,88591.72,4665.0,1800,0.0
2025-12-22 02:00:00,88596.08,88636.63,87859.49,88440.16,5620.0,1800,0.0
2025-12-22 03:00:00,88440.07,88827.45,88240.15,88734.92,3498.0,1800,0.0
2025-12-22 04:00:00,88736.66,89000.96,88670.13,88869.79,2965.0,1800,0.0
2025-12-22 05:00:00,88870.71,88976.83,88718.44,88803.58,2383.0,1800,0.0
2025-12-22 06:00:00,88794.64,88987.06,88689.13,88880.74,2300.0,1800,0.0
2025-12-22 07:00:00,88880.74,89180.54,88844.9,89127.31,2300.0,1800,0.0
2025-12-22 08:00:00,89125.74,89876.97,89050.78,89308.17,5198.0,1800,0.0
2025-12-22 09:00:00,89308.04,89796.43,89253.38,89779.37,3039.0,1800,0.0
2025-12-22 10:00:00,89772.61,89835.23,89558.32,89738.3,2692.0,1800,0.0
2025-12-22 11:00:00,89738.4,90086.6,89608.61,89899.24,3431.0,1800,0.0
2025-12-22 12:00:00,89900.12,90574.22,89812.42,90172.34,4793.0,1800,0.0
2025-12-22 13:00:00,90165.84,90290.99,89685.26,89881.43,3898.0,1800,0.0
2025-12-22 14:00:00,89884.13,90268.48,89400.87,90100.85,9125.0,1800,0.0
2025-12-22 15:00:00,90099.38,90438.27,89127.25,89701.25,10446.0,1800,0.0
2025-12-22 16:00:00,89704.18,90097.19,89469.43,89510.19,5088.0,1800,0.0
2025-12-22 17:00:00,89509.72,89551.58,89040.64,89266.1,4263.0,1800,0.0
2025-12-22 18:00:00,89266.26,89486.81,89096.61,89101.04,3219.0,1800,0.0
2025-12-22 19:00:00,89098.88,89108.9,87905.13,88007.02,5798.0,1800,0.0
2025-12-22 20:00:00,88005.52,88439.97,87858.85,88305.73,4983.0,1800,0.0
2025-12-22 21:00:00,88300.72,88575.8,88179.52,88232.96,2300.0,1800,0.0
2025-12-22 22:00:00,88230.16,88798.58,88086.48,88599.59,2442.0,1800,0.0
2025-12-22 23:00:00,88600.37,88645.76,88366.71,88560.4,2122.0,1800,0.0
2025-12-23 00:00:00,88563.43,88887.84,88435.06,88714.2,2555.0,1800,0.0
2025-12-23 01:00:00,88715.21,88838.79,88362.1,88453.58,2465.0,1800,0.0
2025-12-23 02:00:00,88454.5,88700.88,88049.99,88148.89,3449.0,1800,0.0
2025-12-23 03:00:00,88149.73,88305.29,87718.91,88108.89,3682.0,1800,0.0
2025-12-23 04:00:00,88111.06,88325.19,87857.45,87870.02,2336.0,1800,0.0
2025-12-23 05:00:00,87865.01,87963.17,87532.59,87699.26,3199.0,1800,0.0
2025-12-23 06:00:00,87698.3,87727.13,86961.55,87340.13,5152.0,1800,0.0
2025-12-23 07:00:00,87340.53,87633.86,87302.88,87507.61,2583.0,1800,0.0
2025-12-23 08:00:00,87508.03,87639.89,87358.25,87404.72,2127.0,1800,0.0
2025-12-23 09:00:00,87393.82,87574.55,87224.59,87469.2,2223.0,1800,0.0
2025-12-23 10:00:00,87476.43,87613.39,87438.51,87548.32,1552.0,1800,0.0
2025-12-23 11:00:00,87550.81,87831.79,87496.63,87802.1,2117.0,1800,0.0
2025-12-23 12:00:00,87802.56,87908.99,87531.4,87726.79,2419.0,1800,0.0
2025-12-23 13:00:00,87722.2,87849.67,87360.7,87563.28,3827.0,1800,0.0
2025-12-23 14:00:00,87567.6,87791.54,86528.0,86825.98,8159.0,1800,0.0
2025-12-23 15:00:00,86825.5,87512.62,86648.39,87389.49,6649.0,1800,0.0
2025-12-23 16:00:00,87387.31,88139.71,87270.35,87948.22,6451.0,1800,0.0
2025-12-23 17:00:00,87948.41,88240.49,87109.21,87123.9,4944.0,1800,0.0
2025-12-23 18:00:00,87124.0,88123.41,87100.1,87914.08,4375.0,1800,0.0
2025-12-23 19:00:00,87917.11,87992.99,87576.56,87691.55,2843.0,1800,0.0
2025-12-23 20:00:00,87688.97,88319.71,87462.93,87621.85,3922.0,1800,0.0
2025-12-23 21:00:00,87624.97,87801.64,87473.0,87671.62,2421.0,1800,0.0
2025-12-23 22:00:00,87669.32,87729.3,87185.6,87356.18,2586.0,1800,0.0
2025-12-23 23:00:00,87360.14,87469.78,87118.22,87437.03,2531.0,1800,0.0
2025-12-24 00:00:00,87437.78,87626.31,87194.08,87591.38,2296.0,1800,0.0
2025-12-24 01:00:00,87592.88,87779.2,87436.93,87567.39,2648.0,1800,0.0
2025-12-24 02:00:00,87568.29,87606.54,86862.11,87068.63,3408.0,1800,0.0
2025-12-24 03:00:00,87069.22,87336.96,86790.56,87282.16,2699.0,1800,0.0
2025-12-24 04:00:00,87282.05,87402.49,87020.42,87090.06,1908.0,1800,0.0
2025-12-24 05:00:00,87091.28,87196.93,86716.77,86887.6,2261.0,1800,0.0
2025-12-24 06:00:00,86894.19,87006.68,86718.91,86951.03,1895.0,1800,0.0
2025-12-24 07:00:00,86952.13,87123.11,86835.17,86848.46,1662.0,1800,0.0
2025-12-24 08:00:00,86848.91,87009.7,86687.13,86726.79,2025.0,1800,0.0
2025-12-24 09:00:00,86726.72,86843.55,86654.9,86739.13,1736.0,1800,0.0
2025-12-24 10:00:00,86735.85,87141.6,86729.57,87034.05,1765.0,1800,0.0
2025-12-24 11:00:00,87033.95,87296.79,87030.45,87143.66,1755.0,1800,0.0
2025-12-24 12:00:00,87145.92,87436.46,87064.33,87371.49,1808.0,1800,0.0
2025-12-24 13:00:00,87366.11,87393.1,86985.68,87229.1,1998.0,1800,0.0
2025-12-24 14:00:00,87229.38,87400.62,86352.47,86937.44,6357.0,1800,0.0
2025-12-24 15:00:00,86925.29,87168.55,86512.07,86975.34,5893.0,1800,0.0
2025-12-24 16:00:00,86970.2,87625.19,86841.86,87216.58,5041.0,1800,0.0
2025-12-24 17:00:00,87224.3,87520.22,87180.85,87245.52,3283.0,1800,0.0
2025-12-24 18:00:00,87251.61,87446.13,87155.42,87402.02,2151.0,1800,0.0
2025-12-24 19:00:00,87401.73,87517.97,87264.31,87492.85,1482.0,1800,0.0
2025-12-24 20:00:00,87492.29,87619.18,87456.92,87483.26,1342.0,1800,0.0
2025-12-24 21:00:00,87484.02,87727.36,87484.02,87626.22,1252.0,1800,0.0
2025-12-24 22:00:00,87626.33,88001.75,87618.27,87933.97,1871.0,1800,0.0
2025-12-24 23:00:00,87934.26,87962.82,87520.79,87610.26,2164.0,1800,0.0
2025-12-25 00:00:00,87610.33,87683.18,87437.17,87501.49,2141.0,1800,0.0
2025-12-25 01:00:00,87503.87,87689.56,87496.53,87647.13,1638.0,1800,0.0
2025-12-25 02:00:00,87646.6,87901.63,87500.19,87817.95,1705.0,1800,0.0
2025-12-25 03:00:00,87829.13,87866.89,87708.64,87781.8,1443.0,1800,0.0
2025-12-25 04:00:00,87782.61,87785.91,87671.51,87721.97,1325.0,1800,0.0
2025-12-25 05:00:00,87719.4,87727.48,87583.96,87687.35,1312.0,1800,0.0
2025-12-25 06:00:00,87691.92,87792.72,87617.48,87768.24,1123.0,1800,0.0
2025-12-25 07:00:00,87770.51,87814.0,87689.28,87775.34,1137.0,1800,0.0
2025-12-25 08:00:00,87774.52,87835.84,87288.96,87515.95,2544.0,1800,0.0
2025-12-25 09:00:00,87527.36,87537.9,87379.53,87459.13,1500.0,1800,0.0
2025-12-25 10:00:00,87462.4,87471.5,87189.5,87349.9,1828.0,1800,0.0
2025-12-25 11:00:00,87350.2,87527.86,87340.06,87448.41,1481.0,1800,0.0
2025-12-25 12:00:00,87454.84,87534.83,87413.03,87499.42,1426.0,1800,0.0
2025-12-25 13:00:00,87497.98,87622.42,87338.38,87566.69,1761.0,1800,0.0
2025-12-25 14:00:00,87566.57,87713.66,87486.76,87660.07,1793.0,1800,0.0
2025-12-25 15:00:00,87663.31,88548.48,87653.47,88310.93,4725.0,1800,0.0
2025-12-25 16:00:00,88314.84,88419.04,87918.88,88021.03,2837.0,1800,0.0
2025-12-25 17:00:00,88018.7,88147.81,87924.4,88070.17,2015.0,1800,0.0
2025-12-25 18:00:00,88070.16,88260.01,88065.64,88171.18,1749.0,1800,0.0
2025-12-25 19:00:00,88173.71,88195.69,88000.15,88091.31,1371.0,1800,0.0
2025-12-25 20:00:00,88083.88,88114.37,87569.04,87820.65,2078.0,1800,0.0
2025-12-25 21:00:00,87828.74,87925.49,87746.84,87846.84,1424.0,1800,0.0
2025-12-25 22:00:00,87846.88,87867.4,87236.85,87584.6,2753.0,1800,0.0
2025-12-25 23:00:00,87585.13,87713.37,86891.51,87166.93,4395.0,1800,0.0
2025-12-26 00:00:00,87164.76,87269.46,86816.59,87063.35,3476.0,1800,0.0
2025-12-26 01:00:00,87062.61,87452.15,87058.96,87358.68,2470.0,1800,0.0
2025-12-26 02:00:00,87358.64,89381.04,87355.18,89110.19,9858.0,1800,0.0
2025-12-26 03:00:00,89106.8,89194.99,88619.08,88761.7,4125.0,1800,0.0
2025-12-26 04:00:00,88760.75,89060.05,88428.89,88877.7,2894.0,1800,0.0
2025-12-26 05:00:00,88886.28,88972.8,88738.11,88921.89,2149.0,1800,0.0
2025-12-26 06:00:00,88922.42,89163.48,88922.11,89059.43,2226.0,1800,0.0
2025-12-26 07:00:00,89060.42,89510.63,88264.34,88395.24,3612.0,1800,0.0
2025-12-26 08:00:00,88395.49,88831.31,88344.47,88659.77,3536.0,1800,0.0
2025-12-26 09:00:00,88661.16,88860.72,88569.04,88760.8,2056.0,1800,0.0
2025-12-26 10:00:00,88750.57,88823.9,88606.1,88696.16,1934.0,1800,0.0
2025-12-26 11:00:00,88696.56,88699.97,88457.12,88475.5,1760.0,1800,0.0
2025-12-26 12:00:00,88473.99,88705.39,88473.99,88612.84,1895.0,1800,0.0
2025-12-26 13:00:00,88613.45,89003.17,88545.01,88933.13,2301.0,1800,0.0
2025-12-26 14:00:00,88929.85,89001.02,87273.99,87318.19,8042.0,1800,0.0
2025-12-26 15:00:00,87318.48,87320.84,86583.02,87066.09,10595.0,1800,0.0
2025-12-26 16:00:00,87069.85,87321.42,86757.78,86789.62,4788.0,1800,0.0
2025-12-26 17:00:00,86790.52,87385.36,86724.12,87248.12,3768.0,1800,0.0
2025-12-26 18:00:00,87248.54,87301.68,87049.4,87196.62,2582.0,1800,0.0
2025-12-26 19:00:00,87196.49,87520.11,87154.18,87423.8,1983.0,1800,0.0
2025-12-26 20:00:00,87423.94,87718.3,87307.06,87518.2,2394.0,1800,0.0
2025-12-26 21:00:00,87516.08,87632.14,87368.51,87394.31,1708.0,1800,0.0
2025-12-26 22:00:00,87393.25,87518.83,87231.29,87475.05,1598.0,1800,0.0
2025-12-26 23:00:00,87471.4,87483.84,87257.6,87286.72,1593.0,1800,0.0
2025-12-27 00:00:00,87283.45,87343.06,87156.98,87322.62,1553.0,1800,0.0
2025-12-27 01:00:00,87319.79,87424.59,87252.41,87407.12,1332.0,1800,0.0
2025-12-27 02:00:00,87407.2,87439.7,87317.39,87385.49,1134.0,1800,0.0
2025-12-27 03:00:00,87384.14,87466.73,87307.21,87446.52,1234.0,1800,0.0
2025-12-27 04:00:00,87447.99,87462.01,87392.65,87413.0,958.0,1800,0.0
2025-12-27 05:00:00,87413.31,87451.43,87376.76,87439.17,889.0,1800,0.0
2025-12-27 06:00:00,87439.08,87499.08,87343.25,87401.83,1101.0,1800,0.0
2025-12-27 07:00:00,87399.14,87648.21,87399.14,87470.14,1397.0,1800,0.0
2025-12-27 08:00:00,87477.49,87609.31,87473.85,87527.91,1217.0,1800,0.0
2025-12-27 09:00:00,87519.2,87612.57,87484.7,87557.12,1244.0,1800,0.0
2025-12-27 10:00:00,87560.48,87578.8,87304.21,87443.84,1401.0,1800,0.0
2025-12-27 11:00:00,87449.73,87495.07,87383.59,87423.55,1274.0,1800,0.0
2025-12-27 12:00:00,87425.8,87466.27,87360.17,87414.8,1073.0,1800,0.0
2025-12-27 13:00:00,87414.72,87431.55,87244.65,87395.03,1343.0,1800,0.0
2025-12-27 14:00:00,87395.13,87498.87,87337.26,87479.77,1213.0,1800,0.0
2025-12-27 15:00:00,87479.2,87539.8,87404.56,87503.7,1194.0,1800,0.0
2025-12-27 16:00:00,87506.81,87530.27,87383.84,87451.24,1257.0,1800,0.0
2025-12-27 17:00:00,87452.6,87511.44,87406.25,87494.69,1069.0,1800,0.0
2025-12-27 18:00:00,87495.12,87529.14,87402.23,87435.35,962.0,1800,0.0
2025-12-27 19:00:00,87436.73,87525.95,87426.15,87510.21,960.0,1800,0.0
2025-12-27 20:00:00,87510.31,87582.26,87469.28,87503.86,965.0,1800,0.0
2025-12-27 21:00:00,87504.13,87614.73,87493.6,87597.15,949.0,1800,0.0
2025-12-27 22:00:00,87599.29,87897.42,87429.93,87500.13,2177.0,1800,0.0
2025-12-27 23:00:00,87500.7,87935.89,87486.32,87823.21,1733.0,1800,0.0
2025-12-28 00:00:00,87798.88,87890.89,87641.44,87782.1,1642.0,1800,0.0
2025-12-28 01:00:00,87782.5,87881.2,87670.62,87723.11,1445.0,1800,0.0
2025-12-28 02:00:00,87717.3,87805.08,87682.93,87731.51,922.0,1800,0.0
2025-12-28 03:00:00,87726.01,87775.29,87655.59,87658.85,938.0,1800,0.0
2025-12-28 04:00:00,87655.58,87764.11,87616.35,87658.58,1106.0,1800,0.0
2025-12-28 05:00:00,87660.29,87660.29,87534.07,87592.41,1268.0,1800,0.0
2025-12-28 06:00:00,87588.53,87721.06,87567.48,87656.2,1073.0,1800,0.0
2025-12-28 07:00:00,87654.81,87662.69,87589.61,87656.13,1020.0,1800,0.0
2025-12-28 08:00:00,87666.07,87913.13,87659.32,87736.32,1367.0,1800,0.0
2025-12-28 09:00:00,87740.69,87830.58,87646.08,87731.0,1166.0,1800,0.0
2025-12-28 10:00:00,87725.71,87944.11,87720.81,87789.66,1534.0,1800,0.0
2025-12-28 11:00:00,87789.93,87865.7,87738.75,87807.8,1291.0,1800,0.0
2025-12-28 12:00:00,87807.96,87823.03,87714.53,87781.29,1107.0,1800,0.0
2025-12-28 13:00:00,87783.43,87879.87,87721.41,87821.52,1335.0,1800,0.0
2025-12-28 14:00:00,87826.47,88033.28,87822.91,87851.13,1539.0,1800,0.0
2025-12-28 15:00:00,87851.25,87939.01,87749.21,87773.28,1324.0,1800,0.0
2025-12-28 16:00:00,87774.25,87833.22,87665.53,87744.99,1397.0,1800,0.0
2025-12-28 17:00:00,87746.53,87860.65,87680.84,87680.84,1095.0,1800,0.0
2025-12-28 18:00:00,87703.43,87703.43,87414.41,87527.95,2009.0,1800,0.0
2025-12-28 19:00:00,87528.03,87620.27,87424.84,87446.57,1358.0,1800,0.0
2025-12-28 20:00:00,87447.17,87584.09,87367.58,87439.53,1200.0,1800,0.0
2025-12-28 21:00:00,87441.6,87525.79,87352.49,87524.49,1169.0,1800,0.0
2025-12-28 22:00:00,87528.15,87926.9,87403.55,87831.78,1660.0,1800,0.0
2025-12-28 23:00:00,87827.58,87985.46,87566.08,87878.3,2299.0,1800,0.0
2025-12-29 00:00:00,87870.04,88374.62,87726.26,88210.01,3907.0,1800,0.0
2025-12-29 01:00:00,88204.82,88407.56,87784.04,88359.8,3455.0,1800,0.0
2025-12-29 02:00:00,88359.35,89287.88,88359.35,89069.44,6034.0,1800,0.0
2025-12-29 03:00:00,89080.12,90076.08,88990.83,90021.88,4526.0,1800,0.0
2025-12-29 04:00:00,90009.68,90321.29,89827.88,90049.43,3258.0,1800,0.0
2025-12-29 05:00:00,90050.07,90203.57,89820.55,89883.81,2250.0,1800,0.0
2025-12-29 06:00:00,89883.26,90031.18,89648.41,89677.31,2018.0,1800,0.0
2025-12-29 07:00:00,89677.54,89759.55,89389.45,89510.45,2589.0,1800,0.0
2025-12-29 08:00:00,89510.59,89722.35,89346.54,89452.54,2389.0,1800,0.0
2025-12-29 09:00:00,89452.79,89512.1,87662.57,88007.58,5729.0,1800,0.0
2025-12-29 10:00:00,88000.52,88169.43,87534.15,87683.77,3221.0,1800,0.0
2025-12-29 11:00:00,87682.47,87689.24,87441.33,87448.05,2391.0,1800,0.0
2025-12-29 12:00:00,87458.76,87529.41,86681.38,87271.04,6447.0,1800,0.0
2025-12-29 13:00:00,87269.36,87421.23,87042.52,87280.8,2860.0,1800,0.0
2025-12-29 14:00:00,87280.67,88086.39,87140.7,87331.59,7304.0,1800,0.0
2025-12-29 15:00:00,87332.73,87817.06,87091.78,87584.48,5781.0,1800,0.0
2025-12-29 16:00:00,87582.65,87753.11,87339.19,87517.86,3831.0,1800,0.0
2025-12-29 17:00:00,87533.27,87763.29,87235.79,87745.79,3076.0,1800,0.0
2025-12-29 18:00:00,87746.9,87907.49,87249.64,87358.25,2943.0,1800,0.0
2025-12-29 19:00:00,87360.13,87571.72,87194.59,87251.16,2470.0,1800,0.0
2025-12-29 20:00:00,87249.33,87489.46,86965.56,87094.52,2818.0,1800,0.0
2025-12-29 21:00:00,87092.1,87263.56,87061.83,87221.77,1537.0,1800,0.0
2025-12-29 22:00:00,87221.72,87294.26,86952.37,87243.25,1648.0,1800,0.0
2025-12-29 23:00:00,87236.65,87298.66,87057.1,87107.53,1504.0,1800,0.0
2025-12-30 00:00:00,87107.65,87248.84,86987.73,87139.57,1912.0,1800,0.0
2025-12-30 01:00:00,87139.47,87240.14,86988.62,87198.97,1763.0,1800,0.0
2025-12-30 02:00:00,87202.18,87230.29,86851.84,86982.62,2674.0,1800,0.0
2025-12-30 03:00:00,86986.76,87320.74,86708.87,87253.47,2879.0,1800,0.0
2025-12-30 04:00:00,87253.38,87385.5,87170.19,87195.61,1854.0,1800,0.0
2025-12-30 05:00:00,87193.73,87257.39,87027.07,87142.47,1601.0,1800,0.0
2025-12-30 06:00:00,87134.29,87414.74,87116.55,87332.58,1628.0,1800,0.0
2025-12-30 07:00:00,87335.48,87510.44,87244.41,87377.6,1645.0,1800,0.0
2025-12-30 08:00:00,87375.31,88112.03,87370.75,87744.44,4107.0,1800,0.0
2025-12-30 09:00:00,87742.39,87920.52,87521.05,87880.32,2342.0,1800,0.0
2025-12-30 10:00:00,87873.28,88078.55,87776.18,87836.49,2271.0,1800,0.0
2025-12-30 11:00:00,87836.84,87925.44,87635.14,87793.28,1964.0,1800,0.0
2025-12-30 12:00:00,87797.18,87981.68,87787.73,87907.03,1829.0,1800,0.0
2025-12-30 13:00:00,87911.87,88032.64,87787.92,87985.64,2256.0,1800,0.0
2025-12-30 14:00:00,87985.71,88904.55,87706.66,88757.44,7254.0,1800,0.0
2025-12-30 15:00:00,88753.31,89071.67,88085.91,88912.13,7591.0,1800,0.0
2025-12-30 16:00:00,88913.47,89313.02,88475.26,88652.41,5855.0,1800,0.0
2025-12-30 17:00:00,88657.16,88822.54,88039.28,88296.79,3428.0,1800,0.0
2025-12-30 18:00:00,88296.56,88423.52,88042.81,88220.87,2630.0,1800,0.0
2025-12-30 19:00:00,88217.28,88357.65,87869.98,88139.58,3038.0,1800,0.0
2025-12-30 20:00:00,88136.49,88142.76,87772.56,87850.52,2337.0,1800,0.0
2025-12-30 21:00:00,87854.91,88244.07,87789.08,88197.09,1835.0,1800,0.0
2025-12-30 22:00:00,88200.97,88387.32,88174.44,88322.93,1666.0,1800,0.0
2025-12-30 23:00:00,88321.69,88485.01,88253.7,88408.99,1875.0,1800,0.0
2025-12-31 00:00:00,88408.89,88408.89,88135.88,88154.49,1972.0,1800,0.0
2025-12-31 01:00:00,88153.55,88694.56,88063.45,88537.05,2598.0,1800,0.0
2025-12-31 02:00:00,88537.47,88644.9,88404.72,88570.76,2322.0,1800,0.0
2025-12-31 03:00:00,88570.75,88710.4,88260.34,88333.7,2163.0,1800,0.0
2025-12-31 04:00:00,88329.79,88442.5,88202.25,88211.13,1703.0,1800,0.0
2025-12-31 05:00:00,88217.75,88417.23,88217.75,88340.79,1544.0,1800,0.0
2025-12-31 06:00:00,88343.51,88453.84,88343.51,88391.43,1250.0,1800,0.0
2025-12-31 07:00:00,88393.69,88531.65,88311.99,88497.59,1570.0,1800,0.0
2025-12-31 08:00:00,88497.5,88620.54,88270.97,88318.12,1651.0,1800,0.0
2025-12-31 09:00:00,88317.77,88602.22,88317.77,88548.56,1670.0,1800,0.0
2025-12-31 10:00:00,88547.81,88778.39,88547.47,88727.04,1755.0,1800,0.0
2025-12-31 11:00:00,88731.64,88938.96,88686.45,88903.41,2282.0,1800,0.0
2025-12-31 12:00:00,88900.21,88935.66,88626.91,88660.95,2155.0,1800,0.0
2025-12-31 13:00:00,88659.65,88950.18,88625.28,88879.39,2109.0,1800,0.0
2025-12-31 14:00:00,88876.68,89123.52,88161.94,88380.17,5415.0,1800,0.0
2025-12-31 15:00:00,88376.56,88389.49,87661.48,87832.9,5245.0,1800,0.0
2025-12-31 16:00:00,87833.92,87934.39,87263.24,87546.08,5008.0,1800,0.0
2025-12-31 17:00:00,87544.86,87630.76,87362.38,87483.73,2935.0,1800,0.0
2025-12-31 18:00:00,87483.69,87853.3,87435.34,87567.18,2360.0,1800,0.0
2025-12-31 19:00:00,87567.16,87746.76,87366.51,87391.93,1971.0,1800,0.0
2025-12-31 20:00:00,87386.5,87548.99,87077.42,87492.88,2594.0,1800,0.0
2025-12-31 21:00:00,87496.43,87722.11,87496.43,87653.36,1581.0,1800,0.0
2025-12-31 22:00:00,87653.02,87747.34,87508.79,87594.24,1507.0,1800,0.0
2025-12-31 23:00:00,87594.15,87599.13,87472.4,87507.73,1206.0,1800,0.0
2026-01-01 00:00:00,87507.82,87701.45,87489.55,87652.17,1308.0,1800,0.0
2026-01-01 01:00:00,87649.31,87908.2,87646.93,87793.12,1652.0,1800,0.0
2026-01-01 02:00:00,87794.08,87942.1,87737.94,87761.11,1547.0,1800,0.0
2026-01-01 03:00:00,87761.19,87873.54,87672.23,87704.59,1076.0,1800,0.0
2026-01-01 04:00:00,87704.5,87711.39,87380.62,87425.03,1601.0,1800,0.0
2026-01-01 05:00:00,87424.95,87596.74,87422.76,87553.72,1057.0,1800,0.0
2026-01-01 06:00:00,87553.5,87553.5,87474.03,87504.61,814.0,1800,0.0
2026-01-01 07:00:00,87506.0,87527.65,87433.24,87484.42,1099.0,1800,0.0
2026-01-01 08:00:00,87477.63,87658.29,87456.93,87613.83,1314.0,1800,0.0
2026-01-01 09:00:00,87613.92,87809.79,87591.78,87738.39,1216.0,1800,0.0
2026-01-01 10:00:00,87736.31,87747.24,87650.19,87725.89,1033.0,1800,0.0
2026-01-01 11:00:00,87724.22,87886.41,87703.0,87874.48,1355.0,1800,0.0
2026-01-01 12:00:00,87876.18,87903.6,87784.4,87796.47,1334.0,1800,0.0
2026-01-01 13:00:00,87804.68,87890.7,87715.68,87782.57,1243.0,1800,0.0
2026-01-01 14:00:00,87783.58,87855.02,87687.0,87834.78,1517.0,1800,0.0
2026-01-01 15:00:00,87834.47,88008.18,87801.22,87914.24,1625.0,1800,0.0
2026-01-01 16:00:00,87914.34,87934.86,87755.81,87874.67,1455.0,1800,0.0
2026-01-01 17:00:00,87874.75,88396.38,87846.15,88199.85,2168.0,1800,0.0
2026-01-01 18:00:00,88204.21,88250.56,87984.23,88072.49,1718.0,1800,0.0
2026-01-01 19:00:00,88072.39,88308.94,87945.29,88275.66,1505.0,1800,0.0
2026-01-01 20:00:00,88275.25,88276.76,88108.68,88147.12,1328.0,1800,0.0
2026-01-01 21:00:00,88147.2,88321.83,88122.85,88277.56,1162.0,1800,0.0
2026-01-01 22:00:00,88277.41,88581.81,88274.68,88527.31,1732.0,1800,0.0
2026-01-01 23:00:00,88530.38,88800.64,88346.5,88733.79,2413.0,1800,0.0
2026-01-02 00:00:00,88733.95,88791.57,88472.13,88732.05,2366.0,1800,0.0
2026-01-02 01:00:00,88738.04,88774.31,88421.85,88533.33,1745.0,1800,0.0
2026-01-02 02:00:00,88539.05,88573.89,88254.03,88530.81,1882.0,1800,0.0
2026-01-02 03:00:00,88534.19,89027.14,88458.57,88839.69,3058.0,1800,0.0
2026-01-02 04:00:00,88841.29,88892.1,88511.31,88536.74,1752.0,1800,0.0
2026-01-02 05:00:00,88535.5,88691.46,88460.13,88654.74,1319.0,1800,0.0
2026-01-02 06:00:00,88657.71,88989.92,88612.38,88833.89,1793.0,1800,0.0
2026-01-02 07:00:00,88841.36,88968.53,88720.94,88762.52,1585.0,1800,0.0
2026-01-02 08:00:00,88764.02,89093.31,88702.0,89060.65,1901.0,1800,0.0
2026-01-02 09:00:00,89054.31,89395.0,88984.8,89359.63,3001.0,1800,0.0
2026-01-02 10:00:00,89363.63,89843.11,89323.15,89563.08,3420.0,1800,0.0
2026-01-02 11:00:00,89565.71,89583.65,89252.37,89411.25,2385.0,1800,0.0
2026-01-02 12:00:00,89408.62,89502.89,89286.13,89315.52,2163.0,1800,0.0
2026-01-02 13:00:00,89313.09,89615.45,89224.21,89283.28,1991.0,1800,0.0
2026-01-02 14:00:00,89280.22,90095.48,88388.55,89520.48,9655.0,1800,0.0
2026-01-02 15:00:00,89520.03,89824.14,88729.9,89352.7,9972.0,1800,0.0
2026-01-02 16:00:00,89344.7,90807.0,89131.06,90315.29,9927.0,1800,0.0
2026-01-02 17:00:00,90314.02,90942.72,90151.58,90336.87,6807.0,1800,0.0
2026-01-02 18:00:00,90338.56,90528.56,89505.14,89726.44,5060.0,1800,0.0
2026-01-02 19:00:00,89727.42,90111.96,89595.24,89855.2,4828.0,1800,0.0
2026-01-02 20:00:00,89854.4,90031.37,89567.29,89678.52,3844.0,1800,0.0
2026-01-02 21:00:00,89680.29,90141.58,89666.87,90017.59,2149.0,1800,0.0
2026-01-02 22:00:00,90017.1,90371.97,89972.6,90159.46,2373.0,1800,0.0
2026-01-02 23:00:00,90159.3,90166.99,89853.6,89955.16,1550.0,1800,0.0
2026-01-03 00:00:00,89947.1,90157.26,89923.32,90118.32,1810.0,1800,0.0
2026-01-03 01:00:00,90117.68,90255.99,90025.39,90226.69,1632.0,1800,0.0
2026-01-03 02:00:00,90228.59,90369.73,90083.08,90283.31,1579.0,1800,0.0
2026-01-03 03:00:00,90282.19,90342.52,90151.44,90282.32,1532.0,1800,0.0
2026-01-03 04:00:00,90283.58,90451.94,89995.38,90123.63,1691.0,1800,0.0
2026-01-03 05:00:00,90128.72,90165.52,89876.85,89995.32,1535.0,1800,0.0
2026-01-03 06:00:00,89995.53,90102.03,89810.95,89830.04,1472.0,1800,0.0
2026-01-03 07:00:00,89830.24,89915.34,89264.09,89531.98,3126.0,1800,0.0
2026-01-03 08:00:00,89533.58,89802.44,89388.23,89625.51,2556.0,1800,0.0
2026-01-03 09:00:00,89628.61,89949.41,89587.28,89755.67,2307.0,1800,0.0
2026-01-03 10:00:00,89761.3,89837.13,89665.88,89713.33,1720.0,1800,0.0
2026-01-03 11:00:00,89716.4,89745.83,89628.2,89697.57,1310.0,1800,0.0
2026-01-03 12:00:00,89697.79,90004.84,89601.67,89989.91,1728.0,1800,0.0
2026-01-03 13:00:00,89970.99,90006.45,89865.5,89945.38,1563.0,1800,0.0
2026-01-03 14:00:00,89946.83,90192.08,89903.64,90078.25,2002.0,1800,0.0
2026-01-03 15:00:00,90078.32,90078.32,89905.91,89921.58,1559.0,1800,0.0
2026-01-03 16:00:00,89929.87,90169.01,89854.48,90059.37,1946.0,1800,0.0
2026-01-03 17:00:00,90055.34,90082.31,89969.03,90046.55,1266.0,1800,0.0
2026-01-03 18:00:00,90049.19,90143.32,89970.98,90087.59,1217.0,1800,0.0
2026-01-03 19:00:00,90090.82,90102.08,89999.45,90078.42,1227.0,1800,0.0
2026-01-03 20:00:00,90078.31,90323.32,89960.35,90301.49,1539.0,1800,0.0
2026-01-03 21:00:00,90299.88,90694.22,90277.74,90505.63,2013.0,1800,0.0
2026-01-03 22:00:00,90503.61,90691.38,90433.24,90549.23,1795.0,1800,0.0
2026-01-03 23:00:00,90549.4,90653.18,90408.96,90582.25,1717.0,1800,0.0
2026-01-04 00:00:00,90581.29,91585.66,90581.29,91281.41,5545.0,1800,0.0
2026-01-04 01:00:00,91282.69,91439.47,90959.4,91176.12,2627.0,1800,0.0
2026-01-04 02:00:00,91176.47,91261.61,91036.64,91098.06,1791.0,1800,0.0
2026-01-04 03:00:00,91098.14,91317.84,91039.18,91195.42,2039.0,1800,0.0
2026-01-04 04:00:00,91189.64,91553.73,91138.81,91354.03,2002.0,1800,0.0
2026-01-04 05:00:00,91360.52,91450.21,91296.83,91432.53,1657.0,1800,0.0
2026-01-04 06:00:00,91432.62,91779.69,91178.88,91194.15,3026.0,1800,0.0
2026-01-04 07:00:00,91199.13,91505.0,91169.92,91471.66,2127.0,1800,0.0
2026-01-04 08:00:00,91471.76,91501.11,91103.58,91319.13,2530.0,1800,0.0
2026-01-04 09:00:00,91319.34,91439.94,91208.74,91407.02,2148.0,1800,0.0
2026-01-04 10:00:00,91403.64,91586.59,91368.21,91548.81,2154.0,1800,0.0
2026-01-04 11:00:00,91548.74,91550.95,91190.62,91267.1,2017.0,1800,0.0
2026-01-04 12:00:00,91266.56,91329.72,91031.48,91094.26,2211.0,1800,0.0
2026-01-04 13:00:00,91095.5,91240.17,90979.95,91224.09,2027.0,1800,0.0
2026-01-04 14:00:00,91224.18,91370.18,91098.14,91297.56,2190.0,1800,0.0
2026-01-04 15:00:00,91297.44,91349.87,91049.42,91283.21,2045.0,1800,0.0
2026-01-04 16:00:00,91282.52,91424.21,91199.37,91282.35,2084.0,1800,0.0
2026-01-04 17:00:00,91281.99,91410.65,91251.29,91299.52,1604.0,1800,0.0
2026-01-04 18:00:00,91305.54,91305.88,90933.7,91161.51,2010.0,1800,0.0
2026-01-04 19:00:00,91153.12,91186.69,90798.45,91109.04,2489.0,1800,0.0
2026-01-04 20:00:00,91109.14,91311.45,91079.87,91285.25,1566.0,1800,0.0
2026-01-04 21:00:00,91286.64,91393.95,91135.3,91241.51,1733.0,1800,0.0
2026-01-04 22:00:00,91240.43,91361.16,91095.03,91178.91,1695.0,1800,0.0
2026-01-04 23:00:00,91179.55,91565.0,91179.55,91488.4,3360.0,1800,0.0
2026-01-05 00:00:00,91485.09,92396.49,91465.83,92368.73,6657.0,1800,0.0
2026-01-05 01:00:00,92369.95,93370.81,92226.29,92934.28,6999.0,1800,0.0
2026-01-05 02:00:00,92939.57,93130.66,92687.64,92991.15,3289.0,1800,0.0
2026-01-05 03:00:00,92993.41,93168.98,92824.36,92837.49,2489.0,1800,0.0
2026-01-05 04:00:00,92829.0,92923.95,92285.7,92560.58,2995.0,1800,0.0
2026-01-05 05:00:00,92560.82,92687.36,92300.94,92324.1,2162.0,1800,0.0
2026-01-05 06:00:00,92322.84,92464.68,92087.9,92440.54,2176.0,1800,0.0
2026-01-05 07:00:00,92444.78,92601.9,92425.94,92479.47,1584.0,1800,0.0
2026-01-05 08:00:00,92481.94,92734.58,92396.67,92423.79,2107.0,1800,0.0
2026-01-05 09:00:00,92423.45,92811.81,92266.91,92647.21,2509.0,1800,0.0
2026-01-05 10:00:00,92645.92,93105.75,92616.65,93031.47,2442.0,1800,0.0
2026-01-05 11:00:00,93034.33,93107.84,92834.13,93074.53,2316.0,1800,0.0
2026-01-05 12:00:00,93082.17,93177.71,92693.93,92821.61,2572.0,1800,0.0
2026-01-05 13:00:00,92820.35,92967.62,92480.32,92690.91,3060.0,1800,0.0
2026-01-05 14:00:00,92693.26,93650.86,92355.51,93387.0,8906.0,1800,0.0
2026-01-05 15:00:00,93389.69,94009.48,93117.16,93921.03,8369.0,1800,0.0
2026-01-05 16:00:00,93921.09,94074.53,93563.0,93674.11,5325.0,1800,0.0
2026-01-05 17:00:00,93674.35,94466.39,93227.08,94298.09,5257.0,1800,0.0
2026-01-05 18:00:00,94301.01,94515.18,93895.0,94432.92,4567.0,1800,0.0
2026-01-05 19:00:00,94429.46,94496.62,94121.38,94282.66,3486.0,1800,0.0
2026-01-05 20:00:00,94283.2,94815.18,94033.35,94181.68,4582.0,1800,0.0
2026-01-05 21:00:00,94184.11,94238.97,93802.45,94087.97,2671.0,1800,0.0
2026-01-05 22:00:00,94086.91,94409.49,93994.89,94174.37,2080.0,1800,0.0
2026-01-05 23:00:00,94178.08,94204.44,93853.74,93870.79,2477.0,1800,0.0
2026-01-06 00:00:00,93872.83,93998.34,93544.34,93809.88,2831.0,1800,0.0
2026-01-06 01:00:00,93806.1,94170.87,93726.24,93776.38,2897.0,1800,0.0
2026-01-06 02:00:00,93770.62,93875.08,93509.01,93629.57,2234.0,1800,0.0
2026-01-06 03:00:00,93629.47,93930.94,93594.16,93752.82,2044.0,1800,0.0
2026-01-06 04:00:00,93754.29,93998.21,93715.96,93786.52,1787.0,1800,0.0
2026-01-06 05:00:00,93786.16,93819.67,93539.89,93571.41,1989.0,1800,0.0
2026-01-06 06:00:00,93563.6,93935.12,93521.23,93744.33,2298.0,1800,0.0
2026-01-06 07:00:00,93753.86,93770.13,93095.98,93217.32,2760.0,1800,0.0
2026-01-06 08:00:00,93216.01,93390.88,93127.07,93197.77,2160.0,1800,0.0
2026-01-06 09:00:00,93197.89,93531.63,93185.35,93419.84,2089.0,1800,0.0
2026-01-06 10:00:00,93419.93,93627.21,93360.57,93536.82,1785.0,1800,0.0
2026-01-06 11:00:00,93547.51,93875.08,93532.06,93812.74,1931.0,1800,0.0
2026-01-06 12:00:00,93813.75,93961.0,93743.55,93829.11,1897.0,1800,0.0
2026-01-06 13:00:00,93825.0,93842.82,93596.47,93694.92,2187.0,1800,0.0
2026-01-06 14:00:00,93695.38,94432.22,93481.55,93806.75,8106.0,1800,0.0
2026-01-06 15:00:00,93808.9,94286.05,93313.22,93616.49,6981.0,1800,0.0
2026-01-06 16:00:00,93606.01,93744.87,92277.33,92648.17,7683.0,1800,0.0
2026-01-06 17:00:00,92648.03,92727.0,91476.08,91539.66,7158.0,1800,0.0
2026-01-06 18:00:00,91538.65,92189.81,91198.07,91982.65,6277.0,1800,0.0
2026-01-06 19:00:00,91984.35,92297.25,91835.2,92030.09,2966.0,1800,0.0
2026-01-06 20:00:00,92030.01,92652.25,92030.01,92452.73,2922.0,1800,0.0
2026-01-06 21:00:00,92452.44,93806.9,92316.22,93208.14,6246.0,1800,0.0
2026-01-06 22:00:00,93208.02,93496.19,92914.37,93326.25,3057.0,1800,0.0
2026-01-06 23:00:00,93327.59,93742.03,93280.21,93713.26,2755.0,1800,0.0
2026-01-07 00:00:00,93713.13,93718.02,92585.83,92654.58,3399.0,1800,0.0
2026-01-07 01:00:00,92651.95,92844.3,92265.45,92378.67,4146.0,1800,0.0
2026-01-07 02:00:00,92376.81,92998.69,92178.48,92895.92,3088.0,1800,0.0
2026-01-07 03:00:00,92896.88,93060.29,92678.84,92758.77,2306.0,1800,0.0
2026-01-07 04:00:00,92759.51,92871.25,92535.2,92603.26,2177.0,1800,0.0
2026-01-07 05:00:00,92607.99,92796.55,92432.26,92475.3,2163.0,1800,0.0
2026-01-07 06:00:00,92479.59,92844.28,92446.5,92548.48,1896.0,1800,0.0
2026-01-07 07:00:00,92560.51,92834.36,92560.51,92820.09,1679.0,1800,0.0
2026-01-07 08:00:00,92817.93,92911.12,92620.43,92647.79,2047.0,1800,0.0
2026-01-07 09:00:00,92647.03,92647.03,91528.7,91635.35,4337.0,1800,0.0
2026-01-07 10:00:00,91636.59,91926.16,91514.26,91885.24,2498.0,1800,0.0
2026-01-07 11:00:00,91887.57,92186.45,91846.32,92004.22,2147.0,1800,0.0
2026-01-07 12:00:00,92006.95,92113.07,91892.19,91923.04,2253.0,1800,0.0
2026-01-07 13:00:00,91921.2,92214.33,91777.06,91964.73,2751.0,1800,0.0
2026-01-07 14:00:00,91968.08,92082.49,91271.63,91900.55,7636.0,1800,0.0
2026-01-07 15:00:00,91903.19,91939.2,90952.76,91266.47,8819.0,1800,0.0
2026-01-07 16:00:00,91268.72,91715.77,91057.69,91183.27,5019.0,1800,0.0
2026-01-07 17:00:00,91185.61,91629.03,90936.57,91163.81,4006.0,1800,0.0
2026-01-07 18:00:00,91158.37,91361.4,90642.31,90804.71,3962.0,1800,0.0
2026-01-07 19:00:00,90803.15,91181.57,90578.65,91082.82,3660.0,1800,0.0
2026-01-07 20:00:00,91083.0,91207.11,90675.32,90940.33,3496.0,1800,0.0
2026-01-07 21:00:00,90939.82,91141.08,90931.99,90988.65,1900.0,1800,0.0
2026-01-07 22:00:00,90978.68,91300.52,90779.92,91086.28,2309.0,1800,0.0
2026-01-07 23:00:00,91088.68,91408.63,90914.31,91279.41,3184.0,1800,0.0
2026-01-08 00:00:00,91284.59,91441.37,90978.9,91297.35,2519.0,1800,0.0
2026-01-08 01:00:00,91302.45,91604.46,91196.72,91318.53,2204.0,1800,0.0
2026-01-08 02:00:00,91320.25,91378.88,90641.2,90858.49,3372.0,1800,0.0
2026-01-08 03:00:00,90856.94,91031.66,90497.56,90713.59,2857.0,1800,0.0
2026-01-08 04:00:00,90713.32,91067.14,90587.93,90914.27,2508.0,1800,0.0
2026-01-08 05:00:00,90914.26,91079.74,90663.76,90705.32,2069.0,1800,0.0
2026-01-08 06:00:00,90713.1,90758.18,89750.52,89773.81,4314.0,1800,0.0
2026-01-08 07:00:00,89764.17,90464.71,89515.02,90419.73,4460.0,1800,0.0
2026-01-08 08:00:00,90423.92,90658.13,90026.95,90114.06,2993.0,1800,0.0
2026-01-08 09:00:00,90114.33,90264.95,89836.69,89902.0,2948.0,1800,0.0
2026-01-08 10:00:00,89905.16,90392.17,89655.54,90297.32,3101.0,1800,0.0
2026-01-08 11:00:00,90286.05,90381.14,89890.81,90094.45,2706.0,1800,0.0
2026-01-08 12:00:00,90101.07,90119.33,89661.72,89859.59,3073.0,1800,0.0
2026-01-08 13:00:00,89859.68,89993.89,89737.54,89839.26,2246.0,1800,0.0
2026-01-08 14:00:00,89837.09,90073.11,89177.15,89916.7,9026.0,1800,0.0
2026-01-08 15:00:00,89910.29,90737.31,89702.89,90674.11,8193.0,1800,0.0
2026-01-08 16:00:00,90671.36,90849.23,90212.39,90849.23,5358.0,1800,0.0
2026-01-08 17:00:00,90849.68,91373.37,90750.23,91294.03,4752.0,1800,0.0
2026-01-08 18:00:00,91291.05,91402.77,90857.55,91035.81,3425.0,1800,0.0
2026-01-08 19:00:00,91036.19,91251.16,90722.23,90859.87,2937.0,1800,0.0
2026-01-08 20:00:00,90859.77,90922.68,90476.21,90835.42,3606.0,1800,0.0
2026-01-08 21:00:00,90845.81,91263.73,90828.71,91190.26,2312.0,1800,0.0
2026-01-08 22:00:00,91190.36,91415.21,90944.9,91166.65,2214.0,1800,0.0
2026-01-08 23:00:00,91169.73,91264.93,90965.03,91025.51,1901.0,1800,0.0
2026-01-09 00:00:00,91025.85,91231.48,90974.83,91207.92,2045.0,1800,0.0
2026-01-09 01:00:00,91211.02,91573.54,90758.16,90957.28,3595.0,1800,0.0
2026-01-09 02:00:00,90957.38,91396.24,90911.33,90956.16,2621.0,1800,0.0
2026-01-09 03:00:00,90956.05,91176.18,90867.07,91120.05,2193.0,1800,0.0
2026-01-09 04:00:00,91118.69,91142.66,90822.93,90921.83,1717.0,1800,0.0
2026-01-09 05:00:00,90921.59,91024.91,90809.98,90982.5,1860.0,1800,0.0
2026-01-09 06:00:00,90982.65,91043.77,90882.11,91017.2,1934.0,1800,0.0
2026-01-09 07:00:00,91016.47,91024.05,90632.17,90650.79,2019.0,1800,0.0
2026-01-09 08:00:00,90652.71,90747.93,89586.13,89919.95,4521.0,1800,0.0
2026-01-09 09:00:00,89918.99,90375.29,89887.24,90238.12,2831.0,1800,0.0
2026-01-09 10:00:00,90238.03,90461.23,90157.65,90384.2,1946.0,1800,0.0
2026-01-09 11:00:00,90384.11,90580.21,90296.87,90332.48,1934.0,1800,0.0
2026-01-09 12:00:00,90332.57,90506.27,90121.38,90350.07,2076.0,1800,0.0
2026-01-09 13:00:00,90344.41,90944.48,90292.23,90502.34,3967.0,1800,0.0
2026-01-09 14:00:00,90501.13,90590.43,89839.33,90057.02,6879.0,1800,0.0
2026-01-09 15:00:00,90069.69,91945.94,89744.04,91075.8,11700.0,1800,0.0
2026-01-09 16:00:00,91079.13,91691.01,91057.35,91539.18,5959.0,1800,0.0
2026-01-09 17:00:00,91539.7,91593.3,90904.42,91325.25,4214.0,1800,0.0
2026-01-09 18:00:00,91326.85,91419.17,90232.67,90723.88,4680.0,1800,0.0
2026-01-09 19:00:00,90723.19,90732.08,90072.12,90218.28,3574.0,1800,0.0
2026-01-09 20:00:00,90218.12,90483.99,90122.97,90190.79,3403.0,1800,0.0
2026-01-09 21:00:00,90193.64,90531.97,90003.64,90423.81,2232.0,1800,0.0
2026-01-09 22:00:00,90424.64,90594.43,90233.34,90503.18,1934.0,1800,0.0
2026-01-09 23:00:00,90506.26,90606.74,90469.87,90513.2,1538.0,1800,0.0
2026-01-10 00:00:00,90509.16,90559.2,90382.78,90464.82,1493.0,1800,0.0
2026-01-10 01:00:00,90464.72,90605.43,90449.69,90561.34,1566.0,1800,0.0
2026-01-10 02:00:00,90560.73,90657.06,90473.29,90554.47,1228.0,1800,0.0
2026-01-10 03:00:00,90558.38,90565.85,90426.26,90501.74,1319.0,1800,0.0
2026-01-10 04:00:00,90502.76,90524.71,90265.06,90337.08,1365.0,1800,0.0
2026-01-10 05:00:00,90336.95,90490.92,90298.06,90469.64,1265.0,1800,0.0
2026-01-10 06:00:00,90470.55,90485.7,90347.26,90389.45,1066.0,1800,0.0
2026-01-10 07:00:00,90389.34,90560.97,90373.94,90540.17,1254.0,1800,0.0
2026-01-10 08:00:00,90537.17,90624.29,90487.9,90533.07,1494.0,1800,0.0
2026-01-10 09:00:00,90530.95,90638.48,90497.31,90634.08,1419.0,1800,0.0
2026-01-10 10:00:00,90633.97,90710.07,90584.56,90699.72,1537.0,1800,0.0
2026-01-10 11:00:00,90700.26,90706.15,90572.56,90605.28,1184.0,1800,0.0
2026-01-10 12:00:00,90605.2,90667.14,90541.03,90610.54,1192.0,1800,0.0
2026-01-10 13:00:00,90607.4,90645.74,90510.95,90531.56,1218.0,1800,0.0
2026-01-10 14:00:00,90530.74,90544.51,90405.68,90474.21,1062.0,1800,0.0
2026-01-10 15:00:00,90474.55,90548.05,90448.81,90535.43,1000.0,1800,0.0
2026-01-10 16:00:00,90517.53,90603.4,90472.85,90555.23,1040.0,1800,0.0
2026-01-10 17:00:00,90555.39,90617.9,90422.42,90435.03,908.0,1800,0.0
2026-01-10 18:00:00,90437.13,90477.61,90377.61,90461.47,839.0,1800,0.0
2026-01-10 19:00:00,90461.04,90508.93,90446.67,90497.33,774.0,1800,0.0
2026-01-10 20:00:00,90499.11,90535.41,90441.72,90457.25,684.0,1800,0.0
2026-01-10 21:00:00,90457.27,90457.27,90363.66,90386.97,1054.0,1800,0.0
2026-01-10 22:00:00,90387.07,90467.57,90271.83,90307.17,1319.0,1800,0.0
2026-01-10 23:00:00,90307.07,90441.22,90306.89,90388.59,1204.0,1800,0.0
2026-01-11 00:00:00,90388.42,90519.13,90324.78,90497.47,1082.0,1800,0.0
2026-01-11 01:00:00,90497.41,90545.28,90430.52,90500.87,1104.0,1800,0.0
2026-01-11 02:00:00,90502.54,90621.75,90484.58,90567.77,1225.0,1800,0.0
2026-01-11 03:00:00,90564.74,90616.16,90506.94,90616.16,1098.0,1800,0.0
2026-01-11 04:00:00,90606.6,90664.27,90532.45,90654.27,1092.0,1800,0.0
2026-01-11 05:00:00,90654.18,90727.35,90615.8,90645.88,1018.0,1800,0.0
2026-01-11 06:00:00,90645.78,90676.84,90462.4,90609.32,939.0,1800,0.0
2026-01-11 07:00:00,90607.06,90626.58,90544.13,90576.78,744.0,1800,0.0
2026-01-11 08:00:00,90585.39,90698.01,90483.87,90664.6,1326.0,1800,0.0
2026-01-11 09:00:00,90663.72,90685.26,90551.89,90607.58,1199.0,1800,0.0
2026-01-11 10:00:00,90611.72,90624.38,90554.36,90604.86,938.0,1800,0.0
2026-01-11 11:00:00,90612.45,90632.76,90568.66,90632.76,888.0,1800,0.0
2026-01-11 12:00:00,90638.56,90889.33,90588.82,90807.02,1566.0,1800,0.0
2026-01-11 13:00:00,90808.09,90849.4,90693.65,90731.93,1402.0,1800,0.0
2026-01-11 14:00:00,90734.47,91071.14,90732.5,90996.92,1485.0,1800,0.0
2026-01-11 15:00:00,90998.7,91029.71,90575.11,90738.39,2142.0,1800,0.0
2026-01-11 16:00:00,90747.33,91166.78,90745.07,90910.7,2304.0,1800,0.0
2026-01-11 17:00:00,90913.53,91015.32,90760.12,90847.78,1457.0,1800,0.0
2026-01-11 18:00:00,90850.17,90853.51,90653.57,90755.97,1300.0,1800,0.0
2026-01-11 19:00:00,90759.83,90801.71,90524.03,90546.07,1270.0,1800,0.0
2026-01-11 20:00:00,90548.1,90609.26,90235.77,90560.35,2302.0,1800,0.0
2026-01-11 21:00:00,90550.88,90705.69,90449.86,90622.28,1505.0,1800,0.0
2026-01-11 22:00:00,90621.54,90621.54,90314.81,90397.43,1749.0,1800,0.0
2026-01-11 23:00:00,90397.52,90916.19,90091.61,90874.94,3709.0,1800,0.0
2026-01-12 00:00:00,90863.16,91133.21,90550.41,91133.21,4179.0,1800,0.0
2026-01-12 01:00:00,91139.93,91674.73,90954.24,91281.85,5490.0,1800,0.0
2026-01-12 02:00:00,91284.97,92275.81,91230.38,92074.85,4554.0,1800,0.0
2026-01-12 03:00:00,92084.82,92400.18,91672.29,91683.1,3661.0,1800,0.0
2026-01-12 04:00:00,91686.5,92162.87,91618.07,92042.88,2357.0,1800,0.0
2026-01-12 05:00:00,92038.33,92140.69,91900.3,91978.95,1855.0,1800,0.0
2026-01-12 06:00:00,91980.52,92078.67,91673.92,91702.78,1990.0,1800,0.0
2026-01-12 07:00:00,91713.01,91839.12,91255.2,91285.27,2534.0,1800,0.0
2026-01-12 08:00:00,91283.7,91507.65,90262.84,90624.77,5157.0,1800,0.0
2026-01-12 09:00:00,90637.34,90823.72,90519.83,90568.56,2803.0,1800,0.0
2026-01-12 10:00:00,90580.44,90672.02,90231.43,90317.14,2354.0,1800,0.0
2026-01-12 11:00:00,90313.44,90700.46,90294.0,90485.92,1984.0,1800,0.0
2026-01-12 12:00:00,90486.02,90748.86,90486.02,90660.93,1873.0,1800,0.0
2026-01-12 13:00:00,90662.81,90713.85,90408.71,90516.97,2136.0,1800,0.0
2026-01-12 14:00:00,90515.42,91018.38,89998.41,90779.02,7397.0,1800,0.0
2026-01-12 15:00:00,90784.66,91588.29,90585.63,91566.01,6787.0,1800,0.0
2026-01-12 16:00:00,91566.04,92251.26,91482.44,92051.47,5877.0,1800,0.0
2026-01-12 17:00:00,92051.61,92240.86,90947.36,91428.86,5841.0,1800,0.0
2026-01-12 18:00:00,91446.36,91877.38,91322.18,91619.67,3584.0,1800,0.0
2026-01-12 19:00:00,91619.67,91810.26,91349.21,91786.6,2704.0,1800,0.0
2026-01-12 20:00:00,91789.44,91981.27,91326.8,91402.94,2672.0,1800,0.0
2026-01-12 21:00:00,91398.71,91446.04,90844.44,90981.35,2540.0,1800,0.0
2026-01-12 22:00:00,90978.73,91354.17,90969.61,91154.88,2195.0,1800,0.0
2026-01-12 23:00:00,91155.33,91225.11,90968.84,91193.84,1642.0,1800,0.0
2026-01-13 00:00:00,91187.84,91458.28,91129.55,91371.13,2050.0,1800,0.0
2026-01-13 01:00:00,91370.71,91451.78,90929.07,91084.18,2092.0,1800,0.0
2026-01-13 02:00:00,91083.35,91273.95,90981.17,91026.31,1841.0,1800,0.0
2026-01-13 03:00:00,91027.21,91362.87,91008.0,91308.28,1858.0,1800,0.0
2026-01-13 04:00:00,91309.85,91545.78,91238.4,91401.92,1686.0,1800,0.0
2026-01-13 05:00:00,91402.47,92143.65,91362.83,91823.03,3570.0,1800,0.0
2026-01-13 06:00:00,91822.89,92185.96,91692.94,92074.5,2569.0,1800,0.0
2026-01-13 07:00:00,92083.84,92113.57,91795.57,91829.84,2128.0,1800,0.0
2026-01-13 08:00:00,91830.79,92163.46,91815.76,92074.55,2040.0,1800,0.0
2026-01-13 09:00:00,92071.69,92599.57,91839.6,92189.18,3692.0,1800,0.0
2026-01-13 10:00:00,92192.29,92263.39,91921.41,92042.98,2103.0,1800,0.0
2026-01-13 11:00:00,92043.11,92163.67,91865.43,91908.35,1894.0,1800,0.0
2026-01-13 12:00:00,91910.44,92063.4,91803.38,92021.02,1858.0,1800,0.0
2026-01-13 13:00:00,92022.19,92505.57,91806.0,91976.33,4643.0,1800,0.0
2026-01-13 14:00:00,91976.19,92843.59,91677.09,92382.59,7626.0,1800,0.0
2026-01-13 15:00:00,92378.85,93406.17,92036.63,93406.17,8150.0,1800,0.0
2026-01-13 16:00:00,93410.39,93738.75,93012.5,93361.62,5776.0,1800,0.0
2026-01-13 17:00:00,93362.93,93474.34,93064.02,93187.34,4421.0,1800,0.0
2026-01-13 18:00:00,93184.85,93851.56,93143.01,93591.4,4330.0,1800,0.0
2026-01-13 19:00:00,93591.5,94223.5,93437.52,94207.93,4013.0,1800,0.0
2026-01-13 20:00:00,94207.8,94508.85,94093.45,94403.96,4523.0,1800,0.0
2026-01-13 21:00:00,94405.54,94521.85,94043.25,94081.33,2417.0,1800,0.0
2026-01-13 22:00:00,94082.1,96730.1,94065.73,95728.44,10644.0,1800,0.0
2026-01-13 23:00:00,95740.41,96098.49,95031.34,95376.07,4425.0,1800,0.0
2026-01-14 00:00:00,95376.5,95618.77,95138.28,95203.91,3682.0,1800,0.0
2026-01-14 01:00:00,95205.02,95551.38,95081.66,95196.52,3018.0,1800,0.0
2026-01-14 02:00:00,95197.81,95530.72,95153.6,95315.66,2603.0,1800,0.0
2026-01-14 03:00:00,95309.26,95678.95,95237.72,95663.31,2107.0,1800,0.0
2026-01-14 04:00:00,95664.1,95758.58,95182.96,95203.66,2496.0,1800,0.0
2026-01-14 05:00:00,95200.35,95251.01,94918.29,94988.18,2704.0,1800,0.0
2026-01-14 06:00:00,94988.81,95006.73,94420.46,94996.48,3068.0,1800,0.0
2026-01-14 07:00:00,94996.96,95226.06,94815.03,95172.67,2329.0,1800,0.0
2026-01-14 08:00:00,95169.19,95302.23,94860.36,94880.78,2054.0,1800,0.0
2026-01-14 09:00:00,94880.65,95153.21,94843.93,95050.07,2208.0,1800,0.0
2026-01-14 10:00:00,95047.37,95263.26,94854.58,95060.3,2731.0,1800,0.0
2026-01-14 11:00:00,95057.37,95071.84,94690.16,94763.03,2438.0,1800,0.0
2026-01-14 12:00:00,94763.1,95127.02,94634.4,95033.5,1966.0,1800,0.0
2026-01-14 13:00:00,95032.91,95196.05,94842.01,94962.0,2554.0,1800,0.0
2026-01-14 14:00:00,94960.97,96803.73,94941.53,96468.15,9426.0,1800,0.0
2026-01-14 15:00:00,96469.9,97102.31,96165.08,96757.3,9533.0,1800,0.0
2026-01-14 16:00:00,96757.4,97720.77,96725.28,97299.06,6605.0,1800,0.0
2026-01-14 17:00:00,97298.95,97825.05,96766.14,96962.75,5598.0,1800,0.0
2026-01-14 18:00:00,96964.7,97134.14,96223.73,96807.04,5587.0,1800,0.0
2026-01-14 19:00:00,96799.54,97655.59,96674.67,97265.07,4561.0,1800,0.0
2026-01-14 20:00:00,97266.57,97968.49,97194.54,97663.11,5768.0,1800,0.0
2026-01-14 21:00:00,97659.52,97729.91,97386.19,97568.55,2886.0,1800,0.0
2026-01-14 22:00:00,97564.84,97594.12,96766.48,96868.41,2730.0,1800,0.0
2026-01-14 23:00:00,96871.0,97390.19,96856.38,96955.27,2567.0,1800,0.0
2026-01-15 00:00:00,96955.15,97003.62,96480.12,96648.58,2890.0,1800,0.0
2026-01-15 01:00:00,96641.95,96975.54,96289.0,96430.04,3192.0,1800,0.0
2026-01-15 02:00:00,96433.21,96601.67,96075.34,96323.21,3198.0,1800,0.0
2026-01-15 03:00:00,96324.12,96381.78,95744.56,95944.02,3616.0,1800,0.0
2026-01-15 04:00:00,95944.89,96360.49,95906.86,96299.13,2666.0,1800,0.0
2026-01-15 05:00:00,96293.82,96509.3,96205.28,96403.25,2478.0,1800,0.0
2026-01-15 06:00:00,96401.46,96561.11,96146.64,96217.17,2542.0,1800,0.0
2026-01-15 07:00:00,96220.55,96746.18,96154.89,96630.06,2524.0,1800,0.0
2026-01-15 08:00:00,96627.35,96664.72,96269.14,96614.46,2319.0,1800,0.0
2026-01-15 09:00:00,96614.04,97179.39,96534.4,97031.69,2820.0,1800,0.0
2026-01-15 10:00:00,97028.39,97050.2,96718.45,96786.83,1993.0,1800,0.0
2026-01-15 11:00:00,96789.72,96911.54,96547.78,96566.57,1954.0,1800,0.0
2026-01-15 12:00:00,96564.91,96992.75,96483.37,96952.17,2156.0,1800,0.0
2026-01-15 13:00:00,96952.42,97012.42,96580.97,96830.22,2666.0,1800,0.0
2026-01-15 14:00:00,96835.66,97128.98,95556.31,96024.43,8088.0,1800,0.0
2026-01-15 15:00:00,96022.18,96774.63,95402.44,96731.61,9431.0,1800,0.0
2026-01-15 16:00:00,96729.31,96936.1,96218.91,96683.8,6527.0,1800,0.0
2026-01-15 17:00:00,96684.8,97041.53,96370.95,96585.61,3885.0,1800,0.0
2026-01-15 18:00:00,96583.76,96595.12,95705.79,95822.99,4023.0,1800,0.0
2026-01-15 19:00:00,95822.92,95904.27,95095.24,95474.68,4795.0,1800,0.0
2026-01-15 20:00:00,95472.16,95637.31,95092.85,95231.14,3555.0,1800,0.0
2026-01-15 21:00:00,95234.14,95607.7,95163.87,95558.85,1856.0,1800,0.0
2026-01-15 22:00:00,95555.63,95849.28,95452.93,95553.6,1956.0,1800,0.0
2026-01-15 23:00:00,95552.9,95696.08,95370.22,95587.59,1956.0,1800,0.0
2026-01-16 00:00:00,95590.0,95800.67,95537.11,95609.78,1848.0,1800,0.0
2026-01-16 01:00:00,95609.67,95832.95,95386.9,95637.31,1955.0,1800,0.0
2026-01-16 02:00:00,95632.41,95662.97,95355.37,95470.36,2133.0,1800,0.0
2026-01-16 03:00:00,95470.6,95554.19,95277.12,95313.55,1382.0,1800,0.0
2026-01-16 04:00:00,95313.13,95551.88,95117.85,95231.31,2035.0,1800,0.0
2026-01-16 05:00:00,95231.79,95672.07,95209.37,95629.74,2282.0,1800,0.0
2026-01-16 06:00:00,95644.47,95800.32,95486.51,95702.49,1782.0,1800,0.0
2026-01-16 07:00:00,95706.43,95767.68,95446.36,95624.11,1539.0,1800,0.0
2026-01-16 08:00:00,95625.15,95818.78,95537.99,95646.41,1784.0,1800,0.0
2026-01-16 09:00:00,95645.71,95747.74,95550.04,95582.94,1432.0,1800,0.0
2026-01-16 10:00:00,95580.09,95606.5,95264.37,95276.83,1614.0,1800,0.0
2026-01-16 11:00:00,95272.46,95444.12,95217.99,95389.97,1629.0,1800,0.0
2026-01-16 12:00:00,95389.14,95548.93,95317.82,95419.01,1599.0,1800,0.0
2026-01-16 13:00:00,95420.05,95555.67,95240.73,95412.47,1876.0,1800,0.0
2026-01-16 14:00:00,95412.67,95767.7,95138.84,95150.66,4951.0,1800,0.0
2026-01-16 15:00:00,95154.83,95644.55,94231.71,94538.49,8950.0,1800,0.0
2026-01-16 16:00:00,94542.7,94955.08,94451.56,94826.41,4462.0,1800,0.0
2026-01-16 17:00:00,94826.32,95093.26,94506.05,95025.5,2926.0,1800,0.0
2026-01-16 18:00:00,95024.83,95180.76,94920.96,94952.9,2571.0,1800,0.0
2026-01-16 19:00:00,94946.56,95015.0,94781.98,94947.34,2215.0,1800,0.0
2026-01-16 20:00:00,94948.94,95549.64,94627.58,95532.34,2522.0,1800,0.0
2026-01-16 21:00:00,95527.15,95577.71,95311.09,95483.83,2150.0,1800,0.0
2026-01-16 22:00:00,95507.59,95548.87,95214.89,95469.19,1849.0,1800,0.0
2026-01-16 23:00:00,95469.09,95545.04,95381.16,95504.69,1198.0,1800,0.0
2026-01-17 00:00:00,95501.68,95540.22,95380.5,95429.23,1267.0,1800,0.0
2026-01-17 01:00:00,95416.99,95490.25,95345.53,95357.48,1102.0,1800,0.0
2026-01-17 02:00:00,95365.57,95381.93,95138.61,95311.32,1241.0,1800,0.0
2026-01-17 03:00:00,95313.79,95343.66,95227.22,95313.69,913.0,1800,0.0
2026-01-17 04:00:00,95314.79,95332.0,95216.54,95274.78,1021.0,1800,0.0
2026-01-17 05:00:00,95277.03,95346.6,95233.55,95281.46,799.0,1800,0.0
2026-01-17 06:00:00,95281.49,95296.18,95143.66,95194.83,949.0,1800,0.0
2026-01-17 07:00:00,95188.03,95188.32,95008.52,95063.72,1267.0,1800,0.0
2026-01-17 08:00:00,95061.41,95224.88,94980.15,95212.94,1377.0,1800,0.0
2026-01-17 09:00:00,95207.92,95271.89,95134.37,95226.09,973.0,1800,0.0
2026-01-17 10:00:00,95227.71,95241.4,95067.6,95074.2,893.0,1800,0.0
2026-01-17 11:00:00,95074.11,95296.34,95032.29,95288.01,1249.0,1800,0.0
2026-01-17 12:00:00,95281.3,95368.44,95196.84,95222.45,982.0,1800,0.0
2026-01-17 13:00:00,95224.74,95402.93,95152.51,95401.98,1257.0,1800,0.0
2026-01-17 14:00:00,95399.58,95498.16,95311.44,95427.19,1466.0,1800,0.0
2026-01-17 15:00:00,95426.04,95633.01,95390.12,95540.47,1795.0,1800,0.0
2026-01-17 16:00:00,95540.29,95540.29,95171.82,95267.62,1682.0,1800,0.0
2026-01-17 17:00:00,95266.13,95405.43,95244.5,95329.82,1216.0,1800,0.0
2026-01-17 18:00:00,95330.18,95435.09,95300.39,95395.48,1082.0,1800,0.0
2026-01-17 19:00:00,95397.15,95397.15,95244.09,95263.94,975.0,1800,0.0
2026-01-17 20:00:00,95263.89,95353.73,95240.62,95337.51,735.0,1800,0.0
2026-01-17 21:00:00,95336.94,95373.17,95237.05,95271.6,933.0,1800,0.0
2026-01-17 22:00:00,95270.88,95274.93,95005.68,95124.33,1548.0,1800,0.0
2026-01-17 23:00:00,95124.44,95178.13,95073.67,95118.69,1366.0,1800,0.0
2026-01-18 00:00:00,95118.55,95201.67,95020.18,95074.75,1265.0,1800,0.0
2026-01-18 01:00:00,95077.6,95077.73,94825.48,94926.23,1552.0,1800,0.0
2026-01-18 02:00:00,94925.67,95027.71,94832.47,94987.19,1242.0,1800,0.0
2026-01-18 03:00:00,94984.28,95175.1,94970.76,95145.24,1327.0,1800,0.0
2026-01-18 04:00:00,95146.54,95152.3,95034.83,95065.01,1002.0,1800,0.0
2026-01-18 05:00:00,95064.98,95231.45,95007.19,95142.6,1205.0,1800,0.0
2026-01-18 06:00:00,95144.24,95165.55,95098.73,95129.07,1140.0,1800,0.0
2026-01-18 07:00:00,95128.44,95143.65,94979.37,94992.23,1112.0,1800,0.0
2026-01-18 08:00:00,94992.38,95159.2,94976.71,95133.58,1148.0,1800,0.0
2026-01-18 09:00:00,95133.68,95242.55,95106.77,95217.15,1098.0,1800,0.0
2026-01-18 10:00:00,95217.52,95254.73,95039.71,95128.39,1349.0,1800,0.0
2026-01-18 11:00:00,95128.48,95143.12,95038.33,95127.93,1237.0,1800,0.0
2026-01-18 12:00:00,95133.31,95144.0,95038.93,95073.08,916.0,1800,0.0
2026-01-18 13:00:00,95070.03,95166.28,94857.33,95103.39,1594.0,1800,0.0
2026-01-18 14:00:00,95103.11,95317.62,94888.78,94915.19,1499.0,1800,0.0
2026-01-18 15:00:00,94915.04,95079.7,94865.79,95063.07,1348.0,1800,0.0
2026-01-18 16:00:00,95063.18,95154.95,95027.91,95128.65,1493.0,1800,0.0
2026-01-18 17:00:00,95130.55,95237.55,95091.81,95214.85,1267.0,1800,0.0
2026-01-18 18:00:00,95213.84,95493.77,95125.12,95410.28,1819.0,1800,0.0
2026-01-18 19:00:00,95413.46,95494.32,95289.03,95335.3,1523.0,1800,0.0
2026-01-18 20:00:00,95333.78,95415.03,95253.02,95269.21,1389.0,1800,0.0
2026-01-18 21:00:00,95278.09,95393.76,95243.3,95380.96,1075.0,1800,0.0
2026-01-18 22:00:00,95380.85,95496.35,95353.72,95447.92,1171.0,1800,0.0
2026-01-18 23:00:00,95440.41,95450.96,93565.6,93639.75,7497.0,1800,0.0
2026-01-19 00:00:00,93639.83,93639.83,91858.97,92668.35,17016.0,1800,0.0
2026-01-19 01:00:00,92666.98,92841.68,92190.03,92541.37,4689.0,1800,0.0
2026-01-19 02:00:00,92543.13,92637.61,92335.8,92510.74,2769.0,1800,0.0
2026-01-19 03:00:00,92513.35,92742.3,92448.35,92654.41,2014.0,1800,0.0
2026-01-19 04:00:00,92649.79,92701.61,92444.24,92611.44,1857.0,1800,0.0
2026-01-19 05:00:00,92622.74,92769.38,92457.31,92480.17,2076.0,1800,0.0
2026-01-19 06:00:00,92486.04,92594.43,92341.32,92548.21,1943.0,1800,0.0
2026-01-19 07:00:00,92550.31,92801.55,92506.59,92781.82,1790.0,1800,0.0
2026-01-19 08:00:00,92784.36,93316.61,92637.49,93200.02,2937.0,1800,0.0
2026-01-19 09:00:00,93204.03,93217.6,92880.75,92998.62,2269.0,1800,0.0
2026-01-19 10:00:00,93000.0,93030.02,92828.64,93012.41,1443.0,1800,0.0
2026-01-19 11:00:00,93012.46,93256.12,92901.75,93137.83,1695.0,1800,0.0
2026-01-19 12:00:00,93140.26,93174.83,92942.03,93021.78,1912.0,1800,0.0
2026-01-19 13:00:00,93021.02,93099.15,92727.4,92981.05,1904.0,1800,0.0
2026-01-19 14:00:00,92980.65,92988.4,92641.31,92759.12,2481.0,1800,0.0
2026-01-19 15:00:00,92765.62,93048.23,92756.29,93001.23,2041.0,1800,0.0
2026-01-19 16:00:00,93002.66,93367.47,92933.28,93244.35,2155.0,1800,0.0
2026-01-19 17:00:00,93246.88,93342.94,93092.11,93183.53,1789.0,1800,0.0
2026-01-19 18:00:00,93183.99,93208.41,92868.92,93004.04,1640.0,1800,0.0
2026-01-19 19:00:00,93003.92,93102.75,92931.92,93047.25,1430.0,1800,0.0
2026-01-19 20:00:00,93054.29,93222.96,93030.66,93090.02,1273.0,1800,0.0
2026-01-19 21:00:00,93092.58,93298.92,92929.56,92944.41,1343.0,1800,0.0
2026-01-19 22:00:00,92943.94,93001.56,92484.59,92507.15,1910.0,1800,0.0
2026-01-19 23:00:00,92507.25,92684.47,92082.79,92570.84,3757.0,1800,0.0
2026-01-20 00:00:00,92562.82,92808.2,92289.85,92642.02,2668.0,1800,0.0
2026-01-20 01:00:00,92644.47,92804.7,92442.93,92653.77,2381.0,1800,0.0
2026-01-20 02:00:00,92654.7,92665.72,92293.7,92482.37,2337.0,1800,0.0
2026-01-20 03:00:00,92482.27,92588.65,92176.25,92363.63,1931.0,1800,0.0
2026-01-20 04:00:00,92368.82,92404.52,91897.92,91999.44,2254.0,1800,0.0
2026-01-20 05:00:00,91999.61,92014.87,91206.02,91542.49,5015.0,1800,0.0
2026-01-20 06:00:00,91543.27,91562.76,90669.29,90835.92,5534.0,1800,0.0
2026-01-20 07:00:00,90832.16,91214.23,90760.47,91078.61,3106.0,1800,0.0
2026-01-20 08:00:00,91079.05,91150.6,90556.88,91005.2,4232.0,1800,0.0
2026-01-20 09:00:00,90999.07,91000.26,90796.05,90937.49,2537.0,1800,0.0
2026-01-20 10:00:00,90933.98,91199.43,90892.06,91163.23,1795.0,1800,0.0
2026-01-20 11:00:00,91162.59,91365.51,91118.39,91136.82,1806.0,1800,0.0
2026-01-20 12:00:00,91141.89,91230.17,90958.43,91201.01,1835.0,1800,0.0
2026-01-20 13:00:00,91193.26,91215.95,90678.83,90869.56,3135.0,1800,0.0
2026-01-20 14:00:00,90870.76,91301.89,90185.87,90458.71,9403.0,1800,0.0
2026-01-20 15:00:00,90456.37,90717.33,89751.98,90577.02,9760.0,1800,0.0
2026-01-20 16:00:00,90576.16,90890.3,89916.47,90070.83,5320.0,1800,0.0
2026-01-20 17:00:00,90068.85,90417.3,89314.88,89672.37,5925.0,1800,0.0
2026-01-20 18:00:00,89673.56,89857.54,89264.51,89385.63,4348.0,1800,0.0
2026-01-20 19:00:00,89387.62,89689.92,89175.93,89600.75,4272.0,1800,0.0
2026-01-20 20:00:00,89600.54,89729.05,89260.47,89601.64,4136.0,1800,0.0
2026-01-20 21:00:00,89614.55,89712.57,89285.26,89342.48,2299.0,1800,0.0
2026-01-20 22:00:00,89341.48,89515.86,87696.18,88391.64,5588.0,1800,0.0
2026-01-20 23:00:00,88384.06,88413.85,87766.72,88322.47,4796.0,1800,0.0
2026-01-21 00:00:00,88323.65,88866.35,88133.82,88817.75,3954.0,1800,0.0
2026-01-21 01:00:00,88810.85,89055.06,88722.37,88912.59,2771.0,1800,0.0
2026-01-21 02:00:00,88914.55,89244.38,88869.76,88938.98,2576.0,1800,0.0
2026-01-21 03:00:00,88939.97,89494.65,88918.88,89318.21,2388.0,1800,0.0
2026-01-21 04:00:00,89318.89,89548.11,89232.12,89326.54,1745.0,1800,0.0
2026-01-21 05:00:00,89325.94,90010.21,89310.31,89858.59,2212.0,1800,0.0
2026-01-21 06:00:00,89858.69,89858.69,89386.9,89558.05,2160.0,1800,0.0
2026-01-21 07:00:00,89557.93,89665.76,88978.02,89100.97,2408.0,1800,0.0
2026-01-21 08:00:00,89100.26,89277.79,88876.4,89091.27,2614.0,1800,0.0
2026-01-21 09:00:00,89085.5,89387.8,88962.61,89010.47,2179.0,1800,0.0
2026-01-21 10:00:00,89010.44,89292.65,88948.78,89140.1,1937.0,1800,0.0
2026-01-21 11:00:00,89136.4,89287.72,88574.73,88695.98,2192.0,1800,0.0
2026-01-21 12:00:00,88690.03,88763.19,88045.52,88643.23,5557.0,1800,0.0
2026-01-21 13:00:00,88630.35,88951.12,88458.78,88574.06,3586.0,1800,0.0
2026-01-21 14:00:00,88560.91,89921.62,88512.21,89702.27,12780.0,1800,0.0
2026-01-21 15:00:00,89702.91,90500.8,89655.69,90196.18,8169.0,1800,0.0
2026-01-21 16:00:00,90204.87,90296.28,87510.66,87523.6,9998.0,1800,0.0
2026-01-21 17:00:00,87528.15,88084.55,87167.72,87841.66,12140.0,1800,0.0
2026-01-21 18:00:00,87845.46,88579.26,87486.09,88383.38,6760.0,1800,0.0
2026-01-21 19:00:00,88382.89,90386.85,88185.49,90280.58,12536.0,1800,0.0
2026-01-21 20:00:00,90278.56,90303.75,89374.42,90140.41,7572.0,1800,0.0
2026-01-21 21:00:00,90145.87,90274.42,89855.3,90180.9,2695.0,1800,0.0
2026-01-21 22:00:00,90169.19,90319.74,89669.6,89692.23,2209.0,1800,0.0
2026-01-21 23:00:00,89701.08,90146.37,89270.77,89358.62,3127.0,1800,0.0
2026-01-22 00:00:00,89358.71,89955.29,89358.71,89820.44,2714.0,1800,0.0
2026-01-22 01:00:00,89821.23,90119.14,89723.94,90018.63,2971.0,1800,0.0
2026-01-22 02:00:00,90013.27,90272.89,89746.93,89842.19,2801.0,1800,0.0
2026-01-22 03:00:00,89842.04,90074.94,89600.66,89800.25,1996.0,1800,0.0
2026-01-22 04:00:00,89797.96,89992.53,89719.58,89908.73,1746.0,1800,0.0
2026-01-22 05:00:00,89909.68,89990.78,89824.9,89933.96,1538.0,1800,0.0
2026-01-22 06:00:00,89930.02,90128.45,89797.92,90081.8,1929.0,1800,0.0
2026-01-22 07:00:00,90081.9,90107.83,89697.36,89729.95,1689.0,1800,0.0
2026-01-22 08:00:00,89731.9,89886.16,89656.49,89835.76,1851.0,1800,0.0
2026-01-22 09:00:00,89835.87,90042.91,89787.7,89958.98,1495.0,1800,0.0
2026-01-22 10:00:00,89956.41,90025.92,89864.76,89990.28,1723.0,1800,0.0
2026-01-22 11:00:00,89988.29,90073.4,89802.64,89840.68,2075.0,1800,0.0
2026-01-22 12:00:00,89847.09,90000.82,89775.36,89920.12,1625.0,1800,0.0
2026-01-22 13:00:00,89915.55,90247.47,89396.78,89526.6,3397.0,1800,0.0
2026-01-22 14:00:00,89524.76,89663.8,88961.23,89016.38,7288.0,1800,0.0
2026-01-22 15:00:00,89006.17,89369.12,88410.38,88898.23,9629.0,1800,0.0
2026-01-22 16:00:00,88899.01,89181.67,88573.39,88954.25,6555.0,1800,0.0
2026-01-22 17:00:00,88954.08,89533.68,88919.12,89448.51,4947.0,1800,0.0
2026-01-22 18:00:00,89451.42,89713.21,89200.86,89249.37,3866.0,1800,0.0
2026-01-22 19:00:00,89250.1,89844.16,89009.36,89683.86,3807.0,1800,0.0
2026-01-22 20:00:00,89685.55,89872.27,89295.28,89319.81,3079.0,1800,0.0
2026-01-22 21:00:00,89325.68,89579.35,89142.33,89170.91,2180.0,1800,0.0
2026-01-22 22:00:00,89166.64,89481.62,89037.94,89244.13,1768.0,1800,0.0
2026-01-22 23:00:00,89243.15,89499.4,89070.66,89470.07,1903.0,1800,0.0
2026-01-23 00:00:00,89470.71,89552.73,89346.74,89433.23,1676.0,1800,0.0
2026-01-23 01:00:00,89436.15,89848.81,89436.15,89830.94,2027.0,1800,0.0
2026-01-23 02:00:00,89827.08,89898.09,89545.95,89547.18,1770.0,1800,0.0
2026-01-23 03:00:00,89544.27,89836.65,89526.75,89827.54,1528.0,1800,0.0
2026-01-23 04:00:00,89828.24,89992.72,89769.37,89861.34,1600.0,1800,0.0
2026-01-23 05:00:00,89856.27,89873.46,89359.83,89495.91,1965.0,1800,0.0
2026-01-23 06:00:00,89494.63,89687.01,89284.04,89398.05,2295.0,1800,0.0
2026-01-23 07:00:00,89405.09,89573.09,89324.86,89419.48,2003.0,1800,0.0
2026-01-23 08:00:00,89419.89,89514.68,89012.16,89104.41,2719.0,1800,0.0
2026-01-23 09:00:00,89101.38,89270.91,88762.84,88862.66,2512.0,1800,0.0
2026-01-23 10:00:00,88873.82,89047.56,88732.41,88937.6,1979.0,1800,0.0
2026-01-23 11:00:00,88938.56,89242.09,88879.99,89092.12,1909.0,1800,0.0
2026-01-23 12:00:00,89091.24,89261.7,88970.83,89139.25,1501.0,1800,0.0
2026-01-23 13:00:00,89139.28,89336.13,89109.5,89238.44,1638.0,1800,0.0
2026-01-23 14:00:00,89236.42,89618.87,88521.86,88902.85,6880.0,1800,0.0
2026-01-23 15:00:00,88907.36,89771.65,88442.52,89642.28,7582.0,1800,0.0
2026-01-23 16:00:00,89642.15,90391.07,89364.22,90017.67,6676.0,1800,0.0
2026-01-23 17:00:00,90017.59,91132.01,89865.82,90505.89,6488.0,1800,0.0
2026-01-23 18:00:00,90508.57,90946.83,90338.04,90423.96,4269.0,1800,0.0
2026-01-23 19:00:00,90423.85,90442.79,89494.18,89886.26,4935.0,1800,0.0
2026-01-23 20:00:00,89881.55,90064.25,89097.11,89392.23,4862.0,1800,0.0
2026-01-23 21:00:00,89390.78,89599.85,89200.61,89240.36,2060.0,1800,0.0
2026-01-23 22:00:00,89238.38,89654.39,89225.05,89519.76,1806.0,1800,0.0
2026-01-23 23:00:00,89520.76,89524.9,89350.26,89484.24,1195.0,1800,0.0
2026-01-24 00:00:00,89486.07,89522.61,89297.92,89326.06,1254.0,1800,0.0
2026-01-24 01:00:00,89320.56,89472.4,89320.56,89420.0,1124.0,1800,0.0
2026-01-24 02:00:00,89423.3,89593.12,89423.3,89573.21,1034.0,1800,0.0
2026-01-24 03:00:00,89571.96,89794.71,89530.92,89642.85,1424.0,1800,0.0
2026-01-24 04:00:00,89643.45,89726.8,89578.04,89717.92,1011.0,1800,0.0
2026-01-24 05:00:00,89716.34,89738.23,89627.37,89663.13,877.0,1800,0.0
2026-01-24 06:00:00,89664.77,89665.73,89500.5,89515.94,904.0,1800,0.0
2026-01-24 07:00:00,89511.48,89564.85,89426.86,89478.83,844.0,1800,0.0
2026-01-24 08:00:00,89476.6,89547.82,89438.79,89523.22,719.0,1800,0.0
2026-01-24 09:00:00,89525.39,89526.17,89442.68,89462.35,736.0,1800,0.0
2026-01-24 10:00:00,89461.53,89511.79,89433.11,89483.05,834.0,1800,0.0
2026-01-24 11:00:00,89482.34,89544.24,89448.84,89448.84,724.0,1800,0.0
2026-01-24 12:00:00,89448.98,89462.02,89343.55,89392.28,1000.0,1800,0.0
2026-01-24 13:00:00,89390.3,89410.88,89225.47,89225.47,729.0,1800,0.0
2026-01-24 14:00:00,89225.14,89379.15,89031.52,89326.85,1549.0,1800,0.0
2026-01-24 15:00:00,89326.55,89369.91,89114.39,89144.2,1301.0,1800,0.0
2026-01-24 16:00:00,89147.71,89222.37,89018.67,89142.03,1298.0,1800,0.0
2026-01-24 17:00:00,89142.28,89273.25,89105.58,89249.98,1086.0,1800,0.0
2026-01-24 18:00:00,89255.88,89318.48,89219.0,89255.49,805.0,1800,0.0
2026-01-24 19:00:00,89255.12,89263.45,89123.89,89190.89,795.0,1800,0.0
2026-01-24 20:00:00,89190.97,89272.26,89183.04,89239.05,672.0,1800,0.0
2026-01-24 21:00:00,89240.95,89254.24,89118.04,89249.75,824.0,1800,0.0
2026-01-24 22:00:00,89249.2,89351.23,89152.99,89291.23,909.0,1800,0.0
2026-01-24 23:00:00,89291.15,89340.12,89065.94,89092.8,1128.0,1800,0.0
2026-01-25 00:00:00,89092.6,89170.12,89031.88,89169.65,1011.0,1800,0.0
2026-01-25 01:00:00,89169.54,89180.68,88941.95,89035.14,1165.0,1800,0.0
2026-01-25 02:00:00,89027.14,89119.09,88982.79,89001.09,974.0,1800,0.0
2026-01-25 03:00:00,89001.21,89041.16,88695.73,88809.02,1470.0,1800,0.0
2026-01-25 04:00:00,88810.86,88952.0,88794.31,88882.06,1051.0,1800,0.0
2026-01-25 05:00:00,88883.68,88914.32,88735.16,88853.01,1065.0,1800,0.0
2026-01-25 06:00:00,88848.61,88855.07,88508.11,88699.6,1738.0,1800,0.0
2026-01-25 07:00:00,88697.64,88701.89,88499.09,88525.02,1085.0,1800,0.0
2026-01-25 08:00:00,88524.85,88621.52,87979.9,88149.36,2170.0,1800,0.0
2026-01-25 09:00:00,88146.64,88361.16,88089.31,88268.57,1789.0,1800,0.0
2026-01-25 10:00:00,88267.83,88546.24,88262.5,88510.66,1577.0,1800,0.0
2026-01-25 11:00:00,88505.52,88570.43,88382.29,88426.68,1144.0,1800,0.0
2026-01-25 12:00:00,88430.0,88666.92,88301.36,88647.26,1968.0,1800,0.0
2026-01-25 13:00:00,88649.01,88859.41,88519.34,88784.53,1682.0,1800,0.0
2026-01-25 14:00:00,88785.36,88817.19,88480.31,88571.07,1894.0,1800,0.0
2026-01-25 15:00:00,88570.8,88633.61,88233.06,88331.21,1624.0,1800,0.0
2026-01-25 16:00:00,88326.14,88335.98,87425.39,87960.38,7576.0,1800,0.0
2026-01-25 17:00:00,87961.65,87987.55,87623.4,87760.73,2881.0,1800,0.0
2026-01-25 18:00:00,87760.58,87860.25,86690.76,87288.93,7350.0,1800,0.0
2026-01-25 19:00:00,87291.87,87395.19,86073.33,86407.79,7347.0,1800,0.0
2026-01-25 20:00:00,86407.82,86624.66,86118.45,86564.06,3972.0,1800,0.0
2026-01-25 21:00:00,86556.29,86920.92,86293.06,86472.13,3156.0,1800,0.0
2026-01-25 22:00:00,86470.96,86613.48,86072.77,86437.85,3174.0,1800,0.0
2026-01-25 23:00:00,86434.23,86694.04,85962.61,86569.01,5292.0,1800,0.0
2026-01-26 00:00:00,86567.91,87087.98,86401.16,86744.12,3720.0,1800,0.0
2026-01-26 01:00:00,86744.74,87722.06,86702.03,87578.55,4871.0,1800,0.0
2026-01-26 02:00:00,87585.84,87856.2,87319.3,87437.99,3356.0,1800,0.0
2026-01-26 03:00:00,87437.15,87571.63,86943.61,87156.97,2427.0,1800,0.0
2026-01-26 04:00:00,87151.99,87819.64,87105.21,87626.82,2487.0,1800,0.0
2026-01-26 05:00:00,87628.62,87840.32,87538.07,87692.42,2012.0,1800,0.0
2026-01-26 06:00:00,87693.71,87919.85,87629.64,87828.8,2255.0,1800,0.0
2026-01-26 07:00:00,87830.12,87984.86,87590.11,87905.69,2341.0,1800,0.0
2026-01-26 08:00:00,87906.52,88296.57,87728.58,87888.85,2771.0,1800,0.0
2026-01-26 09:00:00,87889.21,87908.88,87488.4,87572.19,2302.0,1800,0.0
2026-01-26 10:00:00,87572.08,87865.0,87549.71,87795.96,1693.0,1800,0.0
2026-01-26 11:00:00,87797.95,87898.36,87663.69,87749.86,1344.0,1800,0.0
2026-01-26 12:00:00,87748.69,87881.35,87630.6,87701.49,1659.0,1800,0.0
2026-01-26 13:00:00,87702.16,87953.93,87582.65,87856.25,2138.0,1800,0.0
2026-01-26 14:00:00,87855.8,88438.93,87342.41,88076.01,7233.0,1800,0.0
2026-01-26 15:00:00,88075.81,88782.38,87236.0,87553.27,9041.0,1800,0.0
2026-01-26 16:00:00,87555.34,87869.96,87098.38,87523.57,6040.0,1800,0.0
2026-01-26 17:00:00,87524.75,87698.16,86916.22,87598.28,3797.0,1800,0.0
2026-01-26 18:00:00,87595.42,88330.38,87549.12,88310.87,3718.0,1800,0.0
2026-01-26 19:00:00,88312.44,88450.61,87850.7,87913.25,2873.0,1800,0.0
2026-01-26 20:00:00,87910.23,88038.56,87439.4,87535.46,2375.0,1800,0.0
2026-01-26 21:00:00,87536.79,88148.32,87472.58,87967.53,2401.0,1800,0.0
2026-01-26 22:00:00,87967.63,88186.86,87896.8,88040.54,1856.0,1800,0.0
2026-01-26 23:00:00,88034.27,88582.14,87924.89,88242.0,2117.0,1800,0.0
2026-01-27 00:00:00,88243.23,88374.53,88103.82,88264.24,1755.0,1800,0.0
2026-01-27 01:00:00,88265.48,88633.34,88097.31,88468.97,1924.0,1800,0.0
2026-01-27 02:00:00,88465.67,88760.89,88439.69,88710.8,2102.0,1800,0.0
2026-01-27 03:00:00,88701.97,88801.52,88467.53,88677.44,1835.0,1800,0.0
2026-01-27 04:00:00,88672.06,88912.72,88404.37,88471.71,2058.0,1800,0.0
2026-01-27 05:00:00,88473.14,88495.16,88279.36,88355.0,1433.0,1800,0.0
2026-01-27 06:00:00,88354.1,88423.72,88159.16,88217.07,1517.0,1800,0.0
2026-01-27 07:00:00,88216.94,88454.9,88200.26,88219.27,1365.0,1800,0.0
2026-01-27 08:00:00,88218.73,88295.01,88002.19,88055.89,1757.0,1800,0.0
2026-01-27 09:00:00,88055.77,88055.77,87734.15,87764.51,1907.0,1800,0.0
2026-01-27 10:00:00,87764.09,87928.75,87628.18,87658.76,1659.0,1800,0.0
2026-01-27 11:00:00,87668.6,87979.79,87610.05,87861.97,1632.0,1800,0.0
2026-01-27 12:00:00,87859.71,88046.08,87820.93,87869.24,1426.0,1800,0.0
2026-01-27 13:00:00,87867.18,87960.17,87662.35,87867.92,1705.0,1800,0.0
2026-01-27 14:00:00,87867.81,88339.41,87531.68,87621.42,5780.0,1800,0.0
2026-01-27 15:00:00,87625.01,88074.38,87431.67,87911.97,5657.0,1800,0.0
2026-01-27 16:00:00,87911.49,88712.06,87870.22,88523.99,6515.0,1800,0.0
2026-01-27 17:00:00,88520.53,88579.93,87184.85,87438.24,6598.0,1800,0.0
2026-01-27 18:00:00,87437.2,88401.3,87339.07,88158.64,4823.0,1800,0.0
2026-01-27 19:00:00,88163.83,88436.1,87921.79,88293.51,3219.0,1800,0.0
2026-01-27 20:00:00,88292.1,89393.89,88250.95,89298.2,5705.0,1800,0.0
2026-01-27 21:00:00,89296.17,89430.63,88882.91,88963.28,3019.0,1800,0.0
2026-01-27 22:00:00,88966.45,89324.03,88893.98,89138.6,2204.0,1800,0.0
2026-01-27 23:00:00,89139.94,89424.07,89024.55,89126.74,2038.0,1800,0.0
2026-01-28 00:00:00,89125.41,89357.86,89026.37,89352.94,1810.0,1800,0.0
2026-01-28 01:00:00,89352.15,89383.16,89069.78,89278.55,2120.0,1800,0.0
2026-01-28 02:00:00,89276.53,89336.73,88977.13,89154.95,2106.0,1800,0.0
2026-01-28 03:00:00,89154.17,89194.52,88848.7,88994.51,2009.0,1800,0.0
2026-01-28 04:00:00,88994.79,89045.52,88706.89,88858.01,1779.0,1800,0.0
2026-01-28 05:00:00,88860.46,88988.34,88721.78,88969.73,1749.0,1800,0.0
2026-01-28 06:00:00,88973.19,89278.31,88973.19,89207.09,2136.0,1800,0.0
2026-01-28 07:00:00,89209.45,89231.52,88972.17,89012.06,1734.0,1800,0.0
2026-01-28 08:00:00,89007.98,89142.9,88761.03,88811.58,2126.0,1800,0.0
2026-01-28 09:00:00,88819.77,89452.58,88732.1,89445.97,2310.0,1800,0.0
2026-01-28 10:00:00,89445.07,89590.92,89198.23,89275.11,2691.0,1800,0.0
2026-01-28 11:00:00,89280.92,90042.97,89189.04,89950.3,3108.0,1800,0.0
2026-01-28 12:00:00,89949.81,90058.5,89661.58,89883.84,3151.0,1800,0.0
2026-01-28 13:00:00,89884.59,90372.48,89833.39,90146.99,3568.0,1800,0.0
2026-01-28 14:00:00,90150.45,90150.45,89317.55,89495.44,6220.0,1800,0.0
2026-01-28 15:00:00,89491.37,89736.37,88766.68,89353.91,6296.0,1800,0.0
2026-01-28 16:00:00,89356.22,89712.7,89115.3,89508.59,4337.0,1800,0.0
2026-01-28 17:00:00,89506.87,90493.11,89147.71,90041.32,4455.0,1800,0.0
2026-01-28 18:00:00,90050.96,90057.74,89199.52,89414.64,4138.0,1800,0.0
2026-01-28 19:00:00,89412.01,89605.7,88883.1,89274.27,8839.0,1800,0.0
2026-01-28 20:00:00,89271.91,89780.66,88863.47,89006.52,4222.0,1800,0.0
2026-01-28 21:00:00,89003.82,89352.77,88721.13,89276.49,3258.0,1800,0.0
2026-01-28 22:00:00,89278.66,89347.04,88992.54,89241.71,1560.0,1800,0.0
2026-01-28 23:00:00,89241.86,89337.78,89061.41,89160.41,2230.0,1800,0.0
2026-01-29 00:00:00,89159.3,89219.22,88761.48,89014.67,2716.0,1800,0.0
2026-01-29 01:00:00,89011.56,89033.98,88396.88,88463.92,3328.0,1800,0.0
2026-01-29 02:00:00,88464.02,88625.01,87557.11,87768.23,5270.0,1800,0.0
2026-01-29 03:00:00,87778.32,88122.59,87631.6,87902.4,3240.0,1800,0.0
2026-01-29 04:00:00,87895.57,88206.55,87757.93,88167.54,2021.0,1800,0.0
2026-01-29 05:00:00,88166.53,88268.38,88000.95,88047.48,1674.0,1800,0.0
2026-01-29 06:00:00,88046.58,88202.93,88024.42,88172.19,1494.0,1800,0.0
2026-01-29 07:00:00,88172.15,88293.51,88112.11,88220.47,1509.0,1800,0.0
2026-01-29 08:00:00,88217.59,88357.15,87765.04,87916.66,2547.0,1800,0.0
2026-01-29 09:00:00,87915.01,88016.92,87735.72,87744.02,1701.0,1800,0.0
2026-01-29 10:00:00,87738.9,87864.27,87660.69,87807.18,1622.0,1800,0.0
2026-01-29 11:00:00,87806.81,87923.98,87591.31,87682.23,1989.0,1800,0.0
2026-01-29 12:00:00,87682.35,87986.11,87661.18,87961.94,1630.0,1800,0.0
2026-01-29 13:00:00,87962.19,88030.83,87801.14,87905.84,1428.0,1800,0.0
2026-01-29 14:00:00,87909.63,87931.81,86839.79,86863.7,4631.0,1800,0.0
2026-01-29 15:00:00,86864.47,86900.45,84220.0,84796.32,17044.0,1800,0.0
2026-01-29 16:00:00,84797.91,85260.64,84121.71,85124.5,9491.0,1800,0.0
2026-01-29 17:00:00,85133.38,85500.36,83860.27,84137.6,6615.0,1800,0.0
2026-01-29 18:00:00,84141.11,84502.84,83247.25,83336.3,9126.0,1800,0.0
2026-01-29 19:00:00,83326.59,84188.99,83223.37,83847.65,5517.0,1800,0.0
2026-01-29 20:00:00,83854.39,84235.55,83646.9,84043.05,3661.0,1800,0.0
2026-01-29 21:00:00,84047.41,84510.16,84037.23,84381.86,3077.0,1800,0.0
2026-01-29 22:00:00,84381.43,84475.98,84160.03,84423.75,1567.0,1800,0.0
2026-01-29 23:00:00,84423.03,84605.4,84290.43,84508.57,2096.0,1800,0.0
2026-01-30 00:00:00,84505.36,84604.17,84006.45,84050.74,2102.0,1800,0.0
2026-01-30 01:00:00,84044.14,84059.28,80936.55,82336.64,16866.0,1800,0.0
2026-01-30 02:00:00,82338.6,82422.3,81012.07,82031.53,12275.0,1800,0.0
2026-01-30 03:00:00,82030.98,82614.57,81899.29,82547.53,4214.0,1800,0.0
2026-01-30 04:00:00,82547.01,83192.15,82539.47,82807.32,3478.0,1800,0.0
2026-01-30 05:00:00,82806.15,83209.42,82751.44,82775.8,2578.0,1800,0.0
2026-01-30 06:00:00,82774.61,82792.89,81919.52,82463.67,4324.0,1800,0.0
2026-01-30 07:00:00,82463.77,82972.94,82319.45,82655.27,4242.0,1800,0.0
2026-01-30 08:00:00,82652.59,82829.32,82277.67,82523.79,3756.0,1800,0.0
2026-01-30 09:00:00,82524.34,82693.59,82008.6,82218.18,4291.0,1800,0.0
2026-01-30 10:00:00,82217.79,82765.16,82021.87,82687.77,3738.0,1800,0.0
2026-01-30 11:00:00,82690.26,83173.41,82522.74,83007.17,3137.0,1800,0.0
2026-01-30 12:00:00,83008.84,83202.25,82489.76,82642.56,3156.0,1800,0.0
2026-01-30 13:00:00,82644.2,82938.22,82257.63,82606.59,4897.0,1800,0.0
2026-01-30 14:00:00,82599.39,83682.62,82591.82,82977.01,9404.0,1800,0.0
2026-01-30 15:00:00,82980.26,83491.25,82234.56,82757.83,11674.0,1800,0.0
2026-01-30 16:00:00,82756.92,83376.52,82416.17,83017.46,8811.0,1800,0.0
2026-01-30 17:00:00,83018.63,83354.03,82494.1,82807.63,8010.0,1800,0.0
2026-01-30 18:00:00,82805.1,84055.21,81731.29,83795.36,13420.0,1800,0.0
2026-01-30 19:00:00,83799.84,84520.91,83775.71,84122.25,9563.0,1800,0.0
2026-01-30 20:00:00,84126.77,84166.65,83400.24,83762.48,10271.0,1800,0.0
2026-01-30 21:00:00,83766.91,84359.47,83640.89,84119.89,4218.0,1800,0.0
2026-01-30 22:00:00,84117.52,84176.89,83758.54,84078.99,2664.0,1800,0.0
2026-01-30 23:00:00,84080.32,84163.76,83785.19,84106.75,1925.0,1800,0.0
2026-01-31 00:00:00,84107.55,84147.83,83865.4,83936.54,1878.0,1800,0.0
2026-01-31 01:00:00,83934.49,84121.73,83748.64,83865.7,1861.0,1800,0.0
2026-01-31 02:00:00,83865.59,84036.05,83666.17,83972.19,1892.0,1800,0.0
2026-01-31 03:00:00,83973.04,84080.3,83873.59,83875.52,1461.0,1800,0.0
2026-01-31 04:00:00,83874.59,83997.61,83774.23,83842.07,1312.0,1800,0.0
2026-01-31 05:00:00,83841.98,83956.68,83734.45,83855.28,1455.0,1800,0.0
2026-01-31 06:00:00,83853.55,83898.96,83494.16,83623.13,1717.0,1800,0.0
2026-01-31 07:00:00,83624.67,83654.62,83243.2,83404.61,1991.0,1800,0.0
2026-01-31 08:00:00,83402.9,83483.29,82426.17,82916.49,5753.0,1800,0.0
2026-01-31 09:00:00,82923.13,83151.27,82732.46,82973.5,3155.0,1800,0.0
2026-01-31 10:00:00,82977.07,83056.6,82768.97,83021.89,2111.0,1800,0.0
2026-01-31 11:00:00,83014.69,83014.69,82697.32,82874.06,2184.0,1800,0.0
2026-01-31 12:00:00,82871.24,83005.11,82562.2,82629.7,2823.0,1800,0.0
2026-01-31 13:00:00,82624.83,82783.74,82337.99,82621.8,3549.0,1800,0.0
2026-01-31 14:00:00,82621.92,82794.81,80677.91,81360.19,16408.0,1800,0.0
2026-01-31 15:00:00,81356.19,81667.56,80957.66,81179.63,6569.0,1800,0.0
2026-01-31 16:00:00,81179.87,82104.11,79956.15,80227.47,16294.0,1800,0.0
2026-01-31 17:00:00,80226.91,80424.66,77945.69,78774.54,27781.0,1800,0.0
2026-01-31 18:00:00,78773.91,79025.56,75480.52,77928.09,28217.0,1800,0.0
2026-01-31 19:00:00,77932.46,78471.65,77073.85,77633.35,13673.0,1800,0.0
2026-01-31 20:00:00,77636.05,78028.86,76967.36,77882.71,9723.0,1800,0.0
2026-01-31 21:00:00,77878.58,78283.61,77262.28,78200.43,8018.0,1800,0.0
2026-01-31 22:00:00,78202.63,78391.46,77868.89,78049.77,4547.0,1800,0.0
2026-01-31 23:00:00,78046.58,79138.99,77958.11,78630.97,6990.0,1800,0.0
2026-02-01 00:00:00,78654.77,79349.55,78535.55,78817.72,6612.0,1800,0.0
2026-02-01 01:00:00,78806.32,78862.88,78189.36,78426.5,5089.0,1800,0.0
2026-02-01 02:00:00,78428.82,78978.0,78278.99,78808.68,4355.0,1800,0.0
2026-02-01 03:00:00,78804.23,78919.59,78579.87,78780.05,3274.0,1800,0.0
2026-02-01 04:00:00,78789.09,79053.81,78630.94,78882.39,2809.0,1800,0.0
2026-02-01 05:00:00,78885.11,78922.31,78437.84,78529.35,2703.0,1800,0.0
2026-02-01 06:00:00,78528.91,78744.27,78168.13,78217.64,2966.0,1800,0.0
2026-02-01 07:00:00,78217.26,78637.87,77871.88,78278.87,4468.0,1800,0.0
2026-02-01 08:00:00,78278.75,78789.15,78159.65,78512.74,3486.0,1800,0.0
2026-02-01 09:00:00,78516.01,79073.71,78452.49,78957.17,2846.0,1800,0.0
2026-02-01 10:00:00,78955.77,79160.78,78060.3,78206.5,4889.0,1800,0.0
2026-02-01 11:00:00,78206.66,78817.41,78206.66,78687.69,3175.0,1800,0.0
2026-02-01 12:00:00,78682.18,78700.5,78173.39,78389.79,2631.0,1800,0.0
2026-02-01 13:00:00,78395.82,78701.42,78120.88,78254.91,3140.0,1800,0.0
2026-02-01 14:00:00,78254.49,78453.41,77165.65,78147.32,10177.0,1800,0.0
2026-02-01 15:00:00,78150.46,78186.85,76702.94,77534.8,13090.0,1800,0.0
2026-02-01 16:00:00,77525.61,77768.66,77014.34,77409.1,9756.0,1800,0.0
2026-02-01 17:00:00,77403.18,77678.09,77221.38,77671.43,6026.0,1800,0.0
2026-02-01 18:00:00,77673.07,78391.41,77632.95,77942.04,6923.0,1800,0.0
2026-02-01 19:00:00,77940.53,78030.99,76907.21,77088.38,4882.0,1800,0.0
2026-02-01 20:00:00,77090.18,77667.15,76499.64,77024.77,7320.0,1800,0.0
2026-02-01 21:00:00,77025.3,77103.07,76264.28,76447.5,8532.0,1800,0.0
2026-02-01 22:00:00,76435.68,77715.83,76361.1,77158.03,8570.0,1800,0.0
2026-02-01 23:00:00,77162.23,77557.86,75614.29,76898.99,19496.0,1800,0.0
2026-02-02 00:00:00,76897.98,78078.31,76531.75,77597.31,12125.0,1800,0.0
2026-02-02 01:00:00,77593.96,77878.95,76533.33,77447.52,12770.0,1800,0.0
2026-02-02 02:00:00,77451.95,77493.63,76353.7,76405.47,9774.0,1800,0.0
2026-02-02 03:00:00,76406.93,76498.18,74524.91,76214.37,25350.0,1800,0.0
2026-02-02 04:00:00,76214.9,76533.94,75239.22,75805.68,11973.0,1800,0.0
2026-02-02 05:00:00,75804.44,75913.35,74817.04,75402.37,13351.0,1800,0.0
2026-02-02 06:00:00,75402.15,76752.28,74855.62,76455.65,18048.0,1800,0.0
2026-02-02 07:00:00,76457.85,76877.25,76225.54,76564.26,10561.0,1800,0.0
2026-02-02 08:00:00,76561.21,77107.96,76517.84,76779.8,8630.0,1800,0.0
2026-02-02 09:00:00,76786.13,77733.01,76554.86,77629.99,7492.0,1800,0.0
2026-02-02 10:00:00,77629.12,77784.27,77373.68,77412.0,4452.0,1800,0.0
2026-02-02 11:00:00,77416.1,77891.03,77351.61,77672.9,4307.0,1800,0.0
2026-02-02 12:00:00,77676.14,78352.7,77620.89,77924.72,5253.0,1800,0.0
2026-02-02 13:00:00,77923.7,78429.64,77721.33,78137.4,5199.0,1800,0.0
2026-02-02 14:00:00,78141.73,78815.69,77543.68,77781.03,15043.0,1800,0.0
2026-02-02 15:00:00,77789.15,79317.84,77496.46,78815.68,15874.0,1800,0.0
2026-02-02 16:00:00,78813.01,79268.24,78518.23,78577.9,8735.0,1800,0.0
2026-02-02 17:00:00,78575.36,79176.67,78541.7,78939.78,6263.0,1800,0.0
2026-02-02 18:00:00,78939.24,78943.38,78304.86,78508.86,5374.0,1800,0.0
2026-02-02 19:00:00,78503.82,78637.07,78210.39,78281.21,4790.0,1800,0.0
2026-02-02 20:00:00,78278.83,78615.09,77810.09,77937.72,6114.0,1800,0.0
2026-02-02 21:00:00,77947.26,78494.71,77844.78,78456.44,3544.0,1800,0.0
2026-02-02 22:00:00,78457.62,78794.3,78450.85,78730.25,2444.0,1800,0.0
2026-02-02 23:00:00,78731.54,78910.45,78493.75,78664.72,3250.0,1800,0.0
2026-02-03 00:00:00,78662.85,79043.17,78335.41,78989.99,3966.0,1800,0.0
2026-02-03 01:00:00,78993.52,79132.8,78640.3,78948.54,4350.0,1800,0.0
2026-02-03 02:00:00,78948.45,78948.45,77711.87,77731.22,4759.0,1800,0.0
2026-02-03 03:00:00,77735.11,78841.12,77570.31,78679.81,5861.0,1800,0.0
2026-02-03 04:00:00,78673.78,78926.22,78396.34,78727.63,3374.0,1800,0.0
2026-02-03 05:00:00,78726.93,78740.13,78148.83,78168.56,3224.0,1800,0.0
2026-02-03 06:00:00,78167.87,78600.46,77870.99,78523.59,3989.0,1800,0.0
2026-02-03 07:00:00,78523.72,78873.66,78409.52,78711.28,4061.0,1800,0.0
2026-02-03 08:00:00,78713.04,79021.21,78386.57,78682.19,4262.0,1800,0.0
2026-02-03 09:00:00,78682.32,78778.59,77861.62,78313.49,5610.0,1800,0.0
2026-02-03 10:00:00,78313.63,78486.83,77981.9,78047.69,3462.0,1800,0.0
2026-02-03 11:00:00,78048.76,78282.8,77919.32,78004.02,3335.0,1800,0.0
2026-02-03 12:00:00,78003.26,78341.85,77900.81,78255.0,3377.0,1800,0.0
2026-02-03 13:00:00,78255.67,78387.03,78099.13,78219.7,3284.0,1800,0.0
2026-02-03 14:00:00,78217.46,78355.04,77095.57,77140.19,11449.0,1800,0.0
2026-02-03 15:00:00,77139.07,78149.2,76969.25,78059.27,15953.0,1800,0.0
2026-02-03 16:00:00,78060.6,78067.93,76395.5,76418.48,11761.0,1800,0.0
2026-02-03 17:00:00,76424.47,76457.73,74779.05,74814.51,12731.0,1800,0.0
2026-02-03 18:00:00,74819.03,75215.16,73049.9,73060.63,17772.0,1800,0.0
2026-02-03 19:00:00,73050.69,75175.53,72845.98,74830.98,18540.0,1800,0.0
2026-02-03 20:00:00,74829.27,76638.41,74488.33,76375.25,13970.0,1800,0.0
2026-02-03 21:00:00,76371.68,76872.72,76008.46,76142.75,6614.0,1800,0.0
2026-02-03 22:00:00,76142.91,76212.37,75304.86,75603.69,5720.0,1800,0.0
2026-02-03 23:00:00,75601.02,75911.0,75323.16,75658.95,5561.0,1800,0.0
2026-02-04 00:00:00,75658.69,76171.84,75350.96,75813.31,5008.0,1800,0.0
2026-02-04 01:00:00,75816.13,76683.97,75816.13,76310.38,5676.0,1800,0.0
2026-02-04 02:00:00,76312.05,76509.51,75602.81,75848.26,4859.0,1800,0.0
2026-02-04 03:00:00,75848.42,76893.35,75796.22,76603.02,4307.0,1800,0.0
2026-02-04 04:00:00,76603.45,76747.3,76313.78,76386.87,2620.0,1800,0.0
2026-02-04 05:00:00,76391.33,76440.84,76009.74,76192.05,2699.0,1800,0.0
2026-02-04 06:00:00,76190.61,76697.03,76159.64,76550.22,2681.0,1800,0.0
2026-02-04 07:00:00,76544.29,76566.07,76232.36,76407.8,3091.0,1800,0.0
2026-02-04 08:00:00,76410.5,76494.97,75968.73,76476.54,4021.0,1800,0.0
2026-02-04 09:00:00,76474.7,76501.98,75844.58,76011.67,3704.0,1800,0.0
2026-02-04 10:00:00,76016.2,76232.35,75943.2,76191.4,3191.0,1800,0.0
2026-02-04 11:00:00,76190.38,76190.38,75546.69,75910.29,4767.0,1800,0.0
2026-02-04 12:00:00,75910.36,76161.19,75885.3,76070.16,3413.0,1800,0.0
2026-02-04 13:00:00,76064.22,76082.57,74739.88,74751.13,5639.0,1800,0.0
2026-02-04 14:00:00,74749.84,75688.55,74138.28,74251.85,15667.0,1800,0.0
2026-02-04 15:00:00,74256.93,75215.34,73679.08,74016.77,23710.0,1800,0.0
2026-02-04 16:00:00,74019.33,74128.08,72947.26,73506.75,17580.0,1800,0.0
2026-02-04 17:00:00,73505.18,73728.39,71984.03,72423.77,18798.0,1800,0.0
2026-02-04 18:00:00,72423.48,73980.03,72101.85,73277.49,18317.0,1800,0.0
2026-02-04 19:00:00,73281.59,73868.71,72877.05,73769.55,11490.0,1800,0.0
2026-02-04 20:00:00,73767.04,73999.66,73246.68,73348.73,6640.0,1800,0.0
2026-02-04 21:00:00,73345.08,73489.41,72014.7,72631.03,7240.0,1800,0.0
2026-02-04 22:00:00,72636.38,73508.65,71695.75,72369.97,9785.0,1800,0.0
2026-02-04 23:00:00,72367.69,73367.19,72287.15,72997.13,8095.0,1800,0.0
2026-02-05 00:00:00,72995.31,73143.82,72572.49,72705.77,5694.0,1800,0.0
2026-02-05 01:00:00,72708.61,73180.92,71820.97,72241.31,12266.0,1800,0.0
2026-02-05 02:00:00,72243.76,72690.6,71141.46,71310.54,14877.0,1800,0.0
2026-02-05 03:00:00,71305.51,71723.95,71013.81,71087.45,12415.0,1800,0.0
2026-02-05 04:00:00,71088.72,71306.01,70565.61,70730.2,12473.0,1800,0.0
2026-02-05 05:00:00,70745.2,71008.18,69983.22,70583.89,11668.0,1800,0.0
2026-02-05 06:00:00,70585.28,70841.89,70273.68,70807.71,8759.0,1800,0.0
2026-02-05 07:00:00,70805.04,71495.89,70477.58,70593.79,8525.0,1800,0.0
2026-02-05 08:00:00,70596.48,71394.84,70509.48,70908.48,7683.0,1800,0.0
2026-02-05 09:00:00,70909.51,71847.81,70888.3,71432.75,7632.0,1800,0.0
2026-02-05 10:00:00,71433.93,71597.51,70506.98,70721.42,5851.0,1800,0.0
2026-02-05 11:00:00,70716.62,70924.02,69789.64,70186.53,11780.0,1800,0.0
2026-02-05 12:00:00,70188.03,70481.05,69025.38,69440.38,15397.0,1800,0.0
2026-02-05 13:00:00,69439.99,69699.41,69117.19,69546.11,10509.0,1800,0.0
2026-02-05 14:00:00,69546.96,70760.14,69155.68,69285.7,22126.0,1800,0.0
2026-02-05 15:00:00,69282.16,69491.5,66552.19,67369.11,39109.0,1800,0.0
2026-02-05 16:00:00,67371.79,68552.91,66814.09,68168.46,24522.0,1800,0.0
2026-02-05 17:00:00,68170.74,68250.41,66020.39,66052.97,25773.0,1800,0.0
2026-02-05 18:00:00,66052.83,66416.67,65243.04,66197.27,22388.0,1800,0.0
2026-02-05 19:00:00,66193.9,66499.99,65044.06,65123.52,18671.0,1800,0.0
2026-02-05 20:00:00,65126.12,65563.39,62111.7,63639.12,41457.0,1800,0.0
2026-02-05 21:00:00,63636.68,64647.77,62747.09,63079.72,33712.0,1800,0.0
2026-02-05 22:00:00,63081.24,64488.3,62552.29,63789.98,22267.0,1800,0.0
2026-02-05 23:00:00,63774.47,64776.61,62581.18,62790.78,17293.0,1800,0.0
2026-02-06 00:00:00,62791.15,63751.2,59781.05,63400.67,61902.0,1800,0.0
2026-02-06 01:00:00,63397.39,65678.63,63397.39,65619.14,27063.0,1800,0.0
2026-02-06 02:00:00,65620.61,65929.61,64116.85,64913.5,17788.0,1800,0.0
2026-02-06 03:00:00,64915.31,65089.03,63677.16,64081.36,13745.0,1800,0.0
2026-02-06 04:00:00,64077.13,64932.28,63875.25,64828.7,9203.0,1800,0.0
2026-02-06 05:00:00,64827.79,66726.99,64716.3,66311.09,12227.0,1800,0.0
2026-02-06 06:00:00,66307.73,66699.95,64780.37,64893.58,12281.0,1800,0.0
2026-02-06 07:00:00,64892.65,65469.02,64555.17,64767.68,10438.0,1800,0.0
2026-02-06 08:00:00,64764.23,65124.71,64390.81,64803.63,11478.0,1800,0.0
2026-02-06 09:00:00,64805.6,66077.73,64671.02,65710.14,10073.0,1800,0.0
2026-02-06 10:00:00,65712.76,66149.5,65446.79,65879.54,7882.0,1800,0.0
2026-02-06 11:00:00,65869.98,66703.42,65675.27,66537.83,6473.0,1800,0.0
2026-02-06 12:00:00,66534.84,66539.97,66016.19,66471.49,6416.0,1800,0.0
2026-02-06 13:00:00,66474.46,67624.14,66394.02,67251.37,12209.0,1800,0.0
2026-02-06 14:00:00,67255.76,68592.5,66554.78,68161.39,20865.0,1800,0.0
2026-02-06 15:00:00,68170.04,69157.4,67729.35,68605.7,22686.0,1800,0.0
2026-02-06 16:00:00,68603.34,70196.65,68387.26,69918.96,16417.0,1800,0.0
2026-02-06 17:00:00,69912.54,71464.52,69545.18,70704.9,15681.0,1800,0.0
2026-02-06 18:00:00,70695.72,70770.35,69282.79,69712.3,15004.0,1800,0.0
2026-02-06 19:00:00,69714.6,70883.54,69576.06,70657.55,9178.0,1800,0.0
2026-02-06 20:00:00,70659.43,70944.36,69929.72,69937.13,9857.0,1800,0.0
2026-02-06 21:00:00,69943.06,70464.62,69775.39,70306.17,6262.0,1800,0.0
2026-02-06 22:00:00,70308.83,71518.54,70216.1,71287.38,7962.0,1800,0.0
2026-02-06 23:00:00,71283.76,71689.21,70438.57,70521.16,7125.0,1800,0.0
2026-02-07 00:00:00,70521.24,70548.61,69660.03,69909.76,10152.0,1800,0.0
2026-02-07 01:00:00,69909.86,70639.15,69687.35,70432.93,5581.0,1800,0.0
2026-02-07 02:00:00,70434.77,70586.62,70094.93,70304.65,4655.0,1800,0.0
2026-02-07 03:00:00,70303.84,70894.6,70229.16,70878.85,5301.0,1800,0.0
2026-02-07 04:00:00,70880.75,71657.79,70550.07,70715.94,8443.0,1800,0.0
2026-02-07 05:00:00,70713.4,71138.6,69908.9,70123.26,6320.0,1800,0.0
2026-02-07 06:00:00,70119.06,70273.22,68715.74,68750.11,7540.0,1800,0.0
2026-02-07 07:00:00,68755.59,69058.07,67273.51,68046.81,20196.0,1800,0.0
2026-02-07 08:00:00,68044.09,68778.12,67711.89,68463.48,8763.0,1800,0.0
2026-02-07 09:00:00,68471.04,68736.59,67843.45,68092.62,5955.0,1800,0.0
2026-02-07 10:00:00,68089.86,68263.58,67542.16,67948.97,5264.0,1800,0.0
2026-02-07 11:00:00,67948.8,68130.85,67641.56,67925.4,4507.0,1800,0.0
2026-02-07 12:00:00,67918.88,69943.32,67849.09,68958.28,14904.0,1800,0.0
2026-02-07 13:00:00,68958.5,69306.47,68748.32,69025.34,5918.0,1800,0.0
2026-02-07 14:00:00,69023.57,69120.09,68250.21,68580.31,6485.0,1800,0.0
2026-02-07 15:00:00,68575.49,69710.92,68479.72,69085.44,8560.0,1800,0.0
2026-02-07 16:00:00,69089.22,69845.14,68771.53,68896.32,20016.0,1800,0.0
2026-02-07 17:00:00,68903.69,69381.02,68485.34,69141.96,5477.0,1800,0.0
2026-02-07 18:00:00,69137.86,69646.73,68942.07,69448.92,4970.0,1800,0.0
2026-02-07 19:00:00,69455.65,69532.41,69207.03,69324.85,3277.0,1800,0.0
2026-02-07 20:00:00,69309.08,69678.79,69192.63,69578.75,2957.0,1800,0.0
2026-02-07 21:00:00,69579.11,69652.48,69301.3,69458.96,2920.0,1800,0.0
2026-02-07 22:00:00,69450.7,69651.66,69271.2,69360.13,2386.0,1800,0.0
2026-02-07 23:00:00,69363.71,69423.85,68724.45,69240.36,4363.0,1800,0.0
2026-02-08 00:00:00,69243.12,69391.94,68834.84,69076.75,3784.0,1800,0.0
2026-02-08 01:00:00,69076.47,69463.12,69036.5,69325.24,3508.0,1800,0.0
2026-02-08 02:00:00,69328.64,69650.35,69094.12,69314.16,3555.0,1800,0.0
2026-02-08 03:00:00,69314.12,69399.04,69004.9,69049.8,2776.0,1800,0.0
2026-02-08 04:00:00,69048.81,69311.1,68908.92,69278.69,2643.0,1800,0.0
2026-02-08 05:00:00,69282.2,69373.62,69087.8,69170.47,2124.0,1800,0.0
2026-02-08 06:00:00,69169.97,69364.5,69034.6,69303.49,2433.0,1800,0.0
2026-02-08 07:00:00,69312.56,69661.12,69153.66,69641.05,2202.0,1800,0.0
2026-02-08 08:00:00,69642.07,70733.62,69453.13,70588.77,7643.0,1800,0.0
2026-02-08 09:00:00,70590.4,70640.31,70028.99,70039.26,5121.0,1800,0.0
2026-02-08 10:00:00,70048.53,70393.58,69818.82,70203.35,4613.0,1800,0.0
2026-02-08 11:00:00,70201.84,71159.94,70153.65,70931.15,5997.0,1800,0.0
2026-02-08 12:00:00,70927.13,71233.17,70638.67,71172.25,4638.0,1800,0.0
2026-02-08 13:00:00,71170.94,71471.46,70900.86,71454.76,4825.0,1800,0.0
2026-02-08 14:00:00,71457.1,71514.28,71029.11,71205.05,4132.0,1800,0.0
2026-02-08 15:00:00,71197.62,71411.0,70731.35,71130.39,6014.0,1800,0.0
2026-02-08 16:00:00,71122.73,71205.91,70196.38,70371.54,6261.0,1800,0.0
2026-02-08 17:00:00,70365.58,70821.27,70351.95,70731.52,4619.0,1800,0.0
2026-02-08 18:00:00,70735.07,71355.68,70684.62,71081.33,4728.0,1800,0.0
2026-02-08 19:00:00,71079.16,71474.07,71079.16,71375.57,3259.0,1800,0.0
2026-02-08 20:00:00,71373.05,71373.05,70646.38,70785.61,3685.0,1800,0.0
2026-02-08 21:00:00,70791.53,71096.56,70488.97,70646.78,3394.0,1800,0.0
2026-02-08 22:00:00,70648.43,71063.51,70595.56,71022.69,3163.0,1800,0.0
2026-02-08 23:00:00,71011.39,72251.67,69922.74,70273.38,16112.0,1800,0.0
2026-02-09 00:00:00,70271.0,70725.73,70054.42,70439.62,7740.0,1800,0.0
2026-02-09 01:00:00,70436.71,70873.45,69999.4,70321.54,9040.0,1800,0.0
2026-02-09 02:00:00,70316.08,70963.11,70163.14,70577.12,6396.0,1800,0.0
2026-02-09 03:00:00,70577.18,71388.92,70554.6,71236.72,5636.0,1800,0.0
2026-02-09 04:00:00,71231.54,71290.42,70845.36,70937.68,3953.0,1800,0.0
2026-02-09 05:00:00,70931.79,71053.52,70736.88,70981.28,3255.0,1800,0.0
2026-02-09 06:00:00,70982.02,70983.45,70229.55,70597.17,4485.0,1800,0.0
2026-02-09 07:00:00,70592.43,70848.54,70284.49,70368.45,3764.0,1800,0.0
2026-02-09 08:00:00,70367.89,70556.08,69342.58,69807.23,6971.0,1800,0.0
2026-02-09 09:00:00,69803.6,70059.09,69404.62,69569.24,4560.0,1800,0.0
2026-02-09 10:00:00,69570.14,69672.49,68344.51,68663.41,8922.0,1800,0.0
2026-02-09 11:00:00,68662.02,68958.48,68508.7,68863.51,4945.0,1800,0.0
2026-02-09 12:00:00,68865.75,69184.58,68789.94,69077.68,4239.0,1800,0.0
2026-02-09 13:00:00,69073.81,69242.86,68517.09,68526.79,4741.0,1800,0.0
2026-02-09 14:00:00,68536.14,69707.53,68230.95,69217.09,16913.0,1800,0.0
2026-02-09 15:00:00,69213.62,69827.28,68766.19,69527.43,11822.0,1800,0.0
2026-02-09 16:00:00,69524.69,70381.41,69036.53,70046.2,10404.0,1800,0.0
2026-02-09 17:00:00,70039.29,71000.87,69813.45,70562.38,9038.0,1800,0.0
2026-02-09 18:00:00,70565.49,70972.98,70035.61,70368.16,8233.0,1800,0.0
2026-02-09 19:00:00,70367.99,71040.64,70207.2,70914.65,5706.0,1800,0.0
2026-02-09 20:00:00,70913.39,71091.85,70444.09,70695.7,5595.0,1800,0.0
2026-02-09 21:00:00,70703.99,70775.54,69770.81,70359.35,4589.0,1800,0.0
2026-02-09 22:00:00,70355.81,70679.78,70226.93,70323.6,3531.0,1800,0.0
2026-02-09 23:00:00,70321.18,70533.99,70029.91,70102.59,3059.0,1800,0.0
2026-02-10 00:00:00,70102.82,70215.05,69693.0,69778.9,3494.0,1800,0.0
2026-02-10 01:00:00,69781.75,70499.83,69777.94,70448.77,4209.0,1800,0.0
2026-02-10 02:00:00,70448.89,70448.89,69939.7,70055.21,3321.0,1800,0.0
2026-02-10 03:00:00,70065.7,70131.15,69152.03,69458.88,5397.0,1800,0.0
2026-02-10 04:00:00,69458.32,69866.04,69412.29,69782.29,3042.0,1800,0.0
2026-02-10 05:00:00,69786.01,69815.76,69157.26,69405.02,3788.0,1800,0.0
2026-02-10 06:00:00,69406.53,69453.38,68620.03,68866.64,5578.0,1800,0.0
2026-02-10 07:00:00,68871.01,69150.28,68798.11,68862.01,3779.0,1800,0.0
2026-02-10 08:00:00,68862.85,69166.84,68652.14,69065.54,3846.0,1800,0.0
2026-02-10 09:00:00,69062.64,69349.62,68881.45,69086.37,3333.0,1800,0.0
2026-02-10 10:00:00,69086.48,69199.74,68844.21,68856.16,2558.0,1800,0.0
2026-02-10 11:00:00,68859.44,69017.36,68383.02,68459.49,3775.0,1800,0.0
2026-02-10 12:00:00,68459.82,68794.89,68347.49,68544.4,3942.0,1800,0.0
2026-02-10 13:00:00,68543.49,69082.79,68292.83,68957.92,5423.0,1800,0.0
2026-02-10 14:00:00,68959.53,69536.42,67852.79,68399.98,14553.0,1800,0.0
2026-02-10 15:00:00,68391.99,69474.32,68230.12,69242.7,14014.0,1800,0.0
2026-02-10 16:00:00,69239.89,69778.16,68890.72,69477.51,9479.0,1800,0.0
2026-02-10 17:00:00,69480.41,69962.81,69264.02,69886.96,6520.0,1800,0.0
2026-02-10 18:00:00,69901.44,69909.4,68551.06,68846.94,8136.0,1800,0.0
2026-02-10 19:00:00,68848.91,69269.43,68649.65,69019.1,5925.0,1800,0.0
2026-02-10 20:00:00,69020.38,69102.51,68574.99,68716.69,4802.0,1800,0.0
2026-02-10 21:00:00,68708.68,68966.57,68300.05,68600.4,3801.0,1800,0.0
2026-02-10 22:00:00,68604.23,68812.23,68508.58,68643.27,2818.0,1800,0.0
2026-02-10 23:00:00,68638.39,68820.73,68449.07,68795.71,2572.0,1800,0.0
2026-02-11 00:00:00,68795.62,69200.8,68729.3,69134.24,3049.0,1800,0.0
2026-02-11 01:00:00,69135.36,69247.46,68853.21,68936.2,2813.0,1800,0.0
2026-02-11 02:00:00,68936.97,69122.74,68558.63,68634.8,3265.0,1800,0.0
2026-02-11 03:00:00,68635.66,68706.44,67954.78,68136.13,4958.0,1800,0.0
2026-02-11 04:00:00,68126.95,68278.83,67312.06,67538.0,7794.0,1800,0.0
2026-02-11 05:00:00,67540.45,67776.78,67342.73,67352.56,4408.0,1800,0.0
2026-02-11 06:00:00,67356.37,67446.21,66498.57,66727.18,7932.0,1800,0.0
2026-02-11 07:00:00,66755.89,67211.89,66590.71,66983.0,5021.0,1800,0.0
2026-02-11 08:00:00,66981.41,67085.69,66745.84,66935.98,4284.0,1800,0.0
2026-02-11 09:00:00,66940.31,67073.48,66677.06,66838.59,3597.0,1800,0.0
2026-02-11 10:00:00,66842.01,66854.84,66333.83,66502.15,4785.0,1800,0.0
2026-02-11 11:00:00,66502.05,67081.0,66470.06,67023.1,4400.0,1800,0.0
2026-02-11 12:00:00,67016.87,67395.82,66916.91,67101.6,4348.0,1800,0.0
2026-02-11 13:00:00,67112.38,67646.55,66762.46,67428.61,8848.0,1800,0.0
2026-02-11 14:00:00,67417.14,68813.02,66388.09,66544.23,20973.0,1800,0.0
2026-02-11 15:00:00,66552.66,66782.33,65706.13,66480.71,21422.0,1800,0.0
2026-02-11 16:00:00,66476.3,67245.05,65894.82,65988.96,12607.0,1800,0.0
2026-02-11 17:00:00,65987.38,66872.44,65818.42,66463.33,9824.0,1800,0.0
2026-02-11 18:00:00,66467.06,67262.72,66087.58,67231.64,8531.0,1800,0.0
2026-02-11 19:00:00,67226.28,67813.95,67059.72,67531.79,7885.0,1800,0.0
2026-02-11 20:00:00,67530.59,67705.0,67114.92,67504.57,5606.0,1800,0.0
2026-02-11 21:00:00,67507.41,68293.08,67351.31,67751.35,5522.0,1800,0.0
2026-02-11 22:00:00,67755.47,67816.3,67314.0,67364.97,3876.0,1800,0.0
2026-02-11 23:00:00,67371.09,67504.47,66726.75,67019.76,4602.0,1800,0.0
2026-02-12 00:00:00,67028.19,67659.3,66990.63,67400.87,4108.0,1800,0.0
2026-02-12 01:00:00,67401.98,67995.31,67401.52,67644.76,4830.0,1800,0.0
2026-02-12 02:00:00,67644.87,67747.09,67343.3,67386.25,4096.0,1800,0.0
2026-02-12 03:00:00,67386.31,67543.86,67246.41,67523.21,3120.0,1800,0.0
2026-02-12 04:00:00,67524.13,67637.31,66937.02,66961.7,3953.0,1800,0.0
2026-02-12 05:00:00,66960.65,67155.85,66605.74,67089.3,4432.0,1800,0.0
2026-02-12 06:00:00,67081.56,67303.92,66949.1,67072.79,3401.0,1800,0.0
2026-02-12 07:00:00,67074.5,67275.1,66871.29,67158.27,3068.0,1800,0.0
2026-02-12 08:00:00,67155.66,67293.05,66837.75,67078.87,3383.0,1800,0.0
2026-02-12 09:00:00,67082.8,67671.82,66990.93,67492.69,3614.0,1800,0.0
2026-02-12 10:00:00,67492.48,67978.13,67362.85,67960.3,3780.0,1800,0.0
2026-02-12 11:00:00,67954.56,68252.94,67692.37,68024.16,4793.0,1800,0.0
2026-02-12 12:00:00,68021.61,68116.94,67670.8,67828.3,3784.0,1800,0.0
2026-02-12 13:00:00,67828.36,68362.7,67630.15,68331.46,5195.0,1800,0.0
2026-02-12 14:00:00,68331.43,68381.16,67437.59,67525.61,10772.0,1800,0.0
2026-02-12 15:00:00,67528.43,67974.25,66957.87,67086.4,14370.0,1800,0.0
2026-02-12 16:00:00,67093.4,67201.06,65493.57,65814.52,20016.0,1800,0.0
2026-02-12 17:00:00,65809.22,66214.45,65298.05,65358.85,12205.0,1800,0.0
2026-02-12 18:00:00,65362.94,65741.68,65061.37,65538.59,10643.0,1800,0.0
2026-02-12 19:00:00,65541.43,66069.81,65205.58,65739.99,7503.0,1800,0.0
2026-02-12 20:00:00,65741.04,65985.05,65142.1,65372.21,6903.0,1800,0.0
2026-02-12 21:00:00,65376.28,65844.09,65374.68,65786.45,3919.0,1800,0.0
2026-02-12 22:00:00,65782.46,66343.39,65567.6,66218.64,3368.0,1800,0.0
2026-02-12 23:00:00,66218.48,66424.73,66094.29,66210.65,4009.0,1800,0.0
2026-02-13 00:00:00,66210.59,66465.66,65795.99,65842.34,4111.0,1800,0.0
2026-02-13 01:00:00,65844.88,66562.92,65844.88,66389.81,4211.0,1800,0.0
2026-02-13 02:00:00,66389.42,66706.87,66312.43,66598.76,3398.0,1800,0.0
2026-02-13 03:00:00,66607.14,66756.48,66396.65,66497.36,3390.0,1800,0.0
2026-02-13 04:00:00,66492.0,66621.35,66245.67,66279.06,3103.0,1800,0.0
2026-02-13 05:00:00,66279.24,66449.51,66120.51,66124.06,3005.0,1800,0.0
2026-02-13 06:00:00,66122.12,66341.77,65942.19,66310.88,3170.0,1800,0.0
2026-02-13 07:00:00,66310.26,66521.44,65978.12,66141.36,3650.0,1800,0.0
2026-02-13 08:00:00,66141.58,66688.93,66117.34,66642.82,3991.0,1800,0.0
2026-02-13 09:00:00,66631.41,67015.98,66544.99,66893.6,3854.0,1800,0.0
2026-02-13 10:00:00,66893.7,67065.52,66733.46,66913.99,3781.0,1800,0.0
2026-02-13 11:00:00,66920.57,67173.67,66729.56,67113.09,3826.0,1800,0.0
2026-02-13 12:00:00,67112.44,67159.13,66865.76,67024.27,3367.0,1800,0.0
2026-02-13 13:00:00,67020.78,67569.76,66880.59,67212.22,7813.0,1800,0.0
2026-02-13 14:00:00,67212.12,67981.62,66808.25,67687.58,13944.0,1800,0.0
2026-02-13 15:00:00,67689.99,69274.72,67642.6,68638.75,18256.0,1800,0.0
2026-02-13 16:00:00,68639.84,69438.79,68488.31,68916.75,10976.0,1800,0.0
2026-02-13 17:00:00,68916.68,69206.25,68574.63,68991.94,7286.0,1800,0.0
2026-02-13 18:00:00,68991.44,69367.38,68842.32,69089.91,6362.0,1800,0.0
2026-02-13 19:00:00,69089.22,69191.73,68869.54,68894.54,4494.0,1800,0.0
2026-02-13 20:00:00,68900.63,68925.67,68632.26,68736.54,5084.0,1800,0.0
2026-02-13 21:00:00,68734.5,69049.15,68687.93,68841.49,2741.0,1800,0.0
2026-02-13 22:00:00,68841.6,68960.83,68676.51,68946.01,2543.0,1800,0.0
2026-02-13 23:00:00,68948.95,68971.84,68774.92,68807.78,2135.0,1800,0.0
2026-02-14 00:00:00,68813.33,69108.94,68713.93,69055.46,2289.0,1800,0.0
2026-02-14 01:00:00,69050.88,69075.24,68873.63,68920.95,2008.0,1800,0.0
2026-02-14 02:00:00,68919.05,68969.37,68797.09,68833.83,1646.0,1800,0.0
2026-02-14 03:00:00,68833.5,68987.22,68805.65,68936.58,1398.0,1800,0.0
2026-02-14 04:00:00,68932.41,68955.3,68740.5,68760.95,1385.0,1800,0.0
2026-02-14 05:00:00,68760.68,68873.28,68702.89,68738.95,1443.0,1800,0.0
2026-02-14 06:00:00,68740.14,68895.04,68683.42,68887.35,1433.0,1800,0.0
2026-02-14 07:00:00,68887.43,69299.98,68841.07,69174.16,2104.0,1800,0.0
2026-02-14 08:00:00,69170.41,69829.87,69164.1,69699.15,4554.0,1800,0.0
2026-02-14 09:00:00,69700.55,69865.88,69525.43,69669.8,2557.0,1800,0.0
2026-02-14 10:00:00,69668.31,69668.31,69533.28,69624.65,1713.0,1800,0.0
2026-02-14 11:00:00,69630.09,70550.49,69623.68,70453.14,5409.0,1800,0.0
2026-02-14 12:00:00,70449.3,70492.5,69540.6,69602.87,4477.0,1800,0.0
2026-02-14 13:00:00,69602.39,69739.16,69167.45,69435.56,4974.0,1800,0.0
2026-02-14 14:00:00,69434.75,69837.23,69300.14,69686.75,3396.0,1800,0.0
2026-02-14 15:00:00,69687.46,70021.5,69534.3,69767.01,3545.0,1800,0.0
2026-02-14 16:00:00,69765.03,69793.55,69257.6,69722.34,4289.0,1800,0.0
2026-02-14 17:00:00,69722.77,69895.77,69571.02,69703.37,3082.0,1800,0.0
2026-02-14 18:00:00,69701.44,69820.68,69637.4,69739.23,2104.0,1800,0.0
2026-02-14 19:00:00,69737.06,69896.67,69566.34,69847.02,2357.0,1800,0.0
2026-02-14 20:00:00,69841.14,69989.95,69672.05,69974.1,2245.0,1800,0.0
2026-02-14 21:00:00,69970.02,70223.82,69623.29,69891.73,2958.0,1800,0.0
2026-02-14 22:00:00,69890.65,70062.05,69724.71,69928.1,2525.0,1800,0.0
2026-02-14 23:00:00,69926.24,69980.1,69672.54,69789.48,2418.0,1800,0.0
2026-02-15 00:00:00,69790.09,69820.26,69550.67,69728.37,2466.0,1800,0.0
2026-02-15 01:00:00,69725.44,69867.18,69306.72,69662.59,3293.0,1800,0.0
2026-02-15 02:00:00,69659.78,69718.39,69310.74,69436.8,2881.0,1800,0.0
2026-02-15 03:00:00,69443.88,69958.68,69202.18,69923.12,3653.0,1800,0.0
2026-02-15 04:00:00,69925.13,70492.04,69916.94,70152.0,4248.0,1800,0.0
2026-02-15 05:00:00,70152.13,70449.22,70100.24,70240.4,2350.0,1800,0.0
2026-02-15 06:00:00,70234.65,70517.15,70143.97,70367.85,2389.0,1800,0.0
2026-02-15 07:00:00,70357.88,70855.65,70267.82,70787.68,3025.0,1800,0.0
2026-02-15 08:00:00,70783.0,70936.99,70127.09,70404.17,4366.0,1800,0.0
2026-02-15 09:00:00,70401.28,70626.48,70323.17,70382.02,2535.0,1800,0.0
2026-02-15 10:00:00,70380.81,70482.23,70174.43,70386.36,2724.0,1800,0.0
2026-02-15 11:00:00,70388.58,70517.02,70224.81,70256.08,1785.0,1800,0.0
2026-02-15 12:00:00,70254.25,70387.79,69256.52,69262.66,4802.0,1800,0.0
2026-02-15 13:00:00,69265.63,69584.71,68729.69,68891.91,6629.0,1800,0.0
2026-02-15 14:00:00,68890.57,69179.46,68797.25,69132.6,4270.0,1800,0.0
2026-02-15 15:00:00,69130.02,69228.22,68842.56,69060.98,3202.0,1800,0.0
2026-02-15 16:00:00,69058.34,69064.14,68744.66,68965.87,2812.0,1800,0.0
2026-02-15 17:00:00,68980.11,69049.86,68141.51,68591.76,5299.0,1800,0.0
2026-02-15 18:00:00,68590.74,68754.83,68306.91,68408.58,4930.0,1800,0.0
2026-02-15 19:00:00,68408.42,68510.66,68024.18,68237.85,4793.0,1800,0.0
2026-02-15 20:00:00,68238.27,68516.87,68074.17,68405.03,2577.0,1800,0.0
2026-02-15 21:00:00,68408.44,68923.56,68408.44,68787.01,2701.0,1800,0.0
2026-02-15 22:00:00,68788.09,69040.16,68734.85,68957.3,2549.0,1800,0.0
2026-02-15 23:00:00,68954.52,68954.52,68280.37,68789.18,4376.0,1800,0.0
2026-02-16 00:00:00,68787.24,69024.13,68645.36,68807.29,3323.0,1800,0.0
2026-02-16 01:00:00,68806.66,69001.95,68404.76,68582.63,3109.0,1800,0.0
2026-02-16 02:00:00,68582.55,68698.12,68201.53,68291.39,3270.0,1800,0.0
2026-02-16 03:00:00,68295.13,68429.68,68106.06,68383.36,2525.0,1800,0.0
2026-02-16 04:00:00,68386.51,68853.83,68369.64,68819.18,2523.0,1800,0.0
2026-02-16 05:00:00,68822.37,68850.9,68254.35,68346.04,2364.0,1800,0.0
2026-02-16 06:00:00,68343.63,68495.23,68181.61,68406.55,1899.0,1800,0.0
2026-02-16 07:00:00,68407.68,68629.72,68326.49,68534.45,2350.0,1800,0.0
2026-02-16 08:00:00,68535.46,68756.84,68492.07,68718.58,2256.0,1800,0.0
2026-02-16 09:00:00,68720.98,69024.78,68693.93,68950.01,2697.0,1800,0.0
2026-02-16 10:00:00,68948.02,68948.02,68647.44,68755.67,2187.0,1800,0.0
2026-02-16 11:00:00,68758.13,68884.4,68298.05,68757.5,3328.0,1800,0.0
2026-02-16 12:00:00,68754.26,69810.28,68751.56,69724.92,6765.0,1800,0.0
2026-02-16 13:00:00,69711.68,70096.77,68179.44,68360.68,11006.0,1800,0.0
2026-02-16 14:00:00,68351.19,68683.67,68213.63,68381.0,6614.0,1800,0.0
2026-02-16 15:00:00,68381.13,68562.92,67239.62,67502.09,10045.0,1800,0.0
2026-02-16 16:00:00,67503.4,67943.72,67460.78,67846.07,5620.0,1800,0.0
2026-02-16 17:00:00,67838.33,68034.6,67541.47,67900.43,3744.0,1800,0.0
2026-02-16 18:00:00,67903.03,68206.13,67781.79,67821.58,2682.0,1800,0.0
2026-02-16 19:00:00,67824.03,68095.29,67770.41,67880.54,2077.0,1800,0.0
2026-02-16 20:00:00,67877.92,68527.02,67771.82,68481.89,2679.0,1800,0.0
2026-02-16 21:00:00,68482.41,68899.22,68377.0,68810.19,3034.0,1800,0.0
2026-02-16 22:00:00,68811.32,68856.3,68452.67,68553.0,2990.0,1800,0.0
2026-02-16 23:00:00,68550.87,68950.14,68493.31,68848.54,2756.0,1800,0.0
2026-02-17 00:00:00,68848.88,69009.07,68653.43,68840.44,3271.0,1800,0.0
2026-02-17 01:00:00,68843.52,68970.49,68526.28,68571.46,3055.0,1800,0.0
2026-02-17 02:00:00,68571.51,69209.85,68335.67,68795.62,4736.0,1800,0.0
2026-02-17 03:00:00,68794.71,68830.02,68425.3,68433.65,3054.0,1800,0.0
2026-02-17 04:00:00,68432.92,68665.11,68235.85,68432.38,2634.0,1800,0.0
2026-02-17 05:00:00,68436.84,68476.63,67842.4,68201.69,3782.0,1800,0.0
2026-02-17 06:00:00,68201.4,68489.91,68185.39,68358.08,2320.0,1800,0.0
2026-02-17 07:00:00,68356.54,68439.71,68118.92,68350.0,2465.0,1800,0.0
2026-02-17 08:00:00,68354.4,68441.61,68077.21,68129.68,2491.0,1800,0.0
2026-02-17 09:00:00,68129.77,68267.78,67937.97,68078.52,2679.0,1800,0.0
2026-02-17 10:00:00,68078.39,68155.55,67638.23,67805.95,3264.0,1800,0.0
2026-02-17 11:00:00,67800.45,67890.58,67634.17,67805.49,2496.0,1800,0.0
2026-02-17 12:00:00,67807.12,68251.9,67771.5,67880.31,3014.0,1800,0.0
2026-02-17 13:00:00,67881.08,68337.85,67684.78,68088.59,4641.0,1800,0.0
2026-02-17 14:00:00,68098.83,68295.46,66654.39,66827.0,11827.0,1800,0.0
2026-02-17 15:00:00,66826.72,67369.24,66562.01,67350.95,11385.0,1800,0.0
2026-02-17 16:00:00,67351.71,68121.72,67274.1,67484.34,10248.0,1800,0.0
2026-02-17 17:00:00,67486.32,67686.94,66836.66,67199.64,7849.0,1800,0.0
2026-02-17 18:00:00,67199.53,68201.09,67074.29,68043.51,6459.0,1800,0.0
2026-02-17 19:00:00,68044.5,68200.89,67688.62,67754.88,5002.0,1800,0.0
2026-02-17 20:00:00,67754.93,67887.73,67422.58,67698.26,4504.0,1800,0.0
2026-02-17 21:00:00,67700.74,67892.41,67484.11,67628.5,2486.0,1800,0.0
2026-02-17 22:00:00,67625.69,67746.35,67457.3,67489.99,1828.0,1800,0.0
2026-02-17 23:00:00,67488.32,67578.18,67335.33,67467.85,2381.0,1800,0.0
2026-02-18 00:00:00,67467.49,67590.0,67239.07,67239.13,2565.0,1800,0.0
2026-02-18 01:00:00,67248.26,67335.41,66840.99,67126.82,3289.0,1800,0.0
2026-02-18 02:00:00,67127.31,67383.82,67099.0,67285.31,2403.0,1800,0.0
2026-02-18 03:00:00,67285.48,67659.84,67278.74,67581.03,2299.0,1800,0.0
2026-02-18 04:00:00,67583.36,67862.41,67445.78,67782.62,2220.0,1800,0.0
2026-02-18 05:00:00,67784.43,67902.2,67555.27,67601.83,2242.0,1800,0.0
2026-02-18 06:00:00,67599.56,67939.89,67564.19,67807.23,2066.0,1800,0.0
2026-02-18 07:00:00,67804.26,68189.73,67649.84,68069.15,2516.0,1800,0.0
2026-02-18 08:00:00,68075.83,68435.51,68017.14,68089.57,3327.0,1800,0.0
2026-02-18 09:00:00,68091.1,68238.78,67958.47,68113.96,2145.0,1800,0.0
2026-02-18 10:00:00,68114.2,68144.85,67685.18,67757.62,2376.0,1800,0.0
2026-02-18 11:00:00,67756.19,67771.82,67046.84,67346.46,4530.0,1800,0.0
2026-02-18 12:00:00,67345.45,67653.57,67300.53,67432.44,3326.0,1800,0.0
2026-02-18 13:00:00,67433.24,67568.23,67009.57,67205.7,3319.0,1800,0.0
2026-02-18 14:00:00,67205.29,67337.84,66673.46,67186.88,9120.0,1800,0.0
2026-02-18 15:00:00,67180.88,68323.14,67149.76,67660.55,8876.0,1800,0.0
2026-02-18 16:00:00,67660.23,67674.6,66937.78,67095.57,7132.0,1800,0.0
2026-02-18 17:00:00,67096.49,67450.4,67009.26,67144.32,4259.0,1800,0.0
2026-02-18 18:00:00,67146.6,67194.88,66127.02,66321.32,6461.0,1800,0.0
2026-02-18 19:00:00,66318.94,66584.01,65819.4,66134.92,8089.0,1800,0.0
2026-02-18 20:00:00,66141.31,66501.28,66090.37,66228.19,4735.0,1800,0.0
2026-02-18 21:00:00,66233.57,66461.38,65985.42,66290.41,2881.0,1800,0.0
2026-02-18 22:00:00,66289.6,66448.72,66184.94,66364.44,2060.0,1800,0.0
2026-02-18 23:00:00,66364.59,66468.28,66225.03,66411.16,2255.0,1800,0.0
2026-02-19 00:00:00,66410.34,66563.82,66291.88,66400.92,2279.0,1800,0.0
2026-02-19 01:00:00,66399.35,66841.61,66398.74,66820.38,2817.0,1800,0.0
2026-02-19 02:00:00,66826.15,66930.63,66595.66,66785.59,2655.0,1800,0.0
2026-02-19 03:00:00,66785.66,66971.03,66683.49,66934.76,2113.0,1800,0.0
2026-02-19 04:00:00,66934.38,67036.46,66713.74,66760.48,2072.0,1800,0.0
2026-02-19 05:00:00,66761.34,66858.53,66638.83,66834.71,2161.0,1800,0.0
2026-02-19 06:00:00,66834.95,67269.84,66820.44,67116.22,2504.0,1800,0.0
2026-02-19 07:00:00,67117.62,67292.41,66989.61,67166.4,2322.0,1800,0.0
2026-02-19 08:00:00,67162.48,67162.48,66747.29,66916.37,2613.0,1800,0.0
2026-02-19 09:00:00,66925.66,67154.85,66715.85,66802.26,2683.0,1800,0.0
2026-02-19 10:00:00,66801.95,66933.77,66695.06,66792.76,2505.0,1800,0.0
2026-02-19 11:00:00,66790.13,66898.81,66431.81,66459.47,2314.0,1800,0.0
2026-02-19 12:00:00,66457.87,66648.22,66279.01,66485.13,2779.0,1800,0.0
2026-02-19 13:00:00,66486.42,66523.81,65719.27,65895.79,5214.0,1800,0.0
2026-02-19 14:00:00,65886.61,66642.96,65596.08,66385.94,9201.0,1800,0.0
2026-02-19 15:00:00,66389.77,66731.22,65927.94,66357.57,8284.0,1800,0.0
2026-02-19 16:00:00,66356.2,66483.61,65852.28,66263.68,5902.0,1800,0.0
2026-02-19 17:00:00,66260.7,67035.64,66131.53,66325.33,6163.0,1800,0.0
2026-02-19 18:00:00,66327.83,67056.47,66204.62,66996.92,5582.0,1800,0.0
2026-02-19 19:00:00,66996.46,67176.78,66664.34,67022.02,4725.0,1800,0.0
2026-02-19 20:00:00,67021.34,67151.73,66786.33,67129.61,3403.0,1800,0.0
2026-02-19 21:00:00,67132.46,67148.04,66865.1,66896.92,2067.0,1800,0.0
2026-02-19 22:00:00,66897.18,66970.68,66608.35,66867.35,2377.0,1800,0.0
2026-02-19 23:00:00,66876.22,66997.15,66778.29,66973.73,2126.0,1800,0.0
2026-02-20 00:00:00,66968.01,67486.7,66908.0,67182.03,3590.0,1800,0.0
2026-02-20 01:00:00,67193.76,67325.99,67104.58,67245.54,2469.0,1800,0.0
2026-02-20 02:00:00,67246.49,67316.6,67138.13,67203.78,1947.0,1800,0.0
2026-02-20 03:00:00,67204.3,67461.16,67202.68,67317.96,2081.0,1800,0.0
2026-02-20 04:00:00,67317.56,67354.84,67071.3,67223.96,2239.0,1800,0.0
2026-02-20 05:00:00,67224.38,67990.91,67168.89,67756.96,3201.0,1800,0.0
2026-02-20 06:00:00,67757.97,67871.91,67631.81,67815.83,2478.0,1800,0.0
2026-02-20 07:00:00,67814.63,67965.47,67732.56,67800.9,2026.0,1800,0.0
2026-02-20 08:00:00,67801.53,67922.87,67715.45,67840.95,1886.0,1800,0.0
2026-02-20 09:00:00,67838.36,68200.79,67838.36,68178.09,2966.0,1800,0.0
2026-02-20 10:00:00,68177.99,68295.99,67750.93,67919.16,2666.0,1800,0.0
2026-02-20 11:00:00,67920.53,67957.37,67256.13,67300.85,3194.0,1800,0.0
2026-02-20 12:00:00,67303.73,67572.62,67241.06,67499.91,2793.0,1800,0.0
2026-02-20 13:00:00,67502.67,67516.49,66416.13,66787.75,6603.0,1800,0.0
2026-02-20 14:00:00,66775.25,67304.23,66631.14,67055.68,7878.0,1800,0.0
2026-02-20 15:00:00,67059.78,68097.65,66512.49,67555.04,16233.0,1800,0.0
2026-02-20 16:00:00,67563.73,67905.33,67268.17,67778.8,7660.0,1800,0.0
2026-02-20 17:00:00,67776.49,67776.49,66926.59,67578.71,7865.0,1800,0.0
2026-02-20 18:00:00,67579.92,67991.22,67430.32,67907.75,6771.0,1800,0.0
2026-02-20 19:00:00,67909.76,67988.62,67518.38,67615.28,3680.0,1800,0.0
2026-02-20 20:00:00,67614.51,67807.6,67489.0,67734.42,2697.0,1800,0.0
2026-02-20 21:00:00,67728.14,67810.53,67603.92,67798.25,2040.0,1800,0.0
2026-02-20 22:00:00,67788.61,68111.62,67600.78,68045.23,2462.0,1800,0.0
2026-02-20 23:00:00,68045.13,68222.64,67872.87,67973.55,2191.0,1800,0.0
2026-02-21 00:00:00,67978.22,68012.02,67739.87,67807.06,1760.0,1800,0.0
2026-02-21 01:00:00,67808.22,67982.21,67802.59,67929.69,1472.0,1800,0.0
2026-02-21 02:00:00,67930.54,68087.23,67883.87,67972.56,1336.0,1800,0.0
2026-02-21 03:00:00,67974.95,67975.08,67493.06,67642.06,2061.0,1800,0.0
2026-02-21 04:00:00,67646.11,67826.41,67556.59,67780.69,1505.0,1800,0.0
2026-02-21 05:00:00,67782.09,67864.6,67761.82,67833.5,1231.0,1800,0.0
2026-02-21 06:00:00,67834.42,67906.95,67715.05,67764.0,1222.0,1800,0.0
2026-02-21 07:00:00,67763.45,67863.75,67715.05,67834.16,1046.0,1800,0.0
2026-02-21 08:00:00,67830.71,68052.74,67779.16,68022.05,1462.0,1800,0.0
2026-02-21 09:00:00,68026.96,68285.04,67940.86,68123.74,1915.0,1800,0.0
2026-02-21 10:00:00,68118.94,68222.53,68110.58,68184.72,1369.0,1800,0.0
2026-02-21 11:00:00,68186.17,68267.98,68047.7,68068.07,1616.0,1800,0.0
2026-02-21 12:00:00,68063.32,68188.79,67893.61,68169.91,1698.0,1800,0.0
2026-02-21 13:00:00,68173.59,68244.67,68078.21,68223.39,1444.0,1800,0.0
2026-02-21 14:00:00,68222.91,68652.95,68155.66,68420.74,3025.0,1800,0.0
2026-02-21 15:00:00,68425.96,68691.02,68389.42,68580.6,1978.0,1800,0.0
2026-02-21 16:00:00,68584.11,68611.81,68071.1,68304.46,2741.0,1800,0.0
2026-02-21 17:00:00,68310.01,68461.18,68166.02,68425.56,1733.0,1800,0.0
2026-02-21 18:00:00,68419.02,68622.2,68350.02,68557.38,1747.0,1800,0.0
2026-02-21 19:00:00,68555.68,68647.65,68494.5,68529.74,1412.0,1800,0.0
2026-02-21 20:00:00,68529.24,68580.44,68134.32,68192.86,1534.0,1800,0.0
2026-02-21 21:00:00,68192.04,68367.02,68157.3,68354.47,1437.0,1800,0.0
2026-02-21 22:00:00,68353.23,68415.11,67874.69,67949.88,2064.0,1800,0.0
2026-02-21 23:00:00,67947.62,68101.11,67912.11,67951.79,1756.0,1800,0.0
2026-02-22 00:00:00,67947.22,68045.23,67771.37,67910.72,1853.0,1800,0.0
2026-02-22 01:00:00,67910.85,68147.56,67898.9,68135.1,1505.0,1800,0.0
2026-02-22 02:00:00,68126.93,68206.14,67847.86,67881.99,1829.0,1800,0.0
2026-02-22 03:00:00,67882.72,68039.84,67793.38,68016.54,1639.0,1800,0.0
2026-02-22 04:00:00,68017.91,68060.05,67931.67,67954.53,1259.0,1800,0.0
2026-02-22 05:00:00,67954.62,67989.26,67849.98,67945.44,1069.0,1800,0.0
2026-02-22 06:00:00,67947.08,68205.51,67932.53,68021.69,1314.0,1800,0.0
2026-02-22 07:00:00,68023.13,68076.46,67959.27,67980.6,1221.0,1800,0.0
2026-02-22 08:00:00,67979.29,68004.0,67890.38,67912.68,1287.0,1800,0.0
2026-02-22 09:00:00,67918.03,68087.51,67918.03,68030.67,1244.0,1800,0.0
2026-02-22 10:00:00,68031.07,68141.5,67983.75,68099.11,1138.0,1800,0.0
2026-02-22 11:00:00,68110.03,68227.87,68098.92,68188.89,1290.0,1800,0.0
2026-02-22 12:00:00,68188.85,68218.65,67838.43,67904.15,2024.0,1800,0.0
2026-02-22 13:00:00,67900.69,68018.96,67549.4,67633.13,2813.0,1800,0.0
2026-02-22 14:00:00,67634.9,67670.48,67327.28,67418.92,2719.0,1800,0.0
2026-02-22 15:00:00,67423.44,67799.13,67277.63,67665.82,2398.0,1800,0.0
2026-02-22 16:00:00,67666.11,67703.8,67486.77,67598.65,1570.0,1800,0.0
2026-02-22 17:00:00,67598.36,67603.68,67141.94,67359.89,2137.0,1800,0.0
2026-02-22 18:00:00,67353.43,67436.32,67284.08,67380.99,1390.0,1800,0.0
2026-02-22 19:00:00,67379.4,67457.45,67364.39,67386.89,1208.0,1800,0.0
2026-02-22 20:00:00,67386.1,67450.05,67307.18,67360.19,1273.0,1800,0.0
2026-02-22 21:00:00,67362.81,67611.62,67362.81,67568.35,1192.0,1800,0.0
2026-02-22 22:00:00,67568.42,67722.46,67436.5,67637.49,1956.0,1800,0.0
2026-02-22 23:00:00,67634.95,67695.29,67425.19,67609.03,2263.0,1800,0.0
2026-02-23 00:00:00,67614.61,67647.49,66678.65,66714.31,3428.0,1800,0.0
2026-02-23 01:00:00,66713.52,66713.52,64260.65,64401.34,17486.0,1800,0.0
2026-02-23 02:00:00,64399.78,64893.64,64283.62,64758.31,5813.0,1800,0.0
2026-02-23 03:00:00,64766.73,65070.89,64672.31,64910.47,3213.0,1800,0.0
2026-02-23 04:00:00,64939.01,65007.32,64643.57,64794.45,2522.0,1800,0.0
2026-02-23 05:00:00,64794.53,65204.21,64779.11,65039.77,2769.0,1800,0.0
2026-02-23 06:00:00,65041.69,65794.08,64993.36,65734.9,3681.0,1800,0.0
2026-02-23 07:00:00,65733.67,65997.67,65609.4,65928.92,3203.0,1800,0.0
2026-02-23 08:00:00,65926.53,65944.44,65543.06,65653.68,2973.0,1800,0.0
2026-02-23 09:00:00,65651.06,66451.98,65648.12,66389.34,4068.0,1800,0.0
2026-02-23 10:00:00,66389.3,66591.51,66191.82,66310.99,3107.0,1800,0.0
2026-02-23 11:00:00,66312.58,66478.91,66089.79,66192.51,2249.0,1800,0.0
2026-02-23 12:00:00,66195.54,66506.41,65880.25,66277.43,3570.0,1800,0.0
2026-02-23 13:00:00,66279.87,66432.11,66088.12,66125.83,3241.0,1800,0.0
2026-02-23 14:00:00,66123.34,66256.97,65504.3,65897.08,8432.0,1800,0.0
2026-02-23 15:00:00,65896.63,66243.84,65557.3,65632.78,7367.0,1800,0.0
2026-02-23 16:00:00,65633.13,65712.27,65146.25,65351.73,6646.0,1800,0.0
2026-02-23 17:00:00,65354.63,65437.94,64122.33,64797.26,7910.0,1800,0.0
2026-02-23 18:00:00,64796.3,65157.37,64559.36,64606.34,5794.0,1800,0.0
2026-02-23 19:00:00,64608.02,64839.5,64050.8,64275.25,5099.0,1800,0.0
2026-02-23 20:00:00,64273.83,64465.27,63854.86,64451.07,5014.0,1800,0.0
2026-02-23 21:00:00,64447.02,64761.88,64430.04,64565.8,2825.0,1800,0.0
2026-02-23 22:00:00,64563.46,64997.4,64529.74,64700.58,2769.0,1800,0.0
2026-02-23 23:00:00,64692.8,64879.59,64488.44,64622.19,2273.0,1800,0.0
2026-02-24 00:00:00,64623.03,64980.95,64621.0,64897.53,2561.0,1800,0.0
2026-02-24 01:00:00,64899.89,64903.69,63386.35,64131.05,10753.0,1800,0.0
2026-02-24 02:00:00,64131.04,64476.37,63960.44,64078.87,4828.0,1800,0.0
2026-02-24 03:00:00,64078.21,64078.21,63298.97,63565.15,6647.0,1800,0.0
2026-02-24 04:00:00,63565.35,63599.51,62830.75,63338.36,6618.0,1800,0.0
2026-02-24 05:00:00,63333.47,63517.09,62665.64,63076.55,5341.0,1800,0.0
2026-02-24 06:00:00,63068.51,63298.93,62857.36,63055.19,3735.0,1800,0.0
2026-02-24 07:00:00,63056.57,63342.29,62887.98,63155.93,3833.0,1800,0.0
2026-02-24 08:00:00,63155.96,63405.87,62969.94,63360.0,3459.0,1800,0.0
2026-02-24 09:00:00,63362.78,63396.65,62907.58,63233.81,3405.0,1800,0.0
2026-02-24 10:00:00,63232.96,63356.25,63078.86,63262.11,2523.0,1800,0.0
2026-02-24 11:00:00,63262.53,63305.77,63027.15,63199.42,2594.0,1800,0.0
2026-02-24 12:00:00,63200.73,63327.99,62934.16,62951.29,2727.0,1800,0.0
2026-02-24 13:00:00,62949.19,63091.83,62410.13,62880.28,5555.0,1800,0.0
2026-02-24 14:00:00,62876.38,63829.37,62737.95,63455.54,10457.0,1800,0.0
2026-02-24 15:00:00,63459.09,64030.5,63291.37,63958.74,8933.0,1800,0.0
2026-02-24 16:00:00,63959.85,64419.26,63683.83,64251.11,7653.0,1800,0.0
2026-02-24 17:00:00,64250.2,64519.88,64033.36,64208.69,4608.0,1800,0.0
2026-02-24 18:00:00,64204.86,64504.53,63879.16,64410.97,3877.0,1800,0.0
2026-02-24 19:00:00,64411.25,64743.78,64232.4,64436.98,3955.0,1800,0.0
2026-02-24 20:00:00,64435.14,64588.0,64304.61,64454.62,2882.0,1800,0.0
2026-02-24 21:00:00,64450.1,64454.24,63794.26,64027.04,2848.0,1800,0.0
2026-02-24 22:00:00,64029.94,64230.87,63960.36,64116.58,2101.0,1800,0.0
2026-02-24 23:00:00,64114.88,64252.34,63840.51,64060.14,2451.0,1800,0.0
2026-02-25 00:00:00,64061.8,64320.17,63895.95,64211.78,2494.0,1800,0.0
2026-02-25 01:00:00,64210.72,66307.43,64131.81,65880.52,13031.0,1800,0.0
2026-02-25 02:00:00,65879.37,66303.28,65835.33,65875.38,5143.0,1800,0.0
2026-02-25 03:00:00,65873.55,65950.69,65327.8,65385.81,4441.0,1800,0.0
2026-02-25 04:00:00,65384.19,65650.46,65101.52,65449.77,3313.0,1800,0.0
2026-02-25 05:00:00,65452.92,65506.13,64734.05,64874.21,3881.0,1800,0.0
2026-02-25 06:00:00,64873.53,65118.99,64845.89,64888.29,2452.0,1800,0.0
2026-02-25 07:00:00,64890.18,65184.06,64753.07,65018.91,2881.0,1800,0.0
2026-02-25 08:00:00,65015.9,65571.2,64942.8,65510.94,3297.0,1800,0.0
2026-02-25 09:00:00,65500.78,65693.53,65407.58,65539.11,2618.0,1800,0.0
2026-02-25 10:00:00,65538.2,65654.43,65319.26,65391.08,2186.0,1800,0.0
2026-02-25 11:00:00,65387.02,65473.84,65174.34,65415.86,2344.0,1800,0.0
2026-02-25 12:00:00,65416.9,66237.62,65294.21,66061.2,4479.0,1800,0.0
2026-02-25 13:00:00,66065.73,66701.87,65999.77,66227.98,4639.0,1800,0.0
2026-02-25 14:00:00,66230.86,67014.53,66195.43,66962.31,9031.0,1800,0.0
2026-02-25 15:00:00,66954.76,67593.3,66707.73,67404.59,10224.0,1800,0.0
2026-02-25 16:00:00,67400.63,68361.78,67397.86,68302.73,8232.0,1800,0.0
2026-02-25 17:00:00,68310.64,68904.08,68033.63,68677.16,9151.0,1800,0.0
2026-02-25 18:00:00,68674.46,69576.16,68389.32,69345.87,8490.0,1800,0.0
2026-02-25 19:00:00,69345.77,69419.63,68783.28,69041.03,5788.0,1800,0.0
2026-02-25 20:00:00,69041.5,69394.6,68619.04,69158.29,4933.0,1800,0.0
2026-02-25 21:00:00,69158.77,70049.54,68764.84,68923.53,8736.0,1800,0.0
2026-02-25 22:00:00,68928.25,69201.37,68053.82,68446.56,5496.0,1800,0.0
2026-02-25 23:00:00,68440.53,68695.35,67586.07,67989.95,6067.0,1800,0.0
2026-02-26 00:00:00,67989.44,68546.5,67721.18,68325.8,6646.0,1800,0.0
2026-02-26 01:00:00,68325.85,68711.11,68208.09,68254.78,4736.0,1800,0.0
2026-02-26 02:00:00,68255.82,68364.17,67791.33,68251.21,4636.0,1800,0.0
2026-02-26 03:00:00,68249.78,68387.07,68041.28,68209.68,3192.0,1800,0.0
2026-02-26 04:00:00,68209.63,68870.06,68166.97,68566.2,3981.0,1800,0.0
2026-02-26 05:00:00,68565.29,68570.48,68108.23,68447.06,3669.0,1800,0.0
2026-02-26 06:00:00,68444.73,68530.5,68053.37,68177.07,2941.0,1800,0.0
2026-02-26 07:00:00,68177.18,68300.94,67805.86,67833.81,2962.0,1800,0.0
2026-02-26 08:00:00,67836.48,68249.43,67775.18,67950.72,3647.0,1800,0.0
2026-02-26 09:00:00,67953.33,68639.15,67926.41,68577.51,3330.0,1800,0.0
2026-02-26 10:00:00,68581.58,68716.11,68244.99,68298.39,2812.0,1800,0.0
2026-02-26 11:00:00,68298.17,68396.84,67972.2,68048.92,2481.0,1800,0.0
2026-02-26 12:00:00,68048.83,68296.13,67993.91,68174.59,2997.0,1800,0.0
2026-02-26 13:00:00,68174.49,68216.89,67824.18,67892.95,3183.0,1800,0.0
2026-02-26 14:00:00,67888.73,68278.82,67256.29,67687.21,11505.0,1800,0.0
2026-02-26 15:00:00,67682.32,67735.11,66752.85,67388.63,12927.0,1800,0.0
2026-02-26 16:00:00,67389.41,67569.5,66486.5,66641.66,9513.0,1800,0.0
2026-02-26 17:00:00,66640.98,67052.13,66584.6,66817.97,6289.0,1800,0.0
2026-02-26 18:00:00,66816.66,67373.49,66557.32,67297.87,5594.0,1800,0.0
2026-02-26 19:00:00,67296.68,67915.41,67274.81,67578.23,4987.0,1800,0.0
2026-02-26 20:00:00,67578.7,67821.41,67280.43,67424.98,3363.0,1800,0.0
2026-02-26 21:00:00,67424.59,67582.98,67140.98,67462.93,2654.0,1800,0.0
2026-02-26 22:00:00,67461.63,67633.49,67297.81,67561.87,1941.0,1800,0.0
2026-02-26 23:00:00,67561.33,67656.4,67385.83,67485.48,2376.0,1800,0.0
2026-02-27 00:00:00,67481.8,67539.66,66983.5,67219.98,3545.0,1800,0.0
2026-02-27 01:00:00,67223.21,67383.96,66870.91,67353.13,4380.0,1800,0.0
2026-02-27 02:00:00,67355.5,67534.83,67256.53,67256.53,3049.0,1800,0.0
2026-02-27 03:00:00,67258.54,67705.94,67079.75,67588.83,2935.0,1800,0.0
2026-02-27 04:00:00,67589.04,68218.2,67559.5,67748.95,4465.0,1800,0.0
2026-02-27 05:00:00,67734.0,67923.87,67665.2,67723.12,2536.0,1800,0.0
2026-02-27 06:00:00,67722.11,67825.19,67511.64,67657.02,2281.0,1800,0.0
2026-02-27 07:00:00,67651.11,67764.97,67443.88,67671.35,2697.0,1800,0.0
2026-02-27 08:00:00,67670.87,68088.71,67648.91,67931.16,3325.0,1800,0.0
2026-02-27 09:00:00,67932.25,68161.63,67275.09,67348.54,4329.0,1800,0.0
2026-02-27 10:00:00,67352.41,67418.74,66565.06,66606.36,5882.0,1800,0.0
2026-02-27 11:00:00,66606.44,66775.75,65948.02,66123.95,6294.0,1800,0.0
2026-02-27 12:00:00,66122.16,66227.68,65736.86,65932.29,4487.0,1800,0.0
2026-02-27 13:00:00,65929.6,66347.44,65650.91,66271.79,6120.0,1800,0.0
2026-02-27 14:00:00,66268.72,66333.87,65688.06,65879.15,9007.0,1800,0.0
2026-02-27 15:00:00,65874.63,66311.17,65834.79,66095.45,7299.0,1800,0.0
2026-02-27 16:00:00,66095.18,66118.84,65445.13,65469.01,5764.0,1800,0.0
2026-02-27 17:00:00,65474.84,65744.29,65092.12,65695.13,6281.0,1800,0.0
2026-02-27 18:00:00,65696.89,65796.63,65206.8,65295.55,4198.0,1800,0.0
2026-02-27 19:00:00,65290.97,65448.25,65152.62,65368.15,3229.0,1800,0.0
2026-02-27 20:00:00,65375.1,65660.7,65371.16,65576.77,3140.0,1800,0.0
2026-02-27 21:00:00,65584.7,65743.84,65379.12,65515.42,2298.0,1800,0.0
2026-02-27 22:00:00,65522.0,65660.6,64898.84,65621.59,3337.0,1800,0.0
2026-02-27 23:00:00,65618.15,65944.13,65535.0,65854.93,2480.0,1800,0.0
2026-02-28 00:00:00,65853.09,66006.25,65695.49,65925.67,2038.0,1800,0.0
2026-02-28 01:00:00,65924.92,65968.69,65722.46,65759.77,1940.0,1800,0.0
2026-02-28 02:00:00,65764.72,66021.1,65748.52,65951.27,1606.0,1800,0.0
2026-02-28 03:00:00,65950.43,65968.53,65722.55,65791.45,1663.0,1800,0.0
2026-02-28 04:00:00,65787.87,65812.85,65460.85,65658.91,2004.0,1800,0.0
2026-02-28 05:00:00,65656.79,65718.27,65483.86,65574.88,1811.0,1800,0.0
2026-02-28 06:00:00,65578.71,65584.97,63006.78,63205.57,16124.0,1800,0.0
2026-02-28 07:00:00,63205.77,64321.89,63010.22,63815.44,10015.0,1800,0.0
2026-02-28 08:00:00,63820.09,63879.61,63389.28,63469.84,5242.0,1800,0.0
2026-02-28 09:00:00,63468.88,63940.92,63348.51,63644.75,4624.0,1800,0.0
2026-02-28 10:00:00,63639.88,64051.64,63455.33,63994.26,3809.0,1800,0.0
2026-02-28 11:00:00,63994.52,64306.23,63768.96,63839.6,3725.0,1800,0.0
2026-02-28 12:00:00,63841.75,64092.79,63817.25,64014.97,2603.0,1800,0.0
2026-02-28 13:00:00,64023.02,65215.74,63895.38,65087.94,6743.0,1800,0.0
2026-02-28 14:00:00,65098.74,65359.41,64260.44,64425.6,9584.0,1800,0.0
2026-02-28 15:00:00,64423.74,65024.59,64204.02,64834.18,5097.0,1800,0.0
2026-02-28 16:00:00,64831.81,65203.54,64668.1,65093.19,3783.0,1800,0.0
2026-02-28 17:00:00,65093.05,65608.59,64827.73,65422.03,3364.0,1800,0.0
2026-02-28 18:00:00,65419.87,66175.65,65169.4,65901.26,5832.0,1800,0.0
2026-02-28 19:00:00,65903.01,66671.44,65591.5,66344.63,6594.0,1800,0.0
2026-02-28 20:00:00,66348.11,67172.29,66176.53,66955.47,6911.0,1800,0.0
2026-02-28 21:00:00,66954.92,67028.16,66359.17,66718.89,4990.0,1800,0.0
2026-02-28 22:00:00,66725.33,67764.99,66603.5,67107.33,7294.0,1800,0.0
2026-02-28 23:00:00,67108.27,67211.08,66725.04,66969.44,3415.0,1800,0.0
2026-03-01 00:00:00,66961.03,67116.46,66604.66,66788.02,3516.0,1800,0.0
2026-03-01 01:00:00,66784.54,67715.3,66042.65,67342.63,7601.0,1800,0.0
2026-03-01 02:00:00,67342.86,68205.1,67330.53,67614.24,9446.0,1800,0.0
2026-03-01 03:00:00,67612.09,67815.39,67374.73,67502.75,4018.0,1800,0.0
2026-03-01 04:00:00,67503.46,67608.23,67069.94,67339.94,3483.0,1800,0.0
2026-03-01 05:00:00,67336.18,67567.2,67190.89,67295.06,2346.0,1800,0.0
2026-03-01 06:00:00,67295.25,67350.34,66776.43,66916.4,3171.0,1800,0.0
2026-03-01 07:00:00,66912.54,67230.01,66786.28,67138.46,2792.0,1800,0.0
2026-03-01 08:00:00,67146.52,67295.39,66446.84,66564.81,3872.0,1800,0.0
2026-03-01 09:00:00,66553.78,66770.54,66230.91,66397.7,4305.0,1800,0.0
2026-03-01 10:00:00,66396.93,66738.53,66205.27,66460.4,3083.0,1800,0.0
2026-03-01 11:00:00,66460.41,66667.04,66368.74,66464.52,2046.0,1800,0.0
2026-03-01 12:00:00,66453.22,66549.33,66236.34,66298.43,2537.0,1800,0.0
2026-03-01 13:00:00,66294.18,67361.36,66127.13,66945.4,6629.0,1800,0.0
2026-03-01 14:00:00,66945.61,67317.54,66732.41,66863.73,7093.0,1800,0.0
2026-03-01 15:00:00,66848.14,67252.73,66815.48,66849.09,3978.0,1800,0.0
2026-03-01 16:00:00,66852.22,67111.79,65807.86,66139.04,6951.0,1800,0.0
2026-03-01 17:00:00,66125.29,66223.18,65708.09,65987.92,5764.0,1800,0.0
2026-03-01 18:00:00,65987.52,66688.91,65975.37,66312.29,4103.0,1800,0.0
2026-03-01 19:00:00,66312.7,66343.77,65770.76,65952.15,2808.0,1800,0.0
2026-03-01 20:00:00,65949.26,65965.46,65058.96,65290.67,5252.0,1800,0.0
2026-03-01 21:00:00,65289.59,65764.55,65272.51,65664.33,2895.0,1800,0.0
2026-03-01 22:00:00,65662.78,66807.16,65021.34,65256.3,6964.0,1800,0.0
2026-03-01 23:00:00,65254.94,66080.3,65099.15,65769.31,7112.0,1800,0.0
2026-03-02 00:00:00,65769.42,66781.79,65742.94,66506.2,7317.0,1800,0.0
2026-03-02 01:00:00,66504.37,67107.84,66356.58,66535.42,8149.0,1800,0.0
2026-03-02 02:00:00,66535.51,66616.52,65870.96,66276.82,5514.0,1800,0.0
2026-03-02 03:00:00,66278.19,67045.72,66104.08,66807.23,5295.0,1800,0.0
2026-03-02 04:00:00,66811.96,66978.96,66621.15,66858.55,3764.0,1800,0.0
2026-03-02 05:00:00,66858.5,66994.27,66540.91,66734.49,3601.0,1800,0.0
2026-03-02 06:00:00,66737.79,66737.79,66040.59,66209.42,4794.0,1800,0.0
2026-03-02 07:00:00,66209.26,66213.37,65536.22,65999.2,5213.0,1800,0.0
2026-03-02 08:00:00,66002.27,66301.33,65635.56,66275.17,5699.0,1800,0.0
2026-03-02 09:00:00,66276.78,66730.43,66151.39,66161.56,5012.0,1800,0.0
2026-03-02 10:00:00,66158.01,66389.75,66070.33,66312.36,3558.0,1800,0.0
2026-03-02 11:00:00,66309.71,66481.61,65987.78,66354.84,3959.0,1800,0.0
2026-03-02 12:00:00,66346.73,66394.2,65899.46,65943.22,3472.0,1800,0.0
2026-03-02 13:00:00,65939.2,66132.42,65330.14,65418.25,6367.0,1800,0.0
2026-03-02 14:00:00,65417.73,67214.76,65240.93,67155.0,15132.0,1800,0.0
2026-03-02 15:00:00,67149.35,69628.01,66971.25,69128.7,20671.0,1800,0.0
2026-03-02 16:00:00,69118.28,70146.08,68913.9,69457.81,14184.0,1800,0.0
2026-03-02 17:00:00,69455.39,69596.68,68786.46,69197.87,8067.0,1800,0.0
2026-03-02 18:00:00,69197.73,69285.16,68735.68,68885.46,6174.0,1800,0.0
2026-03-02 19:00:00,68888.46,69066.97,68571.45,68967.03,5275.0,1800,0.0
2026-03-02 20:00:00,68967.68,69523.7,68574.16,69121.97,7774.0,1800,0.0
2026-03-02 21:00:00,69105.46,69553.8,68996.33,69416.22,4061.0,1800,0.0
2026-03-02 22:00:00,69417.53,69508.66,69139.33,69448.84,3498.0,1800,0.0
2026-03-02 23:00:00,69440.73,69484.25,68721.45,68824.75,4442.0,1800,0.0
2026-03-03 00:00:00,68827.14,69161.34,68619.76,69074.23,4548.0,1800,0.0
2026-03-03 01:00:00,69074.71,69253.56,68730.38,68745.63,5279.0,1800,0.0
2026-03-03 02:00:00,68746.98,68765.77,68168.55,68493.41,6164.0,1800,0.0
2026-03-03 03:00:00,68494.08,68534.88,68198.32,68359.14,3335.0,1800,0.0
2026-03-03 04:00:00,68362.11,68442.49,68032.34,68107.06,3379.0,1800,0.0
2026-03-03 05:00:00,68106.53,68563.63,67830.44,67930.13,4717.0,1800,0.0
2026-03-03 06:00:00,67926.72,68236.68,67774.58,68082.37,3857.0,1800,0.0
2026-03-03 07:00:00,68081.65,68266.94,67928.12,68159.51,3821.0,1800,0.0
2026-03-03 08:00:00,68159.41,68303.36,66873.81,66989.61,6954.0,1800,0.0
2026-03-03 09:00:00,66990.52,67173.62,66298.64,66627.92,7207.0,1800,0.0
2026-03-03 10:00:00,66624.18,67028.85,66410.67,66841.26,5316.0,1800,0.0
2026-03-03 11:00:00,66835.94,67152.66,66737.77,67009.18,5485.0,1800,0.0
2026-03-03 12:00:00,67007.22,67974.89,67007.22,67373.31,6370.0,1800,0.0
2026-03-03 13:00:00,67376.38,67416.28,66602.8,66906.82,6510.0,1800,0.0
2026-03-03 14:00:00,66904.32,67570.77,66094.66,66551.27,15163.0,1800,0.0
2026-03-03 15:00:00,66543.71,67841.0,66433.53,67715.17,15784.0,1800,0.0
2026-03-03 16:00:00,67706.47,68991.31,67459.86,68162.46,17037.0,1800,0.0
2026-03-03 17:00:00,68169.24,68404.33,67609.51,68313.8,10366.0,1800,0.0
2026-03-03 18:00:00,68304.81,68926.23,67968.92,68633.11,7913.0,1800,0.0
2026-03-03 19:00:00,68632.92,68882.34,68308.62,68436.94,7910.0,1800,0.0
2026-03-03 20:00:00,68438.01,68594.11,68072.01,68264.92,6120.0,1800,0.0
2026-03-03 21:00:00,68258.48,68268.67,67806.38,68005.76,3639.0,1800,0.0
2026-03-03 22:00:00,68006.47,68516.67,68006.47,68301.1,3490.0,1800,0.0
2026-03-03 23:00:00,68309.01,68857.51,68234.91,68329.52,3605.0,1800,0.0
2026-03-04 00:00:00,68328.75,68413.08,67851.06,68096.55,4782.0,1800,0.0
2026-03-04 01:00:00,68100.8,68912.01,67954.85,68421.37,6439.0,1800,0.0
2026-03-04 02:00:00,68418.46,68450.57,67969.23,68317.71,5182.0,1800,0.0
2026-03-04 03:00:00,68309.78,68387.69,67379.81,67716.13,7197.0,1800,0.0
2026-03-04 04:00:00,67716.8,67952.73,67438.79,67780.42,5102.0,1800,0.0
2026-03-04 05:00:00,67781.85,68371.07,67663.56,68199.07,4795.0,1800,0.0
2026-03-04 06:00:00,68197.66,68674.88,68025.28,68493.83,4824.0,1800,0.0
2026-03-04 07:00:00,68494.9,69682.5,68326.15,69482.87,6138.0,1800,0.0
2026-03-04 08:00:00,69485.69,71200.87,69122.68,71012.23,11079.0,1800,0.0
2026-03-04 09:00:00,71016.48,71898.13,70711.22,71515.11,12304.0,1800,0.0
2026-03-04 10:00:00,71518.73,71874.53,71184.36,71330.45,7746.0,1800,0.0
2026-03-04 11:00:00,71328.17,71500.07,70925.37,71102.38,5192.0,1800,0.0
2026-03-04 12:00:00,71101.3,71355.69,70579.15,71331.99,5617.0,1800,0.0
2026-03-04 13:00:00,71334.02,71622.0,71198.57,71468.32,6055.0,1800,0.0
2026-03-04 14:00:00,71469.76,72653.87,71275.86,71635.23,16935.0,1800,0.0
2026-03-04 15:00:00,71617.52,73495.96,71601.96,73397.75,16561.0,1800,0.0
2026-03-04 16:00:00,73397.15,73542.95,72542.34,73324.18,11519.0,1800,0.0
2026-03-04 17:00:00,73322.8,73782.62,72940.62,73239.29,9381.0,1800,0.0
2026-03-04 18:00:00,73231.95,73758.43,72920.18,73726.46,5667.0,1800,0.0
2026-03-04 19:00:00,73716.26,74120.15,73537.83,73667.84,7757.0,1800,0.0
2026-03-04 20:00:00,73668.17,73761.49,73036.33,73036.33,5181.0,1800,0.0
2026-03-04 21:00:00,73041.25,73358.47,72901.13,73330.94,3816.0,1800,0.0
2026-03-04 22:00:00,73330.12,73557.1,72634.03,72716.49,3651.0,1800,0.0
2026-03-04 23:00:00,72719.01,72899.53,72308.6,72683.72,4361.0,1800,0.0
2026-03-05 00:00:00,72685.71,73027.38,72549.69,72778.05,4818.0,1800,0.0
2026-03-05 01:00:00,72783.89,73348.0,72411.78,72548.67,6184.0,1800,0.0
2026-03-05 02:00:00,72551.57,72907.29,72339.11,72511.04,4437.0,1800,0.0
2026-03-05 03:00:00,72508.83,72766.45,72344.16,72515.89,3557.0,1800,0.0
2026-03-05 04:00:00,72515.55,73107.61,72452.43,72828.37,3747.0,1800,0.0
2026-03-05 05:00:00,72828.16,72939.12,72255.4,72429.34,3312.0,1800,0.0
2026-03-05 06:00:00,72429.69,72676.88,72045.04,72551.83,4787.0,1800,0.0
2026-03-05 07:00:00,72551.93,72689.17,71782.02,72067.18,4243.0,1800,0.0
2026-03-05 08:00:00,72065.49,72379.94,71759.58,72345.07,5125.0,1800,0.0
2026-03-05 09:00:00,72343.85,72898.42,72301.92,72612.79,5947.0,1800,0.0
2026-03-05 10:00:00,72614.65,73581.46,72526.21,73407.77,6072.0,1800,0.0
2026-03-05 11:00:00,73402.24,73467.76,72792.76,72924.98,5309.0,1800,0.0
2026-03-05 12:00:00,72929.16,73088.83,72666.89,72893.37,5149.0,1800,0.0
2026-03-05 13:00:00,72898.06,72956.4,72189.58,72482.86,6336.0,1800,0.0
2026-03-05 14:00:00,72479.0,72858.83,71953.07,72622.71,12091.0,1800,0.0
2026-03-05 15:00:00,72626.72,72790.73,71164.48,71663.24,13425.0,1800,0.0
2026-03-05 16:00:00,71652.24,71664.24,70794.87,71310.29,8727.0,1800,0.0
2026-03-05 17:00:00,71309.0,71583.66,70645.51,70701.7,8382.0,1800,0.0
2026-03-05 18:00:00,70699.81,71088.36,70652.57,70988.79,6455.0,1800,0.0
2026-03-05 19:00:00,70991.77,71442.18,70861.06,70903.75,5258.0,1800,0.0
2026-03-05 20:00:00,70907.03,71385.95,70827.05,71236.85,6053.0,1800,0.0
2026-03-05 21:00:00,71235.31,71578.3,71020.68,71136.29,3276.0,1800,0.0
2026-03-05 22:00:00,71132.61,71371.78,71053.18,71206.01,2806.0,1800,0.0
2026-03-05 23:00:00,71206.11,71299.52,70766.91,70869.07,2716.0,1800,0.0
2026-03-06 00:00:00,70878.27,71056.07,70766.58,70985.98,3057.0,1800,0.0
2026-03-06 01:00:00,70979.71,71290.87,70373.49,71250.99,5679.0,1800,0.0
2026-03-06 02:00:00,71252.84,71424.43,71019.79,71235.68,4352.0,1800,0.0
2026-03-06 03:00:00,71234.26,71286.61,70984.25,71074.39,3206.0,1800,0.0
2026-03-06 04:00:00,71067.34,71120.04,70249.85,70613.95,4057.0,1800,0.0
2026-03-06 05:00:00,70616.51,70665.15,70127.21,70425.71,4786.0,1800,0.0
2026-03-06 06:00:00,70425.74,70847.19,70254.81,70594.83,3135.0,1800,0.0
2026-03-06 07:00:00,70595.73,71196.85,70458.4,71060.73,3827.0,1800,0.0
2026-03-06 08:00:00,71059.62,71069.51,70724.33,70780.07,3769.0,1800,0.0
2026-03-06 09:00:00,70780.76,70813.43,70283.5,70556.89,5014.0,1800,0.0
2026-03-06 10:00:00,70554.97,70792.86,70447.88,70521.82,3413.0,1800,0.0
2026-03-06 11:00:00,70522.8,70650.53,70188.3,70214.06,3561.0,1800,0.0
2026-03-06 12:00:00,70214.07,70233.76,69647.17,69925.94,5643.0,1800,0.0
2026-03-06 13:00:00,69923.49,70351.8,69204.52,69216.32,8869.0,1800,0.0
2026-03-06 14:00:00,69218.74,69276.48,68153.56,68394.61,15514.0,1800,0.0
2026-03-06 15:00:00,68394.12,69118.42,68292.17,68492.52,10339.0,1800,0.0
2026-03-06 16:00:00,68492.63,68788.48,68206.44,68439.32,7900.0,1800,0.0
2026-03-06 17:00:00,68438.76,68639.24,67726.21,67944.46,7597.0,1800,0.0
2026-03-06 18:00:00,67943.94,68472.27,67931.66,68166.33,6024.0,1800,0.0
2026-03-06 19:00:00,68166.49,68473.9,67980.43,68116.64,4518.0,1800,0.0
2026-03-06 20:00:00,68111.38,68273.6,67744.92,68096.07,5223.0,1800,0.0
2026-03-06 21:00:00,68098.37,68322.28,67908.57,68284.02,2682.0,1800,0.0
2026-03-06 22:00:00,68284.14,68434.86,68207.26,68318.96,2043.0,1800,0.0
2026-03-06 23:00:00,68322.22,68368.67,68077.69,68106.39,1973.0,1800,0.0
2026-03-07 00:00:00,68103.95,68379.64,68098.46,68270.35,2128.0,1800,0.0
2026-03-07 01:00:00,68270.68,68356.78,68161.73,68245.68,1880.0,1800,0.0
2026-03-07 02:00:00,68246.47,68361.04,68035.46,68330.66,1931.0,1800,0.0
2026-03-07 03:00:00,68331.65,68544.5,68074.51,68080.54,2216.0,1800,0.0
2026-03-07 04:00:00,68087.38,68147.01,67780.02,68049.76,2315.0,1800,0.0
2026-03-07 05:00:00,68050.31,68131.0,67889.93,68015.2,1974.0,1800,0.0
2026-03-07 06:00:00,68008.97,68021.88,67588.81,67689.24,2616.0,1800,0.0
2026-03-07 07:00:00,67691.52,67853.76,67428.65,67833.9,3034.0,1800,0.0
2026-03-07 08:00:00,67833.8,68057.33,67692.66,67795.52,2202.0,1800,0.0
2026-03-07 09:00:00,67792.2,68069.06,67720.47,67991.06,2021.0,1800,0.0
2026-03-07 10:00:00,67990.83,68100.57,67856.85,67880.71,1808.0,1800,0.0
2026-03-07 11:00:00,67885.72,68238.69,67826.08,68008.66,2328.0,1800,0.0
2026-03-07 12:00:00,68008.72,68080.82,67882.55,67983.93,1659.0,1800,0.0
2026-03-07 13:00:00,67984.18,68079.64,67837.49,67914.45,1940.0,1800,0.0
2026-03-07 14:00:00,67914.59,68090.23,67599.25,68015.93,2994.0,1800,0.0
2026-03-07 15:00:00,68014.74,68024.87,67764.94,67871.11,2375.0,1800,0.0
2026-03-07 16:00:00,67871.62,67883.83,67680.95,67788.96,2051.0,1800,0.0
2026-03-07 17:00:00,67788.03,67942.64,67757.36,67783.18,1478.0,1800,0.0
2026-03-07 18:00:00,67786.35,67786.35,67434.82,67569.8,2767.0,1800,0.0
2026-03-07 19:00:00,67567.18,67567.87,66891.27,67074.49,4077.0,1800,0.0
2026-03-07 20:00:00,67073.77,67427.36,67059.69,67382.91,2541.0,1800,0.0
2026-03-07 21:00:00,67383.82,67474.99,67261.2,67444.44,2192.0,1800,0.0
2026-03-07 22:00:00,67449.75,67470.98,67085.8,67252.63,2283.0,1800,0.0
2026-03-07 23:00:00,67251.53,67400.32,67165.83,67262.71,1791.0,1800,0.0
2026-03-08 00:00:00,67261.16,67483.33,67164.38,67177.76,1941.0,1800,0.0
2026-03-08 01:00:00,67185.98,67350.92,67081.0,67290.26,2183.0,1800,0.0
2026-03-08 02:00:00,67289.67,67417.57,66789.01,66923.85,3190.0,1800,0.0
2026-03-08 03:00:00,66922.91,67080.32,66824.15,66998.99,2482.0,1800,0.0
2026-03-08 04:00:00,66990.94,67080.28,66537.97,66629.29,2763.0,1800,0.0
2026-03-08 05:00:00,66630.52,67248.08,66612.95,67144.38,2853.0,1800,0.0
2026-03-08 06:00:00,67140.84,67224.25,67016.46,67159.96,2193.0,1800,0.0
2026-03-08 07:00:00,67154.22,67454.1,67137.61,67297.99,1671.0,1800,0.0
2026-03-08 08:00:00,67297.46,67577.14,67143.19,67518.61,2179.0,1800,0.0
2026-03-08 09:00:00,67517.49,67903.49,67457.32,67689.42,3135.0,1800,0.0
2026-03-08 10:00:00,67692.48,68188.5,67679.97,67887.19,3036.0,1800,0.0
2026-03-08 11:00:00,67887.41,67887.41,67399.9,67508.45,3650.0,1800,0.0
2026-03-08 12:00:00,67501.31,67636.5,66877.75,67306.17,4644.0,1800,0.0
2026-03-08 13:00:00,67318.29,67435.75,66781.82,67222.89,4785.0,1800,0.0
2026-03-08 14:00:00,67222.11,67427.9,67035.85,67322.71,3497.0,1800,0.0
2026-03-08 15:00:00,67317.61,67361.37,67054.08,67199.41,2925.0,1800,0.0
2026-03-08 16:00:00,67197.89,67254.07,66782.54,66850.23,2894.0,1800,0.0
2026-03-08 17:00:00,66850.15,67172.86,66774.86,67047.8,2822.0,1800,0.0
2026-03-08 18:00:00,67040.73,67063.01,66736.93,66800.65,2601.0,1800,0.0
2026-03-08 19:00:00,66799.09,67472.54,66761.4,67318.2,3379.0,1800,0.0
2026-03-08 20:00:00,67317.49,67518.79,67012.38,67214.58,2887.0,1800,0.0
2026-03-08 21:00:00,67216.4,67252.67,66691.3,67005.41,2835.0,1800,0.0
2026-03-08 22:00:00,67006.88,67006.88,65608.56,66226.65,10558.0,1800,0.0
2026-03-08 23:00:00,66231.02,66558.36,65902.25,65968.73,5830.0,1800,0.0
2026-03-09 00:00:00,65968.96,66751.58,65800.51,66348.59,7718.0,1800,0.0
2026-03-09 01:00:00,66347.94,66688.75,66102.15,66180.23,6490.0,1800,0.0
2026-03-09 02:00:00,66179.59,66706.09,65938.32,66518.52,6100.0,1800,0.0
2026-03-09 03:00:00,66529.78,67666.83,66491.6,67187.34,8163.0,1800,0.0
2026-03-09 04:00:00,67190.47,67606.97,67095.61,67127.4,4369.0,1800,0.0
2026-03-09 05:00:00,67131.07,68056.13,67103.32,67892.05,5511.0,1800,0.0
2026-03-09 06:00:00,67892.05,67918.38,67201.38,67256.28,4312.0,1800,0.0
2026-03-09 07:00:00,67257.95,67562.35,66858.36,67527.36,5188.0,1800,0.0
2026-03-09 08:00:00,67530.17,67906.98,67361.63,67794.41,5411.0,1800,0.0
2026-03-09 09:00:00,67797.72,68460.26,67553.4,67967.07,5831.0,1800,0.0
2026-03-09 10:00:00,67960.4,68078.46,67523.72,67583.94,4950.0,1800,0.0
2026-03-09 11:00:00,67582.88,67852.21,67319.35,67740.03,3790.0,1800,0.0
2026-03-09 12:00:00,67741.01,68329.38,67731.7,68137.95,4328.0,1800,0.0
2026-03-09 13:00:00,68141.45,69303.01,68114.73,68971.04,11135.0,1800,0.0
2026-03-09 14:00:00,68969.02,69498.76,68682.35,69157.4,10702.0,1800,0.0
2026-03-09 15:00:00,69164.07,69266.88,68731.05,68879.82,6057.0,1800,0.0
2026-03-09 16:00:00,68887.14,69236.67,68636.56,68964.67,5846.0,1800,0.0
2026-03-09 17:00:00,68960.38,69100.0,68253.34,68598.2,5658.0,1800,0.0
2026-03-09 18:00:00,68598.85,68717.78,68232.76,68358.82,4166.0,1800,0.0
2026-03-09 19:00:00,68370.14,69538.89,68370.14,68999.9,9525.0,1800,0.0
2026-03-09 20:00:00,69012.37,69157.9,68760.86,68966.04,3850.0,1800,0.0
2026-03-09 21:00:00,68965.11,69108.1,68658.99,68917.81,2845.0,1800,0.0
2026-03-09 22:00:00,68917.58,69035.05,68594.55,68634.54,3186.0,1800,0.0
2026-03-09 23:00:00,68635.56,68700.24,68374.66,68427.3,2720.0,1800,0.0
2026-03-10 00:00:00,68426.4,69292.4,68379.63,69157.26,4186.0,1800,0.0
2026-03-10 01:00:00,69155.3,69389.81,68775.68,69256.67,4059.0,1800,0.0
2026-03-10 02:00:00,69253.85,70584.95,69091.88,70263.8,7466.0,1800,0.0
2026-03-10 03:00:00,70254.76,70375.05,69375.31,69428.8,4998.0,1800,0.0
2026-03-10 04:00:00,69429.01,70128.14,69429.01,70067.92,4333.0,1800,0.0
2026-03-10 05:00:00,70069.52,70365.04,69876.61,69978.35,3982.0,1800,0.0
2026-03-10 06:00:00,69978.36,70203.25,69749.86,69911.46,3415.0,1800,0.0
2026-03-10 07:00:00,69909.83,70535.6,69818.29,70404.09,4421.0,1800,0.0
2026-03-10 08:00:00,70411.28,71093.55,70358.24,70681.75,6202.0,1800,0.0
2026-03-10 09:00:00,70683.49,71298.97,70640.57,71055.95,4621.0,1800,0.0
2026-03-10 10:00:00,71052.49,71085.67,70660.85,70780.72,3512.0,1800,0.0
2026-03-10 11:00:00,70769.42,70872.57,70538.84,70600.15,3205.0,1800,0.0
2026-03-10 12:00:00,70600.32,70634.97,70283.05,70532.45,3630.0,1800,0.0
2026-03-10 13:00:00,70534.1,70935.79,69714.63,69916.69,9369.0,1800,0.0
2026-03-10 14:00:00,69915.8,71530.7,69216.01,71470.45,13542.0,1800,0.0
2026-03-10 15:00:00,71469.56,71785.36,70902.73,71343.27,10492.0,1800,0.0
2026-03-10 16:00:00,71345.68,71735.79,70949.21,71267.65,7249.0,1800,0.0
2026-03-10 17:00:00,71274.95,71468.38,70514.84,70877.95,7212.0,1800,0.0
2026-03-10 18:00:00,70878.49,70923.96,69888.59,70021.7,11205.0,1800,0.0
2026-03-10 19:00:00,70022.07,70297.45,69723.16,70046.23,6858.0,1800,0.0
2026-03-10 20:00:00,70043.22,70365.23,70003.31,70249.46,2985.0,1800,0.0
2026-03-10 21:00:00,70248.81,70426.02,69532.24,69755.18,3258.0,1800,0.0
2026-03-10 22:00:00,69747.16,69878.74,69432.81,69698.74,2920.0,1800,0.0
2026-03-10 23:00:00,69697.63,69984.83,69691.75,69947.36,3231.0,1800,0.0
2026-03-11 00:00:00,69951.25,70178.98,69755.49,70047.85,4008.0,1800,0.0
2026-03-11 01:00:00,70049.83,70155.13,69872.49,70074.61,3439.0,1800,0.0
2026-03-11 02:00:00,70078.04,70128.85,69601.82,69815.0,3194.0,1800,0.0
2026-03-11 03:00:00,69814.27,69904.1,69491.61,69550.5,2946.0,1800,0.0
2026-03-11 04:00:00,69552.43,70285.35,69493.2,70125.16,3268.0,1800,0.0
2026-03-11 05:00:00,70128.96,70197.11,69380.62,69502.02,3547.0,1800,0.0
2026-03-11 06:00:00,69501.49,70000.01,69486.32,69935.78,2882.0,1800,0.0
2026-03-11 07:00:00,69935.5,70026.21,69490.13,69653.38,3033.0,1800,0.0
2026-03-11 08:00:00,69653.89,69786.69,69487.5,69646.76,3519.0,1800,0.0
2026-03-11 09:00:00,69641.56,69761.22,69360.01,69465.12,2969.0,1800,0.0
2026-03-11 10:00:00,69465.29,69719.89,69383.45,69609.14,2736.0,1800,0.0
2026-03-11 11:00:00,69620.11,69676.7,69124.28,69181.58,3568.0,1800,0.0
2026-03-11 12:00:00,69172.58,69783.92,68959.63,69351.92,5632.0,1800,0.0
2026-03-11 13:00:00,69352.66,71093.31,69323.91,70184.07,11680.0,1800,0.0
2026-03-11 14:00:00,70183.39,70988.99,69964.05,70588.96,11820.0,1800,0.0
2026-03-11 15:00:00,70590.13,70665.12,69671.44,70243.0,8994.0,1800,0.0
2026-03-11 16:00:00,70242.98,70842.09,70162.81,70588.12,7319.0,1800,0.0
2026-03-11 17:00:00,70590.91,71333.37,70517.33,70785.34,8555.0,1800,0.0
2026-03-11 18:00:00,70780.13,70913.04,70419.63,70630.8,5443.0,1800,0.0
2026-03-11 19:00:00,70630.23,70758.83,70385.02,70652.15,3748.0,1800,0.0
2026-03-11 20:00:00,70650.64,70714.57,70399.86,70634.1,2355.0,1800,0.0
2026-03-11 21:00:00,70640.48,70793.48,70502.57,70740.35,2054.0,1800,0.0
2026-03-11 22:00:00,70741.37,70970.41,70239.07,70378.57,3492.0,1800,0.0
2026-03-11 23:00:00,70379.3,70512.27,70120.97,70199.78,3309.0,1800,0.0
2026-03-12 00:00:00,70201.33,70356.54,70129.17,70213.89,3329.0,1800,0.0
2026-03-12 01:00:00,70212.23,70235.66,69743.33,69818.74,3871.0,1800,0.0
2026-03-12 02:00:00,69820.18,69885.69,69217.09,69286.19,4070.0,1800,0.0
2026-03-12 03:00:00,69284.29,69622.5,69239.61,69440.72,2893.0,1800,0.0
2026-03-12 04:00:00,69440.52,69679.41,69286.0,69366.14,2691.0,1800,0.0
2026-03-12 05:00:00,69365.59,69542.79,69194.56,69468.01,2738.0,1800,0.0
2026-03-12 06:00:00,69463.48,69564.9,69353.87,69491.92,2267.0,1800,0.0
2026-03-12 07:00:00,69495.51,69855.6,69400.84,69816.58,2518.0,1800,0.0
2026-03-12 08:00:00,69817.04,70110.59,69697.59,69901.61,3190.0,1800,0.0
2026-03-12 09:00:00,69900.94,70394.57,69571.93,69942.64,3599.0,1800,0.0
2026-03-12 10:00:00,69941.21,70513.79,69843.92,70413.16,3753.0,1800,0.0
2026-03-12 11:00:00,70414.26,70810.86,70364.47,70429.84,3465.0,1800,0.0
2026-03-12 12:00:00,70439.32,70630.66,70283.33,70387.8,3558.0,1800,0.0
2026-03-12 13:00:00,70386.25,70531.55,69673.76,69980.03,7889.0,1800,0.0
2026-03-12 14:00:00,69977.65,70684.33,69348.69,69594.79,10525.0,1800,0.0
2026-03-12 15:00:00,69594.18,70584.56,69473.74,70327.4,9190.0,1800,0.0
2026-03-12 16:00:00,70328.2,70583.79,69906.02,70379.86,8214.0,1800,0.0
2026-03-12 17:00:00,70379.31,70559.96,70079.0,70220.78,5565.0,1800,0.0
2026-03-12 18:00:00,70221.71,70311.93,69791.96,69822.44,4931.0,1800,0.0
2026-03-12 19:00:00,69822.12,70564.91,69763.89,70447.24,4536.0,1800,0.0
2026-03-12 20:00:00,70441.77,70568.16,70112.61,70164.97,2562.0,1800,0.0
2026-03-12 21:00:00,70170.4,70479.34,70170.4,70272.06,2058.0,1800,0.0
2026-03-12 22:00:00,70275.35,70317.08,70003.34,70168.09,2463.0,1800,0.0
2026-03-12 23:00:00,70170.17,70753.41,70153.93,70520.72,3868.0,1800,0.0
2026-03-13 00:00:00,70517.31,72007.4,70385.69,71469.96,10023.0,1800,0.0
2026-03-13 01:00:00,71469.13,71769.34,71271.74,71665.0,5010.0,1800,0.0
2026-03-13 02:00:00,71665.87,71701.26,71032.65,71141.18,3757.0,1800,0.0
2026-03-13 03:00:00,71141.71,71513.89,70947.02,71393.82,3404.0,1800,0.0
2026-03-13 04:00:00,71393.89,71503.16,71232.15,71378.07,2561.0,1800,0.0
2026-03-13 05:00:00,71382.61,71641.84,71226.54,71547.8,2938.0,1800,0.0
2026-03-13 06:00:00,71556.88,71600.87,71175.86,71356.07,3093.0,1800,0.0
2026-03-13 07:00:00,71348.28,71685.09,71235.43,71629.64,3127.0,1800,0.0
2026-03-13 08:00:00,71627.8,72198.68,71380.73,71836.98,4576.0,1800,0.0
2026-03-13 09:00:00,71833.01,72104.22,71591.54,72008.82,3089.0,1800,0.0
2026-03-13 10:00:00,72010.72,72601.97,71996.38,72468.63,4277.0,1800,0.0
2026-03-13 11:00:00,72469.21,72539.37,72211.64,72238.32,3223.0,1800,0.0
2026-03-13 12:00:00,72234.44,72924.37,72215.84,72784.11,4819.0,1800,0.0
2026-03-13 13:00:00,72790.16,73610.04,72686.89,73393.14,9266.0,1800,0.0
2026-03-13 14:00:00,73392.95,73936.83,72378.31,72396.88,11085.0,1800,0.0
2026-03-13 15:00:00,72400.79,72860.89,71741.22,71841.59,9676.0,1800,0.0
2026-03-13 16:00:00,71842.55,72141.29,71164.58,71891.9,8108.0,1800,0.0
2026-03-13 17:00:00,71889.91,72261.83,70904.18,71037.95,6821.0,1800,0.0
2026-03-13 18:00:00,71046.29,71353.02,70841.32,71054.21,4925.0,1800,0.0
2026-03-13 19:00:00,71052.99,71309.91,70993.09,71189.06,3888.0,1800,0.0
2026-03-13 20:00:00,71191.67,71486.29,71142.23,71348.67,2303.0,1800,0.0
2026-03-13 21:00:00,71350.07,71493.44,71063.91,71103.26,2488.0,1800,0.0
2026-03-13 22:00:00,71103.34,71186.83,70547.22,70820.37,3454.0,1800,0.0
2026-03-13 23:00:00,70824.15,71017.55,70693.14,70933.97,2544.0,1800,0.0
2026-03-14 00:00:00,70935.35,70957.29,70553.83,70633.85,2577.0,1800,0.0
2026-03-14 01:00:00,70635.67,70908.59,70469.73,70825.74,2237.0,1800,0.0
2026-03-14 02:00:00,70824.47,70900.29,70735.65,70799.34,1959.0,1800,0.0
2026-03-14 03:00:00,70802.15,71181.26,70802.15,71076.37,2301.0,1800,0.0
2026-03-14 04:00:00,71075.94,71313.36,71018.46,71036.23,2134.0,1800,0.0
2026-03-14 05:00:00,71037.24,71161.29,70910.47,71017.64,1820.0,1800,0.0
2026-03-14 06:00:00,71013.55,71013.55,70305.12,70635.21,2982.0,1800,0.0
2026-03-14 07:00:00,70643.81,70742.76,70482.71,70607.33,2262.0,1800,0.0
2026-03-14 08:00:00,70608.71,70716.33,70534.37,70589.58,1870.0,1800,0.0
2026-03-14 09:00:00,70590.44,70745.49,70402.59,70513.97,1905.0,1800,0.0
2026-03-14 10:00:00,70512.83,70589.07,70385.4,70571.94,1707.0,1800,0.0
2026-03-14 11:00:00,70571.46,70788.45,70556.7,70744.66,1554.0,1800,0.0
2026-03-14 12:00:00,70746.58,70843.93,70608.17,70777.98,1762.0,1800,0.0
2026-03-14 13:00:00,70777.68,70941.52,70714.51,70859.97,1808.0,1800,0.0
2026-03-14 14:00:00,70863.81,70954.96,70573.41,70607.91,1897.0,1800,0.0
2026-03-14 15:00:00,70611.63,70738.04,70489.02,70592.01,1778.0,1800,0.0
2026-03-14 16:00:00,70591.69,70712.07,70490.3,70682.03,1628.0,1800,0.0
2026-03-14 17:00:00,70679.09,70743.43,70584.88,70623.78,1293.0,1800,0.0
2026-03-14 18:00:00,70622.88,70705.82,70549.87,70664.6,1162.0,1800,0.0
2026-03-14 19:00:00,70659.77,70746.6,70589.39,70701.6,1256.0,1800,0.0
2026-03-14 20:00:00,70701.79,70870.88,70646.12,70808.03,1452.0,1800,0.0
2026-03-14 21:00:00,70802.22,70823.69,70658.93,70808.44,1527.0,1800,0.0
2026-03-14 22:00:00,70809.28,70812.28,70698.05,70717.07,1406.0,1800,0.0
2026-03-14 23:00:00,70726.6,71263.99,70726.6,71215.89,2684.0,1800,0.0
2026-03-15 00:00:00,71219.43,71224.16,70961.95,70992.1,2299.0,1800,0.0
2026-03-15 01:00:00,70991.82,71042.44,70860.12,70999.97,1783.0,1800,0.0
2026-03-15 02:00:00,71002.59,71641.67,71002.59,71443.91,3478.0,1800,0.0
2026-03-15 03:00:00,71443.22,71528.87,71228.45,71361.53,2121.0,1800,0.0
2026-03-15 04:00:00,71358.75,71668.48,71316.63,71586.75,2325.0,1800,0.0
2026-03-15 05:00:00,71586.65,71792.81,71479.78,71497.33,2281.0,1800,0.0
2026-03-15 06:00:00,71493.69,71594.41,71389.01,71457.11,1659.0,1800,0.0
2026-03-15 07:00:00,71456.59,71670.71,71404.34,71457.15,1732.0,1800,0.0
2026-03-15 08:00:00,71457.48,71724.14,71457.48,71711.52,1971.0,1800,0.0
2026-03-15 09:00:00,71714.65,71937.78,71701.27,71788.32,2383.0,1800,0.0
2026-03-15 10:00:00,71792.16,71918.33,71720.5,71780.78,1615.0,1800,0.0
2026-03-15 11:00:00,71779.96,71888.73,71646.74,71841.4,1664.0,1800,0.0
2026-03-15 12:00:00,71843.41,71849.15,71569.38,71620.85,1802.0,1800,0.0
2026-03-15 13:00:00,71617.79,71686.06,71264.26,71595.59,3300.0,1800,0.0
2026-03-15 14:00:00,71592.05,71636.5,71342.27,71621.2,2178.0,1800,0.0
2026-03-15 15:00:00,71622.2,71629.63,71406.84,71480.86,1802.0,1800,0.0
2026-03-15 16:00:00,71479.94,71583.89,71302.28,71442.99,2143.0,1800,0.0
2026-03-15 17:00:00,71444.24,71999.42,71410.48,71817.11,2184.0,1800,0.0
2026-03-15 18:00:00,71818.28,71892.74,71314.14,71389.56,2258.0,1800,0.0
2026-03-15 19:00:00,71385.06,71586.88,71339.23,71554.68,1748.0,1800,0.0
2026-03-15 20:00:00,71554.29,71937.76,71433.83,71730.1,2177.0,1800,0.0
2026-03-15 21:00:00,71731.88,72233.79,71629.14,72118.0,3330.0,1800,0.0
2026-03-15 22:00:00,72121.72,73147.93,71715.73,72754.02,6600.0,1800,0.0
2026-03-15 23:00:00,72751.33,73226.84,72420.64,72813.15,6928.0,1800,0.0
2026-03-16 00:00:00,72817.01,73023.48,72450.21,72538.37,4311.0,1800,0.0
2026-03-16 01:00:00,72540.72,72861.71,72273.45,72763.02,4282.0,1800,0.0
2026-03-16 02:00:00,72766.28,72864.25,72370.26,72517.83,2753.0,1800,0.0
2026-03-16 03:00:00,72518.55,74319.97,72435.46,73571.84,7162.0,1800,0.0
2026-03-16 04:00:00,73573.9,74467.24,73573.9,73821.67,5346.0,1800,0.0
2026-03-16 05:00:00,73823.02,74262.56,73703.46,74203.02,4187.0,1800,0.0
2026-03-16 06:00:00,74198.76,74204.69,73585.78,73709.95,3285.0,1800,0.0
2026-03-16 07:00:00,73703.35,73923.85,73370.97,73455.32,3135.0,1800,0.0
2026-03-16 08:00:00,73454.51,73779.12,72882.58,73138.48,4269.0,1800,0.0
2026-03-16 09:00:00,73138.39,73335.72,73056.53,73258.84,2639.0,1800,0.0
2026-03-16 10:00:00,73260.32,73797.75,73198.39,73787.5,3183.0,1800,0.0
2026-03-16 11:00:00,73791.77,73852.67,73496.75,73557.07,2595.0,1800,0.0
2026-03-16 12:00:00,73556.19,74068.1,73453.74,73864.32,4100.0,1800,0.0
2026-03-16 13:00:00,73863.45,74524.87,73778.46,74114.46,6792.0,1800,0.0
2026-03-16 14:00:00,74118.02,74493.24,72981.5,73563.83,9886.0,1800,0.0
2026-03-16 15:00:00,73564.13,74053.01,73180.98,73278.86,6670.0,1800,0.0
2026-03-16 16:00:00,73276.23,73922.82,73153.11,73762.02,5172.0,1800,0.0
2026-03-16 17:00:00,73763.22,74086.78,73641.32,73945.71,4753.0,1800,0.0
2026-03-16 18:00:00,73938.32,74363.07,73844.25,73913.96,4953.0,1800,0.0
2026-03-16 19:00:00,73915.28,74429.78,73768.42,73963.46,5117.0,1800,0.0
2026-03-16 20:00:00,73955.56,74242.25,73850.26,74229.23,2409.0,1800,0.0
2026-03-16 21:00:00,74229.41,74807.93,74147.78,74396.16,4336.0,1800,0.0
2026-03-16 22:00:00,74392.33,74905.68,74363.3,74755.85,4309.0,1800,0.0
2026-03-16 23:00:00,74755.13,74920.54,74242.01,74876.65,3575.0,1800,0.0
2026-03-17 00:00:00,74870.68,75512.67,74597.15,75314.58,7002.0,1800,0.0
2026-03-17 01:00:00,75310.73,76012.03,75058.27,75613.33,7783.0,1800,0.0
2026-03-17 02:00:00,75610.46,75674.53,75104.34,75195.2,3871.0,1800,0.0
2026-03-17 03:00:00,75203.58,75324.96,74265.6,74468.11,5363.0,1800,0.0
2026-03-17 04:00:00,74468.22,74684.47,73985.01,74238.49,4286.0,1800,0.0
2026-03-17 05:00:00,74239.37,74457.94,73770.76,74043.41,3405.0,1800,0.0
2026-03-17 06:00:00,74042.8,74277.23,73876.03,74074.09,3398.0,1800,0.0
2026-03-17 07:00:00,74075.21,74452.54,74052.6,74257.25,2874.0,1800,0.0
2026-03-17 08:00:00,74257.18,74460.58,74097.05,74192.15,3102.0,1800,0.0
2026-03-17 09:00:00,74189.71,74408.11,73837.77,73943.41,3045.0,1800,0.0
2026-03-17 10:00:00,73944.9,73976.57,73554.57,73733.98,3346.0,1800,0.0
2026-03-17 11:00:00,73735.92,74249.34,73679.37,74025.56,2905.0,1800,0.0
2026-03-17 12:00:00,74034.01,74184.07,73667.49,73735.01,3362.0,1800,0.0
2026-03-17 13:00:00,73733.15,74191.97,73391.42,73627.83,6161.0,1800,0.0
2026-03-17 14:00:00,73630.24,74445.32,73429.62,74395.52,6922.0,1800,0.0
2026-03-17 15:00:00,74396.59,74912.17,73674.26,73934.57,7296.0,1800,0.0
2026-03-17 16:00:00,73935.07,74365.63,73873.37,74173.27,4637.0,1800,0.0
2026-03-17 17:00:00,74173.72,74608.73,74015.22,74534.19,3622.0,1800,0.0
2026-03-17 18:00:00,74537.7,74784.99,74398.55,74688.25,3536.0,1800,0.0
2026-03-17 19:00:00,74689.76,74825.5,74449.12,74522.28,3368.0,1800,0.0
2026-03-17 20:00:00,74523.04,74706.23,74385.22,74527.58,2036.0,1800,0.0
2026-03-17 21:00:00,74528.56,74813.09,74466.65,74705.94,2157.0,1800,0.0
2026-03-17 22:00:00,74705.26,74796.01,73948.1,74330.29,2693.0,1800,0.0
2026-03-17 23:00:00,74330.37,74425.39,73880.72,73933.79,2708.0,1800,0.0
2026-03-18 00:00:00,73929.61,74082.11,73543.1,73866.05,4063.0,1800,0.0
2026-03-18 01:00:00,73868.38,74225.03,73828.66,74085.98,2885.0,1800,0.0
2026-03-18 02:00:00,74077.67,74494.79,74047.73,74362.03,2386.0,1800,0.0
2026-03-18 03:00:00,74359.94,74693.51,74260.65,74464.4,2525.0,1800,0.0
2026-03-18 04:00:00,74466.31,74511.35,74153.64,74195.27,2064.0,1800,0.0
2026-03-18 05:00:00,74194.17,74330.09,73843.45,73974.1,2319.0,1800,0.0
2026-03-18 06:00:00,73976.51,74245.45,73948.88,73968.8,2133.0,1800,0.0
2026-03-18 07:00:00,73964.0,74015.1,73702.64,73892.85,2243.0,1800,0.0
2026-03-18 08:00:00,73891.38,74134.68,73864.82,74056.26,2272.0,1800,0.0
2026-03-18 09:00:00,74056.2,74306.82,74032.47,74183.78,1881.0,1800,0.0
2026-03-18 10:00:00,74180.06,74272.47,73811.27,73951.64,2095.0,1800,0.0
2026-03-18 11:00:00,73943.86,74082.43,72803.15,72955.93,6728.0,1800,0.0
2026-03-18 12:00:00,72953.68,73004.25,72271.89,72366.55,7308.0,1800,0.0
2026-03-18 13:00:00,72371.05,72570.52,71970.86,72136.76,6906.0,1800,0.0
2026-03-18 14:00:00,72136.62,72230.2,71048.02,71206.82,8247.0,1800,0.0
2026-03-18 15:00:00,71200.22,71528.85,70853.19,71470.27,6411.0,1800,0.0
2026-03-18 16:00:00,71469.97,71573.2,71024.58,71324.88,4748.0,1800,0.0
2026-03-18 17:00:00,71325.21,71755.21,71194.62,71598.93,4088.0,1800,0.0
2026-03-18 18:00:00,71595.65,72013.64,70942.94,71098.12,7790.0,1800,0.0
2026-03-18 19:00:00,71095.48,71497.06,70895.72,71064.61,4730.0,1800,0.0
2026-03-18 20:00:00,71056.25,71328.65,70484.52,71214.42,4331.0,1800,0.0
2026-03-18 21:00:00,71211.43,71437.31,71153.55,71255.78,2412.0,1800,0.0
2026-03-18 22:00:00,71252.67,71267.53,70924.55,71143.87,2486.0,1800,0.0
2026-03-18 23:00:00,71146.01,71361.86,71054.63,71232.16,2731.0,1800,0.0
2026-03-19 00:00:00,71231.74,71309.91,70963.21,70996.05,3192.0,1800,0.0
2026-03-19 01:00:00,70995.69,71186.77,70943.43,71108.03,2847.0,1800,0.0
2026-03-19 02:00:00,71107.96,71257.93,70889.36,71055.44,2835.0,1800,0.0
2026-03-19 03:00:00,71055.7,71618.58,71053.27,71210.0,3315.0,1800,0.0
2026-03-19 04:00:00,71211.51,71211.51,70648.41,70816.79,3555.0,1800,0.0
2026-03-19 05:00:00,70815.76,70908.45,70636.98,70824.82,2863.0,1800,0.0
2026-03-19 06:00:00,70823.17,70981.48,70488.98,70573.32,3251.0,1800,0.0
2026-03-19 07:00:00,70577.71,70603.36,69478.13,70184.91,6685.0,1800,0.0
2026-03-19 08:00:00,70185.74,70295.56,69892.55,69987.89,4028.0,1800,0.0
2026-03-19 09:00:00,69987.99,70563.29,69976.74,70494.46,4396.0,1800,0.0
2026-03-19 10:00:00,70488.03,70524.78,70104.98,70122.56,2670.0,1800,0.0
2026-03-19 11:00:00,70132.69,70261.91,69897.78,69953.42,2687.0,1800,0.0
2026-03-19 12:00:00,69953.33,69953.33,69093.26,69293.43,4991.0,1800,0.0
2026-03-19 13:00:00,69293.87,70081.74,69064.98,69897.79,9612.0,1800,0.0
2026-03-19 14:00:00,69903.04,70164.57,69072.65,69468.93,7974.0,1800,0.0
2026-03-19 15:00:00,69466.54,69907.74,68779.24,69399.8,7703.0,1800,0.0
2026-03-19 16:00:00,69402.43,69633.08,69149.69,69443.36,5894.0,1800,0.0
2026-03-19 17:00:00,69444.84,69944.4,69093.57,69840.21,5132.0,1800,0.0
2026-03-19 18:00:00,69840.05,69923.32,69561.53,69806.63,3592.0,1800,0.0
2026-03-19 19:00:00,69800.39,70600.24,69782.96,70265.73,7817.0,1800,0.0
2026-03-19 20:00:00,70265.79,70679.43,70180.85,70475.81,2509.0,1800,0.0
2026-03-19 21:00:00,70467.33,70684.44,70364.36,70403.81,2432.0,1800,0.0
2026-03-19 22:00:00,70404.73,70500.25,69941.53,70178.03,2714.0,1800,0.0
2026-03-19 23:00:00,70179.95,70284.93,69708.15,69911.38,2848.0,1800,0.0
2026-03-20 00:00:00,69910.51,70309.1,69829.49,70181.99,2945.0,1800,0.0
2026-03-20 01:00:00,70182.44,70589.99,70173.44,70400.28,3302.0,1800,0.0
2026-03-20 02:00:00,70402.9,70513.0,70072.19,70398.5,2750.0,1800,0.0
2026-03-20 03:00:00,70399.41,70798.87,70371.79,70719.51,3134.0,1800,0.0
2026-03-20 04:00:00,70720.84,70967.99,70542.37,70759.65,2916.0,1800,0.0
2026-03-20 05:00:00,70759.66,70863.09,70496.91,70589.79,2423.0,1800,0.0
2026-03-20 06:00:00,70588.43,70646.26,70326.15,70487.75,2661.0,1800,0.0
2026-03-20 07:00:00,70486.24,70928.39,70183.25,70847.42,3446.0,1800,0.0
2026-03-20 08:00:00,70848.81,71359.77,70776.85,71023.54,4220.0,1800,0.0
2026-03-20 09:00:00,71021.95,71036.39,70403.79,70569.81,3895.0,1800,0.0
2026-03-20 10:00:00,70566.4,70665.78,70197.33,70599.85,3277.0,1800,0.0
2026-03-20 11:00:00,70602.37,70811.2,70288.05,70466.91,2761.0,1800,0.0
2026-03-20 12:00:00,70467.16,70681.5,70235.7,70326.26,3007.0,1800,0.0
2026-03-20 13:00:00,70326.69,70604.27,69771.56,69853.06,7558.0,1400,0.0
2026-03-20 14:00:00,69851.78,70259.88,69572.05,69725.42,10191.0,1400,0.0
2026-03-20 15:00:00,69727.81,69993.78,69461.38,69837.23,7722.0,1400,0.0
2026-03-20 16:00:00,69838.01,70093.47,69586.12,69803.46,5511.0,1400,0.0
2026-03-20 17:00:00,69804.9,70035.55,69359.65,69979.97,5771.0,1400,0.0
2026-03-20 18:00:00,69981.5,70061.24,69496.32,69739.51,5644.0,1400,0.0
2026-03-20 19:00:00,69740.45,70183.82,69643.59,70165.87,4963.0,1400,0.0
2026-03-20 20:00:00,70168.67,70247.19,69727.56,70042.01,2986.0,1400,0.0
2026-03-20 21:00:00,70035.07,70734.2,69924.47,70529.66,3418.0,1400,0.0
2026-03-20 22:00:00,70515.01,70911.72,70513.15,70754.68,2855.0,1400,0.0
2026-03-20 23:00:00,70753.35,70761.12,70404.83,70489.29,2488.0,1400,0.0
2026-03-21 00:00:00,70486.48,70815.08,70453.83,70667.34,2326.0,1400,0.0
2026-03-21 01:00:00,70668.06,70745.99,70432.8,70449.11,2006.0,1400,0.0
2026-03-21 02:00:00,70448.78,70775.43,70417.51,70718.6,2026.0,1400,0.0
2026-03-21 03:00:00,70718.51,70772.51,70605.1,70655.46,1736.0,1400,0.0
2026-03-21 04:00:00,70649.19,70820.74,70600.79,70628.83,1865.0,1400,0.0
2026-03-21 05:00:00,70628.91,70817.98,70612.39,70689.66,1778.0,1400,0.0
2026-03-21 06:00:00,70688.99,70807.74,70672.49,70756.44,1711.0,1400,0.0
2026-03-21 07:00:00,70754.56,70868.49,70655.12,70706.8,1676.0,1400,0.0
2026-03-21 08:00:00,70706.74,70748.98,70479.63,70577.88,1957.0,1400,0.0
2026-03-21 09:00:00,70579.25,70717.66,70550.18,70640.77,1750.0,1400,0.0
2026-03-21 10:00:00,70646.92,70680.97,70537.65,70590.71,1438.0,1400,0.0
2026-03-21 11:00:00,70592.83,70640.43,70549.68,70634.45,1319.0,1400,0.0
2026-03-21 12:00:00,70634.99,70790.6,70634.99,70696.05,1585.0,1400,0.0
2026-03-21 13:00:00,70696.4,70794.3,70681.7,70709.62,1402.0,1400,0.0
2026-03-21 14:00:00,70710.58,71092.06,70565.21,70617.92,2827.0,1400,0.0
2026-03-21 15:00:00,70620.4,70749.47,70437.43,70612.42,2346.0,1400,0.0
2026-03-21 16:00:00,70611.13,70638.28,70226.23,70290.87,2101.0,1400,0.0
2026-03-21 17:00:00,70296.39,70411.54,70172.09,70293.86,1819.0,1400,0.0
2026-03-21 18:00:00,70293.43,70521.39,70269.25,70366.52,1503.0,1400,0.0
2026-03-21 19:00:00,70363.99,70431.18,70301.38,70373.26,1212.0,1400,0.0
2026-03-21 20:00:00,70373.24,70485.82,70335.55,70442.32,1299.0,1400,0.0
2026-03-21 21:00:00,70442.27,70500.08,70240.16,70332.66,1373.0,1400,0.0
2026-03-21 22:00:00,70333.08,70368.87,70243.51,70264.21,1481.0,1400,0.0
2026-03-21 23:00:00,70267.76,70277.35,68540.48,68904.87,6922.0,1400,0.0
2026-03-22 00:00:00,68918.26,69144.15,68222.76,68921.9,10144.0,1400,0.0
2026-03-22 01:00:00,68923.21,69088.03,68736.32,68953.5,3655.0,1400,0.0
2026-03-22 02:00:00,68955.45,69401.48,68925.43,69265.78,3316.0,1400,0.0
2026-03-22 03:00:00,69255.0,69576.8,69101.55,69322.15,3358.0,1400,0.0
2026-03-22 04:00:00,69323.58,69517.74,69191.15,69328.02,2702.0,1400,0.0
2026-03-22 05:00:00,69328.1,69341.82,69123.29,69131.2,1912.0,1400,0.0
2026-03-22 06:00:00,69126.59,69234.88,69038.96,69139.94,1915.0,1400,0.0
2026-03-22 07:00:00,69142.42,69232.72,68872.34,68909.7,2363.0,1400,0.0
2026-03-22 08:00:00,68909.57,68974.57,68536.58,68776.66,3778.0,1400,0.0
2026-03-22 09:00:00,68773.09,68886.16,68561.73,68802.66,2515.0,1400,0.0
2026-03-22 10:00:00,68800.19,68835.86,68564.59,68627.46,2067.0,1400,0.0
2026-03-22 11:00:00,68625.83,68677.54,68066.01,68206.39,3826.0,1400,0.0
2026-03-22 12:00:00,68207.98,68754.55,68176.02,68638.27,3220.0,1400,0.0
2026-03-22 13:00:00,68648.89,68943.07,68525.51,68692.86,3136.0,1400,0.0
2026-03-22 14:00:00,68694.19,68920.76,68525.82,68699.93,2654.0,1400,0.0
2026-03-22 15:00:00,68702.43,69021.47,68694.98,68836.63,2496.0,1400,0.0
2026-03-22 16:00:00,68838.03,68877.55,68652.83,68785.79,2047.0,1400,0.0
2026-03-22 17:00:00,68787.03,68846.64,68656.89,68660.73,1974.0,1400,0.0
2026-03-22 18:00:00,68657.65,68741.59,68324.75,68600.4,2560.0,1400,0.0
2026-03-22 19:00:00,68609.39,68622.8,68130.75,68192.96,2954.0,1400,0.0
2026-03-22 20:00:00,68196.04,68494.76,68070.06,68157.48,2529.0,1400,0.0
2026-03-22 21:00:00,68159.62,68222.15,67325.74,67891.19,6557.0,1400,0.0
2026-03-22 22:00:00,67873.87,68391.5,67549.99,68313.43,5748.0,1400,0.0
2026-03-22 23:00:00,68318.91,68450.99,67811.45,67843.28,3776.0,1400,0.0
2026-03-23 00:00:00,67842.25,68141.95,67419.0,67651.64,7002.0,1400,0.0
2026-03-23 01:00:00,67651.23,68142.21,67506.82,67892.74,5544.0,1400,0.0
2026-03-23 02:00:00,67894.17,68383.95,67770.97,68294.83,4178.0,1400,0.0
2026-03-23 03:00:00,68298.89,68570.67,68030.87,68058.02,3540.0,1400,0.0
2026-03-23 04:00:00,68057.8,68522.53,68028.67,68515.26,3050.0,1400,0.0
2026-03-23 05:00:00,68512.75,68886.29,68510.71,68879.45,4078.0,1400,0.0
2026-03-23 06:00:00,68870.91,68877.97,67665.06,67850.05,5702.0,1400,0.0
2026-03-23 07:00:00,67849.24,68439.87,67476.58,68293.27,6684.0,1400,0.0
2026-03-23 08:00:00,68295.32,68682.6,68285.04,68406.77,5407.0,1400,0.0
2026-03-23 09:00:00,68405.18,68447.63,67890.44,68318.49,4143.0,1400,0.0
2026-03-23 10:00:00,68318.12,68699.66,68267.95,68515.8,3975.0,1400,0.0
2026-03-23 11:00:00,68516.81,71483.25,68515.8,70103.45,27308.0,1400,0.0
2026-03-23 12:00:00,70105.66,70861.61,69643.03,70711.44,11828.0,1400,0.0
2026-03-23 13:00:00,70712.27,71581.71,70560.89,71467.28,13664.0,1400,0.0
2026-03-23 14:00:00,71471.0,71812.36,71101.04,71428.84,10971.0,1400,0.0
2026-03-23 15:00:00,71432.78,71653.8,70078.32,70123.0,9503.0,1400,0.0
2026-03-23 16:00:00,70122.88,70738.94,70105.57,70549.58,9825.0,1400,0.0
2026-03-23 17:00:00,70553.69,71103.12,70326.82,71055.81,7018.0,1400,0.0
2026-03-23 18:00:00,71052.15,71180.18,70846.33,71044.47,5563.0,1400,0.0
2026-03-23 19:00:00,71048.45,71234.67,70624.01,70649.55,4202.0,1400,0.0
2026-03-23 20:00:00,70649.35,70963.87,70530.95,70890.33,2536.0,1400,0.0
2026-03-23 21:00:00,70891.17,70986.32,70798.98,70834.38,1982.0,1400,0.0
2026-03-23 22:00:00,70835.04,70881.35,70487.22,70746.94,3356.0,1400,0.0
2026-03-23 23:00:00,70746.66,70976.21,70368.56,70868.28,3677.0,1400,0.0
2026-03-24 00:00:00,70872.53,71075.88,70387.46,70653.67,5091.0,1400,0.0
2026-03-24 01:00:00,70652.43,70857.34,70252.26,70492.35,4560.0,1400,0.0
2026-03-24 02:00:00,70493.05,70681.34,70340.35,70418.8,3962.0,1400,0.0
2026-03-24 03:00:00,70417.29,70567.4,70365.93,70520.66,2948.0,1400,0.0
2026-03-24 04:00:00,70518.03,70721.84,70223.84,70353.1,3319.0,1400,0.0
2026-03-24 05:00:00,70355.66,70358.22,70091.32,70252.65,3491.0,1400,0.0
2026-03-24 06:00:00,70254.11,70550.56,70220.26,70513.96,2696.0,1400,0.0
2026-03-24 07:00:00,70515.46,71389.05,70442.58,71275.6,4903.0,1400,0.0
2026-03-24 08:00:00,71268.37,71324.18,70828.19,70936.73,4249.0,1400,0.0
2026-03-24 09:00:00,70936.36,71351.59,70822.03,71302.15,3036.0,1400,0.0
2026-03-24 10:00:00,71302.24,71316.1,71064.48,71253.81,2742.0,1400,0.0
2026-03-24 11:00:00,71246.6,71313.26,70927.1,71135.2,3739.0,1400,0.0
2026-03-24 12:00:00,71137.28,71164.65,70833.26,70943.94,3371.0,1400,0.0
2026-03-24 13:00:00,70937.13,71044.94,69901.53,70082.33,9006.0,1400,0.0
2026-03-24 14:00:00,70082.97,70442.46,69472.69,69840.93,11433.0,1400,0.0
2026-03-24 15:00:00,69843.16,70243.11,69735.71,69835.82,7843.0,1400,0.0
2026-03-24 16:00:00,69833.7,69982.75,69278.48,69449.64,5992.0,1400,0.0
2026-03-24 17:00:00,69453.94,69485.2,68878.15,69199.26,7257.0,1400,0.0
2026-03-24 18:00:00,69206.35,69724.08,69125.0,69398.86,5084.0,1400,0.0
2026-03-24 19:00:00,69398.22,69662.52,69217.67,69334.46,3468.0,1400,0.0
2026-03-24 20:00:00,69326.41,70265.9,69243.86,70068.15,5928.0,1400,0.0
2026-03-24 21:00:00,70066.98,70378.46,69862.89,70290.66,3694.0,1400,0.0
2026-03-24 22:00:00,70288.81,70543.54,70079.71,70276.87,3775.0,1400,0.0
2026-03-24 23:00:00,70281.22,70804.32,70217.09,70520.38,3060.0,1400,0.0
2026-03-25 00:00:00,70528.3,71026.38,70436.82,70804.82,3897.0,1400,0.0
2026-03-25 01:00:00,70802.52,70949.24,70598.08,70648.05,3542.0,1400,0.0
2026-03-25 02:00:00,70648.83,70736.04,70453.94,70491.89,2889.0,1400,0.0
2026-03-25 03:00:00,70493.68,70773.37,70366.71,70688.23,2783.0,1400,0.0
2026-03-25 04:00:00,70685.23,70944.39,70650.81,70935.53,2309.0,1400,0.0
2026-03-25 05:00:00,70932.19,71318.48,70894.53,71081.7,3119.0,1400,0.0
2026-03-25 06:00:00,71082.15,71246.0,70951.05,70975.99,2292.0,1400,0.0
2026-03-25 07:00:00,70979.14,71243.08,70858.28,70910.23,2414.0,1400,0.0
2026-03-25 08:00:00,70911.15,71488.66,70762.29,71214.75,3792.0,1400,0.0
2026-03-25 09:00:00,71204.81,71397.53,71071.11,71315.57,2751.0,1400,0.0
2026-03-25 10:00:00,71323.64,71620.52,71264.12,71483.26,2678.0,1400,0.0
2026-03-25 11:00:00,71482.95,72038.45,71436.11,71672.36,4141.0,1400,0.0
2026-03-25 12:00:00,71673.14,71944.13,71101.16,71694.24,5833.0,1400,0.0
2026-03-25 13:00:00,71695.48,71948.52,71489.12,71556.97,6372.0,1400,0.0
2026-03-25 14:00:00,71557.73,71683.16,71197.93,71210.35,6686.0,1400,0.0
2026-03-25 15:00:00,71213.18,71296.3,70550.32,70811.56,6951.0,1400,0.0
2026-03-25 16:00:00,70799.89,71738.01,70677.48,71300.85,6060.0,1400,0.0
2026-03-25 17:00:00,71300.27,71374.3,70675.6,70754.25,4147.0,1400,0.0
2026-03-25 18:00:00,70755.27,71127.11,70645.87,70791.36,3563.0,1400,0.0
2026-03-25 19:00:00,70791.54,71079.66,70740.82,70854.73,3377.0,1400,0.0
2026-03-25 20:00:00,70860.07,71031.42,70600.65,70977.33,2339.0,1400,0.0
2026-03-25 21:00:00,70977.93,71154.89,70913.2,71001.03,2183.0,1400,0.0
2026-03-25 22:00:00,71000.7,71574.05,70913.42,71339.43,2939.0,1400,0.0
2026-03-25 23:00:00,71339.28,71413.74,71148.88,71306.53,2490.0,1400,0.0
2026-03-26 00:00:00,71296.89,71404.49,71097.18,71264.49,2801.0,1400,0.0
2026-03-26 01:00:00,71265.49,71343.02,71119.69,71212.62,2675.0,1400,0.0
2026-03-26 02:00:00,71212.97,71256.35,70643.12,70850.53,3105.0,1400,0.0
2026-03-26 03:00:00,70849.84,70942.94,70647.68,70862.7,2456.0,1400,0.0
2026-03-26 04:00:00,70876.98,70879.72,70676.94,70732.48,2057.0,1400,0.0
2026-03-26 05:00:00,70732.56,70764.56,69899.81,69976.6,3991.0,1400,0.0
2026-03-26 06:00:00,69972.81,70120.06,69802.99,70052.07,3530.0,1400,0.0
2026-03-26 07:00:00,70059.89,70133.43,69747.52,70059.29,3154.0,1400,0.0
2026-03-26 08:00:00,70057.41,70099.56,69764.52,69982.92,3206.0,1400,0.0
2026-03-26 09:00:00,69980.61,70124.92,69363.77,69531.5,4595.0,1400,0.0
2026-03-26 10:00:00,69530.87,69694.91,69414.39,69476.86,2985.0,1400,0.0
2026-03-26 11:00:00,69478.73,69616.49,69138.98,69240.56,3471.0,1400,0.0
2026-03-26 12:00:00,69239.54,69433.37,69182.02,69393.06,2770.0,1400,0.0
2026-03-26 13:00:00,69393.09,69864.75,69168.29,69601.96,5981.0,1400,0.0
2026-03-26 14:00:00,69616.53,69798.39,69209.82,69436.87,6667.0,1400,0.0
2026-03-26 15:00:00,69444.54,69463.37,68573.09,69039.69,6697.0,1400,0.0
2026-03-26 16:00:00,69037.32,69037.32,68772.36,68878.25,4140.0,1400,0.0
2026-03-26 17:00:00,68877.6,69115.55,68302.6,68439.8,3879.0,1400,0.0
2026-03-26 18:00:00,68438.66,68561.8,68098.26,68433.45,5016.0,1400,0.0
2026-03-26 19:00:00,68441.03,68633.96,68293.44,68480.14,2975.0,1400,0.0
2026-03-26 20:00:00,68471.46,69436.4,68369.74,68949.18,6652.0,1400,0.0
2026-03-26 21:00:00,68947.22,69151.05,68820.83,68864.62,2633.0,1400,0.0
2026-03-26 22:00:00,68867.99,68975.76,68534.25,68840.33,3358.0,1400,0.0
2026-03-26 23:00:00,68843.0,68946.12,68573.81,68769.16,2518.0,1400,0.0
2026-03-27 00:00:00,68769.61,68916.11,68463.5,68718.64,3289.0,1400,0.0
2026-03-27 01:00:00,68718.79,69020.03,68633.76,69003.55,2577.0,1400,0.0
2026-03-27 02:00:00,69005.69,69131.49,68812.18,68865.81,2376.0,1400,0.0
2026-03-27 03:00:00,68869.51,68880.54,68620.01,68717.88,2247.0,1400,0.0
2026-03-27 04:00:00,68718.21,68750.01,68248.81,68524.41,3060.0,1400,0.0
2026-03-27 05:00:00,68522.84,68817.09,68454.97,68576.24,2658.0,1400,0.0
2026-03-27 06:00:00,68577.45,68804.22,68514.63,68604.25,2134.0,1400,0.0
2026-03-27 07:00:00,68605.26,68912.26,68395.69,68479.56,2901.0,1400,0.0
2026-03-27 08:00:00,68484.7,68589.94,67557.57,67864.85,5336.0,1400,0.0
2026-03-27 09:00:00,67866.13,67901.87,67490.93,67642.46,3609.0,1400,0.0
2026-03-27 10:00:00,67642.79,67727.42,66266.25,66465.04,7368.0,1400,0.0
2026-03-27 11:00:00,66468.31,66812.73,66188.32,66666.13,4561.0,1400,0.0
2026-03-27 12:00:00,66668.65,66744.72,66384.01,66578.76,3380.0,1400,0.0
2026-03-27 13:00:00,66579.48,66700.38,65938.2,66149.26,6674.0,1400,0.0
2026-03-27 14:00:00,66148.62,66373.92,65673.34,66157.58,7651.0,1400,0.0
2026-03-27 15:00:00,66158.92,66594.53,65908.12,66075.08,5761.0,1400,0.0
2026-03-27 16:00:00,66074.53,66135.13,65732.45,65932.61,5106.0,1400,0.0
2026-03-27 17:00:00,65935.85,66247.63,65528.4,65583.93,4930.0,1400,0.0
2026-03-27 18:00:00,65586.72,65914.79,65482.78,65779.75,4683.0,1400,0.0
2026-03-27 19:00:00,65791.27,66098.11,65637.93,65982.03,4114.0,1400,0.0
2026-03-27 20:00:00,65979.08,66099.49,65745.84,65965.75,2773.0,1400,0.0
2026-03-27 21:00:00,65963.58,66136.68,65947.8,66021.92,1800.0,1400,0.0
2026-03-27 22:00:00,66022.89,66038.27,65858.23,65973.33,1699.0,1400,0.0
2026-03-27 23:00:00,65978.68,66371.61,65911.38,66352.37,1705.0,1400,0.0
2026-03-28 00:00:00,66346.96,66465.31,66228.71,66384.24,1939.0,1400,0.0
2026-03-28 01:00:00,66375.34,66375.34,65993.01,66122.85,2041.0,1400,0.0
2026-03-28 02:00:00,66123.9,66203.99,65868.06,66004.59,2081.0,1400,0.0
2026-03-28 03:00:00,66006.41,66195.78,66006.0,66174.7,1724.0,1400,0.0
2026-03-28 04:00:00,66179.33,66258.91,66051.6,66228.53,1575.0,1400,0.0
2026-03-28 05:00:00,66228.15,66336.94,66155.58,66296.14,1513.0,1400,0.0
2026-03-28 06:00:00,66295.1,66449.48,66252.57,66341.89,1667.0,1400,0.0
2026-03-28 07:00:00,66344.61,66522.16,66326.02,66500.15,1391.0,1400,0.0
2026-03-28 08:00:00,66499.78,66520.68,66330.93,66361.2,1558.0,1400,0.0
2026-03-28 09:00:00,66361.18,66361.18,66184.62,66255.35,1461.0,1400,0.0
2026-03-28 10:00:00,66256.77,66365.02,66069.93,66168.4,1547.0,1400,0.0
2026-03-28 11:00:00,66168.52,66310.84,66142.06,66273.48,1134.0,1400,0.0
2026-03-28 12:00:00,66271.59,66487.82,66173.85,66409.41,1665.0,1400,0.0
2026-03-28 13:00:00,66406.65,67130.58,66350.27,66795.86,3663.0,1400,0.0
2026-03-28 14:00:00,66790.5,66921.8,66614.66,66699.87,2708.0,1400,0.0
2026-03-28 15:00:00,66694.27,67258.79,66653.05,66958.91,3154.0,1400,0.0
2026-03-28 16:00:00,66959.03,67047.75,66796.74,66868.75,2151.0,1400,0.0
2026-03-28 17:00:00,66862.02,66940.29,66627.46,66796.72,2199.0,1400,0.0
2026-03-28 18:00:00,66796.65,66910.54,66779.11,66856.52,1501.0,1400,0.0
2026-03-28 19:00:00,66862.59,66905.12,66750.06,66857.55,1389.0,1400,0.0
2026-03-28 20:00:00,66857.49,66966.88,66846.72,66863.92,1532.0,1400,0.0
2026-03-28 21:00:00,66857.65,66874.6,66522.16,66621.24,1817.0,1400,0.0
2026-03-28 22:00:00,66618.97,66734.79,66537.96,66698.91,1883.0,1400,0.0
2026-03-28 23:00:00,66697.27,66697.27,66216.3,66318.23,2489.0,1400,0.0
2026-03-29 00:00:00,66317.29,66451.67,66216.88,66419.44,2192.0,1400,0.0
2026-03-29 01:00:00,66415.87,66567.51,66317.67,66509.41,2113.0,1400,0.0
2026-03-29 02:00:00,66508.57,66795.2,66472.82,66743.44,2096.0,1400,0.0
2026-03-29 03:00:00,66743.77,67071.78,66693.33,66848.88,2107.0,1400,0.0
2026-03-29 04:00:00,66851.42,66881.32,66657.03,66682.29,1771.0,1400,0.0
2026-03-29 05:00:00,66682.2,66779.36,66537.65,66713.42,2017.0,1400,0.0
2026-03-29 06:00:00,66710.39,66817.72,66581.88,66674.28,1663.0,1400,0.0
2026-03-29 07:00:00,66672.71,66697.6,66492.91,66604.44,1577.0,1400,0.0
2026-03-29 08:00:00,66602.41,66719.64,66536.62,66663.44,1530.0,1400,0.0
2026-03-29 09:00:00,66663.78,66715.89,66475.25,66565.92,1807.0,1400,0.0
2026-03-29 10:00:00,66563.68,66563.68,66342.93,66452.09,1983.0,1400,0.0
2026-03-29 11:00:00,66452.83,66961.09,66443.68,66756.0,2644.0,1400,0.0
2026-03-29 12:00:00,66752.58,66813.16,66641.63,66787.32,1929.0,1400,0.0
2026-03-29 13:00:00,66788.94,66816.55,66464.08,66518.82,2733.0,1400,0.0
2026-03-29 14:00:00,66519.4,66735.92,66395.64,66525.72,2711.0,1400,0.0
2026-03-29 15:00:00,66527.95,66664.62,66258.74,66467.38,2829.0,1400,0.0
2026-03-29 16:00:00,66469.15,66602.87,66362.03,66442.17,2478.0,1400,0.0
2026-03-29 17:00:00,66443.09,66485.49,66090.46,66321.36,2511.0,1400,0.0
2026-03-29 18:00:00,66321.57,66496.63,66254.61,66361.92,1825.0,1400,0.0
2026-03-29 19:00:00,66361.58,66426.04,66255.58,66288.81,1528.0,1400,0.0
2026-03-29 20:00:00,66291.93,66742.26,66287.31,66545.31,1858.0,1400,0.0
2026-03-29 21:00:00,66548.8,66704.35,66452.27,66641.72,1782.0,1400,0.0
2026-03-29 22:00:00,66648.25,66660.13,64928.24,65802.24,8768.0,1400,0.0
2026-03-29 23:00:00,65802.52,66332.5,65797.95,65958.48,6997.0,1400,0.0
2026-03-30 00:00:00,65960.82,67014.65,65726.93,66206.93,10322.0,1400,0.0
2026-03-30 01:00:00,66211.98,66772.94,66211.98,66595.4,6068.0,1400,0.0
2026-03-30 02:00:00,66597.71,67434.3,66506.23,67054.69,6112.0,1400,0.0
2026-03-30 03:00:00,67053.3,67259.81,66904.98,67103.35,3929.0,1400,0.0
2026-03-30 04:00:00,67103.32,67595.2,67089.58,67543.82,4558.0,1400,0.0
2026-03-30 05:00:00,67549.39,67752.57,67367.64,67435.34,3873.0,1400,0.0
2026-03-30 06:00:00,67434.62,67523.11,67204.54,67242.22,3133.0,1400,0.0
2026-03-30 07:00:00,67238.96,67583.09,67159.62,67560.65,3039.0,1400,0.0
2026-03-30 08:00:00,67554.24,67886.79,67534.37,67600.91,3764.0,1400,0.0
2026-03-30 09:00:00,67599.03,67635.43,67393.85,67428.08,2332.0,1400,0.0
2026-03-30 10:00:00,67428.43,67460.7,67297.52,67432.64,2097.0,1400,0.0
2026-03-30 11:00:00,67436.33,67950.45,67419.34,67622.02,3960.0,1400,0.0
2026-03-30 12:00:00,67624.05,67926.72,67597.27,67842.08,3085.0,1400,0.0
2026-03-30 13:00:00,67846.16,68126.43,67376.21,67467.86,5458.0,1400,0.0
2026-03-30 14:00:00,67467.97,67824.68,67028.61,67743.58,7401.0,1400,0.0
2026-03-30 15:00:00,67735.43,67854.66,67351.01,67575.07,5458.0,1400,0.0
2026-03-30 16:00:00,67572.46,67597.2,67157.89,67307.47,3859.0,1400,0.0
2026-03-30 17:00:00,67308.06,67416.2,66581.89,66773.22,5147.0,1400,0.0
2026-03-30 18:00:00,66773.76,66865.15,66436.94,66591.07,3743.0,1400,0.0
2026-03-30 19:00:00,66588.27,66610.43,66166.73,66480.68,4199.0,1400,0.0
2026-03-30 20:00:00,66480.31,66631.52,66453.8,66591.45,2300.0,1400,0.0
2026-03-30 21:00:00,66586.56,66930.74,66526.48,66743.09,2633.0,1400,0.0
2026-03-30 22:00:00,66742.72,66947.53,66626.58,66719.54,2420.0,1400,0.0
2026-03-30 23:00:00,66718.3,66746.11,66349.27,66741.98,2753.0,1400,0.0
2026-03-31 00:00:00,66736.85,67253.32,66473.7,67161.41,5149.0,1400,0.0
2026-03-31 01:00:00,67156.91,68352.27,66987.15,67872.9,7266.0,1400,0.0
2026-03-31 02:00:00,67869.91,68046.51,67711.5,67886.76,3613.0,1400,0.0
2026-03-31 03:00:00,67885.05,67953.7,67585.97,67649.08,2978.0,1400,0.0
2026-03-31 04:00:00,67649.85,67828.74,67425.47,67484.1,3121.0,1400,0.0
2026-03-31 05:00:00,67482.99,67734.19,67331.61,67624.94,3173.0,1400,0.0
2026-03-31 06:00:00,67625.11,67652.18,67265.64,67430.16,3047.0,1400,0.0
2026-03-31 07:00:00,67436.81,67465.81,67037.39,67309.52,3295.0,1400,0.0
2026-03-31 08:00:00,67309.48,67443.3,66613.43,66709.16,4081.0,1400,0.0
2026-03-31 09:00:00,66708.61,66855.19,65916.86,66069.88,5074.0,1400,0.0
2026-03-31 10:00:00,66070.53,66412.94,66030.53,66306.4,3226.0,1400,0.0
2026-03-31 11:00:00,66307.91,66816.78,66174.54,66616.84,4824.0,1400,0.0
2026-03-31 12:00:00,66625.18,66875.18,66445.98,66583.28,3922.0,1400,0.0
2026-03-31 13:00:00,66595.56,67356.98,66593.85,67240.43,6051.0,1400,0.0
2026-03-31 14:00:00,67230.09,67730.65,66350.71,66521.22,8846.0,1400,0.0
2026-03-31 15:00:00,66524.06,67229.91,66524.06,66681.13,7270.0,1400,0.0
2026-03-31 16:00:00,66683.09,67961.62,66668.6,67606.58,9605.0,1400,0.0
2026-03-31 17:00:00,67598.45,68538.96,67334.63,67468.37,9318.0,1400,0.0
2026-03-31 18:00:00,67470.34,67889.36,67456.48,67780.8,4360.0,1400,0.0
2026-03-31 19:00:00,67780.14,67977.42,67640.05,67768.37,3895.0,1400,0.0
2026-03-31 20:00:00,67763.7,68207.62,67759.63,68194.51,3145.0,1400,0.0
2026-03-31 21:00:00,68185.58,68355.94,67819.41,68204.57,3111.0,1400,0.0
2026-03-31 22:00:00,68204.0,68283.28,67891.6,68108.19,2708.0,1400,0.0
2026-03-31 23:00:00,68111.59,68314.54,68026.08,68217.7,2767.0,1400,0.0
2026-04-01 00:00:00,68208.03,68282.67,67787.13,68261.76,3790.0,1400,0.0
2026-04-01 01:00:00,68263.52,68309.37,67691.07,67724.22,3478.0,1400,0.0
2026-04-01 02:00:00,67724.29,67856.42,67508.36,67605.01,3276.0,1400,0.0
2026-04-01 03:00:00,67602.17,68183.24,67602.17,68109.8,3004.0,1400,0.0
2026-04-01 04:00:00,68105.68,68431.28,67934.93,68253.58,2806.0,1400,0.0
2026-04-01 05:00:00,68252.27,68717.37,68091.7,68400.67,3650.0,1400,0.0
2026-04-01 06:00:00,68396.21,69206.32,68394.53,69061.52,4395.0,1400,0.0
2026-04-01 07:00:00,69061.99,69287.55,68631.84,68654.56,3821.0,1400,0.0
2026-04-01 08:00:00,68640.93,68822.16,68425.32,68627.8,3537.0,1400,0.0
2026-04-01 09:00:00,68620.37,68703.63,68355.17,68616.52,2939.0,1400,0.0
2026-04-01 10:00:00,68616.6,68640.86,68370.44,68550.34,2627.0,1400,0.0
2026-04-01 11:00:00,68551.49,68716.79,68476.55,68687.01,2486.0,1400,0.0
2026-04-01 12:00:00,68682.83,68769.07,68219.08,68370.55,4612.0,1400,0.0
2026-04-01 13:00:00,68370.41,68656.0,67891.59,68093.83,6927.0,1400,0.0
2026-04-01 14:00:00,68080.26,68665.31,68022.46,68566.87,6882.0,1400,0.0
2026-04-01 15:00:00,68572.79,68945.76,68391.46,68895.08,4855.0,1400,0.0
2026-04-01 16:00:00,68894.75,68976.27,68580.03,68794.13,4106.0,1400,0.0
2026-04-01 17:00:00,68793.28,69150.61,68216.96,68252.22,4566.0,1400,0.0
2026-04-01 18:00:00,68251.57,68302.03,67905.87,68062.16,4709.0,1400,0.0
2026-04-01 19:00:00,68062.67,68276.11,68003.17,68156.92,3194.0,1400,0.0
2026-04-01 20:00:00,68142.42,68236.29,67943.92,68183.94,2286.0,1400,0.0
2026-04-01 21:00:00,68183.86,68534.65,68154.01,68343.85,2608.0,1400,0.0
2026-04-01 22:00:00,68341.46,68343.49,68057.48,68109.08,3023.0,1400,0.0
2026-04-01 23:00:00,68111.68,68244.01,67975.67,68110.81,2574.0,1400,0.0
2026-04-02 00:00:00,68109.36,68650.13,68031.36,68581.39,3803.0,1400,0.0
2026-04-02 01:00:00,68580.09,68580.09,67020.74,67347.73,14412.0,1400,0.0
2026-04-02 02:00:00,67341.5,67342.93,66618.65,66841.52,6142.0,1400,0.0
2026-04-02 03:00:00,66845.36,66956.6,66477.4,66552.79,3757.0,1400,0.0
2026-04-02 04:00:00,66553.85,66637.88,66190.08,66315.83,3181.0,1400,0.0
2026-04-02 05:00:00,66315.18,66634.2,66286.66,66568.56,2718.0,1400,0.0
2026-04-02 06:00:00,66578.62,66801.38,66522.86,66661.08,2454.0,1400,0.0
2026-04-02 07:00:00,66661.32,66916.71,66533.21,66900.35,2336.0,1400,0.0
2026-04-02 08:00:00,66901.28,66902.76,66384.61,66429.19,2334.0,1400,0.0
2026-04-02 09:00:00,66425.97,66493.72,66258.07,66439.81,2487.0,1400,0.0
2026-04-02 10:00:00,66448.64,66492.99,66191.36,66441.51,2702.0,1400,0.0
2026-04-02 11:00:00,66443.65,66470.0,66095.0,66185.03,2719.0,1400,0.0
2026-04-02 12:00:00,66188.93,66226.94,65930.74,66034.07,3678.0,1400,0.0
2026-04-02 13:00:00,66035.69,66264.11,65685.35,66243.4,6687.0,1400,0.0
2026-04-02 14:00:00,66247.25,67099.36,66140.04,66842.46,9779.0,1400,0.0
2026-04-02 15:00:00,66841.47,66980.63,66620.67,66834.9,5551.0,1400,0.0
2026-04-02 16:00:00,66829.11,67261.54,66728.85,67077.83,4617.0,1400,0.0
2026-04-02 17:00:00,67078.01,67430.16,66643.93,66672.9,3968.0,1400,0.0
2026-04-02 18:00:00,66672.41,67064.32,66576.8,66964.71,3338.0,1400,0.0
2026-04-02 19:00:00,66964.79,67102.6,66858.58,66967.25,2802.0,1400,0.0
2026-04-02 20:00:00,66970.99,67096.32,66775.96,66924.14,2071.0,1400,0.0
2026-04-02 21:00:00,66934.59,67011.19,66707.49,66929.81,1939.0,1400,0.0
2026-04-02 22:00:00,66927.7,67032.43,66807.87,66981.88,2120.0,1400,0.0
2026-04-02 23:00:00,66981.95,67094.14,66837.51,66887.93,1968.0,1400,0.0
2026-04-03 00:00:00,66890.27,66991.68,66688.8,66775.58,2376.0,1400,0.0
2026-04-03 01:00:00,66774.18,66895.95,66464.64,66616.61,2953.0,1400,0.0
2026-04-03 02:00:00,66607.6,66739.83,66263.59,66523.21,3607.0,1400,0.0
2026-04-03 03:00:00,66523.14,66717.76,66475.5,66571.76,2213.0,1400,0.0
2026-04-03 04:00:00,66571.75,66691.95,66488.04,66597.04,2166.0,1400,0.0
2026-04-03 05:00:00,66605.77,66806.36,66397.72,66603.07,2471.0,1400,0.0
2026-04-03 06:00:00,66598.41,66791.27,66541.08,66785.18,2551.0,1400,0.0
2026-04-03 07:00:00,66782.99,67261.27,66743.25,67040.71,3153.0,1400,0.0
2026-04-03 08:00:00,67036.47,67286.44,66892.11,66960.74,2633.0,1400,0.0
2026-04-03 09:00:00,66956.09,66998.2,66732.04,66857.41,1942.0,1400,0.0
2026-04-03 10:00:00,66854.52,66891.27,66665.27,66867.89,1988.0,1400,0.0
2026-04-03 11:00:00,66870.3,67057.34,66817.56,67010.15,1922.0,1400,0.0
2026-04-03 12:00:00,67012.34,67371.51,66629.33,66709.25,3765.0,1400,0.0
2026-04-03 13:00:00,66722.17,66736.9,66501.85,66669.62,2998.0,1400,0.0
2026-04-03 14:00:00,66664.96,66994.06,66619.62,66926.92,2575.0,1400,0.0
2026-04-03 15:00:00,66922.63,67016.25,66794.66,66815.77,2186.0,1400,0.0
2026-04-03 16:00:00,66822.89,67070.11,66804.63,66993.08,1765.0,1400,0.0
2026-04-03 17:00:00,66994.87,67068.23,66745.85,66833.71,1982.0,1400,0.0
2026-04-03 18:00:00,66829.81,66920.1,66766.07,66809.83,1371.0,1400,0.0
2026-04-03 19:00:00,66812.98,66902.95,66761.51,66869.51,1551.0,1400,0.0
2026-04-03 20:00:00,66869.42,66908.22,66817.21,66819.77,1250.0,1400,0.0
2026-04-03 21:00:00,66821.31,66978.53,66808.88,66951.59,1357.0,1400,0.0
2026-04-03 22:00:00,66957.15,66967.82,66834.31,66879.24,1549.0,1400,0.0
2026-04-03 23:00:00,66878.11,66948.17,66815.7,66947.74,1201.0,1400,0.0
2026-04-04 00:00:00,66947.52,66954.1,66864.0,66891.37,1238.0,1400,0.0
2026-04-04 01:00:00,66891.79,66918.2,66817.71,66843.28,1075.0,1400,0.0
2026-04-04 02:00:00,66843.99,66909.57,66793.27,66833.32,1203.0,1400,0.0
2026-04-04 03:00:00,66833.08,66896.25,66815.66,66819.57,958.0,1400,0.0
2026-04-04 04:00:00,66818.73,66860.65,66764.09,66852.24,865.0,1400,0.0
2026-04-04 05:00:00,66855.65,66921.87,66831.0,66894.5,1192.0,1400,0.0
2026-04-04 06:00:00,66894.5,67046.59,66894.5,67001.46,1182.0,1400,0.0
2026-04-04 07:00:00,67005.46,67043.93,66920.6,66997.17,993.0,1400,0.0
2026-04-04 08:00:00,67004.79,67049.93,66892.13,66929.09,1115.0,1400,0.0
2026-04-04 09:00:00,66934.81,66981.54,66904.1,66972.45,1052.0,1400,0.0
2026-04-04 10:00:00,66967.35,67169.84,66894.8,67151.61,1255.0,1400,0.0
2026-04-04 11:00:00,67153.08,67231.57,67066.14,67146.44,1274.0,1400,0.0
2026-04-04 12:00:00,67140.07,67171.81,67046.35,67079.69,1235.0,1400,0.0
2026-04-04 13:00:00,67083.66,67270.33,67064.19,67187.87,1354.0,1400,0.0
2026-04-04 14:00:00,67186.0,67210.12,67017.73,67191.46,1106.0,1400,0.0
2026-04-04 15:00:00,67191.4,67568.78,67162.19,67372.23,1993.0,1400,0.0
2026-04-04 16:00:00,67377.4,67517.73,67306.67,67357.57,1669.0,1400,0.0
2026-04-04 17:00:00,67357.5,67407.28,67268.6,67319.95,1242.0,1400,0.0
2026-04-04 18:00:00,67317.51,67367.96,67238.44,67281.57,1193.0,1400,0.0
2026-04-04 19:00:00,67290.43,67541.62,67257.25,67274.28,1671.0,1400,0.0
2026-04-04 20:00:00,67276.74,67291.82,67166.68,67260.26,1072.0,1400,0.0
2026-04-04 21:00:00,67259.65,67470.12,67203.38,67346.99,1246.0,1400,0.0
2026-04-04 22:00:00,67347.57,67456.16,67318.72,67386.03,1278.0,1400,0.0
2026-04-04 23:00:00,67385.89,67389.13,67226.14,67288.25,1184.0,1400,0.0
2026-04-05 00:00:00,67293.67,67296.86,67141.73,67189.85,1315.0,1400,0.0
2026-04-05 01:00:00,67187.71,67221.0,67056.51,67067.64,1148.0,1400,0.0
2026-04-05 02:00:00,67074.1,67166.89,66929.0,67153.5,1384.0,1400,0.0
2026-04-05 03:00:00,67151.93,67179.61,67069.03,67131.02,990.0,1400,0.0
2026-04-05 04:00:00,67124.64,67177.23,67048.58,67078.82,1223.0,1400,0.0
2026-04-05 05:00:00,67079.99,67137.1,66854.31,66922.73,1442.0,1400,0.0
2026-04-05 06:00:00,66923.17,66936.9,66589.18,66785.16,2247.0,1400,0.0
2026-04-05 07:00:00,66786.26,66894.75,66697.98,66805.33,1428.0,1400,0.0
2026-04-05 08:00:00,66803.77,66930.51,66794.19,66914.89,1292.0,1400,0.0
2026-04-05 09:00:00,66922.99,67031.93,66872.01,67005.25,1306.0,1400,0.0
2026-04-05 10:00:00,67002.87,67139.35,66937.63,67021.56,1343.0,1400,0.0
2026-04-05 11:00:00,67022.67,67070.65,66952.46,66978.67,1317.0,1400,0.0
2026-04-05 12:00:00,66977.76,66979.19,66659.65,66767.81,2120.0,1400,0.0
2026-04-05 13:00:00,66757.59,66903.52,66674.76,66875.09,1750.0,1400,0.0
2026-04-05 14:00:00,66866.79,66951.51,66788.29,66905.26,1348.0,1400,0.0
2026-04-05 15:00:00,66905.18,67832.45,66804.99,67281.84,4030.0,1400,0.0
2026-04-05 16:00:00,67282.0,67393.96,67147.59,67191.25,1962.0,1400,0.0
2026-04-05 17:00:00,67192.39,67382.17,67157.86,67345.5,1721.0,1400,0.0
2026-04-05 18:00:00,67330.31,67435.36,67244.87,67388.61,1486.0,1400,0.0
2026-04-05 19:00:00,67384.48,67547.36,67258.51,67336.43,1549.0,1400,0.0
2026-04-05 20:00:00,67337.06,67688.52,67306.03,67638.96,1565.0,1400,0.0
2026-04-05 21:00:00,67638.83,67668.93,67385.55,67526.37,2076.0,1400,0.0
2026-04-05 22:00:00,67512.34,68351.75,67316.88,68314.45,5218.0,1400,0.0
2026-04-05 23:00:00,68318.08,69118.17,68230.95,69000.91,6078.0,1400,0.0
2026-04-06 00:00:00,69002.51,69585.18,69001.53,69058.11,6028.0,1400,0.0
2026-04-06 01:00:00,69055.92,69112.52,68760.02,68786.16,3609.0,1400,0.0
2026-04-06 02:00:00,68784.11,69391.32,68739.97,69190.44,4546.0,1400,0.0
2026-04-06 03:00:00,69188.25,69234.62,69030.65,69100.67,2641.0,1400,0.0
2026-04-06 04:00:00,69100.6,69195.35,68940.99,69111.65,2184.0,1400,0.0
2026-04-06 05:00:00,69117.76,69226.69,69056.81,69174.1,1790.0,1400,0.0
2026-04-06 06:00:00,69166.41,69341.62,68780.8,68965.86,3024.0,1400,0.0
2026-04-06 07:00:00,68966.24,69198.9,68806.9,69096.73,2367.0,1400,0.0
2026-04-06 08:00:00,69100.04,69340.31,69054.52,69202.01,2290.0,1400,0.0
2026-04-06 09:00:00,69205.61,70269.91,69188.2,69725.46,5021.0,1400,0.0
2026-04-06 10:00:00,69728.85,69980.99,69688.8,69763.57,2752.0,1400,0.0
2026-04-06 11:00:00,69762.04,69762.04,69552.61,69617.08,2078.0,1400,0.0
2026-04-06 12:00:00,69615.27,69633.09,69305.93,69366.5,2392.0,1400,0.0
2026-04-06 13:00:00,69372.6,69547.75,69225.25,69420.54,4335.0,1400,0.0
2026-04-06 14:00:00,69420.56,69815.67,69119.49,69647.78,6730.0,1400,0.0
2026-04-06 15:00:00,69650.34,69978.33,69520.48,69966.55,4516.0,1400,0.0
2026-04-06 16:00:00,69970.06,70366.12,69782.79,69806.23,4216.0,1400,0.0
2026-04-06 17:00:00,69803.29,69829.4,69269.64,69569.53,4827.0,1400,0.0
2026-04-06 18:00:00,69572.27,69997.63,69464.79,69888.28,3434.0,1400,0.0
2026-04-06 19:00:00,69889.3,69900.2,69574.89,69751.64,2446.0,1400,0.0
2026-04-06 20:00:00,69736.57,69992.06,69603.37,69823.03,2001.0,1400,0.0
2026-04-06 21:00:00,69821.19,69831.36,69430.41,69511.66,2183.0,1400,0.0
2026-04-06 22:00:00,69505.72,69591.22,68807.19,68809.79,3108.0,1400,0.0
2026-04-06 23:00:00,68809.26,68902.1,68265.98,68837.0,4715.0,1400,0.0
2026-04-07 00:00:00,68834.93,69129.97,68711.09,68769.53,4128.0,1400,0.0
2026-04-07 01:00:00,68769.46,68902.89,68323.53,68382.74,4025.0,1400,0.0
2026-04-07 02:00:00,68384.2,68711.06,68260.15,68656.53,3044.0,1400,0.0
2026-04-07 03:00:00,68654.07,68800.67,68609.82,68776.76,1888.0,1400,0.0
2026-04-07 04:00:00,68762.64,68983.11,68527.6,68852.18,2316.0,1400,0.0
2026-04-07 05:00:00,68858.23,68865.29,68596.76,68657.96,1883.0,1400,0.0
2026-04-07 06:00:00,68656.11,68656.11,68421.43,68559.93,2127.0,1400,0.0
2026-04-07 07:00:00,68560.17,68698.89,68487.51,68613.37,1808.0,1400,0.0
2026-04-07 08:00:00,68614.37,68987.9,68588.61,68930.72,2968.0,1400,0.0
2026-04-07 09:00:00,68939.28,69255.41,68919.95,69144.67,2721.0,1400,0.0
2026-04-07 10:00:00,69144.35,69207.92,68189.87,68217.05,4801.0,1400,0.0
2026-04-07 11:00:00,68217.97,68449.82,68052.23,68328.91,3133.0,1400,0.0
2026-04-07 12:00:00,68324.81,68599.24,68053.05,68392.09,3970.0,1400,0.0
2026-04-07 13:00:00,68390.71,68636.39,68181.14,68217.59,4197.0,1400,0.0
2026-04-07 14:00:00,68216.28,68249.55,67749.44,67841.14,5925.0,1400,0.0
2026-04-07 15:00:00,67839.87,68256.69,67712.17,68144.1,4213.0,1400,0.0
2026-04-07 16:00:00,68143.61,68443.03,68052.39,68216.5,3650.0,1400,0.0
2026-04-07 17:00:00,68209.7,69003.86,68173.62,68692.51,3770.0,1400,0.0
2026-04-07 18:00:00,68692.97,68768.53,68332.73,68434.93,2738.0,1400,0.0
2026-04-07 19:00:00,68434.37,69078.3,68326.61,68988.0,5882.0,1400,0.0
2026-04-07 20:00:00,68991.23,69525.66,68991.23,69308.55,4156.0,1400,0.0
2026-04-07 21:00:00,69300.39,70212.08,69291.37,69910.6,5756.0,1400,0.0
2026-04-07 22:00:00,69910.14,71520.28,69910.14,71493.74,12235.0,1400,0.0
2026-04-07 23:00:00,71495.63,72761.47,71176.02,71897.08,11865.0,1400,0.0
2026-04-08 00:00:00,71896.39,72110.6,71527.19,71693.83,5122.0,1400,0.0
2026-04-08 01:00:00,71695.9,71749.34,71436.24,71464.24,3103.0,1400,0.0
2026-04-08 02:00:00,71466.21,71720.43,71206.88,71351.68,3123.0,1400,0.0
2026-04-08 03:00:00,71353.02,71475.67,71255.95,71280.47,1943.0,1400,0.0
2026-04-08 04:00:00,71279.58,71679.45,71271.29,71543.49,2386.0,1400,0.0
2026-04-08 05:00:00,71545.54,71829.22,71541.68,71726.41,2151.0,1400,0.0
2026-04-08 06:00:00,71725.91,71941.66,71562.09,71725.78,2289.0,1400,0.0
2026-04-08 07:00:00,71726.77,71900.0,71574.98,71639.45,2198.0,1400,0.0
2026-04-08 08:00:00,71641.3,71824.98,71631.92,71800.08,2361.0,1400,0.0
2026-04-08 09:00:00,71799.35,71957.42,71574.72,71671.93,2208.0,1400,0.0
2026-04-08 10:00:00,71672.61,71789.07,71434.32,71468.58,1902.0,1400,0.0
2026-04-08 11:00:00,71467.35,71724.06,71400.36,71690.62,2420.0,1400,0.0
2026-04-08 12:00:00,71692.37,72211.75,71574.79,72064.74,3532.0,1400,0.0
2026-04-08 13:00:00,72061.6,72883.75,71486.11,71590.37,9889.0,1400,0.0
2026-04-08 14:00:00,71587.46,71755.55,70684.48,70905.38,8047.0,1400,0.0
2026-04-08 15:00:00,70911.11,71358.75,70810.79,71302.19,4534.0,1400,0.0
2026-04-08 16:00:00,71301.67,71699.1,71243.86,71594.06,3712.0,1400,0.0
2026-04-08 17:00:00,71595.54,71971.38,71485.92,71890.0,4171.0,1400,0.0
2026-04-08 18:00:00,71890.05,71890.05,71060.22,71097.91,5035.0,1400,0.0
2026-04-08 19:00:00,71090.4,71380.3,71004.41,71337.58,3434.0,1400,0.0
2026-04-08 20:00:00,71329.55,71492.31,71262.7,71376.89,1849.0,1400,0.0
2026-04-08 21:00:00,71376.82,71752.2,71327.76,71554.7,2081.0,1400,0.0
2026-04-08 22:00:00,71554.33,71580.65,71057.4,71057.89,2576.0,1400,0.0
2026-04-08 23:00:00,71052.34,71224.46,70893.68,71072.93,3042.0,1400,0.0
2026-04-09 00:00:00,71068.58,71144.33,70644.72,70805.51,3698.0,1400,0.0
2026-04-09 01:00:00,70805.18,70963.26,70450.42,70932.33,4159.0,1400,0.0
2026-04-09 02:00:00,70932.24,71201.88,70802.59,71062.11,2649.0,1400,0.0
2026-04-09 03:00:00,71055.77,71120.87,70844.28,70992.51,2092.0,1400,0.0
2026-04-09 04:00:00,70991.28,71016.01,70736.18,70793.6,1737.0,1400,0.0
2026-04-09 05:00:00,70793.5,71095.69,70689.96,70989.78,2217.0,1400,0.0
2026-04-09 06:00:00,70994.15,71094.42,70815.8,71032.72,1997.0,1400,0.0
2026-04-09 07:00:00,71033.83,71132.87,70946.05,70983.45,1817.0,1400,0.0
2026-04-09 08:00:00,70986.25,71383.43,70866.6,71251.09,2136.0,1400,0.0
2026-04-09 09:00:00,71251.7,71583.27,71102.03,71530.78,2199.0,1400,0.0
2026-04-09 10:00:00,71531.14,71547.46,71274.92,71278.07,1823.0,1400,0.0
2026-04-09 11:00:00,71276.81,71358.62,71050.82,71144.84,1997.0,1400,0.0
2026-04-09 12:00:00,71144.61,71332.44,71024.27,71283.16,2632.0,1400,0.0
2026-04-09 13:00:00,71281.18,71355.89,70619.23,70793.17,4926.0,1400,0.0
2026-04-09 14:00:00,70795.63,71267.97,70508.31,71122.18,5270.0,1400,0.0
2026-04-09 15:00:00,71123.71,72361.38,70927.61,72147.86,9209.0,1400,0.0
2026-04-09 16:00:00,72149.22,72414.79,71726.22,72094.58,5777.0,1400,0.0
2026-04-09 17:00:00,72093.24,72566.13,72068.53,72350.52,5678.0,1400,0.0
2026-04-09 18:00:00,72352.85,72388.01,71736.77,71879.6,4782.0,1400,0.0
2026-04-09 19:00:00,71879.15,72307.28,71733.47,72099.5,3649.0,1400,0.0
2026-04-09 20:00:00,72098.83,72464.99,71989.41,72425.93,2451.0,1400,0.0
2026-04-09 21:00:00,72426.5,72710.88,72142.69,72277.35,3586.0,1400,0.0
2026-04-09 22:00:00,72277.19,73171.85,71940.15,71940.15,5288.0,1400,0.0
2026-04-09 23:00:00,71942.1,72038.02,71570.21,71780.81,4113.0,1400,0.0
2026-04-10 00:00:00,71781.76,72035.32,71581.03,71969.44,4173.0,1400,0.0
2026-04-10 01:00:00,71950.83,72396.13,71662.62,72165.13,4172.0,1400,0.0
2026-04-10 02:00:00,72162.98,72292.81,71917.03,71962.28,2649.0,1400,0.0
2026-04-10 03:00:00,71963.32,72030.99,71810.26,71871.74,2098.0,1400,0.0
2026-04-10 04:00:00,71872.4,72219.87,71815.77,72127.25,2138.0,1400,0.0
2026-04-10 05:00:00,72126.45,72284.49,72012.56,72131.81,1995.0,1400,0.0
2026-04-10 06:00:00,72141.59,72193.01,71791.61,71810.82,2178.0,1400,0.0
2026-04-10 07:00:00,71809.02,71855.82,71420.83,71496.29,2332.0,1400,0.0
2026-04-10 08:00:00,71501.12,71762.98,71419.53,71601.52,2239.0,1400,0.0
2026-04-10 09:00:00,71601.6,71880.26,71587.9,71773.29,2347.0,1400,0.0
2026-04-10 10:00:00,71776.34,71944.01,71701.08,71915.33,1850.0,1400,0.0
2026-04-10 11:00:00,71922.01,72277.57,71898.17,72139.01,2448.0,1400,0.0
2026-04-10 12:00:00,72142.43,72495.87,72008.58,72265.85,4105.0,1400,0.0
2026-04-10 13:00:00,72264.13,72428.77,71909.97,72328.27,4660.0,1400,0.0
2026-04-10 14:00:00,72336.11,73188.71,72256.02,72935.5,7504.0,1400,0.0
2026-04-10 15:00:00,72936.46,73332.0,72371.95,72480.9,5433.0,1400,0.0
2026-04-10 16:00:00,72485.78,73081.76,72401.73,73021.09,4152.0,1400,0.0
2026-04-10 17:00:00,73020.51,73180.3,72812.93,73144.27,2912.0,1400,0.0
2026-04-10 18:00:00,73142.88,73200.29,72899.34,73130.26,2488.0,1400,0.0
2026-04-10 19:00:00,73130.4,73299.63,72931.27,73263.04,2630.0,1400,0.0
2026-04-10 20:00:00,73269.25,73483.36,73072.43,73377.71,2976.0,1400,0.0
2026-04-10 21:00:00,73378.29,73388.35,72948.69,73218.1,2218.0,1400,0.0
2026-04-10 22:00:00,73218.52,73272.75,72740.04,72901.72,1898.0,1400,0.0
2026-04-10 23:00:00,72901.45,72992.98,72805.13,72984.6,1509.0,1400,0.0
2026-04-11 00:00:00,72983.29,72983.29,72814.45,72860.47,1602.0,1400,0.0
2026-04-11 01:00:00,72857.1,73038.77,72691.94,72987.09,1606.0,1400,0.0
2026-04-11 02:00:00,72986.43,73141.93,72935.53,73001.02,1577.0,1400,0.0
2026-04-11 03:00:00,72998.31,73111.8,72842.21,72906.89,1408.0,1400,0.0
2026-04-11 04:00:00,72907.38,72987.53,72700.06,72839.05,1547.0,1400,0.0
2026-04-11 05:00:00,72839.46,72869.57,72695.09,72759.23,1370.0,1400,0.0
2026-04-11 06:00:00,72757.16,72806.3,72636.88,72799.39,1522.0,1400,0.0
2026-04-11 07:00:00,72797.49,72864.21,72697.19,72777.26,1105.0,1400,0.0
2026-04-11 08:00:00,72777.55,72842.87,72658.3,72696.19,1178.0,1400,0.0
2026-04-11 09:00:00,72691.29,72954.11,72648.17,72939.79,1765.0,1400,0.0
2026-04-11 10:00:00,72936.16,72952.74,72794.45,72866.74,1223.0,1400,0.0
2026-04-11 11:00:00,72866.64,72945.25,72849.74,72941.07,1123.0,1400,0.0
2026-04-11 12:00:00,72940.97,73020.72,72830.99,72965.81,1275.0,1400,0.0
2026-04-11 13:00:00,72971.78,72971.78,72538.9,72677.48,2327.0,1400,0.0
2026-04-11 14:00:00,72682.23,72793.45,72627.78,72722.92,1585.0,1400,0.0
2026-04-11 15:00:00,72728.96,72936.12,72704.13,72882.02,1866.0,1400,0.0
2026-04-11 16:00:00,72880.41,73245.2,72842.76,73068.21,2287.0,1400,0.0
2026-04-11 17:00:00,73069.25,73208.86,72970.23,73124.48,1761.0,1400,0.0
2026-04-11 18:00:00,73124.56,73771.08,73063.3,73582.59,3282.0,1400,0.0
2026-04-11 19:00:00,73581.15,73845.3,73494.93,73706.38,2950.0,1400,0.0
2026-04-11 20:00:00,73706.69,73724.29,73253.65,73327.88,2147.0,1400,0.0
2026-04-11 21:00:00,73331.26,73568.19,73225.23,73468.64,2098.0,1400,0.0
2026-04-11 22:00:00,73460.87,73605.3,73266.32,73398.76,1964.0,1400,0.0
2026-04-11 23:00:00,73393.88,73393.88,72925.2,73082.21,2329.0,1400,0.0
2026-04-12 00:00:00,73081.68,73144.83,72887.89,73095.98,2269.0,1400,0.0
2026-04-12 01:00:00,73095.83,73161.79,71329.61,71668.82,6928.0,1400,0.0
2026-04-12 02:00:00,71666.57,72041.92,71362.13,71789.55,4422.0,1400,0.0
2026-04-12 03:00:00,71789.11,71890.67,71609.29,71625.43,2459.0,1400,0.0
2026-04-12 04:00:00,71627.16,71713.48,71459.88,71489.63,2189.0,1400,0.0
2026-04-12 05:00:00,71489.73,71814.18,71432.25,71727.37,2053.0,1400,0.0
2026-04-12 06:00:00,71722.04,71784.1,71663.78,71685.59,1536.0,1400,0.0
2026-04-12 07:00:00,71680.26,71782.13,71605.16,71701.18,1109.0,1400,0.0
2026-04-12 08:00:00,71701.29,71817.66,71620.27,71656.52,1623.0,1400,0.0
2026-04-12 09:00:00,71654.71,71665.41,71522.55,71569.87,1352.0,1400,0.0
2026-04-12 10:00:00,71562.28,71714.53,71365.96,71471.03,1884.0,1400,0.0
2026-04-12 11:00:00,71473.5,71575.17,71440.87,71491.69,1385.0,1400,0.0
2026-04-12 12:00:00,71488.75,71532.08,71091.32,71104.96,2678.0,1400,0.0
2026-04-12 13:00:00,71106.36,71172.01,70869.76,70919.59,3345.0,1400,0.0
2026-04-12 14:00:00,70919.46,71118.31,70710.48,70776.32,2909.0,1400,0.0
2026-04-12 15:00:00,70775.05,70958.22,70621.21,70919.31,2460.0,1400,0.0
2026-04-12 16:00:00,70920.65,70986.27,70839.75,70954.64,1914.0,1400,0.0
2026-04-12 17:00:00,70953.95,71245.89,70918.13,71163.97,2020.0,1400,0.0
2026-04-12 18:00:00,71168.02,71242.03,71077.63,71158.66,1617.0,1400,0.0
2026-04-12 19:00:00,71157.59,71264.7,71090.47,71110.99,1160.0,1400,0.0
2026-04-12 20:00:00,71110.42,71467.36,70972.83,71356.77,1859.0,1400,0.0
2026-04-12 21:00:00,71352.61,71482.33,71180.71,71389.94,1895.0,1400,0.0
2026-04-12 22:00:00,71388.42,71388.42,70506.54,70905.24,5793.0,1400,0.0
2026-04-12 23:00:00,70904.24,70913.1,70567.14,70746.01,3169.0,1400,0.0
2026-04-13 00:00:00,70748.83,71283.83,70612.43,71182.1,3547.0,1400,0.0
2026-04-13 01:00:00,71170.3,71242.53,71031.24,71200.26,2706.0,1400,0.0
2026-04-13 02:00:00,71200.38,71290.78,70988.44,71093.73,2314.0,1400,0.0
2026-04-13 03:00:00,71093.35,71170.89,70920.45,70984.23,2100.0,1400,0.0
2026-04-13 04:00:00,70984.38,71160.5,70857.51,70903.0,2030.0,1400,0.0
2026-04-13 05:00:00,70903.68,70942.6,70674.89,70893.55,2179.0,1400,0.0
2026-04-13 06:00:00,70895.48,71119.84,70885.14,71045.35,1935.0,1400,0.0
2026-04-13 07:00:00,71047.3,71093.71,70691.12,70833.68,2266.0,1400,0.0
2026-04-13 08:00:00,70834.4,70886.66,70564.9,70689.05,2353.0,1400,0.0
2026-04-13 09:00:00,70699.04,70925.02,70680.78,70797.54,1937.0,1400,0.0
2026-04-13 10:00:00,70796.59,70859.52,70684.08,70764.0,1865.0,1400,0.0
2026-04-13 11:00:00,70767.08,71010.11,70743.97,70932.39,2182.0,1400,0.0
2026-04-13 12:00:00,70933.88,71232.37,70756.35,71085.29,2592.0,1400,0.0
2026-04-13 13:00:00,71085.42,71719.36,70826.0,71674.69,5654.0,1400,0.0
2026-04-13 14:00:00,71675.13,72439.21,71403.0,72425.36,6965.0,1400,0.0
2026-04-13 15:00:00,72421.85,72516.19,71685.75,71893.11,5745.0,1400,0.0
2026-04-13 16:00:00,71895.39,72479.15,71697.48,72239.92,6135.0,1400,0.0
2026-04-13 17:00:00,72238.32,72626.51,72099.8,72186.63,3946.0,1400,0.0
2026-04-13 18:00:00,72187.39,72504.97,72090.19,72456.89,2839.0,1400,0.0
2026-04-13 19:00:00,72454.72,73532.02,72327.45,73359.01,4982.0,1400,0.0
2026-04-13 20:00:00,73355.81,73439.5,73056.57,73189.66,3683.0,1400,0.0
2026-04-13 21:00:00,73189.99,73400.06,73115.46,73208.83,2310.0,1400,0.0
2026-04-13 22:00:00,73208.92,74782.64,73196.27,74657.58,9273.0,1400,0.0
2026-04-13 23:00:00,74662.01,74931.22,74418.08,74447.09,5279.0,1400,0.0
2026-04-14 00:00:00,74445.99,74552.88,74118.55,74182.87,3316.0,1400,0.0
2026-04-14 01:00:00,74179.83,74467.88,74000.76,74405.31,2811.0,1400,0.0
2026-04-14 02:00:00,74419.65,74641.47,74307.45,74363.2,2630.0,1400,0.0
2026-04-14 03:00:00,74363.07,74528.78,74272.6,74476.66,1950.0,1400,0.0
2026-04-14 04:00:00,74477.6,74544.82,74381.36,74418.56,1912.0,1400,0.0
2026-04-14 05:00:00,74418.46,74464.02,74185.45,74246.55,1722.0,1400,0.0
2026-04-14 06:00:00,74247.06,74593.17,74247.06,74551.98,1788.0,1400,0.0
2026-04-14 07:00:00,74550.2,74971.03,74461.69,74585.56,3204.0,1400,0.0
2026-04-14 08:00:00,74583.91,74946.54,74489.05,74787.04,2784.0,1400,0.0
2026-04-14 09:00:00,74789.52,74871.74,74470.3,74541.95,2344.0,1400,0.0
2026-04-14 10:00:00,74539.51,74650.94,74366.15,74375.17,2087.0,1400,0.0
2026-04-14 11:00:00,74370.64,74489.25,74322.56,74403.31,2046.0,1400,0.0
2026-04-14 12:00:00,74402.04,74524.32,74292.83,74482.41,2558.0,1400,0.0
2026-04-14 13:00:00,74491.84,75592.06,74431.01,75572.4,6667.0,1400,0.0
2026-04-14 14:00:00,75570.12,76112.12,75056.91,75056.91,8839.0,1400,0.0
2026-04-14 15:00:00,75060.61,75485.37,74599.1,75364.83,6262.0,1400,0.0
2026-04-14 16:00:00,75361.61,75749.32,74538.1,74689.8,4745.0,1400,0.0
2026-04-14 17:00:00,74683.9,74990.39,74284.4,74796.35,4336.0,1400,0.0
2026-04-14 18:00:00,74799.14,74856.22,73882.87,74142.33,4410.0,1400,0.0
2026-04-14 19:00:00,74141.81,74458.91,73939.56,74282.6,4253.0,1400,0.0
2026-04-14 20:00:00,74287.47,74484.62,74048.21,74148.26,2677.0,1400,0.0
2026-04-14 21:00:00,74147.62,74372.18,73976.54,74299.0,2408.0,1400,0.0
2026-04-14 22:00:00,74298.54,74422.48,73842.65,74054.16,3321.0,1400,0.0
2026-04-14 23:00:00,74057.14,74267.55,74031.0,74171.51,2849.0,1400,0.0
2026-04-15 00:00:00,74172.63,74717.31,74149.69,74594.83,3764.0,1400,0.0
2026-04-15 01:00:00,74596.31,74824.53,74523.32,74646.99,2877.0,1400,0.0
2026-04-15 02:00:00,74646.94,74731.12,74210.87,74354.81,2611.0,1400,0.0
2026-04-15 03:00:00,74356.98,74410.73,74194.86,74373.81,1916.0,1400,0.0
2026-04-15 04:00:00,74373.9,74474.49,74280.22,74364.42,1855.0,1400,0.0
2026-04-15 05:00:00,74362.74,74467.84,73887.06,74043.22,2782.0,1400,0.0
2026-04-15 06:00:00,74044.18,74078.72,73888.14,73919.45,1963.0,1400,0.0
2026-04-15 07:00:00,73919.32,74056.53,73535.72,73771.92,3427.0,1400,0.0
2026-04-15 08:00:00,73766.02,74221.0,73699.65,74134.72,2369.0,1400,0.0
2026-04-15 09:00:00,74133.1,74211.23,73923.41,74031.29,2134.0,1400,0.0
2026-04-15 10:00:00,74025.86,74282.71,73808.38,73890.22,3007.0,1400,0.0
2026-04-15 11:00:00,73893.76,74286.91,73884.17,74224.59,2736.0,1400,0.0
2026-04-15 12:00:00,74226.48,74537.82,74064.16,74295.83,2675.0,1400,0.0
2026-04-15 13:00:00,74296.55,74465.7,73817.54,74070.63,5117.0,1400,0.0
2026-04-15 14:00:00,74064.12,74529.72,73831.11,74167.68,5690.0,1400,0.0
2026-04-15 15:00:00,74169.77,74315.52,73594.8,73849.38,4520.0,1400,0.0
2026-04-15 16:00:00,73849.1,74200.04,73766.96,73951.5,4168.0,1400,0.0
2026-04-15 17:00:00,73951.11,74256.04,73920.45,74153.38,3534.0,1400,0.0
2026-04-15 18:00:00,74151.39,74430.16,74079.65,74401.77,3335.0,1400,0.0
2026-04-15 19:00:00,74400.32,75306.12,74367.6,75038.01,4381.0,1400,0.0
2026-04-15 20:00:00,75043.74,75069.99,74524.27,74854.8,3410.0,1400,0.0
2026-04-15 21:00:00,74855.8,74879.67,74564.75,74767.37,2336.0,1400,0.0
2026-04-15 22:00:00,74763.35,75464.34,74752.0,74984.65,3694.0,1400,0.0
2026-04-15 23:00:00,74990.37,74990.37,74629.1,74832.19,2606.0,1400,0.0
2026-04-16 00:00:00,74832.03,74890.1,74446.69,74828.89,2935.0,1400,0.0
2026-04-16 01:00:00,74819.3,74819.3,74469.49,74672.04,2785.0,1400,0.0
2026-04-16 02:00:00,74672.91,75292.51,74604.74,74892.86,3676.0,1400,0.0
2026-04-16 03:00:00,74892.77,75174.22,74872.4,74906.51,2710.0,1400,0.0
2026-04-16 04:00:00,74897.99,75189.83,74731.89,74954.54,2559.0,1400,0.0
2026-04-16 05:00:00,74954.79,75158.19,74905.0,75064.25,1960.0,1400,0.0
2026-04-16 06:00:00,75067.14,75132.79,74861.06,75040.02,1911.0,1400,0.0
2026-04-16 07:00:00,75028.25,75097.44,74638.36,74714.97,2338.0,1400,0.0
2026-04-16 08:00:00,74713.96,74762.95,74515.06,74686.36,2613.0,1400,0.0
2026-04-16 09:00:00,74684.04,74917.07,74599.83,74614.98,2273.0,1400,0.0
2026-04-16 10:00:00,74612.92,74673.41,74283.13,74328.36,3028.0,1400,0.0
2026-04-16 11:00:00,74329.69,74595.88,74295.11,74583.73,2305.0,1400,0.0
2026-04-16 12:00:00,74583.18,74878.32,74574.93,74624.87,2402.0,1400,0.0
2026-04-16 13:00:00,74624.99,75037.65,73305.67,73795.83,7674.0,1400,0.0
2026-04-16 14:00:00,73795.78,74207.68,73422.43,73976.91,7082.0,1400,0.0
2026-04-16 15:00:00,73976.8,74909.52,73937.44,74706.75,6098.0,1400,0.0
2026-04-16 16:00:00,74714.77,74956.92,74065.76,74179.53,5778.0,1400,0.0
2026-04-16 17:00:00,74176.86,74458.47,73904.31,74345.87,4832.0,1400,0.0
2026-04-16 18:00:00,74345.43,75115.12,74242.39,75044.83,4697.0,1400,0.0
2026-04-16 19:00:00,75047.22,75431.01,74751.42,75363.22,4513.0,1400,0.0
2026-04-16 20:00:00,75366.24,75555.49,75010.17,75237.07,3573.0,1400,0.0
2026-04-16 21:00:00,75237.4,75295.98,74808.3,74953.03,3151.0,1400,0.0
2026-04-16 22:00:00,74956.24,75139.47,74839.13,74889.43,2839.0,1400,0.0
2026-04-16 23:00:00,74883.5,75200.31,74849.88,75158.87,2485.0,1400,0.0
2026-04-17 00:00:00,75159.02,75177.13,74893.65,74949.73,2531.0,1400,0.0
2026-04-17 01:00:00,74951.05,75054.71,74583.62,74760.37,2804.0,1400,0.0
2026-04-17 02:00:00,74760.93,74823.87,74529.56,74722.65,2075.0,1400,0.0
2026-04-17 03:00:00,74725.33,74865.12,74615.7,74633.96,2132.0,1400,0.0
2026-04-17 04:00:00,74631.41,74869.23,74595.25,74807.42,1852.0,1400,0.0
2026-04-17 05:00:00,74800.69,74822.32,74558.87,74656.59,2052.0,1400,0.0
2026-04-17 06:00:00,74651.39,74961.46,74610.25,74953.98,2009.0,1400,0.0
2026-04-17 07:00:00,74951.68,75115.76,74943.21,75098.86,2281.0,1400,0.0
2026-04-17 08:00:00,75093.43,75906.5,75003.29,75800.49,3559.0,1400,0.0
2026-04-17 09:00:00,75799.57,76389.21,75520.77,75792.18,5676.0,1400,0.0
2026-04-17 10:00:00,75783.84,75907.63,75097.71,75290.76,3634.0,1400,0.0
2026-04-17 11:00:00,75289.94,75635.44,75257.95,75612.58,2575.0,1400,0.0
2026-04-17 12:00:00,75611.09,76299.5,75549.85,76251.96,5748.0,1400,0.0
2026-04-17 13:00:00,76257.82,77461.71,76076.92,77377.16,14910.0,1400,0.0
2026-04-17 14:00:00,77379.24,78122.56,77042.54,77961.79,9560.0,1400,0.0
2026-04-17 15:00:00,77956.27,78053.76,77474.63,77829.89,7857.0,1400,0.0
2026-04-17 16:00:00,77829.38,78400.74,77753.57,77902.67,5573.0,1400,0.0
2026-04-17 17:00:00,77894.92,77967.28,77129.95,77545.39,6733.0,1400,0.0
2026-04-17 18:00:00,77543.83,77611.27,77109.57,77186.85,4820.0,1400,0.0
2026-04-17 19:00:00,77187.95,77523.17,76991.64,77433.18,4103.0,1400,0.0
2026-04-17 20:00:00,77440.69,77657.42,77184.4,77361.2,2733.0,1400,0.0
2026-04-17 21:00:00,77359.92,77527.92,77305.87,77468.07,2374.0,1400,0.0
2026-04-17 22:00:00,77468.49,77550.45,77285.95,77335.67,2373.0,1400,0.0
2026-04-17 23:00:00,77335.81,77335.81,76920.3,77095.14,2396.0,1400,0.0
2026-04-18 00:00:00,77092.71,77286.66,77000.46,77196.94,2470.0,1400,0.0
2026-04-18 01:00:00,77199.58,77363.09,77142.24,77243.65,2032.0,1400,0.0
2026-04-18 02:00:00,77242.48,77454.58,77151.09,77317.9,1897.0,1400,0.0
2026-04-18 03:00:00,77317.81,77327.94,76984.68,77041.77,1881.0,1400,0.0
2026-04-18 04:00:00,77042.28,77194.07,76901.51,77139.39,1987.0,1400,0.0
2026-04-18 05:00:00,77141.17,77307.12,77136.45,77159.59,1597.0,1400,0.0
2026-04-18 06:00:00,77160.38,77243.42,77085.18,77148.73,1604.0,1400,0.0
2026-04-18 07:00:00,77140.81,77159.25,76900.04,77015.11,1568.0,1400,0.0
2026-04-18 08:00:00,77017.17,77068.17,76522.88,76749.92,3122.0,1400,0.0
2026-04-18 09:00:00,76743.79,76743.79,76413.78,76619.77,2285.0,1400,0.0
2026-04-18 10:00:00,76622.12,76622.12,76158.85,76217.02,2875.0,1400,0.0
2026-04-18 11:00:00,76216.37,76217.94,75777.11,76058.12,3528.0,1400,0.0
2026-04-18 12:00:00,76060.25,76345.38,76060.25,76230.73,2895.0,1400,0.0
2026-04-18 13:00:00,76228.42,76245.63,75805.14,76144.48,2856.0,1400,0.0
2026-04-18 14:00:00,76144.58,76318.36,75995.44,76272.34,2156.0,1400,0.0
2026-04-18 15:00:00,76274.89,76401.47,76011.11,76189.3,2028.0,1400,0.0
2026-04-18 16:00:00,76193.31,76244.94,75651.19,75963.02,2704.0,1400,0.0
2026-04-18 17:00:00,75962.82,75995.03,75790.36,75851.73,1839.0,1400,0.0
2026-04-18 18:00:00,75851.16,75871.42,75459.03,75664.94,3176.0,1400,0.0
2026-04-18 19:00:00,75667.05,75827.95,75595.61,75667.74,1841.0,1400,0.0
2026-04-18 20:00:00,75670.86,75870.28,75623.31,75779.44,1753.0,1400,0.0
2026-04-18 21:00:00,75777.59,75866.2,75626.99,75843.13,1754.0,1400,0.0
2026-04-18 22:00:00,75843.22,75914.26,75635.08,75843.74,1650.0,1400,0.0
2026-04-18 23:00:00,75855.32,75923.98,75721.97,75727.87,1639.0,1400,0.0
2026-04-19 00:00:00,75728.19,75873.55,75577.2,75696.24,2056.0,1400,0.0
2026-04-19 01:00:00,75696.35,75828.65,75480.34,75641.75,1902.0,1400,0.0
2026-04-19 02:00:00,75640.52,75756.61,75417.4,75524.23,2157.0,1400,0.0
2026-04-19 03:00:00,75520.32,75673.3,75388.35,75543.49,1998.0,1400,0.0
2026-04-19 04:00:00,75543.54,75819.42,75443.74,75693.28,2218.0,1400,0.0
2026-04-19 05:00:00,75693.32,75722.1,75541.0,75576.34,1393.0,1400,0.0
2026-04-19 06:00:00,75576.42,75580.54,75305.85,75433.17,1976.0,1400,0.0
2026-04-19 07:00:00,75435.16,75439.21,74910.19,75285.01,3334.0,1400,0.0
2026-04-19 08:00:00,75284.38,75330.09,75104.75,75288.39,1995.0,1400,0.0
2026-04-19 09:00:00,75286.95,75299.88,74947.67,75047.38,2189.0,1400,0.0
2026-04-19 10:00:00,75048.51,75266.4,74960.12,75246.24,2101.0,1400,0.0
2026-04-19 11:00:00,75246.33,75669.23,75235.91,75625.12,2792.0,1400,0.0
2026-04-19 12:00:00,75636.2,75743.04,75455.33,75606.98,2733.0,1400,0.0
2026-04-19 13:00:00,75605.96,76276.75,75579.33,75957.11,4206.0,1400,0.0
2026-04-19 14:00:00,75957.0,76181.98,75698.82,76055.54,3450.0,1400,0.0
2026-04-19 15:00:00,76057.01,76196.11,75421.22,75885.36,4009.0,1400,0.0
2026-04-19 16:00:00,75883.25,75893.39,75317.75,75415.19,4118.0,1400,0.0
2026-04-19 17:00:00,75412.86,75415.85,74646.91,74819.01,5060.0,1400,0.0
2026-04-19 18:00:00,74817.66,74941.7,74609.69,74802.47,4342.0,1400,0.0
2026-04-19 19:00:00,74803.69,75105.59,74803.69,74976.55,2725.0,1400,0.0
2026-04-19 20:00:00,74976.71,74980.79,74441.75,74663.91,3389.0,1400,0.0
2026-04-19 21:00:00,74665.6,74842.39,74383.2,74449.17,3150.0,1400,0.0
2026-04-19 22:00:00,74449.91,74452.62,73784.17,74064.88,8068.0,1400,0.0
2026-04-19 23:00:00,74066.21,74084.8,73808.28,73822.24,3611.0,1400,0.0
2026-04-20 00:00:00,73825.08,74392.93,73729.31,74295.75,3925.0,1400,0.0
2026-04-20 01:00:00,74296.1,74773.74,74230.23,74618.21,3170.0,1400,0.0
2026-04-20 02:00:00,74617.04,74660.64,74325.08,74435.76,2456.0,1400,0.0
2026-04-20 03:00:00,74434.83,74669.57,74378.99,74665.16,2163.0,1400,0.0
2026-04-20 04:00:00,74666.69,74670.78,74453.66,74585.07,1759.0,1400,0.0
2026-04-20 05:00:00,74585.87,74586.2,74117.82,74289.81,2225.0,1400,0.0
2026-04-20 06:00:00,74288.67,74918.3,74272.05,74824.9,3036.0,1400,0.0
2026-04-20 07:00:00,74828.37,75603.16,74680.43,74859.46,5715.0,1400,0.0
2026-04-20 08:00:00,74861.74,75028.93,74624.57,74755.25,3535.0,1400,0.0
2026-04-20 09:00:00,74755.55,75263.7,74719.23,75094.46,3414.0,1400,0.0
2026-04-20 10:00:00,75095.62,75439.05,75024.28,75059.91,2755.0,1400,0.0
2026-04-20 11:00:00,75057.01,75310.54,74969.41,75210.13,2933.0,1400,0.0
2026-04-20 12:00:00,75213.58,75685.19,75029.51,75315.72,4019.0,1400,0.0
2026-04-20 13:00:00,75320.75,75459.89,74872.35,75301.97,7626.0,1400,0.0
2026-04-20 14:00:00,75294.92,75809.47,74947.28,75077.3,9612.0,1400,0.0
2026-04-20 15:00:00,75070.7,75814.07,74725.74,75738.66,8021.0,1400,0.0
2026-04-20 16:00:00,75743.22,75754.03,75316.47,75375.51,4253.0,1400,0.0
2026-04-20 17:00:00,75370.65,76041.18,75307.19,75928.38,4331.0,1400,0.0
2026-04-20 18:00:00,75935.13,76496.72,75935.13,76451.8,4953.0,1400,0.0
2026-04-20 19:00:00,76455.23,76514.31,76172.69,76320.12,2671.0,1400,0.0
2026-04-20 20:00:00,76318.69,76611.84,76148.47,76316.28,2355.0,1400,0.0
2026-04-20 21:00:00,76316.16,76406.55,75797.74,75981.0,2439.0,1400,0.0
2026-04-20 22:00:00,75980.07,76181.89,75918.62,76002.27,2494.0,1400,0.0
2026-04-20 23:00:00,75994.33,75994.33,75641.92,75865.73,2176.0,1400,0.0
2026-04-21 00:00:00,75866.46,76122.77,75717.98,76120.74,2769.0,1400,0.0
2026-04-21 01:00:00,76116.06,76292.64,75876.56,75956.53,2538.0,1400,0.0
2026-04-21 02:00:00,75956.04,75961.43,75591.19,75606.05,2219.0,1400,0.0
2026-04-21 03:00:00,75607.58,75750.23,75501.81,75729.67,2154.0,1400,0.0
2026-04-21 04:00:00,75725.92,75857.38,75620.2,75839.77,1808.0,1400,0.0
2026-04-21 05:00:00,75834.04,76019.61,75798.74,75828.24,1857.0,1400,0.0
2026-04-21 06:00:00,75822.4,76157.63,75723.79,76000.96,2062.0,1400,0.0
2026-04-21 07:00:00,76000.66,76341.22,75835.43,76113.35,2833.0,1400,0.0
2026-04-21 08:00:00,76116.77,76955.95,76085.03,76532.96,3277.0,1400,0.0
2026-04-21 09:00:00,76532.13,76613.99,76173.81,76390.9,3024.0,1400,0.0
2026-04-21 10:00:00,76392.75,76901.91,76371.1,76773.05,2880.0,1400,0.0
2026-04-21 11:00:00,76772.86,76791.89,76359.93,76476.44,3129.0,1400,0.0
2026-04-21 12:00:00,76482.13,76555.74,75699.53,76037.24,4271.0,1400,0.0
2026-04-21 13:00:00,76039.54,76206.6,75744.35,75924.79,5704.0,1400,0.0
2026-04-21 14:00:00,75928.0,76626.25,75625.79,75685.42,7075.0,1400,0.0
2026-04-21 15:00:00,75687.1,76003.43,75427.16,75848.8,7000.0,1400,0.0
2026-04-21 16:00:00,75851.14,76207.32,75756.4,75791.8,4707.0,1400,0.0
2026-04-21 17:00:00,75789.99,75925.4,75064.31,75558.99,7205.0,1400,0.0
2026-04-21 18:00:00,75559.62,75682.12,75311.77,75618.56,4677.0,1400,0.0
2026-04-21 19:00:00,75604.29,75934.11,74826.34,75029.05,6362.0,1400,0.0
2026-04-21 20:00:00,75031.18,75872.47,74983.32,75711.14,4733.0,1400,0.0
2026-04-21 21:00:00,75707.08,75787.96,75464.05,75554.68,1920.0,1400,0.0
2026-04-21 22:00:00,75550.69,75666.64,75302.66,75655.73,2576.0,1400,0.0
2026-04-21 23:00:00,75643.95,76454.67,75630.81,76349.41,3055.0,1400,0.0
2026-04-22 00:00:00,76353.03,76526.89,76225.05,76381.8,3187.0,1400,0.0
2026-04-22 01:00:00,76381.19,76439.73,76143.6,76318.18,2497.0,1400,0.0
2026-04-22 02:00:00,76318.46,77664.91,76225.94,77611.67,6006.0,1400,0.0
2026-04-22 03:00:00,77620.17,77750.32,77416.44,77538.38,3647.0,1400,0.0
2026-04-22 04:00:00,77537.75,77720.81,77374.41,77529.22,2536.0,1400,0.0
2026-04-22 05:00:00,77523.48,78478.49,77449.75,77977.96,5100.0,1400,0.0
2026-04-22 06:00:00,77975.67,78049.96,77893.49,78006.25,2381.0,1400,0.0
2026-04-22 07:00:00,78005.51,78135.6,77823.96,78023.78,2569.0,1400,0.0
2026-04-22 08:00:00,78025.14,78221.36,77941.19,78009.42,2647.0,1400,0.0
2026-04-22 09:00:00,78007.61,78195.93,77956.36,78004.48,2476.0,1400,0.0
2026-04-22 10:00:00,78006.44,78190.16,77952.92,78163.06,2107.0,1400,0.0
2026-04-22 11:00:00,78168.96,78428.36,78109.7,78317.29,2782.0,1400,0.0
2026-04-22 12:00:00,78318.8,78552.21,78129.05,78254.08,3372.0,1400,0.0
2026-04-22 13:00:00,78253.83,78880.51,78183.9,78873.18,6865.0,1400,0.0
2026-04-22 14:00:00,78876.78,79223.5,78613.72,79056.33,7073.0,1400,0.0
2026-04-22 15:00:00,79069.85,79446.57,78856.79,79315.02,5211.0,1400,0.0
2026-04-22 16:00:00,79315.68,79517.18,78642.75,78772.5,4408.0,1400,0.0
2026-04-22 17:00:00,78774.12,79062.14,78714.32,78936.11,3576.0,1400,0.0
2026-04-22 18:00:00,78941.17,79194.53,78843.2,79051.67,2396.0,1400,0.0
2026-04-22 19:00:00,79058.56,79096.32,78718.51,78871.41,3169.0,1400,0.0
2026-04-22 20:00:00,78869.98,78946.74,78422.12,78463.79,2400.0,1400,0.0
2026-04-22 21:00:00,78465.58,78859.38,78442.79,78786.69,1795.0,1400,0.0
2026-04-22 22:00:00,78777.75,78860.22,78475.14,78628.22,2180.0,1400,0.0
2026-04-22 23:00:00,78624.56,78634.23,78175.84,78209.06,2585.0,1400,0.0
2026-04-23 00:00:00,78208.94,78603.53,77604.73,78458.25,6296.0,1400,0.0
2026-04-23 01:00:00,78457.77,78507.71,78082.15,78380.12,3739.0,1400,0.0
2026-04-23 02:00:00,78385.48,78389.33,77778.86,77966.49,4189.0,1400,0.0
2026-04-23 03:00:00,77955.13,78058.69,77471.66,77762.85,3671.0,1400,0.0
2026-04-23 04:00:00,77756.66,77974.78,77692.41,77926.88,2626.0,1400,0.0
2026-04-23 05:00:00,77946.19,78151.11,77787.52,78064.28,2211.0,1400,0.0
2026-04-23 06:00:00,78067.56,78369.92,78064.4,78235.89,2543.0,1400,0.0
2026-04-23 07:00:00,78236.69,78279.65,77993.69,78074.17,2416.0,1400,0.0
2026-04-23 08:00:00,78074.73,78210.28,77730.34,77874.14,2632.0,1400,0.0
2026-04-23 09:00:00,77873.18,77886.09,77450.42,77666.21,2935.0,1400,0.0
2026-04-23 10:00:00,77661.13,77737.79,76751.85,77426.98,3347.0,1400,0.0
2026-04-23 11:00:00,77430.69,77777.46,77380.04,77713.95,2660.0,1400,0.0
2026-04-23 12:00:00,77726.61,77907.44,77542.07,77895.26,3735.0,1400,0.0
2026-04-23 13:00:00,77893.78,77944.3,77397.33,77545.82,4745.0,1400,0.0
2026-04-23 14:00:00,77544.25,78236.95,77436.14,78201.23,5688.0,1400,0.0
2026-04-23 15:00:00,78197.0,78704.26,77999.17,78395.87,4792.0,1400,0.0
2026-04-23 16:00:00,78399.63,78540.53,78045.04,78129.04,3666.0,1400,0.0
2026-04-23 17:00:00,78128.89,78212.97,76974.09,77787.6,9809.0,1400,0.0
2026-04-23 18:00:00,77788.03,78175.29,77691.15,77694.06,5464.0,1400,0.0
2026-04-23 19:00:00,77691.89,77920.75,77610.03,77733.07,3477.0,1400,0.0
2026-04-23 20:00:00,77730.71,78072.42,77656.96,77898.64,2378.0,1400,0.0
2026-04-23 21:00:00,77900.58,78103.76,77802.02,77878.14,1682.0,1400,0.0
2026-04-23 22:00:00,77878.4,78359.68,77878.4,78250.43,2445.0,1400,0.0
2026-04-23 23:00:00,78251.76,78328.03,78037.46,78271.03,1914.0,1400,0.0
2026-04-24 00:00:00,78275.31,78524.3,78180.06,78438.56,2517.0,1400,0.0
2026-04-24 01:00:00,78445.08,78471.88,77968.01,78436.3,2731.0,1400,0.0
2026-04-24 02:00:00,78436.97,78613.65,78068.98,78142.96,2336.0,1400,0.0
2026-04-24 03:00:00,78143.11,78201.78,77574.3,77749.72,2953.0,1400,0.0
2026-04-24 04:00:00,77742.94,77880.69,77486.73,77680.77,2206.0,1400,0.0
2026-04-24 05:00:00,77679.49,78080.48,77458.32,77977.32,2345.0,1400,0.0
2026-04-24 06:00:00,77980.48,78009.83,77769.96,77803.31,2149.0,1400,0.0
2026-04-24 07:00:00,77800.86,77877.64,77555.26,77678.19,2009.0,1400,0.0
2026-04-24 08:00:00,77677.96,78035.57,77584.1,77806.26,2378.0,1400,0.0
2026-04-24 09:00:00,77807.47,77826.47,77422.47,77550.87,2243.0,1400,0.0
2026-04-24 10:00:00,77548.79,77806.69,77459.74,77761.53,2155.0,1400,0.0
2026-04-24 11:00:00,77761.95,78404.06,77761.95,78252.63,4648.0,1400,0.0
2026-04-24 12:00:00,78252.33,78367.17,78030.11,78294.95,2825.0,1400,0.0
2026-04-24 13:00:00,78298.61,78494.55,77923.43,78103.31,5049.0,1400,0.0
2026-04-24 14:00:00,78103.65,78103.65,77697.07,78064.21,5240.0,1400,0.0
2026-04-24 15:00:00,78064.14,78261.91,77591.84,78060.59,5106.0,1400,0.0
2026-04-24 16:00:00,78061.85,78091.54,77594.38,77787.17,3397.0,1400,0.0
2026-04-24 17:00:00,77785.15,77848.14,77469.22,77705.5,3111.0,1400,0.0
2026-04-24 18:00:00,77704.93,77740.6,77372.25,77631.32,2576.0,1400,0.0
2026-04-24 19:00:00,77633.13,77766.76,77543.2,77655.22,2219.0,1400,0.0
2026-04-24 20:00:00,77653.75,77786.14,77465.71,77747.67,1757.0,1400,0.0
2026-04-24 21:00:00,77747.07,77783.34,77558.48,77558.48,1618.0,1400,0.0
2026-04-24 22:00:00,77559.76,77648.13,77272.42,77355.85,1788.0,1400,0.0
2026-04-24 23:00:00,77355.42,77476.95,77350.12,77459.53,1421.0,1400,0.0
2026-04-25 00:00:00,77450.97,77526.96,77326.49,77470.96,1331.0,1400,0.0
2026-04-25 01:00:00,77474.39,77644.23,77448.41,77555.94,1395.0,1400,0.0
2026-04-25 02:00:00,77558.93,77668.41,77514.2,77632.68,1196.0,1400,0.0
2026-04-25 03:00:00,77632.59,77738.72,77571.02,77692.87,1428.0,1400,0.0
2026-04-25 04:00:00,77689.91,77720.26,77612.23,77640.19,1184.0,1400,0.0
2026-04-25 05:00:00,77636.06,77636.06,77500.62,77539.19,1215.0,1400,0.0
2026-04-25 06:00:00,77540.74,77600.29,77492.21,77516.2,1117.0,1400,0.0
2026-04-25 07:00:00,77515.07,77585.06,77462.24,77504.74,1261.0,1400,0.0
2026-04-25 08:00:00,77510.59,77676.58,77500.88,77664.4,1258.0,1400,0.0
2026-04-25 09:00:00,77668.35,77800.06,77596.08,77740.23,1269.0,1400,0.0
2026-04-25 10:00:00,77743.37,77905.84,77738.14,77807.12,1450.0,1400,0.0
2026-04-25 11:00:00,77808.66,77808.71,77630.71,77700.42,1440.0,1400,0.0
2026-04-25 12:00:00,77703.24,77735.9,77555.36,77575.4,1376.0,1400,0.0
2026-04-25 13:00:00,77574.18,77731.61,77574.18,77703.89,1172.0,1400,0.0
2026-04-25 14:00:00,77701.43,77772.01,77644.03,77677.03,1399.0,1400,0.0
2026-04-25 15:00:00,77672.97,77738.58,77326.61,77350.95,1701.0,1400,0.0
2026-04-25 16:00:00,77350.73,77477.12,77165.6,77421.24,2113.0,1400,0.0
2026-04-25 17:00:00,77421.92,77430.41,77218.21,77273.47,1514.0,1400,0.0
2026-04-25 18:00:00,77265.92,77411.13,77229.43,77312.69,1310.0,1400,0.0
2026-04-25 19:00:00,77310.3,77361.76,77202.06,77326.89,1272.0,1400,0.0
2026-04-25 20:00:00,77327.91,77501.46,77313.28,77488.42,1290.0,1400,0.0
2026-04-25 21:00:00,77488.48,77556.6,77416.95,77548.76,1489.0,1400,0.0
2026-04-25 22:00:00,77546.48,77655.8,77507.18,77574.77,1265.0,1400,0.0
2026-04-25 23:00:00,77575.6,77665.45,77543.13,77640.41,1238.0,1400,0.0
2026-04-26 00:00:00,77642.02,77657.91,77465.09,77511.81,1449.0,1400,0.0
2026-04-26 01:00:00,77526.9,77586.68,77463.38,77478.58,1304.0,1400,0.0
2026-04-26 02:00:00,77478.5,77607.51,77470.23,77542.12,1089.0,1400,0.0
2026-04-26 03:00:00,77534.24,77562.27,77339.53,77401.29,1319.0,1400,0.0
2026-04-26 04:00:00,77395.77,77835.65,77386.8,77777.23,1622.0,1400,0.0
2026-04-26 05:00:00,77777.34,78216.7,77726.71,78006.86,2597.0,1400,0.0
2026-04-26 06:00:00,78006.67,78065.61,77903.62,78008.76,1549.0,1400,0.0
2026-04-26 07:00:00,78022.26,78142.1,77972.06,78118.45,1269.0,1400,0.0
2026-04-26 08:00:00,78121.96,78240.21,78035.75,78048.06,1486.0,1400,0.0
2026-04-26 09:00:00,78037.52,78066.89,77937.96,78017.46,1423.0,1400,0.0
2026-04-26 10:00:00,78017.06,78071.77,77963.2,78010.08,1232.0,1400,0.0
2026-04-26 11:00:00,78018.21,78170.87,78017.51,78109.58,1329.0,1400,0.0
2026-04-26 12:00:00,78108.12,78126.9,77779.32,77838.72,1543.0,1400,0.0
2026-04-26 13:00:00,77843.49,78004.51,77797.08,77990.84,1608.0,1400,0.0
2026-04-26 14:00:00,77977.61,78187.94,77886.56,78097.85,1955.0,1400,0.0
2026-04-26 15:00:00,78104.22,78137.63,77967.71,78062.91,1413.0,1400,0.0
2026-04-26 16:00:00,78063.85,78112.59,77944.44,77944.44,1218.0,1400,0.0
2026-04-26 17:00:00,77940.17,78076.14,77864.6,78034.31,1418.0,1400,0.0
2026-04-26 18:00:00,78035.25,78374.88,78000.04,78285.97,2094.0,1400,0.0
2026-04-26 19:00:00,78287.82,78523.52,78020.92,78249.92,2688.0,1400,0.0
2026-04-26 20:00:00,78255.58,78408.43,78168.19,78216.87,1652.0,1400,0.0
2026-04-26 21:00:00,78214.86,78990.01,77857.1,78437.03,3411.0,1400,0.0
2026-04-26 22:00:00,78428.42,78881.45,77974.61,78336.11,4677.0,1400,0.0
2026-04-26 23:00:00,78326.29,78924.72,78041.85,78667.88,3948.0,1400,0.0
2026-04-27 00:00:00,78669.23,79391.72,78397.76,79266.18,4561.0,1400,0.0
2026-04-27 01:00:00,79301.59,79509.09,78728.36,79298.95,5762.0,1400,0.0
2026-04-27 02:00:00,79296.67,79323.06,79033.97,79141.86,2711.0,1400,0.0
2026-04-27 03:00:00,79138.95,79337.02,79084.93,79117.61,2344.0,1400,0.0
2026-04-27 04:00:00,79133.64,79176.55,78886.2,78936.74,2187.0,1400,0.0
2026-04-27 05:00:00,78938.55,78957.84,77578.23,77790.15,6126.0,1400,0.0
2026-04-27 06:00:00,77789.81,77889.87,77464.98,77703.39,3075.0,1400,0.0
2026-04-27 07:00:00,77708.0,77746.66,77568.82,77609.58,2284.0,1400,0.0
2026-04-27 08:00:00,77608.91,77822.55,77557.18,77806.12,2328.0,1400,0.0
2026-04-27 09:00:00,77807.23,77992.23,77703.3,77896.58,1886.0,1400,0.0
2026-04-27 10:00:00,77895.54,77948.06,77785.24,77853.08,1554.0,1400,0.0
2026-04-27 11:00:00,77846.83,77894.16,77742.27,77840.44,1589.0,1400,0.0
2026-04-27 12:00:00,77839.14,77880.28,77608.55,77671.42,1923.0,1400,0.0
2026-04-27 13:00:00,77672.22,77968.76,77567.27,77738.45,3993.0,1400,0.0
2026-04-27 14:00:00,77742.56,78271.21,77670.82,77823.11,4840.0,1400,0.0
2026-04-27 15:00:00,77825.19,77843.47,76553.64,76784.4,8033.0,1400,0.0
2026-04-27 16:00:00,76775.85,76859.82,76525.99,76613.56,3373.0,1400,0.0
2026-04-27 17:00:00,76611.75,76927.52,76599.13,76720.53,2820.0,1400,0.0
2026-04-27 18:00:00,76718.46,76879.9,76638.65,76811.45,2028.0,1400,0.0
2026-04-27 19:00:00,76809.07,76887.13,76427.48,76874.12,2724.0,1400,0.0
2026-04-27 20:00:00,76876.05,77070.71,76814.5,76947.36,1528.0,1400,0.0
2026-04-27 21:00:00,76950.78,76984.54,76775.86,76776.17,1471.0,1400,0.0
2026-04-27 22:00:00,76777.5,77071.24,76746.99,77058.02,1790.0,1400,0.0
2026-04-27 23:00:00,77057.9,77450.77,77002.48,77354.6,1647.0,1400,0.0
2026-04-28 00:00:00,77355.05,77487.05,77201.35,77371.75,2540.0,1400,0.0
2026-04-28 01:00:00,77367.16,77390.84,77018.22,77084.95,2206.0,1400,0.0
2026-04-28 02:00:00,77085.03,77223.17,76666.48,76875.65,2739.0,1400,0.0
2026-04-28 03:00:00,76875.27,76901.21,76658.3,76802.42,1851.0,1400,0.0
2026-04-28 04:00:00,76803.14,76954.52,76685.91,76875.28,1793.0,1400,0.0
2026-04-28 05:00:00,76880.78,77158.31,76795.12,76881.91,1935.0,1400,0.0
2026-04-28 06:00:00,76879.7,77021.09,76567.59,76703.13,2048.0,1400,0.0
2026-04-28 07:00:00,76691.09,76916.53,76390.28,76868.98,2765.0,1400,0.0
2026-04-28 08:00:00,76874.05,76997.92,76729.98,76848.85,2202.0,1400,0.0
2026-04-28 09:00:00,76839.19,76854.69,76480.83,76583.1,2019.0,1400,0.0
2026-04-28 10:00:00,76575.64,76687.86,76459.32,76608.69,1747.0,1400,0.0
2026-04-28 11:00:00,76608.58,76638.12,76104.19,76223.96,3210.0,1400,0.0
2026-04-28 12:00:00,76222.47,76425.58,76149.67,76371.48,3075.0,1400,0.0
2026-04-28 13:00:00,76361.57,76412.53,75934.54,76173.92,5134.0,1400,0.0
2026-04-28 14:00:00,76175.15,76193.32,75643.14,75938.97,5915.0,1400,0.0
2026-04-28 15:00:00,75938.6,76074.27,75814.53,76041.16,3666.0,1400,0.0
2026-04-28 16:00:00,76049.43,76206.12,75859.1,76106.34,3104.0,1400,0.0
2026-04-28 17:00:00,76103.66,76252.04,75927.81,76163.82,2544.0,1400,0.0
2026-04-28 18:00:00,76164.16,76270.33,76109.06,76213.33,2010.0,1400,0.0
2026-04-28 19:00:00,76213.26,76368.39,76040.91,76317.79,1838.0,1400,0.0
2026-04-28 20:00:00,76317.09,76470.82,76309.44,76451.73,1456.0,1400,0.0
2026-04-28 21:00:00,76452.01,76483.32,76246.87,76351.73,1516.0,1400,0.0
2026-04-28 22:00:00,76351.73,76436.8,76197.16,76223.9,1606.0,1400,0.0
2026-04-28 23:00:00,76223.8,76355.37,76165.99,76312.71,1594.0,1400,0.0
2026-04-29 00:00:00,76312.14,76543.29,76244.46,76495.61,2033.0,1400,0.0
2026-04-29 01:00:00,76488.5,76657.14,76155.31,76557.1,2627.0,1400,0.0
2026-04-29 02:00:00,76558.21,76648.07,76373.6,76512.16,1819.0,1400,0.0
2026-04-29 03:00:00,76509.21,77117.66,76485.42,76977.85,3068.0,1400,0.0
2026-04-29 04:00:00,76989.6,77447.54,76858.87,77244.81,2718.0,1400,0.0
2026-04-29 05:00:00,77242.79,77319.27,77169.88,77282.29,1830.0,1400,0.0
2026-04-29 06:00:00,77279.73,77322.74,76915.55,77012.07,1926.0,1400,0.0
2026-04-29 07:00:00,77015.88,77171.26,76991.84,77021.78,1671.0,1400,0.0
2026-04-29 08:00:00,77021.99,77142.4,76944.01,77018.76,1637.0,1400,0.0
2026-04-29 09:00:00,77018.45,77794.67,76944.55,77639.82,3149.0,1400,0.0
2026-04-29 10:00:00,77638.91,77907.66,77540.51,77607.12,2956.0,1400,0.0
2026-04-29 11:00:00,77609.07,77690.12,77470.05,77576.1,2097.0,1400,0.0
2026-04-29 12:00:00,77573.66,77590.24,76970.69,77126.33,3095.0,1400,0.0
2026-04-29 13:00:00,77118.29,77246.48,76387.88,76762.05,4924.0,1400,0.0
2026-04-29 14:00:00,76761.02,76863.91,76450.91,76557.97,3864.0,1400,0.0
2026-04-29 15:00:00,76558.48,76624.2,75678.61,75878.26,5007.0,1400,0.0
2026-04-29 16:00:00,75894.83,76114.25,75650.97,75767.95,3435.0,1400,0.0
2026-04-29 17:00:00,75770.18,76143.73,75759.15,76138.65,2984.0,1400,0.0
2026-04-29 18:00:00,76143.41,76218.0,74878.49,75479.77,7452.0,1400,0.0
2026-04-29 19:00:00,75476.04,75573.7,75257.44,75527.08,3087.0,1400,0.0
2026-04-29 20:00:00,75522.78,75835.5,75454.88,75648.76,3455.0,1400,0.0
2026-04-29 21:00:00,75648.47,76070.2,75568.34,75893.06,1957.0,1400,0.0
2026-04-29 22:00:00,75889.9,75979.12,75786.75,75889.3,1913.0,1400,0.0
2026-04-29 23:00:00,75889.24,75960.05,75651.77,75752.96,2051.0,1400,0.0
2026-04-30 00:00:00,75753.46,76310.37,75609.6,76216.67,3214.0,1400,0.0
2026-04-30 01:00:00,76214.83,76454.16,76137.73,76213.07,2761.0,1400,0.0
2026-04-30 02:00:00,76212.19,76323.92,75457.16,75666.8,4392.0,1400,0.0
2026-04-30 03:00:00,75666.33,75965.05,75617.09,75891.24,2208.0,1400,0.0
2026-04-30 04:00:00,75889.77,75945.44,75368.54,75455.7,2982.0,1400,0.0
2026-04-30 05:00:00,75456.79,75724.64,75278.44,75569.82,2465.0,1400,0.0
2026-04-30 06:00:00,75561.32,75842.53,75534.83,75721.29,2302.0,1400,0.0
2026-04-30 07:00:00,75731.97,76151.68,75680.33,76130.03,2236.0,1400,0.0
2026-04-30 08:00:00,76137.05,76183.64,75979.17,76025.51,1933.0,1400,0.0
2026-04-30 09:00:00,76023.5,76322.15,75971.38,76059.92,2383.0,1400,0.0
2026-04-30 10:00:00,76064.07,76137.63,75937.37,75999.92,1966.0,1400,0.0
2026-04-30 11:00:00,75997.61,76228.67,75838.91,76035.61,2285.0,1400,0.0
2026-04-30 12:00:00,76031.96,76388.81,76006.39,76265.26,2261.0,1400,0.0
2026-04-30 13:00:00,76270.68,76643.34,76069.93,76385.52,4527.0,1400,0.0
2026-04-30 14:00:00,76386.8,76561.19,76052.49,76263.24,5354.0,1400,0.0
2026-04-30 15:00:00,76259.47,76620.66,76123.8,76437.0,3507.0,1400,0.0
2026-04-30 16:00:00,76432.38,76453.52,76179.11,76218.26,2465.0,1400,0.0
2026-04-30 17:00:00,76216.36,76298.44,76059.9,76204.58,2383.0,1400,0.0
2026-04-30 18:00:00,76204.83,76442.71,76159.17,76310.01,2149.0,1400,0.0
2026-04-30 19:00:00,76312.85,76486.65,76270.31,76375.99,1969.0,1400,0.0
2026-04-30 20:00:00,76373.05,76540.78,76274.09,76457.12,1749.0,1400,0.0
2026-04-30 21:00:00,76444.66,76504.28,76192.66,76203.52,1505.0,1400,0.0
2026-04-30 22:00:00,76203.11,76416.5,76155.85,76206.78,1546.0,1400,0.0
2026-04-30 23:00:00,76207.33,76348.73,76173.43,76313.39,1417.0,1400,0.0
2026-05-01 00:00:00,76314.79,76560.22,76268.61,76424.1,1771.0,1400,0.0
2026-05-01 01:00:00,76423.97,76748.3,76407.56,76650.23,1601.0,1400,0.0
2026-05-01 02:00:00,76659.79,76715.17,76499.57,76567.89,1446.0,1400,0.0
2026-05-01 03:00:00,76566.61,77432.99,76524.69,77093.88,3817.0,1400,0.0
2026-05-01 04:00:00,77095.29,77181.03,76911.6,77002.77,1854.0,1400,0.0
2026-05-01 05:00:00,77000.94,77163.44,76992.61,77141.56,1511.0,1400,0.0
2026-05-01 06:00:00,77143.79,77160.36,76844.33,76956.51,1826.0,1400,0.0
2026-05-01 07:00:00,76961.82,77127.03,76927.14,77105.61,1572.0,1400,0.0
2026-05-01 08:00:00,77105.54,77482.51,77021.89,77348.91,2048.0,1400,0.0
2026-05-01 09:00:00,77357.79,77375.23,77173.86,77254.49,1361.0,1400,0.0
2026-05-01 10:00:00,77255.99,77419.54,77136.05,77276.73,1472.0,1400,0.0
2026-05-01 11:00:00,77276.89,77599.55,77239.84,77446.75,1814.0,1400,0.0
2026-05-01 12:00:00,77448.04,78172.63,77386.21,77884.52,3923.0,1400,0.0
2026-05-01 13:00:00,77885.96,78924.51,77885.96,78745.52,5277.0,1400,0.0
2026-05-01 14:00:00,78745.99,78897.63,78041.1,78347.01,4462.0,1400,0.0
2026-05-01 15:00:00,78346.54,78738.97,78167.45,78427.04,3889.0,1400,0.0
2026-05-01 16:00:00,78426.69,78684.97,78148.79,78199.51,3705.0,1400,0.0
2026-05-01 17:00:00,78198.74,78591.21,78106.31,78537.12,2766.0,1400,0.0
2026-05-01 18:00:00,78538.06,78625.95,78366.22,78422.74,2427.0,1400,0.0
2026-05-01 19:00:00,78422.87,78550.63,78305.53,78357.46,2026.0,1400,0.0
2026-05-01 20:00:00,78358.92,78429.4,77742.77,77860.79,2050.0,1400,0.0
2026-05-01 21:00:00,77858.05,78201.75,77842.79,78197.54,1879.0,1400,0.0
2026-05-01 22:00:00,78198.45,78416.62,78128.97,78135.99,1655.0,1400,0.0
2026-05-01 23:00:00,78134.68,78245.68,78027.82,78229.22,1377.0,1400,0.0
2026-05-02 00:00:00,78226.28,78393.5,78155.84,78341.13,1692.0,1400,0.0
2026-05-02 01:00:00,78341.61,78450.05,78280.89,78336.46,1431.0,1400,0.0
2026-05-02 02:00:00,78335.98,78515.63,78242.32,78353.29,1439.0,1400,0.0
2026-05-02 03:00:00,78349.96,78538.85,78214.22,78405.01,1457.0,1400,0.0
2026-05-02 04:00:00,78406.28,78443.74,78113.25,78173.99,1432.0,1400,0.0
2026-05-02 05:00:00,78172.53,78252.34,78010.47,78173.91,1380.0,1400,0.0
2026-05-02 06:00:00,78176.95,78360.64,78132.35,78308.99,1191.0,1400,0.0
2026-05-02 07:00:00,78307.98,78343.79,78189.58,78221.07,1020.0,1400,0.0
2026-05-02 08:00:00,78221.37,78354.32,78148.64,78305.57,1136.0,1400,0.0
2026-05-02 09:00:00,78309.48,78397.54,78204.81,78291.08,1074.0,1400,0.0
2026-05-02 10:00:00,78294.3,78317.25,78210.26,78238.82,941.0,1400,0.0
2026-05-02 11:00:00,78242.86,78246.64,78086.18,78136.83,1111.0,1400,0.0
2026-05-02 12:00:00,78134.49,78265.82,78090.98,78198.28,989.0,1400,0.0
2026-05-02 13:00:00,78198.37,78433.39,78198.37,78368.43,1198.0,1400,0.0
2026-05-02 14:00:00,78367.38,78487.91,78298.61,78402.43,1306.0,1400,0.0
2026-05-02 15:00:00,78411.57,78482.82,78351.49,78482.82,1079.0,1400,0.0
2026-05-02 16:00:00,78479.55,78604.89,78413.21,78442.67,1437.0,1400,0.0
2026-05-02 17:00:00,78439.17,78478.34,78355.72,78381.6,1016.0,1400,0.0
2026-05-02 18:00:00,78380.25,78488.27,78304.69,78453.98,1093.0,1400,0.0
2026-05-02 19:00:00,78452.55,78515.56,78425.47,78473.58,921.0,1400,0.0
2026-05-02 20:00:00,78476.3,78485.63,78405.71,78448.57,835.0,1400,0.0
2026-05-02 21:00:00,78449.94,79174.04,78433.28,78725.34,2293.0,1400,0.0
2026-05-02 22:00:00,78730.38,78866.8,78599.67,78822.57,1737.0,1400,0.0
2026-05-02 23:00:00,78813.99,78819.65,78617.18,78681.15,1301.0,1400,0.0
2026-05-03 00:00:00,78684.87,78754.0,78477.5,78541.86,1581.0,1400,0.0
2026-05-03 01:00:00,78538.86,78541.65,78140.17,78236.19,1976.0,1400,0.0
2026-05-03 02:00:00,78235.44,78311.41,78104.71,78157.49,1507.0,1400,0.0
2026-05-03 03:00:00,78155.84,78210.98,78103.18,78186.69,1196.0,1400,0.0
2026-05-03 04:00:00,78189.0,78232.43,78102.74,78165.19,1169.0,1400,0.0
2026-05-03 05:00:00,78164.25,78256.75,78146.24,78237.01,1052.0,1400,0.0
2026-05-03 06:00:00,78233.76,78342.28,78060.75,78280.41,1304.0,1400,0.0
2026-05-03 07:00:00,78281.76,78445.51,78273.16,78355.81,1543.0,1400,0.0
2026-05-03 08:00:00,78354.01,78495.21,78354.01,78376.38,1239.0,1400,0.0
2026-05-03 09:00:00,78378.13,78608.18,78329.21,78519.72,1435.0,1400,0.0
2026-05-03 10:00:00,78519.64,78530.9,78389.82,78405.53,1158.0,1400,0.0
2026-05-03 11:00:00,78396.78,78846.03,78370.15,78653.81,1764.0,1400,0.0
2026-05-03 12:00:00,78655.57,78881.45,78654.81,78735.86,1657.0,1400,0.0
2026-05-03 13:00:00,78744.65,78767.51,78572.41,78657.17,1196.0,1400,0.0
2026-05-03 14:00:00,78656.15,78783.38,78595.06,78722.5,1346.0,1400,0.0
2026-05-03 15:00:00,78728.11,78809.93,78606.15,78653.12,1450.0,1400,0.0
2026-05-03 16:00:00,78653.13,78778.16,78570.61,78648.44,1330.0,1400,0.0
2026-05-03 17:00:00,78645.77,78810.5,78541.34,78719.42,1459.0,1400,0.0
2026-05-03 18:00:00,78724.98,78748.1,78611.03,78721.45,1087.0,1400,0.0
2026-05-03 19:00:00,78719.8,78854.2,78659.74,78755.32,1208.0,1400,0.0
2026-05-03 20:00:00,78750.73,79286.73,78715.37,78911.94,2107.0,1400,0.0
2026-05-03 21:00:00,78914.46,79050.46,78642.19,78820.47,2068.0,1400,0.0
2026-05-03 22:00:00,78824.49,79448.68,78820.21,79156.21,4791.0,1400,0.0
2026-05-03 23:00:00,79160.77,79284.04,78462.71,78564.1,3373.0,1400,0.0
2026-05-04 00:00:00,78559.5,78566.08,78258.61,78522.37,3009.0,1400,0.0
2026-05-04 01:00:00,78523.32,79872.3,78395.18,79770.62,5040.0,1400,0.0
2026-05-04 02:00:00,79775.29,80425.11,79509.9,80151.84,7889.0,1400,0.0
2026-05-04 03:00:00,80165.93,80448.25,79890.78,80299.72,3634.0,1400,0.0
2026-05-04 04:00:00,80299.5,80619.15,80205.68,80321.16,3488.0,1400,0.0
2026-05-04 05:00:00,80329.89,80389.27,79940.49,80007.29,2242.0,1400,0.0
2026-05-04 06:00:00,80007.14,80037.28,79470.27,79861.7,2592.0,1400,0.0
2026-05-04 07:00:00,79859.99,79942.74,79652.17,79691.64,1817.0,1400,0.0
2026-05-04 08:00:00,79691.34,79792.84,79571.26,79684.42,2042.0,1400,0.0
2026-05-04 09:00:00,79684.79,79917.51,79619.9,79819.64,1859.0,1400,0.0
2026-05-04 10:00:00,79826.58,79867.85,78173.65,78919.87,10237.0,1400,0.0
2026-05-04 11:00:00,78927.62,79121.02,78682.8,78780.33,3070.0,1400,0.0
2026-05-04 12:00:00,78768.7,79018.12,78693.78,78842.4,2599.0,1400,0.0
2026-05-04 13:00:00,78839.25,79121.47,78558.36,78771.28,4705.0,1400,0.0
2026-05-04 14:00:00,78769.44,80560.94,78475.87,80212.11,7274.0,1400,0.0
2026-05-04 15:00:00,80201.98,80375.41,79309.3,80021.98,9118.0,1400,0.0
2026-05-04 16:00:00,80023.82,80393.99,79599.0,80012.68,6795.0,1400,0.0
2026-05-04 17:00:00,80010.97,80786.97,80008.76,80382.98,4507.0,1400,0.0
2026-05-04 18:00:00,80383.11,80434.52,80016.3,80102.21,2684.0,1400,0.0
2026-05-04 19:00:00,80103.68,80134.5,79862.05,80048.54,2350.0,1400,0.0
2026-05-04 20:00:00,80041.43,80162.79,79878.22,79927.29,1714.0,1400,0.0
2026-05-04 21:00:00,79934.65,80377.1,79934.65,80253.1,1733.0,1400,0.0
2026-05-04 22:00:00,80252.53,80392.5,80032.18,80052.32,1746.0,1400,0.0
2026-05-04 23:00:00,80049.04,80049.04,79730.07,79849.84,1665.0,1400,0.0
2026-05-05 00:00:00,79848.43,80178.7,79777.68,80157.31,2193.0,1400,0.0
2026-05-05 01:00:00,80157.23,80375.15,80058.61,80339.76,1901.0,1400,0.0
2026-05-05 02:00:00,80330.19,80901.56,80280.5,80552.53,2649.0,1400,0.0
2026-05-05 03:00:00,80552.42,81086.93,80436.56,80870.07,2880.0,1400,0.0
2026-05-05 04:00:00,80867.27,80978.33,80709.32,80887.78,2216.0,1400,0.0
2026-05-05 05:00:00,80885.91,81330.13,80819.65,80965.44,3084.0,1400,0.0
2026-05-05 06:00:00,80965.02,81011.51,80776.28,80958.66,2007.0,1400,0.0
2026-05-05 07:00:00,80957.4,81143.85,80823.13,80848.89,2255.0,1400,0.0
2026-05-05 08:00:00,80845.82,80881.54,80696.82,80812.68,1580.0,1400,0.0
2026-05-05 09:00:00,80811.56,80814.58,80508.49,80577.35,1803.0,1400,0.0
2026-05-05 10:00:00,80570.66,80835.48,80514.15,80834.02,1721.0,1400,0.0
2026-05-05 11:00:00,80834.45,81110.83,80774.37,81021.94,2150.0,1400,0.0
2026-05-05 12:00:00,81022.43,81315.25,80924.45,81268.85,2349.0,1400,0.0
2026-05-05 13:00:00,81268.93,81708.19,81189.43,81323.31,4891.0,1400,0.0
2026-05-05 14:00:00,81325.79,81503.07,80929.5,81329.4,5590.0,1400,0.0
2026-05-05 15:00:00,81326.83,81699.54,81227.12,81541.84,3453.0,1400,0.0
2026-05-05 16:00:00,81542.57,81633.48,81047.91,81296.18,3358.0,1400,0.0
2026-05-05 17:00:00,81291.61,81470.72,81176.83,81271.36,2170.0,1400,0.0
2026-05-05 18:00:00,81274.92,81611.02,81274.92,81506.82,2136.0,1400,0.0
2026-05-05 19:00:00,81506.71,81680.25,81392.18,81605.71,1916.0,1400,0.0
2026-05-05 20:00:00,81589.66,81779.27,81508.47,81641.04,2348.0,1400,0.0
2026-05-05 21:00:00,81638.28,81783.29,81296.61,81401.54,2533.0,1400,0.0
2026-05-05 22:00:00,81408.79,81607.16,80790.44,81122.35,3830.0,1400,0.0
2026-05-05 23:00:00,81122.41,81217.02,80765.2,80899.16,2568.0,1400,0.0
2026-05-06 00:00:00,80896.01,81260.49,80710.47,81005.85,2940.0,1400,0.0
2026-05-06 01:00:00,81005.91,81529.18,80966.04,81424.04,2671.0,1400,0.0
2026-05-06 02:00:00,81424.45,81436.14,81029.99,81354.34,2252.0,1400,0.0
2026-05-06 03:00:00,81354.4,81745.27,81337.8,81576.58,2447.0,1400,0.0
2026-05-06 04:00:00,81576.68,81633.7,81248.08,81328.88,2299.0,1400,0.0
2026-05-06 05:00:00,81320.29,81336.94,81031.67,81314.72,2122.0,1400,0.0
2026-05-06 06:00:00,81313.24,81509.01,81192.63,81466.62,1887.0,1400,0.0
2026-05-06 07:00:00,81465.46,81609.31,81297.96,81365.89,1873.0,1400,0.0
2026-05-06 08:00:00,81364.21,81986.57,81308.19,81945.44,3541.0,1400,0.0
2026-05-06 09:00:00,81946.8,82050.07,81659.91,81994.41,3563.0,1400,0.0
2026-05-06 10:00:00,81995.5,82394.93,81958.46,82281.66,3976.0,1400,0.0
2026-05-06 11:00:00,82280.17,82840.03,82244.53,82516.85,4052.0,1400,0.0
2026-05-06 12:00:00,82518.0,82539.1,82151.81,82228.4,3252.0,1400,0.0
2026-05-06 13:00:00,82219.78,82220.96,81571.85,81653.21,6324.0,1400,0.0
2026-05-06 14:00:00,81663.73,81977.43,81112.24,81506.36,5876.0,1400,0.0
2026-05-06 15:00:00,81509.88,81805.06,81286.87,81687.36,3646.0,1400,0.0
2026-05-06 16:00:00,81688.48,81888.01,81414.86,81613.14,3245.0,1400,0.0
2026-05-06 17:00:00,81606.71,81697.09,81368.99,81444.76,2512.0,1400,0.0
2026-05-06 18:00:00,81444.94,81556.14,81250.93,81335.82,2651.0,1400,0.0
2026-05-06 19:00:00,81335.77,81506.01,81167.76,81445.06,2094.0,1400,0.0
2026-05-06 20:00:00,81443.93,81700.41,81288.17,81417.37,1897.0,1400,0.0
2026-05-06 21:00:00,81428.14,81620.4,81288.92,81538.7,1572.0,1400,0.0
2026-05-06 22:00:00,81540.4,81545.46,81231.47,81332.85,1881.0,1400,0.0
2026-05-06 23:00:00,81328.09,81446.36,80967.03,81424.49,2190.0,1400,0.0
2026-05-07 00:00:00,81425.11,81479.6,80965.35,81009.71,2665.0,1400,0.0
2026-05-07 01:00:00,81004.82,81287.26,80822.46,81160.14,3171.0,1400,0.0
2026-05-07 02:00:00,81165.03,81177.79,80878.17,81116.85,2432.0,1400,0.0
2026-05-07 03:00:00,81115.97,81115.97,80820.16,80841.07,1795.0,1400,0.0
2026-05-07 04:00:00,80843.89,80987.9,80712.94,80974.28,1835.0,1400,0.0
2026-05-07 05:00:00,80974.55,81170.78,80955.96,81080.02,1691.0,1400,0.0
2026-05-07 06:00:00,81081.55,81438.21,80873.33,81433.53,2262.0,1400,0.0
2026-05-07 07:00:00,81435.02,81713.24,81382.44,81513.19,2506.0,1400,0.0
2026-05-07 08:00:00,81513.29,81595.85,81190.06,81221.17,2390.0,1400,0.0
2026-05-07 09:00:00,81220.09,81221.41,80832.42,80915.88,2284.0,1400,0.0
2026-05-07 10:00:00,80916.14,80999.7,80549.82,80829.04,2274.0,1400,0.0
2026-05-07 11:00:00,80831.29,81045.43,80766.48,80859.74,1941.0,1400,0.0
2026-05-07 12:00:00,80857.32,81196.53,80821.52,81150.6,2412.0,1400,0.0
2026-05-07 13:00:00,81149.82,81160.89,80229.16,80482.67,5316.0,1400,0.0
2026-05-07 14:00:00,80482.81,80685.36,80034.84,80155.43,5402.0,1400,0.0
2026-05-07 15:00:00,80164.01,80264.12,79646.11,79892.75,4641.0,1400,0.0
2026-05-07 16:00:00,79895.61,80008.32,79687.47,79775.72,3798.0,1400,0.0
2026-05-07 17:00:00,79788.07,80127.86,79478.33,80091.24,4246.0,1400,0.0
2026-05-07 18:00:00,80089.13,80280.59,79992.41,80201.35,3201.0,1400,0.0
2026-05-07 19:00:00,80198.53,80212.17,79913.61,80134.73,2581.0,1400,0.0
2026-05-07 20:00:00,80138.54,80371.14,79837.52,79872.49,2090.0,1400,0.0
2026-05-07 21:00:00,79873.03,79921.96,79617.42,79719.11,1841.0,1400,0.0
2026-05-07 22:00:00,79713.36,79979.84,79563.63,79896.36,2578.0,1400,0.0
2026-05-07 23:00:00,79880.78,80063.07,79850.94,80009.32,1632.0,1400,0.0
2026-05-08 00:00:00,80009.24,80144.48,79708.78,79822.37,2048.0,1400,0.0
2026-05-08 01:00:00,79825.01,79889.34,79595.39,79731.33,2232.0,1400,0.0
2026-05-08 02:00:00,79731.17,79749.83,79313.58,79467.05,3147.0,1400,0.0
2026-05-08 03:00:00,79464.87,79662.82,79159.28,79568.12,2685.0,1400,0.0
2026-05-08 04:00:00,79560.5,79746.19,79538.97,79647.18,2007.0,1400,0.0
2026-05-08 05:00:00,79645.56,79772.3,79582.91,79587.76,1717.0,1400,0.0
2026-05-08 06:00:00,79590.57,79646.66,79430.96,79505.83,2429.0,1400,0.0
2026-05-08 07:00:00,79504.54,79719.07,79230.27,79660.8,2582.0,1400,0.0
2026-05-08 08:00:00,79662.45,79981.77,79648.55,79875.9,2260.0,1400,0.0
2026-05-08 09:00:00,79875.62,80055.8,79775.42,79849.76,1921.0,1400,0.0
2026-05-08 10:00:00,79850.69,80270.22,79758.12,80203.82,2446.0,1400,0.0
2026-05-08 11:00:00,80205.06,80326.65,80116.25,80220.44,2248.0,1400,0.0
2026-05-08 12:00:00,80228.03,80507.92,79950.0,80019.88,3008.0,1400,0.0
2026-05-08 13:00:00,80025.45,80090.09,79517.84,79623.56,4185.0,1400,0.0
2026-05-08 14:00:00,79632.83,80438.1,79623.28,80134.26,5622.0,1400,0.0
2026-05-08 15:00:00,80131.33,80189.87,79592.44,80125.61,4113.0,1400,0.0
2026-05-08 16:00:00,80129.45,80178.29,79714.7,79776.08,2949.0,1400,0.0
2026-05-08 17:00:00,79777.84,80253.0,79705.35,80060.23,3309.0,1400,0.0
2026-05-08 18:00:00,80061.31,80293.72,80051.76,80074.14,2790.0,1400,0.0
2026-05-08 19:00:00,80069.68,80176.82,79932.51,80163.98,2083.0,1400,0.0
2026-05-08 20:00:00,80167.96,80293.08,80068.35,80125.21,1746.0,1400,0.0
2026-05-08 21:00:00,80122.87,80255.81,80099.55,80244.59,1525.0,1400,0.0
2026-05-08 22:00:00,80241.15,80410.1,80217.76,80267.52,1584.0,1400,0.0
2026-05-08 23:00:00,80265.6,80290.79,80098.09,80190.3,1309.0,1400,0.0
2026-05-09 00:00:00,80191.18,80234.06,80113.55,80226.09,1383.0,1400,0.0
2026-05-09 01:00:00,80224.64,80441.65,80206.4,80319.02,1571.0,1400,0.0
2026-05-09 02:00:00,80327.66,80482.04,80311.88,80418.44,1526.0,1400,0.0
2026-05-09 03:00:00,80420.91,80561.54,80303.15,80383.06,1446.0,1400,0.0
2026-05-09 04:00:00,80383.58,80673.73,80361.88,80375.51,1732.0,1400,0.0
2026-05-09 05:00:00,80379.43,80478.67,80340.53,80455.2,855.0,1400,0.0
2026-05-09 06:00:00,80208.42,80264.93,80187.58,80250.15,371.0,1400,0.0
2026-05-09 07:00:00,80254.48,80261.09,80191.49,80210.62,78.0,1400,0.0
2026-05-09 09:00:00,80244.91,80247.67,80193.43,80227.52,361.0,1400,0.0
2026-05-09 10:00:00,80225.44,80337.75,80150.73,80256.86,1222.0,1400,0.0
2026-05-09 11:00:00,80256.56,80374.08,80237.79,80330.15,924.0,1400,0.0
2026-05-09 12:00:00,80328.38,80415.68,80254.86,80389.28,1126.0,1400,0.0
2026-05-09 13:00:00,80389.19,80415.15,80304.47,80385.59,1107.0,1400,0.0
2026-05-09 14:00:00,80390.02,80433.0,80237.27,80323.95,1572.0,1400,0.0
2026-05-09 15:00:00,80318.98,80595.3,80219.5,80517.21,1502.0,1400,0.0
2026-05-09 16:00:00,80521.51,80794.0,80470.79,80615.42,2000.0,1400,0.0
2026-05-09 17:00:00,80616.11,80921.7,80606.18,80798.04,1972.0,1400,0.0
2026-05-09 18:00:00,80797.81,81073.77,80769.27,80896.87,1682.0,1400,0.0
2026-05-09 19:00:00,80897.96,80953.13,80766.49,80923.38,1354.0,1400,0.0
2026-05-09 20:00:00,80924.51,80932.78,80717.19,80795.42,1243.0,1400,0.0
2026-05-09 21:00:00,80794.47,80889.51,80721.09,80767.76,1159.0,1400,0.0
2026-05-09 22:00:00,80770.32,80817.91,80654.69,80757.46,1240.0,1400,0.0
2026-05-09 23:00:00,80751.71,80839.3,80600.01,80652.97,1262.0,1400,0.0
2026-05-10 00:00:00,80649.03,80751.97,80603.42,80657.98,1502.0,1400,0.0
2026-05-10 01:00:00,80654.26,80673.78,80543.28,80671.79,1277.0,1400,0.0
2026-05-10 02:00:00,80671.4,80778.5,80586.03,80764.46,1430.0,1400,0.0
2026-05-10 03:00:00,80765.19,80881.31,80686.46,80755.26,1362.0,1400,0.0
2026-05-10 04:00:00,80756.35,80833.86,80710.34,80765.13,1159.0,1400,0.0
2026-05-10 05:00:00,80728.14,80798.54,80657.58,80684.16,1106.0,1400,0.0
2026-05-10 06:00:00,80684.08,80743.19,80636.55,80725.63,1137.0,1400,0.0
2026-05-10 07:00:00,80726.35,80789.3,80703.33,80720.52,981.0,1400,0.0
2026-05-10 08:00:00,80724.91,80891.48,80698.74,80826.44,1400.0,1400,0.0
2026-05-10 09:00:00,80823.93,80907.0,80735.2,80796.58,1164.0,1400,0.0
2026-05-10 10:00:00,80790.19,80875.84,80668.17,80853.68,1326.0,1400,0.0
2026-05-10 11:00:00,80849.3,80962.26,80735.63,80808.85,1458.0,1400,0.0
2026-05-10 12:00:00,80808.98,80945.25,80772.51,80914.95,1546.0,1400,0.0
2026-05-10 13:00:00,80913.34,81002.32,80856.64,80954.85,1610.0,1400,0.0
2026-05-10 14:00:00,80950.68,81006.73,80803.3,80972.52,1638.0,1400,0.0
2026-05-10 15:00:00,80973.86,81439.88,80920.84,81394.28,2625.0,1400,0.0
2026-05-10 16:00:00,81396.15,81492.54,81174.19,81352.13,2297.0,1400,0.0
2026-05-10 17:00:00,81352.05,81584.92,81204.27,81465.11,2162.0,1400,0.0
2026-05-10 18:00:00,81464.58,81487.08,81211.53,81259.14,1606.0,1400,0.0
2026-05-10 19:00:00,81259.25,81474.7,81133.08,81420.12,1547.0,1400,0.0
2026-05-10 20:00:00,81420.18,81446.42,80255.69,80713.23,4519.0,1400,0.0
2026-05-10 21:00:00,80712.33,80936.57,80554.71,80703.68,3049.0,1400,0.0
2026-05-10 22:00:00,80702.75,82163.61,80640.96,82043.54,7182.0,1400,0.0
2026-05-10 23:00:00,82043.02,82474.15,82040.14,82198.34,4884.0,1400,0.0
2026-05-11 00:00:00,82195.3,82371.04,81255.34,81448.8,5017.0,1400,0.0
2026-05-11 01:00:00,81450.94,81741.1,81265.29,81483.11,3960.0,1400,0.0
2026-05-11 02:00:00,81480.38,81552.23,81087.24,81156.66,3190.0,1400,0.0
2026-05-11 03:00:00,81159.44,81175.61,80489.56,80714.04,3687.0,1400,0.0
2026-05-11 04:00:00,80715.01,80863.62,80616.71,80798.6,2005.0,1400,0.0
2026-05-11 05:00:00,80798.57,80964.77,80731.34,80824.37,1782.0,1400,0.0
2026-05-11 06:00:00,80824.27,81035.79,80733.81,80808.1,1936.0,1400,0.0
2026-05-11 07:00:00,80808.66,80828.24,80651.68,80722.33,1937.0,1400,0.0
2026-05-11 08:00:00,80712.67,80847.29,80596.18,80741.63,2036.0,1400,0.0
2026-05-11 09:00:00,80738.57,80982.01,80733.06,80936.23,1702.0,1400,0.0
2026-05-11 10:00:00,80934.69,81191.32,80911.76,80930.37,2114.0,1400,0.0
2026-05-11 11:00:00,80930.88,81199.37,80882.07,81188.75,1945.0,1400,0.0
2026-05-11 12:00:00,81190.72,81344.86,80998.93,81029.58,2475.0,1400,0.0
2026-05-11 13:00:00,81041.88,81312.64,80722.72,81027.15,4008.0,1400,0.0
2026-05-11 14:00:00,81027.24,81228.21,80415.0,80905.29,5057.0,1400,0.0
2026-05-11 15:00:00,80918.39,81442.92,80786.92,81411.45,3809.0,1400,0.0
2026-05-11 16:00:00,81425.1,81902.36,81312.96,81541.96,4285.0,1400,0.0
2026-05-11 17:00:00,81543.67,82053.88,81330.45,81920.85,3339.0,1400,0.0
2026-05-11 18:00:00,81930.03,82130.82,81801.8,81849.06,2812.0,1400,0.0
2026-05-11 19:00:00,81847.37,82085.17,81712.8,81946.66,2280.0,1400,0.0
2026-05-11 20:00:00,81949.73,82068.27,81732.68,81802.36,2186.0,1400,0.0
2026-05-11 21:00:00,81803.25,81902.98,81564.72,81815.68,1863.0,1400,0.0
2026-05-11 22:00:00,81815.24,81963.38,81701.86,81807.5,1980.0,1400,0.0
2026-05-11 23:00:00,81794.15,81798.15,81554.69,81718.05,1543.0,1400,0.0
2026-05-12 00:00:00,81718.3,81775.81,81446.12,81532.78,1838.0,1400,0.0
2026-05-12 01:00:00,81520.47,81603.3,80675.86,81168.29,3812.0,1400,0.0
2026-05-12 02:00:00,81167.14,81322.67,81047.95,81234.81,2066.0,1400,0.0
2026-05-12 03:00:00,81233.34,81271.42,80988.89,81033.64,1688.0,1400,0.0
2026-05-12 04:00:00,81041.27,81280.86,80970.73,81207.37,1606.0,1400,0.0
2026-05-12 05:00:00,81205.91,81292.58,81154.64,81198.22,1312.0,1400,0.0
2026-05-12 06:00:00,81198.57,81282.89,80978.81,80999.81,1457.0,1400,0.0
2026-05-12 07:00:00,80993.43,81111.93,80768.68,80830.77,2234.0,1400,0.0
2026-05-12 08:00:00,80829.89,80942.72,80725.96,80803.71,1900.0,1400,0.0
2026-05-12 09:00:00,80812.3,80931.06,80681.41,80802.49,1933.0,1400,0.0
2026-05-12 10:00:00,80802.34,80816.56,80564.16,80646.31,1663.0,1400,0.0
2026-05-12 11:00:00,80648.37,80770.9,80449.42,80745.83,1895.0,1400,0.0
2026-05-12 12:00:00,80751.79,80981.74,80578.28,80862.07,2817.0,1400,0.0
2026-05-12 13:00:00,80862.16,80910.26,80360.22,80435.21,3559.0,1400,0.0
2026-05-12 14:00:00,80448.23,80878.05,80363.38,80519.93,4798.0,1400,0.0
2026-05-12 15:00:00,80506.83,80643.68,80143.46,80295.3,3934.0,1400,0.0
2026-05-12 16:00:00,80298.72,80396.12,79800.93,79975.42,3710.0,1400,0.0
2026-05-12 17:00:00,79975.94,80572.14,79907.03,80493.87,2725.0,1400,0.0
2026-05-12 18:00:00,80495.71,80735.76,80390.59,80639.9,2029.0,1400,0.0
2026-05-12 19:00:00,80647.66,80851.92,80637.31,80814.46,1877.0,1400,0.0
2026-05-12 20:00:00,80816.1,80871.78,80605.4,80671.84,1455.0,1400,0.0
2026-05-12 21:00:00,80672.35,80718.1,80465.79,80566.69,1438.0,1400,0.0
2026-05-12 22:00:00,80561.96,80782.64,80561.96,80632.74,1595.0,1400,0.0
2026-05-12 23:00:00,80626.29,80699.74,80407.99,80485.09,1702.0,1400,0.0
2026-05-13 00:00:00,80483.54,80753.15,80379.77,80690.82,2131.0,1400,0.0
2026-05-13 01:00:00,80694.15,81181.2,80646.52,80980.17,2707.0,1400,0.0
2026-05-13 02:00:00,80990.19,81261.7,80906.36,81039.17,1945.0,1400,0.0
2026-05-13 03:00:00,81040.39,81289.83,80950.95,81241.29,1577.0,1400,0.0
2026-05-13 04:00:00,81234.67,81271.39,81088.69,81212.41,1349.0,1400,0.0
2026-05-13 05:00:00,81211.91,81224.61,80967.37,81005.65,1327.0,1400,0.0
2026-05-13 06:00:00,81002.79,81141.43,80936.66,80954.67,1335.0,1400,0.0
2026-05-13 07:00:00,80951.72,81031.41,80857.52,80989.12,1273.0,1400,0.0
2026-05-13 08:00:00,81003.74,81172.22,80906.42,81161.34,1705.0,1400,0.0
2026-05-13 09:00:00,81164.89,81280.08,81092.51,81253.61,1640.0,1400,0.0
2026-05-13 10:00:00,81253.52,81264.91,80767.71,80783.8,1789.0,1400,0.0
2026-05-13 11:00:00,80781.35,80830.54,80456.76,80474.43,2180.0,1400,0.0
2026-05-13 12:00:00,80473.79,80568.12,79814.85,80173.71,4104.0,1400,0.0
2026-05-13 13:00:00,80175.71,80326.73,79539.09,79612.99,4570.0,1400,0.0
2026-05-13 14:00:00,79610.58,79873.62,79428.2,79736.23,3999.0,1400,0.0
2026-05-13 15:00:00,79731.83,79828.58,78752.95,78794.19,3930.0,1400,0.0
2026-05-13 16:00:00,78796.48,79197.64,78707.08,79064.13,3498.0,1400,0.0
2026-05-13 17:00:00,79064.25,79546.77,79064.25,79478.09,2066.0,1400,0.0
2026-05-13 18:00:00,79478.4,79781.32,79478.4,79573.78,2145.0,1400,0.0
2026-05-13 19:00:00,79569.77,79619.57,79358.09,79614.28,2041.0,1400,0.0
2026-05-13 20:00:00,79615.52,79737.85,79571.98,79677.03,1509.0,1400,0.0
2026-05-13 21:00:00,79676.8,79680.68,79291.57,79361.61,2003.0,1400,0.0
2026-05-13 22:00:00,79364.54,79441.23,79179.43,79390.71,2046.0,1400,0.0
2026-05-13 23:00:00,79389.81,79467.91,79186.77,79292.04,1968.0,1400,0.0
2026-05-14 00:00:00,79292.8,79663.9,79265.98,79542.64,2378.0,1400,0.0
2026-05-14 01:00:00,79541.87,79660.34,79365.41,79570.35,2288.0,1400,0.0
2026-05-14 02:00:00,79574.9,79652.11,79177.13,79324.71,2047.0,1400,0.0
2026-05-14 03:00:00,79323.93,79431.55,78875.68,79008.36,3893.0,1400,0.0
2026-05-14 04:00:00,79009.24,79441.65,78940.18,79406.11,2423.0,1400,0.0
2026-05-14 05:00:00,79406.19,79972.09,79330.66,79771.89,2567.0,1400,0.0
2026-05-14 06:00:00,79767.33,79906.92,79717.89,79775.57,2020.0,1400,0.0
2026-05-14 07:00:00,79770.69,79907.96,79656.35,79712.63,1773.0,1400,0.0
2026-05-14 08:00:00,79712.73,79909.19,79588.56,79785.04,2053.0,1400,0.0
2026-05-14 09:00:00,79789.77,79879.98,79535.5,79592.19,1933.0,1400,0.0
2026-05-14 10:00:00,79595.43,79737.88,79368.39,79537.75,2104.0,1400,0.0
2026-05-14 11:00:00,79536.42,79580.85,79185.83,79212.04,1882.0,1400,0.0
2026-05-14 12:00:00,79218.77,79753.88,79193.19,79748.54,2350.0,1400,0.0
2026-05-14 13:00:00,79743.95,80054.46,79634.13,79677.26,4582.0,1400,0.0
2026-05-14 14:00:00,79674.73,81009.99,79518.97,80944.62,5818.0,1400,0.0
2026-05-14 15:00:00,80948.07,81319.87,80785.88,81281.98,4381.0,1400,0.0
2026-05-14 16:00:00,81285.41,81897.95,81072.08,81871.73,5153.0,1400,0.0
2026-05-14 17:00:00,81876.05,82051.17,81256.46,81676.61,5485.0,1400,0.0
2026-05-14 18:00:00,81676.97,81973.95,81434.31,81573.37,3474.0,1400,0.0
2026-05-14 19:00:00,81589.04,81715.27,81316.63,81425.86,2835.0,1400,0.0
2026-05-14 20:00:00,81425.59,81618.0,81142.88,81401.64,2513.0,1400,0.0
2026-05-14 21:00:00,81413.04,81521.41,81248.72,81366.44,1773.0,1400,0.0
2026-05-14 22:00:00,81377.72,81553.34,81314.52,81451.69,1688.0,1400,0.0
2026-05-14 23:00:00,81448.74,81449.83,81023.57,81076.87,1543.0,1400,0.0
2026-05-15 00:00:00,81076.83,81652.88,81039.58,81494.29,2666.0,1400,0.0
2026-05-15 01:00:00,81495.7,81603.96,81087.87,81120.44,3368.0,1400,0.0
2026-05-15 02:00:00,81113.76,81352.47,80720.08,81282.62,4019.0,1400,0.0
2026-05-15 03:00:00,81283.37,81328.58,80909.82,81046.86,2307.0,1400,0.0
2026-05-15 04:00:00,81034.8,81090.36,80684.33,80719.73,2226.0,1400,0.0
2026-05-15 05:00:00,80720.52,80873.58,80290.16,80340.86,3875.0,1400,0.0
2026-05-15 06:00:00,80342.57,80630.7,80291.54,80560.28,2574.0,1400,0.0
2026-05-15 07:00:00,80560.73,80999.38,80542.5,80807.66,2379.0,1400,0.0
2026-05-15 08:00:00,80813.54,80825.23,80389.17,80637.01,2602.0,1400,0.0
2026-05-15 09:00:00,80640.69,80671.52,80355.16,80469.02,2358.0,1400,0.0
2026-05-15 10:00:00,80468.96,80767.52,80384.53,80704.06,2128.0,1400,0.0
2026-05-15 11:00:00,80703.66,80755.76,80570.02,80608.56,1647.0,1400,0.0
2026-05-15 12:00:00,80604.8,80632.73,80301.61,80384.04,2096.0,1400,0.0
2026-05-15 13:00:00,80383.93,80383.93,78648.05,78712.21,7568.0,1400,0.0
2026-05-15 14:00:00,78723.46,79305.39,78590.91,79119.86,7201.0,1400,0.0
2026-05-15 15:00:00,79122.15,79347.01,78972.48,79119.63,3777.0,1400,0.0
2026-05-15 16:00:00,79113.03,79362.86,79088.42,79258.38,2946.0,1400,0.0
2026-05-15 17:00:00,79256.58,79479.15,79183.65,79430.86,2611.0,1400,0.0
2026-05-15 18:00:00,79429.53,79534.91,79118.73,79223.43,2599.0,1400,0.0
2026-05-15 19:00:00,79223.89,79250.18,78992.63,79095.73,2266.0,1400,0.0
2026-05-15 20:00:00,79094.44,79180.28,78939.99,79078.65,1787.0,1400,0.0
2026-05-15 21:00:00,79078.73,79158.67,78845.93,78934.73,1809.0,1400,0.0
2026-05-15 22:00:00,78934.94,79108.6,78920.03,79056.9,1381.0,1400,0.0
2026-05-15 23:00:00,79054.61,79128.62,79026.27,79067.09,1170.0,1400,0.0
2026-05-16 00:00:00,79068.32,79188.05,79022.02,79065.41,1342.0,1400,0.0
2026-05-16 01:00:00,79069.61,79139.32,78949.9,79113.43,1472.0,1400,0.0
2026-05-16 02:00:00,79110.8,79162.04,79023.73,79098.44,1352.0,1400,0.0
2026-05-16 03:00:00,79100.62,79143.46,79008.18,79045.4,1139.0,1400,0.0
2026-05-16 04:00:00,79041.84,79089.6,78796.2,78988.19,1503.0,1400,0.0
2026-05-16 05:00:00,78988.32,79003.6,78876.17,78985.17,1344.0,1400,0.0
2026-05-16 06:00:00,78986.89,79018.43,78408.53,78615.25,2248.0,1400,0.0
2026-05-16 07:00:00,78614.19,78614.19,78012.99,78330.84,3789.0,1400,0.0
2026-05-16 08:00:00,78329.21,78517.03,78281.22,78366.29,1446.0,1400,0.0
2026-05-16 09:00:00,78374.87,78399.96,77840.47,78042.39,3545.0,1400,0.0
2026-05-16 10:00:00,78043.77,78070.92,77600.45,77929.03,3056.0,1400,0.0
2026-05-16 11:00:00,77928.37,78159.53,77928.37,78051.57,1785.0,1400,0.0
2026-05-16 12:00:00,78051.08,78105.9,77879.13,77977.94,1578.0,1400,0.0
2026-05-16 13:00:00,77972.9,77983.48,77800.76,77976.7,1759.0,1400,0.0
2026-05-16 14:00:00,77984.39,78316.26,77847.91,78085.63,2136.0,1400,0.0
2026-05-16 15:00:00,78085.56,78250.05,78023.76,78193.82,1739.0,1400,0.0
2026-05-16 16:00:00,78197.32,78344.24,78065.8,78170.57,1832.0,1400,0.0
2026-05-16 17:00:00,78172.32,78295.93,78151.91,78157.87,1241.0,1400,0.0
2026-05-16 18:00:00,78157.42,78295.2,78104.13,78206.56,1206.0,1400,0.0
2026-05-16 19:00:00,78201.35,78281.37,78170.68,78230.01,1109.0,1400,0.0
2026-05-16 20:00:00,78230.7,78300.44,78165.8,78209.01,1063.0,1400,0.0
2026-05-16 21:00:00,78207.71,78273.9,78170.46,78226.86,1288.0,1400,0.0
2026-05-16 22:00:00,78224.21,78252.23,78135.56,78151.91,1144.0,1400,0.0
2026-05-16 23:00:00,78151.41,78242.43,78073.97,78102.21,1124.0,1400,0.0
2026-05-17 00:00:00,78102.35,78200.61,77759.91,77913.01,1636.0,1400,0.0
2026-05-17 01:00:00,77915.09,78078.59,77681.72,77695.11,2619.0,1400,0.0
2026-05-17 02:00:00,77692.98,77906.46,77692.98,77856.89,1776.0,1400,0.0
2026-05-17 03:00:00,77857.38,78055.91,77843.75,77983.91,1412.0,1400,0.0
2026-05-17 04:00:00,77983.83,78186.49,77951.1,78122.31,1388.0,1400,0.0
2026-05-17 05:00:00,78124.84,78296.79,78066.89,78091.71,1313.0,1400,0.0
2026-05-17 06:00:00,78090.38,78185.67,77981.21,78076.48,1155.0,1400,0.0
2026-05-17 07:00:00,78077.44,78188.49,78018.85,78144.56,1268.0,1400,0.0
2026-05-17 08:00:00,78153.21,78170.0,77988.18,78060.43,1353.0,1400,0.0
2026-05-17 09:00:00,78058.83,78267.81,78042.99,78210.13,1258.0,1400,0.0
2026-05-17 10:00:00,78215.46,78576.53,78202.3,78425.98,2127.0,1400,0.0
2026-05-17 11:00:00,78428.73,78447.47,78245.07,78383.3,1726.0,1400,0.0
2026-05-17 12:00:00,78383.34,78522.44,78280.95,78332.33,1604.0,1400,0.0
2026-05-17 13:00:00,78340.38,78341.61,78126.08,78179.7,1649.0,1400,0.0
2026-05-17 14:00:00,78179.79,78190.25,77800.72,78013.86,2412.0,1400,0.0
2026-05-17 15:00:00,78014.35,78098.0,77880.7,78013.41,1597.0,1400,0.0
2026-05-17 16:00:00,78010.52,78168.83,77979.19,78008.55,1417.0,1400,0.0
2026-05-17 17:00:00,78008.47,78062.77,77804.9,78044.24,1718.0,1400,0.0
2026-05-17 18:00:00,78048.8,78238.9,77965.41,78216.25,1730.0,1400,0.0
2026-05-17 19:00:00,78216.93,78433.96,78165.41,78361.55,1508.0,1400,0.0
2026-05-17 20:00:00,78360.15,78395.08,78195.32,78226.96,1410.0,1400,0.0
2026-05-17 21:00:00,78225.99,78453.63,78182.53,78354.93,1431.0,1400,0.0
2026-05-17 22:00:00,78352.8,78373.17,77764.71,77947.82,3416.0,1400,0.0
2026-05-17 23:00:00,77956.8,77964.82,76671.01,77400.73,6980.0,1400,0.0
2026-05-18 00:00:00,77412.0,77434.0,76857.28,77157.45,6172.0,1400,0.0
2026-05-18 01:00:00,77160.89,77241.09,76685.62,77069.53,5042.0,1400,0.0
2026-05-18 02:00:00,77070.89,77172.19,76646.86,76783.35,2782.0,1400,0.0
2026-05-18 03:00:00,76794.75,76985.32,76756.83,76890.13,2374.0,1400,0.0
2026-05-18 04:00:00,76889.79,77032.48,76717.7,76977.36,2081.0,1400,0.0
2026-05-18 05:00:00,76981.07,77041.56,76835.24,76875.39,2163.0,1400,0.0
2026-05-18 06:00:00,76872.8,76931.05,76517.59,76874.63,2955.0,1400,0.0
2026-05-18 07:00:00,76877.61,77043.88,76710.05,77020.66,2497.0,1400,0.0
2026-05-18 08:00:00,77019.6,77136.67,76828.71,76966.14,2250.0,1400,0.0
2026-05-18 09:00:00,76973.42,77000.21,76810.51,76888.84,1782.0,1400,0.0
2026-05-18 10:00:00,76889.84,76907.04,76654.56,76729.21,1924.0,1400,0.0
2026-05-18 11:00:00,76730.34,77357.72,76602.59,77240.53,3216.0,1400,0.0
2026-05-18 12:00:00,77247.08,77758.82,77231.68,77605.43,4185.0,1400,0.0
2026-05-18 13:00:00,77606.24,77608.24,76638.82,76892.16,6581.0,1400,0.0
2026-05-18 14:00:00,76906.48,76918.89,76182.28,76349.78,7396.0,1400,0.0
2026-05-18 15:00:00,76347.21,76442.51,75981.39,76373.37,5416.0,1400,0.0
2026-05-18 16:00:00,76373.7,76615.63,76137.97,76347.03,4007.0,1400,0.0
2026-05-18 17:00:00,76361.89,76703.62,76309.47,76640.88,3012.0,1400,0.0
2026-05-18 18:00:00,76631.45,76653.03,76073.16,76188.05,3513.0,1400,0.0
2026-05-18 19:00:00,76189.07,76932.25,76161.84,76861.26,5385.0,1400,0.0
2026-05-18 20:00:00,76866.41,77127.2,76812.75,76835.04,2224.0,1400,0.0
2026-05-18 21:00:00,76836.67,77130.63,76735.73,77035.84,2002.0,1400,0.0
2026-05-18 22:00:00,77036.05,77170.8,76866.11,77014.44,2088.0,1400,0.0
2026-05-18 23:00:00,77017.18,77111.54,76879.91,76937.92,1584.0,1400,0.0
2026-05-19 00:00:00,76934.12,77363.91,76888.75,77081.91,2670.0,1400,0.0
2026-05-19 01:00:00,77077.6,77100.89,76598.2,76609.2,2806.0,1400,0.0
2026-05-19 02:00:00,76607.17,76948.95,76415.48,76550.1,2782.0,1400,0.0
2026-05-19 03:00:00,76553.26,76807.44,76514.43,76723.0,1874.0,1400,0.0
2026-05-19 04:00:00,76721.86,76890.49,76627.45,76855.61,1796.0,1400,0.0
2026-05-19 05:00:00,76856.36,76956.37,76560.75,76841.88,2299.0,1400,0.0
2026-05-19 06:00:00,76842.4,77047.15,76812.42,76961.0,2046.0,1400,0.0
2026-05-19 07:00:00,76961.2,77224.44,76902.85,77173.04,2188.0,1400,0.0
2026-05-19 08:00:00,77172.39,77260.58,76902.17,76993.64,2284.0,1400,0.0
2026-05-19 09:00:00,76992.18,77009.91,76630.83,76748.47,2379.0,1400,0.0
2026-05-19 10:00:00,76747.32,77045.04,76624.49,76977.77,2437.0,1400,0.0
2026-05-19 11:00:00,76980.33,77013.67,76552.88,76640.95,1932.0,1400,0.0
2026-05-19 12:00:00,76636.92,76917.68,76570.98,76867.63,1747.0,1400,0.0
2026-05-19 13:00:00,76872.67,76999.28,76512.88,76804.29,5043.0,1400,0.0
2026-05-19 14:00:00,76807.82,76953.35,76069.55,76333.06,5851.0,1400,0.0
2026-05-19 15:00:00,76331.62,76619.11,76260.5,76458.74,3036.0,1400,0.0
2026-05-19 16:00:00,76459.57,76856.02,76332.53,76814.29,2707.0,1400,0.0
2026-05-19 17:00:00,76824.53,76957.62,76683.96,76773.03,2748.0,1400,0.0
2026-05-19 18:00:00,76773.12,76880.81,76668.93,76729.09,2056.0,1400,0.0
2026-05-19 19:00:00,76729.17,77014.16,76689.82,76755.58,1988.0,1400,0.0
2026-05-19 20:00:00,76753.98,76972.09,76753.98,76941.4,1163.0,1400,0.0
2026-05-19 21:00:00,76941.51,76977.82,76893.91,76911.53,1282.0,1400,0.0
2026-05-19 22:00:00,76910.09,76910.09,76572.61,76643.25,1974.0,1400,0.0
2026-05-19 23:00:00,76635.93,76915.78,76596.74,76774.68,1594.0,1400,0.0
2026-05-20 00:00:00,76771.9,76829.76,76435.7,76709.33,2770.0,1400,0.0
2026-05-20 01:00:00,76706.85,76858.46,76455.22,76743.29,3124.0,1400,0.0
2026-05-20 02:00:00,76739.83,76843.31,76516.45,76616.01,2287.0,1400,0.0
2026-05-20 03:00:00,76615.05,76748.87,76526.47,76646.55,1848.0,1400,0.0
2026-05-20 04:00:00,76649.39,76769.54,76604.12,76698.71,1446.0,1400,0.0
2026-05-20 05:00:00,76697.29,77260.94,76697.29,77123.74,2361.0,1400,0.0
2026-05-20 06:00:00,77124.7,77347.5,77106.17,77333.53,1724.0,1400,0.0
2026-05-20 07:00:00,77334.57,77400.79,77148.74,77198.94,1573.0,1400,0.0
2026-05-20 08:00:00,77194.94,77554.21,77120.37,77376.44,1822.0,1400,0.0
2026-05-20 09:00:00,77376.21,77466.89,77275.21,77404.34,1442.0,1400,0.0
2026-05-20 10:00:00,77405.61,77596.86,77405.61,77423.05,1440.0,1400,0.0
2026-05-20 11:00:00,77423.07,77483.25,77237.95,77300.78,1291.0,1400,0.0
2026-05-20 12:00:00,77301.23,77687.9,77275.28,77548.65,1594.0,1400,0.0
2026-05-20 13:00:00,77552.15,77583.64,76884.06,77136.34,4440.0,1400,0.0
2026-05-20 14:00:00,77138.5,77510.23,76812.58,77371.6,6294.0,1400,0.0
2026-05-20 15:00:00,77369.27,77794.29,77224.3,77385.47,4471.0,1400,0.0
2026-05-20 16:00:00,77382.26,77488.14,76924.91,77254.53,3229.0,1400,0.0
2026-05-20 17:00:00,77247.32,77643.09,77148.52,77494.73,2763.0,1400,0.0
2026-05-20 18:00:00,77492.98,77560.77,77305.77,77337.01,2382.0,1400,0.0
2026-05-20 19:00:00,77335.69,77641.27,77267.14,77600.91,2163.0,1400,0.0
2026-05-20 20:00:00,77593.32,77699.56,77401.24,77636.59,2267.0,1400,0.0
2026-05-20 21:00:00,77632.91,77705.86,77429.79,77432.55,1428.0,1400,0.0
2026-05-20 22:00:00,77432.24,77432.72,77136.82,77429.53,2183.0,1400,0.0
2026-05-20 23:00:00,77434.5,77484.0,77298.4,77470.3,1491.0,1400,0.0
2026-05-21 00:00:00,77474.39,78000.32,77426.53,77885.11,2200.0,1400,0.0
2026-05-21 01:00:00,77885.65,78117.5,77716.38,77782.92,2275.0,1400,0.0
2026-05-21 02:00:00,77782.63,78028.95,77738.84,77876.24,1733.0,1400,0.0
2026-05-21 03:00:00,77874.66,78026.93,77823.18,77995.27,1271.0,1400,0.0
2026-05-21 04:00:00,77988.44,78098.47,77878.48,77956.22,1363.0,1400,0.0
2026-05-21 05:00:00,77952.97,78070.01,77620.14,77758.02,1600.0,1400,0.0
2026-05-21 06:00:00,77756.53,77801.58,77445.62,77543.53,1817.0,1400,0.0
2026-05-21 07:00:00,77543.58,77825.65,77428.87,77796.17,1827.0,1400,0.0
2026-05-21 08:00:00,77795.43,78143.8,77795.43,77849.72,2689.0,1400,0.0
2026-05-21 09:00:00,77843.73,77913.89,77543.5,77551.7,1704.0,1400,0.0
2026-05-21 10:00:00,77551.85,77611.69,77093.76,77127.26,3412.0,1400,0.0
2026-05-21 11:00:00,77129.25,77300.72,77052.99,77121.46,2092.0,1400,0.0
2026-05-21 12:00:00,77123.9,77286.46,76983.26,77201.72,2140.0,1400,0.0
2026-05-21 13:00:00,77202.31,77280.45,76645.53,77052.18,4999.0,1400,0.0
2026-05-21 14:00:00,77048.63,77170.95,76694.77,76900.06,4463.0,1400,0.0
2026-05-21 15:00:00,76898.81,77337.44,76808.63,77183.81,3279.0,1400,0.0
2026-05-21 16:00:00,77185.09,77275.41,76912.22,77113.82,2479.0,1400,0.0
2026-05-21 17:00:00,77114.19,78023.73,77088.11,77800.29,5130.0,1400,0.0
2026-05-21 18:00:00,77794.38,77861.39,77172.22,77307.37,3919.0,1400,0.0
2026-05-21 19:00:00,77300.71,77727.66,77284.49,77619.71,2486.0,1400,0.0
2026-05-21 20:00:00,77624.8,77733.17,77560.93,77627.09,1524.0,1400,0.0
2026-05-21 21:00:00,77627.31,77745.02,77565.68,77603.45,1362.0,1400,0.0
2026-05-21 22:00:00,77606.39,77684.77,77475.04,77553.14,1530.0,1400,0.0
2026-05-21 23:00:00,77554.39,77679.1,77448.67,77554.39,1524.0,1400,0.0
2026-05-22 00:00:00,77554.83,77567.68,77286.77,77309.0,2021.0,1400,0.0
2026-05-22 01:00:00,77314.08,77595.26,77246.9,77544.31,1809.0,1400,0.0
2026-05-22 02:00:00,77545.88,77663.01,77519.61,77592.39,1624.0,1400,0.0
2026-05-22 03:00:00,77591.83,77741.97,77591.83,77708.55,1330.0,1400,0.0
2026-05-22 04:00:00,77707.39,77830.04,77556.8,77574.77,1350.0,1400,0.0
2026-05-22 05:00:00,77575.84,77653.05,77373.28,77413.74,1406.0,1400,0.0
2026-05-22 06:00:00,77412.33,77452.93,77268.68,77344.74,1761.0,1400,0.0
2026-05-22 07:00:00,77346.19,77468.4,77184.79,77320.29,1574.0,1400,0.0
2026-05-22 08:00:00,77323.44,77459.61,77111.84,77188.35,2231.0,1400,0.0
2026-05-22 09:00:00,77189.44,77278.32,77109.47,77217.06,1591.0,1400,0.0
2026-05-22 10:00:00,77210.91,77284.31,77166.87,77227.45,1213.0,1400,0.0
2026-05-22 11:00:00,77232.53,77348.97,77083.46,77348.97,1465.0,1400,0.0
2026-05-22 12:00:00,77348.01,77501.97,77295.0,77438.0,1788.0,1400,0.0
2026-05-22 13:00:00,77442.84,77474.88,77019.86,77203.88,3287.0,1400,0.0
2026-05-22 14:00:00,77201.04,77201.04,76638.77,76673.59,3536.0,1400,0.0
2026-05-22 15:00:00,76672.31,76932.96,76471.87,76696.23,3098.0,1400,0.0
2026-05-22 16:00:00,76688.27,76915.91,76661.09,76861.49,2225.0,1400,0.0
2026-05-22 17:00:00,76864.79,77016.48,76655.27,76655.62,2587.0,1400,0.0
2026-05-22 18:00:00,76661.72,76814.21,75988.74,76440.5,3525.0,1400,0.0
2026-05-22 19:00:00,76440.51,76506.71,75559.51,75780.9,5791.0,1400,0.0
2026-05-22 20:00:00,75780.49,75998.3,75724.75,75891.38,2596.0,1400,0.0
2026-05-22 21:00:00,75893.44,75996.71,75837.64,75883.39,1613.0,1400,0.0
2026-05-22 22:00:00,75884.36,75900.67,75447.14,75645.4,2060.0,1400,0.0
2026-05-22 23:00:00,75653.04,75793.41,75256.82,75453.56,2500.0,1400,0.0
2026-05-23 00:00:00,75456.84,75545.54,75112.18,75267.59,3451.0,1400,0.0
2026-05-23 01:00:00,75272.74,75420.96,75256.18,75401.14,1646.0,1400,0.0
2026-05-23 02:00:00,75409.65,75494.65,75325.19,75478.69,1471.0,1400,0.0
2026-05-23 03:00:00,75474.72,75582.23,75459.78,75544.55,1080.0,1400,0.0
2026-05-23 04:00:00,75540.07,75569.46,75415.19,75453.37,1117.0,1400,0.0
2026-05-23 05:00:00,75453.74,75478.99,75376.49,75400.85,1016.0,1400,0.0
2026-05-23 06:00:00,75402.41,75414.88,75287.47,75309.28,1158.0,1400,0.0
2026-05-23 07:00:00,75312.02,75349.9,74153.81,74527.86,4960.0,1400,0.0
2026-05-23 08:00:00,74534.17,74672.7,74254.82,74587.61,2965.0,1400,0.0
2026-05-23 09:00:00,74596.43,74683.81,74526.07,74582.45,1364.0,1400,0.0
2026-05-23 10:00:00,74580.17,74706.84,74569.25,74627.9,1169.0,1400,0.0
2026-05-23 11:00:00,74625.53,74787.25,74614.28,74702.45,1082.0,1400,0.0
2026-05-23 12:00:00,74709.59,74717.97,74566.06,74668.21,1279.0,1400,0.0
2026-05-23 13:00:00,74667.81,75184.43,74658.21,75129.93,2413.0,1400,0.0
2026-05-23 14:00:00,75125.57,75623.62,75021.2,75434.95,2027.0,1400,0.0
2026-05-23 15:00:00,75437.67,75591.54,75305.49,75424.78,1892.0,1400,0.0
2026-05-23 16:00:00,75425.0,75548.48,75313.28,75341.74,1614.0,1400,0.0
2026-05-23 17:00:00,75353.56,75435.54,75265.23,75395.54,1741.0,1400,0.0
2026-05-23 18:00:00,75398.11,75933.79,75367.64,75747.92,2728.0,1400,0.0
2026-05-23 19:00:00,75747.84,75947.31,75684.22,75892.96,1787.0,1400,0.0
2026-05-23 20:00:00,75886.59,77218.94,75848.14,77178.65,6286.0,1400,0.0
2026-05-23 21:00:00,77172.96,77318.21,76438.84,76708.05,4978.0,1400,0.0
2026-05-23 22:00:00,76718.28,76805.33,76286.49,76475.17,2275.0,1400,0.0
2026-05-23 23:00:00,76475.08,76734.57,76430.68,76637.43,1830.0,1400,0.0
2026-05-24 00:00:00,76656.93,76853.25,76520.54,76738.04,1709.0,1400,0.0
2026-05-24 01:00:00,76745.56,76830.68,76644.78,76791.57,1642.0,1400,0.0
2026-05-24 02:00:00,76787.82,76866.48,76589.97,76720.86,1359.0,1400,0.0
2026-05-24 03:00:00,76715.53,76908.62,76597.12,76639.13,1577.0,1400,0.0
2026-05-24 04:00:00,76642.64,76763.19,76620.52,76684.06,1216.0,1400,0.0
2026-05-24 05:00:00,76680.94,76770.49,76540.08,76714.55,1326.0,1400,0.0
2026-05-24 06:00:00,76713.45,76981.01,76623.01,76889.08,1510.0,1400,0.0
2026-05-24 07:00:00,76888.99,76927.18,76680.79,76716.74,1451.0,1400,0.0
2026-05-24 08:00:00,76712.78,76758.81,76623.98,76721.04,1171.0,1400,0.0
2026-05-24 09:00:00,76722.03,76955.82,76708.16,76922.46,1538.0,1400,0.0
2026-05-24 10:00:00,76922.86,77529.05,76815.86,77084.1,2522.0,1400,0.0
2026-05-24 11:00:00,77079.41,77257.36,77078.08,77218.07,1803.0,1400,0.0
2026-05-24 12:00:00,77217.99,77225.87,76928.43,77014.27,1635.0,1400,0.0
2026-05-24 13:00:00,77017.83,77030.1,76581.78,76694.21,2271.0,1400,0.0
2026-05-24 14:00:00,76695.92,76751.55,76091.91,76363.78,4139.0,1400,0.0
2026-05-24 15:00:00,76360.64,76450.44,76241.04,76282.91,1782.0,1400,0.0
2026-05-24 16:00:00,76285.08,76658.71,76266.2,76574.0,2351.0,1400,0.0
2026-05-24 17:00:00,76579.85,76713.6,76458.65,76596.81,1806.0,1400,0.0
2026-05-24 18:00:00,76593.08,76689.33,76476.61,76555.69,1736.0,1400,0.0
2026-05-24 19:00:00,76555.18,76686.38,76508.39,76667.11,1604.0,1400,0.0
2026-05-24 20:00:00,76667.69,76708.08,76493.26,76560.18,1913.0,1400,0.0
2026-05-24 21:00:00,76564.43,76653.28,75993.02,76046.34,2817.0,1400,0.0
2026-05-24 22:00:00,76047.78,76930.23,76025.03,76715.84,4728.0,1400,0.0
2026-05-24 23:00:00,76716.17,77130.01,76709.0,76981.93,3043.0,1400,0.0
2026-05-25 00:00:00,76983.33,77201.1,76974.7,77057.73,2756.0,1400,0.0
2026-05-25 01:00:00,77060.31,77156.03,76821.32,76857.89,2219.0,1400,0.0
2026-05-25 02:00:00,76860.52,77400.5,76860.52,77015.42,2703.0,1400,0.0
2026-05-25 03:00:00,77013.37,77077.13,76897.58,76929.17,1828.0,1400,0.0
2026-05-25 04:00:00,76929.13,77356.8,76884.1,77297.3,1804.0,1400,0.0
2026-05-25 05:00:00,77297.28,77410.59,77215.98,77315.89,1699.0,1400,0.0
2026-05-25 06:00:00,77318.73,77587.39,77119.86,77337.05,2069.0,1400,0.0
2026-05-25 07:00:00,77341.26,77437.15,77075.43,77311.3,1927.0,1400,0.0
2026-05-25 08:00:00,77308.83,77380.7,77183.29,77364.7,1488.0,1400,0.0
2026-05-25 09:00:00,77363.59,77626.79,77323.39,77515.01,1732.0,1400,0.0
2026-05-25 10:00:00,77508.38,77605.91,77401.34,77461.83,1348.0,1400,0.0
2026-05-25 11:00:00,77462.85,77462.85,77235.93,77282.23,1476.0,1400,0.0
2026-05-25 12:00:00,77281.68,77366.43,77206.49,77284.89,1736.0,1400,0.0
2026-05-25 13:00:00,77286.61,77383.36,77193.65,77258.42,1604.0,1400,0.0
2026-05-25 14:00:00,77258.44,77706.15,77231.6,77634.19,2169.0,1400,0.0
2026-05-25 15:00:00,77637.76,77847.75,77473.29,77543.32,2298.0,1400,0.0
2026-05-25 16:00:00,77543.07,77751.69,77434.75,77652.67,1686.0,1400,0.0
2026-05-25 17:00:00,77653.29,77733.31,77464.82,77486.74,1635.0,1400,0.0
2026-05-25 18:00:00,77486.5,77590.6,77459.86,77483.45,1212.0,1400,0.0
2026-05-25 19:00:00,77488.85,77492.5,77268.61,77359.26,1437.0,1400,0.0
2026-05-25 20:00:00,77354.33,77437.32,77136.08,77203.81,1579.0,1400,0.0
2026-05-25 21:00:00,77216.37,77327.89,77193.53,77306.01,1404.0,1400,0.0
2026-05-25 22:00:00,77308.46,77385.97,76973.56,77045.81,2307.0,1400,0.0
2026-05-25 23:00:00,77044.37,77305.2,77000.1,77242.51,1569.0,1400,0.0
2026-05-26 00:00:00,77243.33,77281.1,76493.13,76712.75,3130.0,1400,0.0
2026-05-26 01:00:00,76707.55,76815.79,76496.73,76671.4,2631.0,1400,0.0
2026-05-26 02:00:00,76686.76,76752.65,76422.38,76590.07,2133.0,1400,0.0
2026-05-26 03:00:00,76587.18,76636.89,76381.64,76581.49,1744.0,1400,0.0
2026-05-26 04:00:00,76586.01,76743.78,76521.02,76659.11,1395.0,1400,0.0
2026-05-26 05:00:00,76659.03,76904.52,76617.47,76831.77,1385.0,1400,0.0
2026-05-26 06:00:00,76829.69,76983.57,76683.41,76830.84,1654.0,1400,0.0
2026-05-26 07:00:00,76830.43,76847.33,76503.28,76622.69,1741.0,1400,0.0
2026-05-26 08:00:00,76633.92,76763.49,76590.28,76639.3,1367.0,1400,0.0
2026-05-26 09:00:00,76634.43,76729.75,76549.57,76586.98,1509.0,1400,0.0
2026-05-26 10:00:00,76586.87,77543.24,76476.8,77335.77,4148.0,1400,0.0
2026-05-26 11:00:00,77336.82,77426.73,77078.43,77101.67,2154.0,1400,0.0
2026-05-26 12:00:00,77101.16,77151.78,76791.88,77049.31,2225.0,1400,0.0
2026-05-26 13:00:00,77051.19,77376.15,76576.87,77141.32,4067.0,1400,0.0
2026-05-26 14:00:00,77144.13,78000.96,76622.73,76819.79,7488.0,1400,0.0
2026-05-26 15:00:00,76809.95,76923.58,76164.4,76398.88,5619.0,1400,0.0
2026-05-26 16:00:00,76406.55,76610.06,76093.88,76462.26,3700.0,1400,0.0
2026-05-26 17:00:00,76454.7,76545.78,75732.78,75822.61,4074.0,1400,0.0
2026-05-26 18:00:00,75827.67,76174.09,75631.31,75722.02,2685.0,1400,0.0
2026-05-26 19:00:00,75723.28,75971.59,75673.73,75916.74,2101.0,1400,0.0
2026-05-26 20:00:00,75921.84,76074.03,75872.28,76007.82,1808.0,1400,0.0
2026-05-26 21:00:00,76007.52,76015.8,75734.11,75794.29,1490.0,1400,0.0
2026-05-26 22:00:00,75795.25,75900.33,75550.38,75633.26,2126.0,1400,0.0
2026-05-26 23:00:00,75633.45,75884.41,75633.45,75822.51,1735.0,1400,0.0
2026-05-27 00:00:00,75822.6,75983.26,75760.17,75966.0,1818.0,1400,0.0
2026-05-27 01:00:00,75971.0,76003.51,75702.0,75762.2,1895.0,1400,0.0
2026-05-27 02:00:00,75764.15,75791.38,75564.65,75757.88,1798.0,1400,0.0
2026-05-27 03:00:00,75753.94,75844.54,75465.22,75544.38,1820.0,1400,0.0
2026-05-27 04:00:00,75542.95,75589.43,75183.36,75437.99,2161.0,1400,0.0
2026-05-27 05:00:00,75440.04,75624.95,75440.04,75588.49,1747.0,1400,0.0
2026-05-27 06:00:00,75587.16,75781.64,75554.81,75711.63,1620.0,1400,0.0
2026-05-27 07:00:00,75711.13,75856.54,75631.44,75845.82,1560.0,1400,0.0
2026-05-27 08:00:00,75837.91,75957.45,75713.92,75756.58,1591.0,1400,0.0
2026-05-27 09:00:00,75752.28,75858.93,75579.28,75789.78,1550.0,1400,0.0
2026-05-27 10:00:00,75798.57,75921.7,75738.38,75778.34,1527.0,1400,0.0
2026-05-27 11:00:00,75777.64,75908.33,75622.07,75646.76,1670.0,1400,0.0
2026-05-27 12:00:00,75648.57,76057.33,75432.81,75569.4,3460.0,1400,0.0
2026-05-27 13:00:00,75562.9,75645.81,74729.55,74937.95,5982.0,1400,0.0
2026-05-27 14:00:00,74939.14,75135.7,74625.62,74893.03,5044.0,1400,0.0
2026-05-27 15:00:00,74895.52,75391.86,74837.62,75199.2,3736.0,1400,0.0
2026-05-27 16:00:00,75201.81,75279.85,74858.0,75169.38,2844.0,1400,0.0
2026-05-27 17:00:00,75171.47,75221.72,74536.78,74728.68,3478.0,1400,0.0
2026-05-27 18:00:00,74728.06,74890.17,74513.63,74888.11,2872.0,1400,0.0
2026-05-27 19:00:00,74885.18,74962.73,74790.67,74921.74,2158.0,1400,0.0
2026-05-27 20:00:00,74921.83,75285.83,74901.01,75126.12,1763.0,1400,0.0
2026-05-27 21:00:00,75126.04,75131.94,74221.4,74366.31,4389.0,1400,0.0
2026-05-27 22:00:00,74368.98,74654.28,74138.38,74314.0,4040.0,1400,0.0
2026-05-27 23:00:00,74314.69,74452.33,74113.98,74322.87,2448.0,1400,0.0
2026-05-28 00:00:00,74317.44,74461.11,74233.37,74433.19,2442.0,1400,0.0
2026-05-28 01:00:00,74436.12,74464.24,74010.96,74219.25,3489.0,1400,0.0
2026-05-28 02:00:00,74219.62,74282.36,73979.78,74161.09,2641.0,1400,0.0
2026-05-28 03:00:00,74168.82,74254.36,72951.58,73138.3,6790.0,1400,0.0
2026-05-28 04:00:00,73138.24,73141.9,72582.5,73050.41,4773.0,1400,0.0
2026-05-28 05:00:00,73055.72,73055.72,72777.98,72873.92,2452.0,1400,0.0
2026-05-28 06:00:00,72873.76,73090.53,72631.44,73077.64,2248.0,1400,0.0
2026-05-28 07:00:00,73081.72,73383.06,73012.81,73355.92,2030.0,1400,0.0
2026-05-28 08:00:00,73354.72,73373.12,73060.93,73196.22,1920.0,1400,0.0
2026-05-28 09:00:00,73195.35,73442.15,73125.54,73406.92,1715.0,1400,0.0
2026-05-28 10:00:00,73406.84,73502.92,73213.68,73265.02,1740.0,1400,0.0
2026-05-28 11:00:00,73263.82,73410.66,73178.24,73379.63,1731.0,1400,0.0
2026-05-28 12:00:00,73381.15,73458.64,73115.85,73400.19,2102.0,1400,0.0
2026-05-28 13:00:00,73398.36,73458.21,72629.48,72883.76,4153.0,1400,0.0
2026-05-28 14:00:00,72884.74,73450.64,72446.29,72895.63,8099.0,1400,0.0
2026-05-28 15:00:00,72902.12,73062.38,72555.75,72799.29,3713.0,1400,0.0
2026-05-28 16:00:00,72797.0,73321.32,72590.3,73318.23,3613.0,1400,0.0
2026-05-28 17:00:00,73327.76,73639.02,73179.8,73440.18,2784.0,1400,0.0
2026-05-28 18:00:00,73439.94,73644.31,73388.21,73533.0,2317.0,1400,0.0
2026-05-28 19:00:00,73534.01,73534.01,73251.43,73303.67,2016.0,1400,0.0
2026-05-28 20:00:00,73300.92,73616.22,73122.53,73466.89,2071.0,1400,0.0
2026-05-28 21:00:00,73471.28,73816.46,73449.83,73717.97,1814.0,1400,0.0
2026-05-28 22:00:00,73714.58,73859.1,73337.1,73378.62,1635.0,1400,0.0
2026-05-28 23:00:00,73378.52,73613.98,73376.58,73510.53,1348.0,1400,0.0
2026-05-29 00:00:00,73515.88,73759.26,73514.23,73626.6,2017.0,1400,0.0
2026-05-29 01:00:00,73631.36,73771.07,73349.91,73481.95,2059.0,1400,0.0
2026-05-29 02:00:00,73479.15,73545.42,73075.65,73123.94,1991.0,1400,0.0
2026-05-29 03:00:00,73125.86,73356.03,73125.86,73199.53,1663.0,1400,0.0
2026-05-29 04:00:00,73199.46,73410.02,73090.92,73394.99,1627.0,1400,0.0
2026-05-29 05:00:00,73394.53,73625.35,73376.49,73593.0,1741.0,1400,0.0
2026-05-29 06:00:00,73594.99,73842.88,73526.98,73686.43,1578.0,1400,0.0
2026-05-29 07:00:00,73687.55,73726.87,73266.89,73431.29,1766.0,1400,0.0
2026-05-29 08:00:00,73421.86,73739.07,73407.31,73562.86,1867.0,1400,0.0
2026-05-29 09:00:00,73562.79,73802.29,73540.45,73647.42,1521.0,1400,0.0
2026-05-29 10:00:00,73647.24,73647.48,73481.25,73528.56,1318.0,1400,0.0
2026-05-29 11:00:00,73526.5,73600.86,73235.36,73379.91,1598.0,1400,0.0
2026-05-29 12:00:00,73381.39,73381.39,73092.43,73189.45,1953.0,1400,0.0
2026-05-29 13:00:00,73189.38,73234.52,72787.01,73038.65,3980.0,1400,0.0
2026-05-29 14:00:00,73041.5,73124.06,72377.72,72976.15,6433.0,1400,0.0
2026-05-29 15:00:00,72979.16,74104.03,72876.62,73699.62,7317.0,1400,0.0
2026-05-29 16:00:00,73700.85,74024.47,73452.07,73951.9,4280.0,1400,0.0
2026-05-29 17:00:00,73960.83,74227.81,73794.43,73858.41,3295.0,1400,0.0
2026-05-29 18:00:00,73868.62,73962.87,73062.55,73271.81,3571.0,1400,0.0
2026-05-29 19:00:00,73269.87,73629.81,73124.3,73408.95,2717.0,1400,0.0
2026-05-29 20:00:00,73407.11,73669.3,73402.37,73584.66,1970.0,1400,0.0
2026-05-29 21:00:00,73580.6,73757.06,73286.14,73315.05,1759.0,1400,0.0
2026-05-29 22:00:00,73314.96,73471.77,73261.95,73375.81,1544.0,1400,0.0
2026-05-29 23:00:00,73369.44,73417.76,73209.06,73363.88,1476.0,1400,0.0
2026-05-30 00:00:00,73373.48,73478.83,73297.3,73402.82,1566.0,1400,0.0
2026-05-30 01:00:00,73403.01,73572.38,73360.69,73559.8,1242.0,1400,0.0
2026-05-30 02:00:00,73554.5,73686.64,73505.72,73681.28,1083.0,1400,0.0
2026-05-30 03:00:00,73682.26,73698.16,73413.82,73425.0,1249.0,1400,0.0
2026-05-30 04:00:00,73425.34,73485.34,73081.22,73300.11,1862.0,1400,0.0
2026-05-30 05:00:00,73304.27,73538.56,73243.58,73495.15,1535.0,1400,0.0
2026-05-30 06:00:00,73497.93,73623.02,73420.63,73487.14,1254.0,1400,0.0
2026-05-30 07:00:00,73485.98,73502.56,73376.15,73449.87,1038.0,1400,0.0
2026-05-30 08:00:00,73445.52,73469.93,73391.42,73427.8,1003.0,1400,0.0
2026-05-30 09:00:00,73416.87,73518.92,73398.69,73506.32,937.0,1400,0.0
2026-05-30 10:00:00,73506.75,73581.65,73484.69,73541.5,1139.0,1400,0.0
2026-05-30 11:00:00,73542.34,73554.14,73452.29,73497.1,941.0,1400,0.0
2026-05-30 12:00:00,73502.17,73631.38,73480.06,73586.35,973.0,1400,0.0
2026-05-30 13:00:00,73592.79,73745.37,73560.95,73726.09,1196.0,1400,0.0
2026-05-30 14:00:00,73720.15,74006.65,73694.75,73826.32,1972.0,1400,0.0
2026-05-30 15:00:00,73823.01,73938.14,73716.73,73806.82,1531.0,1400,0.0
2026-05-30 16:00:00,73810.07,73876.09,73763.48,73829.44,1175.0,1400,0.0
2026-05-30 17:00:00,73824.2,73922.56,73692.72,73902.76,1301.0,1400,0.0
2026-05-30 18:00:00,73897.25,74036.67,73814.51,73929.1,1244.0,1400,0.0
2026-05-30 19:00:00,73931.32,73960.89,73846.76,73901.62,1161.0,1400,0.0
2026-05-30 20:00:00,73895.68,73907.99,73801.97,73863.61,1161.0,1400,0.0
2026-05-30 21:00:00,73866.57,73953.31,73815.71,73881.18,1158.0,1400,0.0
2026-05-30 22:00:00,73873.16,73873.16,73669.63,73764.24,1369.0,1400,0.0
2026-05-30 23:00:00,73772.54,73894.55,73670.96,73777.74,1221.0,1400,0.0
2026-05-31 00:00:00,73776.15,73932.39,73733.7,73910.23,1274.0,1400,0.0
2026-05-31 01:00:00,73912.2,74171.98,73897.59,73943.77,1605.0,1400,0.0
2026-05-31 02:00:00,73944.91,74136.9,73751.34,73976.46,1733.0,1400,0.0
2026-05-31 03:00:00,73976.45,74114.4,73943.86,74037.7,1386.0,1400,0.0
2026-05-31 04:00:00,74037.44,74111.43,73985.79,74063.77,1200.0,1400,0.0
2026-05-31 05:00:00,74067.34,74099.24,73942.95,73947.0,1177.0,1400,0.0
2026-05-31 06:00:00,73949.46,73998.22,73876.09,73938.35,1048.0,1400,0.0
2026-05-31 07:00:00,73932.07,73936.42,73709.76,73757.88,1181.0,1400,0.0
2026-05-31 08:00:00,73757.8,73874.78,73731.7,73830.83,1211.0,1400,0.0
2026-05-31 09:00:00,73834.59,73921.62,73691.66,73739.54,1148.0,1400,0.0
2026-05-31 10:00:00,73738.94,73789.09,73613.27,73780.98,1302.0,1400,0.0
2026-05-31 11:00:00,73785.88,73869.15,73778.91,73832.55,1117.0,1400,0.0
2026-05-31 12:00:00,73828.03,73899.45,73752.54,73804.08,1220.0,1400,0.0
2026-05-31 13:00:00,73807.79,73914.67,73684.36,73760.41,1111.0,1400,0.0
2026-05-31 14:00:00,73760.4,73760.4,73357.97,73509.01,2829.0,1400,0.0
2026-05-31 15:00:00,73509.69,73677.67,73476.44,73535.88,1342.0,1400,0.0
2026-05-31 16:00:00,73543.45,73621.99,73281.45,73432.4,1890.0,1400,0.0
2026-05-31 17:00:00,73426.71,73640.47,73350.26,73608.57,1243.0,1400,0.0
2026-05-31 18:00:00,73607.7,73608.53,73460.06,73500.55,1221.0,1400,0.0
2026-05-31 19:00:00,73498.38,73542.72,73337.61,73442.61,1256.0,1400,0.0
2026-05-31 20:00:00,73442.73,73660.73,73442.73,73633.57,1283.0,1400,0.0
2026-05-31 21:00:00,73632.75,73827.04,73511.75,73782.01,2088.0,1400,0.0
2026-05-31 22:00:00,73781.56,73897.48,73571.19,73841.9,2236.0,1400,0.0
2026-05-31 23:00:00,73845.9,74107.22,73392.01,73582.48,2512.0,1400,0.0
2026-06-01 00:00:00,73583.58,73993.97,73536.99,73782.28,2890.0,1400,0.0
2026-06-01 01:00:00,73777.37,73820.1,73166.84,73197.51,3057.0,1400,0.0
2026-06-01 02:00:00,73196.28,73790.37,73104.61,73686.49,2909.0,1400,0.0
2026-06-01 03:00:00,73685.61,73928.9,73617.51,73663.28,2401.0,1400,0.0
2026-06-01 04:00:00,73664.18,73749.21,73234.69,73424.15,2292.0,1400,0.0
2026-06-01 05:00:00,73418.87,73445.87,73211.26,73263.85,1787.0,1400,0.0
2026-06-01 06:00:00,73266.85,73285.21,72845.72,73041.33,2856.0,1400,0.0
2026-06-01 07:00:00,73037.83,73110.61,72593.66,72710.96,2846.0,1400,0.0
2026-06-01 08:00:00,72711.02,72840.42,72508.48,72814.49,2552.0,1400,0.0
2026-06-01 09:00:00,72813.75,73010.25,72727.9,72791.57,2067.0,1400,0.0
2026-06-01 10:00:00,72791.14,72823.06,72489.74,72667.14,1928.0,1400,0.0
2026-06-01 11:00:00,72668.3,72679.2,72129.53,72393.21,2312.0,1400,0.0
2026-06-01 12:00:00,72398.17,72525.35,71794.43,72118.66,4937.0,1400,0.0
2026-06-01 13:00:00,72117.55,72146.33,71259.12,71604.02,8809.0,1400,0.0
2026-06-01 14:00:00,71614.0,71779.02,71284.87,71445.28,5681.0,1400,0.0
2026-06-01 15:00:00,71450.24,71567.73,70932.16,71008.98,4595.0,1400,0.0
2026-06-01 16:00:00,71005.85,71513.85,70563.68,71447.73,4492.0,1400,0.0
2026-06-01 17:00:00,71448.98,71706.59,71353.76,71547.88,3873.0,1400,0.0
2026-06-01 18:00:00,71544.81,71595.45,71274.29,71404.7,2405.0,1400,0.0
2026-06-01 19:00:00,71399.82,71577.32,71285.11,71495.27,2308.0,1400,0.0
2026-06-01 20:00:00,71492.88,71612.32,71309.89,71360.8,1778.0,1400,0.0
2026-06-01 21:00:00,71359.65,71364.4,70842.22,70949.14,2515.0,1400,0.0
2026-06-01 22:00:00,70947.43,71372.16,70739.69,71305.31,2866.0,1400,0.0
2026-06-01 23:00:00,71306.11,71493.78,71127.78,71317.12,2333.0,1400,0.0
2026-06-02 00:00:00,71322.35,71325.21,70997.44,71191.45,2547.0,1400,0.0
2026-06-02 01:00:00,71195.4,71285.31,70483.14,70560.7,3576.0,1400,0.0
2026-06-02 02:00:00,70556.78,70783.5,69974.42,70752.98,5771.0,1400,0.0
2026-06-02 03:00:00,70749.77,70949.93,70690.08,70832.31,2497.0,1400,0.0
2026-06-02 04:00:00,70833.46,70948.87,70601.62,70708.13,2351.0,1400,0.0
2026-06-02 05:00:00,70704.84,70745.07,70144.88,70153.38,3635.0,1400,0.0
2026-06-02 06:00:00,70168.13,70340.23,69817.13,70002.95,3740.0,1400,0.0
2026-06-02 07:00:00,70003.48,70176.53,69610.58,70014.37,4458.0,1400,0.0
2026-06-02 08:00:00,70011.63,70076.79,69601.11,69728.86,3703.0,1400,0.0
2026-06-02 09:00:00,69732.95,69747.73,69206.12,69320.63,4546.0,1400,0.0
2026-06-02 10:00:00,69322.93,69653.36,69240.09,69526.47,2894.0,1400,0.0
2026-06-02 11:00:00,69526.25,69554.37,69285.48,69353.39,2263.0,1400,0.0
2026-06-02 12:00:00,69354.03,69438.19,68879.35,68898.66,3907.0,1400,0.0
2026-06-02 13:00:00,68908.31,69097.14,68624.73,68688.49,5785.0,1400,0.0
2026-06-02 14:00:00,68691.97,68717.68,67490.38,67891.57,11003.0,1400,0.0
2026-06-02 15:00:00,67881.68,67972.66,66940.94,67183.68,10590.0,1400,0.0
2026-06-02 16:00:00,67183.56,68034.58,67096.25,67309.91,6895.0,1400,0.0
2026-06-02 17:00:00,67310.79,67736.06,67246.84,67374.57,4439.0,1400,0.0
2026-06-02 18:00:00,67376.02,67555.05,66993.8,67218.09,3903.0,1400,0.0
2026-06-02 19:00:00,67221.48,67405.91,66316.73,67213.72,6940.0,1400,0.0
2026-06-02 20:00:00,67220.69,67581.58,66799.45,67482.25,5609.0,1400,0.0
2026-06-02 21:00:00,67490.68,67831.38,67305.52,67461.43,4029.0,1400,0.0
2026-06-02 22:00:00,67460.33,67460.33,66140.27,66300.15,8517.0,1400,0.0
2026-06-02 23:00:00,66297.17,66776.67,66084.7,66660.68,8766.0,1400,0.0
2026-06-03 00:00:00,66658.01,67122.18,66547.46,66834.86,4534.0,1400,0.0
2026-06-03 01:00:00,66837.28,66958.2,66367.09,66823.71,3965.0,1400,0.0
2026-06-03 02:00:00,66823.02,66852.12,66474.62,66518.69,3764.0,1400,0.0
2026-06-03 03:00:00,66516.88,66573.93,65317.76,65767.21,8311.0,1400,0.0
2026-06-03 04:00:00,65761.51,66536.76,65732.13,66384.24,5605.0,1400,0.0
2026-06-03 05:00:00,66383.8,67312.88,66371.69,67223.09,6499.0,1400,0.0
2026-06-03 06:00:00,67220.63,67426.7,66861.29,66897.68,4312.0,1400,0.0
2026-06-03 07:00:00,66892.31,67246.02,66767.76,67127.31,3264.0,1400,0.0
2026-06-03 08:00:00,67126.6,67174.47,66866.69,66927.37,3236.0,1400,0.0
2026-06-03 09:00:00,66925.42,67226.11,66549.18,66976.36,3244.0,1400,0.0
2026-06-03 10:00:00,66977.05,67390.75,66965.44,67193.59,2975.0,1400,0.0
2026-06-03 11:00:00,67196.32,67279.29,66955.42,66972.81,2165.0,1400,0.0
2026-06-03 12:00:00,66974.08,67075.94,66683.69,66990.47,3371.0,1400,0.0
2026-06-03 13:00:00,66995.26,67158.29,66524.06,66803.08,7531.0,1400,0.0
2026-06-03 14:00:00,66796.66,66892.48,66533.56,66762.76,7587.0,1400,0.0
2026-06-03 15:00:00,66763.73,66800.49,65960.18,65983.01,7325.0,1400,0.0
2026-06-03 16:00:00,65986.69,66287.4,65448.45,65964.86,10251.0,1400,0.0
2026-06-03 17:00:00,65969.33,66098.57,65603.92,65876.07,5471.0,1400,0.0
2026-06-03 18:00:00,65876.29,66089.94,65641.44,65941.17,4301.0,1400,0.0
2026-06-03 19:00:00,65939.14,65968.3,65138.5,65382.79,5053.0,1400,0.0
2026-06-03 20:00:00,65373.79,65519.04,64651.21,64910.41,7187.0,1400,0.0
2026-06-03 21:00:00,64907.76,65766.61,64855.18,65674.96,6398.0,1400,0.0
2026-06-03 22:00:00,65673.15,65759.2,64675.36,64817.35,9583.0,1400,0.0
2026-06-03 23:00:00,64814.94,64897.66,63987.29,64055.82,9251.0,1400,0.0
2026-06-04 00:00:00,64049.4,64339.4,62905.13,63252.26,14902.0,1400,0.0
2026-06-04 01:00:00,63253.91,63418.89,62016.28,62105.6,19673.0,1400,0.0
2026-06-04 02:00:00,62103.7,63565.78,61308.32,63146.54,17697.0,1400,0.0
2026-06-04 03:00:00,63149.66,64450.87,63138.1,64289.06,9103.0,1400,0.0
2026-06-04 04:00:00,64292.12,64698.88,64187.64,64333.43,6149.0,1400,0.0
2026-06-04 05:00:00,64328.48,64328.48,63577.9,63887.72,7717.0,1400,0.0
2026-06-04 06:00:00,63885.13,64434.4,63819.97,63976.81,5853.0,1400,0.0
2026-06-04 07:00:00,63980.41,64012.41,63415.3,63531.45,5622.0,1400,0.0
2026-06-04 08:00:00,63532.61,63841.12,63168.0,63538.28,8168.0,1400,0.0
2026-06-04 09:00:00,63538.63,63559.73,62621.06,63169.45,9153.0,1400,0.0
2026-06-04 10:00:00,63181.05,63196.36,62207.61,62343.32,8343.0,1400,0.0
2026-06-04 11:00:00,62345.5,62771.72,62124.52,62483.62,7248.0,1008,0.0
2026-06-04 12:00:00,62481.74,63912.75,62306.6,63704.18,14253.0,1008,0.0
2026-06-04 13:00:00,63704.97,64196.35,62995.96,64167.97,17154.0,1008,0.0
2026-06-04 14:00:00,64169.65,64436.49,63725.95,63887.77,11200.0,1008,0.0
2026-06-04 15:00:00,63882.98,64344.24,63610.42,63820.84,8218.0,1008,0.0
2026-06-04 16:00:00,63825.69,63852.44,63361.1,63477.44,7719.0,1008,0.0
2026-06-04 17:00:00,63470.93,63646.37,62854.85,63447.87,8506.0,1008,0.0
2026-06-04 18:00:00,63448.88,64037.65,63056.35,63724.94,7596.0,1008,0.0
2026-06-04 19:00:00,63724.81,64085.38,63446.95,63538.09,6498.0,1008,0.0
2026-06-04 20:00:00,63541.51,63602.86,63108.43,63573.65,6321.0,1008,0.0
2026-06-04 21:00:00,63575.9,63817.67,63037.88,63219.31,5343.0,1008,0.0
2026-06-04 22:00:00,63216.63,63701.92,63122.39,63661.59,10147.0,1008,0.0
2026-06-04 23:00:00,63661.55,63855.79,63297.89,63804.36,4717.0,1008,0.0
2026-06-05 00:00:00,63801.02,63907.63,63318.62,63354.92,6536.0,1008,0.0
2026-06-05 01:00:00,63353.15,63504.54,62964.02,63296.94,8098.0,1008,0.0
2026-06-05 02:00:00,63300.54,63366.71,62509.36,62551.92,8583.0,1008,0.0
2026-06-05 03:00:00,62554.45,62826.72,62261.04,62663.03,7823.0,1008,0.0
2026-06-05 04:00:00,62659.61,63585.18,62417.72,63541.97,7882.0,1008,0.0
2026-06-05 05:00:00,63542.71,63623.48,62202.21,62275.45,9595.0,1008,0.0
2026-06-05 06:00:00,62268.11,62572.35,61054.4,61889.18,23367.0,1008,0.0
2026-06-05 07:00:00,61887.08,63065.13,61312.27,63052.98,17075.0,1008,0.0
2026-06-05 08:00:00,63058.79,63067.65,62221.07,62406.65,8888.0,1008,0.0
2026-06-05 09:00:00,62408.05,63208.84,62382.66,62816.71,8666.0,1008,0.0
2026-06-05 10:00:00,62819.77,62888.59,62315.75,62493.5,5870.0,1008,0.0
2026-06-05 11:00:00,62493.07,62596.95,61892.0,61892.0,7185.0,1008,0.0
2026-06-05 12:00:00,61893.92,62407.98,61547.98,61913.57,13952.0,1008,0.0
2026-06-05 13:00:00,61913.94,62287.15,60672.44,60678.37,17506.0,1008,0.0
2026-06-05 14:00:00,60680.4,61199.43,60293.55,60833.15,21975.0,1008,0.0
2026-06-05 15:00:00,60826.05,61096.19,60002.81,60390.49,16734.0,1008,0.0
2026-06-05 16:00:00,60388.14,61528.07,59738.84,61347.31,25890.0,1008,0.0
2026-06-05 17:00:00,61346.18,61479.6,60601.26,60763.87,11787.0,1008,0.0
2026-06-05 18:00:00,60766.99,60912.33,59091.77,59359.96,16460.0,1008,0.0
2026-06-05 19:00:00,59351.51,60430.65,59073.29,60262.83,20075.0,1008,0.0
2026-06-05 20:00:00,60260.43,61785.14,59908.25,61605.4,15700.0,1008,0.0
2026-06-05 21:00:00,61601.03,61988.73,61405.64,61637.79,9434.0,1008,0.0
2026-06-05 22:00:00,61635.97,61952.79,61183.99,61567.9,15082.0,1008,0.0
2026-06-05 23:00:00,61561.28,61755.8,60490.45,61028.97,9121.0,1008,0.0
2026-06-06 00:00:00,61031.46,61513.37,61027.04,61250.49,6255.0,1008,0.0
2026-06-06 01:00:00,61249.57,61361.79,60927.18,61030.4,4783.0,1008,0.0
2026-06-06 02:00:00,61037.2,61169.32,60651.21,60926.45,5867.0,1008,0.0
2026-06-06 03:00:00,60923.37,60950.93,60489.84,60668.97,6089.0,1008,0.0
2026-06-06 04:00:00,60659.53,60853.3,59471.19,60084.3,15032.0,1008,0.0
2026-06-06 05:00:00,60085.64,61050.94,59595.18,60912.69,14102.0,1008,0.0
2026-06-06 06:00:00,60913.89,61248.35,60646.46,60763.65,8067.0,1008,0.0
2026-06-06 07:00:00,60765.63,61209.27,60696.36,60977.8,4957.0,1008,0.0
2026-06-06 08:00:00,60977.38,61473.2,60847.81,61239.17,5331.0,1008,0.0
2026-06-06 09:00:00,61237.05,61294.07,60844.31,60950.39,4699.0,1008,0.0
2026-06-06 10:00:00,60953.25,60953.25,60154.27,60555.68,7752.0,1008,0.0
2026-06-06 11:00:00,60557.47,60946.79,60520.44,60781.81,4586.0,1008,0.0
2026-06-06 12:00:00,60778.5,61156.99,60596.33,61004.99,5237.0,1008,0.0
2026-06-06 13:00:00,61009.21,61072.68,60670.27,60781.86,4762.0,1008,0.0
2026-06-06 14:00:00,60765.52,60990.42,60732.62,60768.66,4682.0,1008,0.0
2026-06-06 15:00:00,60767.52,60905.08,60359.78,60751.55,6336.0,1008,0.0
2026-06-06 16:00:00,60746.6,60946.61,60418.56,60751.96,5102.0,1008,0.0
2026-06-06 17:00:00,60753.61,60819.22,60468.77,60550.86,3868.0,1008,0.0
2026-06-06 18:00:00,60549.84,60717.18,60362.15,60608.43,3888.0,1008,0.0
2026-06-06 19:00:00,60605.17,60757.97,60499.83,60571.2,2981.0,1008,0.0
2026-06-06 20:00:00,60566.05,60735.67,60480.23,60686.18,2887.0,1008,0.0
2026-06-06 21:00:00,60679.59,60978.35,60669.14,60721.29,2397.0,1008,0.0
2026-06-06 22:00:00,60723.36,60793.24,60389.96,60510.52,4157.0,1008,0.0
2026-06-06 23:00:00,60523.83,60912.75,60511.58,60847.7,2869.0,1008,0.0
2026-06-07 00:00:00,60845.51,60967.94,60714.31,60749.84,2857.0,1008,0.0
2026-06-07 01:00:00,60752.22,61647.89,60722.1,61443.83,6954.0,1008,0.0
2026-06-07 02:00:00,61446.41,61545.09,61145.35,61476.45,4021.0,1008,0.0
2026-06-07 03:00:00,61476.64,61763.16,61380.26,61665.53,3846.0,1008,0.0
2026-06-07 04:00:00,61663.17,61870.35,61452.27,61853.31,3361.0,1008,0.0
2026-06-07 05:00:00,61853.49,62135.37,61616.15,61715.24,4994.0,1008,0.0
2026-06-07 06:00:00,61715.43,62258.79,61580.77,62082.78,5036.0,1008,0.0
2026-06-07 07:00:00,62076.18,62390.4,61945.11,62370.13,3128.0,1008,0.0
2026-06-07 08:00:00,62370.86,62948.26,62225.95,62818.37,5416.0,1008,0.0
2026-06-07 09:00:00,62819.14,62896.39,62380.12,62508.3,4237.0,1008,0.0
2026-06-07 10:00:00,62513.22,62553.42,62273.79,62348.75,3746.0,1008,0.0
2026-06-07 11:00:00,62347.71,62740.47,62337.01,62608.03,3293.0,1008,0.0
2026-06-07 12:00:00,62602.15,62622.11,61530.75,61871.17,9856.0,1008,0.0
2026-06-07 13:00:00,61868.95,61885.44,61629.21,61674.1,4260.0,1008,0.0
2026-06-07 14:00:00,61678.14,62285.4,61669.89,61873.6,5731.0,1008,0.0
2026-06-07 15:00:00,61872.36,62203.51,61638.53,62072.38,4909.0,1008,0.0
2026-06-07 16:00:00,62071.2,62329.51,61932.03,62056.7,4494.0,1008,0.0
2026-06-07 17:00:00,62056.61,62302.85,62016.28,62131.63,3586.0,1008,0.0
2026-06-07 18:00:00,62132.99,62275.09,61982.85,62004.71,2651.0,1008,0.0
2026-06-07 19:00:00,62005.49,62015.25,61144.54,61302.62,7009.0,1008,0.0
2026-06-07 20:00:00,61300.84,61946.83,61184.06,61842.2,4614.0,1008,0.0
2026-06-07 21:00:00,61834.36,61985.05,61612.17,61751.35,3426.0,1008,0.0
2026-06-07 22:00:00,61754.4,64251.47,61688.06,62846.56,18879.0,1008,0.0
2026-06-07 23:00:00,62841.37,63439.57,62763.1,63296.14,6314.0,1008,0.0
2026-06-08 00:00:00,63297.59,63859.52,63114.67,63601.35,7488.0,1008,0.0
2026-06-08 01:00:00,63608.72,63629.51,62678.34,63184.02,9713.0,1008,0.0
2026-06-08 02:00:00,63187.46,63243.71,62881.42,63091.53,4949.0,1008,0.0
2026-06-08 03:00:00,63091.83,63441.58,62942.86,63098.47,3861.0,1008,0.0
2026-06-08 04:00:00,63101.16,63149.14,62608.49,62648.06,4715.0,1008,0.0
2026-06-08 05:00:00,62658.03,62794.89,62371.36,62734.18,5286.0,1008,0.0
2026-06-08 06:00:00,62733.08,63114.44,62687.06,62958.84,4870.0,1008,0.0
2026-06-08 07:00:00,62963.45,63305.47,62768.68,63246.72,4715.0,1008,0.0
2026-06-08 08:00:00,63247.39,63247.39,62937.64,63084.66,4286.0,1008,0.0
2026-06-08 09:00:00,63089.51,63535.69,63070.74,63450.33,4972.0,1008,0.0
2026-06-08 10:00:00,63446.31,63506.68,63036.73,63113.57,3951.0,1008,0.0
2026-06-08 11:00:00,63114.1,63842.05,62996.83,63442.13,5902.0,1008,0.0
2026-06-08 12:00:00,63446.28,63917.01,62652.34,63815.22,9655.0,1008,0.0
2026-06-08 13:00:00,63817.04,63906.68,63309.58,63708.1,11144.0,1000,0.0
2026-06-08 14:00:00,63714.51,64066.55,63519.92,63940.05,9403.0,1000,0.0
2026-06-08 15:00:00,63941.07,64194.07,63670.99,63739.92,7860.0,1000,0.0
2026-06-08 16:00:00,63740.6,64021.18,63425.59,63491.69,5723.0,1000,0.0
2026-06-08 17:00:00,63493.36,63621.24,63210.53,63517.1,5332.0,1000,0.0
2026-06-08 18:00:00,63515.01,63667.82,63304.44,63444.3,3651.0,1000,0.0
2026-06-08 19:00:00,63443.54,63575.0,63322.81,63361.33,4026.0,1000,0.0
2026-06-08 20:00:00,63360.25,63468.76,63137.19,63468.76,3176.0,1000,0.0
2026-06-08 21:00:00,63471.05,63844.98,63458.64,63705.75,3055.0,1000,0.0
2026-06-08 22:00:00,63707.54,63707.54,63187.86,63427.68,3503.0,1000,0.0
2026-06-08 23:00:00,63419.68,63579.79,62947.15,63065.32,4943.0,1000,0.0
2026-06-09 00:00:00,63064.97,63166.18,62391.41,62525.56,7117.0,1000,0.0
2026-06-09 01:00:00,62525.58,62859.88,62518.62,62741.52,4952.0,1000,0.0
2026-06-09 02:00:00,62742.35,62854.2,62504.42,62845.71,4299.0,1000,0.0
2026-06-09 03:00:00,62846.65,62953.69,62666.22,62837.8,3334.0,1000,0.0
2026-06-09 04:00:00,62838.61,63398.67,62716.62,63202.83,4478.0,1000,0.0
2026-06-09 05:00:00,63203.99,63499.5,63079.59,63306.76,3414.0,1000,0.0
2026-06-09 06:00:00,63308.16,63474.94,63185.57,63262.09,2808.0,1000,0.0
2026-06-09 07:00:00,63264.8,63406.99,62963.15,63160.49,2883.0,1000,0.0
2026-06-09 08:00:00,63163.59,63175.06,62711.93,62811.23,3674.0,1000,0.0
2026-06-09 09:00:00,62817.72,62921.71,62549.49,62685.19,2984.0,1000,0.0
2026-06-09 10:00:00,62685.29,62805.27,62551.88,62744.56,2899.0,1000,0.0
2026-06-09 11:00:00,62744.48,62785.0,62458.95,62667.03,2850.0,1000,0.0
2026-06-09 12:00:00,62664.93,62868.62,62395.21,62600.08,3673.0,1000,0.0
2026-06-09 13:00:00,62605.14,62714.55,62105.32,62236.7,7895.0,1000,0.0
2026-06-09 14:00:00,62226.71,62357.71,61083.36,61492.85,15045.0,1000,0.0
2026-06-09 15:00:00,61501.24,61671.68,60982.78,61082.04,10046.0,1000,0.0
2026-06-09 16:00:00,61079.85,61458.63,60727.23,61349.3,13180.0,1000,0.0
2026-06-09 17:00:00,61350.11,61842.94,61341.01,61648.6,8234.0,1000,0.0
2026-06-09 18:00:00,61648.66,61919.94,61536.75,61733.85,5799.0,1000,0.0
2026-06-09 19:00:00,61730.26,62059.41,61660.82,62042.72,5217.0,1000,0.0
2026-06-09 20:00:00,62043.91,62231.03,61901.25,62110.13,3059.0,1000,0.0
2026-06-09 21:00:00,62110.15,62130.41,61632.48,61701.99,2535.0,1000,0.0
2026-06-09 22:00:00,61707.46,61935.23,61611.25,61682.33,3237.0,1000,0.0
2026-06-09 23:00:00,61685.81,61840.69,61503.02,61682.23,3523.0,1000,0.0
2026-06-10 00:00:00,61687.04,61903.4,61393.76,61879.21,4636.0,1000,0.0
2026-06-10 01:00:00,61877.74,61942.41,61533.99,61671.74,5113.0,1000,0.0
2026-06-10 02:00:00,61670.68,61798.72,61189.02,61261.72,4776.0,1000,0.0
2026-06-10 03:00:00,61257.3,61558.75,61235.0,61504.71,3446.0,1000,0.0
2026-06-10 04:00:00,61501.68,61524.37,61141.5,61254.49,3465.0,1000,0.0
2026-06-10 05:00:00,61256.31,61354.77,61032.69,61309.55,3569.0,1000,0.0
2026-06-10 06:00:00,61308.93,61480.36,61090.16,61416.13,3286.0,1000,0.0
2026-06-10 07:00:00,61412.86,61758.48,61380.77,61641.23,3481.0,1000,0.0
2026-06-10 08:00:00,61642.3,61696.8,61114.83,61218.48,4256.0,1000,0.0
2026-06-10 09:00:00,61219.01,61381.58,60677.19,61290.81,5222.0,1000,0.0
2026-06-10 10:00:00,61293.3,61410.87,61092.3,61331.93,3477.0,1000,0.0
2026-06-10 11:00:00,61334.27,61387.56,60806.19,60972.29,6892.0,1000,0.0
2026-06-10 12:00:00,60978.26,61903.71,60902.45,61510.95,8879.0,1000,0.0
2026-06-10 13:00:00,61510.57,62414.32,61379.86,62105.42,9981.0,1000,0.0
2026-06-10 14:00:00,62092.35,62209.55,61758.01,62144.34,9264.0,1000,0.0
2026-06-10 15:00:00,62149.64,62816.78,61786.58,62582.83,10941.0,1000,0.0
2026-06-10 16:00:00,62588.89,62603.7,61868.77,62169.0,7732.0,1000,0.0
2026-06-10 17:00:00,62169.25,62310.52,61589.78,61925.88,7487.0,1000,0.0
2026-06-10 18:00:00,61926.53,62107.7,61520.32,61825.22,5640.0,1000,0.0
2026-06-10 19:00:00,61826.61,62005.37,61608.5,61881.33,5397.0,1000,0.0
2026-06-10 20:00:00,61874.63,61892.49,61611.86,61735.88,3828.0,1000,0.0
2026-06-10 21:00:00,61734.65,61742.15,61117.13,61293.43,3922.0,1000,0.0
2026-06-10 22:00:00,61293.52,61519.43,61032.12,61324.25,5427.0,1000,0.0
2026-06-10 23:00:00,61317.2,61556.79,61099.74,61449.09,3891.0,1000,0.0
2026-06-11 00:00:00,61450.27,61923.06,61450.27,61760.83,4417.0,1000,0.0
2026-06-11 01:00:00,61760.65,62319.26,61759.09,62146.74,4225.0,1000,0.0
2026-06-11 02:00:00,62146.65,62242.86,61873.89,62068.85,3719.0,1000,0.0
2026-06-11 03:00:00,62073.81,62827.23,61932.6,62600.09,4356.0,1000,0.0
2026-06-11 04:00:00,62605.12,62779.66,62463.7,62646.93,3328.0,1000,0.0
2026-06-11 05:00:00,62647.28,62656.97,62485.33,62539.79,2763.0,1000,0.0
2026-06-11 06:00:00,62545.16,62943.54,62459.71,62687.97,3313.0,1000,0.0
2026-06-11 07:00:00,62686.04,62767.84,62532.4,62647.16,2401.0,1000,0.0
2026-06-11 08:00:00,62642.21,62984.93,62638.33,62882.69,2372.0,1000,0.0
2026-06-11 09:00:00,62879.97,62924.75,62706.23,62853.04,2100.0,1000,0.0
2026-06-11 10:00:00,62853.13,63148.91,62720.73,63074.89,2791.0,1000,0.0
2026-06-11 11:00:00,63073.46,63201.94,62977.78,63047.39,2929.0,1000,0.0
2026-06-11 12:00:00,63047.23,63136.08,62427.55,62934.58,6711.0,1000,0.0
2026-06-11 13:00:00,62935.84,63174.5,62598.37,63019.4,6335.0,1000,0.0
2026-06-11 14:00:00,63016.93,63032.05,62659.42,62662.06,6769.0,1000,0.0
2026-06-11 15:00:00,62657.85,62821.84,62453.14,62683.06,5957.0,1000,0.0
2026-06-11 16:00:00,62682.72,62773.03,62474.74,62502.98,4509.0,1000,0.0
2026-06-11 17:00:00,62502.19,63600.42,62267.63,63566.23,11368.0,1000,0.0
2026-06-11 18:00:00,63563.4,63723.02,63244.06,63388.94,5834.0,1000,0.0
2026-06-11 19:00:00,63385.92,63873.2,63309.52,63540.16,5161.0,1000,0.0
2026-06-11 20:00:00,63567.27,63608.07,63203.77,63328.88,2492.0,1000,0.0
2026-06-11 21:00:00,63328.56,63543.49,63325.98,63459.06,2049.0,1000,0.0
2026-06-11 22:00:00,63459.57,63618.46,63390.92,63437.5,2475.0,1000,0.0
2026-06-11 23:00:00,63439.97,63673.62,63289.7,63562.96,2431.0,1000,0.0
2026-06-12 00:00:00,63562.21,63742.71,63449.9,63575.65,2738.0,1000,0.0
2026-06-12 01:00:00,63576.94,63576.94,63221.56,63348.92,3141.0,1000,0.0
2026-06-12 02:00:00,63350.35,63700.91,63349.42,63535.83,2587.0,1000,0.0
2026-06-12 03:00:00,63540.39,63569.05,63261.38,63429.67,2252.0,1000,0.0
2026-06-12 04:00:00,63431.81,63784.89,63334.16,63608.52,2686.0,1000,0.0
2026-06-12 05:00:00,63614.79,63639.98,63210.49,63261.28,2720.0,1000,0.0
2026-06-12 06:00:00,63262.26,63331.61,62749.02,62905.84,3767.0,1000,0.0
2026-06-12 07:00:00,62907.23,63128.88,62861.29,63019.72,2915.0,1000,0.0
2026-06-12 08:00:00,63018.37,63539.16,63011.91,63386.37,3398.0,1000,0.0
2026-06-12 09:00:00,63385.01,63887.4,63343.53,63685.8,3457.0,1000,0.0
2026-06-12 10:00:00,63685.1,63781.67,63500.71,63622.42,2988.0,1000,0.0
2026-06-12 11:00:00,63622.24,63818.67,63607.38,63684.98,2868.0,1000,0.0
2026-06-12 12:00:00,63683.3,63701.04,63299.33,63393.25,3481.0,1000,0.0
2026-06-12 13:00:00,63392.26,63465.68,62976.76,63153.47,6397.0,1000,0.0
2026-06-12 14:00:00,63153.23,63963.74,63113.23,63945.84,8523.0,1000,0.0
2026-06-12 15:00:00,63952.82,64350.77,63510.47,63551.14,8314.0,1000,0.0
2026-06-12 16:00:00,63555.22,63970.76,63471.44,63944.23,5996.0,1000,0.0
2026-06-12 17:00:00,63945.11,64075.82,63690.28,63822.63,3820.0,1000,0.0
2026-06-12 18:00:00,63823.46,63899.16,63626.14,63646.95,3415.0,1000,0.0
2026-06-12 19:00:00,63654.89,63786.6,63545.09,63550.55,2546.0,1000,0.0
2026-06-12 20:00:00,63553.48,63662.57,63347.98,63408.85,2322.0,1000,0.0
2026-06-12 21:00:00,63410.7,63597.61,63402.71,63441.57,1836.0,1000,0.0
2026-06-12 22:00:00,63441.64,63622.54,63422.65,63473.71,1859.0,1000,0.0
2026-06-12 23:00:00,63472.39,63545.56,63378.49,63544.47,1613.0,1000,0.0
2026-06-13 00:00:00,63538.58,63620.35,63466.87,63561.28,1685.0,1000,0.0
2026-06-13 01:00:00,63565.05,63821.68,63564.21,63792.65,1795.0,1000,0.0
2026-06-13 02:00:00,63793.71,63801.03,63511.89,63602.21,1596.0,1000,0.0
2026-06-13 03:00:00,63605.92,63684.04,63359.57,63494.48,1634.0,1000,0.0
2026-06-13 04:00:00,63495.94,63616.43,63441.8,63477.7,1430.0,1000,0.0
2026-06-13 05:00:00,63482.63,63565.47,63449.15,63544.64,1523.0,1000,0.0
2026-06-13 06:00:00,63545.36,63711.93,63512.3,63699.17,1426.0,1000,0.0
2026-06-13 07:00:00,63698.81,63866.28,63631.91,63812.68,1786.0,1000,0.0
2026-06-13 08:00:00,63809.98,63883.9,63718.99,63759.53,1609.0,1000,0.0
2026-06-13 09:00:00,63771.33,63826.27,63698.5,63710.3,1291.0,1000,0.0
2026-06-13 10:00:00,63711.33,63871.06,63673.23,63794.08,1435.0,1000,0.0
2026-06-13 11:00:00,63798.92,63936.02,63795.14,63924.5,1454.0,1000,0.0
2026-06-13 12:00:00,63924.51,64179.42,63876.69,64098.17,1799.0,1000,0.0
2026-06-13 13:00:00,64101.71,64218.85,64019.43,64061.9,1827.0,1000,0.0
2026-06-13 14:00:00,64058.37,64199.25,64038.16,64183.11,1619.0,1000,0.0
2026-06-13 15:00:00,64182.6,64314.52,64143.5,64256.73,1880.0,1000,0.0
2026-06-13 16:00:00,64260.78,64277.71,63868.16,63980.92,2774.0,1000,0.0
2026-06-13 17:00:00,63982.23,64089.24,63900.71,63938.76,1731.0,1000,0.0
2026-06-13 18:00:00,63938.13,64255.58,63934.85,64117.97,1670.0,1000,0.0
2026-06-13 19:00:00,64122.3,64304.45,64109.04,64271.82,1564.0,1000,0.0
2026-06-13 20:00:00,64267.4,64273.32,64198.92,64250.3,1260.0,1000,0.0
2026-06-13 21:00:00,64255.12,64742.91,64185.12,64431.79,2748.0,1000,0.0
2026-06-13 22:00:00,64434.13,64541.15,64345.96,64424.11,2036.0,1000,0.0
2026-06-13 23:00:00,64423.37,64581.58,64354.94,64427.92,1606.0,1000,0.0
2026-06-14 00:00:00,64417.54,64556.93,64346.29,64527.86,1763.0,1000,0.0
2026-06-14 01:00:00,64528.26,64692.47,64476.57,64541.56,1993.0,1000,0.0
2026-06-14 02:00:00,64545.19,64610.39,64436.18,64458.33,1584.0,1000,0.0
2026-06-14 03:00:00,64458.39,64520.94,64427.0,64513.0,1440.0,1000,0.0
2026-06-14 04:00:00,64517.85,64532.14,64282.22,64308.1,1322.0,1000,0.0
2026-06-14 05:00:00,64308.18,64383.88,64261.44,64322.3,1376.0,1000,0.0
2026-06-14 06:00:00,64322.18,64456.44,64210.2,64258.81,1661.0,1000,0.0
2026-06-14 07:00:00,64259.96,64412.39,64183.57,64389.36,1356.0,1000,0.0
2026-06-14 08:00:00,64396.92,64490.05,64353.69,64425.73,1416.0,1000,0.0
2026-06-14 09:00:00,64423.63,64589.15,64274.54,64575.83,1692.0,1000,0.0
2026-06-14 10:00:00,64577.8,64639.49,64449.27,64485.92,1545.0,1000,0.0
2026-06-14 11:00:00,64485.99,64606.55,64413.99,64517.35,1413.0,1000,0.0
2026-06-14 12:00:00,64514.65,64534.49,64251.87,64293.32,1628.0,1000,0.0
2026-06-14 13:00:00,64293.4,64366.11,64206.45,64290.21,1790.0,1000,0.0
2026-06-14 14:00:00,64293.84,64313.59,63822.01,63944.26,3018.0,1000,0.0
2026-06-14 15:00:00,63943.86,64118.52,63936.6,63993.94,2094.0,1000,0.0
2026-06-14 16:00:00,63988.1,64179.94,63889.31,63904.59,1977.0,1000,0.0
2026-06-14 17:00:00,63914.28,63983.9,63636.89,63697.81,2064.0,1000,0.0
2026-06-14 18:00:00,63700.1,63781.66,63633.46,63775.19,1668.0,1000,0.0
2026-06-14 19:00:00,63772.73,63822.76,63686.77,63764.1,1349.0,1000,0.0
2026-06-14 20:00:00,63766.97,64061.52,63749.79,63969.54,1640.0,1000,0.0
2026-06-14 21:00:00,63973.94,65644.83,63958.71,65278.55,9052.0,1000,0.0
2026-06-14 22:00:00,65286.87,65547.08,64913.51,65382.39,7441.0,1000,0.0
2026-06-14 23:00:00,65384.98,65772.55,65216.02,65701.62,4679.0,1000,0.0
2026-06-15 00:00:00,65693.86,65879.77,65441.06,65591.56,4120.0,1000,0.0
2026-06-15 01:00:00,65588.5,65704.38,65309.86,65485.73,3226.0,1000,0.0
2026-06-15 02:00:00,65484.86,65751.18,65382.4,65422.0,2515.0,1000,0.0
2026-06-15 03:00:00,65430.03,65986.16,65393.48,65888.95,2654.0,1000,0.0
2026-06-15 04:00:00,65883.89,65891.14,65593.51,65605.08,2106.0,1000,0.0
2026-06-15 05:00:00,65603.3,65836.67,65565.43,65814.73,1936.0,1000,0.0
2026-06-15 06:00:00,65815.22,65923.72,65730.86,65767.54,2071.0,1000,0.0
2026-06-15 07:00:00,65762.16,65973.89,65578.87,65635.19,2313.0,1000,0.0
2026-06-15 08:00:00,65634.15,65761.57,65567.89,65614.63,1793.0,1000,0.0
2026-06-15 09:00:00,65614.74,65741.33,65459.37,65546.4,1764.0,1000,0.0
2026-06-15 10:00:00,65546.2,65936.75,65534.39,65877.67,2184.0,1000,0.0
2026-06-15 11:00:00,65877.23,66350.2,65803.12,66188.32,4748.0,1000,0.0
2026-06-15 12:00:00,66196.95,66574.27,66051.86,66528.38,3785.0,1000,0.0
2026-06-15 13:00:00,66529.33,66916.85,66360.62,66402.34,7056.0,1000,0.0
2026-06-15 14:00:00,66403.21,66633.04,66240.86,66543.22,4304.0,1000,0.0
2026-06-15 15:00:00,66540.35,67254.92,66529.01,67252.22,4442.0,1000,0.0
2026-06-15 16:00:00,67255.34,67262.82,67051.09,67123.47,3725.0,1000,0.0
2026-06-15 17:00:00,67120.42,67120.42,66633.99,66824.67,3458.0,1000,0.0
2026-06-15 18:00:00,66823.61,66904.63,66678.07,66729.51,2831.0,1000,0.0
2026-06-15 19:00:00,66733.66,66862.49,66317.77,66579.03,3946.0,1000,0.0
2026-06-15 20:00:00,66580.82,66662.68,66445.72,66493.87,2350.0,1000,0.0
2026-06-15 21:00:00,66491.43,66530.06,66282.89,66339.25,2177.0,1000,0.0
2026-06-15 22:00:00,66339.34,66439.62,66060.67,66162.12,3822.0,1000,0.0
2026-06-15 23:00:00,66162.19,66330.29,66068.76,66279.89,2670.0,1000,0.0
2026-06-16 00:00:00,66279.36,66426.57,66192.46,66217.38,2566.0,1000,0.0
2026-06-16 01:00:00,66217.64,66381.17,66197.99,66304.09,2277.0,1000,0.0
2026-06-16 02:00:00,66304.26,66328.07,65643.54,65705.87,3700.0,1000,0.0
2026-06-16 03:00:00,65710.0,66126.34,65591.5,66115.86,2636.0,1000,0.0
2026-06-16 04:00:00,66122.65,66240.06,65760.23,65804.57,2464.0,1000,0.0
2026-06-16 05:00:00,65808.27,66112.92,65805.77,66021.54,2396.0,1000,0.0
2026-06-16 06:00:00,66018.53,66537.3,66014.72,66400.53,2505.0,1000,0.0
2026-06-16 07:00:00,66402.25,66494.55,66258.6,66337.29,2397.0,1000,0.0
2026-06-16 08:00:00,66337.29,66951.57,66298.88,66860.7,3509.0,1000,0.0
2026-06-16 09:00:00,66860.22,66874.88,66425.86,66469.29,2967.0,1000,0.0
2026-06-16 10:00:00,66467.5,66744.99,66435.29,66459.09,2440.0,1000,0.0
2026-06-16 11:00:00,66462.04,66602.22,66307.29,66439.19,2326.0,1000,0.0
2026-06-16 12:00:00,66438.36,66767.25,66301.43,66371.45,4489.0,1000,0.0
2026-06-16 13:00:00,66369.29,66420.04,65864.64,65988.37,6118.0,1000,0.0
2026-06-16 14:00:00,65987.85,66213.12,65301.52,65606.67,7773.0,1000,0.0
2026-06-16 15:00:00,65608.01,65955.46,65554.08,65816.9,5080.0,1000,0.0
2026-06-16 16:00:00,65814.06,65906.68,65637.26,65700.07,3381.0,1000,0.0
2026-06-16 17:00:00,65702.13,65961.33,65643.48,65910.77,3010.0,1000,0.0
2026-06-16 18:00:00,65914.35,66198.85,65729.25,65791.57,3304.0,1000,0.0
2026-06-16 19:00:00,65790.21,65790.21,65490.29,65617.77,3262.0,1000,0.0
2026-06-16 20:00:00,65616.07,65806.78,65522.71,65789.44,1935.0,1000,0.0
2026-06-16 21:00:00,65790.26,65884.4,65568.04,65711.15,1784.0,1000,0.0
2026-06-16 22:00:00,65711.08,65821.63,65612.25,65710.86,1824.0,1000,0.0
2026-06-16 23:00:00,65718.09,65778.48,65548.77,65614.7,1814.0,1000,0.0
2026-06-17 00:00:00,65613.06,65790.71,65613.06,65649.46,2100.0,1000,0.0
2026-06-17 01:00:00,65652.2,65902.05,65403.84,65871.63,3126.0,1000,0.0
2026-06-17 02:00:00,65874.3,66069.63,65724.67,65849.51,2701.0,1000,0.0
2026-06-17 03:00:00,65847.24,65850.94,65641.21,65791.59,1969.0,1000,0.0
2026-06-17 04:00:00,65793.78,65987.86,65722.61,65820.0,1799.0,1000,0.0
2026-06-17 05:00:00,65821.72,65921.94,65676.3,65765.19,1910.0,1000,0.0
2026-06-17 06:00:00,65765.16,65844.23,65508.7,65563.78,2042.0,1000,0.0
2026-06-17 07:00:00,65554.27,65649.62,65173.46,65469.59,2989.0,1000,0.0
2026-06-17 08:00:00,65465.15,65514.04,64772.3,64867.81,4159.0,1000,0.0
2026-06-17 09:00:00,64866.52,65018.59,64775.09,64853.13,2611.0,1000,0.0
2026-06-17 10:00:00,64854.34,64935.99,64702.23,64748.96,2612.0,1000,0.0
2026-06-17 11:00:00,64746.31,64823.4,64494.71,64751.03,3689.0,1000,0.0
2026-06-17 12:00:00,64750.38,65060.37,64531.17,64980.92,3612.0,1000,0.0
2026-06-17 13:00:00,64980.07,65320.46,64777.99,65220.06,4647.0,1000,0.0
2026-06-17 14:00:00,65217.26,65420.47,64697.62,65053.64,6285.0,1000,0.0
2026-06-17 15:00:00,65052.74,65809.54,64922.91,65691.47,5296.0,1000,0.0
2026-06-17 16:00:00,65691.04,66400.2,65659.94,65816.83,5538.0,1000,0.0
2026-06-17 17:00:00,65817.45,66149.38,65733.9,66041.32,3802.0,1000,0.0
2026-06-17 18:00:00,66045.69,66066.13,64744.83,65463.25,16235.0,1000,0.0
2026-06-17 19:00:00,65463.73,65610.49,63989.2,64246.03,14334.0,1000,0.0
2026-06-17 20:00:00,64248.21,64440.59,64108.88,64377.6,4412.0,1000,0.0
2026-06-17 21:00:00,64379.74,64399.74,64073.35,64199.51,2582.0,1000,0.0
2026-06-17 22:00:00,64199.6,64382.44,63850.94,64239.29,3434.0,1000,0.0
2026-06-17 23:00:00,64247.32,64470.4,64185.86,64442.86,2473.0,1000,0.0
2026-06-18 00:00:00,64445.61,64651.74,64386.32,64398.91,2839.0,1000,0.0
2026-06-18 01:00:00,64398.21,64751.28,64393.52,64493.16,2851.0,1000,0.0
2026-06-18 02:00:00,64496.96,64721.66,64414.15,64621.4,2369.0,1000,0.0
2026-06-18 03:00:00,64619.33,64622.12,64192.68,64225.06,2471.0,1000,0.0
2026-06-18 04:00:00,64223.98,64270.65,63755.11,63811.71,4370.0,1000,0.0
2026-06-18 05:00:00,63811.8,63961.49,63616.75,63923.31,3677.0,1000,0.0
2026-06-18 06:00:00,63923.87,64061.19,63770.75,64010.75,2477.0,1000,0.0
2026-06-18 07:00:00,64018.07,64450.55,63941.27,64433.77,2404.0,1000,0.0
2026-06-18 08:00:00,64441.32,64595.68,64310.11,64337.34,2850.0,1000,0.0
2026-06-18 09:00:00,64336.54,64426.56,64134.94,64146.94,2266.0,1000,0.0
2026-06-18 10:00:00,64147.67,64174.58,63852.56,64029.47,2627.0,1000,0.0
2026-06-18 11:00:00,64030.23,64151.27,63819.66,63903.18,2703.0,1000,0.0
2026-06-18 12:00:00,63913.31,64349.35,63859.02,64306.69,3171.0,1000,0.0
2026-06-18 13:00:00,64306.63,64385.66,63709.13,63915.98,5367.0,1000,0.0
2026-06-18 14:00:00,63916.31,64138.14,63513.08,63736.36,8044.0,1000,0.0
2026-06-18 15:00:00,63736.19,63753.08,62211.83,62302.21,10879.0,1000,0.0
2026-06-18 16:00:00,62298.15,62747.81,62263.91,62616.88,5711.0,1000,0.0
2026-06-18 17:00:00,62617.63,62671.02,62180.46,62523.59,4415.0,1000,0.0
2026-06-18 18:00:00,62524.65,62880.86,62492.93,62618.36,3941.0,1000,0.0
2026-06-18 19:00:00,62623.63,62934.85,62546.6,62879.88,3014.0,1000,0.0
2026-06-18 20:00:00,62891.63,63205.79,62883.61,63022.94,2789.0,1000,0.0
2026-06-18 21:00:00,63021.91,63055.96,62787.0,62893.29,2102.0,1000,0.0
2026-06-18 22:00:00,62893.68,62924.63,62665.46,62820.61,1946.0,1000,0.0
2026-06-18 23:00:00,62814.16,62921.0,62676.08,62877.01,2030.0,1000,0.0
2026-06-19 00:00:00,62877.02,63022.98,62764.02,62953.37,2270.0,1000,0.0
2026-06-19 01:00:00,62952.92,63034.95,62773.35,62955.52,2194.0,1000,0.0
2026-06-19 02:00:00,62962.57,63047.61,62816.31,62928.53,1929.0,1000,0.0
2026-06-19 03:00:00,62933.72,62964.86,62306.13,62704.47,4011.0,1000,0.0
2026-06-19 04:00:00,62706.25,62855.59,62344.05,62391.14,3251.0,1000,0.0
2026-06-19 05:00:00,62393.34,62687.31,62384.69,62672.15,2536.0,1000,0.0
2026-06-19 06:00:00,62671.9,62860.71,62652.9,62828.65,2072.0,1000,0.0
2026-06-19 07:00:00,62829.78,62868.56,62433.7,62562.58,2521.0,1000,0.0
2026-06-19 08:00:00,62565.3,62726.32,62469.69,62543.1,2318.0,1000,0.0
2026-06-19 09:00:00,62546.45,62592.51,62239.87,62318.85,3011.0,1000,0.0
2026-06-19 10:00:00,62313.59,62536.32,62311.57,62469.81,2583.0,1000,0.0
2026-06-19 11:00:00,62467.57,62626.19,62381.09,62560.09,2256.0,1000,0.0
2026-06-19 12:00:00,62566.87,62817.64,62286.08,62777.37,3856.0,1000,0.0
2026-06-19 13:00:00,62780.27,63368.32,62599.62,63148.7,5098.0,1000,0.0
2026-06-19 14:00:00,63146.62,63357.52,62943.27,63144.05,3767.0,1000,0.0
2026-06-19 15:00:00,63139.4,63238.21,62960.75,63161.1,3210.0,1000,0.0
2026-06-19 16:00:00,63150.72,63336.92,62860.01,62915.52,3323.0,1000,0.0
2026-06-19 17:00:00,62913.61,63176.5,62803.34,63126.57,3267.0,1000,0.0
2026-06-19 18:00:00,63132.06,63144.36,62926.93,63048.49,2169.0,1000,0.0
2026-06-19 19:00:00,63041.44,63088.91,62879.95,62973.09,2017.0,1000,0.0
2026-06-19 20:00:00,62974.97,63221.08,62895.5,63181.68,1965.0,1000,0.0
2026-06-19 21:00:00,63184.0,63217.33,62991.85,63024.32,1961.0,1000,0.0
2026-06-19 22:00:00,63018.97,63308.69,62985.22,63259.88,1593.0,1000,0.0
2026-06-19 23:00:00,63260.6,63619.17,63208.02,63480.64,1999.0,1000,0.0
2026-06-20 00:00:00,63481.02,63722.4,63399.92,63471.24,2832.0,1000,0.0
2026-06-20 01:00:00,63468.53,63566.42,63339.64,63523.86,2010.0,1000,0.0
2026-06-20 02:00:00,63507.76,63520.97,63270.81,63277.22,1959.0,1000,0.0
2026-06-20 03:00:00,63278.44,63456.77,63257.09,63412.1,1469.0,1000,0.0
2026-06-20 04:00:00,63416.59,63553.19,63336.61,63516.32,1607.0,1000,0.0
2026-06-20 05:00:00,63520.9,63859.07,63472.04,63621.43,2971.0,1000,0.0
2026-06-20 06:00:00,63621.5,63699.55,63572.23,63672.22,1629.0,1000,0.0
2026-06-20 07:00:00,63673.19,63744.38,63524.51,63595.68,1812.0,1000,0.0
2026-06-20 08:00:00,63595.01,63600.99,63324.85,63356.64,1932.0,1000,0.0
2026-06-20 09:00:00,63361.82,63727.68,63351.71,63671.55,1855.0,1000,0.0
2026-06-20 10:00:00,63674.46,63712.56,63526.0,63614.91,1583.0,1000,0.0
2026-06-20 11:00:00,63618.36,63741.21,63546.71,63615.6,1484.0,1000,0.0
2026-06-20 12:00:00,63614.73,63730.5,63461.2,63593.13,1675.0,1000,0.0
2026-06-20 13:00:00,63599.18,63599.18,63207.98,63335.75,2474.0,1000,0.0
2026-06-20 14:00:00,63333.83,64108.77,63108.04,63888.34,5259.0,1000,0.0
2026-06-20 15:00:00,63889.53,64336.26,63771.83,64088.15,4713.0,1000,0.0
2026-06-20 16:00:00,64089.54,64115.68,63833.89,63961.07,2614.0,1000,0.0
2026-06-20 17:00:00,63961.41,63975.33,63626.41,63770.32,2728.0,1000,0.0
2026-06-20 18:00:00,63772.69,63858.08,63702.8,63739.35,1603.0,1000,0.0
2026-06-20 19:00:00,63735.77,63905.88,63719.2,63873.88,1736.0,1000,0.0
2026-06-20 20:00:00,63865.94,63915.46,63776.49,63862.79,1436.0,1000,0.0
2026-06-20 21:00:00,63860.92,64029.07,63839.28,63935.96,1866.0,1000,0.0
2026-06-20 22:00:00,63938.78,64284.95,63903.14,64196.46,2310.0,1000,0.0
2026-06-20 23:00:00,64196.53,64265.24,64164.31,64224.77,1636.0,1000,0.0
2026-06-21 00:00:00,64225.1,64254.45,64160.26,64211.71,1451.0,1000,0.0
2026-06-21 01:00:00,64208.4,64239.95,64128.14,64164.85,1410.0,1000,0.0
2026-06-21 02:00:00,64161.47,64193.49,64135.15,64167.04,1218.0,1000,0.0
2026-06-21 03:00:00,64168.75,64394.63,64145.47,64350.78,1843.0,1000,0.0
2026-06-21 04:00:00,64346.21,64518.1,64176.68,64206.3,2030.0,1000,0.0
2026-06-21 05:00:00,64206.22,64289.91,64147.6,64184.19,1488.0,1000,0.0
2026-06-21 06:00:00,64180.74,64250.29,64115.27,64221.95,1209.0,1000,0.0
2026-06-21 07:00:00,64223.16,64227.26,64087.8,64113.56,1283.0,1000,0.0
2026-06-21 08:00:00,64113.4,64154.16,63816.02,63934.09,1858.0,1000,0.0
2026-06-21 09:00:00,63934.21,64170.5,63876.46,64128.41,1843.0,1000,0.0
2026-06-21 10:00:00,64131.82,64336.11,64112.89,64284.92,1877.0,1000,0.0
2026-06-21 11:00:00,64286.29,64400.66,64025.23,64096.58,2896.0,1000,0.0
2026-06-21 12:00:00,64104.19,64163.51,63865.54,64107.06,2500.0,1000,0.0
2026-06-21 13:00:00,64111.72,64117.24,63931.49,64069.11,1883.0,1000,0.0
2026-06-21 14:00:00,64069.03,64080.79,63919.46,64067.21,1684.0,1000,0.0
2026-06-21 15:00:00,64069.72,64286.82,64023.26,64143.65,2173.0,1000,0.0
2026-06-21 16:00:00,64142.57,64174.29,63954.49,64068.31,2006.0,1000,0.0
2026-06-21 17:00:00,64067.9,64148.3,63987.77,64058.25,1617.0,1000,0.0
2026-06-21 18:00:00,64058.4,64163.26,63849.72,64130.15,2135.0,1000,0.0
2026-06-21 19:00:00,64129.42,64235.91,64079.43,64127.84,1459.0,1000,0.0
2026-06-21 20:00:00,64124.99,64189.87,63613.27,63771.37,2309.0,1000,0.0
2026-06-21 21:00:00,63772.8,63896.21,63423.32,63723.73,3810.0,1000,0.0
2026-06-21 22:00:00,63726.88,63791.63,63485.32,63722.29,3570.0,1000,0.0
2026-06-21 23:00:00,63713.77,63725.34,63184.21,63242.58,4603.0,1000,0.0
2026-06-22 00:00:00,63253.26,64027.95,63229.94,63818.97,5104.0,1000,0.0
2026-06-22 01:00:00,63821.51,64735.89,63771.39,64526.1,7191.0,1000,0.0
2026-06-22 02:00:00,64526.99,64597.64,64170.86,64185.49,3626.0,1000,0.0
2026-06-22 03:00:00,64188.0,64384.04,63807.94,63889.08,4471.0,1000,0.0
2026-06-22 04:00:00,63888.01,64038.51,63784.23,64013.81,2855.0,1000,0.0
2026-06-22 05:00:00,64015.71,64260.55,63996.39,64166.67,2528.0,1000,0.0
2026-06-22 06:00:00,64163.48,64248.16,63857.61,63908.64,2376.0,1000,0.0
2026-06-22 07:00:00,63909.68,64333.86,63878.52,64130.65,2602.0,1000,0.0
2026-06-22 08:00:00,64138.74,64282.36,63966.29,64083.63,2898.0,1000,0.0
2026-06-22 09:00:00,64095.17,64185.27,63977.53,64069.95,2327.0,1000,0.0
2026-06-22 10:00:00,64067.36,64202.06,63999.12,64067.5,1732.0,1000,0.0
2026-06-22 11:00:00,64067.57,64709.01,64018.58,64581.52,4522.0,1000,0.0
2026-06-22 12:00:00,64583.75,65162.49,64506.87,65075.27,5019.0,1000,0.0
2026-06-22 13:00:00,65082.05,65536.22,64875.14,65512.77,6989.0,1000,0.0
2026-06-22 14:00:00,65512.89,65566.57,64754.7,64896.98,6479.0,1000,0.0
2026-06-22 15:00:00,64897.08,65073.55,64682.52,64769.06,4925.0,1000,0.0
2026-06-22 16:00:00,64767.51,64795.11,64435.26,64655.97,4337.0,1000,0.0
2026-06-22 17:00:00,64657.77,64702.44,64308.82,64536.0,3125.0,1000,0.0
2026-06-22 18:00:00,64535.68,64665.79,64232.63,64275.05,2737.0,1000,0.0
2026-06-22 19:00:00,64275.5,64432.35,64191.31,64392.91,3069.0,1000,0.0
2026-06-22 20:00:00,64396.84,64600.52,64289.83,64365.74,1991.0,1000,0.0
2026-06-22 21:00:00,64355.03,64418.45,64066.15,64243.07,1934.0,1000,0.0
2026-06-22 22:00:00,64243.25,64328.18,63723.8,63903.94,4262.0,1000,0.0
2026-06-22 23:00:00,63897.8,63983.73,63799.44,63947.44,2561.0,1000,0.0
2026-06-23 00:00:00,63944.93,64092.74,63755.25,64077.64,2768.0,1000,0.0
2026-06-23 01:00:00,64079.03,64204.55,63816.09,64079.12,3047.0,1000,0.0
2026-06-23 02:00:00,64077.37,64206.13,63965.16,64121.78,2106.0,1000,0.0
2026-06-23 03:00:00,64117.17,64129.84,63882.5,63985.97,2098.0,1000,0.0
2026-06-23 04:00:00,63993.27,64016.92,63518.96,63548.83,2527.0,1000,0.0
2026-06-23 05:00:00,63553.29,63656.14,63271.83,63327.46,4145.0,1000,0.0
2026-06-23 06:00:00,63330.97,63330.97,62493.36,62865.37,6809.0,1000,0.0
2026-06-23 07:00:00,62867.81,63032.55,62777.87,62808.96,3105.0,1000,0.0
2026-06-23 08:00:00,62805.7,62870.14,61848.71,62321.75,8298.0,1000,0.0
2026-06-23 09:00:00,62320.58,62444.4,62261.46,62295.19,2297.0,1000,0.0
2026-06-23 10:00:00,62306.3,62513.81,62152.8,62241.65,2434.0,1000,0.0
2026-06-23 11:00:00,62240.59,62555.36,62233.97,62431.41,2490.0,1000,0.0
2026-06-23 12:00:00,62431.67,62488.74,62109.43,62191.12,2593.0,1000,0.0
2026-06-23 13:00:00,62194.05,62466.31,61866.84,62406.67,8104.0,1000,0.0
2026-06-23 14:00:00,62405.91,62797.03,62311.11,62416.8,8374.0,1000,0.0
2026-06-23 15:00:00,62417.22,62433.85,62108.97,62408.31,5006.0,1000,0.0
2026-06-23 16:00:00,62403.69,62756.83,62342.28,62470.44,4181.0,1000,0.0
2026-06-23 17:00:00,62471.45,62619.26,62247.42,62280.54,3338.0,1000,0.0
2026-06-23 18:00:00,62283.9,62372.91,62014.39,62152.27,3144.0,1000,0.0
2026-06-23 19:00:00,62151.29,62416.68,62143.46,62311.54,3644.0,1000,0.0
2026-06-23 20:00:00,62313.88,62467.44,62288.36,62381.28,2127.0,1000,0.0
2026-06-23 21:00:00,62381.4,62585.55,62381.4,62515.76,2186.0,1000,0.0
2026-06-23 22:00:00,62517.84,62708.26,62433.31,62512.8,2150.0,1000,0.0
2026-06-23 23:00:00,62513.4,62726.24,62409.18,62654.24,2317.0,1000,0.0
2026-06-24 00:00:00,62654.3,62954.7,62643.98,62935.92,3466.0,1000,0.0
2026-06-24 01:00:00,62938.24,63044.46,62687.92,62853.15,3850.0,1000,0.0
2026-06-24 02:00:00,62852.53,62940.95,62514.37,62548.84,3201.0,1000,0.0
2026-06-24 03:00:00,62548.92,62756.64,62374.93,62654.03,2907.0,1000,0.0
2026-06-24 04:00:00,62653.28,62723.92,62443.2,62663.89,2387.0,1000,0.0
2026-06-24 05:00:00,62663.99,62995.77,62617.27,62799.03,2496.0,1000,0.0
2026-06-24 06:00:00,62800.13,62835.33,62635.27,62699.06,2167.0,1000,0.0
2026-06-24 07:00:00,62697.61,62769.39,62515.37,62571.36,2591.0,1000,0.0
2026-06-24 08:00:00,62571.29,62723.6,62513.0,62709.96,2267.0,1000,0.0
2026-06-24 09:00:00,62704.98,62709.74,62546.68,62592.58,1979.0,1000,0.0
2026-06-24 10:00:00,62590.23,62604.69,62308.06,62355.38,2684.0,1000,0.0
2026-06-24 11:00:00,62356.45,63146.25,62214.43,62832.35,4497.0,1000,0.0
2026-06-24 12:00:00,62838.8,62890.64,62488.96,62529.66,4157.0,1000,0.0
2026-06-24 13:00:00,62530.42,62543.49,61153.0,61237.56,14747.0,1000,0.0
2026-06-24 14:00:00,61233.68,61369.48,60792.87,61028.71,10587.0,1000,0.0
2026-06-24 15:00:00,61029.55,61054.39,60172.27,60192.67,8985.0,1000,0.0
2026-06-24 16:00:00,60192.11,60598.36,59299.62,59765.47,10820.0,1000,0.0
2026-06-24 17:00:00,59766.81,59976.54,59011.53,59312.88,13648.0,1000,0.0
2026-06-24 18:00:00,59314.44,59843.37,59215.75,59511.63,9530.0,1000,0.0
2026-06-24 19:00:00,59516.32,59909.53,59432.32,59861.65,6592.0,1000,0.0
2026-06-24 20:00:00,59857.92,61122.92,59752.62,60869.07,11807.0,1000,0.0
2026-06-24 21:00:00,60866.2,61051.27,60566.11,61004.85,4161.0,1000,0.0
2026-06-24 22:00:00,61006.73,61183.68,60695.48,60788.21,3509.0,1000,0.0
2026-06-24 23:00:00,60785.15,61017.18,60728.09,60984.45,2788.0,1000,0.0
2026-06-25 00:00:00,60983.43,61072.95,60617.39,60716.7,4013.0,1000,0.0
2026-06-25 01:00:00,60716.77,60900.32,60619.48,60824.42,3443.0,1000,0.0
2026-06-25 02:00:00,60823.29,60875.69,60590.58,60696.43,2754.0,1000,0.0
2026-06-25 03:00:00,60695.95,60811.51,60578.62,60784.69,2157.0,1000,0.0
2026-06-25 04:00:00,60790.21,61321.64,60685.04,61246.48,2680.0,1000,0.0
2026-06-25 05:00:00,61246.1,61723.09,61173.14,61502.35,5021.0,1000,0.0
2026-06-25 06:00:00,61502.62,61767.5,61498.14,61624.92,2930.0,1000,0.0
2026-06-25 07:00:00,61631.59,61869.93,61560.87,61816.53,2947.0,1000,0.0
2026-06-25 08:00:00,61816.46,61832.26,61577.72,61615.14,1727.0,1000,0.0
2026-06-25 09:00:00,61616.22,61696.62,61507.0,61637.04,2050.0,1000,0.0
2026-06-25 10:00:00,61636.86,61660.09,61167.01,61180.2,2245.0,1000,0.0
2026-06-25 11:00:00,61183.22,61333.93,60965.68,61184.88,3873.0,1000,0.0
2026-06-25 12:00:00,61185.96,61662.59,60972.21,61137.41,6604.0,1000,0.0
2026-06-25 13:00:00,61137.34,61268.04,57997.97,58210.91,21785.0,1000,0.0
2026-06-25 14:00:00,58204.75,60395.8,58192.96,59381.7,31638.0,1000,0.0
2026-06-25 15:00:00,59383.91,59562.28,58766.28,59473.03,14438.0,1000,0.0
2026-06-25 16:00:00,59474.96,59971.44,59056.86,59217.66,10213.0,1000,0.0
2026-06-25 17:00:00,59214.77,59653.84,59038.58,59586.1,8165.0,1000,0.0
2026-06-25 18:00:00,59588.94,59699.58,59256.57,59409.31,6765.0,1000,0.0
2026-06-25 19:00:00,59411.44,59431.39,59080.49,59230.63,4896.0,1000,0.0
2026-06-25 20:00:00,59235.0,59655.61,59222.55,59354.08,4520.0,1000,0.0
2026-06-25 21:00:00,59359.29,60176.61,59346.73,60108.64,3554.0,1000,0.0
2026-06-25 22:00:00,60107.53,60111.81,59639.17,59750.82,3600.0,1000,0.0
2026-06-25 23:00:00,59749.03,60103.34,59642.21,59707.6,3273.0,1000,0.0
2026-06-26 00:00:00,59710.78,59817.56,59538.05,59574.65,3909.0,1000,0.0
2026-06-26 01:00:00,59575.03,59701.72,59133.65,59346.95,4666.0,1000,0.0
2026-06-26 02:00:00,59348.73,59365.91,58265.86,58487.9,11432.0,1000,0.0
2026-06-26 03:00:00,58487.5,60050.05,58238.47,59942.21,10345.0,1000,0.0
2026-06-26 04:00:00,59949.19,60169.12,59732.75,59832.04,5072.0,1000,0.0
2026-06-26 05:00:00,59831.96,59965.47,59634.68,59862.09,4204.0,1000,0.0
2026-06-26 06:00:00,59858.74,60382.29,59600.66,60241.42,5517.0,1000,0.0
2026-06-26 07:00:00,60241.09,60675.82,60186.29,60439.63,5349.0,1000,0.0
2026-06-26 08:00:00,60435.78,60481.89,60050.74,60154.69,3952.0,1000,0.0
2026-06-26 09:00:00,60155.38,60169.64,59482.71,59649.42,5005.0,1000,0.0
2026-06-26 10:00:00,59653.7,59780.04,59148.9,59227.8,5415.0,1000,0.0
2026-06-26 11:00:00,59232.45,59511.31,59174.15,59330.08,5078.0,1000,0.0
2026-06-26 12:00:00,59330.86,59940.41,58882.5,59108.73,10741.0,1000,0.0
2026-06-26 13:00:00,59109.04,60129.67,58367.06,60082.83,20131.0,1000,0.0
2026-06-26 14:00:00,60084.5,60216.98,59291.29,59508.54,14995.0,1000,0.0
2026-06-26 15:00:00,59509.76,60421.82,59490.18,60230.04,10951.0,1000,0.0
2026-06-26 16:00:00,60227.54,60505.28,59870.9,59949.4,7359.0,1000,0.0
2026-06-26 17:00:00,59942.0,60195.48,59844.85,59934.35,5672.0,1000,0.0
2026-06-26 18:00:00,59933.77,60078.02,59451.94,59570.6,4610.0,1000,0.0
2026-06-26 19:00:00,59575.13,60005.2,59510.31,59656.64,5193.0,1000,0.0
2026-06-26 20:00:00,59654.9,59905.36,59481.71,59629.54,4690.0,1000,0.0
2026-06-26 21:00:00,59631.65,59964.56,59581.37,59829.45,2539.0,1000,0.0
2026-06-26 22:00:00,59828.63,60000.07,59656.41,59955.91,2322.0,1000,0.0
2026-06-26 23:00:00,59955.39,60040.67,59828.67,60017.01,1817.0,1000,0.0
2026-06-27 00:00:00,60019.04,60117.07,59789.65,59976.86,1978.0,1000,0.0
2026-06-27 01:00:00,59973.8,59989.8,59833.16,59854.52,1494.0,1000,0.0
2026-06-27 02:00:00,59851.16,60282.75,59812.72,60194.23,2643.0,1000,0.0
2026-06-27 03:00:00,60191.98,60327.69,60063.36,60207.39,2263.0,1000,0.0
2026-06-27 04:00:00,60207.01,60414.0,60122.34,60152.88,1989.0,1000,0.0
2026-06-27 05:00:00,60154.54,60223.11,60038.01,60139.23,1878.0,1000,0.0
2026-06-27 06:00:00,60146.98,60426.96,60008.3,60276.47,2106.0,1000,0.0
2026-06-27 07:00:00,60282.43,60490.6,60196.92,60449.39,1848.0,1000,0.0
2026-06-27 08:00:00,60452.13,60455.25,60269.88,60358.26,1814.0,1000,0.0
2026-06-27 09:00:00,60350.84,60410.43,60192.46,60315.77,1575.0,1000,0.0
2026-06-27 10:00:00,60320.65,60397.7,60273.37,60309.96,1320.0,1000,0.0
2026-06-27 11:00:00,60317.12,60353.7,60096.77,60264.01,1640.0,1000,0.0
2026-06-27 12:00:00,60266.4,60342.99,60152.14,60323.12,1591.0,1000,0.0
2026-06-27 13:00:00,60324.5,60576.17,60281.35,60483.89,2060.0,1000,0.0
2026-06-27 14:00:00,60482.61,60631.57,60403.85,60511.05,2269.0,1000,0.0
2026-06-27 15:00:00,60511.22,60857.31,60460.64,60741.59,2987.0,1000,0.0
2026-06-27 16:00:00,60741.52,60765.81,60573.35,60708.18,1808.0,1000,0.0
2026-06-27 17:00:00,60708.24,60727.42,60310.85,60426.89,2722.0,1000,0.0
2026-06-27 18:00:00,60426.96,60477.41,60348.72,60471.28,1650.0,1000,0.0
2026-06-27 19:00:00,60470.93,60507.65,59974.03,60086.98,2910.0,1000,0.0
2026-06-27 20:00:00,60081.45,60207.1,60072.45,60199.96,1450.0,1000,0.0
2026-06-27 21:00:00,60204.34,60398.16,60037.9,60105.86,2027.0,1000,0.0
2026-06-27 22:00:00,60104.14,60171.37,59749.51,60134.44,3109.0,1000,0.0
2026-06-27 23:00:00,60131.48,60242.03,59853.57,59943.44,2460.0,1000,0.0
2026-06-28 00:00:00,59943.49,60112.4,59915.69,60066.2,1746.0,1000,0.0
2026-06-28 01:00:00,60067.48,60198.21,59883.6,60132.68,1781.0,1000,0.0
2026-06-28 02:00:00,60131.57,60256.51,59954.56,60063.21,1817.0,1000,0.0
2026-06-28 03:00:00,60059.34,60197.9,60059.34,60114.81,1325.0,1000,0.0
2026-06-28 04:00:00,60111.47,60150.11,60000.82,60052.1,1408.0,1000,0.0
2026-06-28 05:00:00,60053.11,60056.02,59653.48,59895.04,2472.0,1000,0.0
2026-06-28 06:00:00,59896.34,59953.81,59710.02,59903.67,1905.0,1000,0.0
2026-06-28 07:00:00,59902.0,60182.96,59900.5,60131.53,1891.0,1000,0.0
2026-06-28 08:00:00,60131.2,60469.2,60045.32,60281.72,2444.0,1000,0.0
2026-06-28 09:00:00,60276.32,60384.54,60157.17,60165.87,1991.0,1000,0.0
2026-06-28 10:00:00,60167.92,60211.77,59972.13,60077.55,1830.0,1000,0.0
2026-06-28 11:00:00,60078.77,60290.68,60026.62,60254.7,2161.0,1000,0.0
2026-06-28 12:00:00,60254.12,60376.85,60094.46,60199.1,2324.0,1000,0.0
2026-06-28 13:00:00,60197.95,60203.05,59871.71,59982.65,2981.0,1000,0.0
2026-06-28 14:00:00,59981.1,60169.74,59920.31,59941.06,2632.0,1000,0.0
2026-06-28 15:00:00,59938.34,60051.23,59725.11,59804.49,2896.0,1000,0.0
2026-06-28 16:00:00,59805.67,59864.96,59494.94,59598.97,4023.0,1000,0.0
2026-06-28 17:00:00,59595.06,59772.71,59313.24,59501.85,3632.0,1000,0.0
2026-06-28 18:00:00,59502.71,59623.88,59413.0,59522.14,2284.0,1000,0.0
2026-06-28 19:00:00,59518.62,59606.93,59174.13,59387.54,3182.0,1000,0.0
2026-06-28 20:00:00,59388.03,59687.63,59381.04,59562.87,2021.0,1000,0.0
2026-06-28 21:00:00,59564.67,59706.17,59232.41,59351.49,3032.0,1000,0.0
2026-06-28 22:00:00,59354.07,59823.78,58821.49,58982.2,9886.0,1000,0.0
2026-06-28 23:00:00,58980.86,59756.71,58915.58,59482.07,5658.0,1000,0.0
2026-06-29 00:00:00,59488.8,59608.98,58905.21,59562.4,8481.0,1000,0.0
2026-06-29 01:00:00,59557.54,59602.01,59101.1,59343.83,6442.0,1000,0.0
2026-06-29 02:00:00,59343.62,59720.67,58782.15,59657.66,7325.0,1000,0.0
2026-06-29 03:00:00,59660.03,60144.27,59660.03,59948.75,5648.0,1000,0.0
2026-06-29 04:00:00,59949.4,59960.0,59642.39,59736.67,3186.0,1000,0.0
2026-06-29 05:00:00,59735.67,60013.67,59284.35,59998.34,5314.0,1000,0.0
2026-06-29 06:00:00,60007.62,60255.52,59952.31,59982.1,4049.0,1000,0.0
2026-06-29 07:00:00,59981.85,60101.88,59831.62,59928.31,2924.0,1000,0.0
2026-06-29 08:00:00,59932.31,60001.66,59646.81,59744.29,4104.0,1000,0.0
2026-06-29 09:00:00,59739.97,60029.08,59683.95,59974.88,3820.0,1000,0.0
2026-06-29 10:00:00,59972.68,60234.18,59972.68,60007.31,3048.0,1000,0.0
2026-06-29 11:00:00,60002.18,60136.66,59710.08,59864.56,3521.0,1000,0.0
2026-06-29 12:00:00,59864.77,60708.31,59500.08,59868.29,11930.0,1000,0.0
2026-06-29 13:00:00,59869.79,60256.17,59231.4,59483.63,13083.0,1000,0.0
2026-06-29 14:00:00,59486.89,59606.74,58898.27,59363.97,14061.0,1000,0.0
2026-06-29 15:00:00,59364.62,59847.89,58984.34,59705.78,8410.0,1000,0.0
2026-06-29 16:00:00,59706.14,59918.71,59477.21,59782.23,4778.0,1000,0.0
2026-06-29 17:00:00,59782.24,60597.46,59782.24,60327.16,7388.0,1000,0.0
2026-06-29 18:00:00,60328.47,60435.03,60091.27,60207.79,3618.0,1000,0.0
2026-06-29 19:00:00,60210.21,60469.26,60054.5,60345.52,3925.0,1000,0.0
2026-06-29 20:00:00,60338.82,60459.3,60196.64,60206.98,2664.0,1000,0.0
2026-06-29 21:00:00,60205.42,60505.48,60167.15,60395.26,2156.0,1000,0.0
2026-06-29 22:00:00,60392.75,60433.96,60250.98,60272.41,1986.0,1000,0.0
2026-06-29 23:00:00,60272.94,60300.06,60086.4,60166.82,1810.0,1000,0.0
2026-06-30 00:00:00,60160.64,60189.66,59604.26,59749.77,4193.0,1000,0.0
2026-06-30 01:00:00,59750.82,59967.4,59683.72,59852.57,3600.0,1000,0.0
2026-06-30 02:00:00,59856.89,59952.26,59649.5,59845.51,1963.0,1000,0.0
2026-06-30 03:00:00,59844.64,59932.55,59488.88,59515.19,2117.0,1000,0.0
2026-06-30 04:00:00,59518.55,59599.66,59319.56,59384.01,2546.0,1000,0.0
2026-06-30 05:00:00,59385.46,59556.39,59253.59,59550.13,2322.0,1000,0.0
2026-06-30 06:00:00,59549.39,59630.51,59411.37,59502.3,1974.0,1000,0.0
2026-06-30 07:00:00,59503.2,59541.24,59348.41,59428.78,2289.0,1000,0.0
2026-06-30 08:00:00,59429.25,59464.32,59084.1,59212.28,3535.0,1000,0.0
2026-06-30 09:00:00,59210.48,59329.71,59146.38,59276.58,2265.0,1000,0.0
2026-06-30 10:00:00,59279.21,59325.0,59187.4,59232.22,1987.0,1000,0.0
2026-06-30 11:00:00,59233.08,59324.84,59025.64,59087.18,3173.0,1000,0.0
2026-06-30 12:00:00,59080.92,59092.13,58281.03,58305.89,5663.0,1000,0.0
2026-06-30 13:00:00,58308.07,58708.16,58132.04,58642.46,10088.0,1000,0.0
2026-06-30 14:00:00,58639.46,59176.37,58316.62,58373.38,11758.0,1000,0.0
2026-06-30 15:00:00,58378.57,58693.13,58081.63,58283.53,7771.0,1000,0.0
2026-06-30 16:00:00,58291.15,58540.64,58139.97,58406.5,4785.0,1000,0.0
2026-06-30 17:00:00,58404.87,58519.78,58220.98,58326.63,3466.0,1000,0.0
2026-06-30 18:00:00,58329.64,58605.07,58262.95,58577.15,3654.0,1000,0.0
2026-06-30 19:00:00,58574.54,58755.86,58481.83,58726.53,3636.0,1000,0.0
2026-06-30 20:00:00,58717.87,58785.28,58545.79,58636.59,2532.0,1000,0.0
2026-06-30 21:00:00,58634.6,58674.06,58406.87,58551.55,2472.0,1000,0.0
2026-06-30 22:00:00,58554.23,58722.03,58413.61,58507.75,2191.0,1000,0.0
2026-06-30 23:00:00,58507.91,58567.04,58454.39,58538.71,1961.0,1000,0.0
2026-07-01 00:00:00,58539.82,58651.13,58204.47,58485.37,3496.0,1000,0.0
2026-07-01 01:00:00,58483.95,58930.88,57703.29,58672.85,11195.0,1000,0.0
2026-07-01 02:00:00,58684.41,59084.0,58562.91,58994.01,4673.0,1000,0.0
2026-07-01 03:00:00,58995.91,59225.98,58752.26,59096.75,3581.0,1000,0.0
2026-07-01 04:00:00,59106.11,59385.78,58968.63,59251.14,3223.0,1000,0.0
2026-07-01 05:00:00,59240.52,59288.91,59027.71,59058.65,2337.0,1000,0.0
2026-07-01 06:00:00,59060.0,59072.93,58440.85,58668.77,3607.0,1000,0.0
2026-07-01 07:00:00,58675.09,58742.92,58510.35,58688.91,2856.0,1000,0.0
2026-07-01 08:00:00,58687.49,58913.3,58408.69,58898.64,3623.0,1000,0.0
2026-07-01 09:00:00,58901.77,59021.72,58743.14,58870.83,2588.0,1000,0.0
2026-07-01 10:00:00,58871.21,58874.15,58537.37,58579.2,2389.0,1000,0.0
2026-07-01 11:00:00,58578.79,58678.25,58469.02,58536.86,2896.0,1000,0.0
2026-07-01 12:00:00,58537.11,58604.59,58242.75,58450.75,4885.0,1000,0.0
2026-07-01 13:00:00,58464.69,59450.63,58445.03,59417.44,10573.0,1000,0.0
2026-07-01 14:00:00,59413.07,60031.72,59197.87,59484.77,9705.0,1000,0.0
2026-07-01 15:00:00,59484.68,60483.17,59444.99,60082.29,7928.0,1000,0.0
2026-07-01 16:00:00,60089.62,60212.56,59797.66,59866.8,3627.0,1000,0.0
2026-07-01 17:00:00,59866.3,60184.11,59720.85,60130.33,3561.0,1000,0.0
2026-07-01 18:00:00,60125.34,60246.33,59954.89,60103.5,3183.0,1000,0.0
2026-07-01 19:00:00,60101.05,60296.04,59930.6,59970.55,2931.0,1000,0.0
2026-07-01 20:00:00,59970.15,60142.21,59806.63,60071.58,2469.0,1000,0.0
2026-07-01 21:00:00,60070.96,60785.28,60056.69,60758.38,3506.0,1000,0.0
2026-07-01 22:00:00,60759.39,61288.95,60274.95,60409.72,5779.0,1000,0.0
2026-07-01 23:00:00,60402.58,60402.58,59910.78,59966.8,3849.0,1000,0.0
2026-07-02 00:00:00,59972.31,59972.31,59518.32,59683.81,3945.0,1000,0.0
2026-07-02 01:00:00,59685.17,60259.69,59650.39,60111.06,4006.0,1000,0.0
2026-07-02 02:00:00,60114.46,60426.33,59942.87,60348.84,3588.0,1000,0.0
2026-07-02 03:00:00,60351.68,61061.22,60220.35,60990.3,4806.0,1000,0.0
2026-07-02 04:00:00,60988.8,60988.8,60649.56,60704.56,3001.0,1000,0.0
2026-07-02 05:00:00,60704.49,60809.37,60411.94,60439.19,3257.0,1000,0.0
2026-07-02 06:00:00,60435.58,60579.85,60177.56,60193.94,3079.0,1000,0.0
2026-07-02 07:00:00,60190.92,60234.67,60018.07,60064.67,2858.0,1000,0.0
2026-07-02 08:00:00,60061.86,60489.2,60051.9,60430.15,3258.0,1000,0.0
2026-07-02 09:00:00,60429.52,61357.37,60293.05,61093.25,6132.0,1000,0.0
2026-07-02 10:00:00,61091.12,61281.47,60958.21,61185.27,4831.0,1000,0.0
2026-07-02 11:00:00,61188.19,61317.22,61054.36,61276.61,4681.0,1000,0.0
2026-07-02 12:00:00,61274.85,61553.48,61059.26,61460.19,7299.0,1000,0.0
2026-07-02 13:00:00,61463.8,62003.79,61427.38,61869.96,9094.0,1000,0.0
2026-07-02 14:00:00,61870.04,62146.29,61321.65,61627.06,10696.0,1000,0.0
2026-07-02 15:00:00,61631.07,61791.95,61361.32,61547.81,6599.0,1000,0.0
2026-07-02 16:00:00,61547.34,61726.52,61079.84,61621.78,5674.0,1000,0.0
2026-07-02 17:00:00,61621.72,61877.42,61564.51,61604.89,4277.0,1000,0.0
2026-07-02 18:00:00,61599.5,61818.22,61594.68,61700.18,2986.0,1000,0.0
2026-07-02 19:00:00,61701.64,61707.65,61348.68,61420.59,3309.0,1000,0.0
2026-07-02 20:00:00,61415.78,61532.18,61264.13,61503.31,2231.0,1000,0.0
2026-07-02 21:00:00,61503.98,61593.4,61442.71,61517.1,1264.0,1000,0.0
2026-07-02 22:00:00,61517.0,61521.21,61318.68,61391.36,1581.0,1000,0.0
2026-07-02 23:00:00,61390.53,61532.16,61271.19,61488.67,1945.0,1000,0.0
2026-07-03 00:00:00,61482.8,61503.76,61165.35,61223.02,2933.0,1000,0.0
2026-07-03 01:00:00,61220.51,61658.37,61195.01,61516.26,4063.0,1000,0.0
2026-07-03 02:00:00,61516.38,61592.13,61212.58,61354.88,2827.0,1000,0.0
2026-07-03 03:00:00,61354.96,61504.33,61242.49,61345.49,2231.0,1000,0.0
2026-07-03 04:00:00,61347.21,61450.04,61255.79,61364.83,1955.0,1000,0.0
2026-07-03 05:00:00,61364.22,61736.22,61347.08,61624.75,2733.0,1000,0.0
2026-07-03 06:00:00,61627.99,61777.67,61535.49,61634.79,2174.0,1000,0.0
2026-07-03 07:00:00,61632.87,61800.66,61582.08,61681.21,1794.0,1000,0.0
2026-07-03 08:00:00,61684.27,61833.78,61482.5,61512.74,2725.0,1000,0.0
2026-07-03 09:00:00,61511.87,61719.92,61437.87,61640.77,2561.0,1000,0.0
2026-07-03 10:00:00,61640.08,61980.86,61595.58,61847.73,3034.0,1000,0.0
2026-07-03 11:00:00,61846.5,62035.76,61764.43,61939.23,2817.0,1000,0.0
2026-07-03 12:00:00,61938.56,62100.66,61785.67,61904.52,3013.0,1000,0.0
2026-07-03 13:00:00,61904.97,62225.76,61859.29,62042.31,3146.0,1000,0.0
2026-07-03 14:00:00,62042.49,62213.81,61617.15,62098.98,4217.0,1000,0.0
2026-07-03 15:00:00,62103.73,62351.05,61741.38,61868.07,3976.0,1000,0.0
2026-07-03 16:00:00,61864.34,62073.88,61842.85,62046.22,2235.0,1000,0.0
2026-07-03 17:00:00,62046.02,62232.01,62003.74,62144.68,2164.0,1000,0.0
2026-07-03 18:00:00,62146.97,62196.84,62055.21,62146.06,1754.0,1000,0.0
2026-07-03 19:00:00,62147.86,62262.72,62087.78,62143.98,2056.0,1000,0.0
2026-07-03 20:00:00,62150.49,62854.12,62124.32,62715.16,3765.0,1000,0.0
2026-07-03 21:00:00,62719.41,62910.96,62438.4,62657.63,3196.0,1000,0.0
2026-07-03 22:00:00,62665.71,62687.04,62468.23,62509.27,1916.0,1000,0.0
2026-07-03 23:00:00,62511.49,62648.47,62463.42,62519.54,1560.0,1000,0.0
2026-07-04 00:00:00,62522.24,62890.49,62516.34,62693.91,2298.0,1000,0.0
2026-07-04 01:00:00,62692.61,62692.61,62337.29,62409.94,2403.0,1000,0.0
2026-07-04 02:00:00,62413.63,62521.04,62362.38,62474.62,1579.0,1000,0.0
2026-07-04 03:00:00,62474.49,62701.76,62422.96,62569.96,1795.0,1000,0.0
2026-07-04 04:00:00,62570.11,62701.17,62525.81,62617.68,1749.0,1000,0.0
2026-07-04 05:00:00,62616.88,62621.97,62356.78,62413.86,1557.0,1000,0.0
2026-07-04 06:00:00,62414.66,62497.99,62268.4,62430.77,1775.0,1000,0.0
2026-07-04 07:00:00,62433.91,62577.02,62399.44,62508.13,1619.0,1000,0.0
2026-07-04 08:00:00,62506.06,62623.99,62442.8,62499.74,1565.0,1000,0.0
2026-07-04 09:00:00,62503.13,62529.36,62344.5,62427.87,1692.0,1000,0.0
2026-07-04 10:00:00,62427.88,62488.12,62381.66,62445.22,1212.0,1000,0.0
2026-07-04 11:00:00,62448.92,62511.72,62390.82,62422.7,1251.0,1000,0.0
2026-07-04 12:00:00,62426.13,62644.44,62425.7,62602.05,1424.0,1000,0.0
2026-07-04 13:00:00,62603.59,62732.27,62479.94,62533.06,1746.0,1000,0.0
2026-07-04 14:00:00,62532.25,62693.16,62532.25,62641.87,1911.0,1000,0.0
2026-07-04 15:00:00,62642.42,63043.93,62635.18,62883.29,4268.0,1000,0.0
2026-07-04 16:00:00,62882.36,62918.2,62725.44,62864.27,2304.0,1000,0.0
2026-07-04 17:00:00,62865.28,63391.96,62745.7,63222.57,3570.0,1000,0.0
2026-07-04 18:00:00,63223.6,63299.7,63034.92,63109.26,2406.0,1000,0.0
2026-07-04 19:00:00,63111.37,63420.49,63063.89,63234.45,2124.0,1000,0.0
2026-07-04 20:00:00,63240.05,63344.46,63096.22,63183.54,2012.0,1000,0.0
2026-07-04 21:00:00,63183.61,63403.45,63143.7,63243.82,1775.0,1000,0.0
2026-07-04 22:00:00,63244.85,63263.52,63096.29,63139.21,1432.0,1000,0.0
2026-07-04 23:00:00,63141.77,63182.6,62869.4,63093.3,2148.0,1000,0.0
2026-07-05 00:00:00,63090.34,63091.72,62819.12,62933.38,1933.0,1000,0.0
2026-07-05 01:00:00,62931.94,62993.31,62729.28,62831.08,2189.0,1000,0.0
2026-07-05 02:00:00,62830.21,62874.91,62533.3,62641.79,2459.0,1000,0.0
2026-07-05 03:00:00,62638.38,62738.62,62599.87,62711.43,1740.0,1000,0.0
2026-07-05 04:00:00,62712.08,62897.72,62653.27,62757.02,1773.0,1000,0.0
2026-07-05 05:00:00,62762.6,62764.58,62595.95,62681.53,1783.0,1000,0.0
2026-07-05 06:00:00,62681.87,62771.93,62607.91,62715.79,1630.0,1000,0.0
2026-07-05 07:00:00,62719.48,63002.08,62653.42,62957.04,1872.0,1000,0.0
2026-07-05 08:00:00,62959.52,63053.59,62831.67,62859.32,1830.0,1000,0.0
2026-07-05 09:00:00,62861.38,62878.97,62371.63,62559.64,2773.0,1000,0.0
2026-07-05 10:00:00,62558.74,62705.85,62471.36,62695.58,1619.0,1000,0.0
2026-07-05 11:00:00,62695.51,62761.31,62548.57,62596.57,1671.0,1000,0.0
2026-07-05 12:00:00,62598.09,62725.22,62497.01,62687.53,1789.0,1000,0.0
2026-07-05 13:00:00,62685.09,62770.3,62582.91,62740.85,1678.0,1000,0.0
2026-07-05 14:00:00,62743.39,62763.98,62592.05,62754.26,1640.0,1000,0.0
2026-07-05 15:00:00,62754.32,62895.44,62618.56,62687.13,2350.0,1000,0.0
2026-07-05 16:00:00,62684.12,62721.56,62532.47,62581.08,1676.0,1000,0.0
2026-07-05 17:00:00,62583.45,62767.04,62528.46,62570.15,1787.0,1000,0.0
2026-07-05 18:00:00,62571.56,62837.54,62558.13,62754.86,1667.0,1000,0.0
2026-07-05 19:00:00,62755.17,62822.95,62668.63,62714.11,1479.0,1000,0.0
2026-07-05 20:00:00,62709.64,62789.06,62637.31,62679.26,1216.0,1000,0.0
2026-07-05 21:00:00,62677.21,63183.36,62551.36,63042.13,2747.0,1000,0.0
2026-07-05 22:00:00,63043.23,63906.5,62944.6,63677.75,5781.0,1000,0.0
2026-07-05 23:00:00,63671.37,63951.7,63505.56,63579.74,3619.0,1000,0.0
2026-07-06 00:00:00,63580.85,63726.2,63276.83,63689.44,4292.0,1000,0.0
2026-07-06 01:00:00,63686.48,63868.22,63487.46,63512.09,3960.0,1000,0.0
2026-07-06 02:00:00,63511.44,63607.73,63304.53,63393.52,3246.0,1000,0.0
2026-07-06 03:00:00,63391.34,63445.25,63069.85,63236.94,3160.0,1000,0.0
2026-07-06 04:00:00,63236.55,63338.23,63119.57,63211.54,2294.0,1000,0.0
2026-07-06 05:00:00,63213.48,63213.48,62882.83,63049.6,2938.0,1000,0.0
2026-07-06 06:00:00,63049.44,63092.44,62904.69,62919.86,2028.0,1000,0.0
2026-07-06 07:00:00,62922.48,63068.95,62819.33,63017.4,2063.0,1000,0.0
2026-07-06 08:00:00,63017.99,63180.98,62762.42,62830.09,2349.0,1000,0.0
2026-07-06 09:00:00,62833.47,62858.74,62565.19,62605.21,2085.0,1000,0.0
2026-07-06 10:00:00,62605.24,62972.69,62592.26,62761.4,2087.0,1000,0.0
2026-07-06 11:00:00,62762.12,62945.39,62426.08,62433.37,2361.0,1000,0.0
2026-07-06 12:00:00,62432.1,62434.92,61610.57,61694.97,8909.0,1000,0.0
2026-07-06 13:00:00,61692.92,61985.05,61252.63,61723.8,8629.0,1000,0.0
2026-07-06 14:00:00,61724.08,62360.69,61651.5,61991.48,8326.0,1000,0.0
2026-07-06 15:00:00,61991.84,63505.76,61990.38,63499.87,9993.0,1000,0.0
2026-07-06 16:00:00,63498.05,63826.47,63337.41,63691.38,7630.0,1000,0.0
2026-07-06 17:00:00,63687.79,63944.82,63507.77,63544.96,4396.0,1000,0.0
2026-07-06 18:00:00,63546.33,63852.95,63501.19,63656.34,2935.0,1000,0.0
2026-07-06 19:00:00,63656.33,63860.23,63600.79,63699.01,2771.0,1000,0.0
2026-07-06 20:00:00,63697.02,63853.65,63535.81,63781.15,2316.0,1000,0.0
2026-07-06 21:00:00,63779.04,64668.23,63758.95,64447.36,7227.0,1000,0.0
2026-07-06 22:00:00,64447.12,64461.36,64097.85,64202.66,2709.0,1000,0.0
2026-07-06 23:00:00,64202.03,64299.85,63973.74,64001.94,2141.0,1000,0.0
2026-07-07 00:00:00,64001.6,64279.7,63952.57,64151.53,3516.0,1000,0.0
2026-07-07 01:00:00,64149.17,64151.19,63729.37,63803.48,3868.0,1000,0.0
2026-07-07 02:00:00,63803.63,63867.33,63238.29,63284.53,3307.0,1000,0.0
2026-07-07 03:00:00,63283.47,63375.07,63097.51,63145.28,3133.0,1000,0.0
2026-07-07 04:00:00,63144.49,63251.72,63003.4,63046.82,2279.0,1000,0.0
2026-07-07 05:00:00,63046.0,63215.48,62728.33,63065.11,2699.0,1000,0.0
2026-07-07 06:00:00,63070.11,63353.28,62929.94,63280.79,2546.0,1000,0.0
2026-07-07 07:00:00,63283.65,63401.32,63016.74,63031.32,2459.0,1000,0.0
2026-07-07 08:00:00,63031.31,63138.18,62921.45,63048.09,2238.0,1000,0.0
2026-07-07 09:00:00,63047.96,63288.22,63002.01,63199.18,1927.0,1000,0.0
2026-07-07 10:00:00,63199.83,63401.44,63157.54,63229.13,2042.0,1000,0.0
2026-07-07 11:00:00,63231.24,63400.78,63041.43,63343.02,2367.0,1000,0.0
2026-07-07 12:00:00,63345.53,63826.8,63321.25,63420.35,4018.0,1000,0.0
2026-07-07 13:00:00,63409.78,63425.65,62916.39,62998.62,8391.0,1000,0.0
2026-07-07 14:00:00,62995.72,63580.44,62605.32,63495.2,12122.0,1000,0.0
2026-07-07 15:00:00,63506.95,64063.86,63311.93,63889.14,8313.0,1000,0.0
2026-07-07 16:00:00,63891.78,64204.76,63752.73,63937.35,5387.0,1000,0.0
2026-07-07 17:00:00,63936.6,64183.1,63839.78,64138.08,3608.0,1000,0.0
2026-07-07 18:00:00,64142.1,64142.85,63629.84,63636.37,3747.0,1000,0.0
2026-07-07 19:00:00,63635.82,63863.32,63332.32,63782.2,4983.0,1000,0.0
2026-07-07 20:00:00,63777.25,63864.32,63569.64,63651.91,2211.0,1000,0.0
2026-07-07 21:00:00,63654.93,63828.76,63264.47,63392.56,3263.0,1000,0.0
2026-07-07 22:00:00,63385.04,63623.17,63163.8,63504.86,2884.0,1000,0.0
2026-07-07 23:00:00,63498.16,63675.56,63271.26,63314.03,1970.0,1000,0.0
2026-07-08 00:00:00,63319.14,63725.4,63255.78,63574.08,3329.0,1000,0.0
2026-07-08 01:00:00,63575.05,63611.24,62873.84,62989.84,4277.0,1000,0.0
2026-07-08 02:00:00,62985.61,63022.27,62472.5,62941.6,4609.0,1000,0.0
2026-07-08 03:00:00,62943.61,63055.68,62646.31,62725.15,2696.0,1000,0.0
2026-07-08 04:00:00,62727.52,62857.67,62618.24,62744.13,2605.0,1000,0.0
2026-07-08 05:00:00,62743.85,62830.45,62493.59,62594.07,2492.0,1000,0.0
2026-07-08 06:00:00,62593.64,62696.42,62413.06,62609.18,3156.0,1000,0.0
2026-07-08 07:00:00,62609.85,62846.53,62486.34,62826.88,2608.0,1000,0.0
2026-07-08 08:00:00,62828.31,62899.31,61792.46,61963.78,9246.0,1000,0.0
2026-07-08 09:00:00,61968.63,62112.93,61670.82,62009.37,4552.0,1000,0.0
2026-07-08 10:00:00,62010.26,62142.28,61840.84,62122.56,2573.0,1000,0.0
2026-07-08 11:00:00,62122.63,62341.04,61987.06,62247.57,3075.0,1000,0.0
2026-07-08 12:00:00,62251.37,62369.83,61892.71,61900.56,2779.0,1000,0.0
2026-07-08 13:00:00,61898.99,62032.42,61566.46,61881.1,6378.0,1000,0.0
2026-07-08 14:00:00,61879.18,62120.68,61640.08,61826.75,8158.0,1000,0.0
2026-07-08 15:00:00,61826.98,61865.34,61471.62,61633.46,4726.0,1000,0.0
2026-07-08 16:00:00,61635.11,62093.56,61619.93,62046.84,4010.0,1000,0.0
2026-07-08 17:00:00,62049.38,62349.36,61959.96,62060.66,3030.0,1000,0.0
2026-07-08 18:00:00,62058.88,62299.92,61979.35,62120.83,3160.0,1000,0.0
2026-07-08 19:00:00,62122.29,62244.22,62001.74,62216.88,2844.0,1000,0.0
2026-07-08 20:00:00,62226.79,62260.86,62023.92,62057.98,2105.0,1000,0.0
2026-07-08 21:00:00,62058.05,62203.5,61896.29,62138.18,3044.0,1000,0.0
2026-07-08 22:00:00,62139.48,62307.05,62117.18,62275.24,2024.0,1000,0.0
2026-07-08 23:00:00,62271.73,62304.41,62115.99,62239.37,1885.0,1000,0.0
2026-07-09 00:00:00,62237.97,62265.87,62000.62,62076.59,2696.0,1000,0.0
2026-07-09 01:00:00,62081.23,62595.83,61773.9,61851.27,5182.0,1000,0.0
2026-07-09 02:00:00,61857.94,62073.74,61633.42,61726.37,3722.0,1000,0.0
2026-07-09 03:00:00,61730.17,62014.96,61661.5,61912.62,3040.0,1000,0.0
2026-07-09 04:00:00,61916.26,62403.64,61899.32,62390.13,2582.0,1000,0.0
2026-07-09 05:00:00,62389.61,62572.66,62173.62,62535.41,3097.0,1000,0.0
2026-07-09 06:00:00,62535.15,62932.14,62423.87,62897.25,3199.0,1000,0.0
2026-07-09 07:00:00,62897.91,63234.77,62738.25,62949.25,3834.0,1000,0.0
2026-07-09 08:00:00,62947.36,63049.93,62787.04,62836.23,2424.0,1000,0.0
2026-07-09 09:00:00,62835.3,62954.75,62721.64,62900.46,2205.0,1000,0.0
2026-07-09 10:00:00,62892.84,63000.34,62616.69,62727.02,2255.0,1000,0.0
2026-07-09 11:00:00,62724.75,62774.84,62546.2,62720.77,2621.0,1000,0.0
2026-07-09 12:00:00,62720.23,62907.55,62393.52,62555.87,5201.0,1000,0.0
2026-07-09 13:00:00,62557.74,63189.7,62455.22,62968.65,6970.0,1000,0.0
2026-07-09 14:00:00,62973.72,63088.65,62600.62,62947.18,6900.0,1000,0.0
2026-07-09 15:00:00,62949.69,63208.4,62752.84,62808.2,4410.0,1000,0.0
2026-07-09 16:00:00,62807.16,62944.3,62494.37,62640.19,3342.0,1000,0.0
2026-07-09 17:00:00,62642.2,63116.04,62603.92,63089.8,2778.0,1000,0.0
2026-07-09 18:00:00,63088.67,63454.16,63009.69,63164.68,5150.0,1000,0.0
2026-07-09 19:00:00,63168.73,63329.21,63097.24,63196.19,4578.0,1000,0.0
2026-07-09 20:00:00,63198.59,63273.8,63116.75,63259.03,4014.0,1000,0.0
2026-07-09 21:00:00,63259.64,63348.13,63145.69,63225.15,3815.0,1000,0.0
2026-07-09 22:00:00,63225.04,63378.51,63156.72,63161.72,4081.0,1000,0.0
2026-07-09 23:00:00,63161.87,63282.43,63006.88,63170.83,4261.0,1000,0.0
2026-07-10 00:00:00,63171.6,63213.88,62866.25,63055.7,4952.0,1000,0.0
2026-07-10 01:00:00,63055.89,63906.96,62903.82,63706.22,6080.0,1000,0.0
2026-07-10 02:00:00,63705.71,64005.66,63639.49,63913.78,5098.0,1000,0.0
2026-07-10 03:00:00,63912.45,63998.15,63770.87,63897.11,4168.0,1000,0.0
2026-07-10 04:00:00,63897.13,64150.26,63806.5,64007.8,4289.0,1000,0.0
2026-07-10 05:00:00,64007.79,64165.45,63889.22,64069.68,4173.0,1000,0.0
2026-07-10 06:00:00,64070.93,64120.51,63781.48,63817.73,3909.0,1000,0.0
2026-07-10 07:00:00,63816.96,63963.67,63744.65,63936.25,3653.0,1000,0.0
2026-07-10 08:00:00,63936.26,64363.32,63922.9,64193.0,4696.0,1000,0.0
2026-07-10 09:00:00,64193.17,64447.79,64048.91,64340.52,4476.0,1000,0.0
2026-07-10 10:00:00,64338.86,64464.87,64223.78,64356.42,4027.0,1000,0.0
2026-07-10 11:00:00,64355.82,64440.89,64289.03,64380.36,4066.0,1000,0.0
2026-07-10 12:00:00,64380.39,64572.33,64216.71,64240.06,4796.0,1000,0.0
2026-07-10 13:00:00,64238.12,64662.84,64094.6,64433.73,6418.0,1000,0.0
2026-07-10 14:00:00,64435.38,64478.26,63738.93,63872.48,8796.0,1000,0.0
2026-07-10 15:00:00,63872.47,64166.24,63841.28,63991.78,5664.0,1000,0.0
2026-07-10 16:00:00,63987.59,64179.08,63766.04,64088.35,5028.0,1000,0.0
2026-07-10 17:00:00,64086.93,64116.24,63769.06,63775.4,4428.0,1000,0.0
2026-07-10 18:00:00,63780.74,63965.6,63688.73,63759.57,4134.0,1000,0.0
2026-07-10 19:00:00,63759.17,64002.88,63722.81,63886.13,4202.0,1000,0.0
2026-07-10 20:00:00,63884.14,63885.16,63592.15,63787.5,3971.0,1000,0.0
2026-07-10 21:00:00,63787.05,64059.2,63776.24,63964.79,3920.0,1000,0.0
2026-07-10 22:00:00,63970.23,64123.2,63929.47,64063.14,3761.0,1000,0.0
2026-07-10 23:00:00,64063.08,64169.19,63969.21,64117.34,3726.0,1000,0.0
2026-07-11 00:00:00,64118.67,64123.61,63986.66,64075.64,3599.0,1000,0.0
2026-07-11 01:00:00,64077.15,64274.66,63957.06,63969.2,3994.0,1000,0.0
2026-07-11 02:00:00,63977.09,64125.02,63934.84,64112.59,3588.0,1000,0.0
2026-07-11 03:00:00,64108.87,64155.43,64022.56,64107.33,3623.0,1000,0.0
2026-07-11 04:00:00,64108.17,64170.36,64034.57,64106.62,3404.0,1000,0.0
2026-07-11 05:00:00,64106.57,64179.97,64069.19,64119.6,3401.0,1000,0.0
2026-07-11 06:00:00,64119.02,64230.39,64063.12,64168.21,3453.0,1000,0.0
2026-07-11 07:00:00,64167.73,64203.14,64095.42,64106.88,3355.0,1000,0.0
2026-07-11 08:00:00,64105.75,64265.5,64095.16,64217.81,3305.0,1000,0.0
2026-07-11 09:00:00,64209.28,64249.53,64092.4,64110.67,3378.0,1000,0.0
2026-07-11 10:00:00,64113.01,64153.27,64076.4,64130.63,3375.0,1000,0.0
2026-07-11 11:00:00,64130.76,64165.23,64112.07,64139.16,3328.0,1000,0.0
2026-07-11 12:00:00,64139.16,64183.61,64075.24,64134.14,3256.0,1000,0.0
2026-07-11 13:00:00,64134.25,64220.58,64112.43,64191.74,3335.0,1000,0.0
2026-07-11 14:00:00,64191.91,64470.28,64184.32,64297.13,3905.0,1000,0.0
2026-07-11 15:00:00,64298.72,64441.03,63765.6,64120.72,5339.0,1000,0.0
2026-07-11 16:00:00,64121.57,64227.2,64034.25,64129.0,4228.0,1000,0.0
2026-07-11 17:00:00,64128.97,64360.42,64110.31,64269.11,3735.0,1000,0.0
2026-07-11 18:00:00,64267.41,64352.54,64232.5,64279.08,3609.0,1000,0.0
2026-07-11 19:00:00,64279.24,64296.13,64179.6,64236.95,3503.0,1000,0.0
2026-07-11 20:00:00,64237.11,64419.76,64232.84,64328.02,3385.0,1000,0.0
2026-07-11 21:00:00,64328.41,64389.01,64289.18,64303.24,3319.0,1000,0.0
2026-07-11 22:00:00,64306.16,64383.4,64088.35,64157.6,3931.0,1000,0.0
2026-07-11 23:00:00,64158.24,64207.16,63765.6,63772.93,4920.0,1000,0.0
2026-07-12 00:00:00,63772.95,63875.27,63643.98,63787.9,4922.0,1000,0.0
2026-07-12 01:00:00,63787.13,64131.12,63761.45,64079.6,4199.0,1000,0.0
2026-07-12 02:00:00,64080.75,64093.4,63983.29,64029.4,3831.0,1000,0.0
2026-07-12 03:00:00,64028.76,64197.84,63981.94,64181.4,3741.0,1000,0.0
2026-07-12 04:00:00,64178.03,64225.89,63889.8,63959.18,3662.0,1000,0.0
2026-07-12 05:00:00,63961.08,63987.45,63850.14,63924.43,3590.0,1000,0.0
2026-07-12 06:00:00,63922.94,63924.1,63586.66,63707.27,4135.0,1000,0.0
2026-07-12 07:00:00,63706.67,63859.61,63689.65,63845.18,2658.0,1000,0.0
2026-07-12 08:00:00,63957.96,64048.91,63870.12,63940.28,2910.0,1000,0.0
2026-07-12 09:00:00,63937.41,64003.58,63710.0,63915.57,3849.0,1000,0.0
2026-07-12 10:00:00,63915.57,63919.36,63787.61,63821.83,3560.0,1000,0.0
2026-07-12 11:00:00,63822.38,63990.6,63770.46,63962.34,3600.0,1000,0.0
2026-07-12 12:00:00,63961.67,64097.46,63919.09,63982.66,3794.0,1000,0.0
2026-07-12 13:00:00,63981.88,64059.98,63943.25,63972.43,3683.0,1000,0.0
2026-07-12 14:00:00,63971.97,64255.35,63909.98,64151.02,3816.0,1000,0.0
2026-07-12 15:00:00,64151.04,64221.33,64074.24,64131.62,3903.0,1000,0.0
2026-07-12 16:00:00,64130.03,64169.64,63994.48,64123.31,3643.0,1000,0.0
2026-07-12 17:00:00,64123.21,64136.86,63970.57,64036.76,3494.0,1000,0.0
2026-07-12 18:00:00,64040.13,64113.5,63967.46,64102.53,3377.0,1000,0.0
2026-07-12 19:00:00,64102.5,64240.19,64101.48,64191.25,3334.0,1000,0.0
2026-07-12 20:00:00,64192.93,64217.7,64125.45,64156.54,3417.0,1000,0.0
2026-07-12 21:00:00,64156.56,64194.04,63845.56,63883.53,3743.0,1000,0.0
2026-07-12 22:00:00,63883.54,63888.24,63622.93,63842.97,5037.0,1000,0.0
2026-07-12 23:00:00,63840.49,63879.08,63684.44,63747.81,4211.0,1000,0.0
2026-07-13 00:00:00,63746.18,64400.12,63525.84,64020.08,8508.0,1000,0.0
2026-07-13 01:00:00,64020.09,64021.91,63349.43,63369.43,7325.0,1000,0.0
2026-07-13 02:00:00,63371.24,63509.95,63190.0,63324.59,6313.0,1000,0.0
2026-07-13 03:00:00,63323.24,63345.67,62686.08,62764.56,6384.0,1000,0.0
2026-07-13 04:00:00,62764.56,62860.61,62563.44,62635.37,4867.0,1000,0.0
2026-07-13 05:00:00,62635.44,62867.33,62429.66,62753.79,5248.0,1000,0.0
2026-07-13 06:00:00,62755.29,62835.85,62659.13,62754.33,4228.0,1000,0.0
2026-07-13 07:00:00,62754.32,63010.86,62696.23,62940.39,4185.0,1000,0.0
2026-07-13 08:00:00,62940.82,63234.48,62881.47,63152.81,4312.0,1000,0.0
2026-07-13 09:00:00,63152.91,63155.82,63026.44,63036.19,3611.0,1000,0.0
2026-07-13 10:00:00,63035.82,63088.76,62795.24,62809.93,3853.0,1000,0.0
2026-07-13 11:00:00,62809.93,63075.3,62809.93,62846.55,3940.0,1000,0.0
2026-07-13 12:00:00,62846.3,62932.2,62497.98,62572.32,4678.0,1000,0.0
2026-07-13 13:00:00,62572.27,62714.36,62097.76,62252.36,7112.0,1000,0.0
2026-07-13 14:00:00,62251.96,62738.21,62025.09,62721.2,7980.0,1000,0.0
2026-07-13 15:00:00,62719.16,62915.82,62497.26,62545.77,4945.0,1000,0.0
2026-07-13 16:00:00,62549.25,62568.08,62135.81,62216.34,4963.0,1000,0.0
2026-07-13 17:00:00,62217.44,62301.53,61823.95,61828.83,5062.0,1000,0.0
2026-07-13 18:00:00,61830.01,62036.39,61750.99,61951.3,4946.0,1000,0.0
2026-07-13 19:00:00,61954.66,62219.89,61911.15,62203.63,4353.0,1000,0.0
2026-07-13 20:00:00,62203.39,62253.47,61970.5,62130.81,4003.0,1000,0.0
2026-07-13 21:00:00,62130.44,62154.36,61826.41,61998.18,4131.0,1000,0.0
2026-07-13 22:00:00,61997.28,62166.0,61826.56,61842.84,4329.0,1000,0.0
2026-07-13 23:00:00,61849.28,62284.82,61796.2,62265.85,4290.0,1000,0.0
2026-07-14 00:00:00,62262.32,62598.04,62189.11,62479.1,5347.0,1000,0.0
2026-07-14 01:00:00,62480.16,62570.07,62380.72,62454.41,4597.0,1000,0.0
2026-07-14 02:00:00,62455.34,62571.56,62246.41,62477.65,4190.0,1000,0.0
2026-07-14 03:00:00,62476.26,62535.53,62236.44,62492.23,4183.0,1000,0.0
2026-07-14 04:00:00,62492.04,62706.02,62458.9,62672.9,4056.0,1000,0.0
2026-07-14 05:00:00,62670.01,62810.15,62623.95,62653.41,4061.0,1000,0.0
2026-07-14 06:00:00,62650.73,62701.15,62481.09,62548.2,4047.0,1000,0.0
2026-07-14 07:00:00,62548.54,62578.52,62424.11,62470.84,4140.0,1000,0.0
2026-07-14 08:00:00,62468.33,62722.55,62399.97,62624.66,4076.0,1000,0.0
2026-07-14 09:00:00,62624.76,62669.01,62450.1,62547.78,3845.0,1000,0.0
2026-07-14 10:00:00,62547.95,62836.39,62528.82,62724.37,4168.0,1000,0.0
2026-07-14 11:00:00,62724.37,62855.46,62633.98,62769.81,4047.0,1000,0.0
2026-07-14 12:00:00,62769.76,63925.53,62706.1,63899.8,9070.0,1000,0.0
2026-07-14 13:00:00,63901.38,64128.8,63630.94,63768.98,7408.0,1000,0.0
2026-07-14 14:00:00,63777.54,64282.24,63516.06,64238.77,6581.0,1000,0.0
2026-07-14 15:00:00,64234.12,64923.8,64133.19,64704.93,8223.0,1000,0.0
2026-07-14 16:00:00,64701.4,64858.15,64561.23,64694.98,5436.0,1000,0.0
2026-07-14 17:00:00,64693.99,64693.99,64185.91,64580.71,5244.0,1000,0.0
2026-07-14 18:00:00,64580.71,64621.8,64428.91,64529.19,4325.0,1000,0.0
2026-07-14 19:00:00,64528.7,64673.24,64443.74,64533.43,4222.0,1000,0.0
2026-07-14 20:00:00,64538.01,64557.47,64371.33,64510.28,3866.0,1000,0.0
2026-07-14 21:00:00,64510.32,64859.51,64470.44,64624.34,4009.0,1000,0.0
2026-07-14 22:00:00,64624.34,65086.59,64466.39,64808.78,4946.0,1000,0.0
2026-07-14 23:00:00,64808.78,65020.89,64725.03,64982.9,4053.0,1000,0.0
2026-07-15 00:00:00,64995.1,65019.82,64716.1,64776.13,4208.0,1000,0.0
2026-07-15 01:00:00,64775.13,64808.96,64588.81,64624.24,4177.0,1000,0.0
2026-07-15 02:00:00,64624.34,64705.81,64430.46,64442.31,3815.0,1000,0.0
2026-07-15 03:00:00,64442.52,64794.49,64441.5,64735.81,3904.0,1000,0.0
2026-07-15 04:00:00,64734.78,64838.93,64658.53,64699.02,3878.0,1000,0.0
2026-07-15 05:00:00,64700.1,64912.19,64551.78,64891.01,4059.0,1000,0.0
2026-07-15 06:00:00,64892.37,65243.39,64766.36,64766.92,5141.0,1000,0.0
2026-07-15 07:00:00,64769.29,64838.47,64429.61,64499.62,4568.0,1000,0.0
2026-07-15 08:00:00,64500.48,64745.12,64500.48,64718.74,3998.0,1000,0.0
2026-07-15 09:00:00,64718.73,64873.66,64594.4,64619.34,3912.0,1000,0.0
2026-07-15 10:00:00,64619.92,64800.04,64556.61,64603.79,3868.0,1000,0.0
2026-07-15 11:00:00,64603.51,64700.97,64554.14,64680.84,3795.0,1000,0.0
2026-07-15 12:00:00,64680.82,65208.84,64537.34,65098.81,6184.0,1000,0.0
2026-07-15 13:00:00,65099.9,65525.5,64821.29,65054.78,8978.0,1000,0.0
2026-07-15 14:00:00,65054.07,65464.62,64995.01,65335.23,7725.0,1000,0.0
2026-07-15 15:00:00,65335.25,65553.1,65196.3,65365.07,5687.0,1000,0.0
2026-07-15 16:00:00,65363.1,65409.75,64723.07,65063.98,5531.0,1000,0.0
2026-07-15 17:00:00,65065.88,65137.91,64911.84,65003.99,4421.0,1000,0.0
2026-07-15 18:00:00,65003.21,65100.0,64791.54,64820.55,4344.0,1000,0.0
2026-07-15 19:00:00,64820.54,64965.91,64689.94,64938.13,4368.0,1000,0.0
2026-07-15 20:00:00,64937.77,65013.31,64852.12,64925.45,3711.0,1000,0.0
2026-07-15 21:00:00,64925.43,64976.91,64738.94,64788.51,3657.0,1000,0.0
2026-07-15 22:00:00,64786.63,64942.22,64722.4,64820.75,3906.0,1000,0.0
2026-07-15 23:00:00,64822.3,64902.06,64642.74,64715.48,3823.0,1000,0.0
2026-07-16 00:00:00,64710.25,64805.16,64451.41,64539.09,4225.0,1000,0.0
2026-07-16 01:00:00,64541.15,64787.7,64341.32,64690.58,4381.0,1000,0.0
2026-07-16 02:00:00,64690.61,64696.41,64529.04,64590.87,4030.0,1000,0.0
2026-07-16 03:00:00,64590.24,64701.43,64496.74,64564.84,3872.0,1000,0.0
2026-07-16 04:00:00,64567.77,64641.2,64481.3,64584.93,3741.0,1000,0.0
2026-07-16 05:00:00,64584.77,64949.34,64547.46,64866.04,4123.0,1000,0.0
2026-07-16 06:00:00,64865.39,64918.56,64571.48,64719.01,4025.0,1000,0.0
2026-07-16 07:00:00,64719.51,64725.92,64012.94,64169.18,4742.0,1000,0.0
2026-07-16 08:00:00,64168.66,64310.45,63813.98,64071.16,5521.0,1000,0.0
2026-07-16 09:00:00,64071.15,64131.07,63952.96,64038.01,4092.0,1000,0.0
2026-07-16 10:00:00,64039.09,64217.53,64015.86,64157.97,3818.0,1000,0.0
2026-07-16 11:00:00,64160.65,64218.33,64027.0,64196.42,4148.0,1000,0.0
2026-07-16 12:00:00,64196.43,64200.96,63801.41,63905.32,4663.0,1000,0.0
2026-07-16 13:00:00,63906.13,64429.05,63901.03,64327.88,6102.0,1000,0.0
2026-07-16 14:00:00,64326.34,64812.21,64270.2,64489.18,7179.0,1000,0.0
2026-07-16 15:00:00,64491.65,64850.43,64255.47,64656.61,6416.0,1000,0.0
2026-07-16 16:00:00,64658.36,64669.78,64278.11,64427.73,5790.0,1000,0.0
2026-07-16 17:00:00,64427.11,64438.79,63937.41,64030.3,5376.0,1000,0.0
2026-07-16 18:00:00,64031.59,64290.85,64000.48,64193.01,4604.0,1000,0.0
2026-07-16 19:00:00,64189.96,64257.42,64093.05,64221.45,4252.0,1000,0.0
2026-07-16 20:00:00,64220.88,64231.84,64046.64,64061.99,3731.0,1000,0.0
2026-07-16 21:00:00,64060.99,64188.01,64043.94,64109.68,3527.0,1000,0.0
2026-07-16 22:00:00,64111.23,64196.45,63894.83,63921.3,4156.0,1000,0.0
2026-07-16 23:00:00,63921.29,63956.35,63688.66,63775.32,4363.0,1000,0.0
2026-07-17 00:00:00,63774.65,63860.98,63555.05,63834.05,5008.0,1000,0.0
2026-07-17 01:00:00,63832.74,64013.9,63414.63,63492.39,5653.0,1000,0.0
2026-07-17 02:00:00,63492.41,63602.01,63325.98,63430.23,5169.0,1000,0.0
2026-07-17 03:00:00,63433.45,63669.13,63418.33,63513.82,4440.0,1000,0.0
2026-07-17 04:00:00,63515.32,63521.46,63247.29,63421.33,4430.0,1000,0.0
2026-07-17 05:00:00,63421.23,63421.23,62738.11,62783.73,4739.0,1000,0.0
2026-07-17 06:00:00,62783.52,62936.19,62640.94,62891.06,4789.0,1000,0.0
2026-07-17 07:00:00,62889.9,62926.07,62739.24,62772.55,4226.0,1000,0.0
2026-07-17 08:00:00,62772.62,62873.42,62579.28,62830.6,4525.0,1000,0.0
2026-07-17 09:00:00,62832.82,63006.7,62796.74,62925.9,3911.0,1000,0.0
2026-07-17 10:00:00,62925.38,63134.61,62917.31,63108.2,3939.0,1000,0.0
2026-07-17 11:00:00,63119.57,63300.81,62994.88,63243.47,3925.0,1000,0.0
2026-07-17 12:00:00,63243.44,63284.92,62999.48,63043.72,4207.0,1000,0.0
2026-07-17 13:00:00,63041.61,63121.31,62468.14,63092.84,8098.0,1000,0.0
2026-07-17 14:00:00,63091.21,63464.91,63016.42,63118.66,8462.0,1000,0.0
2026-07-17 15:00:00,63107.57,63409.16,62790.5,63404.33,6515.0,1000,0.0
2026-07-17 16:00:00,63416.02,63663.62,63245.77,63535.84,5556.0,1000,0.0
2026-07-17 17:00:00,63535.9,64188.73,63535.9,64006.85,6119.0,1000,0.0
2026-07-17 18:00:00,63997.69,64349.3,63841.77,64220.97,5214.0,1000,0.0
2026-07-17 19:00:00,64213.86,64224.78,63931.94,64110.74,4613.0,1000,0.0
2026-07-17 20:00:00,64108.49,64157.06,63911.5,64071.24,4059.0,1000,0.0
2026-07-17 21:00:00,64069.18,64184.16,64018.79,64058.46,3564.0,1000,0.0
2026-07-17 22:00:00,64055.08,64110.32,63875.78,63937.92,3572.0,1000,0.0
2026-07-17 23:00:00,63937.74,63968.38,63837.81,63895.54,3508.0,1000,0.0
2026-07-18 00:00:00,63890.29,63975.98,63844.35,63868.15,3407.0,1000,0.0
2026-07-18 01:00:00,63860.16,63958.14,63834.41,63908.21,3369.0,1000,0.0
2026-07-18 02:00:00,63908.24,63989.8,63881.28,63918.66,3412.0,1000,0.0
2026-07-18 03:00:00,63916.96,63978.16,63881.79,63963.45,3378.0,1000,0.0
2026-07-18 04:00:00,63963.46,63976.49,63893.98,63924.41,3250.0,1000,0.0
2026-07-18 05:00:00,63922.12,63949.46,63872.44,63914.86,3335.0,1000,0.0
2026-07-18 06:00:00,63913.85,63956.59,63894.75,63925.19,3199.0,1000,0.0
2026-07-18 07:00:00,63925.3,63983.63,63923.73,63956.02,3188.0,1000,0.0
2026-07-18 08:00:00,63956.3,63980.42,63906.87,63954.84,3225.0,1000,0.0
2026-07-18 09:00:00,63954.84,63962.81,63882.74,63926.5,3201.0,1000,0.0
2026-07-18 10:00:00,63926.41,63962.63,63925.71,63950.51,2908.0,1000,0.0
2026-07-18 11:00:00,63951.17,64050.65,63950.9,64013.05,3000.0,1000,0.0
2026-07-18 12:00:00,64011.21,64222.55,64005.45,64161.79,3651.0,1000,0.0
2026-07-18 13:00:00,64160.51,64171.9,63910.58,64057.58,3791.0,1000,0.0
2026-07-18 14:00:00,64057.23,64153.33,64039.59,64083.48,3450.0,1000,0.0
2026-07-18 15:00:00,64083.46,64118.18,63983.48,64070.71,3499.0,1000,0.0
2026-07-18 16:00:00,64072.99,64280.15,64037.92,64252.43,3504.0,1000,0.0
2026-07-18 17:00:00,64252.46,64452.33,64222.58,64434.76,3869.0,1000,0.0
2026-07-18 18:00:00,64436.57,64633.33,64406.9,64462.97,4027.0,1000,0.0
2026-07-18 19:00:00,64461.21,64559.42,64429.7,64506.9,3515.0,1000,0.0
2026-07-18 20:00:00,64510.84,64705.51,64458.96,64647.61,3764.0,1000,0.0
2026-07-18 21:00:00,64650.89,64804.39,64571.19,64681.28,3880.0,1000,0.0
2026-07-18 22:00:00,64686.89,64829.92,64664.85,64759.15,3623.0,1000,0.0
2026-07-18 23:00:00,64756.5,64806.79,64670.64,64794.89,3508.0,1000,0.0
2026-07-19 00:00:00,64795.85,64873.41,64724.46,64736.42,3435.0,1000,0.0
2026-07-19 01:00:00,64736.68,64752.45,64716.63,64722.62,3288.0,1000,0.0
2026-07-19 02:00:00,64720.58,64930.05,64640.02,64782.41,3905.0,1000,0.0
2026-07-19 03:00:00,64781.47,64801.95,64571.93,64665.72,3496.0,1000,0.0
2026-07-19 04:00:00,64666.27,64753.06,64559.14,64672.79,3360.0,1000,0.0
2026-07-19 05:00:00,64675.17,64771.19,64620.88,64677.86,3332.0,1000,0.0
2026-07-19 06:00:00,64677.26,64723.33,64646.94,64666.1,3361.0,1000,0.0
2026-07-19 07:00:00,64664.58,64734.4,64623.14,64668.8,3332.0,1000,0.0
2026-07-19 08:00:00,64668.8,64697.44,64578.94,64660.77,3402.0,1000,0.0
2026-07-19 09:00:00,64666.63,64678.64,64443.24,64470.12,3412.0,1000,0.0
2026-07-19 10:00:00,64469.72,64654.58,64425.12,64550.77,3516.0,1000,0.0
2026-07-19 11:00:00,64542.74,64593.88,64392.06,64428.83,3646.0,1000,0.0
2026-07-19 12:00:00,64429.64,64429.64,64236.92,64395.35,3969.0,1000,0.0
2026-07-19 13:00:00,64395.35,64475.97,64252.22,64428.7,3739.0,1000,0.0
2026-07-19 14:00:00,64433.57,64616.28,64361.77,64543.45,3904.0,1000,0.0
2026-07-19 15:00:00,64543.5,64577.72,64443.4,64522.74,3659.0,1000,0.0
2026-07-19 16:00:00,64522.79,64605.63,64449.87,64496.03,3672.0,1000,0.0
2026-07-19 17:00:00,64496.95,64710.38,64354.93,64506.0,4083.0,1000,0.0
2026-07-19 18:00:00,64506.0,64515.76,64237.74,64373.7,4284.0,1000,0.0
2026-07-19 19:00:00,64374.3,64420.18,64295.42,64404.1,3554.0,1000,0.0
2026-07-19 20:00:00,64404.09,64511.6,64404.09,64487.0,3510.0,1000,0.0
2026-07-19 21:00:00,64486.95,64516.49,64279.59,64364.82,3694.0,1000,0.0
2026-07-19 22:00:00,64359.2,64856.81,64289.33,64621.2,5797.0,1000,0.0
2026-07-19 23:00:00,64626.03,64732.52,64512.79,64675.36,4548.0,1000,0.0
2026-07-20 00:00:00,64678.41,65055.85,64361.1,64509.8,6110.0,1000,0.0
2026-07-20 01:00:00,64512.18,64992.15,64451.74,64575.08,6106.0,1000,0.0
2026-07-20 02:00:00,64574.41,64923.63,64531.69,64777.62,5759.0,1000,0.0
2026-07-20 03:00:00,64777.38,64865.52,64591.47,64814.28,4712.0,1000,0.0
2026-07-20 04:00:00,64812.39,64822.86,64479.79,64493.34,4333.0,1000,0.0
2026-07-20 05:00:00,64495.48,64515.13,64022.09,64079.68,6253.0,1000,0.0
2026-07-20 06:00:00,64079.91,64168.99,63698.03,63855.31,5964.0,1000,0.0
2026-07-20 07:00:00,63856.91,64250.17,63829.52,64214.04,4787.0,1000,0.0
2026-07-20 08:00:00,64213.58,64304.38,63820.45,63994.33,4567.0,1000,0.0
2026-07-20 09:00:00,63991.73,64221.8,63946.26,64133.68,4005.0,1000,0.0
2026-07-20 10:00:00,64133.0,64356.11,64090.61,64249.06,4027.0,1000,0.0
2026-07-20 11:00:00,64247.72,65016.2,64202.5,64931.02,6036.0,1000,0.0
2026-07-20 12:00:00,64932.45,64948.63,64536.65,64588.28,5122.0,1000,0.0
2026-07-20 13:00:00,64589.12,64702.71,64131.16,64278.74,7062.0,1000,0.0
2026-07-20 14:00:00,64280.39,64512.89,64003.53,64346.65,7808.0,1000,0.0
2026-07-20 15:00:00,64352.08,65645.65,64341.61,65538.02,8075.0,1000,0.0
2026-07-20 16:00:00,65538.02,65587.74,65272.71,65452.42,5538.0,1000,0.0
2026-07-20 17:00:00,65450.83,65608.81,65285.22,65531.32,4672.0,1000,0.0
2026-07-20 18:00:00,65531.31,65761.06,65145.81,65198.0,5273.0,1000,0.0
2026-07-20 19:00:00,65197.99,65231.13,64991.42,65098.4,4823.0,1000,0.0
2026-07-20 20:00:00,65100.25,65398.37,65006.87,65327.09,4121.0,1000,0.0
2026-07-20 21:00:00,65327.4,65401.91,65217.08,65241.65,3701.0,1000,0.0
2026-07-20 22:00:00,65240.93,65242.79,65040.42,65100.87,3970.0,1000,0.0
2026-07-20 23:00:00,65101.81,65233.56,65077.43,65206.12,3787.0,1000,0.0
2026-07-21 00:00:00,65205.63,65545.07,65097.96,65516.72,4812.0,1000,0.0
2026-07-21 01:00:00,65515.91,65618.95,65187.1,65196.55,4505.0,1000,0.0
2026-07-21 02:00:00,65198.56,65456.21,65125.01,65363.07,4511.0,1000,0.0
2026-07-21 03:00:00,65364.6,65545.82,65350.98,65513.1,4394.0,1000,0.0
2026-07-21 04:00:00,65513.85,65696.41,65429.16,65472.38,4244.0,1000,0.0
2026-07-21 05:00:00,65466.59,65894.69,65436.43,65697.79,4541.0,1000,0.0
2026-07-21 06:00:00,65697.77,65944.81,65579.71,65867.95,4538.0,1000,0.0
2026-07-21 07:00:00,65871.04,66204.7,65810.59,66138.61,4677.0,1000,0.0
2026-07-21 08:00:00,66137.81,66312.75,66072.67,66178.33,4797.0,1000,0.0
2026-07-21 09:00:00,66178.15,66308.26,66083.08,66237.5,3921.0,1000,0.0
2026-07-21 10:00:00,66237.47,66382.42,66123.48,66143.82,4163.0,1000,0.0
2026-07-21 11:00:00,66143.83,66318.02,66099.06,66300.67,3784.0,1000,0.0
2026-07-21 12:00:00,66301.44,66601.4,66215.0,66503.57,4554.0,1000,0.0
2026-07-21 13:00:00,66503.5,66767.31,66266.06,66727.11,5963.0,1000,0.0
2026-07-21 14:00:00,66727.1,66918.36,66599.8,66803.23,5818.0,1000,0.0
2026-07-21 15:00:00,66802.24,66802.24,66485.55,66647.44,5114.0,1000,0.0
2026-07-21 16:00:00,66647.3,66738.05,66423.52,66504.32,4393.0,1000,0.0
2026-07-21 17:00:00,66504.32,66539.13,65946.53,66176.51,4877.0,1000,0.0
2026-07-21 18:00:00,66176.76,66328.13,66060.57,66281.78,4671.0,1000,0.0
2026-07-21 19:00:00,66283.29,66471.66,66225.35,66405.71,4074.0,1000,0.0
2026-07-21 20:00:00,66406.47,66466.66,66322.98,66365.81,3762.0,1000,0.0
2026-07-21 21:00:00,66365.11,66380.86,66250.7,66340.8,3797.0,1000,0.0
2026-07-21 22:00:00,66340.8,66344.53,66157.85,66259.44,3972.0,1000,0.0
2026-07-21 23:00:00,66258.19,66538.22,66187.16,66512.8,3956.0,1000,0.0
2026-07-22 00:00:00,66512.58,66703.41,66488.02,66579.82,4518.0,1000,0.0
2026-07-22 01:00:00,66579.03,66625.06,66238.68,66388.74,4300.0,1000,0.0
2026-07-22 02:00:00,66388.19,66494.04,66248.0,66268.6,4266.0,1000,0.0
2026-07-22 03:00:00,66268.17,66333.19,66125.53,66157.54,4187.0,1000,0.0
2026-07-22 04:00:00,66155.17,66383.17,66141.25,66329.76,3868.0,1000,0.0
2026-07-22 05:00:00,66331.24,66334.76,65885.79,65932.16,4404.0,1000,0.0
2026-07-22 06:00:00,65932.15,65978.53,65778.02,65886.68,4461.0,1000,0.0
2026-07-22 07:00:00,65890.18,65928.43,65644.19,65793.2,4130.0,1000,0.0
2026-07-22 08:00:00,65792.64,66119.7,65792.64,65937.37,4183.0,1000,0.0
2026-07-22 09:00:00,65937.36,66034.38,65791.88,65876.62,3855.0,1000,0.0
2026-07-22 10:00:00,65879.18,66073.12,65841.8,66006.35,3833.0,1000,0.0
2026-07-22 11:00:00,66005.6,66042.71,65854.37,65973.07,3858.0,1000,0.0
2026-07-22 12:00:00,65970.67,65973.04,65489.26,65581.27,4305.0,1000,0.0
2026-07-22 13:00:00,65585.06,65933.98,65515.11,65912.14,5422.0,1000,0.0
2026-07-22 14:00:00,65910.66,66167.65,65541.28,65756.8,6627.0,1000,0.0
2026-07-22 15:00:00,65755.86,66097.78,65755.86,66011.96,5863.0,1000,0.0
2026-07-22 16:00:00,66003.98,66367.56,65879.3,66198.44,5335.0,1000,0.0
2026-07-22 17:00:00,66199.78,66253.92,65903.02,65992.74,4661.0,1000,0.0
2026-07-22 18:00:00,65992.12,66050.04,65694.44,65850.92,4662.0,1000,0.0
2026-07-22 19:00:00,65850.61,65924.97,65647.25,65888.94,4301.0,1000,0.0
2026-07-22 20:00:00,65879.11,65953.45,65746.13,65889.43,4334.0,1000,0.0
2026-07-22 21:00:00,65890.01,66104.67,65849.08,66038.66,3762.0,1000,0.0
2026-07-22 22:00:00,66040.7,66048.53,65893.71,66015.47,3950.0,1000,0.0
2026-07-22 23:00:00,66013.94,66117.48,65803.83,66076.33,4006.0,1000,0.0
2026-07-23 00:00:00,66076.54,66280.76,66013.67,66020.41,4355.0,1000,0.0
2026-07-23 01:00:00,66019.0,66178.16,65717.61,65789.32,4432.0,1000,0.0
2026-07-23 02:00:00,65789.34,65811.97,65609.44,65779.89,4224.0,1000,0.0
2026-07-23 03:00:00,65779.98,65789.27,65541.44,65624.91,4090.0,1000,0.0
2026-07-23 04:00:00,65625.18,65699.62,65548.92,65573.57,3848.0,1000,0.0
2026-07-23 05:00:00,65574.23,65753.94,65525.85,65653.69,3740.0,1000,0.0
2026-07-23 06:00:00,65653.61,65792.24,65584.8,65756.47,3759.0,1000,0.0
2026-07-23 07:00:00,65754.71,65758.01,65305.52,65398.57,4621.0,1000,0.0
2026-07-23 08:00:00,65399.46,65628.9,65370.3,65594.89,3827.0,1000,0.0
2026-07-23 09:00:00,65595.7,65718.93,65560.17,65605.41,3738.0,1000,0.0
2026-07-23 10:00:00,65601.09,65755.18,65546.1,65709.59,3741.0,1000,0.0
2026-07-23 11:00:00,65708.64,65710.11,65500.67,65526.11,3702.0,1000,0.0
2026-07-23 12:00:00,65524.56,65556.45,64936.02,65127.41,5079.0,1000,0.0
2026-07-23 13:00:00,65127.38,65190.13,64812.67,64837.6,6795.0,1000,0.0
2026-07-23 14:00:00,64836.82,65171.24,64768.95,64860.46,5517.0,1000,0.0
2026-07-23 15:00:00,64855.87,64977.32,64666.77,64913.01,5198.0,1000,0.0
2026-07-23 16:00:00,64913.94,64913.94,64643.26,64690.74,4241.0,1000,0.0
2026-07-23 17:00:00,64690.02,64835.62,64592.13,64615.8,4396.0,1000,0.0
2026-07-23 18:00:00,64615.78,64890.63,64611.1,64808.46,4139.0,1000,0.0
2026-07-23 19:00:00,64808.6,64875.08,64628.67,64779.86,4261.0,1000,0.0
2026-07-23 20:00:00,64777.15,65139.09,64767.33,65090.63,3742.0,1000,0.0
2026-07-23 21:00:00,65090.61,65160.75,64951.79,65112.02,3866.0,1000,0.0
2026-07-23 22:00:00,65112.71,65174.81,64959.9,65135.85,3885.0,1000,0.0
2026-07-23 23:00:00,65135.86,65168.09,64993.31,65042.09,3662.0,1000,0.0
2026-07-24 00:00:00,65048.64,65064.11,64702.4,64924.62,4297.0,1000,0.0
2026-07-24 01:00:00,64924.35,65122.55,64882.35,65022.38,4366.0,1000,0.0
2026-07-24 02:00:00,65022.69,65134.17,64865.55,65062.0,4241.0,1000,0.0
2026-07-24 03:00:00,65062.38,65409.51,65014.47,65398.78,4292.0,1000,0.0
2026-07-24 04:00:00,65398.8,65419.55,65207.8,65257.0,3843.0,1000,0.0
2026-07-24 05:00:00,65256.75,65341.59,65185.99,65253.14,3677.0,1000,0.0
2026-07-24 06:00:00,65255.14,65467.53,65220.57,65420.81,3872.0,1000,0.0
2026-07-24 07:00:00,65420.94,65760.78,65311.95,65454.31,4440.0,1000,0.0
2026-07-24 08:00:00,65452.54,65460.82,65250.19,65251.2,3744.0,1000,0.0
2026-07-24 09:00:00,65250.15,65274.52,64894.22,65067.25,4228.0,1000,0.0
2026-07-24 10:00:00,65067.83,65106.35,64851.24,64902.58,3856.0,1000,0.0
2026-07-24 11:00:00,64902.24,65058.04,64799.25,65026.39,4219.0,1000,0.0
2026-07-24 12:00:00,65026.39,65087.16,64686.37,64714.46,4397.0,1000,0.0
2026-07-24 13:00:00,64711.06,64749.05,63849.66,64094.75,7024.0,1000,0.0
2026-07-24 14:00:00,64096.91,64135.44,63644.73,63987.97,7050.0,1000,0.0
2026-07-24 15:00:00,63983.87,64260.6,63781.01,64023.25,6438.0,1000,0.0
2026-07-24 16:00:00,64018.79,64136.81,63810.27,63887.83,4547.0,1000,0.0
2026-07-24 17:00:00,63887.86,64138.2,63837.46,64115.83,4217.0,1000,0.0
2026-07-24 18:00:00,64116.99,64232.42,64059.27,64212.42,3857.0,1000,0.0
2026-07-24 19:00:00,64209.79,64237.62,64072.3,64163.25,4059.0,1000,0.0
2026-07-24 20:00:00,64163.12,64227.8,64065.72,64105.52,3545.0,1000,0.0
2026-07-24 21:00:00,64107.28,64157.6,64065.72,64082.97,3743.0,1000,0.0
2026-07-24 22:00:00,64080.53,64152.96,64063.08,64099.96,3367.0,1000,0.0
2026-07-24 23:00:00,64099.66,64117.91,64065.47,64084.28,3296.0,1000,0.0
2026-07-25 00:00:00,64084.26,64119.39,63959.39,64006.03,3393.0,1000,0.0
2026-07-25 01:00:00,64006.92,64097.64,63938.37,64009.86,3551.0,1000,0.0
2026-07-25 02:00:00,64009.01,64039.29,63946.48,63978.65,3339.0,1000,0.0
2026-07-25 03:00:00,63977.83,64038.35,63953.12,64015.58,3325.0,1000,0.0
2026-07-25 04:00:00,64016.57,64144.04,64011.95,64117.09,3292.0,1000,0.0
2026-07-25 05:00:00,64111.53,64136.24,63910.11,63957.92,3230.0,1000,0.0
2026-07-25 06:00:00,63955.78,64002.43,63894.13,63943.72,3405.0,1000,0.0
2026-07-25 07:00:00,63943.72,63977.22,63927.66,63940.67,3374.0,1000,0.0
2026-07-25 08:00:00,63940.68,63944.66,63725.55,63809.17,3574.0,1000,0.0
2026-07-25 09:00:00,63813.42,63963.93,63761.6,63946.41,3420.0,1000,0.0
2026-07-25 10:00:00,63941.5,64002.44,63919.4,63993.42,3250.0,1000,0.0
2026-07-25 11:00:00,63993.41,64049.01,63969.69,63993.3,3376.0,1000,0.0
2026-07-25 12:00:00,63993.56,64055.8,63967.99,64047.57,3363.0,1000,0.0
2026-07-25 13:00:00,64049.94,64206.61,64033.67,64106.64,3454.0,1000,0.0
2026-07-25 14:00:00,64104.41,64157.23,64052.47,64140.65,3462.0,1000,0.0
2026-07-25 15:00:00,64138.07,64214.99,64099.33,64118.64,3458.0,1000,0.0
2026-07-25 16:00:00,64118.13,64180.55,64049.9,64139.86,3426.0,1000,0.0
2026-07-25 17:00:00,64140.23,64298.63,64122.27,64204.79,3427.0,1000,0.0
2026-07-25 18:00:00,64207.28,64388.16,64204.86,64364.71,3655.0,1000,0.0
2026-07-25 19:00:00,64362.52,64379.85,64319.21,64327.01,3301.0,1000,0.0
2026-07-25 20:00:00,64325.65,64335.61,64239.05,64271.85,3412.0,1000,0.0
2026-07-25 21:00:00,64270.92,64367.88,64189.38,64285.0,3412.0,1000,0.0
2026-07-25 22:00:00,64284.06,64361.88,64281.43,64343.14,3259.0,1000,0.0
2026-07-25 23:00:00,64343.15,64365.98,64297.36,64304.79,3198.0,1000,0.0
2026-07-26 00:00:00,64303.71,64445.09,64283.58,64444.01,3350.0,1000,0.0
2026-07-26 01:00:00,64443.98,64481.86,64384.59,64402.29,3407.0,1000,0.0
2026-07-26 02:00:00,64405.91,64469.08,64360.54,64454.69,3271.0,1000,0.0
2026-07-26 03:00:00,64454.69,64524.64,64415.15,64489.69,3362.0,1000,0.0
2026-07-26 04:00:00,64489.87,64533.15,64425.02,64466.27,3245.0,1000,0.0
2026-07-26 05:00:00,64466.24,64466.24,64323.31,64353.32,3278.0,1000,0.0
2026-07-26 06:00:00,64354.78,64388.46,64221.93,64373.8,3333.0,1000,0.0
2026-07-26 07:00:00,64372.56,64404.94,64274.74,64301.49,3289.0,1000,0.0
2026-07-26 08:00:00,64300.32,64428.99,64280.07,64411.63,3310.0,1000,0.0
2026-07-26 09:00:00,64412.57,64456.91,64412.17,64447.4,290.0,1000,0.0
