time,open,high,low,close,tick_volume,spread,real_volume
2023-10-30 08:00:00,34174.0,34659.5,34142.66,34597.36,18186.0,1019,0.0
2023-10-30 12:00:00,34598.08,34834.95,34474.68,34627.21,20634.0,1064,0.0
2023-10-30 16:00:00,34626.67,34630.06,34071.79,34409.08,18581.0,960,0.0
2023-10-30 20:00:00,34410.04,34557.04,34304.36,34461.41,14561.0,808,0.0
2023-10-31 00:00:00,34461.48,34583.9,34196.76,34199.49,15800.0,846,0.0
2023-10-31 04:00:00,34200.45,34344.48,34077.14,34133.83,16705.0,1134,0.0
2023-10-31 08:00:00,34133.73,34540.8,34065.01,34494.38,17185.0,979,0.0
2023-10-31 12:00:00,34495.63,34520.38,34123.79,34265.97,20447.0,949,0.0
2023-10-31 16:00:00,34266.01,34558.22,34216.62,34519.41,17489.0,564,0.0
2023-10-31 20:00:00,34517.79,34698.06,34416.92,34623.64,16666.0,960,0.0
2023-11-01 00:00:00,34623.5,34652.96,34392.2,34408.83,15554.0,906,0.0
2023-11-01 04:00:00,34409.36,34480.44,34302.16,34434.94,14035.0,910,0.0
2023-11-01 08:00:00,34435.41,34475.07,34332.29,34399.16,14020.0,867,0.0
2023-11-01 12:00:00,34400.36,35128.51,34075.27,34276.11,26304.0,978,0.0
2023-11-01 16:00:00,34276.13,34705.32,34269.11,34541.28,21619.0,347,0.0
2023-11-01 20:00:00,34542.44,35579.78,34515.34,35408.69,26122.0,887,0.0
2023-11-02 00:00:00,35408.93,35922.68,35359.63,35558.16,22149.0,840,0.0
2023-11-02 04:00:00,35557.58,35594.68,35059.71,35268.78,18677.0,926,0.0
2023-11-02 08:00:00,35268.65,35471.36,35085.24,35371.75,16719.0,954,0.0
2023-11-02 12:00:00,35371.83,35461.67,34498.32,34615.6,25046.0,270,0.0
2023-11-02 16:00:00,34616.49,34995.71,34292.32,34958.05,20543.0,1053,0.0
2023-11-02 20:00:00,34959.65,35069.9,34689.0,34913.05,17621.0,1050,0.0
2023-11-03 00:00:00,34914.64,34919.38,34362.35,34673.05,18594.0,1083,0.0
2023-11-03 04:00:00,34672.6,34686.61,34307.96,34442.99,17417.0,1070,0.0
2023-11-03 08:00:00,34442.75,34597.25,34112.32,34237.81,21252.0,1174,0.0
2023-11-03 12:00:00,34238.02,34849.37,34136.83,34757.68,21503.0,1059,0.0
2023-11-03 16:00:00,34758.02,34829.64,34331.79,34529.11,19064.0,910,0.0
2023-11-03 20:00:00,34530.48,34740.11,34477.63,34719.63,15013.0,912,0.0
2023-11-04 00:00:00,34719.7,34791.2,34642.32,34708.56,14074.0,727,0.0
2023-11-04 04:00:00,34708.56,35000.03,34589.56,34771.0,16006.0,563,0.0
2023-11-04 08:00:00,34771.74,34870.55,34681.98,34714.64,14223.0,968,0.0
2023-11-04 12:00:00,34714.61,34796.87,34652.19,34708.37,13648.0,1408,0.0
2023-11-04 16:00:00,34708.57,34794.5,34696.13,34739.07,12758.0,1042,0.0
2023-11-04 20:00:00,34739.04,35266.81,34717.31,35066.44,16355.0,883,0.0
2023-11-05 00:00:00,35066.47,35302.81,34942.53,35279.95,15938.0,668,0.0
2023-11-05 04:00:00,35278.44,35316.46,35053.38,35170.53,14786.0,707,0.0
2023-11-05 08:00:00,35170.61,35199.7,35016.24,35093.09,14141.0,639,0.0
2023-11-05 12:00:00,35092.94,35182.75,34770.85,34883.48,16489.0,788,0.0
2023-11-05 16:00:00,34883.59,35270.8,34874.49,35001.94,16737.0,1147,0.0
2023-11-05 20:00:00,35002.32,35378.18,34448.51,35019.3,19799.0,852,0.0
2023-11-06 00:00:00,35019.2,35132.16,34846.5,34996.92,16519.0,851,0.0
2023-11-06 04:00:00,34996.91,35042.13,34746.45,34915.69,15177.0,977,0.0
2023-11-06 08:00:00,34915.71,35287.66,34844.68,35247.46,16583.0,672,0.0
2023-11-06 12:00:00,35247.1,35270.49,34904.83,35059.94,19734.0,500,0.0
2023-11-06 16:00:00,35060.68,35104.72,34810.87,35053.67,16880.0,876,0.0
2023-11-06 20:00:00,35053.7,35131.07,34877.27,35028.34,14999.0,933,0.0
2023-11-07 00:00:00,35026.59,35040.25,34794.94,34900.02,15846.0,991,0.0
2023-11-07 04:00:00,34900.24,34958.04,34818.66,34920.48,13818.0,1034,0.0
2023-11-07 08:00:00,34920.0,34961.66,34556.61,34627.33,17859.0,1034,0.0
2023-11-07 12:00:00,34628.05,34833.83,34510.73,34707.6,17696.0,1081,0.0
2023-11-07 16:00:00,34707.6,35560.4,34559.3,35450.18,22611.0,543,0.0
2023-11-07 20:00:00,35450.74,35882.94,35212.21,35391.52,21536.0,868,0.0
2023-11-08 00:00:00,35392.95,35411.61,35212.17,35253.06,14197.0,734,0.0
2023-11-08 04:00:00,35253.06,35345.82,35152.89,35207.5,13537.0,898,0.0
2023-11-08 08:00:00,35207.22,35413.28,35168.79,35303.74,14176.0,895,0.0
2023-11-08 12:00:00,35303.77,35437.9,35052.66,35198.11,16122.0,1022,0.0
2023-11-08 16:00:00,35198.35,35722.04,35154.33,35596.38,18032.0,998,0.0
2023-11-08 20:00:00,35596.09,36067.98,35367.25,35594.31,25196.0,701,0.0
2023-11-09 00:00:00,35591.09,36465.27,35513.4,36405.01,23505.0,243,0.0
2023-11-09 04:00:00,36404.02,36778.41,36380.12,36496.43,19797.0,704,0.0
2023-11-09 08:00:00,36496.5,36955.57,36495.22,36785.06,17844.0,703,0.0
2023-11-09 12:00:00,36785.27,37922.54,36743.53,37052.91,31205.0,431,0.0
2023-11-09 16:00:00,37054.56,37175.62,35717.49,36345.3,31206.0,249,0.0
2023-11-09 20:00:00,36345.58,36734.85,36114.75,36664.33,19286.0,1187,0.0
2023-11-10 00:00:00,36665.89,36872.82,36415.01,36697.22,16618.0,1121,0.0
2023-11-10 04:00:00,36697.41,36778.28,36404.19,36413.64,16181.0,1281,0.0
2023-11-10 08:00:00,36414.19,37100.36,36300.49,37035.1,18088.0,1226,0.0
2023-11-10 12:00:00,37036.26,37226.62,36788.05,37055.64,23370.0,991,0.0
2023-11-10 16:00:00,37055.48,37422.91,37054.12,37199.61,21142.0,1069,0.0
2023-11-10 20:00:00,37199.06,37492.16,37035.18,37263.76,17306.0,638,0.0
2023-11-11 00:00:00,37263.29,37365.97,36895.33,37008.47,17509.0,1065,0.0
2023-11-11 04:00:00,37009.28,37101.73,36901.59,36958.29,14952.0,995,0.0
2023-11-11 08:00:00,36958.94,37019.15,36881.07,36954.75,13703.0,1164,0.0
2023-11-11 12:00:00,36954.85,37252.87,36916.95,37027.28,15146.0,1041,0.0
2023-11-11 16:00:00,37026.74,37129.53,36991.89,37108.13,13998.0,1079,0.0
2023-11-11 20:00:00,37108.14,37116.9,36578.43,37092.19,16602.0,736,0.0
2023-11-12 00:00:00,37088.24,37137.32,36703.81,36935.62,16321.0,902,0.0
2023-11-12 04:00:00,36935.64,37142.07,36872.72,37090.99,13010.0,575,0.0
2023-11-12 08:00:00,37091.5,37095.55,36995.35,37013.43,12261.0,587,0.0
2023-11-12 12:00:00,37012.72,37177.95,36899.82,37115.82,14232.0,623,0.0
2023-11-12 16:00:00,37115.8,37153.94,37008.98,37064.0,12953.0,570,0.0
2023-11-12 20:00:00,37063.52,37146.55,36892.13,37000.55,13728.0,722,0.0
2023-11-13 00:00:00,36999.67,37376.82,36837.55,36899.79,17667.0,948,0.0
2023-11-13 04:00:00,36898.48,37016.04,36724.66,36940.2,15235.0,1445,0.0
2023-11-13 08:00:00,36940.27,37011.9,36668.84,36783.56,14911.0,1265,0.0
2023-11-13 12:00:00,36782.15,36916.94,36484.76,36825.79,20208.0,1167,0.0
2023-11-13 16:00:00,36824.61,37005.58,36605.28,36832.7,17381.0,1136,0.0
2023-11-13 20:00:00,36833.75,36861.53,36329.08,36446.31,19664.0,1126,0.0
2023-11-14 00:00:00,36447.79,36461.55,36173.37,36421.24,17197.0,1288,0.0
2023-11-14 04:00:00,36421.85,36688.42,36360.47,36664.36,14426.0,940,0.0
2023-11-14 08:00:00,36663.23,36720.83,36205.47,36235.37,17265.0,886,0.0
2023-11-14 12:00:00,36235.75,36664.68,35854.35,36124.5,24195.0,421,0.0
2023-11-14 16:00:00,36124.64,36390.5,34898.92,35268.58,28146.0,300,0.0
2023-11-14 20:00:00,35269.33,35645.76,35194.82,35524.13,17916.0,1056,0.0
2023-11-15 00:00:00,35525.3,35633.11,35333.08,35351.43,16070.0,1015,0.0
2023-11-15 04:00:00,35350.82,35636.5,35346.92,35553.64,14458.0,1004,0.0
2023-11-15 08:00:00,35552.36,36250.46,35551.79,36224.47,17102.0,879,0.0
2023-11-15 12:00:00,36225.17,36392.1,35984.71,36391.32,20861.0,870,0.0
2023-11-15 16:00:00,36391.22,37740.22,36234.27,37469.82,34212.0,269,0.0
2023-11-15 20:00:00,37471.09,37914.85,37272.75,37807.12,23844.0,771,0.0
2023-11-16 00:00:00,37807.46,37890.91,37309.18,37417.82,19752.0,897,0.0
2023-11-16 04:00:00,37418.38,37585.3,37290.21,37396.42,15772.0,967,0.0
2023-11-16 08:00:00,37396.49,37510.08,37104.26,37216.26,18569.0,895,0.0
2023-11-16 12:00:00,37216.17,37284.99,36239.74,36371.44,26514.0,1047,0.0
2023-11-16 16:00:00,36372.0,36614.05,35478.28,35889.45,26482.0,1084,0.0
2023-11-16 20:00:00,35891.14,36243.41,35652.24,36139.97,21608.0,1075,0.0
2023-11-17 00:00:00,36139.38,36649.46,36079.86,36458.6,16874.0,1107,0.0
2023-11-17 04:00:00,36458.84,36501.06,36121.21,36211.01,17676.0,1136,0.0
2023-11-17 08:00:00,36211.79,36445.48,36096.98,36350.94,18563.0,1085,0.0
2023-11-17 12:00:00,36350.97,36593.42,35861.35,36034.1,28991.0,1082,0.0
2023-11-17 16:00:00,36034.56,36780.4,35893.47,36312.27,33568.0,506,0.0
2023-11-17 20:00:00,36310.86,36717.63,36299.95,36603.57,22835.0,1228,0.0
2023-11-18 00:00:00,36605.78,36617.27,36350.57,36372.69,16678.0,1389,0.0
2023-11-18 04:00:00,36372.66,36434.06,36177.43,36423.42,16654.0,1542,0.0
2023-11-18 08:00:00,36422.9,36533.3,36368.71,36406.47,16149.0,1315,0.0
2023-11-18 12:00:00,36405.1,36688.06,36343.8,36666.27,18732.0,924,0.0
2023-11-18 16:00:00,36666.85,36854.74,36587.61,36681.4,18908.0,991,0.0
2023-11-18 20:00:00,36680.58,36721.23,36427.89,36560.29,17192.0,1038,0.0
2023-11-19 00:00:00,36561.16,36575.35,36370.75,36508.2,16205.0,1279,0.0
2023-11-19 04:00:00,36508.17,36659.03,36459.71,36605.56,16011.0,1617,0.0
2023-11-19 08:00:00,36606.7,36715.52,36365.44,36442.26,16751.0,1389,0.0
2023-11-19 12:00:00,36442.23,36560.36,36369.7,36548.05,17057.0,1922,0.0
2023-11-19 16:00:00,36548.87,36997.98,36502.77,36959.03,19967.0,923,0.0
2023-11-19 20:00:00,36960.52,37510.53,36808.52,37379.4,24190.0,912,0.0
2023-11-20 00:00:00,37379.59,37392.32,37037.31,37120.1,20785.0,1055,0.0
2023-11-20 04:00:00,37119.95,37256.15,37046.55,37232.78,18464.0,1142,0.0
2023-11-20 08:00:00,37233.85,37429.41,37054.11,37164.64,21925.0,1173,0.0
2023-11-20 12:00:00,37162.36,37486.68,36708.56,37467.32,29165.0,361,0.0
2023-11-20 16:00:00,37465.13,37760.83,36874.36,37570.99,35436.0,404,0.0
2023-11-20 20:00:00,37569.67,37614.42,37275.85,37434.82,23466.0,1194,0.0
2023-11-21 00:00:00,37441.79,37660.52,37306.31,37467.04,22053.0,1158,0.0
2023-11-21 04:00:00,37467.13,37494.14,37234.0,37270.96,18094.0,1219,0.0
2023-11-21 08:00:00,37271.45,37422.59,37141.78,37168.67,18473.0,1150,0.0
2023-11-21 12:00:00,37171.78,37219.54,36222.41,36990.51,36048.0,938,0.0
2023-11-21 16:00:00,36993.51,37513.16,36605.27,36970.29,37658.0,627,0.0
2023-11-21 20:00:00,36969.3,37172.0,35692.19,35717.77,31848.0,810,0.0
2023-11-22 00:00:00,35722.02,36389.73,35616.25,36380.63,23883.0,910,0.0
2023-11-22 04:00:00,36382.69,36575.81,36314.07,36451.21,21134.0,1185,0.0
2023-11-22 08:00:00,36454.82,36757.67,36401.54,36470.96,20690.0,1168,0.0
2023-11-22 12:00:00,36467.62,36654.42,36222.94,36457.73,23235.0,972,0.0
2023-11-22 16:00:00,36459.72,37437.48,36340.15,37281.71,32378.0,755,0.0
2023-11-22 20:00:00,37285.94,37857.02,37207.57,37394.54,29325.0,1233,0.0
2023-11-23 00:00:00,37401.89,37536.51,37236.57,37285.22,20023.0,1051,0.0
2023-11-23 04:00:00,37285.45,37409.4,37232.7,37352.01,17061.0,1036,0.0
2023-11-23 08:00:00,37348.38,37644.1,37123.29,37339.03,22086.0,595,0.0
2023-11-23 12:00:00,37343.1,37500.4,36841.45,36914.26,25892.0,603,0.0
2023-11-23 16:00:00,36918.01,37318.52,36894.96,37252.47,22083.0,1196,0.0
2023-11-23 20:00:00,37249.62,37372.67,37167.24,37251.81,17886.0,1189,0.0
2023-11-24 00:00:00,37255.25,37485.94,37201.04,37285.12,18384.0,739,0.0
2023-11-24 04:00:00,37284.83,37552.77,37260.19,37505.79,16012.0,1065,0.0
2023-11-24 08:00:00,37506.3,38040.36,37393.59,37742.51,29312.0,535,0.0
2023-11-24 12:00:00,37746.11,38441.4,37581.94,38229.08,30244.0,637,0.0
2023-11-24 16:00:00,38228.09,38397.77,37571.47,37777.84,28278.0,541,0.0
2023-11-24 20:00:00,37777.83,37983.89,37561.94,37705.78,20232.0,1093,0.0
2023-11-25 00:00:00,37710.4,37859.04,37658.83,37799.14,16775.0,921,0.0
2023-11-25 04:00:00,37798.83,37847.2,37704.86,37790.14,15542.0,870,0.0
2023-11-25 08:00:00,37789.77,37835.35,37548.91,37624.45,16512.0,507,0.0
2023-11-25 12:00:00,37626.89,37732.04,37597.21,37678.78,16451.0,1605,0.0
2023-11-25 16:00:00,37678.82,37845.8,37667.82,37825.18,15488.0,711,0.0
2023-11-25 20:00:00,37825.06,37905.61,37707.7,37779.73,15464.0,1022,0.0
2023-11-26 00:00:00,37782.53,37787.01,37656.49,37710.94,14553.0,1103,0.0
2023-11-26 04:00:00,37711.56,37802.83,37684.38,37782.38,14749.0,1033,0.0
2023-11-26 08:00:00,37781.06,37823.71,37641.78,37667.16,14898.0,945,0.0
2023-11-26 12:00:00,37666.85,37672.77,37268.86,37425.31,22519.0,1646,0.0
2023-11-26 16:00:00,37424.95,37490.72,37115.86,37377.65,20322.0,2030,0.0
2023-11-26 20:00:00,37377.79,37745.03,37307.98,37451.25,21484.0,1025,0.0
2023-11-27 00:00:00,37454.28,37562.68,37154.38,37288.69,19397.0,1093,0.0
2023-11-27 04:00:00,37289.19,37420.35,37035.61,37267.66,19228.0,1216,0.0
2023-11-27 08:00:00,37267.44,37458.91,36844.16,37023.62,22870.0,1332,0.0
2023-11-27 12:00:00,37024.85,37093.21,36697.84,36728.7,26905.0,1826,0.0
2023-11-27 16:00:00,36724.91,37150.21,36679.7,36850.05,24891.0,1304,0.0
2023-11-27 20:00:00,36852.39,37281.07,36764.29,37235.16,20364.0,1545,0.0
2023-11-28 00:00:00,37232.27,37335.71,37080.64,37108.97,18270.0,1424,0.0
2023-11-28 04:00:00,37109.58,37143.86,36851.25,37082.01,18868.0,1622,0.0
2023-11-28 08:00:00,37085.33,37255.94,36897.51,37241.98,19057.0,1676,0.0
2023-11-28 12:00:00,37242.07,37551.61,37122.8,37496.11,22018.0,1514,0.0
2023-11-28 16:00:00,37497.55,38389.4,37497.55,38117.56,30816.0,1295,0.0
2023-11-28 20:00:00,38114.92,38335.55,37651.8,37817.29,22309.0,732,0.0
2023-11-29 00:00:00,37813.69,38095.34,37648.6,37951.15,20555.0,1399,0.0
2023-11-29 04:00:00,37951.34,38230.94,37845.4,38102.09,18560.0,1306,0.0
2023-11-29 08:00:00,38101.55,38422.81,37892.47,38116.68,24323.0,1341,0.0
2023-11-29 12:00:00,38112.47,38285.98,37553.12,37817.34,26758.0,1338,0.0
2023-11-29 16:00:00,37815.27,37929.15,37605.64,37858.95,22377.0,1479,0.0
2023-11-29 20:00:00,37862.74,37883.84,37570.05,37847.33,19045.0,1219,0.0
2023-11-30 00:00:00,37848.22,38043.31,37666.37,38039.05,17749.0,1274,0.0
2023-11-30 04:00:00,38039.11,38148.09,37739.52,37775.73,17882.0,1336,0.0
2023-11-30 08:00:00,37776.12,37901.08,37567.75,37876.49,19081.0,1389,0.0
2023-11-30 12:00:00,37878.5,37957.38,37474.61,37596.32,25613.0,1040,0.0
2023-11-30 16:00:00,37595.81,37810.54,37498.53,37749.31,19331.0,1354,0.0
2023-11-30 20:00:00,37749.3,37809.55,37586.91,37696.94,16233.0,1338,0.0
2023-12-01 00:00:00,37702.56,38069.33,37591.49,38030.06,19531.0,1324,0.0
2023-12-01 04:00:00,38029.99,38340.73,37999.23,38234.42,20104.0,1042,0.0
2023-12-01 08:00:00,38235.32,38801.14,38189.64,38564.3,23871.0,1004,0.0
2023-12-01 12:00:00,38562.17,38621.2,38185.21,38403.14,24205.0,1147,0.0
2023-12-01 16:00:00,38402.23,38952.14,38380.03,38742.45,25260.0,1376,0.0
2023-12-01 20:00:00,38745.03,38889.14,38643.85,38674.9,17535.0,1161,0.0
2023-12-02 00:00:00,38677.3,38787.86,38632.6,38762.98,15268.0,1071,0.0
2023-12-02 04:00:00,38762.75,38814.85,38688.01,38696.31,15300.0,945,0.0
2023-12-02 08:00:00,38697.53,38772.38,38643.03,38721.56,14712.0,984,0.0
2023-12-02 12:00:00,38721.47,38852.4,38707.49,38798.37,15702.0,844,0.0
2023-12-02 16:00:00,38794.26,39645.15,38691.61,39403.84,23348.0,904,0.0
2023-12-02 20:00:00,39406.78,39687.83,39257.82,39430.05,20340.0,1117,0.0
2023-12-03 00:00:00,39429.88,39542.08,39250.01,39353.26,16132.0,1008,0.0
2023-12-03 04:00:00,39355.33,39466.55,39291.95,39454.23,15130.0,1305,0.0
2023-12-03 08:00:00,39450.88,39513.91,39358.45,39446.21,14676.0,1086,0.0
2023-12-03 12:00:00,39445.54,39764.61,39338.98,39732.03,19994.0,1107,0.0
2023-12-03 16:00:00,39728.52,39790.81,39414.27,39547.92,18142.0,1327,0.0
2023-12-03 20:00:00,39550.24,40155.42,39524.34,39944.05,21785.0,1516,0.0
2023-12-04 00:00:00,39944.5,40844.18,39933.44,40662.65,24323.0,1151,0.0
2023-12-04 04:00:00,40663.98,41696.27,40653.13,41381.98,24776.0,1564,0.0
2023-12-04 08:00:00,41377.96,42093.07,41280.49,41538.66,27766.0,1674,0.0
2023-12-04 12:00:00,41535.0,41867.52,41094.94,41198.75,26999.0,1719,0.0
2023-12-04 16:00:00,41202.87,41998.06,41095.54,41928.99,23932.0,1658,0.0
2023-12-04 20:00:00,41930.57,42356.3,41634.51,41920.29,24475.0,1805,0.0
2023-12-05 00:00:00,41911.5,41911.5,41541.04,41752.5,19306.0,1975,0.0
2023-12-05 04:00:00,41754.1,41864.84,41161.18,41477.78,18148.0,1071,0.0
2023-12-05 08:00:00,41480.24,41700.13,41372.39,41665.84,18530.0,1787,0.0
2023-12-05 12:00:00,41666.17,42471.17,41613.47,42222.59,28559.0,1203,0.0
2023-12-05 16:00:00,42219.21,44055.58,42062.05,43774.01,45297.0,958,0.0
2023-12-05 20:00:00,43771.32,44495.01,43394.51,44061.54,33200.0,1346,0.0
2023-12-06 00:00:00,44066.79,44145.15,43541.07,43703.48,25118.0,1476,0.0
2023-12-06 04:00:00,43699.9,43840.29,43412.18,43644.51,23912.0,2473,0.0
2023-12-06 08:00:00,43641.47,44279.27,43357.53,43811.46,30717.0,2137,0.0
2023-12-06 12:00:00,43812.51,44291.77,43693.4,43751.62,34490.0,1371,0.0
2023-12-06 16:00:00,43753.78,44122.63,43694.39,43963.32,25420.0,2267,0.0
2023-12-06 20:00:00,43966.2,44074.06,43583.07,43740.1,20153.0,1989,0.0
2023-12-07 00:00:00,43740.59,44009.29,43695.73,43934.47,17204.0,1912,0.0
2023-12-07 04:00:00,43931.29,44060.99,43823.34,43854.32,16914.0,1936,0.0
2023-12-07 08:00:00,43857.85,43879.02,42792.52,43154.79,32925.0,1455,0.0
2023-12-07 12:00:00,43157.19,43912.58,42906.59,43630.34,29765.0,1492,0.0
2023-12-07 16:00:00,43631.94,43724.3,42995.36,43155.6,29836.0,978,0.0
2023-12-07 20:00:00,43156.43,43424.91,43011.79,43232.1,23816.0,2030,0.0
2023-12-08 00:00:00,43229.86,43504.31,43212.74,43342.29,19983.0,2193,0.0
2023-12-08 04:00:00,43342.21,43514.37,43052.53,43115.56,21263.0,1345,0.0
2023-12-08 08:00:00,43112.85,43705.77,43018.55,43605.26,23389.0,2197,0.0
2023-12-08 12:00:00,43607.32,44016.18,43430.56,43720.43,30648.0,1271,0.0
2023-12-08 16:00:00,43722.83,43963.31,43602.28,43944.29,23866.0,1420,0.0
2023-12-08 20:00:00,43945.0,44722.75,43928.05,44159.46,28703.0,1385,0.0
2023-12-09 00:00:00,44160.45,44298.57,44000.21,44120.11,18922.0,2232,0.0
2023-12-09 04:00:00,44122.23,44352.18,44063.12,44163.73,17912.0,2077,0.0
2023-12-09 08:00:00,44166.66,44191.01,43699.79,43796.46,21768.0,2371,0.0
2023-12-09 12:00:00,43796.75,44141.37,43711.01,44044.56,20351.0,2204,0.0
2023-12-09 16:00:00,44041.57,44077.87,43854.42,43917.48,18244.0,1466,0.0
2023-12-09 20:00:00,43916.58,44086.58,43542.2,43690.86,18894.0,1700,0.0
2023-12-10 00:00:00,43693.69,43836.81,43630.06,43814.41,16923.0,2230,0.0
2023-12-10 04:00:00,43814.43,43971.43,43775.56,43929.36,15515.0,1660,0.0
2023-12-10 08:00:00,43926.88,44010.67,43540.12,43700.22,19650.0,1855,0.0
2023-12-10 12:00:00,43700.65,43947.53,43671.21,43877.31,18111.0,1906,0.0
2023-12-10 16:00:00,43879.47,43916.87,43686.88,43761.6,16342.0,1855,0.0
2023-12-10 20:00:00,43762.0,44025.71,43522.06,43742.47,17825.0,1919,0.0
2023-12-11 00:00:00,43747.68,43776.55,40501.63,42263.33,48776.0,749,0.0
2023-12-11 04:00:00,42261.04,42300.35,41638.24,42130.87,30786.0,1172,0.0
2023-12-11 08:00:00,42131.97,42461.89,41948.34,42316.37,24599.0,867,0.0
2023-12-11 12:00:00,42312.79,42375.48,41614.72,41772.7,27914.0,1407,0.0
2023-12-11 16:00:00,41774.56,41833.01,40159.47,40737.19,44173.0,867,0.0
2023-12-11 20:00:00,40739.67,41322.7,40486.68,41228.17,26939.0,936,0.0
2023-12-12 00:00:00,41226.19,41900.54,41139.68,41708.2,27866.0,1124,0.0
2023-12-12 04:00:00,41703.96,42040.5,41339.06,41907.34,25521.0,987,0.0
2023-12-12 08:00:00,41905.11,42076.84,41531.94,41565.38,25732.0,873,0.0
2023-12-12 12:00:00,41568.02,42022.33,41139.94,41315.35,33968.0,960,0.0
2023-12-12 16:00:00,41316.77,41423.83,40635.39,41114.37,31359.0,922,0.0
2023-12-12 20:00:00,41112.14,41541.92,41003.71,41479.5,23707.0,1748,0.0
2023-12-13 00:00:00,41477.36,41493.53,40573.13,40828.03,27477.0,1144,0.0
2023-12-13 04:00:00,40828.94,41215.48,40614.18,41084.49,24204.0,1136,0.0
2023-12-13 08:00:00,41080.31,41251.88,40928.48,40966.73,20848.0,1730,0.0
2023-12-13 12:00:00,40970.23,41905.14,40942.08,41879.91,26721.0,1093,0.0
2023-12-13 16:00:00,41880.95,42862.37,41714.87,42712.46,28868.0,1761,0.0
2023-12-13 20:00:00,42716.85,43436.92,42549.34,42845.49,28787.0,1245,0.0
2023-12-14 00:00:00,42849.01,42933.99,42634.86,42685.1,21430.0,1859,0.0
2023-12-14 04:00:00,42681.18,43102.77,42655.07,42875.26,20011.0,1971,0.0
2023-12-14 08:00:00,42878.67,43287.97,42652.61,43248.45,22382.0,1137,0.0
2023-12-14 12:00:00,43243.52,43346.2,41428.97,42422.9,40213.0,918,0.0
2023-12-14 16:00:00,42424.11,43394.2,42417.49,43074.19,29917.0,1213,0.0
2023-12-14 20:00:00,43069.4,43173.13,42825.4,43000.99,20392.0,1945,0.0
2023-12-15 00:00:00,43003.6,43067.57,42450.33,42751.84,20899.0,914,0.0
2023-12-15 04:00:00,42749.64,42846.88,42473.46,42679.15,20229.0,1231,0.0
2023-12-15 08:00:00,42679.21,43008.36,42607.65,42731.27,20652.0,1664,0.0
2023-12-15 12:00:00,42732.16,42757.18,41643.94,41898.41,29368.0,1091,0.0
2023-12-15 16:00:00,41897.54,42160.44,41674.29,42085.75,24257.0,1640,0.0
2023-12-15 20:00:00,42086.46,42240.45,41863.13,41905.58,19745.0,1141,0.0
2023-12-16 00:00:00,41908.02,42355.63,41604.22,42287.77,20591.0,1207,0.0
2023-12-16 04:00:00,42290.99,42318.68,42088.83,42154.41,16805.0,1800,0.0
2023-12-16 08:00:00,42153.16,42292.04,42046.13,42277.99,16485.0,1834,0.0
2023-12-16 12:00:00,42279.34,42559.19,42185.6,42527.86,19033.0,1574,0.0
2023-12-16 16:00:00,42530.03,42670.23,42270.11,42299.22,19620.0,1776,0.0
2023-12-16 20:00:00,42299.28,42355.41,42092.95,42212.81,17084.0,1572,0.0
2023-12-17 00:00:00,42205.81,42251.0,41781.84,41865.46,20425.0,1687,0.0
2023-12-17 04:00:00,41868.28,42000.97,41736.89,41835.97,19180.0,2256,0.0
2023-12-17 08:00:00,41838.68,41959.55,41631.42,41901.98,18770.0,2242,0.0
2023-12-17 12:00:00,41902.84,41949.17,41490.47,41745.07,20089.0,2119,0.0
2023-12-17 16:00:00,41745.44,42339.74,41613.96,42025.06,26294.0,1937,0.0
2023-12-17 20:00:00,42027.19,42119.1,41197.45,41351.74,22234.0,1427,0.0
2023-12-18 00:00:00,41351.34,41430.48,40747.69,41060.51,29722.0,1505,0.0
2023-12-18 04:00:00,41060.33,41262.06,40959.48,41114.08,21617.0,1570,0.0
2023-12-18 08:00:00,41110.25,41216.25,40481.34,41056.29,28336.0,1539,0.0
2023-12-18 12:00:00,41056.8,41715.73,40850.93,41231.84,28108.0,1194,0.0
2023-12-18 16:00:00,41232.94,41695.8,41098.05,41650.09,23989.0,1838,0.0
2023-12-18 20:00:00,41647.09,42717.47,41516.62,42624.75,27733.0,1428,0.0
2023-12-19 00:00:00,42620.57,43464.13,42508.21,43032.39,26949.0,1278,0.0
2023-12-19 04:00:00,43031.5,43103.01,42770.07,42994.46,19170.0,1454,0.0
2023-12-19 08:00:00,42999.56,43251.26,42919.67,42955.34,20225.0,1698,0.0
2023-12-19 12:00:00,42953.46,43023.68,42253.5,42503.88,20587.0,1567,0.0
2023-12-19 16:00:00,42501.25,42642.96,41774.7,42284.13,25141.0,1020,0.0
2023-12-19 20:00:00,42287.53,42492.09,42067.6,42242.07,19448.0,2086,0.0
2023-12-20 00:00:00,42246.3,42459.35,42157.07,42392.67,17980.0,2188,0.0
2023-12-20 04:00:00,42393.8,42988.36,42339.62,42886.47,20805.0,1143,0.0
2023-12-20 08:00:00,42886.01,42972.46,42630.8,42846.97,19032.0,1773,0.0
2023-12-20 12:00:00,42842.06,44314.34,42717.6,44033.49,30640.0,880,0.0
2023-12-20 16:00:00,44032.89,44285.81,43477.2,43727.93,29678.0,743,0.0
2023-12-20 20:00:00,43727.52,43793.95,43221.12,43663.4,25827.0,777,0.0
2023-12-21 00:00:00,43651.99,43727.45,43269.88,43637.33,18461.0,1513,0.0
2023-12-21 04:00:00,43639.0,43871.86,43435.03,43762.47,18253.0,1903,0.0
2023-12-21 08:00:00,43757.37,44095.3,43568.66,43922.83,22025.0,926,0.0
2023-12-21 12:00:00,43921.49,44241.89,43374.68,43808.52,29727.0,1219,0.0
2023-12-21 16:00:00,43807.45,43902.63,43340.37,43575.44,25908.0,978,0.0
2023-12-21 20:00:00,43575.57,44126.6,43533.09,43862.3,21429.0,1641,0.0
2023-12-22 00:00:00,43861.68,44276.26,43725.79,44015.36,21399.0,1413,0.0
2023-12-22 04:00:00,44015.1,44428.18,43531.05,43596.24,24706.0,812,0.0
2023-12-22 08:00:00,43595.13,43834.76,43443.29,43731.06,21862.0,1738,0.0
2023-12-22 12:00:00,43730.56,43797.95,43390.91,43660.96,22994.0,1597,0.0
2023-12-22 16:00:00,43661.2,44022.51,43471.3,43652.32,21215.0,1690,0.0
2023-12-22 20:00:00,43651.0,44082.4,43621.71,43988.09,18175.0,1561,0.0
2023-12-23 00:00:00,43992.04,44029.68,43460.11,43524.98,20436.0,1449,0.0
2023-12-23 04:00:00,43520.44,43653.57,43286.71,43563.69,17794.0,1545,0.0
2023-12-23 08:00:00,43563.49,43684.46,43468.62,43531.8,16209.0,1747,0.0
2023-12-23 12:00:00,43533.2,43873.51,43531.04,43776.12,16921.0,1306,0.0
2023-12-23 16:00:00,43777.48,43858.3,43694.03,43711.44,16960.0,1127,0.0
2023-12-23 20:00:00,43715.58,43853.16,43641.5,43724.13,16443.0,1265,0.0
2023-12-24 00:00:00,43720.37,43925.9,43595.0,43839.33,16032.0,1264,0.0
2023-12-24 04:00:00,43839.37,43951.45,43419.54,43653.28,17367.0,1272,0.0
2023-12-24 08:00:00,43654.05,43707.94,43393.41,43631.18,16692.0,1312,0.0
2023-12-24 12:00:00,43631.11,43887.67,43547.9,43689.1,16445.0,935,0.0
2023-12-24 16:00:00,43689.85,43734.71,43561.98,43613.63,16995.0,1284,0.0
2023-12-24 20:00:00,43611.63,43622.49,42649.31,42991.39,23160.0,683,0.0
2023-12-25 00:00:00,42989.9,43166.53,42706.32,43156.29,21064.0,1309,0.0
2023-12-25 04:00:00,43155.87,43326.7,43073.15,43216.51,16980.0,1147,0.0
2023-12-25 08:00:00,43218.18,43287.88,43045.3,43181.0,17191.0,1083,0.0
2023-12-25 12:00:00,43181.78,43819.88,43093.59,43607.4,23964.0,624,0.0
2023-12-25 16:00:00,43609.35,43698.96,43339.56,43457.56,20424.0,502,0.0
2023-12-25 20:00:00,43457.91,43720.57,43298.19,43578.95,19508.0,586,0.0
2023-12-26 00:00:00,43581.95,43598.93,43336.29,43450.41,18518.0,1714,0.0
2023-12-26 04:00:00,43450.3,43473.92,42559.63,42755.07,25680.0,1634,0.0
2023-12-26 08:00:00,42754.26,42793.12,42187.77,42656.3,23320.0,1963,0.0
2023-12-26 12:00:00,42655.97,42802.3,42211.0,42360.07,22127.0,1786,0.0
2023-12-26 16:00:00,42360.18,42401.01,41607.38,42063.2,30821.0,1909,0.0
2023-12-26 20:00:00,42067.02,42581.92,42003.71,42491.16,19645.0,2544,0.0
2023-12-27 00:00:00,42493.85,42539.19,42075.37,42203.97,22128.0,2056,0.0
2023-12-27 04:00:00,42203.45,42538.47,42179.18,42451.25,19753.0,1589,0.0
2023-12-27 08:00:00,42447.98,43242.02,42366.94,43030.95,23303.0,1603,0.0
2023-12-27 12:00:00,43027.23,43155.0,42707.43,42989.77,27154.0,2050,0.0
2023-12-27 16:00:00,42986.72,43235.66,42845.09,43179.82,23327.0,2301,0.0
2023-12-27 20:00:00,43180.48,43687.94,43127.08,43444.49,22690.0,2176,0.0
2023-12-28 00:00:00,43447.57,43809.12,43307.36,43410.58,22307.0,1250,0.0
2023-12-28 04:00:00,43410.98,43639.76,42780.35,43057.02,23425.0,1412,0.0
2023-12-28 08:00:00,43057.12,43207.32,42848.22,43074.76,19936.0,2144,0.0
2023-12-28 12:00:00,43074.46,43146.36,42355.0,42437.82,30214.0,1416,0.0
2023-12-28 16:00:00,42435.76,42724.42,42242.4,42591.86,24638.0,1645,0.0
2023-12-28 20:00:00,42592.78,42742.33,42272.12,42555.89,21267.0,2556,0.0
2023-12-29 00:00:00,42556.62,42774.22,42096.65,42687.47,26234.0,1491,0.0
2023-12-29 04:00:00,42686.39,42767.1,42206.91,42271.58,20304.0,2435,0.0
2023-12-29 08:00:00,42274.38,42949.3,42255.63,42882.34,21005.0,2242,0.0
2023-12-29 12:00:00,42882.77,43117.93,42117.43,42251.04,23919.0,1896,0.0
2023-12-29 16:00:00,42251.8,42332.39,41612.15,42093.48,28326.0,1837,0.0
2023-12-29 20:00:00,42094.8,42207.52,41267.03,42047.06,23117.0,1866,0.0
2023-12-30 00:00:00,42051.8,42193.93,41760.16,41926.47,18367.0,1882,0.0
2023-12-30 04:00:00,41927.86,42124.68,41864.3,41910.86,16956.0,1843,0.0
2023-12-30 08:00:00,41910.83,41952.14,41477.79,41856.65,20859.0,2266,0.0
2023-12-30 12:00:00,41856.82,42425.39,41829.35,42364.36,19668.0,1158,0.0
2023-12-30 16:00:00,42360.58,42627.34,42215.8,42334.4,19008.0,1651,0.0
2023-12-30 20:00:00,42333.55,42383.99,42036.6,42087.98,17598.0,1477,0.0
2023-12-31 00:00:00,42088.61,42426.37,41921.87,42128.22,18840.0,823,0.0
2023-12-31 04:00:00,42128.15,42669.46,42109.71,42514.03,17808.0,1438,0.0
2023-12-31 08:00:00,42510.84,42895.6,42331.92,42475.21,19701.0,956,0.0
2023-12-31 12:00:00,42475.19,42604.82,42307.92,42416.52,18396.0,1654,0.0
2023-12-31 16:00:00,42414.7,42672.94,42380.76,42568.41,18144.0,1413,0.0
2023-12-31 20:00:00,42567.43,42623.74,42042.16,42243.48,20408.0,1451,0.0
2024-01-01 00:00:00,42244.09,42719.21,42179.79,42279.74,20715.0,1636,0.0
2024-01-01 04:00:00,42282.0,42435.58,42141.93,42423.89,18412.0,1970,0.0
2024-01-01 08:00:00,42425.05,42715.25,42373.62,42610.65,17787.0,1339,0.0
2024-01-01 12:00:00,42610.68,42813.6,42510.99,42737.06,18736.0,1607,0.0
2024-01-01 16:00:00,42738.3,43553.64,42616.56,43495.26,22750.0,1505,0.0
2024-01-01 20:00:00,43495.48,44253.22,43356.41,44243.46,25401.0,1047,0.0
2024-01-02 00:00:00,44238.93,45584.39,44197.18,45480.37,33782.0,784,0.0
2024-01-02 04:00:00,45481.99,45639.72,45141.62,45495.92,24726.0,655,0.0
2024-01-02 08:00:00,45493.51,45912.73,45249.35,45474.7,29263.0,678,0.0
2024-01-02 12:00:00,45476.61,45836.88,44827.98,45204.91,35214.0,697,0.0
2024-01-02 16:00:00,45200.25,45426.7,44780.72,45032.35,32474.0,2254,0.0
2024-01-02 20:00:00,45032.39,45281.06,44602.95,44936.39,27102.0,1113,0.0
2024-01-03 00:00:00,44951.68,45440.22,44845.16,45279.83,22446.0,2172,0.0
2024-01-03 04:00:00,45276.41,45396.19,44922.07,45002.5,20771.0,1959,0.0
2024-01-03 08:00:00,45006.11,45517.65,43491.13,43699.5,31051.0,1241,0.0
2024-01-03 12:00:00,43698.18,43707.64,41142.58,43005.56,102691.0,1226,0.0
2024-01-03 16:00:00,43000.82,43569.01,42000.17,42552.81,46118.0,1305,0.0
2024-01-03 20:00:00,42550.25,42973.58,42501.53,42834.93,25244.0,1339,0.0
2024-01-04 00:00:00,42835.73,43234.16,42592.05,43121.74,25224.0,1347,0.0
2024-01-04 04:00:00,43122.63,43298.04,42751.89,42763.3,25247.0,1422,0.0
2024-01-04 08:00:00,42766.79,43278.21,42675.77,43204.93,27916.0,1340,0.0
2024-01-04 12:00:00,43203.86,44349.53,43116.4,44066.36,32710.0,1272,0.0
2024-01-04 16:00:00,44063.24,44491.62,43795.8,43963.25,30457.0,1292,0.0
2024-01-04 20:00:00,43963.57,44779.43,43909.78,44186.39,31527.0,1272,0.0
2024-01-05 00:00:00,44185.2,44323.18,42529.58,43483.92,38868.0,1098,0.0
2024-01-05 04:00:00,43489.76,43933.37,43216.87,43791.65,24337.0,2106,0.0
2024-01-05 08:00:00,43794.38,44313.89,43492.13,43795.88,27631.0,1070,0.0
2024-01-05 12:00:00,43791.34,44142.22,43163.31,43503.77,36574.0,1246,0.0
2024-01-05 16:00:00,43499.04,43814.37,43095.32,43593.47,32954.0,1392,0.0
2024-01-05 20:00:00,43593.09,44351.44,43570.91,44171.09,30504.0,1274,0.0
2024-01-06 00:00:00,44170.42,44246.69,43801.05,43933.63,19894.0,1976,0.0
2024-01-06 04:00:00,43934.19,43980.52,43414.92,43650.72,21853.0,1954,0.0
2024-01-06 08:00:00,43650.93,43758.24,43557.22,43657.51,18334.0,2498,0.0
2024-01-06 12:00:00,43657.98,43920.47,43525.46,43864.47,19236.0,2208,0.0
2024-01-06 16:00:00,43864.2,44141.78,43809.11,43893.63,19150.0,1877,0.0
2024-01-06 20:00:00,43892.17,43981.56,43636.46,43951.07,20333.0,1972,0.0
2024-01-07 00:00:00,43943.12,44252.92,43824.1,43925.5,20854.0,1730,0.0
2024-01-07 04:00:00,43926.0,44092.98,43806.12,44077.18,17952.0,1490,0.0
2024-01-07 08:00:00,44076.06,44161.86,43854.87,44061.78,19699.0,1500,0.0
2024-01-07 12:00:00,44061.95,44492.52,43921.53,44037.55,23856.0,1532,0.0
2024-01-07 16:00:00,44033.27,44279.24,43704.52,44233.71,21569.0,1260,0.0
2024-01-07 20:00:00,44234.43,44289.47,43603.55,43921.07,23635.0,1612,0.0
2024-01-08 00:00:00,43924.49,43976.17,43203.28,43540.27,29776.0,2242,0.0
2024-01-08 04:00:00,43536.71,44264.46,43426.92,43948.87,27537.0,1682,0.0
2024-01-08 08:00:00,43948.72,44667.04,43624.61,44634.07,26424.0,1155,0.0
2024-01-08 12:00:00,44636.24,45359.38,44405.98,44966.61,43027.0,764,0.0
2024-01-08 16:00:00,44972.37,47281.96,44801.52,46995.32,46005.0,853,0.0
2024-01-08 20:00:00,46994.09,47244.5,46659.6,46976.34,28332.0,922,0.0
2024-01-09 00:00:00,46977.63,47176.58,46258.65,46950.04,26434.0,2175,0.0
2024-01-09 04:00:00,46951.3,46977.91,46602.89,46842.36,21769.0,797,0.0
2024-01-09 08:00:00,46837.86,46888.23,46383.84,46639.29,25905.0,1695,0.0
2024-01-09 12:00:00,46641.8,47052.04,45462.3,46876.89,47314.0,768,0.0
2024-01-09 16:00:00,46876.43,47010.37,46513.22,46869.75,27743.0,1665,0.0
2024-01-09 20:00:00,46873.59,47864.1,44821.63,46085.01,79627.0,763,0.0
2024-01-10 00:00:00,46079.04,46220.26,45564.45,46101.74,28397.0,1650,0.0
2024-01-10 04:00:00,46106.27,46184.55,45727.55,45750.44,22526.0,2373,0.0
2024-01-10 08:00:00,45748.57,45844.99,44995.71,45473.82,31610.0,1460,0.0
2024-01-10 12:00:00,45476.45,45627.4,44277.92,45532.29,52563.0,1587,0.0
2024-01-10 16:00:00,45533.6,46718.87,45147.14,46493.75,50737.0,1319,0.0
2024-01-10 20:00:00,46497.51,47673.05,44793.72,46639.33,104137.0,1244,0.0
2024-01-11 00:00:00,46652.26,46762.97,46163.27,46489.88,33607.0,1328,0.0
2024-01-11 04:00:00,46492.12,46497.39,45580.81,46069.76,29700.0,1443,0.0
2024-01-11 08:00:00,46070.51,47118.86,46022.8,47043.23,28740.0,2368,0.0
2024-01-11 12:00:00,47047.85,48983.91,46371.04,46642.92,60461.0,846,0.0
2024-01-11 16:00:00,46638.67,46889.07,45515.8,46634.18,44811.0,1757,0.0
2024-01-11 20:00:00,46638.67,46975.4,46004.28,46298.5,30888.0,1599,0.0
2024-01-12 00:00:00,46296.44,46479.46,45831.39,45936.33,26783.0,1849,0.0
2024-01-12 04:00:00,45931.11,46339.03,45715.97,45970.73,24596.0,3159,0.0
2024-01-12 08:00:00,45972.53,46225.11,45489.07,45903.85,29543.0,2002,0.0
2024-01-12 12:00:00,45902.54,46072.87,44215.76,44342.75,40830.0,2189,0.0
2024-01-12 16:00:00,44339.24,44561.2,43118.8,43416.78,48836.0,2266,0.0
2024-01-12 20:00:00,43416.51,43981.65,41447.6,42763.83,57134.0,1801,0.0
2024-01-13 00:00:00,42772.08,42970.03,42404.08,42595.33,25477.0,3440,0.0
2024-01-13 04:00:00,42594.36,43260.46,42530.93,43086.47,21512.0,1633,0.0
2024-01-13 08:00:00,43089.64,43251.37,42476.23,42589.58,25985.0,2268,0.0
2024-01-13 12:00:00,42587.96,43247.69,42455.0,43147.08,26300.0,2359,0.0
2024-01-13 16:00:00,43149.54,43185.34,42702.45,42757.83,25176.0,2355,0.0
2024-01-13 20:00:00,42757.43,43039.75,42665.2,42832.7,19555.0,2782,0.0
2024-01-14 00:00:00,42821.26,42893.09,42610.14,42655.29,20068.0,3126,0.0
2024-01-14 04:00:00,42656.61,43054.39,42525.52,43008.55,17726.0,2776,0.0
2024-01-14 08:00:00,43008.96,43076.17,42744.98,42809.48,18482.0,2769,0.0
2024-01-14 12:00:00,42806.64,43002.47,42688.24,42885.47,20157.0,3011,0.0
2024-01-14 16:00:00,42888.9,43018.75,42588.67,42626.8,21023.0,4081,0.0
2024-01-14 20:00:00,42625.64,42727.77,41647.53,41656.99,39977.0,3850,0.0
2024-01-15 00:00:00,41655.69,42619.06,41650.66,42530.87,28929.0,3839,0.0
2024-01-15 04:00:00,42530.84,42817.13,42473.8,42689.73,22504.0,3724,0.0
2024-01-15 08:00:00,42687.26,42770.17,42488.45,42686.79,23618.0,3544,0.0
2024-01-15 12:00:00,42689.38,42958.55,42097.03,42236.21,31494.0,3543,0.0
2024-01-15 16:00:00,42236.38,43339.01,42201.61,42971.45,31877.0,3511,0.0
2024-01-15 20:00:00,42966.09,43097.63,42285.69,42480.67,26455.0,3435,0.0
2024-01-16 00:00:00,42476.14,42911.42,42425.65,42887.19,22301.0,3763,0.0
2024-01-16 04:00:00,42886.51,42919.34,42573.85,42750.54,21017.0,3635,0.0
2024-01-16 08:00:00,42747.65,43132.01,42672.59,42873.71,24552.0,3619,0.0
2024-01-16 12:00:00,42870.86,43310.4,42024.17,43238.62,36512.0,3299,0.0
2024-01-16 16:00:00,43235.84,43406.85,42789.66,43138.46,31701.0,3146,0.0
2024-01-16 20:00:00,43142.46,43570.17,43018.46,43126.94,27468.0,3130,0.0
2024-01-17 00:00:00,43134.68,43206.31,42826.27,42847.31,21718.0,3298,0.0
2024-01-17 04:00:00,42849.65,42915.91,42566.02,42627.41,21176.0,3356,0.0
2024-01-17 08:00:00,42625.35,42832.64,42516.89,42658.2,21436.0,3383,0.0
2024-01-17 12:00:00,42655.62,42906.61,42332.18,42458.99,33084.0,3413,0.0
2024-01-17 16:00:00,42459.85,42711.86,42145.5,42557.6,28320.0,3442,0.0
2024-01-17 20:00:00,42555.8,42845.75,42405.51,42737.53,24277.0,3396,0.0
2024-01-18 00:00:00,42732.23,42757.54,42466.97,42545.47,19706.0,3439,0.0
2024-01-18 04:00:00,42545.42,42895.46,42538.11,42883.85,19757.0,3372,0.0
2024-01-18 08:00:00,42884.44,42903.51,42324.22,42500.43,24302.0,3177,0.0
2024-01-18 12:00:00,42501.55,42787.72,42305.5,42585.03,26799.0,3597,0.0
2024-01-18 16:00:00,42585.88,42586.62,40765.31,40971.1,41262.0,3579,0.0
2024-01-18 20:00:00,40968.5,41338.53,40581.81,41291.6,31738.0,3544,0.0
2024-01-19 00:00:00,41290.35,41339.7,40687.12,41009.64,24422.0,3607,0.0
2024-01-19 04:00:00,41011.1,41540.74,40984.96,41200.82,22158.0,3567,0.0
2024-01-19 08:00:00,41199.5,41489.33,41072.65,41447.13,21997.0,3553,0.0
2024-01-19 12:00:00,41446.64,41454.83,40653.12,40843.62,29343.0,3479,0.0
2024-01-19 16:00:00,40843.11,41915.73,40253.78,41767.35,41880.0,3467,0.0
2024-01-19 20:00:00,41767.15,42181.98,41295.0,41617.43,28821.0,3395,0.0
2024-01-20 00:00:00,41621.2,41691.83,41404.88,41611.81,21886.0,3223,0.0
2024-01-20 04:00:00,41611.82,41776.86,41549.93,41654.1,17195.0,2710,0.0
2024-01-20 08:00:00,41657.68,41684.45,41427.69,41565.77,18854.0,3152,0.0
2024-01-20 12:00:00,41565.76,41689.83,41448.26,41555.44,18572.0,3277,0.0
2024-01-20 16:00:00,41557.47,41667.12,41476.91,41612.76,16690.0,3243,0.0
2024-01-20 20:00:00,41616.07,41860.25,41578.9,41665.53,18148.0,3053,0.0
2024-01-21 00:00:00,41672.42,41728.22,41604.91,41687.54,16874.0,3074,0.0
2024-01-21 04:00:00,41686.98,41701.49,41560.21,41638.25,14760.0,3170,0.0
2024-01-21 08:00:00,41639.8,41819.84,41632.7,41719.2,15771.0,2768,0.0
2024-01-21 12:00:00,41721.62,41881.09,41586.0,41646.86,17420.0,2649,0.0
2024-01-21 16:00:00,41647.73,41728.26,41506.06,41718.16,16182.0,3085,0.0
2024-01-21 20:00:00,41718.07,41807.02,41475.16,41569.2,16592.0,3049,0.0
2024-01-22 00:00:00,41571.93,41670.96,41034.18,41174.39,23779.0,3200,0.0
2024-01-22 04:00:00,41171.79,41271.74,40667.25,41000.24,24701.0,3473,0.0
2024-01-22 08:00:00,41003.7,41021.51,40319.86,40776.19,31652.0,3419,0.0
2024-01-22 12:00:00,40774.89,41176.48,40274.01,40683.3,33073.0,3274,0.0
2024-01-22 16:00:00,40685.92,40821.19,39366.39,39766.76,41465.0,3216,0.0
2024-01-22 20:00:00,39764.06,40319.62,39408.92,39496.76,34084.0,3001,0.0
2024-01-23 00:00:00,39498.55,40099.28,39431.81,39985.06,23898.0,3313,0.0
2024-01-23 04:00:00,39985.07,40162.64,39600.06,39738.06,20007.0,3153,0.0
2024-01-23 08:00:00,39737.66,39839.38,38570.21,38802.87,40052.0,3239,0.0
2024-01-23 12:00:00,38802.31,39387.25,38489.63,39149.64,37617.0,3299,0.0
2024-01-23 16:00:00,39152.19,39601.01,38868.03,39112.46,32779.0,3108,0.0
2024-01-23 20:00:00,39112.92,39870.99,38968.08,39841.0,26224.0,3057,0.0
2024-01-24 00:00:00,39858.44,40247.1,39531.06,39585.82,25890.0,2972,0.0
2024-01-24 04:00:00,39586.43,40159.68,39515.73,39957.85,22396.0,3012,0.0
2024-01-24 08:00:00,39953.94,40535.18,39820.39,40189.67,28057.0,2956,0.0
2024-01-24 12:00:00,40190.28,40300.59,39738.68,40030.83,28763.0,2976,0.0
2024-01-24 16:00:00,40033.72,40185.24,39570.21,39781.3,26810.0,2931,0.0
2024-01-24 20:00:00,39778.79,40185.63,39384.81,40091.35,25468.0,2936,0.0
2024-01-25 00:00:00,40079.78,40183.5,39901.13,39982.86,21213.0,3243,0.0
2024-01-25 04:00:00,39980.2,40121.92,39742.98,40121.46,18983.0,3286,0.0
2024-01-25 08:00:00,40116.86,40294.66,39921.32,40154.77,21454.0,3308,0.0
2024-01-25 12:00:00,40153.31,40265.6,39579.21,39746.23,26220.0,2942,0.0
2024-01-25 16:00:00,39750.14,39992.88,39485.32,39959.94,25750.0,3271,0.0
2024-01-25 20:00:00,39957.79,39985.64,39564.48,39913.12,20496.0,3245,0.0
2024-01-26 00:00:00,39959.94,40200.55,39800.85,40039.34,19292.0,3006,0.0
2024-01-26 04:00:00,40038.47,40176.02,39866.96,39951.82,17979.0,3006,0.0
2024-01-26 08:00:00,39952.33,41320.28,39935.31,41254.19,28935.0,2762,0.0
2024-01-26 12:00:00,41255.8,41547.0,40866.5,41375.32,33670.0,2708,0.0
2024-01-26 16:00:00,41371.33,42182.98,41354.79,42054.2,32228.0,2601,0.0
2024-01-26 20:00:00,42052.15,42230.28,41772.02,41788.61,24985.0,2603,0.0
2024-01-27 00:00:00,41813.1,41932.5,41689.79,41801.75,17740.0,2601,0.0
2024-01-27 04:00:00,41800.45,41872.74,41573.53,41676.0,17279.0,2603,0.0
2024-01-27 08:00:00,41673.64,41788.17,41368.68,41743.66,20161.0,2604,0.0
2024-01-27 12:00:00,41744.07,41879.88,41677.89,41801.37,17240.0,2612,0.0
2024-01-27 16:00:00,41798.73,41984.39,41704.14,41919.09,17150.0,2600,0.0
2024-01-27 20:00:00,41915.79,42202.34,41910.7,42122.77,16624.0,2664,0.0
2024-01-28 00:00:00,42113.24,42245.12,41922.2,42204.89,17312.0,2897,0.0
2024-01-28 04:00:00,42203.09,42836.91,42201.85,42391.88,21853.0,2682,0.0
2024-01-28 08:00:00,42391.62,42694.12,42305.02,42468.3,19394.0,2636,0.0
2024-01-28 12:00:00,42469.13,42521.96,42157.73,42247.01,20143.0,2600,0.0
2024-01-28 16:00:00,42248.67,42349.11,41702.18,41773.24,21788.0,2713,0.0
2024-01-28 20:00:00,41771.95,42078.98,41585.65,42030.33,20555.0,2930,0.0
2024-01-29 00:00:00,42030.61,42486.07,41865.71,42317.49,20744.0,2771,0.0
2024-01-29 04:00:00,42315.87,42339.34,41963.45,42045.62,17679.0,2771,0.0
2024-01-29 08:00:00,42048.01,42377.53,41940.62,42248.59,20466.0,2753,0.0
2024-01-29 12:00:00,42247.08,42650.24,41774.31,42624.21,25728.0,2747,0.0
2024-01-29 16:00:00,42629.39,43302.08,42519.15,42999.53,27909.0,2602,0.0
2024-01-29 20:00:00,43000.85,43313.47,42972.47,43295.77,20082.0,2606,0.0
2024-01-30 00:00:00,43297.48,43782.75,43137.92,43508.9,22293.0,2601,0.0
2024-01-30 04:00:00,43508.09,43552.22,43259.12,43350.55,17675.0,2600,0.0
2024-01-30 08:00:00,43351.1,43550.46,43207.98,43514.66,18045.0,2601,0.0
2024-01-30 12:00:00,43514.28,43847.49,43108.12,43380.1,27846.0,2600,0.0
2024-01-30 16:00:00,43378.04,43596.76,43206.38,43527.64,22693.0,2866,0.0
2024-01-30 20:00:00,43524.08,43747.25,42653.86,42949.17,25543.0,2897,0.0
2024-01-31 00:00:00,42946.94,43104.39,42652.01,42900.17,25321.0,3010,0.0
2024-01-31 04:00:00,42900.2,43043.82,42832.61,43017.75,17518.0,3192,0.0
2024-01-31 08:00:00,43012.9,43054.07,42327.77,42597.91,24276.0,3170,0.0
2024-01-31 12:00:00,42598.16,43439.79,42470.49,43330.42,30087.0,3057,0.0
2024-01-31 16:00:00,43327.87,43735.71,43012.75,43310.03,32162.0,2868,0.0
2024-01-31 20:00:00,42776.81,42868.74,42260.73,42560.23,22805.0,2883,0.0
2024-02-01 00:00:00,42552.06,42655.57,41853.0,41984.79,28663.0,3142,0.0
2024-02-01 04:00:00,41981.32,42299.46,41830.32,42172.49,21541.0,3609,0.0
2024-02-01 08:00:00,42171.06,42334.64,41981.84,42056.99,21422.0,3422,0.0
2024-02-01 12:00:00,42058.83,42966.13,41903.24,42520.57,28470.0,3091,0.0
2024-02-01 16:00:00,42519.89,43283.97,42367.56,43218.23,27798.0,3078,0.0
2024-02-01 20:00:00,43213.6,43262.52,42885.79,43091.6,23220.0,2986,0.0
2024-02-02 00:00:00,43095.35,43410.52,43009.36,43044.15,19565.0,3003,0.0
2024-02-02 04:00:00,43043.07,43251.09,42931.5,43088.82,17666.0,3033,0.0
2024-02-02 08:00:00,43087.18,43189.0,42928.41,43137.73,17838.0,3032,0.0
2024-02-02 12:00:00,43138.02,43242.43,42537.25,43199.5,28349.0,3044,0.0
2024-02-02 16:00:00,43198.46,43438.4,42735.03,43026.74,25882.0,3044,0.0
2024-02-02 20:00:00,43027.05,43200.0,42862.32,43168.51,17848.0,3013,0.0
2024-02-03 00:00:00,43170.39,43330.33,43106.6,43127.63,16855.0,2852,0.0
2024-02-03 04:00:00,43128.11,43197.07,42992.71,43021.88,14720.0,2845,0.0
2024-02-03 08:00:00,43021.87,43095.36,42925.51,42965.71,15507.0,2984,0.0
2024-02-03 12:00:00,42964.26,43165.2,42834.27,43082.53,16522.0,2979,0.0
2024-02-03 16:00:00,43085.53,43238.69,42974.78,43012.18,17429.0,2842,0.0
2024-02-03 20:00:00,43015.86,43068.92,42923.04,42977.34,15479.0,3183,0.0
2024-02-04 00:00:00,42976.47,43036.61,42854.98,42994.52,15380.0,3517,0.0
2024-02-04 04:00:00,42994.71,43004.41,42701.07,42811.44,15817.0,3531,0.0
2024-02-04 08:00:00,42808.98,43082.73,42712.41,43023.95,16495.0,3037,0.0
2024-02-04 12:00:00,43020.34,43089.09,42821.57,42909.76,16639.0,2798,0.0
2024-02-04 16:00:00,42909.22,42934.61,42551.38,42619.01,18275.0,3371,0.0
2024-02-04 20:00:00,42618.62,42959.31,42245.67,42595.5,20369.0,3419,0.0
2024-02-05 00:00:00,42557.17,42684.8,42212.73,42670.03,21023.0,3491,0.0
2024-02-05 04:00:00,42670.17,43134.67,42593.24,43026.12,19537.0,2929,0.0
2024-02-05 08:00:00,43026.61,43222.88,42893.19,43154.48,20575.0,2757,0.0
2024-02-05 12:00:00,43157.33,43529.26,42544.78,42604.31,27116.0,2710,0.0
2024-02-05 16:00:00,42606.49,42830.18,42417.95,42724.24,24272.0,3022,0.0
2024-02-05 20:00:00,42720.5,42763.25,42279.44,42678.9,21974.0,3085,0.0
2024-02-06 00:00:00,42668.84,42921.04,42522.72,42806.51,18356.0,3106,0.0
2024-02-06 04:00:00,42803.57,42883.73,42590.77,42834.56,17435.0,3077,0.0
2024-02-06 08:00:00,42836.53,43074.89,42612.82,42781.59,22098.0,2938,0.0
2024-02-06 12:00:00,42780.25,43225.77,42595.41,43177.4,25115.0,2810,0.0
2024-02-06 16:00:00,43180.12,43355.42,42957.15,43239.65,22494.0,2741,0.0
2024-02-06 20:00:00,43239.51,43294.83,42997.21,43058.32,18268.0,2801,0.0
2024-02-07 00:00:00,43068.62,43176.52,42717.11,42768.9,17881.0,2811,0.0
2024-02-07 04:00:00,42769.19,43014.23,42758.35,42879.97,16581.0,2886,0.0
2024-02-07 08:00:00,42879.02,43161.26,42791.93,42887.12,18359.0,2866,0.0
2024-02-07 12:00:00,42887.39,43290.75,42814.3,43033.37,22464.0,2809,0.0
2024-02-07 16:00:00,43036.13,43677.31,42953.07,43577.52,25881.0,2610,0.0
2024-02-07 20:00:00,43578.61,44374.38,43577.74,44297.09,24792.0,2602,0.0
2024-02-08 00:00:00,44317.23,44751.16,44301.93,44510.81,24015.0,2601,0.0
2024-02-08 04:00:00,44508.99,44621.03,44388.39,44479.82,17702.0,2720,0.0
2024-02-08 08:00:00,44479.28,44871.98,44476.82,44675.63,20511.0,2683,0.0
2024-02-08 12:00:00,44676.63,45469.33,44573.01,45425.56,27663.0,2601,0.0
2024-02-08 16:00:00,45429.72,45493.64,44856.2,45258.47,26138.0,2626,0.0
2024-02-08 20:00:00,45259.03,45595.45,45203.99,45278.89,24734.0,2706,0.0
2024-02-09 00:00:00,45272.51,46336.48,45207.65,46012.03,25201.0,2619,0.0
2024-02-09 04:00:00,46013.4,46408.8,45812.73,46168.3,22170.0,2619,0.0
2024-02-09 08:00:00,46164.32,47258.12,46156.7,47151.38,26213.0,2801,0.0
2024-02-09 12:00:00,47153.29,47683.8,46649.31,47129.54,38522.0,2600,0.0
2024-02-09 16:00:00,47127.66,48206.76,47100.69,47489.84,34639.0,2600,0.0
2024-02-09 20:00:00,47493.29,47722.23,47023.33,47094.26,23477.0,2704,0.0
2024-02-10 00:00:00,47101.84,47484.83,47013.65,47366.94,19389.0,2721,0.0
2024-02-10 04:00:00,47369.51,47437.21,47131.73,47145.1,16087.0,2642,0.0
2024-02-10 08:00:00,47142.39,47274.3,46830.62,47184.59,19045.0,2755,0.0
2024-02-10 12:00:00,47182.81,47383.71,47082.4,47321.42,18178.0,2604,0.0
2024-02-10 16:00:00,47320.67,47643.27,47129.23,47521.23,18554.0,2806,0.0
2024-02-10 20:00:00,47522.53,48160.42,47440.19,47733.57,25357.0,2627,0.0
2024-02-11 00:00:00,47725.34,48527.11,47524.22,48481.93,22381.0,2822,0.0
2024-02-11 04:00:00,48482.19,48561.32,48035.29,48167.12,22441.0,2635,0.0
2024-02-11 08:00:00,48168.83,48446.46,47905.84,48401.32,19795.0,2648,0.0
2024-02-11 12:00:00,48401.17,48460.4,47900.41,48130.66,20899.0,2600,0.0
2024-02-11 16:00:00,48131.39,48389.38,47921.04,48282.91,21294.0,2601,0.0
2024-02-11 20:00:00,48280.48,48370.59,47950.9,48278.46,20500.0,2600,0.0
2024-02-12 00:00:00,48298.64,48781.24,47994.72,48149.39,24738.0,2601,0.0
2024-02-12 04:00:00,48148.96,48381.89,47703.55,48198.3,20021.0,2600,0.0
2024-02-12 08:00:00,48196.24,48324.12,47646.54,47881.47,24127.0,2602,0.0
2024-02-12 12:00:00,47881.51,49939.83,47788.77,49906.27,33012.0,2603,0.0
2024-02-12 16:00:00,49905.52,50255.96,49416.45,49491.27,38939.0,2929,0.0
2024-02-12 20:00:00,49495.17,50253.32,49492.01,49901.26,23878.0,3072,0.0
2024-02-13 00:00:00,49888.68,50316.93,49680.19,49747.48,22939.0,2994,0.0
2024-02-13 04:00:00,49751.6,50091.09,49737.56,49968.28,18574.0,2952,0.0
2024-02-13 08:00:00,49971.72,50224.12,49600.72,49965.72,24095.0,2622,0.0
2024-02-13 12:00:00,49963.13,49990.38,48376.01,48707.22,40583.0,2603,0.0
2024-02-13 16:00:00,48709.22,49273.84,48268.87,49039.97,31676.0,2683,0.0
2024-02-13 20:00:00,49043.69,49776.14,49008.25,49726.26,25408.0,2683,0.0
2024-02-14 00:00:00,49704.87,49733.65,49304.5,49501.32,20937.0,2905,0.0
2024-02-14 04:00:00,49502.8,49886.77,49232.78,49838.03,20355.0,2739,0.0
2024-02-14 08:00:00,49835.01,51683.19,49730.14,51503.45,34535.0,2669,0.0
2024-02-14 12:00:00,51499.4,52010.24,51269.69,51564.88,39013.0,2603,0.0
2024-02-14 16:00:00,51566.67,51731.98,51153.93,51652.39,33060.0,2749,0.0
2024-02-14 20:00:00,51649.9,51859.89,51410.62,51733.7,24212.0,2733,0.0
2024-02-15 00:00:00,51760.38,52452.96,51654.85,52298.37,25908.0,2704,0.0
2024-02-15 04:00:00,52299.11,52353.52,51579.87,51749.36,23564.0,2641,0.0
2024-02-15 08:00:00,51747.68,52450.95,51597.02,52290.04,25689.0,2648,0.0
2024-02-15 12:00:00,52287.3,52771.77,51654.9,51897.95,34829.0,2645,0.0
2024-02-15 16:00:00,51898.62,52354.98,51674.45,51965.49,33859.0,3101,0.0
2024-02-15 20:00:00,51962.34,51994.16,51245.27,51902.2,28398.0,3078,0.0
2024-02-16 00:00:00,51879.21,52323.39,51762.56,52243.1,24303.0,2974,0.0
2024-02-16 04:00:00,52239.07,52351.08,51657.46,51700.1,22710.0,2894,0.0
2024-02-16 08:00:00,51700.51,52403.85,51537.03,52199.32,25926.0,2804,0.0
2024-02-16 12:00:00,52195.52,52551.85,51563.64,51823.46,33818.0,2637,0.0
2024-02-16 16:00:00,51825.07,52205.15,51592.42,51694.35,26305.0,3087,0.0
2024-02-16 20:00:00,51697.05,52216.78,51614.68,52112.97,21504.0,3014,0.0
2024-02-17 00:00:00,52105.78,52170.19,51816.59,51915.6,18364.0,2874,0.0
2024-02-17 04:00:00,51920.0,52035.33,51743.83,51865.6,17228.0,3050,0.0
2024-02-17 08:00:00,51870.74,51874.06,51424.75,51634.99,21779.0,3116,0.0
2024-02-17 12:00:00,51636.95,51683.77,50570.03,50937.82,30091.0,4195,0.0
2024-02-17 16:00:00,50934.17,51410.36,50671.78,51354.49,23173.0,4247,0.0
2024-02-17 20:00:00,51358.72,51962.69,51258.02,51613.87,23136.0,3609,0.0
2024-02-18 00:00:00,51571.32,51753.28,51105.88,51442.34,22204.0,3353,0.0
2024-02-18 04:00:00,51436.44,51701.05,51358.66,51626.3,19417.0,2819,0.0
2024-02-18 08:00:00,51621.64,52041.67,51569.03,51781.04,20063.0,2604,0.0
2024-02-18 12:00:00,51783.17,51900.86,51472.81,51737.0,20625.0,2748,0.0
2024-02-18 16:00:00,51739.13,51926.75,51596.7,51737.63,20852.0,2683,0.0
2024-02-18 20:00:00,51738.44,52353.36,51550.12,52041.66,23420.0,2709,0.0
2024-02-19 00:00:00,52063.68,52381.58,51841.11,52004.03,23622.0,2782,0.0
2024-02-19 04:00:00,52002.18,52474.46,51909.01,52374.74,22921.0,2603,0.0
2024-02-19 08:00:00,52379.66,52443.97,52002.6,52308.0,24727.0,2603,0.0
2024-02-19 12:00:00,52304.46,52440.27,51950.98,52077.24,25749.0,2602,0.0
2024-02-19 16:00:00,52077.1,52173.78,51603.76,51745.07,25963.0,2901,0.0
2024-02-19 20:00:00,51743.84,52045.56,51614.22,51704.75,21349.0,3266,0.0
2024-02-20 00:00:00,51708.52,51763.28,51223.38,51537.02,24013.0,3285,0.0
2024-02-20 04:00:00,51536.08,51984.68,51459.19,51784.14,22082.0,2944,0.0
2024-02-20 08:00:00,51778.35,52356.04,51476.73,52244.7,26827.0,2633,0.0
2024-02-20 12:00:00,52246.61,52925.83,51295.43,51626.74,37821.0,2604,0.0
2024-02-20 16:00:00,51622.67,52051.91,50675.25,52016.35,30739.0,3567,0.0
2024-02-20 20:00:00,52019.38,52496.64,51806.86,52190.49,25015.0,3217,0.0
2024-02-21 00:00:00,52194.48,52321.5,51901.88,51933.87,19635.0,3150,0.0
2024-02-21 04:00:00,51934.47,52066.58,51423.47,51516.24,21496.0,3266,0.0
2024-02-21 08:00:00,51519.89,51741.44,50728.06,50907.77,29063.0,3667,0.0
2024-02-21 12:00:00,50914.23,51409.19,50494.96,51103.74,36528.0,3575,0.0
2024-02-21 16:00:00,51100.67,51400.34,50537.99,51006.58,30964.0,3464,0.0
2024-02-21 20:00:00,51009.84,51913.73,50801.56,51777.37,24201.0,3183,0.0
2024-02-22 00:00:00,51821.75,51842.35,51103.06,51539.74,22570.0,3124,0.0
2024-02-22 04:00:00,51535.64,51859.92,51253.8,51751.18,21734.0,3090,0.0
2024-02-22 08:00:00,51756.78,51980.71,51460.88,51581.27,23676.0,3240,0.0
2024-02-22 12:00:00,51580.97,51695.11,50865.26,51536.99,29151.0,3417,0.0
2024-02-22 16:00:00,51536.57,51695.55,51340.72,51465.2,23579.0,3571,0.0
2024-02-22 20:00:00,51466.02,52022.5,51145.28,51277.17,25442.0,3390,0.0
2024-02-23 00:00:00,51207.08,51508.89,50875.81,51049.77,23110.0,3851,0.0
2024-02-23 04:00:00,51045.97,51259.86,50815.34,50865.25,21293.0,4259,0.0
2024-02-23 08:00:00,50865.34,51224.8,50759.11,51174.47,22919.0,4245,0.0
2024-02-23 12:00:00,51170.04,51258.67,50721.3,50872.57,27939.0,4169,0.0
2024-02-23 16:00:00,50874.77,51164.64,50564.64,51079.86,24747.0,4372,0.0
2024-02-23 20:00:00,51073.96,51128.3,50446.2,50690.89,20052.0,4338,0.0
2024-02-24 00:00:00,50702.09,50875.75,50502.44,50804.26,19568.0,4609,0.0
2024-02-24 04:00:00,50805.29,51051.66,50766.87,51034.67,16066.0,4305,0.0
2024-02-24 08:00:00,51027.94,51113.94,50894.85,51055.9,16118.0,4218,0.0
2024-02-24 12:00:00,51055.79,51110.14,50969.07,51042.76,16020.0,3786,0.0
2024-02-24 16:00:00,51043.43,51654.64,51029.43,51535.18,19464.0,3428,0.0
2024-02-24 20:00:00,51537.64,51648.4,51383.27,51542.29,16954.0,3267,0.0
2024-02-25 00:00:00,51529.22,51859.25,51389.61,51603.97,18392.0,3132,0.0
2024-02-25 04:00:00,51603.74,51779.77,51475.94,51678.27,16432.0,3266,0.0
2024-02-25 08:00:00,51674.06,51731.03,51476.96,51605.46,15956.0,3234,0.0
2024-02-25 12:00:00,51605.68,51729.32,51376.44,51461.38,16961.0,3226,0.0
2024-02-25 16:00:00,51463.5,51697.73,51187.07,51617.99,18679.0,3788,0.0
2024-02-25 20:00:00,51616.1,51927.6,51572.42,51670.05,18596.0,3652,0.0
2024-02-26 00:00:00,51664.27,51739.39,51338.93,51496.71,18309.0,3887,0.0
2024-02-26 04:00:00,51500.2,51567.32,51217.25,51244.87,16674.0,4298,0.0
2024-02-26 08:00:00,51243.98,51344.37,50848.85,51023.43,21592.0,4485,0.0
2024-02-26 12:00:00,51027.79,52873.96,50865.17,52862.1,25614.0,2680,0.0
2024-02-26 16:00:00,52854.35,54469.67,52743.16,54442.55,28785.0,2605,0.0
2024-02-26 20:00:00,54435.8,54851.06,54231.26,54467.25,26290.0,2602,0.0
2024-02-27 00:00:00,54448.23,56967.55,54404.79,55632.67,31064.0,2613,0.0
2024-02-27 04:00:00,55634.77,56438.89,55496.72,56052.89,24892.0,3172,0.0
2024-02-27 08:00:00,56057.29,56812.54,56003.74,56510.84,26747.0,3100,0.0
2024-02-27 12:00:00,56512.72,57377.07,56444.82,56739.49,40954.0,3102,0.0
2024-02-27 16:00:00,56741.2,57617.27,56206.92,57341.16,35541.0,3043,0.0
2024-02-27 20:00:00,57337.02,57376.41,56558.47,57053.72,28431.0,3691,0.0
2024-02-28 00:00:00,57055.67,57128.52,56658.1,56901.89,23547.0,3617,0.0
2024-02-28 04:00:00,56909.24,58336.44,56853.21,58217.44,25544.0,3160,0.0
2024-02-28 08:00:00,58222.66,59468.18,58140.75,58929.93,41147.0,2966,0.0
2024-02-28 12:00:00,58934.42,61301.88,58874.44,60898.97,43351.0,2859,0.0
2024-02-28 16:00:00,60900.65,63943.85,58679.33,60865.64,60437.0,3446,0.0
2024-02-28 20:00:00,60870.95,62692.38,59721.52,62462.43,36796.0,3529,0.0
2024-02-29 00:00:00,62446.66,62453.63,60938.36,61547.06,37557.0,4246,0.0
2024-02-29 04:00:00,61537.32,63646.15,61243.48,62702.03,43053.0,3415,0.0
2024-02-29 08:00:00,62698.91,63303.43,62061.47,62871.86,38742.0,3441,0.0
2024-02-29 12:00:00,62878.69,63573.62,61993.94,62750.1,40501.0,3151,0.0
2024-02-29 16:00:00,62752.22,62885.07,60290.2,61586.0,55651.0,3435,0.0
2024-02-29 20:00:00,61592.35,62309.48,60596.74,61153.39,41374.0,3320,0.0
2024-03-01 00:00:00,61147.19,61754.55,60690.87,61021.7,33289.0,3999,0.0
2024-03-01 04:00:00,61025.59,61789.29,60976.68,61401.48,28276.0,3907,0.0
2024-03-01 08:00:00,61396.5,62267.28,61298.49,61846.09,31607.0,3574,0.0
2024-03-01 12:00:00,61844.22,62695.93,61010.22,61218.56,40495.0,3711,0.0
2024-03-01 16:00:00,61215.81,62467.78,61161.43,62186.04,33487.0,3726,0.0
2024-03-01 20:00:00,62190.89,63175.38,62190.89,62355.61,27265.0,3276,0.0
2024-03-02 00:00:00,62372.59,62437.59,61913.55,62278.49,26664.0,3362,0.0
2024-03-02 04:00:00,62278.87,62294.85,61739.97,62013.26,25316.0,2847,0.0
2024-03-02 08:00:00,62019.97,62145.41,61642.92,61835.84,24066.0,4457,0.0
2024-03-02 12:00:00,61836.21,62179.62,61550.34,61759.51,23127.0,4626,0.0
2024-03-02 16:00:00,61763.02,62138.06,61632.8,62133.87,19312.0,4407,0.0
2024-03-02 20:00:00,62133.7,62222.01,61675.97,61984.41,20000.0,4461,0.0
2024-03-03 00:00:00,61975.98,61994.38,61596.37,61901.4,18906.0,4517,0.0
2024-03-03 04:00:00,61900.48,62086.3,61296.11,61577.67,20726.0,3958,0.0
2024-03-03 08:00:00,61574.09,61889.63,61367.57,61812.83,22447.0,4577,0.0
2024-03-03 12:00:00,61811.62,62636.22,61770.25,62155.9,30161.0,3365,0.0
2024-03-03 16:00:00,62156.19,63032.27,62064.52,62755.4,27806.0,2926,0.0
2024-03-03 20:00:00,62755.04,63258.19,62587.24,63157.06,24676.0,2935,0.0
2024-03-04 00:00:00,63136.54,64283.3,62331.47,63483.4,44415.0,2830,0.0
2024-03-04 04:00:00,63486.15,64310.03,63212.12,64069.98,28378.0,2928,0.0
2024-03-04 08:00:00,64065.25,65549.3,64001.38,65229.47,45512.0,2793,0.0
2024-03-04 12:00:00,65233.71,66622.47,64614.25,66447.24,45634.0,2688,0.0
2024-03-04 16:00:00,66446.13,67507.8,66031.84,67421.42,49891.0,2805,0.0
2024-03-04 20:00:00,67417.14,68482.17,66756.15,68270.82,39425.0,2743,0.0
2024-03-05 00:00:00,68250.79,68691.94,67536.75,68157.88,33277.0,2706,0.0
2024-03-05 04:00:00,68156.63,68359.96,65024.1,66149.99,42211.0,2645,0.0
2024-03-05 08:00:00,66134.66,67140.19,65486.68,66616.24,38454.0,2937,0.0
2024-03-05 12:00:00,66617.95,69156.59,66322.94,66688.32,49491.0,2600,0.0
2024-03-05 16:00:00,66694.93,66917.31,59187.03,61375.32,79200.0,2794,0.0
2024-03-05 20:00:00,61381.92,64420.55,61237.95,63731.53,62342.0,3959,0.0
2024-03-06 00:00:00,63738.64,64201.25,62741.94,63240.48,40885.0,4738,0.0
2024-03-06 04:00:00,63240.51,66748.5,63231.55,66620.52,46639.0,4599,0.0
2024-03-06 08:00:00,66624.88,67651.82,65982.61,67333.95,54033.0,4290,0.0
2024-03-06 12:00:00,67325.79,67605.47,64607.57,66458.66,68727.0,3939,0.0
2024-03-06 16:00:00,66464.97,67570.43,66232.22,66786.96,52774.0,4120,0.0
2024-03-06 20:00:00,66792.83,67483.87,65649.08,66032.92,36996.0,4089,0.0
2024-03-07 00:00:00,66056.28,66476.83,65542.9,65819.53,37689.0,4776,0.0
2024-03-07 04:00:00,65823.58,66451.7,65607.22,66364.53,37235.0,5126,0.0
2024-03-07 08:00:00,66371.03,67279.38,66304.1,66893.57,37583.0,5135,0.0
2024-03-07 12:00:00,66896.51,67976.97,66528.0,67279.2,40263.0,4815,0.0
2024-03-07 16:00:00,67274.89,68066.72,67033.62,67536.86,37462.0,4666,0.0
2024-03-07 20:00:00,67527.86,68013.85,66815.76,66862.06,30152.0,4447,0.0
2024-03-08 00:00:00,66851.84,67307.84,66763.47,67166.87,25214.0,5175,0.0
2024-03-08 04:00:00,67161.44,67695.22,66760.09,67291.29,24062.0,5171,0.0
2024-03-08 08:00:00,67292.97,67781.31,67073.48,67740.47,24367.0,5242,0.0
2024-03-08 12:00:00,67741.12,69991.55,67247.41,67626.83,37230.0,4221,0.0
2024-03-08 16:00:00,67635.96,68955.55,66135.02,68941.09,48069.0,4709,0.0
2024-03-08 20:00:00,68936.54,69428.03,67904.06,68211.4,31382.0,4385,0.0
2024-03-09 00:00:00,68189.64,68380.97,67927.18,68312.28,19913.0,4661,0.0
2024-03-09 04:00:00,68317.65,68630.05,68138.9,68347.51,18072.0,5164,0.0
2024-03-09 08:00:00,68342.8,68544.73,67994.4,68386.07,19853.0,5242,0.0
2024-03-09 12:00:00,68390.92,68632.27,68143.7,68367.68,19384.0,5226,0.0
2024-03-09 16:00:00,68368.88,68447.57,68039.19,68275.58,19508.0,5309,0.0
2024-03-09 20:00:00,68267.52,68520.6,68251.97,68400.0,16722.0,5279,0.0
2024-03-10 00:00:00,68390.03,69297.41,68259.0,69131.39,24790.0,4883,0.0
2024-03-10 04:00:00,69130.69,69664.79,69005.49,69399.17,21585.0,4082,0.0
2024-03-10 08:00:00,69397.32,69952.4,69175.15,69592.2,27502.0,3963,0.0
2024-03-10 12:00:00,69594.81,69896.55,68721.56,69248.79,30032.0,3911,0.0
2024-03-10 16:00:00,69248.44,69803.8,69161.94,69414.31,22814.0,5037,0.0
2024-03-10 20:00:00,69415.88,69492.88,68109.12,68938.72,29288.0,5254,0.0
2024-03-11 00:00:00,68965.01,68985.77,67033.38,68556.61,38835.0,5063,0.0
2024-03-11 04:00:00,68565.49,71234.38,68390.39,70992.45,34532.0,4517,0.0
2024-03-11 08:00:00,70999.77,72228.83,70974.86,71445.74,36904.0,3900,0.0
2024-03-11 12:00:00,71454.7,72590.8,71248.0,71981.89,46026.0,4056,0.0
2024-03-11 16:00:00,71976.85,72750.75,71709.24,71983.14,34978.0,3416,0.0
2024-03-11 20:00:00,71976.84,72665.03,71794.88,72062.28,25359.0,4042,0.0
2024-03-12 00:00:00,72046.88,72452.89,71256.59,71563.39,29185.0,4743,0.0
2024-03-12 04:00:00,71572.42,72309.15,71202.32,72087.11,32829.0,5326,0.0
2024-03-12 08:00:00,72076.42,72276.92,71346.36,71947.55,29404.0,5396,0.0
2024-03-12 12:00:00,71952.42,72873.86,70769.65,71571.35,40807.0,4864,0.0
2024-03-12 16:00:00,71577.07,71728.37,68434.43,71285.82,54550.0,5335,0.0
2024-03-12 20:00:00,71289.02,71463.18,70510.28,71378.57,23914.0,5385,0.0
2024-03-13 00:00:00,71357.03,72197.4,71162.07,71993.61,25987.0,5396,0.0
2024-03-13 04:00:00,72003.01,73123.74,71855.61,72861.05,26469.0,4521,0.0
2024-03-13 08:00:00,72872.27,73657.74,72853.43,73035.92,28277.0,5104,0.0
2024-03-13 12:00:00,73036.5,73167.9,71333.63,72597.93,41608.0,5424,0.0
2024-03-13 16:00:00,72593.32,73392.11,72301.67,73355.93,31661.0,5469,0.0
2024-03-13 20:00:00,73359.58,73437.01,72761.48,73004.54,23618.0,5471,0.0
2024-03-14 00:00:00,73030.99,73272.0,72439.63,73186.92,24199.0,5838,0.0
2024-03-14 04:00:00,73178.33,73706.92,72606.93,73172.76,28639.0,4894,0.0
2024-03-14 08:00:00,73175.21,73503.34,72540.9,72820.83,25997.0,5293,0.0
2024-03-14 12:00:00,72820.72,73001.32,70408.13,70762.23,44698.0,5435,0.0
2024-03-14 16:00:00,70753.13,71364.73,68436.14,69257.26,57563.0,5337,0.0
2024-03-14 20:00:00,69252.39,71657.5,69146.22,71333.53,37653.0,5367,0.0
2024-03-15 00:00:00,71310.12,72395.27,66559.12,68192.05,56111.0,5263,0.0
2024-03-15 04:00:00,68198.83,68806.37,66867.59,68339.05,59324.0,5299,0.0
2024-03-15 08:00:00,68350.14,68546.16,65465.36,67714.82,70125.0,5221,0.0
2024-03-15 12:00:00,67718.99,68713.09,67363.17,68155.91,56150.0,5259,0.0
2024-03-15 16:00:00,68152.04,70596.71,67391.66,68969.55,58736.0,5195,0.0
2024-03-15 20:00:00,68969.73,69786.85,67390.92,69384.39,44332.0,5194,0.0
2024-03-16 00:00:00,69490.33,70102.88,68901.7,69196.48,34502.0,4635,0.0
2024-03-16 04:00:00,69194.73,69460.17,68548.49,69416.18,27331.0,5038,0.0
2024-03-16 08:00:00,69419.31,69427.56,67646.78,68250.3,31414.0,5010,0.0
2024-03-16 12:00:00,68241.64,68452.15,67421.26,68337.62,33082.0,5309,0.0
2024-03-16 16:00:00,68339.04,68386.81,66564.53,66812.69,42544.0,5267,0.0
2024-03-16 20:00:00,66811.77,67483.55,64721.77,65251.93,53241.0,5196,0.0
2024-03-17 00:00:00,65193.9,66556.17,65044.3,66495.23,44736.0,5200,0.0
2024-03-17 04:00:00,66489.25,66526.87,64464.39,65549.08,41213.0,5168,0.0
2024-03-17 08:00:00,65538.81,67449.15,65168.51,66895.83,44232.0,5002,0.0
2024-03-17 12:00:00,66889.86,68086.51,66322.76,67922.44,40120.0,5180,0.0
2024-03-17 16:00:00,67918.67,68642.21,67718.62,68493.66,33053.0,4267,0.0
2024-03-17 20:00:00,68500.9,68884.25,67909.83,68362.74,34813.0,4199,0.0
2024-03-18 00:00:00,68361.54,68408.05,66727.43,67932.57,45554.0,4616,0.0
2024-03-18 04:00:00,67934.88,68904.26,67614.77,68125.15,38475.0,4566,0.0
2024-03-18 08:00:00,68132.87,68431.06,67237.88,68197.61,42382.0,5009,0.0
2024-03-18 12:00:00,68193.66,68559.49,66515.62,67433.46,53149.0,4738,0.0
2024-03-18 16:00:00,67443.15,68081.25,66532.78,66883.76,48801.0,5188,0.0
2024-03-18 20:00:00,66882.02,67992.94,66882.02,67552.59,32947.0,5057,0.0
2024-03-19 00:00:00,67576.46,68118.46,64792.21,65835.66,58249.0,5134,0.0
2024-03-19 04:00:00,65828.42,65944.3,63523.13,64599.36,55359.0,5158,0.0
2024-03-19 08:00:00,64604.93,64617.4,62407.11,63018.47,60963.0,5099,0.0
2024-03-19 12:00:00,63021.36,64052.72,62328.24,63934.75,54499.0,5107,0.0
2024-03-19 16:00:00,63928.97,65746.49,63825.12,64352.84,49076.0,4867,0.0
2024-03-19 20:00:00,64357.03,64492.45,61477.86,61930.35,47594.0,4924,0.0
2024-03-20 00:00:00,61908.96,63437.29,61558.03,61835.2,55418.0,4958,0.0
2024-03-20 04:00:00,61832.85,63197.22,60724.29,62974.85,53215.0,4539,0.0
2024-03-20 08:00:00,62970.6,63910.14,62602.59,63367.67,38726.0,4081,0.0
2024-03-20 12:00:00,63372.05,64382.45,63028.71,63593.02,47314.0,4139,0.0
2024-03-20 16:00:00,63593.84,65970.36,62016.04,65751.09,65340.0,4105,0.0
2024-03-20 20:00:00,65746.84,68156.83,65623.59,67926.03,56090.0,4218,0.0
2024-03-21 00:00:00,67838.42,68230.93,66345.9,66647.32,43669.0,4240,0.0
2024-03-21 04:00:00,66645.44,67364.06,66057.1,66988.66,42320.0,4478,0.0
2024-03-21 08:00:00,66995.1,67689.84,66631.86,67016.67,39083.0,4218,0.0
2024-03-21 12:00:00,67012.43,67702.81,66021.71,66560.33,49298.0,4203,0.0
2024-03-21 16:00:00,66565.41,66979.22,64818.18,65207.68,48819.0,3215,0.0
2024-03-21 20:00:00,65199.35,65895.17,64526.86,65458.98,40023.0,4437,0.0
2024-03-22 00:00:00,65476.34,66154.13,65070.85,65961.88,37136.0,4437,0.0
2024-03-22 04:00:00,65967.05,66664.7,65714.22,66184.19,29315.0,4037,0.0
2024-03-22 08:00:00,66183.85,66379.76,64025.89,64241.73,36415.0,4379,0.0
2024-03-22 12:00:00,64232.97,64624.05,62509.81,63834.61,56277.0,3675,0.0
2024-03-22 16:00:00,63837.14,64158.93,62683.74,63840.51,42670.0,5007,0.0
2024-03-22 20:00:00,63846.86,63988.94,62223.46,63773.02,37624.0,4897,0.0
2024-03-23 00:00:00,63790.2,64344.14,62968.86,63536.6,28282.0,4391,0.0
2024-03-23 04:00:00,63532.88,64857.4,63480.41,64586.58,27219.0,3393,0.0
2024-03-23 08:00:00,64586.67,64882.74,64175.14,64653.95,27691.0,2627,0.0
2024-03-23 12:00:00,64653.75,65431.24,64273.7,65108.59,31334.0,2639,0.0
2024-03-23 16:00:00,65113.74,66032.34,64766.22,64850.37,29166.0,2616,0.0
2024-03-23 20:00:00,64850.56,65208.79,63893.55,64097.51,25010.0,2632,0.0
2024-03-24 00:00:00,64007.16,64720.16,63933.29,64000.41,26579.0,2635,0.0
2024-03-24 04:00:00,64003.06,64572.43,63771.82,64552.61,23773.0,3397,0.0
2024-03-24 08:00:00,64557.12,65381.41,64465.97,65358.4,27629.0,3026,0.0
2024-03-24 12:00:00,65362.14,65957.81,65211.07,65681.38,29165.0,2616,0.0
2024-03-24 16:00:00,65685.37,66061.56,64581.71,65843.26,32912.0,2600,0.0
2024-03-24 20:00:00,65849.74,67617.85,65719.78,67201.41,35991.0,2673,0.0
2024-03-25 00:00:00,67224.22,67339.85,66368.85,67326.74,33450.0,2930,0.0
2024-03-25 04:00:00,67319.73,67740.81,66745.08,66873.93,28642.0,3168,0.0
2024-03-25 08:00:00,66873.6,67401.59,66760.32,66842.89,27832.0,3031,0.0
2024-03-25 12:00:00,66843.07,70035.01,66799.01,69797.24,45293.0,3040,0.0
2024-03-25 16:00:00,69806.97,71032.19,69433.89,70979.76,36700.0,3020,0.0
2024-03-25 20:00:00,70972.85,71133.81,69546.8,69945.23,32515.0,3111,0.0
2024-03-26 00:00:00,69881.0,70600.64,69671.61,70425.22,28219.0,3577,0.0
2024-03-26 04:00:00,70425.78,71488.21,70234.16,70502.41,25060.0,4173,0.0
2024-03-26 08:00:00,70504.95,71262.09,70268.56,70670.45,28034.0,5003,0.0
2024-03-26 12:00:00,70677.77,71112.71,69277.86,70237.87,41107.0,4523,0.0
2024-03-26 16:00:00,70240.83,70499.62,69402.56,69473.38,36610.0,4467,0.0
2024-03-26 20:00:00,69468.18,70290.22,69351.72,69978.77,30114.0,4502,0.0
2024-03-27 00:00:00,69970.66,70725.18,69792.11,70326.7,27720.0,4437,0.0
2024-03-27 04:00:00,70321.83,70544.34,69614.35,69722.51,25496.0,4470,0.0
2024-03-27 08:00:00,69718.74,70321.84,69415.36,70203.55,27375.0,5330,0.0
2024-03-27 12:00:00,70204.59,71656.94,68441.5,68800.57,49576.0,5235,0.0
2024-03-27 16:00:00,68798.87,69426.96,68299.03,68575.49,42898.0,5291,0.0
2024-03-27 20:00:00,68581.72,69599.93,68541.15,69422.83,31124.0,5342,0.0
2024-03-28 00:00:00,69404.3,69943.72,68836.41,69262.07,33620.0,5353,0.0
2024-03-28 04:00:00,69259.21,70398.65,69202.58,70321.54,28843.0,5345,0.0
2024-03-28 08:00:00,70326.3,70898.55,70226.5,70568.33,30288.0,4932,0.0
2024-03-28 12:00:00,70571.47,71541.01,70279.33,71266.63,39398.0,4719,0.0
2024-03-28 16:00:00,71269.89,71283.98,70317.89,70772.86,31081.0,5240,0.0
2024-03-28 20:00:00,70767.24,71075.26,70538.08,70697.09,25099.0,5239,0.0
2024-03-29 00:00:00,70752.58,70916.31,70281.91,70440.68,24380.0,5464,0.0
2024-03-29 04:00:00,70441.67,70517.3,69752.39,69768.2,25178.0,5405,0.0
2024-03-29 08:00:00,69761.97,70355.46,69561.29,70179.91,26738.0,5412,0.0
2024-03-29 12:00:00,70179.59,70624.78,68993.14,69160.76,28085.0,5362,0.0
2024-03-29 16:00:00,69159.65,69688.91,69067.21,69677.34,23034.0,5356,0.0
2024-03-29 20:00:00,69680.89,69970.1,69296.8,69870.16,20519.0,5369,0.0
2024-03-30 00:00:00,69860.12,70175.74,69745.77,69816.44,14662.0,5382,0.0
2024-03-30 04:00:00,69816.0,70341.25,69775.23,69866.47,19181.0,5381,0.0
2024-03-30 08:00:00,69861.61,70206.53,69812.61,70190.76,18021.0,5387,0.0
2024-03-30 12:00:00,70189.12,70281.1,69925.43,70022.2,17461.0,5365,0.0
2024-03-30 16:00:00,70022.86,70298.96,69701.37,69906.38,19570.0,5377,0.0
2024-03-30 20:00:00,69904.14,69943.34,69530.41,69639.56,18719.0,5378,0.0
2024-03-31 00:00:00,69595.55,70158.34,69573.55,69920.48,18242.0,5389,0.0
2024-03-31 04:00:00,69924.52,70421.52,69876.42,70281.41,17943.0,5360,0.0
2024-03-31 08:00:00,70275.61,70434.04,70146.86,70355.06,16917.0,5350,0.0
2024-03-31 12:00:00,70355.75,70737.57,70264.23,70371.29,18946.0,5292,0.0
2024-03-31 16:00:00,70373.89,71191.45,70303.03,70979.59,21844.0,5333,0.0
2024-03-31 20:00:00,70972.11,71356.0,70592.68,71288.82,20885.0,5425,0.0
2024-04-01 00:00:00,71243.47,71259.93,70457.18,70552.48,22106.0,5419,0.0
2024-04-01 04:00:00,70557.55,70636.64,68904.65,69622.24,29649.0,5416,0.0
2024-04-01 08:00:00,69629.48,69802.58,69113.04,69477.66,25978.0,5368,0.0
2024-04-01 12:00:00,69474.03,70086.42,68106.32,68196.59,36298.0,5450,0.0
2024-04-01 16:00:00,68188.23,69855.89,67983.42,69686.47,35567.0,5326,0.0
2024-04-01 20:00:00,69682.64,69903.03,69320.92,69683.7,22826.0,5389,0.0
2024-04-02 00:00:00,69654.27,69698.62,65945.23,66706.62,40318.0,5046,0.0
2024-04-02 04:00:00,66703.0,67152.1,66095.44,66449.56,28511.0,5251,0.0
2024-04-02 08:00:00,66459.13,66702.24,64880.08,65530.95,40524.0,5196,0.0
2024-04-02 12:00:00,65537.43,66262.39,64551.27,64890.73,45499.0,5182,0.0
2024-04-02 16:00:00,64895.36,66218.82,64569.08,65922.86,41062.0,5171,0.0
2024-04-02 20:00:00,65916.18,66114.37,65185.92,65368.58,31633.0,5213,0.0
2024-04-03 00:00:00,65406.5,66282.61,64519.21,66208.44,35655.0,5148,0.0
2024-04-03 04:00:00,66208.42,66504.83,65906.02,66108.82,26040.0,5221,0.0
2024-04-03 08:00:00,66110.21,66657.14,65503.2,66079.61,29895.0,5193,0.0
2024-04-03 12:00:00,66082.83,66888.69,65574.38,65809.13,38632.0,5146,0.0
2024-04-03 16:00:00,65815.84,66568.49,65428.74,65757.15,32759.0,5167,0.0
2024-04-03 20:00:00,65764.21,66305.16,65427.77,65935.11,24937.0,5110,0.0
2024-04-04 00:00:00,65947.75,66363.51,65469.44,65587.01,26477.0,5300,0.0
2024-04-04 04:00:00,65581.94,66253.61,65041.33,66037.35,24981.0,5200,0.0
2024-04-04 08:00:00,66041.97,66454.24,65929.65,66275.35,20911.0,5390,0.0
2024-04-04 12:00:00,66273.58,67966.04,66266.47,67619.81,32062.0,5377,0.0
2024-04-04 16:00:00,67624.47,69350.38,67506.92,68455.45,37900.0,5330,0.0
2024-04-04 20:00:00,68463.71,68567.1,67290.96,68485.13,32735.0,5224,0.0
2024-04-05 00:00:00,68501.25,68750.73,67414.74,67846.97,31768.0,6806,0.0
2024-04-05 04:00:00,67850.47,68026.61,66375.13,66903.47,32040.0,5160,0.0
2024-04-05 08:00:00,66904.37,67653.68,66317.4,66488.47,38398.0,5240,0.0
2024-04-05 12:00:00,66481.55,68593.77,65888.29,68205.36,46509.0,5226,0.0
2024-04-05 16:00:00,68208.21,68402.59,67267.13,67339.34,33282.0,5287,0.0
2024-04-05 20:00:00,67347.51,67973.26,67270.51,67796.3,23155.0,5289,0.0
2024-04-06 00:00:00,67822.0,68068.67,67431.49,67794.6,21497.0,5826,0.0
2024-04-06 04:00:00,67796.05,68240.42,67603.59,67975.88,19989.0,5295,0.0
2024-04-06 08:00:00,67975.5,68120.6,67599.26,67667.95,18437.0,5295,0.0
2024-04-06 12:00:00,67661.54,68294.05,67534.62,68090.12,22815.0,5316,0.0
2024-04-06 16:00:00,68089.97,68474.98,67907.78,68242.28,20564.0,5607,0.0
2024-04-06 20:00:00,68234.02,69656.53,68101.55,68887.81,22245.0,5964,0.0
2024-04-07 00:00:00,68875.92,69771.69,68793.08,69408.75,24029.0,5698,0.0
2024-04-07 04:00:00,69411.15,69490.23,69061.09,69357.68,19311.0,6454,0.0
2024-04-07 08:00:00,69361.82,69531.92,69163.42,69356.32,18074.0,6220,0.0
2024-04-07 12:00:00,69358.94,69849.22,69196.14,69540.54,21253.0,6237,0.0
2024-04-07 16:00:00,69544.17,70244.75,68813.61,69046.37,25051.0,5362,0.0
2024-04-07 20:00:00,69048.87,69455.99,68851.03,69319.6,21583.0,6829,0.0
2024-04-08 00:00:00,69323.16,69774.45,69002.47,69443.55,21805.0,6421,0.0
2024-04-08 04:00:00,69439.07,70817.31,69218.3,70617.39,21734.0,5387,0.0
2024-04-08 08:00:00,70609.12,72564.35,70574.04,72298.79,33930.0,5340,0.0
2024-04-08 12:00:00,72307.19,72688.68,71183.52,71725.45,31618.0,5288,0.0
2024-04-08 16:00:00,71719.58,72108.71,71256.7,71671.08,27728.0,5730,0.0
2024-04-08 20:00:00,71674.66,71960.41,71399.65,71567.18,18739.0,5421,0.0
2024-04-09 00:00:00,71573.84,71722.54,70796.54,71244.39,25576.0,5431,0.0
2024-04-09 04:00:00,71245.41,71316.98,70147.71,70357.42,28733.0,5406,0.0
2024-04-09 08:00:00,70360.06,70880.88,69563.46,70750.61,27259.0,5376,0.0
2024-04-09 12:00:00,70748.0,70940.53,68450.15,69148.65,35613.0,5344,0.0
2024-04-09 16:00:00,69144.3,69275.7,68117.61,68949.57,33389.0,5348,0.0
2024-04-09 20:00:00,68943.81,69415.14,68781.44,69071.4,21764.0,6672,0.0
2024-04-10 00:00:00,69062.97,69564.85,68414.08,69106.26,31440.0,6924,0.0
2024-04-10 04:00:00,69116.35,69510.82,68904.24,69307.96,22621.0,6152,0.0
2024-04-10 08:00:00,69307.78,69321.22,68559.4,68985.36,29765.0,5367,0.0
2024-04-10 12:00:00,68992.7,69193.18,67403.75,68627.56,38476.0,5298,0.0
2024-04-10 16:00:00,68632.12,70072.06,68501.27,70072.06,34790.0,5363,0.0
2024-04-10 20:00:00,70090.54,71154.58,69541.81,70535.87,27023.0,5381,0.0
2024-04-11 00:00:00,70596.82,71040.54,70244.07,70800.77,26057.0,6842,0.0
2024-04-11 04:00:00,70799.31,71275.73,70342.75,70699.62,24434.0,6359,0.0
2024-04-11 08:00:00,70705.55,71232.9,69842.67,69977.79,29247.0,7148,0.0
2024-04-11 12:00:00,69985.95,71074.09,69502.47,70006.07,37142.0,5358,0.0
2024-04-11 16:00:00,70005.28,70557.28,69548.07,70471.37,28124.0,5369,0.0
2024-04-11 20:00:00,70460.88,70759.03,69777.59,69996.24,23273.0,6520,0.0
2024-04-12 00:00:00,69993.4,70992.2,69993.4,70929.45,25761.0,5417,0.0
2024-04-12 04:00:00,70939.07,71202.41,70521.94,70753.26,22632.0,6345,0.0
2024-04-12 08:00:00,70752.95,70947.16,70459.5,70872.36,20936.0,6730,0.0
2024-04-12 12:00:00,70873.21,70947.43,69167.29,69274.68,28330.0,5328,0.0
2024-04-12 16:00:00,69277.22,69556.33,65090.19,66801.91,49102.0,5130,0.0
2024-04-12 20:00:00,66809.63,67456.92,66617.28,67088.85,25762.0,6734,0.0
2024-04-13 00:00:00,67044.66,67135.68,65672.15,67116.77,31067.0,5225,0.0
2024-04-13 04:00:00,67112.88,67931.28,66941.96,67416.54,26190.0,5282,0.0
2024-04-13 08:00:00,67404.71,67826.73,67027.5,67345.54,23352.0,6735,0.0
2024-04-13 12:00:00,67336.43,67935.58,67106.57,67665.39,25904.0,5285,0.0
2024-04-13 16:00:00,67670.5,67773.77,63964.78,64771.2,37457.0,5061,0.0
2024-04-13 20:00:00,64764.64,65627.44,61450.2,63860.61,52837.0,4288,0.0
2024-04-14 00:00:00,64020.53,64383.36,62099.44,63339.0,36359.0,4400,0.0
2024-04-14 04:00:00,63340.48,64928.8,63282.49,64505.43,22370.0,4219,0.0
2024-04-14 08:00:00,64502.1,64917.03,63903.21,64231.33,23708.0,3799,0.0
2024-04-14 12:00:00,64234.62,64893.66,63442.12,64205.48,33849.0,3743,0.0
2024-04-14 16:00:00,64211.36,64780.47,62597.47,64212.24,40632.0,3704,0.0
2024-04-14 20:00:00,64209.44,65874.72,63351.86,65745.66,38020.0,3922,0.0
2024-04-15 00:00:00,65742.42,65979.76,64949.3,65194.07,35254.0,4435,0.0
2024-04-15 04:00:00,65194.26,66653.01,64715.0,66310.39,30843.0,4531,0.0
2024-04-15 08:00:00,66305.2,66864.4,65835.23,65930.47,27853.0,4599,0.0
2024-04-15 12:00:00,65922.48,66473.26,63828.31,64628.67,39119.0,4024,0.0
2024-04-15 16:00:00,64628.53,64917.79,62254.18,63310.09,46325.0,4078,0.0
2024-04-15 20:00:00,63301.3,63665.21,62627.57,63438.52,31378.0,4310,0.0
2024-04-16 00:00:00,63474.99,63935.06,62731.31,62965.0,34088.0,4561,0.0
2024-04-16 04:00:00,62971.2,63866.67,61529.21,63551.45,33295.0,4666,0.0
2024-04-16 08:00:00,63552.89,63735.44,61579.97,63120.92,34343.0,4312,0.0
2024-04-16 12:00:00,63125.71,63486.7,61706.08,61756.61,48139.0,4319,0.0
2024-04-16 16:00:00,61749.59,63298.68,61648.11,62666.27,41870.0,4852,0.0
2024-04-16 20:00:00,62672.49,64390.87,62537.29,63846.43,26520.0,4930,0.0
2024-04-17 00:00:00,63800.43,64314.66,63577.15,63846.18,29593.0,5215,0.0
2024-04-17 04:00:00,63842.59,64516.91,63251.64,63255.14,26880.0,4459,0.0
2024-04-17 08:00:00,63251.76,63615.6,62514.7,62610.97,28104.0,4677,0.0
2024-04-17 12:00:00,62604.88,62984.71,59794.92,60255.68,47124.0,4524,0.0
2024-04-17 16:00:00,60248.87,61979.56,59619.97,60955.6,49591.0,4902,0.0
2024-04-17 20:00:00,60963.32,61761.94,60728.15,61256.42,31274.0,4777,0.0
2024-04-18 00:00:00,61244.14,62258.11,60875.56,62010.66,29278.0,4852,0.0
2024-04-18 04:00:00,62003.25,62105.0,60725.45,61134.8,28583.0,4674,0.0
2024-04-18 08:00:00,61140.18,63133.81,60771.91,62615.84,27465.0,4299,0.0
2024-04-18 12:00:00,62617.16,64168.81,61553.97,63537.23,34604.0,4189,0.0
2024-04-18 16:00:00,63525.54,63911.49,62317.5,63515.88,29560.0,3934,0.0
2024-04-18 20:00:00,63518.39,63851.5,63126.74,63515.28,21069.0,4022,0.0
2024-04-19 00:00:00,63489.45,63514.67,59537.38,61743.58,41453.0,4040,0.0
2024-04-19 04:00:00,61752.19,65188.8,61693.37,64629.45,35614.0,3865,0.0
2024-04-19 08:00:00,64621.95,65427.49,64183.05,64929.36,27553.0,3739,0.0
2024-04-19 12:00:00,64922.43,65499.93,63873.58,64459.57,30004.0,3513,0.0
2024-04-19 16:00:00,64457.6,64823.56,63512.59,64350.86,27416.0,3481,0.0
2024-04-19 20:00:00,64354.6,64532.69,62961.7,63828.51,21613.0,3517,0.0
2024-04-20 00:00:00,63866.15,64245.7,63081.98,64001.33,24557.0,3558,0.0
2024-04-20 04:00:00,64008.78,64304.59,63841.27,63990.27,17540.0,4958,0.0
2024-04-20 08:00:00,63997.84,64042.18,63283.6,63761.4,19433.0,4264,0.0
2024-04-20 12:00:00,63768.32,64988.11,63578.64,64830.57,19952.0,5874,0.0
2024-04-20 16:00:00,64834.72,65438.54,64470.36,64855.38,22626.0,3953,0.0
2024-04-20 20:00:00,64858.26,65033.39,64525.8,64954.61,17750.0,4300,0.0
2024-04-21 00:00:00,64961.77,65696.48,64561.53,65181.12,17465.0,3906,0.0
2024-04-21 04:00:00,65185.43,65272.54,64850.04,65155.07,17047.0,6094,0.0
2024-04-21 08:00:00,65154.9,65433.69,64752.86,65224.18,17460.0,5778,0.0
2024-04-21 12:00:00,65219.85,65373.84,64746.7,65034.29,18774.0,4741,0.0
2024-04-21 16:00:00,65035.48,65083.83,64199.66,64535.58,20220.0,4733,0.0
2024-04-21 20:00:00,64542.72,65140.52,64290.87,64916.3,18952.0,4644,0.0
2024-04-22 00:00:00,64922.35,66071.93,64489.05,65700.44,22631.0,4378,0.0
2024-04-22 04:00:00,65704.87,66542.39,65473.0,65956.24,22400.0,4645,0.0
2024-04-22 08:00:00,65962.16,66244.94,65709.53,65895.03,19400.0,4389,0.0
2024-04-22 12:00:00,65903.76,66515.41,65634.63,66002.07,23463.0,3892,0.0
2024-04-22 16:00:00,66011.97,66874.37,65908.94,66548.16,20943.0,3657,0.0
2024-04-22 20:00:00,66540.7,67252.41,66308.27,66827.93,20147.0,3427,0.0
2024-04-23 00:00:00,66825.46,67189.92,66447.49,66464.19,18058.0,3296,0.0
2024-04-23 04:00:00,66457.07,66679.12,66046.08,66127.72,17889.0,3969,0.0
2024-04-23 08:00:00,66131.16,66332.02,65815.67,66067.69,17453.0,4205,0.0
2024-04-23 12:00:00,66076.93,67157.54,65777.95,66424.04,25074.0,4316,0.0
2024-04-23 16:00:00,66428.68,66919.18,66308.94,66461.01,20055.0,4200,0.0
2024-04-23 20:00:00,66464.38,66488.21,65963.1,66389.33,18874.0,5906,0.0
2024-04-24 00:00:00,66391.03,66881.56,66356.85,66606.51,19844.0,4391,0.0
2024-04-24 04:00:00,66610.47,67065.78,66514.93,66598.08,19129.0,6977,0.0
2024-04-24 08:00:00,66608.05,66742.16,66159.08,66594.6,18487.0,4088,0.0
2024-04-24 12:00:00,66592.16,66724.15,64472.86,64594.93,25773.0,3711,0.0
2024-04-24 16:00:00,64584.66,65095.73,63696.95,63907.47,24214.0,4084,0.0
2024-04-24 20:00:00,63912.1,64405.91,63524.68,64237.79,22559.0,3778,0.0
2024-04-25 00:00:00,64247.95,64710.41,63812.4,64250.38,22193.0,4044,0.0
2024-04-25 04:00:00,64245.51,64385.03,63734.34,63976.87,19561.0,4053,0.0
2024-04-25 08:00:00,63979.2,64180.06,63278.9,63835.81,22308.0,3850,0.0
2024-04-25 12:00:00,63835.19,64250.95,62726.45,64117.54,31470.0,3866,0.0
2024-04-25 16:00:00,64125.72,64928.93,63922.48,64719.98,23058.0,3804,0.0
2024-04-25 20:00:00,64718.73,65283.9,64391.17,64480.33,17428.0,3822,0.0
2024-04-26 00:00:00,64478.86,64677.71,63883.83,64380.36,17747.0,3710,0.0
2024-04-26 04:00:00,64382.29,64633.46,63916.29,64274.97,17617.0,3676,0.0
2024-04-26 08:00:00,64277.46,64579.52,64028.75,64230.77,17048.0,5487,0.0
2024-04-26 12:00:00,64228.84,64801.66,63301.23,63471.61,25979.0,3719,0.0
2024-04-26 16:00:00,63471.2,64171.67,63252.21,63659.79,20123.0,4112,0.0
2024-04-26 20:00:00,63670.7,64113.53,63645.74,63730.84,16658.0,4100,0.0
2024-04-27 00:00:00,63735.5,63917.39,62338.59,63053.36,21462.0,4136,0.0
2024-04-27 04:00:00,63052.8,63166.88,62743.66,62935.1,16886.0,4445,0.0
2024-04-27 08:00:00,62936.44,63020.98,62625.4,62820.18,15707.0,4911,0.0
2024-04-27 12:00:00,62816.33,63388.4,62745.31,62928.52,17092.0,4997,0.0
2024-04-27 16:00:00,62930.91,63600.23,62711.89,63309.44,19536.0,4500,0.0
2024-04-27 20:00:00,63313.15,63552.1,63097.2,63433.17,15965.0,4502,0.0
2024-04-28 00:00:00,63424.65,64359.16,63409.01,64015.09,17002.0,3508,0.0
2024-04-28 04:00:00,64014.81,64062.86,63743.32,63880.48,16224.0,3720,0.0
2024-04-28 08:00:00,63880.5,63976.36,63334.55,63467.51,15937.0,4472,0.0
2024-04-28 12:00:00,63463.29,63836.65,63385.18,63543.01,16053.0,4761,0.0
2024-04-28 16:00:00,63542.98,63986.1,63444.82,63721.91,16178.0,4543,0.0
2024-04-28 20:00:00,63719.54,63763.39,62737.18,63103.67,18709.0,4447,0.0
2024-04-29 00:00:00,63109.02,63350.27,62129.43,62297.3,19915.0,4482,0.0
2024-04-29 04:00:00,62293.07,62658.77,61896.61,62399.56,21393.0,4470,0.0
2024-04-29 08:00:00,62392.21,62693.15,62142.16,62251.03,18736.0,4792,0.0
2024-04-29 12:00:00,62253.51,63102.38,61766.12,63044.68,26014.0,4466,0.0
2024-04-29 16:00:00,63050.31,63227.53,62501.2,62940.9,20713.0,4489,0.0
2024-04-29 20:00:00,62936.35,64246.19,62804.72,63860.67,18841.0,4103,0.0
2024-04-30 00:00:00,63852.46,64715.81,63099.79,63648.42,20725.0,3661,0.0
2024-04-30 04:00:00,63648.04,63712.98,63038.81,63123.19,17716.0,4293,0.0
2024-04-30 08:00:00,63128.63,63234.02,60898.36,61177.68,28294.0,4219,0.0
2024-04-30 12:00:00,61175.23,61496.05,60481.23,60699.53,38081.0,4413,0.0
2024-04-30 16:00:00,60704.34,60821.78,59066.44,59159.49,37388.0,4381,0.0
2024-04-30 20:00:00,59164.93,60995.95,59137.36,60604.29,27021.0,4386,0.0
2024-05-01 00:00:00,60611.58,60802.63,59526.83,60151.27,25512.0,4370,0.0
2024-05-01 04:00:00,60158.66,60287.46,57128.85,57485.19,30349.0,4146,0.0
2024-05-01 08:00:00,57492.19,57862.03,56551.68,57829.02,32519.0,4193,0.0
2024-05-01 12:00:00,57826.41,58240.92,56618.03,56867.05,33431.0,3993,0.0
2024-05-01 16:00:00,56858.64,59392.02,56574.01,56925.09,33333.0,3713,0.0
2024-05-01 20:00:00,56926.89,58489.1,56694.88,58297.11,23136.0,4032,0.0
2024-05-02 00:00:00,58300.85,58518.12,56908.86,57407.46,21956.0,4058,0.0
2024-05-02 04:00:00,57403.07,57933.03,57195.61,57652.44,19180.0,4252,0.0
2024-05-02 08:00:00,57652.98,58669.65,57537.84,58573.33,22882.0,4217,0.0
2024-05-02 12:00:00,58572.59,59495.53,58241.98,59280.62,31121.0,3986,0.0
2024-05-02 16:00:00,59283.54,59600.22,58945.6,59373.27,24909.0,3894,0.0
2024-05-02 20:00:00,59366.38,59617.79,58649.73,59054.9,20926.0,3885,0.0
2024-05-03 00:00:00,59062.82,60025.44,58808.13,59743.45,23677.0,3888,0.0
2024-05-03 04:00:00,59738.99,59864.39,59056.59,59178.48,19615.0,3961,0.0
2024-05-03 08:00:00,59182.04,59578.29,58838.5,59288.35,22101.0,3994,0.0
2024-05-03 12:00:00,59290.23,62148.99,58974.16,61711.28,33995.0,2835,0.0
2024-05-03 16:00:00,61712.9,62208.6,61556.02,62073.64,26865.0,2799,0.0
2024-05-03 20:00:00,62075.71,63365.34,61965.03,62896.29,27472.0,2866,0.0
2024-05-04 00:00:00,62898.14,63594.68,62548.12,62729.17,22934.0,2653,0.0
2024-05-04 04:00:00,62729.91,63480.0,62662.56,62989.51,22150.0,2370,0.0
2024-05-04 08:00:00,62989.57,64515.53,62946.71,63888.12,24116.0,2061,0.0
2024-05-04 12:00:00,63887.56,64164.61,63415.51,63599.31,23580.0,2272,0.0
2024-05-04 16:00:00,63603.2,64000.5,63313.16,63919.24,19394.0,2677,0.0
2024-05-04 20:00:00,63916.85,64191.53,63533.18,63905.08,17231.0,2394,0.0
2024-05-05 00:00:00,63893.52,64181.66,62915.65,63262.27,24943.0,2271,0.0
2024-05-05 04:00:00,63268.2,63974.24,63146.73,63743.09,19316.0,2254,0.0
2024-05-05 08:00:00,63740.94,63951.08,63557.63,63843.72,16524.0,2131,0.0
2024-05-05 12:00:00,63842.67,64607.73,63648.99,64429.89,20958.0,2035,0.0
2024-05-05 16:00:00,64427.38,64518.86,63833.7,63892.3,19014.0,2157,0.0
2024-05-05 20:00:00,63896.09,64228.47,63564.92,64024.5,19849.0,2651,0.0
2024-05-06 00:00:00,64021.1,64475.7,63718.97,63881.47,19982.0,2698,0.0
2024-05-06 04:00:00,63888.01,64567.69,63773.51,64514.37,21173.0,2607,0.0
2024-05-06 08:00:00,64519.72,65496.77,63825.26,64230.41,28908.0,2234,0.0
2024-05-06 12:00:00,64224.33,64329.69,62884.96,63616.0,32507.0,2501,0.0
2024-05-06 16:00:00,63622.54,63767.21,62695.56,63188.71,26393.0,3203,0.0
2024-05-06 20:00:00,63183.61,63622.69,63021.68,63160.65,21149.0,3109,0.0
2024-05-07 00:00:00,63160.1,63977.14,62849.3,63240.87,24767.0,2882,0.0
2024-05-07 04:00:00,63240.94,63873.43,63071.84,63671.52,24703.0,2928,0.0
2024-05-07 08:00:00,63666.05,64404.71,63341.89,63511.78,25288.0,2657,0.0
2024-05-07 12:00:00,63506.18,64303.89,63077.63,63731.83,26043.0,2591,0.0
2024-05-07 16:00:00,63732.21,63891.83,62783.93,63067.8,23385.0,3095,0.0
2024-05-07 20:00:00,63059.18,63225.0,62246.1,62335.88,23677.0,3246,0.0
2024-05-08 00:00:00,62339.0,62971.49,62121.74,62886.9,23952.0,3499,0.0
2024-05-08 04:00:00,62885.68,63028.82,62055.5,62217.56,23557.0,3022,0.0
2024-05-08 08:00:00,62209.81,62543.4,62064.34,62258.7,23696.0,3307,0.0
2024-05-08 12:00:00,62249.87,62807.22,61721.41,62247.45,27277.0,3505,0.0
2024-05-08 16:00:00,62247.28,62782.05,61926.66,62169.9,23839.0,3237,0.0
2024-05-08 20:00:00,62171.37,62250.21,60867.26,61173.81,27371.0,3330,0.0
2024-05-09 00:00:00,61178.77,61792.0,61090.53,61670.57,20423.0,3607,0.0
2024-05-09 04:00:00,61677.49,61795.88,61105.9,61248.81,21213.0,3440,0.0
2024-05-09 08:00:00,61248.86,61461.25,60607.51,61050.82,24137.0,3525,0.0
2024-05-09 12:00:00,61047.9,62287.79,60853.52,62157.4,26187.0,2934,0.0
2024-05-09 16:00:00,62160.92,62676.07,61755.43,62465.88,22951.0,3149,0.0
2024-05-09 20:00:00,62467.72,63442.0,62358.58,63089.41,24167.0,3148,0.0
2024-05-10 00:00:00,63090.53,63116.73,62647.33,62928.52,20933.0,3172,0.0
2024-05-10 04:00:00,62929.05,63404.09,62642.86,63094.93,20193.0,3320,0.0
2024-05-10 08:00:00,63092.68,63364.99,62792.24,63314.22,18107.0,3722,0.0
2024-05-10 12:00:00,63310.93,63489.67,60649.27,60944.63,30130.0,3051,0.0
2024-05-10 16:00:00,60940.95,61305.57,60160.32,60673.27,29931.0,3731,0.0
2024-05-10 20:00:00,60674.53,60992.95,60413.78,60771.96,18883.0,3943,0.0
2024-05-11 00:00:00,60768.83,61076.13,60601.41,60704.02,17431.0,4182,0.0
2024-05-11 04:00:00,60705.1,61085.47,60665.61,61013.03,16801.0,3015,0.0
2024-05-11 08:00:00,61015.32,61062.21,60447.25,60697.08,18182.0,2965,0.0
2024-05-11 12:00:00,60696.55,61486.47,60609.88,61151.04,19581.0,2958,0.0
2024-05-11 16:00:00,61155.66,61404.69,60996.69,61133.67,18093.0,3204,0.0
2024-05-11 20:00:00,61132.84,61169.69,60725.2,60821.49,16166.0,3072,0.0
2024-05-12 00:00:00,60824.03,61102.81,60781.44,60924.0,16221.0,3203,0.0
2024-05-12 04:00:00,60927.53,61115.22,60571.23,60826.79,16090.0,3203,0.0
2024-05-12 08:00:00,60829.5,61348.71,60772.15,61127.66,18140.0,3149,0.0
2024-05-12 12:00:00,61129.47,61548.69,61062.03,61411.56,17718.0,3004,0.0
2024-05-12 16:00:00,61408.0,61875.6,61153.51,61400.27,20030.0,2645,0.0
2024-05-12 20:00:00,61402.96,61531.63,60843.09,61463.38,18542.0,2950,0.0
2024-05-13 00:00:00,61465.16,61795.76,60750.24,61157.12,24123.0,2878,0.0
2024-05-13 04:00:00,61156.9,62465.93,60770.38,62335.07,22396.0,2604,0.0
2024-05-13 08:00:00,62340.13,63292.41,62322.73,62741.39,26707.0,2265,0.0
2024-05-13 12:00:00,62744.87,63224.27,62379.9,63009.18,25765.0,2304,0.0
2024-05-13 16:00:00,63006.76,63477.51,62527.72,63197.22,26300.0,2198,0.0
2024-05-13 20:00:00,63196.37,63212.9,62690.54,62913.63,18065.0,2170,0.0
2024-05-14 00:00:00,62908.95,63100.09,62173.01,62433.6,20150.0,2210,0.0
2024-05-14 04:00:00,62430.46,62716.23,61401.64,62002.91,23922.0,2265,0.0
2024-05-14 08:00:00,61997.68,62012.06,61482.07,61768.49,23191.0,2279,0.0
2024-05-14 12:00:00,61767.72,62298.58,61080.51,61755.76,39311.0,2348,0.0
2024-05-14 16:00:00,61757.21,61798.01,61054.53,61560.53,26308.0,2359,0.0
2024-05-14 20:00:00,61557.54,61762.41,61411.76,61534.57,20547.0,2573,0.0
2024-05-15 00:00:00,61529.62,62027.46,61288.18,61938.62,22737.0,2451,0.0
2024-05-15 04:00:00,61943.01,62249.88,61782.37,62172.42,20007.0,2321,0.0
2024-05-15 08:00:00,62176.57,63001.74,61885.95,62448.73,29432.0,2372,0.0
2024-05-15 12:00:00,62450.6,65109.96,62394.3,64732.62,38569.0,2085,0.0
2024-05-15 16:00:00,64728.32,66447.84,64712.73,66023.54,31256.0,2254,0.0
2024-05-15 20:00:00,66021.62,66430.33,65738.16,66201.93,22900.0,2344,0.0
2024-05-16 00:00:00,66209.54,66674.5,65700.1,65982.34,22724.0,2421,0.0
2024-05-16 04:00:00,65974.48,66257.83,65620.25,66128.84,18570.0,2403,0.0
2024-05-16 08:00:00,66123.5,66559.45,65994.41,66500.5,19364.0,2182,0.0
2024-05-16 12:00:00,66506.6,66712.88,65355.48,65806.91,26594.0,2169,0.0
2024-05-16 16:00:00,65807.36,65833.78,64590.85,65171.03,25045.0,2062,0.0
2024-05-16 20:00:00,65174.21,65496.38,64987.7,65231.58,18176.0,2390,0.0
2024-05-17 00:00:00,65232.79,65881.67,65085.4,65558.99,19643.0,2369,0.0
2024-05-17 04:00:00,65554.16,66483.22,65344.44,66363.47,21021.0,2459,0.0
2024-05-17 08:00:00,66372.16,66559.41,66028.97,66207.4,22273.0,2577,0.0
2024-05-17 12:00:00,66199.42,67494.23,65795.32,67234.19,27374.0,2405,0.0
2024-05-17 16:00:00,67237.66,67352.79,66204.68,67075.47,23000.0,2467,0.0
2024-05-17 20:00:00,67079.78,67085.81,66670.77,67032.58,16618.0,2636,0.0
2024-05-18 00:00:00,67029.44,67100.8,66725.54,66960.7,17844.0,2639,0.0
2024-05-18 04:00:00,66960.16,67266.63,66712.42,66893.22,17064.0,2570,0.0
2024-05-18 08:00:00,66900.09,67425.75,66838.02,67235.28,17352.0,2272,0.0
2024-05-18 12:00:00,67233.57,67272.16,66532.55,66815.15,20873.0,2490,0.0
2024-05-18 16:00:00,66816.47,66994.38,66680.05,66888.76,16372.0,2878,0.0
2024-05-18 20:00:00,66891.6,67044.03,66791.85,66895.69,17037.0,2782,0.0
2024-05-19 00:00:00,66885.17,67287.44,66811.17,67163.97,16273.0,2337,0.0
2024-05-19 04:00:00,67164.16,67341.69,66888.55,67310.13,15722.0,2528,0.0
2024-05-19 08:00:00,67312.43,67671.51,66943.51,67311.73,21804.0,2309,0.0
2024-05-19 12:00:00,67311.91,67320.06,66654.08,66869.36,20825.0,2736,0.0
2024-05-19 16:00:00,66870.95,66993.14,65809.0,65989.85,20304.0,2679,0.0
2024-05-19 20:00:00,65989.71,66424.96,65920.7,66227.31,17723.0,2800,0.0
2024-05-20 00:00:00,66231.8,66731.01,66007.15,66633.45,21805.0,2933,0.0
2024-05-20 04:00:00,66633.73,67272.81,66243.63,66797.13,24044.0,2582,0.0
2024-05-20 08:00:00,66801.45,67341.12,66691.42,66960.84,20353.0,2564,0.0
2024-05-20 12:00:00,66959.49,67485.9,66703.81,67412.7,23064.0,2450,0.0
2024-05-20 16:00:00,67413.86,70075.34,67366.61,70043.53,33497.0,2529,0.0
2024-05-20 20:00:00,70042.49,71474.06,68880.06,71434.82,32970.0,2520,0.0
2024-05-21 00:00:00,71438.86,71900.36,70665.91,71214.82,23264.0,2405,0.0
2024-05-21 04:00:00,71223.5,71356.49,70749.1,70879.55,19323.0,3186,0.0
2024-05-21 08:00:00,70880.55,71415.26,70776.74,71071.65,21466.0,3589,0.0
2024-05-21 12:00:00,71076.0,71408.47,69604.8,69774.51,27894.0,2685,0.0
2024-05-21 16:00:00,69770.39,70239.83,69097.12,69256.39,24082.0,2683,0.0
2024-05-21 20:00:00,69254.64,70389.34,69206.17,70129.83,20809.0,2963,0.0
2024-05-22 00:00:00,70133.95,70358.59,69788.15,69948.45,18610.0,3734,0.0
2024-05-22 04:00:00,69949.62,70047.57,69168.3,69702.21,18933.0,3038,0.0
2024-05-22 08:00:00,69707.86,70248.97,69613.99,69713.72,18510.0,3490,0.0
2024-05-22 12:00:00,69705.48,70567.1,69366.87,70404.41,24078.0,2835,0.0
2024-05-22 16:00:00,70404.74,70637.14,69192.17,69597.06,28876.0,2802,0.0
2024-05-22 20:00:00,69600.38,69946.81,68770.03,69120.41,28757.0,2897,0.0
2024-05-23 00:00:00,69125.67,69612.01,69125.64,69407.2,26114.0,3022,0.0
2024-05-23 04:00:00,69406.69,69837.02,69292.21,69719.92,22755.0,3057,0.0
2024-05-23 08:00:00,69721.86,70000.81,69462.7,69937.69,23413.0,3064,0.0
2024-05-23 12:00:00,69930.42,70008.17,67531.44,68031.43,35084.0,2914,0.0
2024-05-23 16:00:00,68028.03,68140.1,66673.38,67110.58,30355.0,2993,0.0
2024-05-23 20:00:00,67111.16,68290.88,66209.74,67954.42,31978.0,2842,0.0
2024-05-24 00:00:00,67959.57,68013.56,67568.98,67850.91,22228.0,3412,0.0
2024-05-24 04:00:00,67853.93,67890.66,66755.92,67104.03,24307.0,3011,0.0
2024-05-24 08:00:00,67104.93,67487.35,66564.97,67275.52,24027.0,3334,0.0
2024-05-24 12:00:00,67277.37,68420.98,66861.23,68244.29,25814.0,2938,0.0
2024-05-24 16:00:00,68246.36,69300.48,67855.46,69153.77,28097.0,2868,0.0
2024-05-24 20:00:00,69145.93,69254.09,68435.05,68508.48,18323.0,3065,0.0
2024-05-25 00:00:00,68511.86,68891.7,68471.67,68717.72,17715.0,2885,0.0
2024-05-25 04:00:00,68713.17,68805.28,68582.77,68723.96,16226.0,3046,0.0
2024-05-25 08:00:00,68724.8,69633.28,68687.25,69099.01,18564.0,2290,0.0
2024-05-25 12:00:00,69099.3,69308.68,68822.79,68951.38,19964.0,3041,0.0
2024-05-25 16:00:00,68950.63,69264.85,68853.06,69164.92,15870.0,3057,0.0
2024-05-25 20:00:00,69163.94,69373.62,69032.62,69311.9,15683.0,3059,0.0
2024-05-26 00:00:00,69311.78,69349.99,68793.87,69068.94,18151.0,3054,0.0
2024-05-26 04:00:00,69071.35,69426.91,68866.74,69334.88,16222.0,3057,0.0
2024-05-26 08:00:00,69336.94,69538.3,68953.28,69130.68,18029.0,2869,0.0
2024-05-26 12:00:00,69127.0,69372.07,68656.13,68857.81,19253.0,3161,0.0
2024-05-26 16:00:00,68860.28,68969.18,68663.74,68846.59,17075.0,3146,0.0
2024-05-26 20:00:00,68846.65,68867.91,67970.64,68445.01,18598.0,2865,0.0
2024-05-27 00:00:00,68444.67,69282.47,68398.49,68855.85,21503.0,2994,0.0
2024-05-27 04:00:00,68852.04,68874.47,68245.73,68591.8,20541.0,3246,0.0
2024-05-27 08:00:00,68590.28,68870.63,68174.47,68362.1,21989.0,3957,0.0
2024-05-27 12:00:00,68365.09,70451.85,68256.7,70279.74,27444.0,3146,0.0
2024-05-27 16:00:00,70281.81,70602.04,68999.62,69188.25,20958.0,2937,0.0
2024-05-27 20:00:00,69193.11,69844.33,69129.1,69379.9,15320.0,4771,0.0
2024-05-28 00:00:00,69379.34,69544.18,67691.08,67998.56,15860.0,3347,0.0
2024-05-28 04:00:00,68001.54,68084.14,67437.11,67631.53,15408.0,4488,0.0
2024-05-28 08:00:00,67623.7,68832.56,67515.3,68325.75,16977.0,3358,0.0
2024-05-28 12:00:00,68325.03,68508.47,67455.22,68274.41,20780.0,3973,0.0
2024-05-28 16:00:00,68275.0,68554.65,67189.73,68346.84,19384.0,3880,0.0
2024-05-28 20:00:00,68347.64,68605.37,68040.52,68294.33,15977.0,3909,0.0
2024-05-29 00:00:00,68300.44,68887.52,68160.19,68752.66,17851.0,3866,0.0
2024-05-29 04:00:00,68754.76,68891.08,67871.15,67885.04,17576.0,4070,0.0
2024-05-29 08:00:00,67887.26,67987.57,67553.71,67694.75,17817.0,3325,0.0
2024-05-29 12:00:00,67687.67,68229.8,67235.06,67327.05,30099.0,3343,0.0
2024-05-29 16:00:00,67333.29,67708.96,67067.3,67214.08,59226.0,3461,0.0
2024-05-29 20:00:00,67216.97,67778.69,67044.46,67566.22,42652.0,3656,0.0
2024-05-30 00:00:00,67573.36,68132.28,67381.07,68053.45,32398.0,3811,0.0
2024-05-30 04:00:00,68044.67,68376.77,67459.21,67547.02,35151.0,3316,0.0
2024-05-30 08:00:00,67548.78,68085.65,67052.83,67755.82,52666.0,3442,0.0
2024-05-30 12:00:00,67761.42,68826.93,67665.89,68481.58,63869.0,3504,0.0
2024-05-30 16:00:00,68483.92,69547.1,68325.77,68647.65,55647.0,3497,0.0
2024-05-30 20:00:00,68651.0,68651.0,67975.14,68291.97,55863.0,3322,0.0
2024-05-31 00:00:00,68298.38,68732.74,68221.79,68512.83,42414.0,3887,0.0
2024-05-31 04:00:00,68515.85,68630.07,68030.11,68124.36,41645.0,3880,0.0
2024-05-31 08:00:00,68132.46,68436.22,67802.75,68294.87,43402.0,3720,0.0
2024-05-31 12:00:00,68288.63,69018.62,67103.89,67139.02,53973.0,3427,0.0
2024-05-31 16:00:00,67145.41,67906.39,66574.58,67552.85,56233.0,3471,0.0
2024-05-31 20:00:00,67556.77,67716.19,67126.83,67480.18,35056.0,3487,0.0
2024-06-01 00:00:00,67473.67,67711.0,67333.38,67650.13,40656.0,3566,0.0
2024-06-01 04:00:00,67657.3,67766.84,67465.97,67564.65,29508.0,3377,0.0
2024-06-01 08:00:00,67570.71,67689.27,67478.92,67595.8,23490.0,3345,0.0
2024-06-01 12:00:00,67589.47,67834.02,67560.87,67611.04,27593.0,3321,0.0
2024-06-01 16:00:00,67611.39,67790.45,67495.04,67687.08,25626.0,3332,0.0
2024-06-01 20:00:00,67678.17,67806.02,67600.8,67693.79,28754.0,3347,0.0
2024-06-02 00:00:00,67701.38,67858.26,67573.1,67712.35,27713.0,3486,0.0
2024-06-02 04:00:00,67713.07,67805.94,67633.07,67653.07,25950.0,3331,0.0
2024-06-02 08:00:00,67654.05,68244.39,67301.55,68198.34,20157.0,3344,0.0
2024-06-02 12:00:00,68200.04,68434.5,67726.07,68082.59,17801.0,3944,0.0
2024-06-02 16:00:00,68084.2,68152.14,67228.19,67697.75,17556.0,3638,0.0
2024-06-02 20:00:00,67697.8,67937.89,67511.37,67729.62,16682.0,3636,0.0
2024-06-03 00:00:00,67733.47,68738.93,67532.92,68335.17,18515.0,3683,0.0
2024-06-03 04:00:00,68340.83,69201.75,68228.52,68872.87,21552.0,3206,0.0
2024-06-03 08:00:00,68877.7,69338.76,68826.44,69074.74,20261.0,2733,0.0
2024-06-03 12:00:00,69069.03,70260.26,68518.25,69570.54,28366.0,2729,0.0
2024-06-03 16:00:00,69575.42,69685.24,68752.93,69173.69,22811.0,3351,0.0
2024-06-03 20:00:00,69179.07,69505.01,68717.64,68789.71,19463.0,3284,0.0
2024-06-04 00:00:00,68783.65,69358.75,68629.87,69153.92,19981.0,3479,0.0
2024-06-04 04:00:00,69150.29,69263.97,68721.37,68985.82,19490.0,3480,0.0
2024-06-04 08:00:00,68988.86,69183.47,68522.39,68935.95,20250.0,3276,0.0
2024-06-04 12:00:00,68934.02,70540.6,68836.99,70439.54,29512.0,3112,0.0
2024-06-04 16:00:00,70442.38,71086.3,70057.32,70433.1,26532.0,2673,0.0
2024-06-04 20:00:00,70435.82,70738.91,70131.78,70524.08,18599.0,2857,0.0
2024-06-05 00:00:00,70520.69,71259.09,70415.74,70919.26,22066.0,2709,0.0
2024-06-05 04:00:00,70918.18,71318.36,70780.28,71146.05,20517.0,2416,0.0
2024-06-05 08:00:00,71145.67,71193.62,70627.57,70902.58,19273.0,2631,0.0
2024-06-05 12:00:00,70901.35,71683.64,70323.91,71541.14,25195.0,2831,0.0
2024-06-05 16:00:00,71540.89,71707.06,70821.89,71250.99,23611.0,2669,0.0
2024-06-05 20:00:00,71253.47,71346.56,70745.69,71073.84,18610.0,2794,0.0
2024-06-06 00:00:00,71080.35,71227.92,70854.99,71051.75,17640.0,2995,0.0
2024-06-06 04:00:00,71051.19,71106.09,70759.18,70983.02,18223.0,3057,0.0
2024-06-06 08:00:00,70984.9,71155.58,70850.87,71127.63,17670.0,3081,0.0
2024-06-06 12:00:00,71131.28,71626.77,70927.71,71255.38,25170.0,3000,0.0
2024-06-06 16:00:00,71254.89,71348.73,70386.34,70434.87,21650.0,3192,0.0
2024-06-06 20:00:00,70434.84,70937.98,70070.76,70757.21,18844.0,2866,0.0
2024-06-07 00:00:00,70750.49,70994.38,70624.4,70969.25,17669.0,3189,0.0
2024-06-07 04:00:00,70967.59,71402.18,70941.49,71018.52,18973.0,2411,0.0
2024-06-07 08:00:00,71020.29,71673.92,70938.76,71673.92,17885.0,2895,0.0
2024-06-07 12:00:00,71677.91,71914.83,70566.05,71051.99,23895.0,2588,0.0
2024-06-07 16:00:00,71053.01,71161.75,68343.41,69206.61,35846.0,3029,0.0
2024-06-07 20:00:00,69204.08,69497.3,68908.08,69308.25,20081.0,3170,0.0
2024-06-08 00:00:00,69303.45,69512.29,69226.61,69380.81,17070.0,3048,0.0
2024-06-08 04:00:00,69386.15,69569.56,69180.38,69569.56,15595.0,3169,0.0
2024-06-08 08:00:00,69572.88,69577.81,69248.03,69335.09,16123.0,3126,0.0
2024-06-08 12:00:00,69336.91,69488.19,69126.74,69408.41,17741.0,3032,0.0
2024-06-08 16:00:00,69404.21,69492.12,69259.18,69481.09,16857.0,2781,0.0
2024-06-08 20:00:00,69474.1,69480.39,69246.15,69309.38,16192.0,2801,0.0
2024-06-09 00:00:00,69311.64,69314.75,69089.06,69214.52,15901.0,3300,0.0
2024-06-09 04:00:00,69215.31,69407.31,69170.41,69257.7,15808.0,2950,0.0
2024-06-09 08:00:00,69258.94,69376.04,69214.26,69339.05,14985.0,3258,0.0
2024-06-09 12:00:00,69341.11,69782.89,69206.04,69508.59,19634.0,3074,0.0
2024-06-09 16:00:00,69507.41,69849.13,69466.29,69698.56,17117.0,2797,0.0
2024-06-09 20:00:00,69701.16,69796.05,69561.39,69597.6,16339.0,2707,0.0
2024-06-10 00:00:00,69604.19,69797.29,69392.94,69615.01,16004.0,3105,0.0
2024-06-10 04:00:00,69618.17,69664.28,69206.17,69266.46,16507.0,3198,0.0
2024-06-10 08:00:00,69260.26,69526.59,69109.22,69437.93,17618.0,3464,0.0
2024-06-10 12:00:00,69441.05,70184.16,69167.18,70028.29,19381.0,3328,0.0
2024-06-10 16:00:00,70030.39,70102.14,69331.02,69430.5,18736.0,2851,0.0
2024-06-10 20:00:00,69434.95,69664.48,69280.13,69489.4,16417.0,3276,0.0
2024-06-11 00:00:00,69489.71,69541.42,67849.04,68405.13,19836.0,3275,0.0
2024-06-11 04:00:00,68399.48,68399.48,67256.71,67473.9,24961.0,3154,0.0
2024-06-11 08:00:00,67479.03,67601.19,66666.72,66807.68,25069.0,3331,0.0
2024-06-11 12:00:00,66806.92,67230.65,66051.91,66181.2,28337.0,3316,0.0
2024-06-11 16:00:00,66182.66,67568.37,66101.21,67357.6,26770.0,3317,0.0
2024-06-11 20:00:00,67356.71,67556.83,67113.64,67251.56,19205.0,3335,0.0
2024-06-12 00:00:00,67260.35,67552.67,66831.17,67375.52,21092.0,3326,0.0
2024-06-12 04:00:00,67373.78,67572.27,67120.16,67406.81,20249.0,3323,0.0
2024-06-12 08:00:00,67400.81,68041.3,67290.99,67734.82,20531.0,3295,0.0
2024-06-12 12:00:00,67739.92,70033.92,67685.85,69757.46,27354.0,2672,0.0
2024-06-12 16:00:00,69760.41,69891.8,67206.71,67503.63,33182.0,2661,0.0
2024-06-12 20:00:00,67501.2,68636.28,67382.62,68244.71,22319.0,3082,0.0
2024-06-13 00:00:00,68247.16,68365.47,66941.71,67417.67,27783.0,3111,0.0
2024-06-13 04:00:00,67423.09,67724.5,67267.16,67707.23,24053.0,3192,0.0
2024-06-13 08:00:00,67705.34,67957.25,67142.52,67696.24,23686.0,3067,0.0
2024-06-13 12:00:00,67694.35,68398.04,66303.88,66396.03,34457.0,3238,0.0
2024-06-13 16:00:00,66399.19,67020.77,66192.77,66519.88,24911.0,3323,0.0
2024-06-13 20:00:00,66523.8,66942.84,66432.54,66741.3,20416.0,3313,0.0
2024-06-14 00:00:00,66739.79,66978.3,66394.59,66684.43,22631.0,3331,0.0
2024-06-14 04:00:00,66685.09,67147.53,66620.98,66838.51,19643.0,3331,0.0
2024-06-14 08:00:00,66835.86,67160.24,66689.17,66966.14,20053.0,3333,0.0
2024-06-14 12:00:00,66966.79,67314.61,66243.04,66328.61,25074.0,3325,0.0
2024-06-14 16:00:00,66328.8,66458.13,65003.16,65451.99,34548.0,3298,0.0
2024-06-14 20:00:00,65457.34,66564.37,65411.12,65963.93,23097.0,3306,0.0
2024-06-15 00:00:00,65960.37,66240.71,65913.54,66200.46,18092.0,3317,0.0
2024-06-15 04:00:00,66205.54,66353.08,65977.78,66005.03,18645.0,3308,0.0
2024-06-15 08:00:00,66009.15,66291.47,65998.94,66230.32,16346.0,3309,0.0
2024-06-15 12:00:00,66227.99,66413.31,66107.99,66262.77,17717.0,3311,0.0
2024-06-15 16:00:00,66264.88,66319.01,66018.87,66116.33,16826.0,3310,0.0
2024-06-15 20:00:00,66108.72,66251.33,65808.68,66175.05,15962.0,3305,0.0
2024-06-16 00:00:00,66167.17,66224.11,66002.28,66093.21,15329.0,3308,0.0
2024-06-16 04:00:00,66093.01,66307.14,65989.08,66197.98,14993.0,3308,0.0
2024-06-16 08:00:00,66199.64,66727.12,66116.14,66437.03,16073.0,3253,0.0
2024-06-16 12:00:00,66433.99,66739.07,66393.89,66650.46,16469.0,3114,0.0
2024-06-16 16:00:00,66651.88,66701.44,66429.65,66487.46,16220.0,3000,0.0
2024-06-16 20:00:00,66486.1,66928.16,66381.78,66618.2,18203.0,3316,0.0
2024-06-17 00:00:00,66614.42,66863.49,66100.92,66158.46,19916.0,3311,0.0
2024-06-17 04:00:00,66155.07,66514.75,65872.85,66124.13,18657.0,3307,0.0
2024-06-17 08:00:00,66120.01,66262.24,65503.88,65752.65,22690.0,3287,0.0
2024-06-17 12:00:00,65748.29,65768.64,65036.22,65327.05,24842.0,3289,0.0
2024-06-17 16:00:00,65329.11,67252.92,65137.05,66617.04,28099.0,3145,0.0
2024-06-17 20:00:00,66619.39,66723.17,66114.82,66476.44,21784.0,3232,0.0
2024-06-18 00:00:00,66469.98,66564.1,64534.78,65504.04,32166.0,3275,0.0
2024-06-18 04:00:00,65505.52,65856.33,65352.72,65697.61,21856.0,3125,0.0
2024-06-18 08:00:00,65697.27,65785.55,65100.91,65370.95,20387.0,3046,0.0
2024-06-18 12:00:00,65374.77,65457.45,64260.82,64696.92,41215.0,3145,0.0
2024-06-18 16:00:00,64701.94,64905.46,64020.43,64373.83,31645.0,3276,0.0
2024-06-18 20:00:00,64370.07,65305.32,64155.56,65157.12,24596.0,3280,0.0
2024-06-19 00:00:00,65158.14,65579.15,64765.59,65385.65,25230.0,3277,0.0
2024-06-19 04:00:00,65389.68,65726.11,65172.58,65307.43,19638.0,3111,0.0
2024-06-19 08:00:00,65310.43,65512.57,64975.29,65205.3,18665.0,3270,0.0
2024-06-19 12:00:00,65207.0,65298.23,64712.67,64894.32,20007.0,3266,0.0
2024-06-19 16:00:00,64897.27,65250.6,64736.68,64845.92,18221.0,3287,0.0
2024-06-19 20:00:00,64848.36,65085.64,64628.79,64943.37,16970.0,3288,0.0
2024-06-20 00:00:00,64939.63,65387.69,64791.08,65177.52,20117.0,3291,0.0
2024-06-20 04:00:00,65172.76,65950.53,65071.27,65847.8,19394.0,3225,0.0
2024-06-20 08:00:00,65849.04,66474.36,65546.29,66162.6,18855.0,3153,0.0
2024-06-20 12:00:00,66162.18,66298.56,64605.06,64797.03,28844.0,3218,0.0
2024-06-20 16:00:00,64796.83,65172.67,64512.83,65000.41,28096.0,3285,0.0
2024-06-20 20:00:00,64999.69,65168.81,64811.7,64841.84,16733.0,3294,0.0
2024-06-21 00:00:00,64837.94,65043.42,64335.79,64468.15,20471.0,3284,0.0
2024-06-21 04:00:00,64467.46,64734.3,64155.04,64180.9,19112.0,3285,0.0
2024-06-21 08:00:00,64184.26,64357.65,63505.34,63739.12,25823.0,3267,0.0
2024-06-21 12:00:00,63740.4,64325.84,63357.35,63704.5,29070.0,3262,0.0
2024-06-21 16:00:00,63706.26,64219.78,63422.59,64209.75,25748.0,3262,0.0
2024-06-21 20:00:00,64205.21,64445.08,63816.79,64119.78,17527.0,3270,0.0
2024-06-22 00:00:00,64120.36,64330.75,63926.98,64298.03,16753.0,3272,0.0
2024-06-22 04:00:00,64298.78,64477.83,64225.61,64457.35,15705.0,3200,0.0
2024-06-22 08:00:00,64456.41,64475.03,64175.92,64214.41,15384.0,3174,0.0
2024-06-22 12:00:00,64214.34,64347.19,64186.05,64244.01,15176.0,3277,0.0
2024-06-22 16:00:00,64248.48,64339.78,64190.11,64240.94,14289.0,3277,0.0
2024-06-22 20:00:00,64241.08,64317.29,64191.21,64214.91,14607.0,3277,0.0
2024-06-23 00:00:00,64220.87,64483.12,64218.39,64389.15,16153.0,3279,0.0
2024-06-23 04:00:00,64389.17,64406.45,64292.89,64367.81,14563.0,3281,0.0
2024-06-23 08:00:00,64365.33,64398.94,64215.53,64297.03,14683.0,3330,0.0
2024-06-23 12:00:00,64296.66,64388.31,64012.45,64069.64,15274.0,3274,0.0
2024-06-23 16:00:00,64068.17,64146.6,63891.29,64111.07,15974.0,3271,0.0
2024-06-23 20:00:00,64104.84,64132.31,63137.87,63192.11,21131.0,3266,0.0
2024-06-24 00:00:00,63195.16,63369.47,62680.71,62866.83,23950.0,3248,0.0
2024-06-24 04:00:00,62867.75,62946.86,62122.92,62444.86,23837.0,3238,0.0
2024-06-24 08:00:00,62445.37,62981.25,60639.73,61272.99,30505.0,3208,0.0
2024-06-24 12:00:00,61269.65,61678.35,60614.97,60793.16,29004.0,3212,0.0
2024-06-24 16:00:00,60794.96,60997.42,59009.43,59284.71,40056.0,3179,0.0
2024-06-24 20:00:00,59281.25,60372.68,58459.78,60227.12,27776.0,3170,0.0
2024-06-25 00:00:00,60227.0,61601.06,60185.45,61314.1,25692.0,3185,0.0
2024-06-25 04:00:00,61309.49,61437.31,60579.79,60664.56,22816.0,3167,0.0
2024-06-25 08:00:00,60667.03,61552.53,60649.61,61174.78,22254.0,3189,0.0
2024-06-25 12:00:00,61175.75,62137.24,60942.67,61801.44,31315.0,3169,0.0
2024-06-25 16:00:00,61804.88,62425.94,61127.98,61996.56,25739.0,3143,0.0
2024-06-25 20:00:00,61991.06,62200.03,61638.04,61802.41,19463.0,3146,0.0
2024-06-26 00:00:00,61806.61,62450.45,61638.0,61940.92,20284.0,3176,0.0
2024-06-26 04:00:00,61944.82,62006.74,61508.03,61729.79,19658.0,3179,0.0
2024-06-26 08:00:00,61725.8,61767.77,61186.63,61457.51,19428.0,3180,0.0
2024-06-26 12:00:00,61457.27,61990.78,61193.73,61461.69,24729.0,3185,0.0
2024-06-26 16:00:00,61464.32,61544.74,60670.98,60973.06,21694.0,3192,0.0
2024-06-26 20:00:00,60968.34,61112.62,60684.91,60832.58,18643.0,3201,0.0
2024-06-27 00:00:00,60836.36,61233.1,60743.16,61018.0,19783.0,3202,0.0
2024-06-27 04:00:00,61017.1,61167.84,60563.03,60741.42,18976.0,3197,0.0
2024-06-27 08:00:00,60746.39,61392.39,60677.45,61133.08,20131.0,3164,0.0
2024-06-27 12:00:00,61130.89,62392.72,61084.49,61564.46,25296.0,3044,0.0
2024-06-27 16:00:00,61562.62,62033.46,61347.91,61393.55,21185.0,3172,0.0
2024-06-27 20:00:00,61395.75,61664.25,61299.57,61654.05,16469.0,3174,0.0
2024-06-28 00:00:00,61650.31,62190.86,61425.18,61780.81,20469.0,3193,0.0
2024-06-28 04:00:00,61781.71,61801.38,61190.17,61292.02,18034.0,3179,0.0
2024-06-28 08:00:00,61290.24,61746.61,61155.85,61628.6,19104.0,3204,0.0
2024-06-28 12:00:00,61629.65,61809.79,60656.86,60997.97,30721.0,3174,0.0
2024-06-28 16:00:00,60998.86,61056.67,59973.39,60007.35,27189.0,3192,0.0
2024-06-28 20:00:00,60011.63,60383.71,59957.52,60370.46,19119.0,3193,0.0
2024-06-29 00:00:00,60370.77,60963.42,60337.53,60706.46,18256.0,3200,0.0
2024-06-29 04:00:00,60706.33,61089.61,60646.94,60998.55,16237.0,3083,0.0
2024-06-29 08:00:00,60994.43,61186.26,60826.06,61045.93,15458.0,3038,0.0
2024-06-29 12:00:00,61045.93,61130.46,60868.02,61047.79,17426.0,3024,0.0
2024-06-29 16:00:00,61047.86,61095.05,60855.41,61001.65,15994.0,3111,0.0
2024-06-29 20:00:00,61001.49,61058.42,60814.41,60928.23,16774.0,3111,0.0
2024-06-30 00:00:00,60929.26,61035.56,60707.14,60844.23,17404.0,3154,0.0
2024-06-30 04:00:00,60843.79,61740.9,60641.63,61468.46,18532.0,2910,0.0
2024-06-30 08:00:00,61469.19,61655.53,61299.31,61474.6,18738.0,2596,0.0
2024-06-30 12:00:00,61477.41,61788.22,61257.18,61659.37,19454.0,2318,0.0
2024-06-30 16:00:00,61660.0,62074.46,61498.21,61988.61,18939.0,2293,0.0
2024-06-30 20:00:00,61991.23,63009.89,61787.58,62720.81,22908.0,2574,0.0
2024-07-01 00:00:00,62717.5,63775.64,62513.32,63356.01,25052.0,2656,0.0
2024-07-01 04:00:00,63352.99,63411.7,63162.86,63242.76,18272.0,3104,0.0
2024-07-01 08:00:00,63244.78,63290.59,62540.74,62599.43,20097.0,2909,0.0
2024-07-01 12:00:00,62597.67,63110.28,62463.84,63096.65,30257.0,3168,0.0
2024-07-01 16:00:00,63097.9,63844.82,62920.56,63164.47,26737.0,2912,0.0
2024-07-01 20:00:00,63162.24,63390.48,62772.75,62857.52,18639.0,2977,0.0
2024-07-02 00:00:00,62852.81,63245.01,62722.07,63070.29,18883.0,3018,0.0
2024-07-02 04:00:00,63071.64,63191.9,62502.02,62551.1,18984.0,3128,0.0
2024-07-02 08:00:00,62549.39,62815.26,62341.05,62778.2,19837.0,3236,0.0
2024-07-02 12:00:00,62776.26,63095.26,61767.19,61878.76,29216.0,3225,0.0
2024-07-02 16:00:00,61884.17,62318.66,61726.0,61860.13,22618.0,3224,0.0
2024-07-02 20:00:00,61864.18,62138.72,61770.55,62075.48,18668.0,3234,0.0
2024-07-03 00:00:00,62073.21,62248.38,60565.28,60923.91,24230.0,3210,0.0
2024-07-03 04:00:00,60928.08,61117.93,60728.91,60801.7,20585.0,3213,0.0
2024-07-03 08:00:00,60800.82,60933.7,59511.57,60316.48,28075.0,3190,0.0
2024-07-03 12:00:00,60319.46,60601.71,59667.04,60112.18,32725.0,3191,0.0
2024-07-03 16:00:00,60111.79,60608.9,59564.92,59587.86,28540.0,3189,0.0
2024-07-03 20:00:00,59591.2,60332.38,59309.59,60162.36,25232.0,3185,0.0
2024-07-04 00:00:00,60163.19,60456.25,57911.91,59060.34,39799.0,3156,0.0
2024-07-04 04:00:00,59066.83,59098.66,58008.5,58141.94,30718.0,3158,0.0
2024-07-04 08:00:00,58140.19,58430.97,56950.76,57699.63,39529.0,3137,0.0
2024-07-04 12:00:00,57698.48,58252.66,56702.85,58042.83,41442.0,3132,0.0
2024-07-04 16:00:00,58045.38,58616.07,57654.18,58244.53,25719.0,3151,0.0
2024-07-04 20:00:00,58242.99,58735.34,56889.21,56996.88,28917.0,3136,0.0
2024-07-05 00:00:00,56996.44,57505.88,55055.44,55216.86,68895.0,3099,0.0
2024-07-05 04:00:00,55218.87,55352.73,53535.2,54346.64,43626.0,3072,0.0
2024-07-05 08:00:00,54345.57,55631.69,53855.79,55436.26,36636.0,3075,0.0
2024-07-05 12:00:00,55440.05,56683.18,54785.48,56647.18,34406.0,3087,0.0
2024-07-05 16:00:00,56649.56,57009.34,55834.31,56466.28,28985.0,3042,0.0
2024-07-05 20:00:00,56469.74,56904.98,56298.01,56639.39,19285.0,3010,0.0
2024-07-06 00:00:00,56633.39,57017.94,56166.71,56391.56,21592.0,3023,0.0
2024-07-06 04:00:00,56391.88,56677.82,56034.0,56601.81,16548.0,3097,0.0
2024-07-06 08:00:00,56596.4,56893.16,56412.73,56734.31,18128.0,3006,0.0
2024-07-06 12:00:00,56736.17,57487.94,56498.03,57355.36,21957.0,2949,0.0
2024-07-06 16:00:00,57357.96,58142.87,57212.14,57898.07,22053.0,2964,0.0
2024-07-06 20:00:00,57899.69,58513.67,57851.01,58269.95,20502.0,3016,0.0
2024-07-07 00:00:00,58268.55,58478.99,57895.15,58026.57,21737.0,3092,0.0
2024-07-07 04:00:00,58028.12,58058.27,57094.02,57402.05,20794.0,3132,0.0
2024-07-07 08:00:00,57405.26,57956.26,57390.07,57514.66,20520.0,2911,0.0
2024-07-07 12:00:00,57515.34,57685.5,56588.25,56861.44,30191.0,3121,0.0
2024-07-07 16:00:00,56859.19,57433.44,56754.76,57186.76,23869.0,3124,0.0
2024-07-07 20:00:00,57182.93,57384.85,55735.54,55890.94,33610.0,3094,0.0
2024-07-08 00:00:00,55885.6,56059.37,54288.33,55183.31,50264.0,3075,0.0
2024-07-08 04:00:00,55181.25,55943.7,54968.25,55889.46,31837.0,3035,0.0
2024-07-08 08:00:00,55892.08,58242.06,55765.26,57207.54,36991.0,2229,0.0
2024-07-08 12:00:00,57205.22,57625.83,54976.9,55760.24,43897.0,2586,0.0
2024-07-08 16:00:00,55760.31,56587.06,55407.6,56504.45,32141.0,2616,0.0
2024-07-08 20:00:00,56508.61,57015.26,56194.47,56734.76,25033.0,2606,0.0
2024-07-09 00:00:00,56740.74,57380.12,56305.32,57217.5,29963.0,2622,0.0
2024-07-09 04:00:00,57219.3,57790.62,57052.6,57161.25,25429.0,2509,0.0
2024-07-09 08:00:00,57164.75,57925.95,57057.01,57481.37,24367.0,2497,0.0
2024-07-09 12:00:00,57481.89,58139.52,56951.44,57521.23,31828.0,2568,0.0
2024-07-09 16:00:00,57521.43,58308.65,57407.82,57886.37,25612.0,2556,0.0
2024-07-09 20:00:00,57886.42,58317.05,57734.71,58073.91,22388.0,2600,0.0
2024-07-10 00:00:00,58074.19,58249.81,57377.8,58217.16,23950.0,2480,0.0
2024-07-10 04:00:00,58220.25,59492.76,58211.81,59040.55,27408.0,2301,0.0
2024-07-10 08:00:00,59041.01,59092.97,58345.89,58533.86,26237.0,2444,0.0
2024-07-10 12:00:00,58536.38,58611.85,57507.09,57746.37,31324.0,2626,0.0
2024-07-10 16:00:00,57740.34,58064.46,57386.02,57417.01,24012.0,2968,0.0
2024-07-10 20:00:00,57414.9,57913.07,57179.84,57749.85,21145.0,2860,0.0
2024-07-11 00:00:00,57747.34,58429.94,57083.92,57607.32,28103.0,2844,0.0
2024-07-11 04:00:00,57606.8,58338.43,57515.39,58216.98,24972.0,2808,0.0
2024-07-11 08:00:00,58222.73,58922.76,58066.23,58811.54,27624.0,2693,0.0
2024-07-11 12:00:00,58811.9,59461.59,57274.62,57434.46,39683.0,2669,0.0
2024-07-11 16:00:00,57435.35,58035.71,57207.23,57430.63,25318.0,2777,0.0
2024-07-11 20:00:00,57425.7,57661.67,57160.17,57381.13,22084.0,2826,0.0
2024-07-12 00:00:00,57378.24,57598.58,56540.47,56937.28,30249.0,2694,0.0
2024-07-12 04:00:00,56939.36,57467.13,56719.29,57124.41,24127.0,2761,0.0
2024-07-12 08:00:00,57122.21,57378.56,56781.2,57252.39,24758.0,2817,0.0
2024-07-12 12:00:00,57247.2,58320.55,57093.39,58239.07,31587.0,2695,0.0
2024-07-12 16:00:00,58234.43,58591.69,57556.34,57624.23,27102.0,2698,0.0
2024-07-12 20:00:00,57620.9,57964.16,57180.13,57922.53,20111.0,2762,0.0
2024-07-13 00:00:00,57921.84,58039.27,57779.39,57868.44,17769.0,2782,0.0
2024-07-13 04:00:00,57868.24,58246.0,57776.96,58202.46,17357.0,2659,0.0
2024-07-13 08:00:00,58207.19,58878.32,57955.4,58559.43,21670.0,2391,0.0
2024-07-13 12:00:00,58561.67,58921.45,58447.4,58868.88,21088.0,2313,0.0
2024-07-13 16:00:00,58870.09,58998.75,58604.13,58671.43,19023.0,2211,0.0
2024-07-13 20:00:00,58670.61,59901.45,58316.08,59242.34,23613.0,2439,0.0
2024-07-14 00:00:00,59234.4,59899.97,59224.36,59484.52,23956.0,2236,0.0
2024-07-14 04:00:00,59487.61,60394.89,59447.38,60122.49,24311.0,2178,0.0
2024-07-14 08:00:00,60122.1,60455.22,59928.55,60174.32,20670.0,2053,0.0
2024-07-14 12:00:00,60170.76,60272.58,59504.96,60111.48,27245.0,2419,0.0
2024-07-14 16:00:00,60122.67,60254.83,59927.86,59964.65,21917.0,2606,0.0
2024-07-14 20:00:00,59966.82,61466.2,59909.46,60838.36,36670.0,2584,0.0
2024-07-15 00:00:00,60839.52,62866.44,60683.2,62704.74,41553.0,2052,0.0
2024-07-15 04:00:00,62711.3,63108.53,62464.95,62881.25,33430.0,2001,0.0
2024-07-15 08:00:00,62878.75,63265.1,62336.59,62492.58,32007.0,2004,0.0
2024-07-15 12:00:00,62495.62,63357.08,62481.57,63086.41,40769.0,2246,0.0
2024-07-15 16:00:00,63089.27,63894.73,62930.51,63409.01,40815.0,2191,0.0
2024-07-15 20:00:00,63413.15,64945.99,63338.22,64767.74,38058.0,2220,0.0
2024-07-16 00:00:00,64764.88,64988.95,64473.02,64762.49,32612.0,2236,0.0
2024-07-16 04:00:00,64765.57,64981.51,62753.71,62947.72,45893.0,2367,0.0
2024-07-16 08:00:00,62953.18,63891.59,62423.96,63795.92,41386.0,2732,0.0
2024-07-16 12:00:00,63797.82,64993.08,63109.15,64907.03,53582.0,2553,0.0
2024-07-16 16:00:00,64909.96,65236.5,64141.37,65191.21,39460.0,2778,0.0
2024-07-16 20:00:00,65187.71,65378.98,64178.58,65075.37,32490.0,2676,0.0
2024-07-17 00:00:00,65081.57,66094.72,64978.31,65723.44,36025.0,2752,0.0
2024-07-17 04:00:00,65726.69,66027.83,65224.33,65256.66,30687.0,2616,0.0
2024-07-17 08:00:00,65260.96,65536.52,64575.4,64727.47,34902.0,2656,0.0
2024-07-17 12:00:00,64730.08,65401.56,64555.69,64749.86,47400.0,2915,0.0
2024-07-17 16:00:00,64751.92,64784.45,63869.87,64574.77,38381.0,2712,0.0
2024-07-17 20:00:00,64569.51,64704.56,64064.49,64128.18,29606.0,2729,0.0
2024-07-18 00:00:00,64122.42,65079.19,63921.27,64854.36,33929.0,2711,0.0
2024-07-18 04:00:00,64856.11,65071.39,64408.11,64657.87,25728.0,2740,0.0
2024-07-18 08:00:00,64656.62,64952.87,64451.27,64768.79,25951.0,2747,0.0
2024-07-18 12:00:00,64769.04,65113.3,63417.63,63545.04,41832.0,2746,0.0
2024-07-18 16:00:00,63543.0,63982.31,63226.17,63533.84,37308.0,2801,0.0
2024-07-18 20:00:00,63536.24,64144.45,63427.23,64023.01,24704.0,2797,0.0
2024-07-19 00:00:00,64027.72,64381.63,63306.17,64339.17,32489.0,2649,0.0
2024-07-19 04:00:00,64336.69,64489.22,63634.18,63735.76,26795.0,2577,0.0
2024-07-19 08:00:00,63730.01,64217.61,63402.7,64141.44,32107.0,2478,0.0
2024-07-19 12:00:00,64140.71,65881.15,64056.46,65837.11,49662.0,2471,0.0
2024-07-19 16:00:00,65835.63,67487.7,65814.5,67207.22,54915.0,2153,0.0
2024-07-19 20:00:00,67205.53,67379.9,66608.61,66662.47,27478.0,2412,0.0
2024-07-20 00:00:00,66667.47,66844.13,66249.76,66612.98,28250.0,2352,0.0
2024-07-20 04:00:00,66615.95,66767.52,66430.39,66564.79,21756.0,2450,0.0
2024-07-20 08:00:00,66565.44,66736.27,66460.32,66490.98,20485.0,2507,0.0
2024-07-20 12:00:00,66491.86,66838.06,66291.63,66811.35,22564.0,2578,0.0
2024-07-20 16:00:00,66809.48,67649.77,66681.09,67223.82,34938.0,2546,0.0
2024-07-20 20:00:00,67222.88,67481.58,66782.07,67108.03,25553.0,2398,0.0
2024-07-21 00:00:00,67113.38,67441.1,66938.53,67139.85,24664.0,2365,0.0
2024-07-21 04:00:00,67138.76,67222.75,66577.38,66675.14,24663.0,2628,0.0
2024-07-21 08:00:00,66679.33,67058.94,66650.32,66849.45,21690.0,2590,0.0
2024-07-21 12:00:00,66846.63,67539.56,66575.69,67168.16,29090.0,2245,0.0
2024-07-21 16:00:00,67166.48,67734.36,65823.08,67419.28,49533.0,2266,0.0
2024-07-21 20:00:00,67421.76,68399.76,67265.86,68193.77,42347.0,2344,0.0
2024-07-22 00:00:00,68191.96,68510.4,67732.12,67858.68,36714.0,2250,0.0
2024-07-22 04:00:00,67861.53,68009.78,67103.35,67216.8,34456.0,2374,0.0
2024-07-22 08:00:00,67219.09,67576.01,66904.38,67485.05,33607.0,2837,0.0
2024-07-22 12:00:00,67481.08,68002.15,66526.99,67044.4,48637.0,2534,0.0
2024-07-22 16:00:00,67047.25,68284.6,66777.59,68268.1,37381.0,2833,0.0
2024-07-22 20:00:00,68270.01,68307.6,67246.7,67548.21,36034.0,2817,0.0
2024-07-23 00:00:00,67550.47,67781.74,67175.35,67471.0,33867.0,2792,0.0
2024-07-23 04:00:00,67476.5,67534.8,66224.8,66567.85,37973.0,2839,0.0
2024-07-23 08:00:00,66566.86,67138.77,66449.46,66671.34,35304.0,3112,0.0
2024-07-23 12:00:00,66675.93,67333.88,65964.0,66602.29,54608.0,2794,0.0
2024-07-23 16:00:00,66600.17,66772.28,65425.09,65514.9,40318.0,2170,0.0
2024-07-23 20:00:00,65512.79,66052.77,65460.57,65944.76,29254.0,3202,0.0
2024-07-24 00:00:00,65946.47,66129.75,65455.08,66044.18,24852.0,3233,0.0
2024-07-24 04:00:00,66044.2,66083.86,65602.03,66067.73,23406.0,3238,0.0
2024-07-24 08:00:00,66071.07,66590.24,65986.3,66352.85,26556.0,2770,0.0
2024-07-24 12:00:00,66350.64,67101.0,66090.47,66176.11,35174.0,2794,0.0
2024-07-24 16:00:00,66177.67,66722.23,65575.36,65653.42,36171.0,2905,0.0
2024-07-24 20:00:00,65656.47,66087.51,65111.94,65366.38,38943.0,2839,0.0
2024-07-25 00:00:00,65367.05,65622.26,63865.75,64096.2,55497.0,2958,0.0
2024-07-25 04:00:00,64100.37,64403.51,63788.69,64129.71,34603.0,3075,0.0
2024-07-25 08:00:00,64124.06,64484.66,63878.98,64104.39,35150.0,3066,0.0
2024-07-25 12:00:00,64108.65,65035.56,63410.12,64801.4,45713.0,2878,0.0
2024-07-25 16:00:00,64802.03,65177.15,64384.28,64669.94,44092.0,2382,0.0
2024-07-25 20:00:00,64665.67,66126.9,64408.97,65788.32,35611.0,2625,0.0
2024-07-26 00:00:00,65784.78,67469.73,65686.82,66989.54,38828.0,2475,0.0
2024-07-26 04:00:00,66992.82,67168.76,66813.22,66884.73,26400.0,2630,0.0
2024-07-26 08:00:00,66881.07,67504.58,66877.03,67303.37,24258.0,2413,0.0
2024-07-26 12:00:00,67301.87,68037.48,66878.23,67562.59,51297.0,2375,0.0
2024-07-26 16:00:00,67562.51,68176.39,67282.82,68014.27,39461.0,2406,0.0
2024-07-26 20:00:00,68011.15,68235.05,67391.39,67927.61,29408.0,2400,0.0
2024-07-27 00:00:00,67924.65,68124.06,67630.99,67790.2,24811.0,2162,0.0
2024-07-27 04:00:00,67795.84,68333.38,67773.06,68070.06,18963.0,2003,0.0
2024-07-27 08:00:00,68071.6,68303.12,67888.73,68236.02,18129.0,2000,0.0
2024-07-27 12:00:00,68237.83,69411.37,68215.52,68883.88,26342.0,2000,0.0
2024-07-27 16:00:00,68881.86,69043.04,67768.84,68241.9,25678.0,2275,0.0
2024-07-27 20:00:00,68245.04,69124.52,66572.52,67885.39,34427.0,2237,0.0
2024-07-28 00:00:00,67886.84,68305.75,67227.9,67884.25,19561.0,2300,0.0
2024-07-28 04:00:00,67884.52,68026.28,66976.17,67506.63,19057.0,2550,0.0
2024-07-28 08:00:00,67506.18,67991.43,67154.01,67799.94,18297.0,2715,0.0
2024-07-28 12:00:00,67805.73,68106.05,67511.08,67617.78,20169.0,2512,0.0
2024-07-28 16:00:00,67616.54,68320.4,67555.41,68095.67,19778.0,2343,0.0
2024-07-28 20:00:00,68096.8,68286.65,67756.42,68215.16,19445.0,2272,0.0
2024-07-29 00:00:00,68204.9,69766.55,68121.22,69317.43,24906.0,2055,0.0
2024-07-29 04:00:00,69317.56,69869.98,69212.37,69522.01,20460.0,2001,0.0
2024-07-29 08:00:00,69517.15,69862.38,69340.3,69593.12,24254.0,2001,0.0
2024-07-29 12:00:00,69591.65,70044.56,67624.39,68064.27,58115.0,2000,0.0
2024-07-29 16:00:00,68069.38,68091.45,66459.8,67226.13,47061.0,2834,0.0
2024-07-29 20:00:00,67230.93,67541.95,66554.18,66754.98,34308.0,2957,0.0
2024-07-30 00:00:00,66749.6,66866.57,65869.65,66605.32,48752.0,2875,0.0
2024-07-30 04:00:00,66608.8,66987.6,66283.67,66917.48,36301.0,2837,0.0
2024-07-30 08:00:00,66921.64,66967.78,66367.24,66543.85,34789.0,2889,0.0
2024-07-30 12:00:00,66549.26,66924.96,65547.24,66199.61,51862.0,2981,0.0
2024-07-30 16:00:00,66201.09,66540.11,65551.51,65910.14,46758.0,2983,0.0
2024-07-30 20:00:00,65912.13,66352.24,65331.86,66190.13,35743.0,2877,0.0
2024-07-31 00:00:00,66190.59,66422.15,65854.34,66040.91,29182.0,2916,0.0
2024-07-31 04:00:00,66038.77,66533.43,65473.83,66172.93,31372.0,3211,0.0
2024-07-31 08:00:00,66175.71,66360.37,65892.6,66049.31,25791.0,3298,0.0
2024-07-31 12:00:00,66051.64,66838.75,65924.81,66363.49,41061.0,3310,0.0
2024-07-31 16:00:00,66366.07,66817.24,64963.62,65258.63,46071.0,3223,0.0
2024-07-31 20:00:00,65253.83,65411.77,64490.5,64616.02,45987.0,3263,0.0
2024-08-01 00:00:00,64614.88,64834.54,63680.32,63871.16,41911.0,3263,0.0
2024-08-01 04:00:00,63869.13,64478.51,63513.37,64287.57,40085.0,3260,0.0
2024-08-01 08:00:00,64283.8,64689.47,64264.51,64673.95,27153.0,3275,0.0
2024-08-01 12:00:00,64668.84,64932.56,62630.28,62847.91,46839.0,3223,0.0
2024-08-01 16:00:00,62849.67,63444.03,62202.66,63357.28,63386.0,3230,0.0
2024-08-01 20:00:00,63354.43,65601.47,63287.97,65300.37,50737.0,3172,0.0
2024-08-02 00:00:00,65295.61,65577.39,63646.88,64563.46,44908.0,3093,0.0
2024-08-02 04:00:00,64566.87,64630.76,63799.15,64151.54,42658.0,3048,0.0
2024-08-02 08:00:00,64154.67,64833.11,64008.54,64681.48,38674.0,3172,0.0
2024-08-02 12:00:00,64681.96,65475.42,62498.8,63401.92,66462.0,2649,0.0
2024-08-02 16:00:00,63400.97,63602.33,62481.74,62606.21,54234.0,2867,0.0
2024-08-02 20:00:00,62601.77,63049.43,61326.0,61443.38,53225.0,2732,0.0
2024-08-03 00:00:00,61445.52,61833.6,60371.95,61764.11,48674.0,3114,0.0
2024-08-03 04:00:00,61759.32,61852.07,61451.36,61679.62,25012.0,2453,0.0
2024-08-03 08:00:00,61674.0,61970.69,61434.49,61914.7,25290.0,2511,0.0
2024-08-03 12:00:00,61911.26,62222.86,61555.21,61596.42,35287.0,2000,0.0
2024-08-03 16:00:00,61596.06,61715.02,59822.75,60154.05,51907.0,2000,0.0
2024-08-03 20:00:00,60155.45,60832.82,59782.74,60672.85,44863.0,3130,0.0
2024-08-04 00:00:00,60673.15,61095.87,60259.28,60693.71,44746.0,3144,0.0
2024-08-04 04:00:00,60693.7,60903.45,60192.12,60313.86,35303.0,3189,0.0
2024-08-04 08:00:00,60309.25,60979.56,60034.28,60859.39,43052.0,2995,0.0
2024-08-04 12:00:00,60859.39,61068.18,58845.41,58989.71,58606.0,2591,0.0
2024-08-04 16:00:00,58989.71,59429.88,56976.48,59191.15,79915.0,3134,0.0
2024-08-04 20:00:00,59191.15,59531.28,57915.23,58091.28,55741.0,2900,0.0
2024-08-05 00:00:00,58091.28,58231.9,52218.52,53859.86,123807.0,2361,0.0
2024-08-05 04:00:00,53865.27,54536.88,48941.34,52703.8,135850.0,2262,0.0
2024-08-05 08:00:00,52702.64,53275.09,50644.26,51359.57,118202.0,2088,0.0
2024-08-05 12:00:00,51359.57,55042.47,49543.48,54382.07,157129.0,2150,0.0
2024-08-05 16:00:00,54380.68,55624.49,52587.62,53513.48,109999.0,2076,0.0
2024-08-05 20:00:00,53513.48,55254.06,53503.96,54049.51,70016.0,2118,0.0
2024-08-06 00:00:00,54042.56,56320.6,53977.92,55729.71,77961.0,2118,0.0
2024-08-06 04:00:00,55729.71,56219.83,55296.39,56067.21,69518.0,2075,0.0
2024-08-06 08:00:00,56068.48,56200.3,54643.47,55284.85,82618.0,2075,0.0
2024-08-06 12:00:00,55284.85,56703.23,54403.62,56490.07,98010.0,2000,0.0
2024-08-06 16:00:00,56490.07,57137.16,56320.77,56872.37,70025.0,2018,0.0
2024-08-06 20:00:00,56872.37,57040.64,55895.19,56093.43,56662.0,2087,0.0
2024-08-07 00:00:00,56094.33,57351.93,55620.72,56902.61,65421.0,2038,0.0
2024-08-07 04:00:00,56903.2,57312.49,56583.49,56979.6,53848.0,2069,0.0
2024-08-07 08:00:00,56979.6,57780.1,56910.79,57025.79,57671.0,2000,0.0
2024-08-07 12:00:00,57025.78,57530.35,55671.96,56110.94,82631.0,2120,0.0
2024-08-07 16:00:00,56110.94,56351.68,54683.51,54787.89,76746.0,2049,0.0
2024-08-07 20:00:00,54787.9,55587.44,54568.01,55134.19,56918.0,2065,0.0
2024-08-08 00:00:00,55134.79,57733.15,54736.7,57125.62,66935.0,2089,0.0
2024-08-08 04:00:00,57129.35,57493.29,56724.49,57263.4,53090.0,2089,0.0
2024-08-08 08:00:00,57263.4,57737.81,57029.83,57375.01,50229.0,2060,0.0
2024-08-08 12:00:00,57375.01,59540.67,56738.16,59444.07,90240.0,2120,0.0
2024-08-08 16:00:00,59444.21,59896.33,59287.1,59484.46,65602.0,2017,0.0
2024-08-08 20:00:00,59485.2,62800.0,59372.82,61707.13,62197.0,2041,0.0
2024-08-09 00:00:00,61707.13,61772.38,60778.48,61367.74,50810.0,2242,0.0
2024-08-09 04:00:00,61367.99,61397.83,60573.91,60876.94,46289.0,2316,0.0
2024-08-09 08:00:00,60876.94,61225.1,60174.64,60661.73,49262.0,2238,0.0
2024-08-09 12:00:00,60661.22,61104.9,59532.84,59806.59,76431.0,2318,0.0
2024-08-09 16:00:00,59806.72,60764.48,59719.77,60695.54,56464.0,2490,0.0
2024-08-09 20:00:00,60695.54,61009.76,59928.39,60850.64,45812.0,2450,0.0
2024-08-10 00:00:00,60850.64,61492.9,60263.63,60450.11,44565.0,2413,0.0
2024-08-10 04:00:00,60450.47,60866.09,60242.07,60850.39,34485.0,2638,0.0
2024-08-10 08:00:00,60850.4,61128.89,60620.08,60927.82,41875.0,2305,0.0
2024-08-10 12:00:00,60927.82,60957.73,60408.97,60521.1,39805.0,2424,0.0
2024-08-10 16:00:00,60521.1,61221.51,60397.14,61039.23,35608.0,2421,0.0
2024-08-10 20:00:00,61039.23,61183.19,60760.72,60928.52,26923.0,2376,0.0
2024-08-11 00:00:00,60928.53,61387.28,60896.78,61104.53,30631.0,2222,0.0
2024-08-11 04:00:00,61104.54,61277.2,60884.47,61262.79,27685.0,2292,0.0
2024-08-11 08:00:00,61262.79,61997.68,60432.08,60684.65,41784.0,2090,0.0
2024-08-11 12:00:00,60684.65,60785.44,59955.91,60147.46,49015.0,3082,0.0
2024-08-11 16:00:00,60147.46,60370.82,59552.47,59646.49,38812.0,3043,0.0
2024-08-11 20:00:00,59646.49,59706.41,58305.95,58747.53,61572.0,2520,0.0
2024-08-12 00:00:00,58747.53,59102.69,58127.61,58537.08,49486.0,2500,0.0
2024-08-12 04:00:00,58537.08,59005.32,57652.44,58690.49,49067.0,2518,0.0
2024-08-12 08:00:00,58690.49,60000.47,58141.63,59875.32,60462.0,2439,0.0
2024-08-12 12:00:00,59875.65,60708.39,57824.02,60220.2,88670.0,2415,0.0
2024-08-12 16:00:00,60220.2,60446.28,58446.02,59057.88,62635.0,2296,0.0
2024-08-12 20:00:00,59060.19,59752.79,58575.17,59370.06,47109.0,2401,0.0
2024-08-13 00:00:00,59370.04,59943.27,58885.55,59062.61,47150.0,2644,0.0
2024-08-13 04:00:00,59062.61,59495.01,58856.92,59260.42,42179.0,2489,0.0
2024-08-13 08:00:00,59260.42,59354.24,58434.84,58865.32,44388.0,2601,0.0
2024-08-13 12:00:00,58865.32,59812.62,58731.93,59490.53,66283.0,2595,0.0
2024-08-13 16:00:00,59490.53,61615.99,59470.69,60826.66,65858.0,2229,0.0
2024-08-13 20:00:00,60829.67,61161.24,60396.96,60601.8,34237.0,2382,0.0
2024-08-14 00:00:00,60601.8,61348.6,60440.87,60986.83,38060.0,2539,0.0
2024-08-14 04:00:00,60988.0,61188.7,60653.77,60953.6,37869.0,2436,0.0
2024-08-14 08:00:00,60953.6,61479.8,60661.64,61333.89,43693.0,2617,0.0
2024-08-14 12:00:00,61333.89,61913.97,58846.24,59480.04,79371.0,2470,0.0
2024-08-14 16:00:00,59480.04,59508.45,58586.48,58925.04,52594.0,2481,0.0
2024-08-14 20:00:00,58922.65,59213.0,58434.1,58714.16,31938.0,2534,0.0
2024-08-15 00:00:00,58714.16,59087.72,58020.86,58462.79,40639.0,2577,0.0
2024-08-15 04:00:00,58462.79,58647.73,57686.03,58038.96,44712.0,2664,0.0
2024-08-15 08:00:00,58038.96,58882.42,57942.67,58762.14,47811.0,2755,0.0
2024-08-15 12:00:00,58762.14,59795.43,58554.98,59707.72,68043.0,2665,0.0
2024-08-15 16:00:00,59704.72,59881.99,56650.11,57035.25,70388.0,2455,0.0
2024-08-15 20:00:00,57032.08,57889.64,55980.97,57542.99,49367.0,2638,0.0
2024-08-16 00:00:00,57543.7,58503.51,57069.58,57895.87,47318.0,2711,0.0
2024-08-16 04:00:00,57895.87,58665.41,57804.14,58467.53,42456.0,2651,0.0
2024-08-16 08:00:00,58467.54,58708.31,58225.14,58409.68,43157.0,2512,0.0
2024-08-16 12:00:00,58409.84,58937.18,57529.54,58065.4,78342.0,2374,0.0
2024-08-16 16:00:00,58065.4,59887.51,57990.36,59749.02,65542.0,2484,0.0
2024-08-16 20:00:00,59749.02,59782.97,58775.07,58910.5,40354.0,2443,0.0
2024-08-17 00:00:00,58910.5,59427.84,58814.76,59196.62,41151.0,2538,0.0
2024-08-17 04:00:00,59196.62,59322.28,59101.35,59302.84,34581.0,2809,0.0
2024-08-17 08:00:00,59303.34,59524.72,59092.28,59178.26,32893.0,2739,0.0
2024-08-17 12:00:00,59178.26,59721.24,59129.18,59437.26,36889.0,2830,0.0
2024-08-17 16:00:00,59437.26,59767.49,59332.07,59517.36,32646.0,2923,0.0
2024-08-17 20:00:00,59517.35,59552.0,59184.41,59528.71,25662.0,2684,0.0
2024-08-18 00:00:00,59528.72,60301.83,59328.28,59385.85,32849.0,2682,0.0
2024-08-18 04:00:00,59385.85,59730.99,59283.49,59606.29,33191.0,3136,0.0
2024-08-18 08:00:00,59606.29,60245.98,59460.76,60050.25,40024.0,2769,0.0
2024-08-18 12:00:00,60049.72,60327.99,59689.44,59898.08,37190.0,2996,0.0
2024-08-18 16:00:00,59898.1,59986.41,59398.45,59744.21,33521.0,2837,0.0
2024-08-18 20:00:00,59744.34,59929.5,58437.68,58460.59,32119.0,2661,0.0
2024-08-19 00:00:00,58460.59,58820.87,58240.99,58780.43,43878.0,2681,0.0
2024-08-19 04:00:00,58780.69,58793.92,58393.16,58546.76,33675.0,2850,0.0
2024-08-19 08:00:00,58546.76,58728.51,57830.52,58427.03,41100.0,2594,0.0
2024-08-19 12:00:00,58427.03,59018.41,58092.11,58574.54,54559.0,2611,0.0
2024-08-19 16:00:00,58573.85,59329.93,58412.27,58994.16,41415.0,2664,0.0
2024-08-19 20:00:00,58990.21,59656.04,58933.71,59471.7,29105.0,2662,0.0
2024-08-20 00:00:00,59471.49,60942.27,59401.21,60659.09,44202.0,2462,0.0
2024-08-20 04:00:00,60656.72,61446.81,60610.69,60945.65,42301.0,2434,0.0
2024-08-20 08:00:00,60945.65,61008.51,60432.97,60547.1,33673.0,2461,0.0
2024-08-20 12:00:00,60547.7,60976.26,58708.0,58835.72,60620.0,2427,0.0
2024-08-20 16:00:00,58835.71,59628.9,58569.07,59537.81,43483.0,2604,0.0
2024-08-20 20:00:00,59547.21,59754.64,58900.4,59047.4,29299.0,2573,0.0
2024-08-21 00:00:00,59047.2,59552.65,58811.88,59358.8,33640.0,2497,0.0
2024-08-21 04:00:00,59358.79,59760.98,59223.74,59719.43,32714.0,2512,0.0
2024-08-21 08:00:00,59719.2,59923.14,59097.83,59372.6,42068.0,2486,0.0
2024-08-21 12:00:00,59372.6,60238.32,58860.19,59537.06,65279.0,2380,0.0
2024-08-21 16:00:00,59537.06,61646.38,59386.3,61580.11,54670.0,2419,0.0
2024-08-21 20:00:00,61585.01,61841.54,60884.73,61139.17,44333.0,2292,0.0
2024-08-22 00:00:00,61139.17,61204.56,59708.1,60553.73,42819.0,2365,0.0
2024-08-22 04:00:00,60553.61,61097.82,60454.87,60970.55,37524.0,2440,0.0
2024-08-22 08:00:00,60970.71,61400.58,60786.46,61316.66,38686.0,2522,0.0
2024-08-22 12:00:00,61316.67,61389.56,60102.84,60401.83,58358.0,2416,0.0
2024-08-22 16:00:00,60401.83,60589.12,60139.26,60304.5,38484.0,2522,0.0
2024-08-22 20:00:00,60304.5,60701.08,60278.15,60373.28,23384.0,2589,0.0
2024-08-23 00:00:00,60373.28,60998.44,60322.33,60605.11,26337.0,2656,0.0
2024-08-23 04:00:00,60605.11,61386.66,60582.59,61077.03,31403.0,2482,0.0
2024-08-23 08:00:00,61077.03,61342.07,60661.29,60725.06,33022.0,2515,0.0
2024-08-23 12:00:00,60725.06,62337.42,60717.92,61528.71,65953.0,2536,0.0
2024-08-23 16:00:00,61523.71,63889.44,61321.95,63657.43,66298.0,2175,0.0
2024-08-23 20:00:00,63657.43,65099.06,63521.96,64091.7,52720.0,2130,0.0
2024-08-24 00:00:00,64091.7,64249.73,63672.51,63880.02,45012.0,2481,0.0
2024-08-24 04:00:00,63880.03,64396.98,63866.01,64362.72,37816.0,2132,0.0
2024-08-24 08:00:00,64362.01,64555.77,63920.81,63950.43,38863.0,2159,0.0
2024-08-24 12:00:00,63950.43,64282.97,63881.75,64002.73,41158.0,2437,0.0
2024-08-24 16:00:00,64002.73,64486.21,63951.91,64242.49,36348.0,2364,0.0
2024-08-24 20:00:00,64242.21,64373.7,63584.72,64196.34,32890.0,2427,0.0
2024-08-25 00:00:00,64196.33,64628.89,64025.81,64131.9,33823.0,2160,0.0
2024-08-25 04:00:00,64131.59,64255.09,63815.31,63905.77,33142.0,2517,0.0
2024-08-25 08:00:00,63905.77,64059.46,63794.72,63910.5,29820.0,3014,0.0
2024-08-25 12:00:00,63910.5,64341.03,63833.68,64174.44,30553.0,2399,0.0
2024-08-25 16:00:00,64174.84,64291.4,64020.04,64216.37,23085.0,2489,0.0
2024-08-25 20:00:00,64216.36,65230.96,64160.89,64258.44,31284.0,2297,0.0
2024-08-26 00:00:00,64258.44,64515.04,63787.67,64131.71,37491.0,2507,0.0
2024-08-26 04:00:00,64131.71,64231.28,63558.66,63624.4,30743.0,2627,0.0
2024-08-26 08:00:00,63624.4,64059.12,63191.76,63868.46,41134.0,2507,0.0
2024-08-26 12:00:00,63868.45,63985.24,63044.66,63526.85,53665.0,2497,0.0
2024-08-26 16:00:00,63525.15,63908.7,63176.78,63348.1,40005.0,2465,0.0
2024-08-26 20:00:00,63348.1,63563.09,62799.91,62827.96,30085.0,2491,0.0
2024-08-27 00:00:00,62827.96,63225.04,62638.38,62986.12,31500.0,2459,0.0
2024-08-27 04:00:00,62986.12,63225.41,62732.8,62908.61,29326.0,2442,0.0
2024-08-27 08:00:00,62908.61,63018.09,62206.45,62405.4,35723.0,2466,0.0
2024-08-27 12:00:00,62405.44,62498.57,61405.93,61653.93,51350.0,2787,0.0
2024-08-27 16:00:00,61653.14,62191.2,61473.56,62092.62,37143.0,2977,0.0
2024-08-27 20:00:00,62093.31,62099.53,57990.07,59441.05,61409.0,2404,0.0
2024-08-28 00:00:00,59441.05,59684.41,58911.84,59650.39,46199.0,2460,0.0
2024-08-28 04:00:00,59650.4,59697.89,58561.51,58648.27,37407.0,2291,0.0
2024-08-28 08:00:00,58648.27,60260.47,58579.5,59959.76,48112.0,2221,0.0
2024-08-28 12:00:00,59959.76,60193.48,58468.37,59035.41,61195.0,2300,0.0
2024-08-28 16:00:00,59035.13,59874.24,57881.76,58942.83,58340.0,2307,0.0
2024-08-28 20:00:00,58939.82,59643.46,58670.17,59077.36,42702.0,2437,0.0
2024-08-29 00:00:00,59077.36,59373.65,58907.99,59207.97,30758.0,2483,0.0
2024-08-29 04:00:00,59207.97,59801.58,59123.43,59617.38,34983.0,2479,0.0
2024-08-29 08:00:00,59617.38,60506.14,59405.22,60093.91,40552.0,2466,0.0
2024-08-29 12:00:00,60093.81,61203.5,60009.92,60807.56,66180.0,2329,0.0
2024-08-29 16:00:00,60807.56,60987.89,58930.07,59300.78,59086.0,2270,0.0
2024-08-29 20:00:00,59300.77,59692.84,58739.19,59401.9,36247.0,2374,0.0
2024-08-30 00:00:00,59401.49,59534.68,58945.5,59077.17,35909.0,2245,0.0
2024-08-30 04:00:00,59077.17,59631.26,58727.37,59316.78,38709.0,2302,0.0
2024-08-30 08:00:00,59316.78,59710.04,59309.76,59438.3,35839.0,2470,0.0
2024-08-30 12:00:00,59438.3,59979.6,57934.45,58108.29,70470.0,2227,0.0
2024-08-30 16:00:00,58108.29,59425.22,57692.72,58732.17,62270.0,2476,0.0
2024-08-30 20:00:00,58732.17,59363.28,58732.15,59186.78,33847.0,2215,0.0
2024-08-31 00:00:00,59186.78,59526.63,59116.97,59288.04,33681.0,2466,0.0
2024-08-31 04:00:00,59288.04,59408.02,59104.11,59129.33,32566.0,2266,0.0
2024-08-31 08:00:00,59129.46,59233.16,58865.98,59167.69,35237.0,2379,0.0
2024-08-31 12:00:00,59172.94,59301.35,58942.24,59068.66,38791.0,2160,0.0
2024-08-31 16:00:00,59068.66,59184.5,58770.87,58907.64,30334.0,2490,0.0
2024-08-31 20:00:00,58907.64,59193.39,58821.7,59019.93,21469.0,2621,0.0
2024-09-01 00:00:00,59015.84,59137.39,58304.59,58558.74,31186.0,2690,0.0
2024-09-01 04:00:00,58558.74,58634.74,57786.22,58511.65,40355.0,2883,0.0
2024-09-01 08:00:00,58512.45,58541.73,57868.12,58281.25,35213.0,2882,0.0
2024-09-01 12:00:00,58281.25,58411.79,57187.74,58256.17,48035.0,2515,0.0
2024-09-01 16:00:00,58256.17,58835.64,57911.66,58549.11,41774.0,2545,0.0
2024-09-01 20:00:00,58549.5,58702.71,57226.99,57335.69,43548.0,2590,0.0
2024-09-02 00:00:00,57335.73,57809.23,57151.3,57775.79,41361.0,2671,0.0
2024-09-02 04:00:00,57775.79,58030.04,57385.47,57592.85,34177.0,2649,0.0
2024-09-02 08:00:00,57594.06,58715.87,57554.68,58462.55,47101.0,2246,0.0
2024-09-02 12:00:00,58462.55,58836.48,58122.96,58568.96,43869.0,2215,0.0
2024-09-02 16:00:00,58568.96,58705.63,58318.63,58485.23,34203.0,2266,0.0
2024-09-02 20:00:00,58485.23,59478.66,58417.47,59185.75,33747.0,2079,0.0
2024-09-03 00:00:00,59185.75,59869.08,59079.72,59161.05,33318.0,2079,0.0
2024-09-03 04:00:00,59161.05,59305.43,58911.18,59150.52,32417.0,2425,0.0
2024-09-03 08:00:00,59150.52,59249.66,58749.03,59099.57,35035.0,2309,0.0
2024-09-03 12:00:00,59099.57,59390.6,57558.23,57728.59,58521.0,2321,0.0
2024-09-03 16:00:00,57728.81,58296.2,57596.36,58063.54,43975.0,2686,0.0
2024-09-03 20:00:00,58067.13,58272.83,57390.52,57503.58,27356.0,2476,0.0
2024-09-04 00:00:00,57503.58,57972.69,55625.0,56712.71,56594.0,2239,0.0
2024-09-04 04:00:00,56712.95,56929.5,56197.66,56801.33,39776.0,2266,0.0
2024-09-04 08:00:00,56801.33,56961.77,56494.79,56623.53,38446.0,2244,0.0
2024-09-04 12:00:00,56623.53,58196.4,56207.72,58158.44,64474.0,2110,0.0
2024-09-04 16:00:00,58161.61,58571.01,57680.48,58089.19,50999.0,2031,0.0
2024-09-04 20:00:00,58089.19,58439.68,57853.56,58007.27,28507.0,2209,0.0
2024-09-05 00:00:00,58007.26,58386.69,56960.18,57177.15,36597.0,2214,0.0
2024-09-05 04:00:00,57177.15,57343.5,56573.94,57186.32,38269.0,2232,0.0
2024-09-05 08:00:00,57186.17,57266.87,56624.23,56704.64,35049.0,2321,0.0
2024-09-05 12:00:00,56704.64,57349.6,55819.37,55986.7,69196.0,2531,0.0
2024-09-05 16:00:00,55986.7,56743.32,55791.87,56058.12,52381.0,2489,0.0
2024-09-05 20:00:00,56054.33,56279.11,55654.92,56201.34,32379.0,2511,0.0
2024-09-06 00:00:00,56201.34,56889.98,56001.74,56613.49,37720.0,2436,0.0
2024-09-06 04:00:00,56613.49,56784.15,55295.75,55813.43,42614.0,2412,0.0
2024-09-06 08:00:00,55813.42,56298.21,55655.2,56021.41,42135.0,2377,0.0
2024-09-06 12:00:00,56021.41,57044.12,53809.8,54034.81,87645.0,2234,0.0
2024-09-06 16:00:00,54034.81,54429.51,53255.46,53536.49,71189.0,2800,0.0
2024-09-06 20:00:00,53536.49,54005.08,52549.39,53993.89,55921.0,2579,0.0
2024-09-07 00:00:00,53994.16,54120.58,53788.33,53864.44,41572.0,2569,0.0
2024-09-07 04:00:00,53864.45,54452.71,53850.67,54324.88,43409.0,2328,0.0
2024-09-07 08:00:00,54322.88,54554.53,54222.93,54377.51,35753.0,2168,0.0
2024-09-07 12:00:00,54377.51,54894.67,54375.87,54836.44,41046.0,1972,0.0
2024-09-07 16:00:00,54836.45,54917.75,54028.43,54433.55,42473.0,1938,0.0
2024-09-07 20:00:00,54433.55,54477.72,53839.29,54184.57,32628.0,2236,0.0
2024-09-08 00:00:00,54184.68,54529.18,53975.04,54413.87,33569.0,2547,0.0
2024-09-08 04:00:00,54414.86,54598.29,54284.54,54475.54,34625.0,2412,0.0
2024-09-08 08:00:00,54475.54,54750.25,54380.09,54601.65,31153.0,2117,0.0
2024-09-08 12:00:00,54601.64,54604.85,53664.81,53721.57,42444.0,2273,0.0
2024-09-08 16:00:00,53721.57,54560.67,53651.48,54367.03,35149.0,1970,0.0
2024-09-08 20:00:00,54367.03,55364.16,54210.88,54911.15,40003.0,2001,0.0
2024-09-09 00:00:00,54911.15,55409.04,54723.74,55153.45,47055.0,2198,0.0
2024-09-09 04:00:00,55153.18,55188.24,54605.98,54985.97,41042.0,2231,0.0
2024-09-09 08:00:00,54985.98,55586.3,54974.89,55299.72,39599.0,2049,0.0
2024-09-09 12:00:00,55299.62,55852.54,54837.94,55431.54,61346.0,2002,0.0
2024-09-09 16:00:00,55431.54,57226.19,55391.18,57140.27,58892.0,1781,0.0
2024-09-09 20:00:00,57140.27,58195.2,56845.72,57067.49,41585.0,1791,0.0
2024-09-10 00:00:00,57067.49,57105.9,56540.74,56550.9,38743.0,2035,0.0
2024-09-10 04:00:00,56551.03,57329.42,56417.51,57238.45,39951.0,2121,0.0
2024-09-10 08:00:00,57238.45,57407.49,56918.09,57252.22,38163.0,2077,0.0
2024-09-10 12:00:00,57252.22,57503.83,56544.25,56619.41,63909.0,2113,0.0
2024-09-10 16:00:00,56618.36,58088.86,56584.12,57987.68,52905.0,2000,0.0
2024-09-10 20:00:00,57988.39,58016.77,57474.63,57675.46,30996.0,2011,0.0
2024-09-11 00:00:00,57675.57,57781.98,56689.52,56849.21,43926.0,2059,0.0
2024-09-11 04:00:00,56849.21,56849.21,56108.98,56743.18,45693.0,2176,0.0
2024-09-11 08:00:00,56743.11,56911.67,56379.02,56832.79,44315.0,2077,0.0
2024-09-11 12:00:00,56832.79,57198.39,55584.21,56734.63,77145.0,2081,0.0
2024-09-11 16:00:00,56734.77,58052.28,56674.7,57636.78,61099.0,1890,0.0
2024-09-11 20:00:00,57630.19,57733.32,57245.74,57376.71,27658.0,1989,0.0
2024-09-12 00:00:00,57376.71,58525.62,57365.63,58275.75,44019.0,1926,0.0
2024-09-12 04:00:00,58275.75,58474.65,57880.46,58165.34,39392.0,1890,0.0
2024-09-12 08:00:00,58165.34,58404.1,57916.38,58085.59,34331.0,1890,0.0
2024-09-12 12:00:00,58085.8,58604.79,57353.52,57528.44,64153.0,1960,0.0
2024-09-12 16:00:00,57528.43,58499.34,57503.51,58427.31,46253.0,2067,0.0
2024-09-12 20:00:00,58427.31,58431.73,57805.83,58171.69,27117.0,2118,0.0
2024-09-13 00:00:00,58171.69,58289.23,57857.64,57886.32,28308.0,2161,0.0
2024-09-13 04:00:00,57885.66,58167.91,57766.43,58139.75,25991.0,2079,0.0
2024-09-13 08:00:00,58139.76,58393.29,57853.79,57913.19,30439.0,2211,0.0
2024-09-13 12:00:00,57913.19,59772.89,57648.43,59697.23,57798.0,2027,0.0
2024-09-13 16:00:00,59697.23,60031.19,59335.68,59759.29,52245.0,1868,0.0
2024-09-13 20:00:00,59759.68,60675.49,59639.46,60531.28,38982.0,1957,0.0
2024-09-14 00:00:00,60531.42,60651.28,60319.79,60348.59,35083.0,1892,0.0
2024-09-14 04:00:00,60348.59,60373.64,59900.2,60143.16,35537.0,1993,0.0
2024-09-14 08:00:00,60143.18,60169.97,59635.46,59744.56,29757.0,2603,0.0
2024-09-14 12:00:00,59744.77,60050.32,59668.82,59895.7,35910.0,2870,0.0
2024-09-14 16:00:00,59895.7,59999.94,59421.74,59847.2,32213.0,2339,0.0
2024-09-14 20:00:00,59847.19,60184.47,59804.05,60023.46,28179.0,2387,0.0
2024-09-15 00:00:00,60023.5,60299.89,60013.79,60183.64,29606.0,2146,0.0
2024-09-15 04:00:00,60183.64,60246.89,60102.92,60207.14,25085.0,2111,0.0
2024-09-15 08:00:00,60206.23,60224.59,59902.2,60019.91,28145.0,2255,0.0
2024-09-15 12:00:00,60020.35,60415.97,59879.1,60342.36,34387.0,2074,0.0
2024-09-15 16:00:00,60341.77,60360.05,59712.15,59892.39,32376.0,2038,0.0
2024-09-15 20:00:00,59892.39,59953.4,58717.2,59166.66,37919.0,2189,0.0
2024-09-16 00:00:00,59166.65,59243.81,58116.43,58583.59,46699.0,2232,0.0
2024-09-16 04:00:00,58583.59,58978.01,58312.51,58917.73,34958.0,2707,0.0
2024-09-16 08:00:00,58917.73,59198.38,58503.13,58671.0,38677.0,2514,0.0
2024-09-16 12:00:00,58671.21,58806.87,57581.97,57897.78,52541.0,2514,0.0
2024-09-16 16:00:00,57897.78,58283.07,57495.5,57966.93,42234.0,2626,0.0
2024-09-16 20:00:00,57966.93,58438.99,57609.96,58238.52,28967.0,2591,0.0
2024-09-17 00:00:00,58238.52,58371.87,57641.33,58096.73,33912.0,2524,0.0
2024-09-17 04:00:00,58096.73,58813.69,58050.87,58712.95,29299.0,2227,0.0
2024-09-17 08:00:00,58712.96,59343.93,58648.2,59123.09,36976.0,1947,0.0
2024-09-17 12:00:00,59123.88,61383.7,58909.65,61140.21,65132.0,1781,0.0
2024-09-17 16:00:00,61140.21,61273.91,59641.58,59990.84,55171.0,1785,0.0
2024-09-17 20:00:00,59990.84,60463.24,59747.84,60336.04,34823.0,1988,0.0
2024-09-18 00:00:00,60335.74,60802.47,59900.86,60535.44,34448.0,2004,0.0
2024-09-18 04:00:00,60535.14,60709.03,60203.85,60436.39,29630.0,2100,0.0
2024-09-18 08:00:00,60436.39,60436.39,59396.61,59867.33,38273.0,2170,0.0
2024-09-18 12:00:00,59867.33,60176.84,59299.31,59443.51,48860.0,2303,0.0
2024-09-18 16:00:00,59443.5,61348.52,59177.74,60065.89,82247.0,2194,0.0
2024-09-18 20:00:00,60065.89,61801.93,59471.92,61765.37,39888.0,2018,0.0
2024-09-19 00:00:00,61765.52,62621.03,61577.09,62141.34,49963.0,1849,0.0
2024-09-19 04:00:00,62141.23,62218.63,61834.13,62127.97,35686.0,1816,0.0
2024-09-19 08:00:00,62133.06,62770.92,61906.08,62689.97,38765.0,1921,0.0
2024-09-19 12:00:00,62689.97,63564.17,62636.17,63186.41,61382.0,1832,0.0
2024-09-19 16:00:00,63186.57,63911.04,62976.68,63288.8,55049.0,1805,0.0
2024-09-19 20:00:00,63288.8,63288.8,62650.35,62963.58,33384.0,1904,0.0
2024-09-20 00:00:00,62963.58,63765.97,62603.78,63753.96,41962.0,2046,0.0
2024-09-20 04:00:00,63753.96,64149.88,63385.07,63532.16,47584.0,1943,0.0
2024-09-20 08:00:00,63532.16,63706.93,63107.0,63432.51,36024.0,2185,0.0
2024-09-20 12:00:00,63432.51,63543.15,62550.89,63134.94,59642.0,2436,0.0
2024-09-20 16:00:00,63136.74,63276.36,62318.01,62778.77,48482.0,2434,0.0
2024-09-20 20:00:00,62780.76,63272.76,62674.22,63176.07,31257.0,2424,0.0
2024-09-21 00:00:00,63176.07,63280.08,62774.78,62855.42,34281.0,2557,0.0
2024-09-21 04:00:00,62855.42,63114.58,62693.29,63062.95,34324.0,2853,0.0
2024-09-21 08:00:00,63062.95,63128.51,62949.9,63075.43,24825.0,2885,0.0
2024-09-21 12:00:00,63075.43,63298.06,62995.76,63150.26,33316.0,2479,0.0
2024-09-21 16:00:00,63150.26,63381.77,63064.53,63180.12,24724.0,2353,0.0
2024-09-21 20:00:00,63180.12,63557.97,63018.82,63341.42,23348.0,2826,0.0
2024-09-22 00:00:00,63341.42,63437.32,62810.62,63104.57,32931.0,2917,0.0
2024-09-22 04:00:00,63104.57,63201.91,62822.84,62932.49,25340.0,2950,0.0
2024-09-22 08:00:00,62932.49,63028.47,62528.77,62751.64,31578.0,3018,0.0
2024-09-22 12:00:00,62751.68,62918.54,62457.18,62641.56,33929.0,3017,0.0
2024-09-22 16:00:00,62641.56,63216.89,62462.0,63147.5,26116.0,2870,0.0
2024-09-22 20:00:00,63147.5,64021.86,62369.69,63580.14,38927.0,2246,0.0
2024-09-23 00:00:00,63580.14,64761.63,62557.81,64342.87,54045.0,2088,0.0
2024-09-23 04:00:00,64343.49,64453.85,63377.06,63541.22,34623.0,2281,0.0
2024-09-23 08:00:00,63540.99,63684.2,63286.44,63404.39,31590.0,2800,0.0
2024-09-23 12:00:00,63404.39,63784.27,63014.59,63620.71,51940.0,2885,0.0
2024-09-23 16:00:00,63620.51,63825.78,63079.99,63303.14,35173.0,2881,0.0
2024-09-23 20:00:00,63303.14,63496.08,63073.88,63333.9,22058.0,2917,0.0
2024-09-24 00:00:00,63333.9,63401.73,62697.63,63111.37,32654.0,2755,0.0
2024-09-24 04:00:00,63111.37,63570.41,62922.88,63550.73,25967.0,2705,0.0
2024-09-24 08:00:00,63550.74,63969.08,63369.42,63476.67,31281.0,2295,0.0
2024-09-24 12:00:00,63476.67,63778.43,62706.41,63145.5,43100.0,2487,0.0
2024-09-24 16:00:00,63145.8,64402.37,63073.86,64309.52,35534.0,2375,0.0
2024-09-24 20:00:00,64309.52,64689.67,63970.12,64260.35,32303.0,2232,0.0
2024-09-25 00:00:00,64260.63,64825.65,63981.7,64454.56,31809.0,2517,0.0
2024-09-25 04:00:00,64454.56,64461.89,63629.61,63834.07,25321.0,2647,0.0
2024-09-25 08:00:00,63834.07,63909.49,63390.65,63827.6,27294.0,2865,0.0
2024-09-25 12:00:00,63827.6,64005.63,63296.32,63497.75,44454.0,2909,0.0
2024-09-25 16:00:00,63497.75,63665.18,62979.66,63162.57,35067.0,2937,0.0
2024-09-25 20:00:00,63162.57,63569.64,62918.11,63115.18,26375.0,2691,0.0
2024-09-26 00:00:00,63115.18,63541.45,62641.7,63510.57,30153.0,2785,0.0
2024-09-26 04:00:00,63510.86,63871.98,63335.89,63852.76,26900.0,2484,0.0
2024-09-26 08:00:00,63852.76,64513.12,63585.85,64397.77,31633.0,2353,0.0
2024-09-26 12:00:00,64397.77,65576.04,64150.54,65243.46,59551.0,1988,0.0
2024-09-26 16:00:00,65247.48,65864.04,64721.89,64740.41,45311.0,1984,0.0
2024-09-26 20:00:00,64740.41,65267.61,64651.65,65185.12,29279.0,2571,0.0
2024-09-27 00:00:00,65184.98,65453.41,64841.14,65383.38,30892.0,2193,0.0
2024-09-27 04:00:00,65382.74,65589.75,65120.68,65500.76,33158.0,2444,0.0
2024-09-27 08:00:00,65500.76,66022.51,65349.11,65450.7,36824.0,2340,0.0
2024-09-27 12:00:00,65450.7,66511.63,65330.85,66041.7,52320.0,2082,0.0
2024-09-27 16:00:00,66041.69,66401.04,65526.23,65664.47,39589.0,2255,0.0
2024-09-27 20:00:00,65664.47,65993.81,65626.3,65788.1,25742.0,2619,0.0
2024-09-28 00:00:00,65788.11,66285.41,65724.22,66095.45,30345.0,2171,0.0
2024-09-28 04:00:00,66095.45,66115.02,65751.74,65832.05,27647.0,2222,0.0
2024-09-28 08:00:00,65832.05,65832.43,65462.16,65814.38,33268.0,3003,0.0
2024-09-28 12:00:00,65815.48,65845.3,65428.5,65634.37,29885.0,2951,0.0
2024-09-28 16:00:00,65633.75,65836.65,65496.65,65748.63,23097.0,2844,0.0
2024-09-28 20:00:00,65748.67,66023.21,65434.74,65870.64,21074.0,2900,0.0
2024-09-29 00:00:00,65870.27,66000.23,65640.87,65827.66,26481.0,2589,0.0
2024-09-29 04:00:00,65828.37,65828.37,65442.48,65480.13,21269.0,2682,0.0
2024-09-29 08:00:00,65480.13,65737.25,65441.02,65701.27,22172.0,3077,0.0
2024-09-29 12:00:00,65701.27,65873.55,65530.3,65768.71,25929.0,2463,0.0
2024-09-29 16:00:00,65768.12,65994.89,65660.99,65967.97,21410.0,2107,0.0
2024-09-29 20:00:00,65967.98,66105.86,65531.4,65607.08,22889.0,2245,0.0
2024-09-30 00:00:00,65607.08,65620.43,64208.57,64594.87,39103.0,3015,0.0
2024-09-30 04:00:00,64594.73,64742.35,64338.27,64590.01,29552.0,3062,0.0
2024-09-30 08:00:00,64590.01,64603.61,63256.02,63830.24,44318.0,3037,0.0
2024-09-30 12:00:00,63830.29,64181.79,63540.84,63570.94,45353.0,2876,0.0
2024-09-30 16:00:00,63570.94,63742.01,63032.06,63473.65,43666.0,3037,0.0
2024-09-30 20:00:00,63474.15,63852.56,62831.6,63314.34,31710.0,3020,0.0
2024-10-01 00:00:00,63314.34,63713.33,62997.18,63688.49,37629.0,3023,0.0
2024-10-01 04:00:00,63688.49,64110.61,63603.61,64041.98,31357.0,2996,0.0
2024-10-01 08:00:00,64041.98,64097.85,63697.14,63709.56,28459.0,2982,0.0
2024-10-01 12:00:00,63709.56,63801.85,61780.51,62600.02,62512.0,2941,0.0
2024-10-01 16:00:00,62600.02,62746.72,61053.29,61733.45,66785.0,2907,0.0
2024-10-01 20:00:00,61733.74,61743.44,60133.16,60783.7,49305.0,2651,0.0
2024-10-02 00:00:00,60783.7,61860.52,60707.37,61720.62,39277.0,2775,0.0
2024-10-02 04:00:00,61720.61,61926.74,61316.63,61698.19,39483.0,2726,0.0
2024-10-02 08:00:00,61698.19,61891.0,60847.17,61132.34,44423.0,2682,0.0
2024-10-02 12:00:00,61131.29,61922.58,60495.93,61855.85,63698.0,2676,0.0
2024-10-02 16:00:00,61855.85,62382.96,59943.19,60162.87,62392.0,2635,0.0
2024-10-02 20:00:00,60154.99,60975.48,60084.7,60610.94,43232.0,2827,0.0
2024-10-03 00:00:00,60610.94,61445.83,60489.86,61443.5,41001.0,2864,0.0
2024-10-03 04:00:00,61443.5,61468.98,60798.05,60899.24,35517.0,2649,0.0
2024-10-03 08:00:00,60899.59,61044.47,60108.8,60738.19,46424.0,2719,0.0
2024-10-03 12:00:00,60738.19,60908.92,59830.41,60624.53,73600.0,2793,0.0
2024-10-03 16:00:00,60624.53,61035.8,59902.74,61013.7,48129.0,2518,0.0
2024-10-03 20:00:00,61010.8,61084.63,60582.63,60719.67,29101.0,2525,0.0
2024-10-04 00:00:00,60719.67,61260.41,60420.95,60942.47,34940.0,2528,0.0
2024-10-04 04:00:00,60942.47,61498.77,60914.55,61429.87,26924.0,2524,0.0
2024-10-04 08:00:00,61429.86,61647.68,61242.91,61429.09,33524.0,2468,0.0
2024-10-04 12:00:00,61429.09,61997.38,60762.61,61859.74,63635.0,2365,0.0
2024-10-04 16:00:00,61859.68,62490.52,61632.1,62389.09,46510.0,2140,0.0
2024-10-04 20:00:00,62391.89,62506.61,61968.61,62095.17,30633.0,2125,0.0
2024-10-05 00:00:00,62095.17,62210.09,61676.76,61868.09,33412.0,2347,0.0
2024-10-05 04:00:00,61868.28,62276.89,61822.42,62071.95,34734.0,2138,0.0
2024-10-05 08:00:00,62071.95,62324.42,62068.31,62175.02,31924.0,1986,0.0
2024-10-05 12:00:00,62175.02,62370.96,62072.37,62143.24,32500.0,1889,0.0
2024-10-05 16:00:00,62142.54,62165.86,61746.41,61832.82,26725.0,2593,0.0
2024-10-05 20:00:00,61832.82,62087.29,61669.13,62026.12,25212.0,2939,0.0
2024-10-06 00:00:00,62026.12,62120.4,61838.12,61854.02,25707.0,2928,0.0
2024-10-06 04:00:00,61854.02,61987.67,61772.64,61929.08,25036.0,2854,0.0
2024-10-06 08:00:00,61929.08,62143.37,61894.09,62066.83,25850.0,2772,0.0
2024-10-06 12:00:00,62066.83,62768.02,62029.21,62703.58,34127.0,1781,0.0
2024-10-06 16:00:00,62703.58,63000.16,62526.34,62642.42,35694.0,1783,0.0
2024-10-06 20:00:00,62642.41,62919.29,62283.8,62824.85,30963.0,1922,0.0
2024-10-07 00:00:00,62824.95,63991.08,62661.61,63522.15,44092.0,1782,0.0
2024-10-07 04:00:00,63522.15,63723.95,63295.23,63537.96,31912.0,1865,0.0
2024-10-07 08:00:00,63537.96,63715.0,62617.1,63116.64,35579.0,2094,0.0
2024-10-07 12:00:00,63116.5,64476.17,62806.64,63647.51,54069.0,1955,0.0
2024-10-07 16:00:00,63647.3,63907.16,62714.85,63377.81,46317.0,2251,0.0
2024-10-07 20:00:00,63377.81,63409.77,62111.31,62200.22,34849.0,2324,0.0
2024-10-08 00:00:00,62200.23,62809.16,62122.15,62619.93,38738.0,2478,0.0
2024-10-08 04:00:00,62619.93,62780.43,61975.4,62288.44,37701.0,2512,0.0
2024-10-08 08:00:00,62288.44,62653.62,62159.44,62608.35,33340.0,2453,0.0
2024-10-08 12:00:00,62608.35,63194.77,61847.37,62265.53,57002.0,2341,0.0
2024-10-08 16:00:00,62265.53,62568.98,61812.74,62215.23,42398.0,2366,0.0
2024-10-08 20:00:00,62219.93,62559.07,61985.98,62128.8,27664.0,2464,0.0
2024-10-09 00:00:00,62128.95,62482.19,61968.25,62370.77,32217.0,2512,0.0
2024-10-09 04:00:00,62370.77,62546.18,62173.49,62242.6,26462.0,2385,0.0
2024-10-09 08:00:00,62242.6,62262.48,62011.58,62155.26,27462.0,2508,0.0
2024-10-09 12:00:00,62155.26,62394.14,61565.58,62294.03,48820.0,2341,0.0
2024-10-09 16:00:00,62294.04,62324.68,60752.55,60973.94,43047.0,2286,0.0
2024-10-09 20:00:00,60973.94,61051.1,60225.05,60585.43,34893.0,2473,0.0
2024-10-10 00:00:00,60585.43,60892.07,60310.97,60805.39,31548.0,2617,0.0
2024-10-10 04:00:00,60805.39,61081.01,60750.93,60825.73,29815.0,2522,0.0
2024-10-10 08:00:00,60825.73,61258.94,60560.03,61192.66,34478.0,2434,0.0
2024-10-10 12:00:00,61192.66,61253.09,60378.59,60740.95,51148.0,2388,0.0
2024-10-10 16:00:00,60740.95,60985.12,58857.02,59685.6,52517.0,2763,0.0
2024-10-10 20:00:00,59685.6,60301.95,59527.6,60296.88,32220.0,2547,0.0
2024-10-11 00:00:00,60296.88,60728.38,60042.67,60555.96,32776.0,2531,0.0
2024-10-11 04:00:00,60555.96,60873.67,60525.36,60624.01,28856.0,2502,0.0
2024-10-11 08:00:00,60624.15,61230.15,60593.91,61139.91,29848.0,2302,0.0
2024-10-11 12:00:00,61140.43,62485.24,61084.36,62268.65,51814.0,2056,0.0
2024-10-11 16:00:00,62268.66,63469.36,62145.73,63102.34,46519.0,1781,0.0
2024-10-11 20:00:00,63099.55,63214.4,62360.61,62543.02,32974.0,1856,0.0
2024-10-12 00:00:00,62543.72,63098.4,62492.16,62577.48,41376.0,1987,0.0
2024-10-12 04:00:00,62577.16,62815.88,62577.16,62762.12,32539.0,2173,0.0
2024-10-12 08:00:00,62762.12,63276.72,62679.48,62950.96,36262.0,1799,0.0
2024-10-12 12:00:00,62950.96,63536.69,62836.35,63197.95,42112.0,1780,0.0
2024-10-12 16:00:00,63197.06,63429.79,62922.88,63020.23,33016.0,1916,0.0
2024-10-12 20:00:00,63020.23,63404.38,63017.69,63225.04,27494.0,2028,0.0
2024-10-13 00:00:00,63225.01,63313.78,62676.07,62735.48,32944.0,1967,0.0
2024-10-13 04:00:00,62735.48,63017.32,62721.24,62859.98,28411.0,2513,0.0
2024-10-13 08:00:00,62860.24,62990.66,62533.59,62577.57,28623.0,2876,0.0
2024-10-13 12:00:00,62577.57,62854.65,62059.5,62246.32,37403.0,2859,0.0
2024-10-13 16:00:00,62246.32,62928.99,62185.14,62755.89,36692.0,1964,0.0
2024-10-13 20:00:00,62755.89,63159.61,62633.8,62895.86,33876.0,2286,0.0
2024-10-14 00:00:00,62895.86,64397.04,62471.09,64300.73,42859.0,1781,0.0
2024-10-14 04:00:00,64300.73,64682.88,63760.43,64603.05,42313.0,1782,0.0
2024-10-14 08:00:00,64603.05,65146.35,64308.48,64891.53,44176.0,1786,0.0
2024-10-14 12:00:00,64891.53,66268.0,64626.81,65841.9,58310.0,1785,0.0
2024-10-14 16:00:00,65841.9,66056.91,65501.06,65918.8,42516.0,1795,0.0
2024-10-14 20:00:00,65918.8,66513.01,65713.27,66057.46,30550.0,1780,0.0
2024-10-15 00:00:00,66057.46,66316.45,65282.34,65370.42,38932.0,1785,0.0
2024-10-15 04:00:00,65370.42,65816.34,65180.49,65627.32,36914.0,1904,0.0
2024-10-15 08:00:00,65627.32,65831.45,65260.9,65379.77,39777.0,2011,0.0
2024-10-15 12:00:00,65388.77,67947.76,64757.06,65967.22,80153.0,1780,0.0
2024-10-15 16:00:00,65967.22,67382.65,65930.97,66965.54,59063.0,2033,0.0
2024-10-15 20:00:00,66965.54,67152.03,66108.87,67061.31,40973.0,2022,0.0
2024-10-16 00:00:00,67061.31,67592.66,66741.74,67112.03,42251.0,1987,0.0
2024-10-16 04:00:00,67112.23,67390.58,66772.0,66971.38,44011.0,1999,0.0
2024-10-16 08:00:00,66971.38,68433.79,66906.47,67899.45,51482.0,1787,0.0
2024-10-16 12:00:00,67898.02,68320.26,67111.47,67758.79,72742.0,1836,0.0
2024-10-16 16:00:00,67759.05,68127.34,67478.15,67733.3,44533.0,1935,0.0
2024-10-16 20:00:00,67731.0,67980.69,67475.11,67607.99,29947.0,1970,0.0
2024-10-17 00:00:00,67607.99,67942.95,67374.53,67585.86,33191.0,1970,0.0
2024-10-17 04:00:00,67586.38,67586.38,67044.66,67266.01,39028.0,2190,0.0
2024-10-17 08:00:00,67266.0,67514.95,66767.19,66823.3,39356.0,2235,0.0
2024-10-17 12:00:00,66822.62,67683.37,66617.79,67568.09,62260.0,2328,0.0
2024-10-17 16:00:00,67568.09,67583.62,66685.47,66789.26,45739.0,2243,0.0
2024-10-17 20:00:00,66789.25,67466.55,66769.97,67398.06,28839.0,2203,0.0
2024-10-18 00:00:00,67398.06,68252.9,67157.75,67540.45,41923.0,2203,0.0
2024-10-18 04:00:00,67540.45,68386.41,67519.57,67959.57,41102.0,2211,0.0
2024-10-18 08:00:00,67959.57,68044.61,67641.4,67680.54,36904.0,2298,0.0
2024-10-18 12:00:00,67680.54,68868.54,67601.85,68715.36,57130.0,1976,0.0
2024-10-18 16:00:00,68715.36,69002.16,68341.33,68588.53,44448.0,1826,0.0
2024-10-18 20:00:00,68588.53,68673.24,68144.91,68403.08,31459.0,2188,0.0
2024-10-19 00:00:00,68403.08,68671.25,68264.9,68423.14,27602.0,2539,0.0
2024-10-19 04:00:00,68423.14,68541.89,68261.8,68329.6,23511.0,2964,0.0
2024-10-19 08:00:00,68329.6,68446.99,68039.95,68054.8,28169.0,3129,0.0
2024-10-19 12:00:00,68054.8,68327.63,68046.66,68201.98,32274.0,3139,0.0
2024-10-19 16:00:00,68201.97,68219.02,67983.98,68156.92,22638.0,3137,0.0
2024-10-19 20:00:00,68156.92,68398.3,68135.19,68347.51,22611.0,3130,0.0
2024-10-20 00:00:00,68351.0,68429.65,68047.09,68144.89,19725.0,3114,0.0
2024-10-20 04:00:00,68144.89,68408.86,68123.07,68337.66,23572.0,2945,0.0
2024-10-20 08:00:00,68337.66,68484.04,68327.66,68406.06,25262.0,2437,0.0
2024-10-20 12:00:00,68406.07,68752.98,68178.86,68607.0,31930.0,1810,0.0
2024-10-20 16:00:00,68607.0,68647.83,68394.73,68505.22,23721.0,2206,0.0
2024-10-20 20:00:00,68505.22,69387.65,68446.76,68965.77,38456.0,2329,0.0
2024-10-21 00:00:00,68965.77,69497.65,68548.78,68903.23,36604.0,2330,0.0
2024-10-21 04:00:00,68903.23,69152.07,68439.63,68483.57,33038.0,2951,0.0
2024-10-21 08:00:00,68483.57,68633.53,68087.66,68187.45,36024.0,3130,0.0
2024-10-21 12:00:00,68187.45,68286.61,66777.73,67283.14,46148.0,3016,0.0
2024-10-21 16:00:00,67288.98,67933.39,66813.8,67747.96,40209.0,2839,0.0
2024-10-21 20:00:00,67747.96,67927.41,67313.01,67340.15,30393.0,2735,0.0
2024-10-22 00:00:00,67340.15,67665.36,66505.28,67348.7,41084.0,2480,0.0
2024-10-22 04:00:00,67348.7,67756.72,67222.42,67344.78,31737.0,2753,0.0
2024-10-22 08:00:00,67344.77,67477.8,66665.91,67216.75,42090.0,2735,0.0
2024-10-22 12:00:00,67216.75,67638.97,66534.7,67203.48,55260.0,2612,0.0
2024-10-22 16:00:00,67203.1,67591.76,66827.36,67432.15,39385.0,2739,0.0
2024-10-22 20:00:00,67432.15,67790.35,67212.93,67356.76,26873.0,2720,0.0
2024-10-23 00:00:00,67356.76,67390.63,66782.02,66984.23,28336.0,2792,0.0
2024-10-23 04:00:00,66984.23,67222.6,66688.25,66748.56,29858.0,2874,0.0
2024-10-23 08:00:00,66748.56,66945.42,66087.49,66343.46,38343.0,2947,0.0
2024-10-23 12:00:00,66343.46,66822.69,65810.77,66109.4,49543.0,2787,0.0
2024-10-23 16:00:00,66109.4,66474.89,65146.99,66368.56,52807.0,2573,0.0
2024-10-23 20:00:00,66368.84,66743.01,66221.54,66586.72,31097.0,2681,0.0
2024-10-24 00:00:00,66587.27,67550.05,66425.55,67125.81,38437.0,2579,0.0
2024-10-24 04:00:00,67125.81,67405.64,66970.71,67029.61,32675.0,2686,0.0
2024-10-24 08:00:00,67029.61,67241.29,66625.43,67211.87,37858.0,2707,0.0
2024-10-24 12:00:00,67211.87,67935.42,67176.92,67629.22,54851.0,2299,0.0
2024-10-24 16:00:00,67629.22,68294.99,67276.02,68283.06,40322.0,2132,0.0
2024-10-24 20:00:00,68283.2,68828.59,67929.78,68130.38,36176.0,2307,0.0
2024-10-25 00:00:00,68130.04,68219.16,67756.55,67959.57,33961.0,2774,0.0
2024-10-25 04:00:00,67959.57,67993.74,67163.58,67460.63,33523.0,2733,0.0
2024-10-25 08:00:00,67460.59,68146.28,67246.24,68065.92,37631.0,2719,0.0
2024-10-25 12:00:00,68065.92,68740.16,67393.95,67643.99,55085.0,2441,0.0
2024-10-25 16:00:00,67643.99,67829.43,65887.62,66749.47,69090.0,2308,0.0
2024-10-25 20:00:00,66749.47,67294.32,65483.14,66579.57,55276.0,2540,0.0
2024-10-26 00:00:00,66579.57,66937.63,66325.8,66819.78,52748.0,2256,0.0
2024-10-26 04:00:00,66819.78,67176.4,66674.53,66931.51,45763.0,2043,0.0
2024-10-26 08:00:00,66931.87,67218.58,66890.22,67064.92,36977.0,2136,0.0
2024-10-26 12:00:00,67064.93,67112.19,66623.98,66795.79,41100.0,2206,0.0
2024-10-26 16:00:00,66795.79,67106.59,66701.23,67095.48,40414.0,1863,0.0
2024-10-26 20:00:00,67095.49,67387.76,66986.44,67002.03,30138.0,1863,0.0
2024-10-27 00:00:00,67002.05,67225.93,66816.26,67185.06,32099.0,2382,0.0
2024-10-27 04:00:00,67185.06,67215.11,67018.99,67131.26,30824.0,2280,0.0
2024-10-27 08:00:00,67131.26,67197.25,66971.57,67063.05,27788.0,2266,0.0
2024-10-27 12:00:00,67063.05,67791.86,67050.14,67718.03,41534.0,1784,0.0
2024-10-27 16:00:00,67719.23,67941.64,67455.83,67772.36,34438.0,1782,0.0
2024-10-27 20:00:00,67772.37,68287.19,67646.82,67967.64,37330.0,1782,0.0
2024-10-28 00:00:00,67967.63,68067.81,67597.28,67666.47,34033.0,1875,0.0
2024-10-28 04:00:00,67666.47,68623.6,67549.08,68380.33,35563.0,1823,0.0
2024-10-28 08:00:00,68380.33,68811.18,68169.34,68721.31,37174.0,1782,0.0
2024-10-28 12:00:00,68721.31,69255.86,68387.1,68461.44,55801.0,1783,0.0
2024-10-28 16:00:00,68460.34,69896.68,68418.38,69613.25,44923.0,1781,0.0
2024-10-28 20:00:00,69613.24,70307.54,69387.57,69910.88,41859.0,1784,0.0
2024-10-29 00:00:00,69910.88,71540.0,69705.01,70850.63,49338.0,1784,0.0
2024-10-29 04:00:00,70850.63,71295.88,70741.63,70942.54,40324.0,1827,0.0
2024-10-29 08:00:00,70942.54,71537.4,70895.17,71403.16,39318.0,1784,0.0
2024-10-29 12:00:00,71403.16,72384.89,70847.29,72356.14,57690.0,1781,0.0
2024-10-29 16:00:00,72355.34,73626.95,72311.7,72468.45,60628.0,1785,0.0
2024-10-29 20:00:00,72468.45,72913.55,71792.88,72674.9,46095.0,1948,0.0
2024-10-30 00:00:00,72674.07,72728.89,71934.54,72166.18,39443.0,2281,0.0
2024-10-30 04:00:00,72166.4,72557.79,72039.51,72167.47,33104.0,2502,0.0
2024-10-30 08:00:00,72167.47,72550.1,71865.25,71931.74,33772.0,2443,0.0
2024-10-30 12:00:00,71931.74,72434.57,71359.91,72002.98,61656.0,2493,0.0
2024-10-30 16:00:00,72002.86,72149.08,71575.71,71765.67,42188.0,2463,0.0
2024-10-30 20:00:00,71764.86,72929.24,71563.45,72304.86,39406.0,2233,0.0
2024-10-31 00:00:00,72304.86,72546.81,71968.9,72302.66,31199.0,2469,0.0
2024-10-31 04:00:00,72302.66,72425.36,72080.09,72353.6,28714.0,2578,0.0
2024-10-31 08:00:00,72353.59,72630.21,72074.58,72134.7,29817.0,2246,0.0
2024-10-31 12:00:00,72134.7,72190.94,70334.02,70524.09,58906.0,2516,0.0
2024-10-31 16:00:00,70524.09,70803.96,69913.73,69990.26,47387.0,2337,0.0
2024-10-31 20:00:00,69990.26,70550.03,69543.24,70199.91,37258.0,2423,0.0
2024-11-01 00:00:00,70199.91,70367.28,68735.69,69277.22,50614.0,2636,0.0
2024-11-01 04:00:00,69277.21,69635.04,68980.91,69180.05,37067.0,2708,0.0
2024-11-01 08:00:00,69180.06,70165.58,69145.8,69937.11,37308.0,2635,0.0
2024-11-01 12:00:00,69936.88,71582.27,68984.45,69334.39,66636.0,2264,0.0
2024-11-01 16:00:00,69334.39,70489.98,68741.69,69187.73,63324.0,2255,0.0
2024-11-01 20:00:00,69187.73,69578.43,68783.58,69460.1,38201.0,2682,0.0
2024-11-02 00:00:00,69460.26,69885.39,69442.41,69562.54,35387.0,2514,0.0
2024-11-02 04:00:00,69562.54,69789.47,69393.46,69767.72,34722.0,2600,0.0
2024-11-02 08:00:00,69767.72,69801.65,69359.94,69570.58,35924.0,2423,0.0
2024-11-02 12:00:00,69570.59,69647.51,68952.62,69319.27,43415.0,2634,0.0
2024-11-02 16:00:00,69319.27,69549.04,69148.62,69442.04,31614.0,2750,0.0
2024-11-02 20:00:00,69442.04,69515.57,69093.94,69296.65,24892.0,2608,0.0
2024-11-03 00:00:00,69296.64,69325.56,67789.54,68323.81,44868.0,2950,0.0
2024-11-03 04:00:00,68323.35,68727.1,68242.93,68334.17,42661.0,2846,0.0
2024-11-03 08:00:00,68334.17,68549.25,68142.69,68297.58,34347.0,2957,0.0
2024-11-03 12:00:00,68297.58,68479.75,67450.2,68041.77,49853.0,3092,0.0
2024-11-03 16:00:00,68041.77,68656.5,67633.82,68632.0,44444.0,2216,0.0
2024-11-03 20:00:00,68632.0,69311.69,68442.74,68704.98,46530.0,1948,0.0
2024-11-04 00:00:00,68705.07,69450.38,68145.92,68973.81,52530.0,2095,0.0
2024-11-04 04:00:00,68973.81,69335.96,68523.37,68523.52,39885.0,2071,0.0
2024-11-04 08:00:00,68524.92,68985.97,68375.07,68716.49,47216.0,2142,0.0
2024-11-04 12:00:00,68717.23,69195.28,68117.0,68588.83,51773.0,2089,0.0
2024-11-04 16:00:00,68588.83,68788.16,67198.09,67805.83,48878.0,2222,0.0
2024-11-04 20:00:00,67805.83,68063.05,66806.82,67801.12,46038.0,2201,0.0
2024-11-05 00:00:00,67801.12,68205.4,67418.82,68183.14,43573.0,2097,0.0
2024-11-05 04:00:00,68183.22,68949.6,68154.64,68861.9,39629.0,1936,0.0
2024-11-05 08:00:00,68861.76,69064.58,68559.29,68777.72,41855.0,1916,0.0
2024-11-05 12:00:00,68777.72,70312.86,68632.16,69641.81,58081.0,2019,0.0
2024-11-05 16:00:00,69641.81,70570.35,68698.66,68982.19,54280.0,2165,0.0
2024-11-05 20:00:00,68982.52,69912.9,68812.7,69389.34,47173.0,2226,0.0
2024-11-06 00:00:00,69389.34,75438.22,69300.55,74314.47,91552.0,1799,0.0
2024-11-06 04:00:00,74314.55,75416.25,73053.13,73362.24,82694.0,1840,0.0
2024-11-06 08:00:00,73362.24,74493.75,72652.4,74308.35,69459.0,2152,0.0
2024-11-06 12:00:00,74308.22,74795.21,73525.03,74350.04,72290.0,2120,0.0
2024-11-06 16:00:00,74349.75,75925.12,74158.75,75871.87,60107.0,1947,0.0
2024-11-06 20:00:00,75871.87,76470.01,75543.14,75589.85,54563.0,1944,0.0
2024-11-07 00:00:00,75589.85,76047.94,74994.88,75039.98,55515.0,2136,0.0
2024-11-07 04:00:00,75039.96,75063.05,74402.63,74760.57,44187.0,2387,0.0
2024-11-07 08:00:00,74760.57,75166.57,74682.22,74748.27,45740.0,2489,0.0
2024-11-07 12:00:00,74748.27,76130.54,74527.66,76118.31,56377.0,2461,0.0
2024-11-07 16:00:00,76118.31,76776.72,75603.69,76577.64,70178.0,2148,0.0
2024-11-07 20:00:00,76577.64,76935.25,75493.64,75892.63,53974.0,2090,0.0
2024-11-08 00:00:00,75893.73,76386.83,75585.26,75924.37,51164.0,2191,0.0
2024-11-08 04:00:00,75924.37,76284.99,75712.81,76211.95,45929.0,2135,0.0
2024-11-08 08:00:00,76211.95,76374.16,75804.25,75983.38,43043.0,2188,0.0
2024-11-08 12:00:00,75983.38,76654.5,75648.44,76464.97,54004.0,2011,0.0
2024-11-08 16:00:00,76464.97,77248.97,75838.55,76960.03,56626.0,1784,0.0
2024-11-08 20:00:00,76960.03,77150.28,76286.12,76484.11,47335.0,1813,0.0
2024-11-09 00:00:00,76484.41,76632.48,76121.69,76335.79,42428.0,1966,0.0
2024-11-09 04:00:00,76335.79,76799.09,76289.42,76526.83,43400.0,1780,0.0
2024-11-09 08:00:00,76526.82,76736.58,76364.7,76497.51,41147.0,1781,0.0
2024-11-09 12:00:00,76497.52,76554.71,76246.34,76299.5,34678.0,1934,0.0
2024-11-09 16:00:00,76299.5,76698.14,75686.63,76175.28,43781.0,2122,0.0
2024-11-09 20:00:00,76175.28,76900.93,76131.08,76665.37,36815.0,1794,0.0
2024-11-10 00:00:00,76665.37,77501.59,76483.45,77162.13,51612.0,1801,0.0
2024-11-10 04:00:00,77163.24,79732.38,77095.31,78777.78,69079.0,1904,0.0
2024-11-10 08:00:00,78777.09,80102.1,78776.88,79854.76,53031.0,1877,0.0
2024-11-10 12:00:00,79857.13,80134.75,79169.04,79688.05,61143.0,1781,0.0
2024-11-10 16:00:00,79688.05,81120.73,79322.7,79728.54,60377.0,1780,0.0
2024-11-10 20:00:00,79728.54,81607.05,78461.52,80360.51,68756.0,1866,0.0
2024-11-11 00:00:00,80360.51,81917.17,80214.82,81639.07,61268.0,1780,0.0
2024-11-11 04:00:00,81638.7,81758.13,80438.14,81137.01,57955.0,1783,0.0
2024-11-11 08:00:00,81137.27,82406.97,81053.34,82167.93,57747.0,1783,0.0
2024-11-11 12:00:00,82167.93,84384.97,81487.93,84135.57,77925.0,1780,0.0
2024-11-11 16:00:00,84135.57,86951.6,83885.43,86226.38,84043.0,1780,0.0
2024-11-11 20:00:00,86226.38,89722.94,86170.93,88697.99,84787.0,2099,0.0
2024-11-12 00:00:00,88698.57,89549.66,86629.02,88147.84,84692.0,2480,0.0
2024-11-12 04:00:00,88147.84,90012.57,87793.49,89073.99,69955.0,2796,0.0
2024-11-12 08:00:00,89073.56,89502.42,85382.94,87189.88,92373.0,2523,0.0
2024-11-12 12:00:00,87189.88,87902.93,85062.52,86648.67,100984.0,2620,0.0
2024-11-12 16:00:00,86648.67,89899.54,85784.32,88813.22,84334.0,2491,0.0
2024-11-12 20:00:00,88813.22,89999.19,87459.02,87987.95,68527.0,2294,0.0
2024-11-13 00:00:00,87987.94,88641.85,87090.43,87220.1,72227.0,2300,0.0
2024-11-13 04:00:00,87220.1,87774.24,86193.08,87436.85,65667.0,2272,0.0
2024-11-13 08:00:00,87436.86,88175.39,87143.49,87732.7,57449.0,2352,0.0
2024-11-13 12:00:00,87728.91,92887.06,87567.9,92701.35,96198.0,1780,0.0
2024-11-13 16:00:00,92693.67,93489.92,90043.44,90231.35,99084.0,1780,0.0
2024-11-13 20:00:00,90231.34,91232.95,87993.29,90456.36,82750.0,2400,0.0
2024-11-14 00:00:00,90456.28,90634.2,89531.47,89959.68,66570.0,2731,0.0
2024-11-14 04:00:00,89959.68,90879.21,89085.05,90792.4,57093.0,3051,0.0
2024-11-14 08:00:00,90792.41,91718.3,90360.82,91522.47,69888.0,2907,0.0
2024-11-14 12:00:00,91524.78,91827.5,87814.69,87950.39,85922.0,2900,0.0
2024-11-14 16:00:00,87950.38,89716.47,87507.3,89476.74,70695.0,2917,0.0
2024-11-14 20:00:00,89476.74,89477.05,86648.79,87314.05,74249.0,2378,0.0
2024-11-15 00:00:00,87314.05,88505.15,87226.84,88231.63,60747.0,2581,0.0
2024-11-15 04:00:00,88231.63,88428.86,87056.2,87648.32,55647.0,2512,0.0
2024-11-15 08:00:00,87648.43,89787.5,87372.34,89739.62,58886.0,2590,0.0
2024-11-15 12:00:00,89739.62,90746.39,87721.85,88400.33,80532.0,2534,0.0
2024-11-15 16:00:00,88400.34,90879.88,88345.05,90397.2,71790.0,2406,0.0
2024-11-15 20:00:00,90397.2,91920.67,90349.93,91014.72,59101.0,2040,0.0
2024-11-16 00:00:00,91014.47,91730.37,90844.25,91247.77,51820.0,1789,0.0
2024-11-16 04:00:00,91247.77,91803.53,91057.83,91111.28,47392.0,1993,0.0
2024-11-16 08:00:00,91111.27,91598.6,90967.4,91148.5,45062.0,1901,0.0
2024-11-16 12:00:00,91148.5,91300.95,90021.17,90480.85,59890.0,2230,0.0
2024-11-16 16:00:00,90479.64,91401.78,90158.33,91091.75,52961.0,1980,0.0
2024-11-16 20:00:00,91091.9,91169.22,90260.12,90545.3,40609.0,2238,0.0
2024-11-17 00:00:00,90572.85,90896.58,89320.88,90248.61,53487.0,2394,0.0
2024-11-17 04:00:00,90248.61,90876.09,90146.4,90497.9,49900.0,1930,0.0
2024-11-17 08:00:00,90497.52,91433.01,90424.48,90631.37,50831.0,1780,0.0
2024-11-17 12:00:00,90631.38,91140.6,89856.27,90216.48,53872.0,2350,0.0
2024-11-17 16:00:00,90214.99,90605.19,89623.2,90003.25,46162.0,3288,0.0
2024-11-17 20:00:00,90003.25,90190.17,88648.51,89833.48,51124.0,3438,0.0
2024-11-18 00:00:00,89833.48,90931.27,89606.13,90634.31,55142.0,2738,0.0
2024-11-18 04:00:00,90634.31,92320.72,90423.75,91681.96,49193.0,2079,0.0
2024-11-18 08:00:00,91688.74,92224.33,89965.03,90219.69,53737.0,2398,0.0
2024-11-18 12:00:00,90219.7,92670.74,89327.7,92388.07,78906.0,1907,0.0
2024-11-18 16:00:00,92378.83,92654.27,89630.52,90623.15,74416.0,1946,0.0
2024-11-18 20:00:00,90623.15,92051.43,90235.0,90465.19,58838.0,2259,0.0
2024-11-19 00:00:00,90464.9,91554.12,90358.38,91425.5,47956.0,2854,0.0
2024-11-19 04:00:00,91425.49,92057.9,91208.92,91622.91,47116.0,2061,0.0
2024-11-19 08:00:00,91622.91,91940.2,91156.65,91640.33,48966.0,2151,0.0
2024-11-19 12:00:00,91639.73,92864.1,90974.14,92431.3,74566.0,1828,0.0
2024-11-19 16:00:00,92431.3,93996.89,92209.47,93286.93,69082.0,1780,0.0
2024-11-19 20:00:00,93280.63,93620.16,91338.82,92349.39,57644.0,1783,0.0
2024-11-20 00:00:00,92349.33,92485.08,91490.84,92045.13,48399.0,3249,0.0
2024-11-20 04:00:00,92044.92,92895.46,91857.05,92878.93,48124.0,2612,0.0
2024-11-20 08:00:00,92878.93,93729.13,92750.79,93489.2,53503.0,1783,0.0
2024-11-20 12:00:00,93489.86,94901.52,93337.34,94810.56,71290.0,1979,0.0
2024-11-20 16:00:00,94810.02,94919.79,93189.59,94066.09,71796.0,1780,0.0
2024-11-20 20:00:00,94066.4,94681.81,93814.23,94342.72,52159.0,1780,0.0
2024-11-21 00:00:00,94342.39,95990.21,94052.99,95815.72,54454.0,1780,0.0
2024-11-21 04:00:00,95814.79,97880.52,95813.32,96922.78,66321.0,1787,0.0
2024-11-21 08:00:00,96922.78,98352.12,96715.68,97942.12,56090.0,1780,0.0
2024-11-21 12:00:00,97942.77,98223.51,95584.65,96661.5,79009.0,2280,0.0
2024-11-21 16:00:00,96653.18,99093.51,96298.26,97832.77,76226.0,1892,0.0
2024-11-21 20:00:00,97832.77,98802.04,97554.15,98402.98,55534.0,2330,0.0
2024-11-22 00:00:00,98402.95,99400.3,97859.95,98858.98,54235.0,2314,0.0
2024-11-22 04:00:00,98858.98,99532.09,98531.54,99250.28,47356.0,2345,0.0
2024-11-22 08:00:00,99250.28,99336.93,98221.15,98875.44,47016.0,2905,0.0
2024-11-22 12:00:00,98875.44,98964.58,97120.46,98753.62,72159.0,3380,0.0
2024-11-22 16:00:00,98753.62,99728.71,98309.54,99140.42,65277.0,2780,0.0
2024-11-22 20:00:00,99140.41,99521.36,98529.81,98924.26,52391.0,2827,0.0
2024-11-23 00:00:00,98924.25,98947.73,98217.46,98635.75,48807.0,3624,0.0
2024-11-23 04:00:00,98635.75,98741.38,98208.91,98609.78,33067.0,3738,0.0
2024-11-23 08:00:00,98385.89,98511.26,98234.15,98388.49,16857.0,3735,0.0
2024-11-23 12:00:00,98388.27,98910.3,98374.01,98472.51,41012.0,3738,0.0
2024-11-23 16:00:00,98472.52,98551.66,97427.14,97581.94,48907.0,3719,0.0
2024-11-23 20:00:00,97581.94,98119.8,97169.35,97713.36,41937.0,3714,0.0
2024-11-24 00:00:00,97713.4,98606.17,97659.07,98222.31,36818.0,3617,0.0
2024-11-24 04:00:00,98222.31,98444.86,97895.47,98437.44,34386.0,3731,0.0
2024-11-24 08:00:00,98437.44,98504.41,97280.68,97331.88,38467.0,3718,0.0
2024-11-24 12:00:00,97331.88,97726.85,95938.0,95956.32,61207.0,3699,0.0
2024-11-24 16:00:00,95952.07,96813.91,95750.75,96370.95,53013.0,3695,0.0
2024-11-24 20:00:00,96370.95,98447.69,96238.79,97978.29,46807.0,3705,0.0
2024-11-25 00:00:00,97978.29,98147.56,96953.57,97985.05,52773.0,3719,0.0
2024-11-25 04:00:00,97983.82,98431.07,97635.72,98113.15,48283.0,3594,0.0
2024-11-25 08:00:00,98113.54,98958.72,97908.99,98198.94,49000.0,3311,0.0
2024-11-25 12:00:00,98197.78,98325.9,94573.4,96040.94,77159.0,3649,0.0
2024-11-25 16:00:00,96041.58,96554.1,94416.01,94666.24,69226.0,3668,0.0
2024-11-25 20:00:00,94666.24,95327.48,92586.31,93009.04,67424.0,3554,0.0
2024-11-26 00:00:00,93009.34,95035.67,92760.59,94585.24,60229.0,3587,0.0
2024-11-26 04:00:00,94585.24,95086.2,93578.52,93842.34,52852.0,3560,0.0
2024-11-26 08:00:00,93842.34,93842.34,91383.28,92275.08,81868.0,3516,0.0
2024-11-26 12:00:00,92278.32,93567.47,91666.15,92853.85,87463.0,3431,0.0
2024-11-26 16:00:00,92853.85,94747.54,91501.61,91622.09,78792.0,3306,0.0
2024-11-26 20:00:00,91617.5,92339.67,90685.18,91912.29,65312.0,3558,0.0
2024-11-27 00:00:00,91912.29,93073.85,91752.59,92577.34,60093.0,3587,0.0
2024-11-27 04:00:00,92577.34,93712.26,92322.49,93639.08,54495.0,3582,0.0
2024-11-27 08:00:00,93639.08,93952.01,93154.62,93418.67,53011.0,3271,0.0
2024-11-27 12:00:00,93418.67,95964.67,92874.01,95677.59,67595.0,2015,0.0
2024-11-27 16:00:00,95683.35,96836.75,95322.02,96818.39,63300.0,1951,0.0
2024-11-27 20:00:00,96818.39,97391.5,95871.45,96009.1,52335.0,1953,0.0
2024-11-28 00:00:00,96009.09,96732.69,94931.16,95588.81,54989.0,2484,0.0
2024-11-28 04:00:00,95588.81,96084.68,95199.61,95449.18,54515.0,2213,0.0
2024-11-28 08:00:00,95449.18,95899.86,94710.57,95565.47,57978.0,2486,0.0
2024-11-28 12:00:00,95565.47,96344.56,94967.95,95082.09,66329.0,2947,0.0
2024-11-28 16:00:00,95082.09,95503.83,94864.94,95171.86,46392.0,3499,0.0
2024-11-28 20:00:00,95171.87,96128.02,94731.06,95723.78,42042.0,3098,0.0
2024-11-29 00:00:00,95723.78,96988.63,95429.17,96689.56,54992.0,2576,0.0
2024-11-29 04:00:00,96690.01,96731.66,95675.13,95700.82,45468.0,2535,0.0
2024-11-29 08:00:00,95700.82,97492.75,95698.53,97356.81,49749.0,2197,0.0
2024-11-29 12:00:00,97356.94,98797.08,96853.57,98170.46,62130.0,1780,0.0
2024-11-29 16:00:00,98170.46,98616.23,96945.97,97453.5,59011.0,1874,0.0
2024-11-29 20:00:00,97453.5,97770.49,97121.96,97549.1,42293.0,2985,0.0
2024-11-30 00:00:00,97549.1,97559.04,96389.31,96735.32,45563.0,3095,0.0
2024-11-30 04:00:00,96735.32,97340.6,96637.04,96880.83,43961.0,3676,0.0
2024-11-30 08:00:00,96880.83,97082.12,96173.27,96351.5,40813.0,3624,0.0
2024-11-30 12:00:00,96351.5,96845.02,96322.77,96742.16,42967.0,3375,0.0
2024-11-30 16:00:00,96744.52,97171.33,96613.04,97113.47,39971.0,2951,0.0
2024-11-30 20:00:00,97113.47,97160.43,96393.91,96489.24,34421.0,2951,0.0
2024-12-01 00:00:00,96489.24,96757.34,95730.32,96432.34,47413.0,3507,0.0
2024-12-01 04:00:00,96432.36,96636.14,96273.98,96597.73,39619.0,2798,0.0
2024-12-01 08:00:00,96597.51,97310.59,96549.32,97218.32,43380.0,1917,0.0
2024-12-01 12:00:00,97218.32,97533.6,96786.95,97144.54,41719.0,1787,0.0
2024-12-01 16:00:00,97144.54,97655.71,97053.89,97260.79,33914.0,1975,0.0
2024-12-01 20:00:00,97260.79,97973.44,96871.66,97317.63,39800.0,2011,0.0
2024-12-02 00:00:00,97317.63,98297.6,96406.78,96560.04,50114.0,2252,0.0
2024-12-02 04:00:00,96560.04,97047.94,95797.16,96052.1,53319.0,3438,0.0
2024-12-02 08:00:00,96051.6,96176.06,94855.18,95181.54,56863.0,3661,0.0
2024-12-02 12:00:00,95181.54,97354.32,94815.15,97169.74,64569.0,2842,0.0
2024-12-02 16:00:00,97160.73,97493.1,94422.46,95871.07,67911.0,2477,0.0
2024-12-02 20:00:00,95871.08,96410.67,95133.47,95895.9,50644.0,2800,0.0
2024-12-03 00:00:00,95895.91,96383.55,95469.46,96162.85,52056.0,3096,0.0
2024-12-03 04:00:00,96162.85,96355.31,95319.9,95593.78,46080.0,2827,0.0
2024-12-03 08:00:00,95593.82,95729.1,94648.87,95031.9,42591.0,3627,0.0
2024-12-03 12:00:00,95031.02,96382.37,93573.91,95798.49,71614.0,1970,0.0
2024-12-03 16:00:00,95798.49,96289.69,94947.55,95503.74,61688.0,2334,0.0
2024-12-03 20:00:00,95503.74,96281.59,95344.74,95998.34,49229.0,2118,0.0
2024-12-04 00:00:00,95998.34,96779.56,95319.43,95903.3,51139.0,2166,0.0
2024-12-04 04:00:00,95903.3,96874.77,95834.12,96724.03,41914.0,1947,0.0
2024-12-04 08:00:00,96724.03,97070.3,96286.61,96317.25,44129.0,1815,0.0
2024-12-04 12:00:00,96317.25,96676.61,95417.95,95886.14,61171.0,2637,0.0
2024-12-04 16:00:00,95886.14,97400.58,94685.96,97373.8,63793.0,1864,0.0
2024-12-04 20:00:00,97373.79,99187.8,97285.51,98688.95,65386.0,1780,0.0
2024-12-05 00:00:00,98688.94,104320.45,98008.65,102966.84,91191.0,1780,0.0
2024-12-05 04:00:00,102965.36,103573.74,101351.55,102308.81,65417.0,1780,0.0
2024-12-05 08:00:00,102308.81,103263.99,102289.67,102622.11,56404.0,1780,0.0
2024-12-05 12:00:00,102622.11,103666.03,100977.07,101371.31,70950.0,1781,0.0
2024-12-05 16:00:00,101371.31,102065.73,98567.44,98972.48,72810.0,2887,0.0
2024-12-05 20:00:00,98972.48,99492.18,90794.51,96986.04,90254.0,2364,0.0
2024-12-06 00:00:00,96986.04,98794.32,96406.55,97714.83,67593.0,2770,0.0
2024-12-06 04:00:00,97714.83,98327.68,97354.08,98187.81,45417.0,3187,0.0
2024-12-06 08:00:00,98183.52,98761.39,97699.45,98126.78,51845.0,2746,0.0
2024-12-06 12:00:00,98126.78,99644.01,97549.23,99463.65,70385.0,2150,0.0
2024-12-06 16:00:00,99463.65,101936.56,98914.36,101576.02,65379.0,1783,0.0
2024-12-06 20:00:00,101576.02,102018.8,99125.41,99827.78,50207.0,1785,0.0
2024-12-07 00:00:00,99827.77,100563.85,99426.31,99522.04,53387.0,2194,0.0
2024-12-07 04:00:00,99522.05,99849.26,98932.92,99493.23,51061.0,1963,0.0
2024-12-07 08:00:00,99493.23,99960.94,99374.25,99706.27,44468.0,1884,0.0
2024-12-07 12:00:00,99706.0,99909.83,99105.92,99826.31,42378.0,1967,0.0
2024-12-07 16:00:00,99826.31,100367.03,99528.96,100183.8,37464.0,1796,0.0
2024-12-07 20:00:00,100183.8,100542.14,99652.24,99902.23,36792.0,1783,0.0
2024-12-08 00:00:00,99902.12,100444.35,99685.81,100010.2,39830.0,1788,0.0
2024-12-08 04:00:00,100010.2,100110.02,99372.63,99730.29,35250.0,1832,0.0
2024-12-08 08:00:00,99730.29,99907.59,98670.83,99764.78,42375.0,1870,0.0
2024-12-08 12:00:00,99765.2,100587.79,99381.18,99948.42,48323.0,1787,0.0
2024-12-08 16:00:00,99948.42,100239.0,99502.39,100150.25,42734.0,1896,0.0
2024-12-08 20:00:00,100150.25,101480.28,99775.14,101220.97,41195.0,1868,0.0
2024-12-09 00:00:00,101220.97,101319.56,98492.39,99133.11,53123.0,1868,0.0
2024-12-09 04:00:00,99133.11,99787.5,98362.02,99625.29,52091.0,1965,0.0
2024-12-09 08:00:00,99625.29,99751.67,98016.04,98061.77,57848.0,1964,0.0
2024-12-09 12:00:00,98061.77,100494.54,97469.57,97753.9,70097.0,1907,0.0
2024-12-09 16:00:00,97753.9,98365.02,96898.49,96996.38,63721.0,1964,0.0
2024-12-09 20:00:00,96999.27,97589.09,93998.85,97359.86,82409.0,1959,0.0
2024-12-10 00:00:00,97359.93,98211.13,95591.72,96962.61,66753.0,1961,0.0
2024-12-10 04:00:00,96962.39,97544.96,95924.07,97204.47,53445.0,1962,0.0
2024-12-10 08:00:00,97204.47,97970.26,96943.73,97772.56,52276.0,1905,0.0
2024-12-10 12:00:00,97772.56,98348.11,95612.56,95654.41,77792.0,1903,0.0
2024-12-10 16:00:00,95654.4,96519.45,94210.49,95869.24,86299.0,1955,0.0
2024-12-10 20:00:00,95869.77,97298.86,95625.24,96651.03,54054.0,1899,0.0
2024-12-11 00:00:00,96651.03,97700.25,95682.42,97449.97,65900.0,1887,0.0
2024-12-11 04:00:00,97449.26,97858.74,97225.42,97389.4,47185.0,1847,0.0
2024-12-11 08:00:00,97389.41,98571.94,97358.84,98369.72,56899.0,1808,0.0
2024-12-11 12:00:00,98369.72,100924.83,98137.18,100426.01,67326.0,1787,0.0
2024-12-11 16:00:00,100426.06,101251.34,99650.88,101215.07,64069.0,1793,0.0
2024-12-11 20:00:00,101215.07,101953.27,100924.73,101163.64,51772.0,1792,0.0
2024-12-12 00:00:00,101168.2,101881.24,100353.59,101063.55,53682.0,1788,0.0
2024-12-12 04:00:00,101064.25,101221.36,100395.15,100487.79,45364.0,1808,0.0
2024-12-12 08:00:00,100487.79,101142.79,100128.62,100321.38,45730.0,1802,0.0
2024-12-12 12:00:00,100321.38,101879.84,100319.96,101793.12,64695.0,1780,0.0
2024-12-12 16:00:00,101793.12,102537.41,99225.29,99422.28,63541.0,1783,0.0
2024-12-12 20:00:00,99422.29,100493.22,99399.7,99989.07,52787.0,1818,0.0
2024-12-13 00:00:00,99989.38,100349.51,99185.3,99748.64,47816.0,1818,0.0
2024-12-13 04:00:00,99748.64,100246.96,99485.72,100144.87,43298.0,1825,0.0
2024-12-13 08:00:00,100144.87,100782.12,99871.39,100324.62,46852.0,1805,0.0
2024-12-13 12:00:00,100324.62,101432.37,99710.87,99898.83,55791.0,2885,0.0
2024-12-13 16:00:00,99891.93,101919.05,99792.68,101451.64,57083.0,2885,0.0
2024-12-13 20:00:00,101451.64,101875.59,101065.56,101385.87,41131.0,2894,0.0
2024-12-14 00:00:00,101387.78,102622.73,101117.12,102044.74,50485.0,2885,0.0
2024-12-14 04:00:00,102044.74,102114.52,101555.14,101793.18,36003.0,2880,0.0
2024-12-14 08:00:00,101793.18,101845.61,101277.74,101537.62,17698.0,2880,0.0
2024-12-14 12:00:00,101537.62,101738.53,100758.92,101597.33,45780.0,2880,0.0
2024-12-14 16:00:00,101597.33,101715.2,100784.43,101311.55,44300.0,2880,0.0
2024-12-14 20:00:00,101311.55,101469.38,100545.07,101396.02,37413.0,2880,0.0
2024-12-15 00:00:00,101396.0,102148.69,101213.18,101680.51,41984.0,2880,0.0
2024-12-15 04:00:00,101680.51,102804.14,101472.23,101672.62,41927.0,2880,0.0
2024-12-15 08:00:00,101672.62,102655.62,101530.83,102601.51,40238.0,2880,0.0
2024-12-15 12:00:00,102601.52,103292.61,102384.32,102633.23,49375.0,2880,0.0
2024-12-15 16:00:00,102633.23,103441.61,102515.14,103181.14,38804.0,2880,0.0
2024-12-15 20:00:00,103181.37,105295.33,102551.72,104396.51,47390.0,2880,0.0
2024-12-16 00:00:00,104396.95,106589.06,104174.39,104482.82,57700.0,2880,0.0
2024-12-16 04:00:00,104482.83,105364.31,104368.32,104916.42,44313.0,2880,0.0
2024-12-16 08:00:00,104916.42,104957.6,103503.8,103620.51,46511.0,2880,0.0
2024-12-16 12:00:00,103620.5,106439.95,103157.62,106262.16,65887.0,2880,0.0
2024-12-16 16:00:00,106270.34,107778.4,105742.77,106535.44,62616.0,2880,0.0
2024-12-16 20:00:00,106535.44,106613.35,105402.06,106004.95,46070.0,2880,0.0
2024-12-17 00:00:00,106004.95,106974.26,105597.39,106808.69,45807.0,2880,0.0
2024-12-17 04:00:00,106808.69,107082.86,106309.65,106752.09,43544.0,2880,0.0
2024-12-17 08:00:00,106752.09,107450.22,106633.42,106749.85,47199.0,2880,0.0
2024-12-17 12:00:00,106749.85,108325.48,105614.02,106385.59,64257.0,2880,0.0
2024-12-17 16:00:00,106385.59,107579.59,106074.24,106389.62,59650.0,2880,0.0
2024-12-17 20:00:00,106389.62,106847.89,105220.3,106051.25,48094.0,2880,0.0
2024-12-18 00:00:00,106051.25,106464.45,104443.27,104640.73,53039.0,2880,0.0
2024-12-18 04:00:00,104640.72,104640.72,103059.55,104156.28,57588.0,2880,0.0
2024-12-18 08:00:00,104156.28,104993.72,103644.04,104975.43,49025.0,2900,0.0
2024-12-18 12:00:00,104967.34,105340.86,103555.7,104331.33,65093.0,2900,0.0
2024-12-18 16:00:00,104331.33,104923.4,102714.96,102722.51,72523.0,2900,0.0
2024-12-18 20:00:00,102724.01,102895.18,99871.71,100067.38,89417.0,2900,0.0
2024-12-19 00:00:00,100076.17,101240.67,98628.55,101108.44,72453.0,2899,0.0
2024-12-19 04:00:00,101108.44,101721.37,100554.74,101633.4,52141.0,2900,0.0
2024-12-19 08:00:00,101633.4,102590.25,101360.36,102412.37,49664.0,2900,0.0
2024-12-19 12:00:00,102409.52,102739.86,99378.47,100570.99,76514.0,2899,0.0
2024-12-19 16:00:00,100570.99,101135.64,96046.87,96980.6,104416.0,2899,0.0
2024-12-19 20:00:00,96980.6,98217.77,95487.27,97283.6,81821.0,2899,0.0
2024-12-20 00:00:00,97283.6,97639.63,95786.98,96932.91,73045.0,2899,0.0
2024-12-20 04:00:00,96932.91,98052.33,96199.61,97613.64,62138.0,2899,0.0
2024-12-20 08:00:00,97613.85,97658.45,92476.48,92583.89,92900.0,2898,0.0
2024-12-20 12:00:00,92583.88,97499.48,92112.42,96899.91,99928.0,2898,0.0
2024-12-20 16:00:00,96901.42,97694.57,96208.59,97085.58,75060.0,2899,0.0
2024-12-20 20:00:00,97085.58,97761.88,95368.87,97738.04,59199.0,2899,0.0
2024-12-21 00:00:00,97738.04,97759.24,97142.89,97439.81,50676.0,2899,0.0
2024-12-21 04:00:00,97439.81,99474.49,97328.26,98997.38,51419.0,2899,0.0
2024-12-21 08:00:00,98997.38,99144.04,97736.72,98206.98,54403.0,2899,0.0
2024-12-21 12:00:00,98206.99,98235.38,96364.7,97489.14,64082.0,2880,0.0
2024-12-21 16:00:00,97489.14,97696.23,96773.57,97210.61,54315.0,2880,0.0
2024-12-21 20:00:00,97210.61,98022.23,96493.71,97237.2,52441.0,2880,0.0
2024-12-22 00:00:00,97238.46,97409.98,96499.68,96946.07,48495.0,2880,0.0
2024-12-22 04:00:00,96945.37,97040.59,95822.17,96172.6,49848.0,2880,0.0
2024-12-22 08:00:00,96172.17,97301.04,96142.41,97069.26,50502.0,2880,0.0
2024-12-22 12:00:00,97069.26,97251.87,95051.77,95312.78,57693.0,2880,0.0
2024-12-22 16:00:00,95312.16,96436.33,94615.52,94762.06,55741.0,2880,0.0
2024-12-22 20:00:00,94762.06,95759.42,94144.36,95097.12,57485.0,2880,0.0
2024-12-23 00:00:00,95097.13,95976.28,93575.18,95945.03,69992.0,2880,0.0
2024-12-23 04:00:00,95945.03,96457.26,94593.69,95332.14,57820.0,2880,0.0
2024-12-23 08:00:00,95332.14,96485.19,94963.07,95841.93,53937.0,2880,0.0
2024-12-23 12:00:00,95841.93,96320.8,92944.21,93102.48,71605.0,2880,0.0
2024-12-23 16:00:00,93102.47,94148.4,92546.03,92918.79,63920.0,2880,0.0
2024-12-23 20:00:00,92918.79,95453.89,92371.64,94798.48,62045.0,2880,0.0
2024-12-24 00:00:00,94798.48,94798.52,93410.54,94240.2,58509.0,2880,0.0
2024-12-24 04:00:00,94239.94,94581.87,93678.14,94089.9,49103.0,2880,0.0
2024-12-24 08:00:00,94089.9,94525.05,93692.35,94275.23,47205.0,2880,0.0
2024-12-24 12:00:00,94275.23,98299.43,93952.95,98264.81,61891.0,2880,0.0
2024-12-24 16:00:00,98264.81,99544.91,97527.52,97576.01,66776.0,2880,0.0
2024-12-24 20:00:00,97573.41,99094.34,97225.38,98623.35,54942.0,2880,0.0
2024-12-25 00:00:00,98624.34,98813.76,97607.06,97956.28,50621.0,2880,0.0
2024-12-25 04:00:00,97956.27,98497.06,97742.93,97991.47,47655.0,2880,0.0
2024-12-25 08:00:00,97991.47,99274.21,97683.47,97841.2,51135.0,2880,0.0
2024-12-25 12:00:00,97841.2,98773.76,97530.85,98449.51,57435.0,2880,0.0
2024-12-25 16:00:00,98450.05,99236.16,98027.16,98972.99,45610.0,2880,0.0
2024-12-25 20:00:00,98972.99,99526.76,98263.92,99366.73,43273.0,2880,0.0
2024-12-26 00:00:00,99366.74,99932.0,98387.32,98917.98,49613.0,2880,0.0
2024-12-26 04:00:00,98917.98,98919.27,97540.79,97573.39,46010.0,2880,0.0
2024-12-26 08:00:00,97573.4,97626.24,95045.52,95595.2,56474.0,2880,0.0
2024-12-26 12:00:00,95595.2,96175.42,95128.79,95959.99,64207.0,2899,0.0
2024-12-26 16:00:00,95959.99,96566.99,95321.64,96009.04,54687.0,2899,0.0
2024-12-26 20:00:00,96008.78,96031.99,95176.6,95673.53,42649.0,2899,0.0
2024-12-27 00:00:00,95673.25,96343.78,95284.85,96304.6,43256.0,2899,0.0
2024-12-27 04:00:00,96304.6,96528.66,94527.87,94968.13,49998.0,2898,0.0
2024-12-27 08:00:00,94987.27,97430.3,94971.54,96843.64,64932.0,2899,0.0
2024-12-27 12:00:00,96843.65,96948.67,93874.43,94417.45,66474.0,2898,0.0
2024-12-27 16:00:00,94416.43,94856.16,93310.89,94629.27,67022.0,2898,0.0
2024-12-27 20:00:00,94629.76,94716.99,93996.07,94172.19,42008.0,2898,0.0
2024-12-28 00:00:00,94172.19,94599.72,94009.32,94451.74,35522.0,2898,0.0
2024-12-28 04:00:00,94451.4,94669.94,94163.51,94245.97,35775.0,2898,0.0
2024-12-28 08:00:00,94245.97,94771.56,94171.42,94625.56,36905.0,2898,0.0
2024-12-28 12:00:00,94625.84,95223.51,94223.14,94302.91,43910.0,2898,0.0
2024-12-28 16:00:00,94302.91,95090.23,94245.25,94894.0,42315.0,2898,0.0
2024-12-28 20:00:00,94894.0,95599.83,94738.52,95186.57,36773.0,2898,0.0
2024-12-29 00:00:00,95186.6,95227.66,94693.41,95067.07,36399.0,2898,0.0
2024-12-29 04:00:00,95066.42,95192.22,94861.2,95165.47,36261.0,2898,0.0
2024-12-29 08:00:00,95165.48,95230.11,94901.48,94930.1,27042.0,2898,0.0
2024-12-29 12:00:00,94930.09,95102.63,93867.22,94394.05,45681.0,2898,0.0
2024-12-29 16:00:00,94394.05,94463.46,93259.98,93477.98,43305.0,2898,0.0
2024-12-29 20:00:00,93475.67,93830.34,92875.09,93627.63,42839.0,2898,0.0
2024-12-30 00:00:00,93627.63,94142.72,93222.18,93520.62,47192.0,2898,0.0
2024-12-30 04:00:00,93519.53,93877.02,93012.56,93526.56,43241.0,2898,0.0
2024-12-30 08:00:00,93526.56,93911.35,93286.21,93752.95,42570.0,2898,0.0
2024-12-30 12:00:00,93752.6,94102.4,91282.62,91896.51,70160.0,2898,0.0
2024-12-30 16:00:00,91896.51,94605.15,91598.47,94329.87,67274.0,2898,0.0
2024-12-30 20:00:00,94329.87,94950.07,91767.96,92670.26,60211.0,2898,0.0
2024-12-31 00:00:00,92670.27,92797.57,91909.45,92405.92,46527.0,2898,0.0
2024-12-31 04:00:00,92405.92,92975.65,92260.23,92806.49,43764.0,2898,0.0
2024-12-31 08:00:00,92806.42,94696.99,92786.76,94103.27,57916.0,2898,0.0
2024-12-31 12:00:00,94102.74,96199.24,94102.74,95332.8,66330.0,2898,0.0
2024-12-31 16:00:00,95332.71,95508.22,93029.89,94053.3,63496.0,2898,0.0
2024-12-31 20:00:00,94052.94,94127.84,93233.73,93440.46,39263.0,2898,0.0
2025-01-01 00:00:00,93440.45,94358.9,93329.67,93704.93,39798.0,2898,0.0
2025-01-01 04:00:00,93704.93,93786.69,93372.51,93543.86,37008.0,2898,0.0
2025-01-01 08:00:00,93543.86,93622.78,92724.57,93314.18,43319.0,2898,0.0
2025-01-01 12:00:00,93315.33,94401.17,93257.0,94315.11,49688.0,2898,0.0
2025-01-01 16:00:00,94315.11,94677.68,93604.41,94472.33,45417.0,2898,0.0
2025-01-01 20:00:00,94472.33,95077.71,94392.75,94449.47,40080.0,2898,0.0
2025-01-02 00:00:00,94449.63,95422.47,94212.27,94882.39,50715.0,2898,0.0
2025-01-02 04:00:00,94882.39,95939.06,94854.78,95783.71,46102.0,2898,0.0
2025-01-02 08:00:00,95784.11,96836.35,95575.02,96671.31,48904.0,2880,0.0
2025-01-02 12:00:00,96671.32,97401.53,95888.84,96390.0,66860.0,2880,0.0
2025-01-02 16:00:00,96390.06,97678.93,95985.22,97228.8,63429.0,2880,0.0
2025-01-02 20:00:00,97228.8,97757.52,96567.36,96885.74,42048.0,2880,0.0
2025-01-03 00:00:00,96883.53,97257.56,96557.13,96952.95,43320.0,2880,0.0
2025-01-03 04:00:00,96952.96,96952.96,96212.88,96264.76,46309.0,2880,0.0
2025-01-03 08:00:00,96266.06,96758.24,96046.95,96651.2,49923.0,2880,0.0
2025-01-03 12:00:00,96651.2,97634.88,96389.47,97476.8,66702.0,2880,0.0
2025-01-03 16:00:00,97475.07,98950.98,97262.7,98544.44,65619.0,2880,0.0
2025-01-03 20:00:00,98544.45,98704.95,97985.05,98105.15,42994.0,2880,0.0
2025-01-04 00:00:00,98105.15,98241.55,97722.4,98136.11,43177.0,2880,0.0
2025-01-04 04:00:00,98136.11,98290.17,97782.44,98232.15,39499.0,2880,0.0
2025-01-04 08:00:00,98232.03,98277.69,97476.28,97827.07,43604.0,2880,0.0
2025-01-04 12:00:00,97827.07,98132.88,97486.94,97630.5,48462.0,2899,0.0
2025-01-04 16:00:00,97630.5,98349.11,97535.92,98146.11,40790.0,2880,0.0
2025-01-04 20:00:00,98146.11,98764.57,98087.66,98190.73,39680.0,2880,0.0
2025-01-05 00:00:00,98190.72,98376.05,98006.28,98135.6,37685.0,2880,0.0
2025-01-05 04:00:00,98135.6,98472.79,98135.6,98226.65,37495.0,2880,0.0
2025-01-05 08:00:00,98226.65,98226.65,97534.27,97606.18,40803.0,2880,0.0
2025-01-05 12:00:00,97606.17,98283.37,97214.13,98020.7,46938.0,2899,0.0
2025-01-05 16:00:00,98025.98,98330.4,97548.92,98058.28,39090.0,2880,0.0
2025-01-05 20:00:00,98058.28,98834.02,97997.15,98354.56,37024.0,2880,0.0
2025-01-06 00:00:00,98354.53,99286.38,97889.71,99007.06,45024.0,2880,0.0
2025-01-06 04:00:00,99007.22,99901.72,99004.47,99296.5,45091.0,2880,0.0
2025-01-06 08:00:00,99294.23,99617.25,98638.85,99225.24,44852.0,2880,0.0
2025-01-06 12:00:00,99225.24,102492.36,98666.16,102144.65,66695.0,2880,0.0
2025-01-06 16:00:00,102151.07,102474.33,101277.83,101830.53,54275.0,2880,0.0
2025-01-06 20:00:00,101830.27,102377.48,101628.62,102247.32,37117.0,2880,0.0
2025-01-07 00:00:00,102247.32,102777.55,101517.32,101701.19,40053.0,2880,0.0
2025-01-07 04:00:00,101701.19,102033.11,101594.55,101696.01,38056.0,2880,0.0
2025-01-07 08:00:00,101696.01,102002.67,100445.12,100797.96,42027.0,2880,0.0
2025-01-07 12:00:00,100797.96,100931.89,97083.96,97895.96,71389.0,2880,0.0
2025-01-07 16:00:00,97897.09,98295.33,96263.99,96397.94,69048.0,2899,0.0
2025-01-07 20:00:00,96397.94,97198.3,96088.59,96957.18,55446.0,2899,0.0
2025-01-08 00:00:00,96955.25,97262.68,96221.6,96519.36,47191.0,2899,0.0
2025-01-08 04:00:00,96517.65,96676.57,95212.52,95647.19,59552.0,2898,0.0
2025-01-08 08:00:00,95647.78,96126.94,94471.9,95056.36,57140.0,2898,0.0
2025-01-08 12:00:00,95057.49,96045.21,94567.09,95430.93,77451.0,2898,0.0
2025-01-08 16:00:00,95430.93,95431.14,92437.67,94205.18,85030.0,2898,0.0
2025-01-08 20:00:00,94203.53,95294.83,93537.94,95047.48,54461.0,2898,0.0
2025-01-09 00:00:00,95032.48,95366.09,93402.85,93952.12,56522.0,2898,0.0
2025-01-09 04:00:00,93952.12,94592.39,93135.33,93157.83,51871.0,2898,0.0
2025-01-09 08:00:00,93157.83,93825.46,92658.8,93393.86,55486.0,2898,0.0
2025-01-09 12:00:00,93393.64,94575.6,91692.31,94230.9,71983.0,2898,0.0
2025-01-09 16:00:00,94230.89,94688.57,91837.22,91855.03,71622.0,2898,0.0
2025-01-09 20:00:00,91851.73,92691.42,91120.3,92516.82,66362.0,2898,0.0
2025-01-10 00:00:00,92516.82,93720.27,92448.97,93686.65,53427.0,2898,0.0
2025-01-10 04:00:00,93686.65,95036.84,93478.87,94535.01,52188.0,2898,0.0
2025-01-10 08:00:00,94531.41,95328.72,94405.75,95103.01,52173.0,2898,0.0
2025-01-10 12:00:00,95103.01,95165.65,92171.72,93704.62,90602.0,2898,0.0
2025-01-10 16:00:00,93706.57,95856.14,93125.19,95334.87,83321.0,2898,0.0
2025-01-10 20:00:00,95334.88,95480.35,94545.36,94688.44,45060.0,2898,0.0
2025-01-11 00:00:00,94688.44,94707.64,94023.66,94134.23,43278.0,2898,0.0
2025-01-11 04:00:00,94133.93,94386.73,93760.42,94186.79,49121.0,2898,0.0
2025-01-11 08:00:00,94186.95,94748.1,93955.1,94577.37,48898.0,2898,0.0
2025-01-11 12:00:00,94577.37,94614.77,94237.25,94360.05,48961.0,2880,0.0
2025-01-11 16:00:00,94360.05,94680.33,93904.13,94141.17,42065.0,2898,0.0
2025-01-11 20:00:00,94141.17,94994.3,94086.2,94565.38,43208.0,2898,0.0
2025-01-12 00:00:00,94565.36,94663.45,94246.1,94578.8,39713.0,2898,0.0
2025-01-12 04:00:00,94578.8,94644.81,94226.06,94275.84,32231.0,2898,0.0
2025-01-12 08:00:00,94275.83,94336.35,93619.32,94191.33,37984.0,2898,0.0
2025-01-12 12:00:00,94194.16,95436.36,94104.29,95030.56,50000.0,2898,0.0
2025-01-12 16:00:00,95031.28,95295.13,94512.3,94614.14,44506.0,2898,0.0
2025-01-12 20:00:00,94614.14,94763.14,93696.56,94490.25,44048.0,2898,0.0
2025-01-13 00:00:00,94490.25,95908.04,93822.13,94185.62,63833.0,2898,0.0
2025-01-13 04:00:00,94185.62,94883.6,93178.8,93525.13,53474.0,2898,0.0
2025-01-13 08:00:00,93525.13,93590.51,90739.78,90788.67,60110.0,2898,0.0
2025-01-13 12:00:00,90788.67,93098.06,88988.99,92116.49,93329.0,2897,0.0
2025-01-13 16:00:00,92114.8,92529.08,91226.32,92284.75,75825.0,2898,0.0
2025-01-13 20:00:00,92284.75,94742.88,91875.56,94517.1,57578.0,2898,0.0
2025-01-14 00:00:00,94517.1,95280.07,94329.11,94823.4,54772.0,2898,0.0
2025-01-14 04:00:00,94823.39,95443.18,94678.05,94809.22,50484.0,2898,0.0
2025-01-14 08:00:00,94809.21,97439.42,94809.21,96518.48,61951.0,2880,0.0
2025-01-14 12:00:00,96518.43,97272.05,95697.48,96465.73,75658.0,2880,0.0
2025-01-14 16:00:00,96465.73,97095.83,95298.05,96545.82,67205.0,2880,0.0
2025-01-14 20:00:00,96545.82,96920.08,96133.98,96574.36,44883.0,2880,0.0
2025-01-15 00:00:00,96574.36,97578.01,96496.21,97309.62,49127.0,2880,0.0
2025-01-15 04:00:00,97309.62,97708.8,96713.6,97292.18,46598.0,2880,0.0
2025-01-15 08:00:00,97292.4,97530.38,96508.26,96746.77,45593.0,2880,0.0
2025-01-15 12:00:00,96746.77,99832.76,96527.39,99026.74,74609.0,2880,0.0
2025-01-15 16:00:00,99026.74,100114.08,98614.1,99909.01,57049.0,2880,0.0
2025-01-15 20:00:00,99909.5,100743.87,99485.98,100506.91,46234.0,2880,0.0
2025-01-16 00:00:00,100506.91,100903.06,99142.68,99465.92,56718.0,2880,0.0
2025-01-16 04:00:00,99465.93,99891.2,99298.07,99813.21,45236.0,2880,0.0
2025-01-16 08:00:00,99813.21,99831.8,98556.61,99114.13,55508.0,2880,0.0
2025-01-16 12:00:00,99114.13,99513.73,97267.07,99255.61,69575.0,2880,0.0
2025-01-16 16:00:00,99255.61,100457.63,99052.83,100414.52,64861.0,2880,0.0
2025-01-16 20:00:00,100414.51,100642.13,99343.66,99975.47,50049.0,2880,0.0
2025-01-17 00:00:00,99975.35,102131.54,99934.88,100996.42,51694.0,2880,0.0
2025-01-17 04:00:00,100996.42,101854.69,100878.03,101418.8,46176.0,2880,0.0
2025-01-17 08:00:00,101418.8,102548.29,101408.37,102185.75,50179.0,2880,0.0
2025-01-17 12:00:00,102185.75,104247.46,102134.08,104002.07,65434.0,2880,0.0
2025-01-17 16:00:00,104002.07,105882.09,103832.85,105864.15,62377.0,2880,0.0
2025-01-17 20:00:00,105864.15,105888.63,104074.73,104094.96,54102.0,2880,0.0
2025-01-18 00:00:00,104094.96,104698.23,103031.28,103540.45,52376.0,2880,0.0
2025-01-18 04:00:00,103540.22,103714.07,102512.46,102732.9,57577.0,2880,0.0
2025-01-18 08:00:00,102732.9,103831.36,102178.21,103527.81,57177.0,2880,0.0
2025-01-18 12:00:00,103529.13,104981.37,103041.75,104536.4,59689.0,2880,0.0
2025-01-18 16:00:00,104536.4,104685.68,103089.95,104336.16,59776.0,2880,0.0
2025-01-18 20:00:00,104336.17,104679.72,103715.84,104466.33,45411.0,2880,0.0
2025-01-19 00:00:00,104466.31,105409.52,103916.18,104915.74,48760.0,2880,0.0
2025-01-19 04:00:00,104915.74,105546.33,104146.09,105033.05,47428.0,2880,0.0
2025-01-19 08:00:00,105033.05,105357.0,103333.84,104248.17,62441.0,2880,0.0
2025-01-19 12:00:00,104248.16,105651.48,104165.45,104826.72,63041.0,2880,0.0
2025-01-19 16:00:00,104826.71,106195.02,104411.38,106171.46,45726.0,2880,0.0
2025-01-19 20:00:00,106171.45,106381.03,99474.47,101186.0,94104.0,2880,0.0
2025-01-20 00:00:00,101188.58,102159.41,99396.96,101730.76,94858.0,2880,0.0
2025-01-20 04:00:00,101730.77,109872.97,101386.31,107051.1,88569.0,2880,0.0
2025-01-20 08:00:00,107058.44,109174.51,107015.15,108182.59,72978.0,2880,0.0
2025-01-20 12:00:00,108183.44,108676.54,104410.65,104878.72,92187.0,2880,0.0
2025-01-20 16:00:00,104883.51,106962.29,100420.44,103607.1,118612.0,2880,0.0
2025-01-20 20:00:00,103607.14,104250.38,101612.44,102131.84,68735.0,2880,0.0
2025-01-21 00:00:00,102131.82,103177.38,99962.26,102845.87,85158.0,2880,0.0
2025-01-21 04:00:00,102845.89,102867.79,100973.56,101883.91,66737.0,2880,0.0
2025-01-21 08:00:00,101883.9,103937.23,101624.14,103714.33,63704.0,2880,0.0
2025-01-21 12:00:00,103714.34,105314.16,102751.87,103891.8,79326.0,2880,0.0
2025-01-21 16:00:00,103891.86,107301.64,103743.01,107069.97,79640.0,2880,0.0
2025-01-21 20:00:00,107069.97,107260.19,105459.02,106169.81,60931.0,2880,0.0
2025-01-22 00:00:00,106169.81,106455.99,105481.35,105659.88,52702.0,2880,0.0
2025-01-22 04:00:00,105659.88,105995.33,105050.87,105065.95,49712.0,2880,0.0
2025-01-22 08:00:00,105066.75,105455.12,104615.39,105101.03,52009.0,2880,0.0
2025-01-22 12:00:00,105101.13,105588.14,103597.91,104144.75,70708.0,2880,0.0
2025-01-22 16:00:00,104144.76,104738.43,103264.84,104627.74,63567.0,2880,0.0
2025-01-22 20:00:00,104627.73,104834.17,103567.51,103651.28,47570.0,2880,0.0
2025-01-23 00:00:00,103651.28,103760.53,101976.66,102325.73,57608.0,2880,0.0
2025-01-23 04:00:00,102326.18,102862.91,101436.0,102589.55,54016.0,2880,0.0
2025-01-23 08:00:00,102589.55,102595.89,101164.91,101886.45,52070.0,2900,0.0
2025-01-23 12:00:00,101886.45,106015.43,101216.33,105288.19,89775.0,2900,0.0
2025-01-23 16:00:00,105294.4,106919.28,103382.49,103767.02,85388.0,2880,0.0
2025-01-23 20:00:00,103762.92,106446.58,102205.46,103921.43,89293.0,2880,0.0
2025-01-24 00:00:00,103921.42,104280.89,102691.89,103863.09,56130.0,2880,0.0
2025-01-24 04:00:00,103862.07,105361.21,103760.58,105022.61,54790.0,2880,0.0
2025-01-24 08:00:00,105022.62,105782.53,104897.62,105426.16,46293.0,2880,0.0
2025-01-24 12:00:00,105426.15,106317.22,104637.99,105859.98,59619.0,2880,0.0
2025-01-24 16:00:00,105858.77,107185.08,105605.17,105779.43,59269.0,2880,0.0
2025-01-24 20:00:00,105779.43,105781.53,104393.83,104781.93,52678.0,2880,0.0
2025-01-25 00:00:00,104781.93,105188.87,104270.0,105115.27,43124.0,2880,0.0
2025-01-25 04:00:00,105116.7,105117.05,104122.93,104307.03,39820.0,2880,0.0
2025-01-25 08:00:00,104307.03,104641.88,104011.43,104608.36,41393.0,2900,0.0
2025-01-25 12:00:00,104608.37,105072.69,104382.72,104853.85,44053.0,2900,0.0
2025-01-25 16:00:00,104853.85,105283.35,104400.53,105013.35,43617.0,2900,0.0
2025-01-25 20:00:00,105020.16,105239.06,104630.31,104698.94,34230.0,2900,0.0
2025-01-26 00:00:00,104698.94,105182.07,104441.22,105020.11,33216.0,2900,0.0
2025-01-26 04:00:00,105019.9,105471.7,104870.02,104942.28,37002.0,2900,0.0
2025-01-26 08:00:00,104943.02,105190.34,104335.8,104763.14,32997.0,2900,0.0
2025-01-26 12:00:00,104763.13,105032.06,104648.68,104915.66,31488.0,2900,0.0
2025-01-26 16:00:00,104915.66,105224.24,104844.71,105035.14,28229.0,2880,0.0
2025-01-26 20:00:00,105035.09,105150.04,102438.3,102548.61,49067.0,2880,0.0
2025-01-27 00:00:00,102548.61,103213.3,100644.27,101390.75,77084.0,2900,0.0
2025-01-27 04:00:00,101390.77,101391.79,97654.45,98980.19,83674.0,2899,0.0
2025-01-27 08:00:00,98980.06,99473.42,98179.13,98651.49,80426.0,2899,0.0
2025-01-27 12:00:00,98651.49,102360.16,98616.84,101132.03,94490.0,2899,0.0
2025-01-27 16:00:00,101131.5,101275.68,98744.98,99622.99,86060.0,2899,0.0
2025-01-27 20:00:00,99622.99,102480.38,99517.77,102128.42,82638.0,2899,0.0
2025-01-28 00:00:00,102128.42,102973.25,101385.2,102699.02,79824.0,2900,0.0
2025-01-28 04:00:00,102698.65,103428.71,102575.38,102849.37,78077.0,2900,0.0
2025-01-28 08:00:00,102849.41,103226.01,102436.92,102808.18,76783.0,2900,0.0
2025-01-28 12:00:00,102808.59,103856.42,101843.34,102795.9,82328.0,2900,0.0
2025-01-28 16:00:00,102791.65,103145.67,101808.34,102437.65,77391.0,2900,0.0
2025-01-28 20:00:00,102427.95,102569.61,100213.25,101302.12,80103.0,2900,0.0
2025-01-29 00:00:00,101302.12,102341.05,101292.5,102034.95,77598.0,2900,0.0
2025-01-29 04:00:00,102034.95,102861.47,101963.31,102736.2,76232.0,2900,0.0
2025-01-29 08:00:00,102736.08,103028.89,102153.58,102614.68,77718.0,2900,0.0
2025-01-29 12:00:00,102616.6,102800.62,101542.37,101957.87,77216.0,2900,0.0
2025-01-29 16:00:00,101957.25,104016.31,101402.98,103577.89,85736.0,2900,0.0
2025-01-29 20:00:00,103575.63,104796.71,102823.15,103743.95,82350.0,2900,0.0
2025-01-30 00:00:00,103742.61,105373.21,103259.41,105242.67,75110.0,2880,0.0
2025-01-30 04:00:00,105242.67,105650.28,104826.94,105141.08,78455.0,2880,0.0
2025-01-30 08:00:00,105141.08,105595.43,104955.75,105326.75,79645.0,2880,0.0
2025-01-30 12:00:00,105331.99,106489.95,104660.51,105609.8,82335.0,2880,0.0
2025-01-30 16:00:00,105609.8,106053.93,104787.27,105758.14,79122.0,2880,0.0
2025-01-30 20:00:00,105762.78,105866.33,104664.3,104721.14,76114.0,2880,0.0
2025-01-31 00:00:00,104721.3,105027.19,103867.98,104266.11,79194.0,2880,0.0
2025-01-31 04:00:00,104266.49,104800.07,103906.62,104175.97,79297.0,2880,0.0
2025-01-31 08:00:00,104176.74,104856.24,103874.87,104708.6,80859.0,2880,0.0
2025-01-31 12:00:00,104715.37,106094.94,104067.13,105499.88,82318.0,2880,0.0
2025-01-31 16:00:00,105497.29,105626.83,102089.88,102263.66,84691.0,2880,0.0
2025-01-31 20:00:00,102263.67,102493.75,101499.17,102416.66,80352.0,2880,0.0
2025-02-01 00:00:00,102416.1,102804.05,102169.43,102239.32,83784.0,2900,0.0
2025-02-01 04:00:00,102239.41,102582.91,102093.83,102160.48,78321.0,2880,0.0
2025-02-01 08:00:00,102160.46,102266.53,101350.39,101999.89,81332.0,2900,0.0
2025-02-01 12:00:00,101999.16,102335.44,101698.46,102063.45,81345.0,2900,0.0
2025-02-01 16:00:00,102063.26,102298.94,101404.03,101639.45,80437.0,2900,0.0
2025-02-01 20:00:00,101639.45,101639.45,100194.81,100592.15,78771.0,2900,0.0
2025-02-02 00:00:00,100591.89,101444.43,99039.04,99102.85,78971.0,2899,0.0
2025-02-02 04:00:00,99098.22,100467.54,98909.22,99537.79,81159.0,2899,0.0
2025-02-02 08:00:00,99536.6,100021.56,98512.93,98772.82,79463.0,2899,0.0
2025-02-02 12:00:00,98772.88,99334.14,98044.45,99264.75,81276.0,2899,0.0
2025-02-02 16:00:00,99267.4,99290.99,96643.62,98138.08,90062.0,2899,0.0
2025-02-02 20:00:00,98134.74,98497.88,95986.22,97591.39,91777.0,2899,0.0
2025-02-03 00:00:00,97591.4,97682.63,91076.71,94028.66,130896.0,2898,0.0
2025-02-03 04:00:00,94028.66,95489.97,92628.18,95386.91,89561.0,2898,0.0
2025-02-03 08:00:00,95387.61,96046.56,94870.55,95159.77,90036.0,2898,0.0
2025-02-03 12:00:00,95159.58,99519.8,94126.0,98879.67,106851.0,2898,0.0
2025-02-03 16:00:00,98876.61,101967.86,98069.68,101957.28,92118.0,2899,0.0
2025-02-03 20:00:00,101956.8,102562.76,100982.03,101384.05,88496.0,2900,0.0
2025-02-04 00:00:00,101383.37,101741.45,100538.68,100613.56,85321.0,2900,0.0
2025-02-04 04:00:00,100614.03,100763.91,98206.4,98406.4,88576.0,2899,0.0
2025-02-04 08:00:00,98406.4,99404.84,97808.44,98958.14,84282.0,2899,0.0
2025-02-04 12:00:00,98958.75,100397.19,98250.83,99350.89,94645.0,2899,0.0
2025-02-04 16:00:00,99349.72,100797.11,98743.44,98855.35,85786.0,2880,0.0
2025-02-04 20:00:00,98853.45,99417.1,96151.37,97745.29,95016.0,2880,0.0
2025-02-05 00:00:00,97745.29,98944.22,97075.02,98004.81,83010.0,2880,0.0
2025-02-05 04:00:00,98004.81,98315.19,97314.33,97831.88,79026.0,2880,0.0
2025-02-05 08:00:00,97831.95,98217.99,97226.68,98200.16,81948.0,2880,0.0
2025-02-05 12:00:00,98200.16,99141.7,97721.72,98072.41,86645.0,2880,0.0
2025-02-05 16:00:00,98071.88,98265.39,96452.5,97366.77,81720.0,2880,0.0
2025-02-05 20:00:00,97366.74,97713.95,96155.16,96617.0,76771.0,2880,0.0
2025-02-06 00:00:00,96616.43,97499.29,96438.66,97337.18,79209.0,2880,0.0
2025-02-06 04:00:00,97337.18,98413.67,97250.48,98200.36,78951.0,2880,0.0
2025-02-06 08:00:00,98200.36,99125.85,97900.0,98867.36,83967.0,2880,0.0
2025-02-06 12:00:00,98867.31,99058.84,96916.23,97349.5,86076.0,2880,0.0
2025-02-06 16:00:00,97348.2,97577.99,95706.72,96033.56,83270.0,2880,0.0
2025-02-06 20:00:00,96034.49,97141.2,95811.02,96613.07,76900.0,2880,0.0
2025-02-07 00:00:00,96612.69,97884.89,96450.79,97464.09,76982.0,2880,0.0
2025-02-07 04:00:00,97466.11,97888.4,96593.78,96759.1,79034.0,2880,0.0
2025-02-07 08:00:00,96759.85,97750.97,96625.7,97723.56,79883.0,2880,0.0
2025-02-07 12:00:00,97721.58,100133.28,97163.02,98271.17,96506.0,2880,0.0
2025-02-07 16:00:00,98271.17,98567.91,96845.5,96874.25,86167.0,2880,0.0
2025-02-07 20:00:00,96874.25,96936.79,95604.71,96561.63,82278.0,2880,0.0
2025-02-08 00:00:00,96560.57,96949.63,96390.44,96737.01,82781.0,2880,0.0
2025-02-08 04:00:00,96737.03,96739.43,95770.61,96234.67,79999.0,2880,0.0
2025-02-08 08:00:00,96234.67,96330.84,95845.07,96119.38,83438.0,2880,0.0
2025-02-08 12:00:00,96119.44,96529.89,95659.64,95853.88,82108.0,2899,0.0
2025-02-08 16:00:00,95853.01,96815.42,95725.72,96656.22,81910.0,2899,0.0
2025-02-08 20:00:00,96658.3,96780.57,96389.74,96528.79,79726.0,2899,0.0
2025-02-09 00:00:00,96529.75,97342.82,96411.72,97327.25,79161.0,2899,0.0
2025-02-09 04:00:00,97327.22,97352.56,96772.41,97080.59,81324.0,2899,0.0
2025-02-09 08:00:00,97080.61,97339.12,96560.83,96587.59,78854.0,2899,0.0
2025-02-09 12:00:00,96587.56,96743.03,95701.29,96519.53,80937.0,2899,0.0
2025-02-09 16:00:00,96519.35,96615.69,95877.51,96058.16,79033.0,2899,0.0
2025-02-09 20:00:00,96058.08,96796.51,94701.54,96507.3,82216.0,2898,0.0
2025-02-10 00:00:00,96509.06,97156.9,95264.6,96830.51,83433.0,2899,0.0
2025-02-10 04:00:00,96830.95,97655.35,96641.35,97425.98,83803.0,2899,0.0
2025-02-10 08:00:00,97426.68,97980.05,97339.11,97675.16,88909.0,2899,0.0
2025-02-10 12:00:00,97674.92,98373.06,96840.23,97232.38,89929.0,2899,0.0
2025-02-10 16:00:00,97231.97,97647.13,96852.12,97384.68,87147.0,2899,0.0
2025-02-10 20:00:00,97383.88,97491.65,97118.86,97414.33,91216.0,2899,0.0
2025-02-11 00:00:00,97415.5,98152.68,97391.52,97583.3,87572.0,2899,0.0
2025-02-11 04:00:00,97583.96,98514.25,97526.47,98269.66,85693.0,2899,0.0
2025-02-11 08:00:00,98269.4,98344.71,97857.73,98134.8,83895.0,2899,0.0
2025-02-11 12:00:00,98135.13,98143.56,96563.97,97055.98,87401.0,2899,0.0
2025-02-11 16:00:00,97055.98,97088.92,94839.22,95019.35,84854.0,2898,0.0
2025-02-11 20:00:00,95019.35,96563.45,94892.54,95826.88,84855.0,2898,0.0
2025-02-12 00:00:00,95826.67,96326.98,95104.37,95287.63,82518.0,2899,0.0
2025-02-12 04:00:00,95287.63,96231.29,95240.94,96123.98,82931.0,2899,0.0
2025-02-12 08:00:00,96119.69,96518.51,95930.47,96140.09,87124.0,2899,0.0
2025-02-12 12:00:00,96141.4,96661.85,94075.43,95829.54,98674.0,2898,0.0
2025-02-12 16:00:00,95829.56,97768.74,95126.97,97182.63,87275.0,2899,0.0
2025-02-12 20:00:00,97182.63,98147.03,96849.7,97822.06,84568.0,2899,0.0
2025-02-13 00:00:00,97823.71,98093.06,97283.81,97410.87,82865.0,2899,0.0
2025-02-13 04:00:00,97412.21,97474.13,95751.28,96052.46,84648.0,2899,0.0
2025-02-13 08:00:00,96053.33,96379.19,95596.89,95950.41,89243.0,2899,0.0
2025-02-13 12:00:00,95950.47,96495.48,95354.68,96032.37,87366.0,2899,0.0
2025-02-13 16:00:00,96030.46,96410.29,95213.65,95675.54,79196.0,2899,0.0
2025-02-13 20:00:00,95675.65,96844.44,95630.25,96646.92,78905.0,2899,0.0
2025-02-14 00:00:00,96646.67,97237.19,96405.54,97164.32,81082.0,2899,0.0
2025-02-14 04:00:00,97163.85,97275.09,96573.21,96946.96,76291.0,2899,0.0
2025-02-14 08:00:00,96946.71,97190.93,96784.5,96892.88,81343.0,2899,0.0
2025-02-14 12:00:00,96892.87,97575.58,96248.95,96962.02,86674.0,2899,0.0
2025-02-14 16:00:00,96960.63,98790.57,96494.82,97867.04,86962.0,2899,0.0
2025-02-14 20:00:00,97875.59,98212.19,96654.61,97458.73,83917.0,2899,0.0
2025-02-15 00:00:00,97458.92,97916.95,97199.1,97588.57,84487.0,2899,0.0
2025-02-15 04:00:00,97588.6,97715.07,97288.52,97314.63,80519.0,2880,0.0
2025-02-15 08:00:00,97314.58,97675.13,97250.8,97560.02,77986.0,2880,0.0
2025-02-15 12:00:00,97560.48,97884.34,97359.35,97562.76,77261.0,2880,0.0
2025-02-15 16:00:00,97562.98,97649.23,97268.82,97507.1,77120.0,2880,0.0
2025-02-15 20:00:00,97507.23,97680.6,97359.09,97526.92,73889.0,2880,0.0
2025-02-16 00:00:00,97526.87,97657.11,97379.3,97494.53,74892.0,2880,0.0
2025-02-16 04:00:00,97493.85,97616.76,97132.57,97212.38,73657.0,2880,0.0
2025-02-16 08:00:00,97210.34,97373.11,97030.64,97300.52,79019.0,2899,0.0
2025-02-16 12:00:00,97300.28,97309.81,96669.85,96894.97,80490.0,2899,0.0
2025-02-16 16:00:00,96895.6,97179.52,96613.64,97051.06,77221.0,2899,0.0
2025-02-16 20:00:00,97051.63,97280.3,96045.37,96114.47,79040.0,2899,0.0
2025-02-17 00:00:00,96117.93,96687.33,96046.39,96229.16,82445.0,2899,0.0
2025-02-17 04:00:00,96230.21,96529.16,95812.69,96103.81,83144.0,2899,0.0
2025-02-17 08:00:00,96102.83,96451.31,95979.74,96100.74,84126.0,2899,0.0
2025-02-17 12:00:00,96100.65,97088.87,95557.63,95680.05,83244.0,2899,0.0
2025-02-17 16:00:00,95680.05,95977.54,95159.78,95535.98,81550.0,2899,0.0
2025-02-17 20:00:00,95536.9,96493.06,95496.84,95829.02,83102.0,2899,0.0
2025-02-18 00:00:00,95828.55,96399.49,95562.32,96274.77,85406.0,2899,0.0
2025-02-18 04:00:00,96274.21,96379.53,95216.01,95463.62,88434.0,2899,0.0
2025-02-18 08:00:00,95463.65,95918.08,95026.82,95643.49,89146.0,2899,0.0
2025-02-18 12:00:00,95643.49,96799.12,95141.2,95542.71,89263.0,2899,0.0
2025-02-18 16:00:00,95542.71,95645.02,93316.25,94067.48,83987.0,2898,0.0
2025-02-18 20:00:00,94067.28,95709.68,93689.58,95683.48,85716.0,2898,0.0
2025-02-19 00:00:00,95684.32,95999.8,95057.2,95763.48,87496.0,2899,0.0
2025-02-19 04:00:00,95763.43,95912.72,95033.06,95718.85,87729.0,2899,0.0
2025-02-19 08:00:00,95718.85,96533.58,95648.18,96451.75,88945.0,2899,0.0
2025-02-19 12:00:00,96451.35,96742.84,95550.05,95978.35,89060.0,2899,0.0
2025-02-19 16:00:00,95978.35,96543.11,95408.81,96245.36,86511.0,2899,0.0
2025-02-19 20:00:00,96246.35,96939.38,96116.92,96655.39,83334.0,2899,0.0
2025-02-20 00:00:00,96655.76,97401.01,96426.3,97069.61,86442.0,2899,0.0
2025-02-20 04:00:00,97069.54,97357.03,96786.61,96886.44,86638.0,2899,0.0
2025-02-20 08:00:00,96885.84,97398.2,96803.62,97199.75,85379.0,2899,0.0
2025-02-20 12:00:00,97200.52,98055.89,96798.29,96927.68,86896.0,2880,0.0
2025-02-20 16:00:00,96931.07,98559.66,96891.39,98431.82,86576.0,2880,0.0
2025-02-20 20:00:00,98431.86,98745.96,97994.23,98294.96,85739.0,2880,0.0
2025-02-21 00:00:00,98294.2,98496.15,98071.9,98137.19,88716.0,2880,0.0
2025-02-21 04:00:00,98136.9,98597.42,98091.71,98181.85,88244.0,2880,0.0
2025-02-21 08:00:00,98181.86,98925.97,98097.98,98642.16,88844.0,2880,0.0
2025-02-21 12:00:00,98642.26,99481.06,97181.95,98092.5,93743.0,2880,0.0
2025-02-21 16:00:00,98092.53,98760.51,95189.9,95245.05,90507.0,2880,0.0
2025-02-21 20:00:00,95243.62,96216.63,94765.83,96195.96,89121.0,2898,0.0
2025-02-22 00:00:00,96195.89,96488.28,95796.27,96329.57,88071.0,2899,0.0
2025-02-22 04:00:00,96329.52,96637.14,96289.18,96317.63,79325.0,2880,0.0
2025-02-22 08:00:00,96318.29,96664.48,96154.79,96620.08,84086.0,2880,0.0
2025-02-22 12:00:00,96619.37,97060.73,96516.06,96633.4,85216.0,2880,0.0
2025-02-22 16:00:00,96632.88,96890.81,96412.86,96691.01,84775.0,2880,0.0
2025-02-22 20:00:00,96691.46,96779.62,96543.53,96618.3,78846.0,2880,0.0
2025-02-23 00:00:00,96617.7,96732.39,96437.99,96503.47,80157.0,2880,0.0
2025-02-23 04:00:00,96503.1,96635.03,96203.9,96587.22,81987.0,2880,0.0
2025-02-23 08:00:00,96585.85,96586.13,96117.35,96164.77,82536.0,2880,0.0
2025-02-23 12:00:00,96164.46,96218.59,95430.37,95471.42,85385.0,2899,0.0
2025-02-23 16:00:00,95471.09,95930.03,95226.7,95808.98,86004.0,2899,0.0
2025-02-23 20:00:00,95809.77,96409.13,95579.43,96331.2,81713.0,2899,0.0
2025-02-24 00:00:00,96331.34,96587.7,95354.14,95481.02,85932.0,2899,0.0
2025-02-24 04:00:00,95481.05,96024.47,95084.28,95937.63,86167.0,2899,0.0
2025-02-24 08:00:00,95937.55,96248.12,95381.38,95893.6,86996.0,2899,0.0
2025-02-24 12:00:00,95893.6,96168.52,93812.81,94310.39,85575.0,2898,0.0
2025-02-24 16:00:00,94315.08,95229.88,93663.98,93952.12,84001.0,2898,0.0
2025-02-24 20:00:00,93952.12,94580.49,91353.45,91575.85,88586.0,2898,0.0
2025-02-25 00:00:00,91577.44,92596.85,90929.14,92224.88,90339.0,2898,0.0
2025-02-25 04:00:00,92224.89,92382.38,88355.73,89438.17,97350.0,2897,0.0
2025-02-25 08:00:00,89428.29,90081.74,86815.92,89223.11,100326.0,2897,0.0
2025-02-25 12:00:00,89223.12,89575.67,85935.93,87143.85,110897.0,2897,0.0
2025-02-25 16:00:00,87146.15,87989.92,86096.76,87858.4,96467.0,2880,0.0
2025-02-25 20:00:00,87858.02,89415.7,87522.57,88644.82,91313.0,2897,0.0
2025-02-26 00:00:00,88644.44,89377.28,88023.48,88832.01,85817.0,2897,0.0
2025-02-26 04:00:00,88831.91,89208.37,88344.38,88671.01,85414.0,2897,0.0
2025-02-26 08:00:00,88671.79,89315.37,88067.95,88567.37,86727.0,2897,0.0
2025-02-26 12:00:00,88567.82,88655.64,85374.12,87518.77,100549.0,2897,0.0
2025-02-26 16:00:00,87518.47,87763.99,83328.8,83844.16,110712.0,2896,0.0
2025-02-26 20:00:00,83844.15,85381.09,82224.37,84200.84,105299.0,2896,0.0
2025-02-27 00:00:00,84201.05,85450.27,84005.81,85246.57,88088.0,2896,0.0
2025-02-27 04:00:00,85242.57,86729.38,84695.51,86230.13,88478.0,2896,0.0
2025-02-27 08:00:00,86231.13,87083.78,85820.55,86658.22,90144.0,2897,0.0
2025-02-27 12:00:00,86657.29,86764.61,84616.4,85487.76,104546.0,2896,0.0
2025-02-27 16:00:00,85488.56,85682.64,83540.01,84066.98,89289.0,2896,0.0
2025-02-27 20:00:00,84066.47,84920.59,82621.07,84690.42,91339.0,2896,0.0
2025-02-28 00:00:00,84690.42,84867.64,79547.55,80449.32,113902.0,2895,0.0
2025-02-28 04:00:00,80454.22,80976.87,78807.5,79171.25,108915.0,2895,0.0
2025-02-28 08:00:00,79172.01,80854.69,78212.1,80536.25,99565.0,2895,0.0
2025-02-28 12:00:00,80532.28,84488.93,80069.84,84065.72,111584.0,2896,0.0
2025-02-28 16:00:00,84058.86,85161.27,83201.94,84455.99,99841.0,2896,0.0
2025-02-28 20:00:00,84455.99,84816.58,83636.97,84347.28,85734.0,2896,0.0
2025-03-01 00:00:00,84347.29,85695.85,83812.84,85339.57,87929.0,2896,0.0
2025-03-01 04:00:00,85338.51,86590.4,84729.66,84749.07,82101.0,2880,0.0
2025-03-01 08:00:00,84747.67,85563.82,84377.89,84651.81,88626.0,2880,0.0
2025-03-01 12:00:00,84654.18,84986.39,84343.28,84814.27,87235.0,2880,0.0
2025-03-01 16:00:00,84814.27,85622.55,84707.63,85494.07,80921.0,2880,0.0
2025-03-01 20:00:00,85494.97,86296.88,85304.54,86082.48,83221.0,2880,0.0
2025-03-02 00:00:00,86081.54,86557.95,85638.93,85885.45,82171.0,2880,0.0
2025-03-02 04:00:00,85885.43,86603.3,85527.98,86263.13,83967.0,2880,0.0
2025-03-02 08:00:00,86262.7,86290.59,85657.59,86117.57,84465.0,2880,0.0
2025-03-02 12:00:00,86117.6,88709.9,85080.59,87474.7,93597.0,2880,0.0
2025-03-02 16:00:00,87473.6,95153.38,87318.37,93513.58,125338.0,2880,0.0
2025-03-02 20:00:00,93512.47,94848.33,93490.97,94270.77,89890.0,2880,0.0
2025-03-03 00:00:00,94271.1,94428.41,92418.03,92688.67,90381.0,2880,0.0
2025-03-03 04:00:00,92688.52,93351.84,91152.94,92378.82,90441.0,2880,0.0
2025-03-03 08:00:00,92378.82,92975.14,91098.1,92779.38,94096.0,2880,0.0
2025-03-03 12:00:00,92779.38,93735.78,89100.65,90014.23,110498.0,2880,0.0
2025-03-03 16:00:00,90001.27,90958.66,85452.78,85515.11,119812.0,2880,0.0
2025-03-03 20:00:00,85515.11,86990.71,85029.72,86199.19,105572.0,2880,0.0
2025-03-04 00:00:00,86199.19,86777.68,82458.27,84013.6,115084.0,2880,0.0
2025-03-04 04:00:00,84014.46,84643.47,83141.26,83205.79,93024.0,2880,0.0
2025-03-04 08:00:00,83205.25,84429.35,83033.39,83958.32,89620.0,2880,0.0
2025-03-04 12:00:00,83963.42,84974.52,81468.73,82980.16,124437.0,2880,0.0
2025-03-04 16:00:00,82980.15,88540.33,81951.38,88194.18,116077.0,2880,0.0
2025-03-04 20:00:00,88194.19,88951.81,86565.24,87223.0,94146.0,2880,0.0
2025-03-05 00:00:00,87222.98,87888.12,86334.56,86830.57,93150.0,2880,0.0
2025-03-05 04:00:00,86833.75,87710.5,86704.98,87605.94,82839.0,2880,0.0
2025-03-05 08:00:00,87599.83,90664.99,87563.02,89799.7,92984.0,2880,0.0
2025-03-05 12:00:00,89800.43,90984.86,87884.43,88317.47,111026.0,2880,0.0
2025-03-05 16:00:00,88317.46,90495.55,87545.47,89775.5,103623.0,2880,0.0
2025-03-05 20:00:00,89775.14,91063.31,89684.47,90645.28,85357.0,2880,0.0
2025-03-06 00:00:00,90645.52,92121.07,89988.86,91682.22,90938.0,2880,0.0
2025-03-06 04:00:00,91681.43,92902.77,91289.84,91390.64,86577.0,2880,0.0
2025-03-06 08:00:00,91391.24,91725.34,90622.49,91399.9,89207.0,2880,0.0
2025-03-06 12:00:00,91399.79,91506.54,89101.3,90876.43,105566.0,2880,0.0
2025-03-06 16:00:00,90878.53,91125.23,87835.13,88552.64,101210.0,2880,0.0
2025-03-06 20:00:00,88553.35,90819.89,88475.89,89965.47,89660.0,2880,0.0
2025-03-07 00:00:00,89965.46,91326.38,84612.24,87010.15,115369.0,2880,0.0
2025-03-07 04:00:00,87011.2,88634.13,86859.61,88378.62,88226.0,2880,0.0
2025-03-07 08:00:00,88375.94,89735.39,87995.77,88996.29,88040.0,2880,0.0
2025-03-07 12:00:00,88995.32,91159.77,88060.52,88490.42,113655.0,2880,0.0
2025-03-07 16:00:00,88498.44,89048.34,86510.43,87819.97,113097.0,2880,0.0
2025-03-07 20:00:00,87817.89,88525.48,85569.07,86803.43,101315.0,2880,0.0
2025-03-08 00:00:00,86804.28,86921.02,85201.2,85910.77,86023.0,2880,0.0
2025-03-08 04:00:00,85908.18,86680.27,85633.21,86222.69,84916.0,2880,0.0
2025-03-08 08:00:00,86222.02,86488.71,85750.15,85946.67,81411.0,2880,0.0
2025-03-08 12:00:00,85947.28,86658.56,85801.86,86421.6,82911.0,2880,0.0
2025-03-08 16:00:00,86418.43,86500.68,85639.42,86248.54,81071.0,2880,0.0
2025-03-08 20:00:00,86248.92,86524.53,85857.15,86236.45,75723.0,2880,0.0
2025-03-09 00:00:00,86236.43,86528.33,85970.35,86153.02,75269.0,2880,0.0
2025-03-09 04:00:00,86153.45,86217.24,85827.93,86045.32,72710.0,2880,0.0
2025-03-09 08:00:00,86045.99,86137.3,84658.26,85058.21,78351.0,2896,0.0
2025-03-09 12:00:00,85058.51,85101.55,82719.65,83085.83,87968.0,2896,0.0
2025-03-09 16:00:00,83085.99,83785.0,82218.96,82663.81,93498.0,2896,0.0
2025-03-09 20:00:00,82663.77,83563.7,79982.56,80733.21,93387.0,2896,0.0
2025-03-10 00:00:00,80733.48,82748.91,80041.43,82054.44,96138.0,2896,0.0
2025-03-10 04:00:00,82052.95,82816.86,81981.2,82315.0,87458.0,2896,0.0
2025-03-10 08:00:00,82313.43,84069.94,81145.18,83625.08,101845.0,2896,0.0
2025-03-10 12:00:00,83624.77,83823.07,79187.69,80070.74,122372.0,2895,0.0
2025-03-10 16:00:00,80071.94,80273.97,77444.04,79059.98,117709.0,2315,0.0
2025-03-10 20:00:00,79047.39,79926.33,78403.98,78630.85,92767.0,2315,0.0
2025-03-11 00:00:00,78630.85,80017.05,76587.33,79601.81,114010.0,2315,0.0
2025-03-11 04:00:00,79601.81,80714.89,79525.86,80525.7,91438.0,2315,0.0
2025-03-11 08:00:00,80525.65,82159.34,80419.79,81786.7,91648.0,2316,0.0
2025-03-11 12:00:00,81786.25,82338.86,79084.59,81275.59,125183.0,2315,0.0
2025-03-11 16:00:00,81275.46,83661.42,80686.4,83109.13,105007.0,2316,0.0
2025-03-11 20:00:00,83110.23,83328.0,82554.58,82931.74,84883.0,2316,0.0
2025-03-12 00:00:00,82932.2,83823.37,82126.58,82166.44,86634.0,2316,0.0
2025-03-12 04:00:00,82166.44,82587.39,81339.55,82480.46,90367.0,2316,0.0
2025-03-12 08:00:00,82478.73,83116.18,82044.88,83037.04,94385.0,2316,0.0
2025-03-12 12:00:00,83038.1,84545.0,80631.47,81773.8,113488.0,2316,0.0
2025-03-12 16:00:00,81771.9,83181.47,81649.54,82918.48,95847.0,2316,0.0
2025-03-12 20:00:00,82918.48,83915.55,82718.34,83701.69,85858.0,2316,0.0
2025-03-13 00:00:00,83701.86,84362.46,83299.61,83572.51,87950.0,2316,0.0
2025-03-13 04:00:00,83572.61,83706.06,82822.34,83162.56,89375.0,2316,0.0
2025-03-13 08:00:00,83162.17,83529.86,82381.47,82940.91,90004.0,2316,0.0
2025-03-13 12:00:00,82935.54,83948.7,80967.7,81073.83,103792.0,2316,0.0
2025-03-13 16:00:00,81073.14,81292.32,79932.43,80230.19,94244.0,2316,0.0
2025-03-13 20:00:00,80234.49,81543.52,80204.18,81180.65,86462.0,2316,0.0
2025-03-14 00:00:00,81180.38,82300.04,80864.67,81905.83,87555.0,2316,0.0
2025-03-14 04:00:00,81908.5,82478.88,81779.62,82166.67,86547.0,2316,0.0
2025-03-14 08:00:00,82162.53,83386.17,82160.84,83261.43,91044.0,2316,0.0
2025-03-14 12:00:00,83263.33,85346.15,82642.25,84766.33,101636.0,2316,0.0
2025-03-14 16:00:00,84768.06,84986.37,83951.86,84573.09,91574.0,2300,0.0
2025-03-14 20:00:00,84573.09,84573.09,83715.49,83991.38,87054.0,2300,0.0
2025-03-15 00:00:00,83991.37,84698.09,83958.61,84505.21,84314.0,2300,0.0
2025-03-15 04:00:00,84505.4,84571.55,83788.14,83839.23,85960.0,2300,0.0
2025-03-15 08:00:00,83839.44,84186.31,83616.09,84093.26,86809.0,2300,0.0
2025-03-15 12:00:00,84091.99,84499.15,84001.8,84359.9,85110.0,2300,0.0
2025-03-15 16:00:00,84360.59,84520.32,84093.83,84309.35,81295.0,2300,0.0
2025-03-15 20:00:00,84309.46,84492.88,84229.23,84344.38,81833.0,2880,0.0
2025-03-16 00:00:00,84342.94,84401.15,83708.36,84339.91,77174.0,2880,0.0
2025-03-16 04:00:00,84339.27,84441.56,83967.7,84295.97,77951.0,2880,0.0
2025-03-16 08:00:00,84297.1,84355.22,82401.02,82467.42,80389.0,2880,0.0
2025-03-16 12:00:00,82467.42,83501.05,82440.08,83317.47,85371.0,2896,0.0
2025-03-16 16:00:00,83317.53,85167.07,82536.24,83116.69,87750.0,2896,0.0
2025-03-16 20:00:00,83116.95,83467.36,81994.65,82591.19,84995.0,2896,0.0
2025-03-17 00:00:00,82591.11,83748.18,82524.51,83678.11,85526.0,2896,0.0
2025-03-17 04:00:00,83678.16,83887.01,82653.02,83554.49,88846.0,2896,0.0
2025-03-17 08:00:00,83558.11,83792.97,83186.56,83503.01,88997.0,2896,0.0
2025-03-17 12:00:00,83502.64,83997.9,82409.3,83543.4,98721.0,2896,0.0
2025-03-17 16:00:00,83542.92,84767.06,83097.62,84488.72,88980.0,2896,0.0
2025-03-17 20:00:00,84488.72,84512.67,83737.49,84013.33,84183.0,2896,0.0
2025-03-18 00:00:00,84013.56,84040.25,82954.22,83158.93,83861.0,2896,0.0
2025-03-18 04:00:00,83158.95,83297.23,82250.75,83192.72,85820.0,2896,0.0
2025-03-18 08:00:00,83193.13,83493.65,82499.64,82603.76,85641.0,2896,0.0
2025-03-18 12:00:00,82603.43,82840.66,81143.36,81623.06,93281.0,2896,0.0
2025-03-18 16:00:00,81623.22,82502.99,81253.78,82331.88,87832.0,2880,0.0
2025-03-18 20:00:00,82331.88,82844.63,81885.53,82732.83,86357.0,2880,0.0
2025-03-19 00:00:00,82732.82,83264.69,82547.38,83061.99,89966.0,2880,0.0
2025-03-19 04:00:00,83062.07,83424.3,82797.37,83218.26,88736.0,2880,0.0
2025-03-19 08:00:00,83225.66,84148.62,83212.61,83914.24,89832.0,2880,0.0
2025-03-19 12:00:00,83913.22,84932.04,83511.47,84776.01,93506.0,2880,0.0
2025-03-19 16:00:00,84776.53,86016.07,83575.47,85482.13,102786.0,2880,0.0
2025-03-19 20:00:00,85481.74,87096.8,85278.63,86920.63,86419.0,2880,0.0
2025-03-20 00:00:00,86920.58,87554.43,85639.04,85935.76,87964.0,2880,0.0
2025-03-20 04:00:00,85935.8,86059.15,85443.01,85841.54,86126.0,2880,0.0
2025-03-20 08:00:00,85843.06,86362.24,84745.47,85517.7,92317.0,2880,0.0
2025-03-20 12:00:00,85515.97,86553.02,84567.21,84714.88,95497.0,2880,0.0
2025-03-20 16:00:00,84707.51,84890.6,83628.52,84145.07,87203.0,2880,0.0
2025-03-20 20:00:00,84146.82,84598.04,83889.54,84213.16,86094.0,2880,0.0
2025-03-21 00:00:00,84213.9,84841.48,84159.61,84431.32,90602.0,2880,0.0
2025-03-21 04:00:00,84429.91,84818.73,83695.29,83909.04,87791.0,2880,0.0
2025-03-21 08:00:00,83908.57,84350.91,83699.86,84033.42,89297.0,2880,0.0
2025-03-21 12:00:00,84032.93,84358.62,83149.49,83557.45,92787.0,2880,0.0
2025-03-21 16:00:00,83558.28,84417.28,83345.46,83948.38,86805.0,2880,0.0
2025-03-21 20:00:00,83951.41,84582.8,83792.92,84088.95,81583.0,2880,0.0
2025-03-22 00:00:00,84088.82,84306.99,83963.44,84238.84,84635.0,2880,0.0
2025-03-22 04:00:00,84238.78,84429.34,84142.87,84276.27,90935.0,2880,0.0
2025-03-22 08:00:00,84276.67,84537.58,84096.22,84227.83,88001.0,2880,0.0
2025-03-22 12:00:00,84227.83,84294.57,83947.41,84099.77,83285.0,2880,0.0
2025-03-22 16:00:00,84098.08,84349.19,84045.98,84189.88,84816.0,2880,0.0
2025-03-22 20:00:00,84190.22,84227.9,83625.8,83847.55,83433.0,2880,0.0
2025-03-23 00:00:00,83847.32,84283.3,83811.75,84229.05,85878.0,2880,0.0
2025-03-23 04:00:00,84229.13,84314.37,84056.92,84258.59,85796.0,2880,0.0
2025-03-23 08:00:00,84258.52,85059.27,84238.29,84701.91,84420.0,2880,0.0
2025-03-23 12:00:00,84702.09,85269.04,84572.42,85187.4,86986.0,2880,0.0
2025-03-23 16:00:00,85186.57,85454.69,84795.82,85024.02,84685.0,2880,0.0
2025-03-23 20:00:00,85023.81,86203.54,84937.42,86123.04,85867.0,2880,0.0
2025-03-24 00:00:00,86123.04,86710.81,85536.07,86566.08,90027.0,2880,0.0
2025-03-24 04:00:00,86565.57,87330.02,86562.68,86883.78,90082.0,2880,0.0
2025-03-24 08:00:00,86881.13,87939.61,86859.46,87704.03,92754.0,2880,0.0
2025-03-24 12:00:00,87706.53,88797.08,87126.88,88328.29,93251.0,2880,0.0
2025-03-24 16:00:00,88327.33,88548.72,87676.9,88236.74,91266.0,2880,0.0
2025-03-24 20:00:00,88236.74,88515.6,87038.37,87498.8,84888.0,2880,0.0
2025-03-25 00:00:00,87498.8,87699.53,86319.88,86522.68,88171.0,2880,0.0
2025-03-25 04:00:00,86522.36,86902.19,86291.67,86438.67,89241.0,2880,0.0
2025-03-25 08:00:00,86439.63,87512.5,86388.76,87373.39,91184.0,2880,0.0
2025-03-25 12:00:00,87373.7,88283.2,86924.02,87778.24,94050.0,2880,0.0
2025-03-25 16:00:00,87778.38,88344.61,87580.3,88126.76,89300.0,2880,0.0
2025-03-25 20:00:00,88120.89,88579.75,87147.64,87434.79,86584.0,2880,0.0
2025-03-26 00:00:00,87433.2,87934.41,87039.86,87186.47,86246.0,2880,0.0
2025-03-26 04:00:00,87187.28,88312.35,87070.62,88160.09,86895.0,2880,0.0
2025-03-26 08:00:00,88160.79,88297.01,87828.14,87980.97,87420.0,2880,0.0
2025-03-26 12:00:00,87980.97,88040.24,86474.03,86789.62,93397.0,2880,0.0
2025-03-26 16:00:00,86789.25,87092.47,85868.51,86599.09,86179.0,2880,0.0
2025-03-26 20:00:00,86598.62,87451.87,86530.49,86969.55,87365.0,2880,0.0
2025-03-27 00:00:00,86969.55,87803.76,86841.32,87694.7,87948.0,2880,0.0
2025-03-27 04:00:00,87695.0,87725.01,87272.05,87432.6,86531.0,2880,0.0
2025-03-27 08:00:00,87432.59,87633.64,86797.79,86962.23,89964.0,2880,0.0
2025-03-27 12:00:00,86962.13,87581.92,85779.11,86954.21,95006.0,2880,0.0
2025-03-27 16:00:00,86953.31,87446.67,86751.37,87092.89,89788.0,2880,0.0
2025-03-27 20:00:00,87096.29,87765.78,86931.3,87201.05,82433.0,2880,0.0
2025-03-28 00:00:00,87201.2,87501.64,86700.18,86764.01,85771.0,2880,0.0
2025-03-28 04:00:00,86764.13,86812.98,85135.52,85200.74,88639.0,2880,0.0
2025-03-28 08:00:00,85200.74,85438.49,84771.44,85227.59,88351.0,2880,0.0
2025-03-28 12:00:00,85226.89,85589.41,83910.25,84047.07,93023.0,2880,0.0
2025-03-28 16:00:00,84047.09,84215.34,83572.85,83785.24,86132.0,2880,0.0
2025-03-28 20:00:00,83785.18,84537.34,83690.46,84417.99,86283.0,2896,0.0
2025-03-29 00:00:00,84417.56,84626.16,83709.77,84164.28,87531.0,2896,0.0
2025-03-29 04:00:00,84163.48,84268.63,83656.28,83747.87,86957.0,2896,0.0
2025-03-29 08:00:00,83747.62,83964.64,81986.08,82288.54,88002.0,2896,0.0
2025-03-29 12:00:00,82288.22,82898.34,82137.08,82438.47,89057.0,2896,0.0
2025-03-29 16:00:00,82443.5,82789.73,81639.93,82771.82,85700.0,2896,0.0
2025-03-29 20:00:00,82771.78,82802.87,82265.26,82660.81,80852.0,2896,0.0
2025-03-30 00:00:00,82660.67,83537.12,82506.31,83108.04,86289.0,2896,0.0
2025-03-30 04:00:00,83108.04,83357.29,82867.91,83117.19,85462.0,2896,0.0
2025-03-30 08:00:00,83116.52,83576.48,82970.03,83130.11,85074.0,2896,0.0
2025-03-30 12:00:00,83130.29,83286.53,82577.19,82741.22,85776.0,2896,0.0
2025-03-30 16:00:00,82740.75,82908.11,82024.75,82571.14,84514.0,2896,0.0
2025-03-30 20:00:00,82571.12,82800.1,81540.21,82427.07,83289.0,2896,0.0
2025-03-31 00:00:00,82428.45,82490.07,81272.47,81544.46,89024.0,2896,0.0
2025-03-31 04:00:00,81544.71,82335.61,81399.77,81944.28,89725.0,2896,0.0
2025-03-31 08:00:00,81945.15,82299.45,81267.39,82227.59,88015.0,2896,0.0
2025-03-31 12:00:00,82227.92,83954.6,81636.61,83433.46,100357.0,2896,0.0
2025-03-31 16:00:00,83434.27,83712.98,82373.52,82436.84,90008.0,2896,0.0
2025-03-31 20:00:00,82443.31,82896.48,82238.62,82539.39,83595.0,2896,0.0
2025-04-01 00:00:00,82538.31,83260.84,82403.5,82974.92,85608.0,2896,0.0
2025-04-01 04:00:00,82975.08,83622.67,82871.39,83462.94,88067.0,2896,0.0
2025-04-01 08:00:00,83462.65,84490.88,83456.82,83895.57,91556.0,2896,0.0
2025-04-01 12:00:00,83895.51,85511.35,82485.52,85295.95,95879.0,2896,0.0
2025-04-01 16:00:00,85297.05,85511.44,84685.2,84957.48,91580.0,2896,0.0
2025-04-01 20:00:00,84949.26,85596.02,84752.93,85183.31,84894.0,2896,0.0
2025-04-02 00:00:00,85183.46,85278.49,84478.45,84507.38,91394.0,2896,0.0
2025-04-02 04:00:00,84508.25,84704.79,83887.93,84402.4,90583.0,2896,0.0
2025-04-02 08:00:00,84403.98,85467.33,84241.61,84540.5,91607.0,2896,0.0
2025-04-02 12:00:00,84535.48,87325.43,84429.63,86765.46,104409.0,2880,0.0
2025-04-02 16:00:00,86755.52,87291.68,86142.41,86853.82,91819.0,2880,0.0
2025-04-02 20:00:00,86856.55,88516.51,82229.99,82416.72,103515.0,2880,0.0
2025-04-03 00:00:00,82417.09,83854.32,82066.51,83436.77,95954.0,2880,0.0
2025-04-03 04:00:00,83436.77,83691.23,82913.62,83393.15,91078.0,2880,0.0
2025-04-03 08:00:00,83392.61,83742.9,82950.39,83010.4,92706.0,2880,0.0
2025-04-03 12:00:00,83010.13,83065.33,81109.62,81960.49,105948.0,2880,0.0
2025-04-03 16:00:00,81960.86,82421.96,81460.87,81939.35,92980.0,2880,0.0
2025-04-03 20:00:00,81938.22,83277.51,81704.97,83146.71,88216.0,2880,0.0
2025-04-04 00:00:00,83150.12,83351.57,82525.06,82753.1,90862.0,2880,0.0
2025-04-04 04:00:00,82753.18,83984.33,82530.41,83961.07,90423.0,2880,0.0
2025-04-04 08:00:00,83961.42,84736.48,81569.9,82589.89,101094.0,2880,0.0
2025-04-04 12:00:00,82591.4,83656.09,81761.86,82802.18,119854.0,2880,0.0
2025-04-04 16:00:00,82802.36,84580.67,82673.38,83986.22,101816.0,2880,0.0
2025-04-04 20:00:00,83978.41,84433.36,83447.87,83850.99,85537.0,2880,0.0
2025-04-05 00:00:00,83851.38,84257.67,83331.7,83571.97,85938.0,2880,0.0
2025-04-05 04:00:00,83572.01,83836.11,83293.29,83496.1,84418.0,2880,0.0
2025-04-05 08:00:00,83496.85,83881.87,83330.21,83428.94,84457.0,2880,0.0
2025-04-05 12:00:00,83428.93,83527.3,82345.73,82596.82,89721.0,2880,0.0
2025-04-05 16:00:00,82596.15,83155.96,82572.78,82847.52,85062.0,2880,0.0
2025-04-05 20:00:00,82846.68,83710.6,82810.45,83528.18,81092.0,2880,0.0
2025-04-06 00:00:00,83535.47,83800.74,83140.23,83331.99,85298.0,2880,0.0
2025-04-06 04:00:00,83332.0,83530.23,82971.83,82985.41,87523.0,2880,0.0
2025-04-06 08:00:00,82986.54,83133.49,82582.16,82781.3,85948.0,2880,0.0
2025-04-06 12:00:00,82780.45,82925.92,82145.79,82493.5,87002.0,2880,0.0
2025-04-06 16:00:00,82493.52,82523.84,78610.33,79552.59,98194.0,2880,0.0
2025-04-06 20:00:00,79550.95,79851.3,77021.0,78301.84,103433.0,2880,0.0
2025-04-07 00:00:00,78301.27,79252.4,77231.38,77594.52,103793.0,2880,0.0
2025-04-07 04:00:00,77593.74,77884.48,74360.24,74979.74,113086.0,2880,0.0
2025-04-07 08:00:00,74979.82,77492.26,74946.81,76595.81,105914.0,2880,0.0
2025-04-07 12:00:00,76595.54,81150.7,75702.69,78420.14,145900.0,2880,0.0
2025-04-07 16:00:00,78420.62,79367.62,77247.12,78080.98,116637.0,2880,0.0
2025-04-07 20:00:00,78081.61,80223.81,78054.72,79169.77,89242.0,2880,0.0
2025-04-08 00:00:00,79169.32,80858.35,78742.88,79891.32,92169.0,2880,0.0
2025-04-08 04:00:00,79891.23,80401.31,79181.75,79446.79,88696.0,2880,0.0
2025-04-08 08:00:00,79446.53,80064.01,78771.66,79967.55,91803.0,2880,0.0
2025-04-08 12:00:00,79967.56,80359.24,78123.58,78462.76,106815.0,2880,0.0
2025-04-08 16:00:00,78462.72,78494.65,76225.21,76734.27,111545.0,2880,0.0
2025-04-08 20:00:00,76731.16,77203.67,76112.24,76190.16,87208.0,2880,0.0
2025-04-09 00:00:00,76191.27,76754.53,74467.16,74928.14,100354.0,2880,0.0
2025-04-09 04:00:00,74926.75,77922.19,74819.51,77658.17,99967.0,2880,0.0
2025-04-09 08:00:00,77658.17,77853.95,75652.36,76109.47,99674.0,2880,0.0
2025-04-09 12:00:00,76109.48,78253.93,75903.91,77174.39,114169.0,2880,0.0
2025-04-09 16:00:00,77173.87,83025.37,77043.62,82335.33,122477.0,2880,0.0
2025-04-09 20:00:00,82340.54,83676.65,82048.2,82677.64,91185.0,2880,0.0
2025-04-10 00:00:00,82677.46,82809.89,81455.9,81779.35,91526.0,2880,0.0
2025-04-10 04:00:00,81779.25,82387.03,81298.68,81609.63,92438.0,2880,0.0
2025-04-10 08:00:00,81610.56,82158.7,81316.26,81868.17,93146.0,2880,0.0
2025-04-10 12:00:00,81869.08,82513.86,78506.88,78688.33,108022.0,2880,0.0
2025-04-10 16:00:00,78688.33,79966.22,78355.14,79583.73,100791.0,2880,0.0
2025-04-10 20:00:00,79579.83,79989.99,79292.47,79529.06,84504.0,2880,0.0
2025-04-11 00:00:00,79529.52,80866.28,78893.74,80792.18,90282.0,2880,0.0
2025-04-11 04:00:00,80792.18,81423.8,80459.58,81252.5,88638.0,2880,0.0
2025-04-11 08:00:00,81252.01,82992.3,80755.33,82100.75,92204.0,2880,0.0
2025-04-11 12:00:00,82101.14,83333.49,81324.92,82514.41,101691.0,2880,0.0
2025-04-11 16:00:00,82513.22,84241.1,81994.01,83881.8,94567.0,2880,0.0
2025-04-11 20:00:00,83881.8,84356.17,83144.19,83431.07,87729.0,2880,0.0
2025-04-12 00:00:00,83421.01,83595.47,82772.59,82951.96,90547.0,2880,0.0
2025-04-12 04:00:00,82952.12,83808.11,82819.34,83708.57,91117.0,2880,0.0
2025-04-12 08:00:00,83708.7,84019.49,83256.28,83495.96,89212.0,2880,0.0
2025-04-12 12:00:00,83496.32,85439.35,83433.89,85018.53,91307.0,2880,0.0
2025-04-12 16:00:00,85018.53,85294.44,84414.58,84955.3,87957.0,2880,0.0
2025-04-12 20:00:00,84955.78,85969.18,84878.26,85260.7,82138.0,2880,0.0
2025-04-13 00:00:00,85262.51,86147.82,84731.96,85434.01,88624.0,2880,0.0
2025-04-13 04:00:00,85435.0,85458.71,84363.93,84390.35,88564.0,2880,0.0
2025-04-13 08:00:00,84393.23,84951.61,84192.52,84518.22,92221.0,2880,0.0
2025-04-13 12:00:00,84515.13,84685.22,83424.21,83808.81,90844.0,2880,0.0
2025-04-13 16:00:00,83809.43,85003.61,82989.94,83938.64,91555.0,2880,0.0
2025-04-13 20:00:00,83936.3,84424.78,82976.26,83705.77,86879.0,2880,0.0
2025-04-14 00:00:00,83706.64,85526.83,83619.03,84544.88,89437.0,2880,0.0
2025-04-14 04:00:00,84545.0,85077.66,84182.53,84566.06,88996.0,2880,0.0
2025-04-14 08:00:00,84566.13,84976.28,84219.31,84935.58,90501.0,2880,0.0
2025-04-14 12:00:00,84934.39,85799.39,83688.99,84073.21,86293.0,2880,0.0
2025-04-14 16:00:00,84073.21,85207.54,83822.65,84912.32,91130.0,2880,0.0
2025-04-14 20:00:00,84912.84,84966.1,84388.94,84572.69,81300.0,2880,0.0
2025-04-15 00:00:00,84571.7,85416.32,84314.12,85363.33,84083.0,2880,0.0
2025-04-15 04:00:00,85363.27,85878.76,85141.04,85728.83,84905.0,2880,0.0
2025-04-15 08:00:00,85729.23,86023.34,85329.96,85581.94,84154.0,2880,0.0
2025-04-15 12:00:00,85581.58,86496.42,84612.78,84909.67,91735.0,2880,0.0
2025-04-15 16:00:00,84909.84,85149.91,83891.9,83963.22,84552.0,2880,0.0
2025-04-15 20:00:00,83966.04,84226.1,83589.85,83646.48,84542.0,2880,0.0
2025-04-16 00:00:00,83646.2,83949.88,83085.62,83678.6,86653.0,2880,0.0
2025-04-16 04:00:00,83678.32,83826.17,83198.46,83352.75,87253.0,2880,0.0
2025-04-16 08:00:00,83352.76,84143.3,83119.37,84061.51,89333.0,2880,0.0
2025-04-16 12:00:00,84066.37,85295.96,83475.16,84881.28,91696.0,2880,0.0
2025-04-16 16:00:00,84881.28,85572.53,83230.58,84316.29,94329.0,2880,0.0
2025-04-16 20:00:00,84316.29,84692.28,84001.25,84019.49,81521.0,2880,0.0
2025-04-17 00:00:00,84019.53,84499.06,83787.95,83969.52,82798.0,2880,0.0
2025-04-17 04:00:00,83979.67,85078.49,83866.71,84670.66,87087.0,2880,0.0
2025-04-17 08:00:00,84670.89,84768.56,84143.44,84545.71,88810.0,2880,0.0
2025-04-17 12:00:00,84547.07,84862.64,83677.41,84516.22,88557.0,2880,0.0
2025-04-17 16:00:00,84516.25,85484.32,84363.86,84822.15,86258.0,2880,0.0
2025-04-17 20:00:00,84822.15,85129.29,84674.68,84925.92,81247.0,2880,0.0
2025-04-18 00:00:00,84924.91,85110.54,84684.04,84790.03,80475.0,2880,0.0
2025-04-18 04:00:00,84790.11,84809.54,84330.47,84603.97,83997.0,2880,0.0
2025-04-18 08:00:00,84603.47,84731.98,84402.74,84602.77,84954.0,2880,0.0
2025-04-18 12:00:00,84603.53,84695.9,84292.23,84324.95,83615.0,2880,0.0
2025-04-18 16:00:00,84326.08,84611.07,84247.83,84505.65,80610.0,2880,0.0
2025-04-18 20:00:00,84506.02,84639.33,84288.29,84434.81,80110.0,2880,0.0
2025-04-19 00:00:00,84434.32,84953.62,84329.4,84839.51,79108.0,2880,0.0
2025-04-19 04:00:00,84839.3,85237.6,84836.92,85193.45,86488.0,2880,0.0
2025-04-19 08:00:00,85192.83,85429.63,85074.59,85186.97,83484.0,2880,0.0
2025-04-19 12:00:00,85187.37,85652.16,85042.98,85166.36,84915.0,2880,0.0
2025-04-19 16:00:00,85166.25,85295.16,84623.02,85045.69,87471.0,2880,0.0
2025-04-19 20:00:00,85054.63,85352.82,84952.37,85049.09,83262.0,2880,0.0
2025-04-20 00:00:00,85046.78,85289.82,84990.96,85130.54,79902.0,2880,0.0
2025-04-20 04:00:00,85130.35,85213.14,84626.78,84717.72,84529.0,2880,0.0
2025-04-20 08:00:00,84717.98,84743.33,83872.86,84066.19,88496.0,2896,0.0
2025-04-20 12:00:00,84065.57,84641.15,84028.04,84313.8,85905.0,2896,0.0
2025-04-20 16:00:00,84313.91,84625.72,84228.82,84593.6,81534.0,2896,0.0
2025-04-20 20:00:00,84592.94,85273.82,84551.54,85134.14,83224.0,2880,0.0
2025-04-21 00:00:00,85134.4,87630.05,85092.56,87169.76,92017.0,2880,0.0
2025-04-21 04:00:00,87169.1,87721.56,86999.9,87410.27,86242.0,2880,0.0
2025-04-21 08:00:00,87411.32,87772.96,86606.72,86932.72,87287.0,2880,0.0
2025-04-21 12:00:00,86932.93,88499.5,86758.02,88092.79,93886.0,2880,0.0
2025-04-21 16:00:00,88093.12,88298.85,86380.16,87414.65,88482.0,2880,0.0
2025-04-21 20:00:00,87414.65,87657.88,86888.61,87525.13,83259.0,2880,0.0
2025-04-22 00:00:00,87525.76,88897.83,87080.72,88152.63,90119.0,2880,0.0
2025-04-22 04:00:00,88152.83,88488.3,87944.48,88474.97,86385.0,2880,0.0
2025-04-22 08:00:00,88474.35,88687.5,88212.05,88594.74,89660.0,2880,0.0
2025-04-22 12:00:00,88594.77,91441.29,88464.73,90999.6,101601.0,2880,0.0
2025-04-22 16:00:00,90998.52,91735.57,90665.13,91408.49,90996.0,2880,0.0
2025-04-22 20:00:00,91407.9,94092.88,91042.38,93422.18,92610.0,2880,0.0
2025-04-23 00:00:00,93421.54,93888.37,92541.75,93116.14,90933.0,2880,0.0
2025-04-23 04:00:00,93116.24,94266.61,92969.75,94105.13,91494.0,2880,0.0
2025-04-23 08:00:00,94105.51,94465.13,93240.93,93395.18,91156.0,2880,0.0
2025-04-23 12:00:00,93393.81,94737.36,91887.61,93139.12,99523.0,2880,0.0
2025-04-23 16:00:00,93139.68,94201.58,92862.17,93465.0,89734.0,2880,0.0
2025-04-23 20:00:00,93465.29,93937.4,93203.85,93678.67,82982.0,2880,0.0
2025-04-24 00:00:00,93679.12,93784.46,92609.6,92651.17,85156.0,2880,0.0
2025-04-24 04:00:00,92651.22,92897.1,92083.25,92183.46,87215.0,2880,0.0
2025-04-24 08:00:00,92183.59,92682.58,91630.78,92622.12,88389.0,2880,0.0
2025-04-24 12:00:00,92622.79,93464.56,92428.37,93197.28,90723.0,2880,0.0
2025-04-24 16:00:00,93197.07,93673.09,92649.62,93557.42,87392.0,2880,0.0
2025-04-24 20:00:00,93557.42,94032.23,93005.01,93973.52,83589.0,2880,0.0
2025-04-25 00:00:00,93973.38,94456.84,92805.49,93278.65,88795.0,2880,0.0
2025-04-25 04:00:00,93278.63,93854.19,92971.13,93754.25,88225.0,2880,0.0
2025-04-25 08:00:00,93755.69,94663.17,93513.83,94632.11,88477.0,2880,0.0
2025-04-25 12:00:00,94631.65,95891.99,93901.01,95088.49,98097.0,2880,0.0
2025-04-25 16:00:00,95088.94,95577.08,94352.32,95343.3,89671.0,2880,0.0
2025-04-25 20:00:00,95343.3,95400.37,94457.96,94648.4,83879.0,2880,0.0
2025-04-26 00:00:00,94648.4,95214.94,94534.79,94720.11,87483.0,2880,0.0
2025-04-26 04:00:00,94715.27,94808.98,94297.97,94545.14,90178.0,2880,0.0
2025-04-26 08:00:00,94544.47,94697.88,93957.82,94115.3,91122.0,2880,0.0
2025-04-26 12:00:00,94116.14,94415.64,93855.76,94377.59,89176.0,2880,0.0
2025-04-26 16:00:00,94378.85,94384.33,94053.35,94268.21,84791.0,2880,0.0
2025-04-26 20:00:00,94268.65,94906.42,94060.54,94624.24,83960.0,2880,0.0
2025-04-27 00:00:00,94626.2,95326.68,94020.23,94124.37,86141.0,2880,0.0
2025-04-27 04:00:00,94124.37,94251.04,93553.65,94035.77,85740.0,2880,0.0
2025-04-27 08:00:00,94035.63,94305.06,93824.09,93855.37,86844.0,2880,0.0
2025-04-27 12:00:00,93856.83,94174.66,93568.8,93878.19,87912.0,2880,0.0
2025-04-27 16:00:00,93878.21,94415.03,93679.78,94400.1,85041.0,2880,0.0
2025-04-27 20:00:00,94400.1,94533.54,93594.59,93701.62,83475.0,2898,0.0
2025-04-28 00:00:00,93701.54,93991.07,92762.51,93837.68,87655.0,2898,0.0
2025-04-28 04:00:00,93836.93,94801.46,93836.26,94677.64,87832.0,2898,0.0
2025-04-28 08:00:00,94677.86,95552.12,94292.41,95320.83,89525.0,2880,0.0
2025-04-28 12:00:00,95322.15,95617.64,93560.2,93833.76,91148.0,2880,0.0
2025-04-28 16:00:00,93826.16,94948.49,93407.35,94807.82,88764.0,2880,0.0
2025-04-28 20:00:00,94807.82,95161.19,94275.18,94994.42,84878.0,2880,0.0
2025-04-29 00:00:00,94993.56,95432.85,94399.8,94617.84,85411.0,2880,0.0
2025-04-29 04:00:00,94618.32,94971.13,94166.46,94929.5,88043.0,2880,0.0
2025-04-29 08:00:00,94930.07,95298.31,94720.36,95107.25,89054.0,2880,0.0
2025-04-29 12:00:00,95107.99,95292.59,94491.64,94817.95,87775.0,2880,0.0
2025-04-29 16:00:00,94817.84,95446.85,94621.55,95292.59,83249.0,2880,0.0
2025-04-29 20:00:00,95292.59,95390.71,93714.03,94259.14,83677.0,2880,0.0
2025-04-30 00:00:00,94259.1,95148.5,94136.96,95051.16,88531.0,2880,0.0
2025-04-30 04:00:00,95051.16,95224.18,94469.95,94595.27,84364.0,2880,0.0
2025-04-30 08:00:00,94594.87,95210.39,94470.53,95139.38,82742.0,2880,0.0
2025-04-30 12:00:00,95138.2,95179.58,92926.39,93971.16,93003.0,2880,0.0
2025-04-30 16:00:00,93971.66,94501.77,93477.18,94133.48,84666.0,2880,0.0
2025-04-30 20:00:00,94125.16,94791.85,93971.93,94142.25,81039.0,2880,0.0
2025-05-01 00:00:00,94142.7,95019.79,94093.23,94755.16,81480.0,2880,0.0
2025-05-01 04:00:00,94754.15,95183.38,94673.18,94999.09,81552.0,2880,0.0
2025-05-01 08:00:00,95000.26,96384.47,94883.25,96146.2,90909.0,2880,0.0
2025-05-01 12:00:00,96146.09,97463.58,95763.75,96844.62,95140.0,2880,0.0
2025-05-01 16:00:00,96841.45,97366.85,96376.05,96457.34,86028.0,2880,0.0
2025-05-01 20:00:00,96458.58,96857.37,96094.5,96407.44,81554.0,2880,0.0
2025-05-02 00:00:00,96409.88,97196.9,96376.86,97071.93,86046.0,2880,0.0
2025-05-02 04:00:00,97071.57,97270.25,96277.62,96290.64,90518.0,2880,0.0
2025-05-02 08:00:00,96290.65,97059.76,96277.64,96881.45,87985.0,2880,0.0
2025-05-02 12:00:00,96881.23,97894.9,96574.82,97286.7,93035.0,2880,0.0
2025-05-02 16:00:00,97286.72,97775.27,96705.26,96863.09,89623.0,2880,0.0
2025-05-02 20:00:00,96863.45,97097.02,96507.79,96836.84,88003.0,2880,0.0
2025-05-03 00:00:00,96835.01,96886.89,96257.86,96310.07,91270.0,2880,0.0
2025-05-03 04:00:00,96310.51,96579.11,96099.67,96316.88,92113.0,2880,0.0
2025-05-03 08:00:00,96316.38,96416.19,95877.57,95979.28,89110.0,2880,0.0
2025-05-03 12:00:00,95980.08,96515.94,95913.66,96403.68,91530.0,2880,0.0
2025-05-03 16:00:00,96403.03,96417.54,95866.42,96337.2,88524.0,2880,0.0
2025-05-03 20:00:00,96337.01,96449.87,95734.39,95870.73,85652.0,2880,0.0
2025-05-04 00:00:00,95872.97,96330.45,95570.22,95762.86,90006.0,2880,0.0
2025-05-04 04:00:00,95762.93,96164.05,95701.55,95914.28,87965.0,2880,0.0
2025-05-04 08:00:00,95914.36,95961.15,95292.78,95433.47,89212.0,2880,0.0
2025-05-04 12:00:00,95433.38,95728.89,95213.85,95479.52,89376.0,2899,0.0
2025-05-04 16:00:00,95479.58,95669.23,95222.41,95606.99,87418.0,2899,0.0
2025-05-04 20:00:00,95605.96,95818.98,94184.98,94309.72,89257.0,2898,0.0
2025-05-05 00:00:00,94308.69,94826.54,93557.01,94043.42,92655.0,2898,0.0
2025-05-05 04:00:00,94043.39,94832.31,94001.83,94760.42,91877.0,2898,0.0
2025-05-05 08:00:00,94759.96,94790.41,93923.9,94073.04,92322.0,2898,0.0
2025-05-05 12:00:00,94074.53,94547.35,93570.89,93727.88,95681.0,2898,0.0
2025-05-05 16:00:00,93728.71,94921.38,93706.96,94352.62,90514.0,2898,0.0
2025-05-05 20:00:00,94348.65,95235.01,93816.37,94752.26,91566.0,2898,0.0
2025-05-06 00:00:00,94751.37,94946.32,93988.97,94452.47,90360.0,2898,0.0
2025-05-06 04:00:00,94455.12,94627.88,94277.74,94375.34,90238.0,2898,0.0
2025-05-06 08:00:00,94375.26,94387.58,93694.14,93793.52,94805.0,2898,0.0
2025-05-06 12:00:00,93791.54,94750.42,93320.67,94574.9,97181.0,2898,0.0
2025-05-06 16:00:00,94574.35,95208.91,94200.55,95003.34,91411.0,2880,0.0
2025-05-06 20:00:00,95003.22,96911.25,94450.8,96821.77,92473.0,2880,0.0
2025-05-07 00:00:00,96821.77,97737.58,96165.01,96481.47,94796.0,2880,0.0
2025-05-07 04:00:00,96481.05,96987.3,96272.86,96961.86,89987.0,2880,0.0
2025-05-07 08:00:00,96962.29,97100.44,96792.3,97028.55,88506.0,2880,0.0
2025-05-07 12:00:00,97028.77,97488.33,96649.17,96882.65,93569.0,2880,0.0
2025-05-07 16:00:00,96883.59,96927.88,95756.86,96157.45,95229.0,2880,0.0
2025-05-07 20:00:00,96152.53,97379.45,96038.43,97014.79,86231.0,2880,0.0
2025-05-08 00:00:00,97015.17,99214.65,96837.15,99099.28,94018.0,2880,0.0
2025-05-08 04:00:00,99099.48,99394.62,98654.68,99209.92,92237.0,2880,0.0
2025-05-08 08:00:00,99209.11,99869.04,99156.11,99372.41,94057.0,2880,0.0
2025-05-08 12:00:00,99373.03,101546.52,99039.03,100788.55,100323.0,2880,0.0
2025-05-08 16:00:00,100787.43,101767.47,100594.83,101306.27,96658.0,2880,0.0
2025-05-08 20:00:00,101306.27,104298.93,101278.03,103233.97,93687.0,2880,0.0
2025-05-09 00:00:00,103233.97,103252.08,102304.05,102402.02,94886.0,2880,0.0
2025-05-09 04:00:00,102402.02,104396.84,102327.05,103643.16,97451.0,2880,0.0
2025-05-09 08:00:00,103643.21,103967.2,102382.64,102916.74,102180.0,2880,0.0
2025-05-09 12:00:00,102917.1,103783.88,102378.33,102864.4,99753.0,2880,0.0
2025-05-09 16:00:00,102863.79,103363.83,102276.3,103178.48,93632.0,2880,0.0
2025-05-09 20:00:00,103178.48,103413.65,102677.9,102923.44,88019.0,2880,0.0
2025-05-10 00:00:00,102922.11,103242.92,102768.94,103173.25,91646.0,2880,0.0
2025-05-10 04:00:00,103173.26,104092.07,102991.0,103737.0,93228.0,2880,0.0
2025-05-10 08:00:00,103737.14,104081.83,103315.77,103371.7,96677.0,2880,0.0
2025-05-10 12:00:00,103371.54,103766.25,102992.64,103059.44,95265.0,2880,0.0
2025-05-10 16:00:00,103059.96,103562.27,102900.2,103115.84,93520.0,2880,0.0
2025-05-10 20:00:00,103119.69,104983.38,102980.18,104758.12,92824.0,2880,0.0
2025-05-11 00:00:00,104756.46,104932.58,103399.33,103974.19,93930.0,2880,0.0
2025-05-11 04:00:00,103945.5,104360.34,103254.82,103314.59,90753.0,2880,0.0
2025-05-11 08:00:00,103314.59,104755.62,103303.78,104590.33,98474.0,2880,0.0
2025-05-11 12:00:00,104590.01,104852.0,103703.9,104084.39,95868.0,2880,0.0
2025-05-11 16:00:00,104084.98,104799.11,103680.01,104376.33,88589.0,2880,0.0
2025-05-11 20:00:00,104369.19,104545.85,103492.5,104066.74,87182.0,2900,0.0
2025-05-12 00:00:00,104065.07,105128.63,103624.18,104020.29,91354.0,2900,0.0
2025-05-12 04:00:00,104022.06,105838.68,103655.89,104415.35,94506.0,2900,0.0
2025-05-12 08:00:00,104415.35,104677.04,103506.09,103665.19,94085.0,2900,0.0
2025-05-12 12:00:00,103665.19,104584.79,102353.81,102506.14,99573.0,2900,0.0
2025-05-12 16:00:00,102506.15,103089.24,100673.03,101852.78,95797.0,2900,0.0
2025-05-12 20:00:00,101843.56,103162.38,101758.74,102831.56,88720.0,2900,0.0
2025-05-13 00:00:00,102832.05,102836.51,101452.71,101746.34,93341.0,2900,0.0
2025-05-13 04:00:00,101746.14,102987.14,101629.8,102710.29,91819.0,2900,0.0
2025-05-13 08:00:00,102710.28,103838.55,102577.02,103739.34,93271.0,2900,0.0
2025-05-13 12:00:00,103739.34,103988.72,102827.6,103696.57,97898.0,2900,0.0
2025-05-13 16:00:00,103696.48,105002.65,103552.85,104794.3,93925.0,2900,0.0
2025-05-13 20:00:00,104794.3,104955.33,103856.23,104121.56,86372.0,2900,0.0
2025-05-14 00:00:00,104120.33,104131.83,103388.78,103522.7,88870.0,2900,0.0
2025-05-14 04:00:00,103522.7,103929.3,103299.5,103676.96,92155.0,2900,0.0
2025-05-14 08:00:00,103678.28,104146.76,102837.4,103943.02,93497.0,2900,0.0
2025-05-14 12:00:00,103943.02,104374.81,102813.06,103509.07,93215.0,2900,0.0
2025-05-14 16:00:00,103508.13,103726.39,102575.57,103324.93,86496.0,2900,0.0
2025-05-14 20:00:00,103324.92,103652.18,103281.33,103489.91,80982.0,2900,0.0
2025-05-15 00:00:00,103490.7,103878.19,102719.79,102774.0,86911.0,2900,0.0
2025-05-15 04:00:00,102766.13,102969.0,101687.34,101758.83,89689.0,2900,0.0
2025-05-15 08:00:00,101758.98,102440.47,101471.32,102398.74,89753.0,2900,0.0
2025-05-15 12:00:00,102398.29,103320.61,101365.34,103287.42,94911.0,2900,0.0
2025-05-15 16:00:00,103287.86,104198.36,102541.77,103173.41,91074.0,2880,0.0
2025-05-15 20:00:00,103173.43,103994.45,102719.97,103774.44,86198.0,2880,0.0
2025-05-16 00:00:00,103771.32,104477.74,103462.37,104019.8,89869.0,2880,0.0
2025-05-16 04:00:00,104019.89,104201.01,103686.16,103710.06,88578.0,2880,0.0
2025-05-16 08:00:00,103710.62,103938.34,103104.12,103674.85,89803.0,2880,0.0
2025-05-16 12:00:00,103674.85,104308.9,103349.24,104185.92,91953.0,2880,0.0
2025-05-16 16:00:00,104186.44,104580.88,103571.96,104011.33,88156.0,2880,0.0
2025-05-16 20:00:00,104011.33,104037.31,103385.11,103458.66,85884.0,2880,0.0
2025-05-17 00:00:00,103453.12,103609.08,102608.88,103500.22,91592.0,2880,0.0
2025-05-17 04:00:00,103502.82,103715.67,103266.8,103456.06,89235.0,2880,0.0
2025-05-17 08:00:00,103456.13,103580.25,102766.06,103018.27,90115.0,2880,0.0
2025-05-17 12:00:00,103018.44,103200.15,102652.54,102959.98,87792.0,2900,0.0
2025-05-17 16:00:00,102960.27,103366.7,102766.53,103177.41,85287.0,2900,0.0
2025-05-17 20:00:00,103177.26,103496.68,102910.03,103148.76,81192.0,2900,0.0
2025-05-18 00:00:00,103139.37,103442.22,103096.67,103284.95,82451.0,2900,0.0
2025-05-18 04:00:00,103284.81,104013.25,103284.81,103947.56,86656.0,2880,0.0
2025-05-18 08:00:00,103947.56,104122.73,103787.38,103801.61,88283.0,2880,0.0
2025-05-18 12:00:00,103802.69,105670.46,103679.39,105497.13,89932.0,2880,0.0
2025-05-18 16:00:00,105496.43,106010.32,103841.67,103886.03,91059.0,2880,0.0
2025-05-18 20:00:00,103884.95,106672.24,103271.46,106445.37,92104.0,2880,0.0
2025-05-19 00:00:00,106444.79,107131.97,103510.38,103580.44,90357.0,2880,0.0
2025-05-19 04:00:00,103580.44,103739.87,102019.38,103192.71,91758.0,2880,0.0
2025-05-19 08:00:00,103192.75,103394.04,102729.41,102932.52,88533.0,2880,0.0
2025-05-19 12:00:00,102932.34,104982.01,102067.83,104795.75,94408.0,2880,0.0
2025-05-19 16:00:00,104795.75,105553.38,104488.99,105491.97,91063.0,2880,0.0
2025-05-19 20:00:00,105490.57,105823.97,104994.13,105549.37,84242.0,2880,0.0
2025-05-20 00:00:00,105549.33,106838.72,105460.58,105707.26,90757.0,2880,0.0
2025-05-20 04:00:00,105707.47,106398.91,104860.93,104984.43,89398.0,2880,0.0
2025-05-20 08:00:00,104984.44,105398.66,104809.51,105198.54,89842.0,2880,0.0
2025-05-20 12:00:00,105198.51,105410.06,104161.41,105345.01,91139.0,2880,0.0
2025-05-20 16:00:00,105345.01,107262.97,105063.53,106997.28,90350.0,2880,0.0
2025-05-20 20:00:00,106997.28,107312.33,105889.88,106820.46,87459.0,2880,0.0
2025-05-21 00:00:00,106820.63,107196.62,106181.13,106841.84,87689.0,2880,0.0
2025-05-21 04:00:00,106842.25,107989.41,106421.03,106483.04,91107.0,2880,0.0
2025-05-21 08:00:00,106482.7,106777.64,106030.34,106519.1,88846.0,2880,0.0
2025-05-21 12:00:00,106519.1,109476.61,106308.62,108957.49,94067.0,2880,0.0
2025-05-21 16:00:00,108957.49,109814.48,106092.08,108622.19,102007.0,2880,0.0
2025-05-21 20:00:00,108619.89,110798.69,107718.13,109609.6,89613.0,2880,0.0
2025-05-22 00:00:00,109611.39,111847.24,109132.09,111726.32,96176.0,2880,0.0
2025-05-22 04:00:00,111728.1,111742.24,110381.49,110962.59,93910.0,2880,0.0
2025-05-22 08:00:00,110962.25,111269.17,110207.47,110901.58,93291.0,2880,0.0
2025-05-22 12:00:00,110901.16,111519.88,110463.84,111195.68,95865.0,2880,0.0
2025-05-22 16:00:00,111201.3,111908.95,110830.85,111120.39,89048.0,2880,0.0
2025-05-22 20:00:00,111125.19,111636.8,110682.99,111600.61,90598.0,2880,0.0
2025-05-23 00:00:00,111600.46,111711.81,110926.81,111003.88,91606.0,2880,0.0
2025-05-23 04:00:00,111003.89,111117.66,110299.45,110641.44,92339.0,2880,0.0
2025-05-23 08:00:00,110641.87,111296.29,108774.99,109017.09,94236.0,2880,0.0
2025-05-23 12:00:00,109020.29,109970.9,107220.6,108895.63,102955.0,2880,0.0
2025-05-23 16:00:00,108896.34,109779.18,107928.2,108655.22,91444.0,2880,0.0
2025-05-23 20:00:00,108653.96,108678.8,106712.04,107243.75,86651.0,2880,0.0
2025-05-24 00:00:00,107243.32,108276.82,106801.0,108231.64,90103.0,2880,0.0
2025-05-24 04:00:00,108231.5,108489.46,107452.57,107499.56,89126.0,2880,0.0
2025-05-24 08:00:00,107499.6,109445.0,107496.74,109166.36,89044.0,2880,0.0
2025-05-24 12:00:00,109164.75,109239.82,108458.57,108882.5,85740.0,2880,0.0
2025-05-24 16:00:00,108883.58,109157.36,108619.41,108847.87,82652.0,2901,0.0
2025-05-24 20:00:00,108847.86,109008.95,107364.31,107664.71,83371.0,2901,0.0
2025-05-25 00:00:00,107666.29,108160.51,107093.04,107991.73,86770.0,2901,0.0
2025-05-25 04:00:00,107991.38,108194.52,107310.06,107580.2,82203.0,2901,0.0
2025-05-25 08:00:00,107580.67,107598.84,106579.34,107164.72,87285.0,2901,0.0
2025-05-25 12:00:00,107164.73,107678.32,106463.02,106888.97,88122.0,2901,0.0
2025-05-25 16:00:00,106888.38,107915.43,106538.42,107677.11,82704.0,2901,0.0
2025-05-25 20:00:00,107674.62,109268.01,107113.13,108919.75,87045.0,2901,0.0
2025-05-26 00:00:00,108920.55,109814.66,108581.14,109541.05,87984.0,2901,0.0
2025-05-26 04:00:00,109541.05,110147.52,109258.9,110053.89,88980.0,2901,0.0
2025-05-26 08:00:00,110054.1,110156.91,109502.98,109721.3,87736.0,2901,0.0
2025-05-26 12:00:00,109721.28,110402.92,109439.34,109977.56,87337.0,2901,0.0
2025-05-26 16:00:00,109977.84,110411.64,108790.61,109069.12,85871.0,2901,0.0
2025-05-26 20:00:00,109070.79,109883.34,108897.61,109390.57,83668.0,2901,0.0
2025-05-27 00:00:00,109390.57,109647.93,107459.47,108858.09,89845.0,2901,0.0
2025-05-27 04:00:00,108857.57,109629.18,108499.3,109501.48,90893.0,2901,0.0
2025-05-27 08:00:00,109501.49,109909.88,109392.11,109558.73,90906.0,2901,0.0
2025-05-27 12:00:00,109557.97,110686.15,108625.19,110093.51,98731.0,2901,0.0
2025-05-27 16:00:00,110093.51,110462.07,109514.07,109825.6,97000.0,2880,0.0
2025-05-27 20:00:00,109825.6,109864.79,108550.0,108909.51,87720.0,2880,0.0
2025-05-28 00:00:00,108905.23,109269.24,108339.59,108817.48,88331.0,2880,0.0
2025-05-28 04:00:00,108815.96,109054.61,108570.26,108782.62,87755.0,2880,0.0
2025-05-28 08:00:00,108783.32,109101.86,108189.0,108827.42,88451.0,2880,0.0
2025-05-28 12:00:00,108827.14,109035.41,107023.92,107099.63,87962.0,2880,0.0
2025-05-28 16:00:00,107099.63,107829.16,106894.82,106905.45,86306.0,2901,0.0
2025-05-28 20:00:00,106905.46,108045.42,106733.5,107785.38,86946.0,2901,0.0
2025-05-29 00:00:00,107784.69,108515.84,107441.67,108060.81,89379.0,2901,0.0
2025-05-29 04:00:00,108061.12,108130.77,106940.89,107867.56,89048.0,2901,0.0
2025-05-29 08:00:00,107867.3,108908.14,107668.73,108764.9,97466.0,2901,0.0
2025-05-29 12:00:00,108765.05,108791.77,106456.37,107029.12,95972.0,2901,0.0
2025-05-29 16:00:00,107029.1,107180.95,105599.31,105722.86,87673.0,2901,0.0
2025-05-29 20:00:00,105722.71,106453.01,105198.26,105553.67,89990.0,2901,0.0
2025-05-30 00:00:00,105553.62,106218.31,104543.64,106051.58,94813.0,2900,0.0
2025-05-30 04:00:00,106051.59,106347.04,104710.62,105034.46,93730.0,2900,0.0
2025-05-30 08:00:00,105035.36,106007.36,104599.37,105882.44,92782.0,2900,0.0
2025-05-30 12:00:00,105881.67,106008.96,105039.3,105539.75,93946.0,2901,0.0
2025-05-30 16:00:00,105539.65,105558.8,103646.63,104626.91,92722.0,2900,0.0
2025-05-30 20:00:00,104607.35,104887.1,103588.85,103991.46,90398.0,2900,0.0
2025-05-31 00:00:00,103991.9,104305.84,103047.89,103673.89,89440.0,2900,0.0
2025-05-31 04:00:00,103673.89,103916.61,103476.04,103742.02,92470.0,2900,0.0
2025-05-31 08:00:00,103742.44,103811.88,103268.45,103496.07,90173.0,2900,0.0
2025-05-31 12:00:00,103496.61,104900.95,103473.67,104577.02,95025.0,2900,0.0
2025-05-31 16:00:00,104576.34,104840.02,104275.34,104730.24,90336.0,2900,0.0
2025-05-31 20:00:00,104731.5,104948.62,104498.7,104613.74,86718.0,2900,0.0
2025-06-01 00:00:00,104613.03,104670.23,103899.83,104370.48,89333.0,2900,0.0
2025-06-01 04:00:00,104370.84,104762.25,104189.31,104269.98,82788.0,2900,0.0
2025-06-01 08:00:00,104270.16,104458.49,103724.24,104073.87,89729.0,2900,0.0
2025-06-01 12:00:00,104071.59,104837.0,103738.79,104735.37,90723.0,2900,0.0
2025-06-01 16:00:00,104735.37,105366.7,104363.77,105149.13,90328.0,2900,0.0
2025-06-01 20:00:00,105148.91,105929.28,104924.18,105698.12,85801.0,2900,0.0
2025-06-02 00:00:00,105697.97,105809.97,104626.77,104892.7,88042.0,2900,0.0
2025-06-02 04:00:00,104892.12,105516.88,104644.74,105459.61,88491.0,2900,0.0
2025-06-02 08:00:00,105459.93,106019.47,103958.45,104076.92,89830.0,2900,0.0
2025-06-02 12:00:00,104066.73,104702.59,103650.51,104494.19,94783.0,2900,0.0
2025-06-02 16:00:00,104493.87,104798.52,104048.09,104451.83,90046.0,2900,0.0
2025-06-02 20:00:00,104450.23,106019.13,104450.23,105939.23,88727.0,2900,0.0
2025-06-03 00:00:00,105939.22,106586.56,105351.25,105524.2,91970.0,2901,0.0
2025-06-03 04:00:00,105523.94,105550.36,105097.41,105172.49,90888.0,2901,0.0
2025-06-03 08:00:00,105171.99,105358.7,104844.92,105292.85,91856.0,2900,0.0
2025-06-03 12:00:00,105293.12,106884.09,105031.33,106666.08,95585.0,2901,0.0
2025-06-03 16:00:00,106666.63,106744.21,105593.56,106291.78,91417.0,2181,0.0
2025-06-03 20:00:00,106291.2,106332.43,105275.51,105383.7,87040.0,2181,0.0
2025-06-04 00:00:00,105383.23,105859.81,105114.48,105528.85,87652.0,2181,0.0
2025-06-04 04:00:00,105528.78,105622.75,105218.66,105290.83,88029.0,2181,0.0
2025-06-04 08:00:00,105291.0,106023.55,105061.75,105067.24,89266.0,2181,0.0
2025-06-04 12:00:00,105066.14,105568.12,104141.21,105302.58,92396.0,2180,0.0
2025-06-04 16:00:00,105301.41,105465.5,104829.9,104888.26,88854.0,2180,0.0
2025-06-04 20:00:00,104888.26,105051.33,104356.04,104677.65,88523.0,2180,0.0
2025-06-05 00:00:00,104677.72,105218.81,104613.04,105021.96,88004.0,2180,0.0
2025-06-05 04:00:00,105021.85,105216.21,104323.05,104491.6,88269.0,2180,0.0
2025-06-05 08:00:00,104491.54,104923.22,104371.6,104798.45,88387.0,2180,0.0
2025-06-05 12:00:00,104798.1,105962.08,103863.34,104563.64,92957.0,2180,0.0
2025-06-05 16:00:00,104563.64,104622.23,101552.61,101919.41,91419.0,2180,0.0
2025-06-05 20:00:00,101919.41,102168.86,100367.83,101544.84,95466.0,2180,0.0
2025-06-06 00:00:00,101545.08,102601.96,101107.74,102579.26,91212.0,2180,0.0
2025-06-06 04:00:00,102579.26,103599.54,102451.42,103257.36,91372.0,2180,0.0
2025-06-06 08:00:00,103257.2,104117.75,103254.29,104044.9,92336.0,2180,0.0
2025-06-06 12:00:00,104044.54,105457.2,103625.78,105188.15,94707.0,2180,0.0
2025-06-06 16:00:00,105185.6,105398.12,104097.58,104274.99,90732.0,2160,0.0
2025-06-06 20:00:00,104274.99,104676.46,104199.53,104374.15,85393.0,2160,0.0
2025-06-07 00:00:00,104374.04,105019.44,103937.79,104975.28,90044.0,2160,0.0
2025-06-07 04:00:00,104975.28,105447.69,104731.05,104959.69,90435.0,2160,0.0
2025-06-07 08:00:00,104959.23,105374.38,104767.28,105243.83,88819.0,2160,0.0
2025-06-07 12:00:00,105240.68,105924.51,105240.68,105671.71,91134.0,2160,0.0
2025-06-07 16:00:00,105670.73,106008.5,105358.64,105847.01,86997.0,2160,0.0
2025-06-07 20:00:00,105846.67,106042.71,105628.69,105659.05,84110.0,2160,0.0
2025-06-08 00:00:00,105658.67,105896.74,105472.26,105581.13,85524.0,2160,0.0
2025-06-08 04:00:00,105583.09,105751.64,105492.54,105521.32,82648.0,2160,0.0
2025-06-08 08:00:00,105521.62,105781.54,105010.93,105741.62,86499.0,2160,0.0
2025-06-08 12:00:00,105742.22,106225.61,105596.09,106089.7,88771.0,2160,0.0
2025-06-08 16:00:00,106089.28,106455.9,106053.15,106375.77,89040.0,2160,0.0
2025-06-08 20:00:00,106375.84,106616.16,105623.14,105777.82,89497.0,2160,0.0
2025-06-09 00:00:00,105778.01,106051.52,105358.93,105730.7,86820.0,2160,0.0
2025-06-09 04:00:00,105728.02,105800.31,105359.43,105628.17,89056.0,2160,0.0
2025-06-09 08:00:00,105633.73,107917.45,105531.49,107848.51,93430.0,2160,0.0
2025-06-09 12:00:00,107847.07,108123.1,106926.89,107719.15,94168.0,2160,0.0
2025-06-09 16:00:00,107719.14,108893.56,107708.42,108671.26,89247.0,2160,0.0
2025-06-09 20:00:00,108670.81,110770.84,108540.59,110245.4,92753.0,2160,0.0
2025-06-10 00:00:00,110245.19,110310.73,109361.79,109578.14,91348.0,2160,0.0
2025-06-10 04:00:00,109578.36,109750.24,109125.22,109262.25,91097.0,2160,0.0
2025-06-10 08:00:00,109261.2,109872.92,109090.27,109572.89,93719.0,2160,0.0
2025-06-10 12:00:00,109572.89,109916.11,108337.7,109031.75,93154.0,2160,0.0
2025-06-10 16:00:00,109031.54,110397.91,108516.26,109468.18,90414.0,2160,0.0
2025-06-10 20:00:00,109467.25,110242.69,109205.15,110197.99,89767.0,2160,0.0
2025-06-11 00:00:00,110198.12,110219.65,109466.85,109651.67,89050.0,2160,0.0
2025-06-11 04:00:00,109651.88,109682.95,109282.55,109375.21,91170.0,2160,0.0
2025-06-11 08:00:00,109375.24,109613.64,109115.01,109203.69,91962.0,2160,0.0
2025-06-11 12:00:00,109203.74,110350.36,108962.22,109704.73,93468.0,2160,0.0
2025-06-11 16:00:00,109705.32,109783.75,108373.22,108724.85,90164.0,2160,0.0
2025-06-11 20:00:00,108721.74,109207.17,108033.0,108643.76,91249.0,2160,0.0
2025-06-12 00:00:00,108643.55,108837.39,107687.97,107816.75,89324.0,2160,0.0
2025-06-12 04:00:00,107816.75,107977.45,107287.48,107602.45,90320.0,2160,0.0
2025-06-12 08:00:00,107601.88,107829.83,106870.44,106914.2,88984.0,2160,0.0
2025-06-12 12:00:00,106914.11,107855.11,106585.17,107030.93,94761.0,2181,0.0
2025-06-12 16:00:00,107028.15,108493.74,106692.06,106834.75,92281.0,2181,0.0
2025-06-12 20:00:00,106834.75,107005.16,105665.93,105682.86,87943.0,2181,0.0
2025-06-13 00:00:00,105682.86,105726.48,102653.2,104304.7,103606.0,2180,0.0
2025-06-13 04:00:00,104313.29,104931.66,103800.86,104863.15,94367.0,2180,0.0
2025-06-13 08:00:00,104863.15,105477.52,104360.91,105023.05,94145.0,2180,0.0
2025-06-13 12:00:00,105023.11,105805.35,104069.79,105472.43,97117.0,2180,0.0
2025-06-13 16:00:00,105471.97,105998.53,104659.87,105104.12,96489.0,2180,0.0
2025-06-13 20:00:00,105104.12,106269.13,105021.06,106135.82,83607.0,2181,0.0
2025-06-14 00:00:00,106135.81,106284.9,105214.35,105263.18,86999.0,2181,0.0
2025-06-14 04:00:00,105262.9,105447.85,104783.27,105083.14,85687.0,2180,0.0
2025-06-14 08:00:00,105084.8,105147.27,104817.79,105088.76,84710.0,2180,0.0
2025-06-14 12:00:00,105087.06,105151.86,104628.2,104843.37,85243.0,2180,0.0
2025-06-14 16:00:00,104843.69,105079.39,104351.49,104642.33,88558.0,2180,0.0
2025-06-14 20:00:00,104642.41,105566.36,104294.84,105482.2,86076.0,2180,0.0
2025-06-15 00:00:00,105483.17,105770.39,105319.82,105553.56,84843.0,2181,0.0
2025-06-15 04:00:00,105550.5,106250.9,105258.86,105488.2,87191.0,2160,0.0
2025-06-15 08:00:00,105488.1,105565.91,104874.16,104980.87,87884.0,2180,0.0
2025-06-15 12:00:00,104980.84,105924.88,104954.69,105632.78,88054.0,2180,0.0
2025-06-15 16:00:00,105633.37,105841.47,105100.62,105365.41,88307.0,2181,0.0
2025-06-15 20:00:00,105365.43,105699.42,104490.05,105651.28,87914.0,2180,0.0
2025-06-16 00:00:00,105651.16,106070.63,105016.35,106008.57,88641.0,2180,0.0
2025-06-16 04:00:00,106008.55,107373.4,105957.79,107136.73,93113.0,2181,0.0
2025-06-16 08:00:00,107135.79,107318.61,106630.4,106942.27,92037.0,2181,0.0
2025-06-16 12:00:00,106942.67,107849.67,106521.23,107512.77,92001.0,2181,0.0
2025-06-16 16:00:00,107512.43,108990.18,107390.72,108722.24,91090.0,2181,0.0
2025-06-16 20:00:00,108719.38,109034.93,106764.06,106876.53,88288.0,2181,0.0
2025-06-17 00:00:00,106876.12,107859.22,106184.56,107700.83,94304.0,2181,0.0
2025-06-17 04:00:00,107700.8,107805.92,106513.07,106814.81,90109.0,2181,0.0
2025-06-17 08:00:00,106814.61,106902.86,105484.1,105635.11,89284.0,2181,0.0
2025-06-17 12:00:00,105635.28,105876.5,104067.7,104178.09,92464.0,2180,0.0
2025-06-17 16:00:00,104178.09,105327.55,103226.8,104684.65,93379.0,2180,0.0
2025-06-17 20:00:00,104684.09,104891.57,104198.45,104559.67,88003.0,2180,0.0
2025-06-18 00:00:00,104559.39,105307.79,104340.91,105241.42,86257.0,2180,0.0
2025-06-18 04:00:00,105241.49,105634.25,104693.76,104957.95,88571.0,2180,0.0
2025-06-18 08:00:00,104957.57,105330.56,104135.07,104800.74,90209.0,2180,0.0
2025-06-18 12:00:00,104800.53,105369.77,103765.36,104810.08,95315.0,2180,0.0
2025-06-18 16:00:00,104810.0,104868.69,103455.74,103792.54,94957.0,2180,0.0
2025-06-18 20:00:00,103792.54,105177.13,103597.33,104922.71,89084.0,2180,0.0
2025-06-19 00:00:00,104923.94,105299.46,104453.04,105131.69,85002.0,2180,0.0
2025-06-19 04:00:00,105131.59,105267.36,104606.76,104634.48,84485.0,2180,0.0
2025-06-19 08:00:00,104634.52,105119.18,104608.32,104778.49,87699.0,2180,0.0
2025-06-19 12:00:00,104778.46,104924.46,104043.23,104068.67,93585.0,2180,0.0
2025-06-19 16:00:00,104069.37,104813.79,103873.8,104221.48,109666.0,2180,0.0
2025-06-19 20:00:00,104221.21,104923.25,104116.93,104670.92,103582.0,2180,0.0
2025-06-20 00:00:00,104669.76,104826.5,104368.6,104603.15,81887.0,2180,0.0
2025-06-20 04:00:00,104603.53,105873.62,104193.28,105863.91,88056.0,2180,0.0
2025-06-20 08:00:00,105864.47,106645.24,105825.79,106060.32,89824.0,2160,0.0
2025-06-20 12:00:00,106059.81,106257.37,103828.71,104175.59,91455.0,2160,0.0
2025-06-20 16:00:00,104175.59,104223.43,102218.05,103213.72,91310.0,2180,0.0
2025-06-20 20:00:00,103213.72,103764.51,102853.34,103192.49,87512.0,2180,0.0
2025-06-21 00:00:00,103192.49,103626.74,103015.34,103416.84,88686.0,2180,0.0
2025-06-21 04:00:00,103416.66,103549.54,103230.76,103398.08,83124.0,2160,0.0
2025-06-21 08:00:00,103396.47,103971.27,103392.23,103827.56,89157.0,2160,0.0
2025-06-21 12:00:00,103828.77,103897.26,103206.29,103498.81,89012.0,2160,0.0
2025-06-21 16:00:00,103499.15,103595.5,102088.58,102161.03,85636.0,2160,0.0
2025-06-21 20:00:00,102161.04,102812.49,100805.81,102069.89,90602.0,2160,0.0
2025-06-22 00:00:00,102076.63,103327.13,101757.52,102284.52,90877.0,2160,0.0
2025-06-22 04:00:00,102285.35,102900.68,102164.09,102368.99,88387.0,2160,0.0
2025-06-22 08:00:00,102369.35,102747.0,101991.56,102689.63,88893.0,2160,0.0
2025-06-22 12:00:00,102689.78,102787.43,98932.67,98961.41,99853.0,2160,0.0
2025-06-22 16:00:00,98961.42,100399.55,98728.74,98937.23,90122.0,2160,0.0
2025-06-22 20:00:00,98937.46,101067.92,98231.72,100951.65,91526.0,2160,0.0
2025-06-23 00:00:00,100951.58,101648.6,100491.01,101144.12,88982.0,2160,0.0
2025-06-23 04:00:00,101144.41,102128.31,100951.56,101906.65,90193.0,2160,0.0
2025-06-23 08:00:00,101906.85,102065.16,101081.15,101273.52,91560.0,2160,0.0
2025-06-23 12:00:00,101273.52,102645.65,100760.39,101399.77,97226.0,2160,0.0
2025-06-23 16:00:00,101399.77,103338.59,99590.45,103185.28,98633.0,2160,0.0
2025-06-23 20:00:00,103186.03,106201.49,102902.64,105495.38,91839.0,2160,0.0
2025-06-24 00:00:00,105495.43,105656.35,104820.0,104993.02,87356.0,2160,0.0
2025-06-24 04:00:00,104993.02,105962.23,104777.74,105057.4,89925.0,2160,0.0
2025-06-24 08:00:00,105058.52,105672.7,104713.12,105283.64,86831.0,2160,0.0
2025-06-24 12:00:00,105283.03,105816.07,104856.44,105306.7,92192.0,2160,0.0
2025-06-24 16:00:00,105317.03,106358.57,105241.04,105705.0,89354.0,2160,0.0
2025-06-24 20:00:00,105704.99,106207.28,105498.26,106142.87,83635.0,2160,0.0
2025-06-25 00:00:00,106142.85,106875.82,105873.95,106277.65,87089.0,2160,0.0
2025-06-25 04:00:00,106277.64,106794.25,106030.59,106675.48,85574.0,2160,0.0
2025-06-25 08:00:00,106682.84,107290.59,106383.29,107241.88,91682.0,2160,0.0
2025-06-25 12:00:00,107241.59,108203.29,106794.22,107075.39,93107.0,2160,0.0
2025-06-25 16:00:00,107075.82,107978.59,106953.76,107809.92,91387.0,2160,0.0
2025-06-25 20:00:00,107809.92,108080.44,107114.5,107371.81,88429.0,2160,0.0
2025-06-26 00:00:00,107372.7,108350.68,107152.46,107908.52,87315.0,2160,0.0
2025-06-26 04:00:00,107908.52,108128.72,107554.09,107855.32,84288.0,2160,0.0
2025-06-26 08:00:00,107855.52,108221.87,107141.02,107383.32,92699.0,2160,0.0
2025-06-26 12:00:00,107383.55,107804.4,106573.08,107340.52,92234.0,2160,0.0
2025-06-26 16:00:00,107339.69,107723.06,107042.53,107565.97,86625.0,2160,0.0
2025-06-26 20:00:00,107565.97,108068.34,106879.32,107017.41,92047.0,2160,0.0
2025-06-27 00:00:00,107017.54,107595.12,106434.79,107548.26,90029.0,2160,0.0
2025-06-27 04:00:00,107548.12,107803.49,106904.7,106925.2,89845.0,2160,0.0
2025-06-27 08:00:00,106925.07,107229.59,106710.39,107028.79,89981.0,2160,0.0
2025-06-27 12:00:00,107028.99,107498.49,106394.43,107377.49,92573.0,2160,0.0
2025-06-27 16:00:00,107377.34,107777.91,106463.13,106872.17,91130.0,2160,0.0
2025-06-27 20:00:00,106862.94,107371.01,106841.36,107112.6,88121.0,2160,0.0
2025-06-28 00:00:00,107112.68,107429.94,106867.57,107360.22,89102.0,2160,0.0
2025-06-28 04:00:00,107361.78,107562.88,107231.91,107533.3,89362.0,2160,0.0
2025-06-28 08:00:00,107533.03,107562.66,107294.88,107409.29,90345.0,2160,0.0
2025-06-28 12:00:00,107409.75,107604.91,107139.97,107503.21,89989.0,2160,0.0
2025-06-28 16:00:00,107503.24,107593.61,107250.74,107260.25,89704.0,2160,0.0
2025-06-28 20:00:00,107258.58,107428.8,107193.03,107361.82,88570.0,2160,0.0
2025-06-29 00:00:00,107362.23,107567.69,107206.22,107268.34,89581.0,2160,0.0
2025-06-29 04:00:00,107268.44,107462.59,107257.47,107462.59,90124.0,2160,0.0
2025-06-29 08:00:00,107455.73,108518.04,107432.66,108480.33,95885.0,2160,0.0
2025-06-29 12:00:00,108480.32,108546.08,107649.62,107750.95,87110.0,2160,0.0
2025-06-29 16:00:00,107751.87,107814.71,107316.93,107417.33,85732.0,2160,0.0
2025-06-29 20:00:00,107417.68,108453.04,107267.4,108336.42,85588.0,2160,0.0
2025-06-30 00:00:00,108336.31,108808.25,108219.43,108521.71,85829.0,2160,0.0
2025-06-30 04:00:00,108520.78,108561.11,107483.03,107632.91,87901.0,2160,0.0
2025-06-30 08:00:00,107631.68,107978.05,107376.49,107666.08,89705.0,2160,0.0
2025-06-30 12:00:00,107666.4,107894.09,106739.05,107631.36,90669.0,2160,0.0
2025-06-30 16:00:00,107632.0,107912.08,107185.81,107803.38,88931.0,2160,0.0
2025-06-30 20:00:00,107803.18,107842.45,106981.42,107194.73,83211.0,2160,0.0
2025-07-01 00:00:00,107194.61,107622.44,107082.52,107245.4,83329.0,2160,0.0
2025-07-01 04:00:00,107245.45,107282.79,106677.44,107273.34,88012.0,2160,0.0
2025-07-01 08:00:00,107273.34,107273.34,106436.93,106722.31,92037.0,2160,0.0
2025-07-01 12:00:00,106721.83,107294.26,105738.24,106083.43,95486.0,2160,0.0
2025-07-01 16:00:00,106083.42,106426.29,105460.32,105472.8,90227.0,2160,0.0
2025-07-01 20:00:00,105472.84,106224.86,105315.65,105789.71,90270.0,2160,0.0
2025-07-02 00:00:00,105788.73,106384.56,105195.71,106350.83,91110.0,2160,0.0
2025-07-02 04:00:00,106350.9,107288.43,106271.53,107164.06,94454.0,2160,0.0
2025-07-02 08:00:00,107164.0,107936.95,107163.9,107571.19,96281.0,2160,0.0
2025-07-02 12:00:00,107571.28,108870.32,107241.01,108819.5,93836.0,2160,0.0
2025-07-02 16:00:00,108819.5,109805.97,108727.27,109733.96,93761.0,2160,0.0
2025-07-02 20:00:00,109733.34,109744.83,108759.38,108886.07,87296.0,2160,0.0
2025-07-03 00:00:00,108885.82,109166.99,108568.24,108696.42,86360.0,2160,0.0
2025-07-03 04:00:00,108698.8,109619.19,108609.94,109330.28,91105.0,2160,0.0
2025-07-03 08:00:00,109330.27,110337.04,109330.06,109621.73,92218.0,2160,0.0
2025-07-03 12:00:00,109621.36,110587.61,108772.69,109180.02,97442.0,2160,0.0
2025-07-03 16:00:00,109179.7,109954.64,109046.62,109812.96,90713.0,2160,0.0
2025-07-03 20:00:00,109813.02,110058.74,109568.65,109615.64,82848.0,2160,0.0
2025-07-04 00:00:00,109615.24,109832.08,109137.69,109301.31,83343.0,2160,0.0
2025-07-04 04:00:00,109301.16,109391.34,108728.38,108739.19,87302.0,2160,0.0
2025-07-04 08:00:00,108739.19,109158.29,108559.85,108923.95,92577.0,2160,0.0
2025-07-04 12:00:00,108923.49,109008.88,107513.21,107617.68,92746.0,2160,0.0
2025-07-04 16:00:00,107617.42,107973.51,107280.98,107518.9,93534.0,2160,0.0
2025-07-04 20:00:00,107518.62,108337.31,107473.45,108047.38,93589.0,2160,0.0
2025-07-05 00:00:00,108047.24,108333.26,107795.63,108195.95,92112.0,2160,0.0
2025-07-05 04:00:00,108195.72,108475.96,108044.04,108121.98,91381.0,2160,0.0
2025-07-05 08:00:00,108121.97,108277.85,107923.98,108161.6,94757.0,2160,0.0
2025-07-05 12:00:00,108161.79,108300.37,108017.22,108128.79,96692.0,2160,0.0
2025-07-05 16:00:00,108128.47,108230.31,107912.75,108169.07,98046.0,2160,0.0
2025-07-05 20:00:00,108169.61,108288.76,108018.23,108266.45,92106.0,2160,0.0
2025-07-06 00:00:00,108267.12,108312.17,108059.69,108098.37,82773.0,2160,0.0
2025-07-06 04:00:00,108098.71,108261.98,107969.95,108096.71,94244.0,2160,0.0
2025-07-06 08:00:00,108096.31,108197.31,107841.0,108104.38,90717.0,2160,0.0
2025-07-06 12:00:00,108104.1,109187.73,108072.67,108947.66,90920.0,2160,0.0
2025-07-06 16:00:00,108947.34,109016.58,108306.84,108578.49,85570.0,2160,0.0
2025-07-06 20:00:00,108578.63,109761.89,108559.97,109232.19,85456.0,2160,0.0
2025-07-07 00:00:00,109233.43,109760.81,108685.85,109423.13,92488.0,2160,0.0
2025-07-07 04:00:00,109423.18,109486.6,108679.25,109097.66,97438.0,2160,0.0
2025-07-07 08:00:00,109098.93,109139.08,108582.2,108686.1,96685.0,2160,0.0
2025-07-07 12:00:00,108686.12,108690.32,107976.57,108355.49,92158.0,2160,0.0
2025-07-07 16:00:00,108355.49,108560.43,107502.24,108096.98,84584.0,2160,0.0
2025-07-07 20:00:00,108096.97,108346.18,107797.77,108284.76,95123.0,2160,0.0
2025-07-08 00:00:00,108284.67,108574.21,107461.13,107917.16,95132.0,2160,0.0
2025-07-08 04:00:00,107917.19,108526.76,107762.24,108512.88,96416.0,2160,0.0
2025-07-08 08:00:00,108511.71,109055.42,108259.73,108795.74,97445.0,2160,0.0
2025-07-08 12:00:00,108795.72,109273.45,108210.99,108287.53,96085.0,2160,0.0
2025-07-08 16:00:00,108287.58,109190.33,108093.45,108797.19,94163.0,2160,0.0
2025-07-08 20:00:00,108796.95,109004.96,108626.45,108953.89,94991.0,2160,0.0
2025-07-09 00:00:00,108950.54,109176.51,108347.83,108383.84,95457.0,2160,0.0
2025-07-09 04:00:00,108383.84,108968.54,108334.02,108765.06,95659.0,2160,0.0
2025-07-09 08:00:00,108765.2,109165.93,108582.96,109095.07,95309.0,2160,0.0
2025-07-09 12:00:00,109095.1,109807.22,108494.95,109088.65,92830.0,2160,0.0
2025-07-09 16:00:00,109088.59,112048.85,109034.19,111729.44,97022.0,2160,0.0
2025-07-09 20:00:00,111729.44,111944.43,110518.97,111234.27,92701.0,2160,0.0
2025-07-10 00:00:00,111236.46,111550.9,110852.75,111026.04,87549.0,2160,0.0
2025-07-10 04:00:00,111026.05,111429.51,110896.63,111204.62,88482.0,2160,0.0
2025-07-10 08:00:00,111204.36,111390.1,110834.99,111021.98,88010.0,2160,0.0
2025-07-10 12:00:00,111021.74,111422.59,110476.65,111395.36,94409.0,2160,0.0
2025-07-10 16:00:00,111395.86,113725.06,111313.1,113265.05,99195.0,2160,0.0
2025-07-10 20:00:00,113247.13,117477.39,113202.11,115924.97,104566.0,2160,0.0
2025-07-11 00:00:00,115924.7,116935.8,115125.35,116856.43,100927.0,2160,0.0
2025-07-11 04:00:00,116853.2,118437.36,116436.91,117526.07,103514.0,2160,0.0
2025-07-11 08:00:00,117526.76,118899.42,117524.74,117751.86,102124.0,2160,0.0
2025-07-11 12:00:00,117758.3,118218.77,116717.08,116905.68,100867.0,2160,0.0
2025-07-11 16:00:00,116905.44,118123.43,116585.96,118063.61,102411.0,2160,0.0
2025-07-11 20:00:00,118070.11,118080.43,117090.63,117484.44,103011.0,2160,0.0
2025-07-12 00:00:00,117484.55,117844.86,117051.62,117756.29,106395.0,2160,0.0
2025-07-12 04:00:00,117753.64,118059.66,117458.96,117710.4,105735.0,2160,0.0
2025-07-12 08:00:00,117710.56,118187.99,117589.73,117780.56,103614.0,2160,0.0
2025-07-12 12:00:00,117780.2,117822.82,116808.84,117035.21,102927.0,2160,0.0
2025-07-12 16:00:00,117033.85,117610.66,116957.5,117515.15,105772.0,2160,0.0
2025-07-12 20:00:00,117514.92,117517.61,116937.14,117381.8,112184.0,2160,0.0
2025-07-13 00:00:00,117381.05,117786.98,117147.47,117684.15,112454.0,2160,0.0
2025-07-13 04:00:00,117683.96,117991.15,117602.74,117911.57,112136.0,2160,0.0
2025-07-13 08:00:00,117911.67,118052.43,117609.84,118017.13,100573.0,2160,0.0
2025-07-13 12:00:00,118017.18,119526.72,117912.85,118617.83,96752.0,2160,0.0
2025-07-13 16:00:00,118617.63,119427.75,118308.99,118897.62,90814.0,2160,0.0
2025-07-13 20:00:00,118897.34,119305.36,118165.42,119024.27,88947.0,2160,0.0
2025-07-14 00:00:00,119023.6,121670.47,118824.36,120685.27,95295.0,2160,0.0
2025-07-14 04:00:00,120684.74,123254.18,120453.86,122718.34,101571.0,2283,0.0
2025-07-14 08:00:00,122718.34,122750.36,121248.05,121352.84,96756.0,2160,0.0
2025-07-14 12:00:00,121354.43,122064.58,119506.15,119781.68,94273.0,2160,0.0
2025-07-14 16:00:00,119781.56,120471.78,119117.11,119887.09,92382.0,2160,0.0
2025-07-14 20:00:00,119887.09,120431.13,119455.91,119828.69,82897.0,2160,0.0
2025-07-15 00:00:00,119828.37,119929.93,116745.53,117101.86,94943.0,2160,0.0
2025-07-15 04:00:00,117101.85,117706.6,116153.78,116699.51,93706.0,2160,0.0
2025-07-15 08:00:00,116699.26,117185.19,116215.01,117054.98,90375.0,2160,0.0
2025-07-15 12:00:00,117055.05,118410.94,115612.53,116309.01,104139.0,2160,0.0
2025-07-15 16:00:00,116308.96,117660.55,115943.2,116381.59,103222.0,2160,0.0
2025-07-15 20:00:00,116379.43,117941.38,116133.07,117715.07,106478.0,2160,0.0
2025-07-16 00:00:00,117714.98,118199.42,116974.58,117421.16,106898.0,2160,0.0
2025-07-16 04:00:00,117421.25,118310.98,117200.81,118181.23,109714.0,2160,0.0
2025-07-16 08:00:00,118181.43,119297.82,118104.27,118748.2,106782.0,2160,0.0
2025-07-16 12:00:00,118748.19,119794.46,118129.85,119113.23,101162.0,2160,0.0
2025-07-16 16:00:00,119113.58,119978.15,118488.36,119240.63,103648.0,2160,0.0
2025-07-16 20:00:00,119240.08,120126.41,118376.88,118602.28,106703.0,2160,0.0
2025-07-17 00:00:00,118601.96,119171.59,117662.48,118077.52,107609.0,2160,0.0
2025-07-17 04:00:00,118077.52,118807.95,117823.84,118313.12,108640.0,2160,0.0
2025-07-17 08:00:00,118313.12,119217.95,117942.7,117957.18,105922.0,2160,0.0
2025-07-17 12:00:00,117957.13,119111.98,117375.69,118887.3,98071.0,2160,0.0
2025-07-17 16:00:00,118890.66,119920.86,118308.05,118993.66,99239.0,2160,0.0
2025-07-17 20:00:00,118993.66,120978.2,118395.04,119226.1,99386.0,2160,0.0
2025-07-18 00:00:00,119226.11,120843.65,119042.94,120264.69,102536.0,2160,0.0
2025-07-18 04:00:00,120264.68,120879.12,119332.83,119399.81,102389.0,2160,0.0
2025-07-18 08:00:00,119399.78,119531.41,118390.09,119196.89,100630.0,2160,0.0
2025-07-18 12:00:00,119196.84,119570.69,117294.39,117867.54,97725.0,2160,0.0
2025-07-18 16:00:00,117868.6,118105.66,117129.7,117414.53,91910.0,2160,0.0
2025-07-18 20:00:00,117413.94,118075.86,116864.32,117976.36,91938.0,2160,0.0
2025-07-19 00:00:00,117976.1,118450.51,117687.7,118383.58,93710.0,2160,0.0
2025-07-19 04:00:00,118383.67,118436.45,118099.49,118227.55,91698.0,2160,0.0
2025-07-19 08:00:00,118227.36,118504.85,117976.29,118350.92,90314.0,2160,0.0
2025-07-19 12:00:00,118351.8,118357.76,117625.34,118057.67,94410.0,2160,0.0
2025-07-19 16:00:00,118055.89,118177.55,117594.47,118015.18,88355.0,2160,0.0
2025-07-19 20:00:00,118018.4,118168.81,117293.23,117856.27,86580.0,2160,0.0
2025-07-20 00:00:00,117854.91,118195.08,117647.08,117980.98,88737.0,2160,0.0
2025-07-20 04:00:00,117980.91,118244.64,117766.39,118026.72,87987.0,2160,0.0
2025-07-20 08:00:00,118026.72,118329.49,117812.16,117889.47,92007.0,2160,0.0
2025-07-20 12:00:00,117883.34,118812.62,117714.63,118682.47,89919.0,2160,0.0
2025-07-20 16:00:00,118681.95,118880.31,117904.69,118146.64,91970.0,2160,0.0
2025-07-20 20:00:00,118147.32,118233.16,116418.0,117271.98,91494.0,2160,0.0
2025-07-21 00:00:00,117271.98,118626.22,116509.0,118401.87,92504.0,2160,0.0
2025-07-21 04:00:00,118401.77,119708.2,118175.24,119393.3,93833.0,2160,0.0
2025-07-21 08:00:00,119393.04,119533.56,118042.28,118066.22,94610.0,2160,0.0
2025-07-21 12:00:00,118065.54,119254.79,117735.18,118348.51,97949.0,2160,0.0
2025-07-21 16:00:00,118349.39,118433.01,116681.01,116798.64,96799.0,2160,0.0
2025-07-21 20:00:00,116798.29,117667.42,116668.69,117394.12,97181.0,2160,0.0
2025-07-22 00:00:00,117394.03,117985.12,116045.34,117215.2,97637.0,2160,0.0
2025-07-22 04:00:00,117213.91,118604.26,116546.14,118002.51,99731.0,2160,0.0
2025-07-22 08:00:00,118003.96,119248.26,117453.41,119195.86,105279.0,2160,0.0
2025-07-22 12:00:00,119195.9,119643.75,117545.13,118950.9,109665.0,2160,0.0
2025-07-22 16:00:00,118950.87,120338.12,118394.94,119282.21,107905.0,2160,0.0
2025-07-22 20:00:00,119280.91,120275.37,119204.75,119984.61,109667.0,2160,0.0
2025-07-23 00:00:00,119984.48,120140.28,118513.97,118622.14,110822.0,2160,0.0
2025-07-23 04:00:00,118622.36,119021.19,118276.57,118369.29,112251.0,2160,0.0
2025-07-23 08:00:00,118368.06,118671.58,117823.58,118578.23,113136.0,2160,0.0
2025-07-23 12:00:00,118577.93,118805.39,117313.26,118645.46,102622.0,2160,0.0
2025-07-23 16:00:00,118646.61,118646.61,117342.42,118450.77,97247.0,2160,0.0
2025-07-23 20:00:00,118449.94,118832.55,117405.43,118819.21,111950.0,2160,0.0
2025-07-24 00:00:00,118819.19,119373.05,118530.26,118567.36,112328.0,2160,0.0
2025-07-24 04:00:00,118567.36,118646.55,117122.45,118457.95,92813.0,2160,0.0
2025-07-24 08:00:00,118457.96,118884.98,117952.5,118621.64,108284.0,2160,0.0
2025-07-24 12:00:00,118621.64,119543.85,117842.32,119144.9,106566.0,2160,0.0
2025-07-24 16:00:00,119145.23,119465.64,118354.66,118988.79,111270.0,2160,0.0
2025-07-24 20:00:00,118988.91,119050.66,118169.3,118355.75,105736.0,2160,0.0
2025-07-25 00:00:00,118357.65,118483.28,115349.0,115413.92,103682.0,2160,0.0
2025-07-25 04:00:00,115413.91,116170.62,114719.89,115332.82,103857.0,2160,0.0
2025-07-25 08:00:00,115338.37,116836.77,114993.79,116554.34,103815.0,2160,0.0
2025-07-25 12:00:00,116551.07,116684.65,114864.62,115746.76,102181.0,2160,0.0
2025-07-25 16:00:00,115747.48,117081.66,115488.92,116747.54,94805.0,2160,0.0
2025-07-25 20:00:00,116748.48,117694.34,116615.78,117645.58,92770.0,2160,0.0
2025-07-26 00:00:00,117645.58,117789.85,117158.22,117526.46,93487.0,2160,0.0
2025-07-26 04:00:00,117526.28,117593.58,117347.45,117365.74,96790.0,2160,0.0
2025-07-26 08:00:00,117365.94,118306.37,117358.31,117831.94,96185.0,2160,0.0
2025-07-26 12:00:00,117833.22,118309.7,117824.54,118184.4,93783.0,2160,0.0
2025-07-26 16:00:00,118187.31,118388.34,117986.91,118292.9,93103.0,2160,0.0
2025-07-26 20:00:00,118288.57,118338.92,117911.23,117946.0,90374.0,2160,0.0
2025-07-27 00:00:00,117957.21,118422.76,117849.38,118222.43,92011.0,2160,0.0
2025-07-27 04:00:00,118220.77,118500.9,118110.34,118154.51,89705.0,2160,0.0
2025-07-27 08:00:00,118154.31,118346.21,117859.6,118129.33,93975.0,2160,0.0
2025-07-27 12:00:00,118129.33,118663.39,117903.36,118643.42,90760.0,2160,0.0
2025-07-27 16:00:00,118642.73,119565.72,118642.73,118994.66,94063.0,2160,0.0
2025-07-27 20:00:00,118994.66,119812.32,118721.12,119469.46,91838.0,2160,0.0
2025-07-28 00:00:00,119468.01,119857.93,118994.1,119310.4,93921.0,2160,0.0
2025-07-28 04:00:00,119312.14,119729.52,118777.5,118905.96,94805.0,2160,0.0
2025-07-28 08:00:00,118903.49,119150.3,118503.02,118845.18,92462.0,2160,0.0
2025-07-28 12:00:00,118848.86,119143.76,117951.24,118214.44,100753.0,2160,0.0
2025-07-28 16:00:00,118214.41,118416.96,117408.23,118077.19,94466.0,2160,0.0
2025-07-28 20:00:00,118077.3,118399.42,117493.27,118116.35,91662.0,2160,0.0
2025-07-29 00:00:00,118117.02,118878.2,117480.66,118850.51,92802.0,2160,0.0
2025-07-29 04:00:00,118850.4,119358.29,118481.53,118951.09,93522.0,2160,0.0
2025-07-29 08:00:00,118957.24,119115.48,118181.75,118613.56,92116.0,2160,0.0
2025-07-29 12:00:00,118613.43,119122.77,117228.98,117379.96,93561.0,2160,0.0
2025-07-29 16:00:00,117379.96,118095.74,116925.37,117558.29,94689.0,2160,0.0
2025-07-29 20:00:00,117558.29,118044.39,117096.82,117982.39,88651.0,2160,0.0
2025-07-30 00:00:00,117980.99,118309.26,117457.67,118204.08,90016.0,2160,0.0
2025-07-30 04:00:00,118206.61,118474.27,117701.54,118168.7,90886.0,2160,0.0
2025-07-30 08:00:00,118168.29,118527.57,117368.4,117619.83,91498.0,2160,0.0
2025-07-30 12:00:00,117619.83,118876.2,117382.69,118043.1,91905.0,2160,0.0
2025-07-30 16:00:00,118043.1,118085.61,115794.28,116992.48,93472.0,2160,0.0
2025-07-30 20:00:00,116987.58,117976.72,116950.42,117871.33,89948.0,2160,0.0
2025-07-31 00:00:00,117871.58,118655.22,117816.34,118507.55,92008.0,2160,0.0
2025-07-31 04:00:00,118507.55,118991.62,118299.43,118702.17,92120.0,2160,0.0
2025-07-31 08:00:00,118702.26,118808.19,118296.12,118383.73,89636.0,2160,0.0
2025-07-31 12:00:00,118383.78,118714.39,117821.74,118314.28,93660.0,2160,0.0
2025-07-31 16:00:00,118315.34,118918.88,116760.24,116796.43,94872.0,2160,0.0
2025-07-31 20:00:00,116796.21,117005.16,115570.21,115852.98,92897.0,2160,0.0
2025-08-01 00:00:00,115855.05,116201.06,114397.02,115770.38,94771.0,2160,0.0
2025-08-01 04:00:00,115770.52,116056.61,114663.88,115096.58,92974.0,2160,0.0
2025-08-01 08:00:00,115096.58,115400.65,114114.25,115361.51,94434.0,2160,0.0
2025-08-01 12:00:00,115360.88,116115.67,113954.17,115415.81,101782.0,2160,0.0
2025-08-01 16:00:00,115416.08,115776.81,113155.31,113267.0,94515.0,2160,0.0
2025-08-01 20:00:00,113265.93,114066.58,112663.2,113264.38,94572.0,2160,0.0
2025-08-02 00:00:00,113264.62,113940.64,113154.59,113927.9,91786.0,2160,0.0
2025-08-02 04:00:00,113928.29,114075.5,113441.45,113981.38,100314.0,2160,0.0
2025-08-02 08:00:00,113981.14,114081.91,113403.5,113810.41,90520.0,2160,0.0
2025-08-02 12:00:00,113810.95,113822.66,112815.18,112857.12,91805.0,2160,0.0
2025-08-02 16:00:00,112857.03,113441.11,111954.9,112226.56,92638.0,2160,0.0
2025-08-02 20:00:00,112226.56,113092.99,112058.23,112567.49,87215.0,2160,0.0
2025-08-03 00:00:00,112566.61,113794.3,111909.33,113657.11,88647.0,2160,0.0
2025-08-03 04:00:00,113657.3,113790.27,113354.98,113770.79,85271.0,2160,0.0
2025-08-03 08:00:00,113771.73,114329.04,113590.52,113938.93,87877.0,2160,0.0
2025-08-03 12:00:00,113941.13,114193.79,113653.49,114016.26,90914.0,2160,0.0
2025-08-03 16:00:00,114015.65,114909.48,113835.15,114419.58,88782.0,2160,0.0
2025-08-03 20:00:00,114419.48,114722.41,114127.26,114291.41,84593.0,2160,0.0
2025-08-04 00:00:00,114290.88,115123.23,114180.45,114670.98,89946.0,2160,0.0
2025-08-04 04:00:00,114671.5,114866.99,114174.92,114730.68,92158.0,2160,0.0
2025-08-04 08:00:00,114730.98,114857.09,114261.29,114546.18,89558.0,2160,0.0
2025-08-04 12:00:00,114546.18,115576.44,114155.59,114894.51,95557.0,2160,0.0
2025-08-04 16:00:00,114894.77,115828.57,114756.65,114809.37,91691.0,2160,0.0
2025-08-04 20:00:00,114809.51,115438.11,114640.52,115126.41,87908.0,2160,0.0
2025-08-05 00:00:00,115126.36,115181.66,114254.12,114254.66,86963.0,2160,0.0
2025-08-05 04:00:00,114255.01,114524.74,113688.43,113967.91,89263.0,2160,0.0
2025-08-05 08:00:00,113967.89,115138.85,113911.31,114846.36,90307.0,2160,0.0
2025-08-05 12:00:00,114846.6,114935.16,112599.95,112887.62,96651.0,2160,0.0
2025-08-05 16:00:00,112886.88,113763.57,112766.25,113613.12,92572.0,2160,0.0
2025-08-05 20:00:00,113613.12,114251.26,113274.93,114141.37,88420.0,2160,0.0
2025-08-06 00:00:00,114141.64,114162.31,113382.53,113503.88,88894.0,2160,0.0
2025-08-06 04:00:00,113503.61,114427.46,113320.41,114280.34,89762.0,2160,0.0
2025-08-06 08:00:00,114280.34,114486.87,113745.56,114301.55,88928.0,2160,0.0
2025-08-06 12:00:00,114300.38,115644.79,113585.63,115506.03,93711.0,2160,0.0
2025-08-06 16:00:00,115506.04,115831.88,115038.87,115376.82,94514.0,2160,0.0
2025-08-06 20:00:00,115376.62,115400.48,114885.82,115112.61,87069.0,2160,0.0
2025-08-07 00:00:00,115112.13,115310.3,114462.02,114633.57,89354.0,2160,0.0
2025-08-07 04:00:00,114633.6,114986.25,114325.97,114894.54,91421.0,2160,0.0
2025-08-07 08:00:00,114894.54,116880.27,114876.97,116566.42,95116.0,2160,0.0
2025-08-07 12:00:00,116564.73,116858.42,116052.99,116732.19,94971.0,2160,0.0
2025-08-07 16:00:00,116732.02,117627.59,115645.81,117544.39,92096.0,2160,0.0
2025-08-07 20:00:00,117544.39,117710.53,117076.09,117531.33,90195.0,2160,0.0
2025-08-08 00:00:00,117531.46,117683.18,116666.88,116728.16,93772.0,2160,0.0
2025-08-08 04:00:00,116728.07,116998.6,116361.4,116874.38,92970.0,2160,0.0
2025-08-08 08:00:00,116874.29,116990.24,116322.05,116937.62,90859.0,2160,0.0
2025-08-08 12:00:00,116936.9,117310.46,115872.04,116194.17,93352.0,2160,0.0
2025-08-08 16:00:00,116194.17,116940.0,115972.22,116445.45,93053.0,2160,0.0
2025-08-08 20:00:00,116445.45,117002.01,116296.91,116672.4,89077.0,2160,0.0
2025-08-09 00:00:00,116672.39,116740.51,116317.92,116369.91,88387.0,2160,0.0
2025-08-09 04:00:00,116370.79,116991.14,116335.33,116729.25,89443.0,2160,0.0
2025-08-09 08:00:00,116729.28,117941.43,116717.38,117094.46,91907.0,2160,0.0
2025-08-09 12:00:00,117094.17,117226.79,116653.78,116859.82,90604.0,2160,0.0
2025-08-09 16:00:00,116854.35,116920.25,116484.35,116535.83,90073.0,2160,0.0
2025-08-09 20:00:00,116536.06,117025.92,116358.87,116431.39,88632.0,2160,0.0
2025-08-10 00:00:00,116431.47,118521.54,116410.74,118513.43,95471.0,2160,0.0
2025-08-10 04:00:00,118509.39,118763.08,117448.58,117788.64,93322.0,2160,0.0
2025-08-10 08:00:00,117789.2,118514.16,117583.71,118324.58,92564.0,2160,0.0
2025-08-10 12:00:00,118326.41,119152.47,118215.15,118818.73,95322.0,2160,0.0
2025-08-10 16:00:00,118819.68,118972.01,118441.11,118668.6,94107.0,2160,0.0
2025-08-10 20:00:00,118669.0,119357.27,118077.23,119294.9,86469.0,2160,0.0
2025-08-11 00:00:00,119295.37,122233.21,118981.53,121725.29,94480.0,2160,0.0
2025-08-11 04:00:00,121722.66,122343.46,121433.52,121515.32,96629.0,2160,0.0
2025-08-11 08:00:00,121515.1,121792.41,120203.3,120488.62,95997.0,2160,0.0
2025-08-11 12:00:00,120488.61,120607.48,119322.4,120311.94,97835.0,2160,0.0
2025-08-11 16:00:00,120312.02,120821.5,118542.08,119076.79,93922.0,2160,0.0
2025-08-11 20:00:00,119076.79,119225.93,118134.18,118720.65,91652.0,2160,0.0
2025-08-12 00:00:00,118720.34,119357.44,118620.29,118894.25,91316.0,2160,0.0
2025-08-12 04:00:00,118894.26,119211.5,118418.35,119028.01,90715.0,2160,0.0
2025-08-12 08:00:00,119027.99,119090.34,118166.78,118485.05,91158.0,2160,0.0
2025-08-12 12:00:00,118484.33,119978.02,118251.91,119930.38,90983.0,2160,0.0
2025-08-12 16:00:00,119930.37,120204.7,119181.34,119646.8,65264.0,2160,0.0
2025-08-12 20:00:00,119648.42,120319.21,119481.81,120118.39,62604.0,2160,0.0
2025-08-13 00:00:00,120118.39,120170.35,119053.61,119461.58,59936.0,2160,0.0
2025-08-13 04:00:00,119461.65,119832.08,118902.99,119576.68,54003.0,2160,0.0
2025-08-13 08:00:00,119576.68,120724.81,119441.94,120554.01,59088.0,2160,0.0
2025-08-13 12:00:00,120554.01,122232.6,120092.78,120937.33,77338.0,2160,0.0
2025-08-13 16:00:00,120937.33,122895.17,120932.25,122785.28,69663.0,2160,0.0
2025-08-13 20:00:00,122785.96,123749.62,122358.97,123353.79,66394.0,2160,0.0
2025-08-14 00:00:00,123354.37,124560.48,123291.71,123393.19,70598.0,2160,0.0
2025-08-14 04:00:00,123393.62,123474.59,121332.35,121764.31,70502.0,2160,0.0
2025-08-14 08:00:00,121764.35,122081.85,120728.0,121016.0,64890.0,2160,0.0
2025-08-14 12:00:00,121015.47,121208.04,117522.83,118281.93,94809.0,2160,0.0
2025-08-14 16:00:00,118281.8,118603.61,117184.64,118015.61,73920.0,2160,0.0
2025-08-14 20:00:00,118011.79,118609.68,117373.77,118371.06,60613.0,2160,0.0
2025-08-15 00:00:00,118371.02,119197.63,118103.92,119069.5,62346.0,2160,0.0
2025-08-15 04:00:00,119069.5,119313.38,118715.71,119033.63,62732.0,2160,0.0
2025-08-15 08:00:00,119033.18,119240.47,118667.78,119061.81,59793.0,2160,0.0
2025-08-15 12:00:00,119064.06,119201.88,116846.19,117315.82,80945.0,2160,0.0
2025-08-15 16:00:00,117315.68,117941.08,116832.15,116985.02,71487.0,2160,0.0
2025-08-15 20:00:00,116985.21,117834.57,116916.17,117404.77,56676.0,2160,0.0
2025-08-16 00:00:00,117404.49,117980.14,117292.33,117513.83,53328.0,2160,0.0
2025-08-16 04:00:00,117513.62,117981.03,117362.15,117676.96,51436.0,2160,0.0
2025-08-16 08:00:00,117676.96,117777.75,117201.43,117446.64,48786.0,2160,0.0
2025-08-16 12:00:00,117448.8,117898.53,117378.3,117751.48,50672.0,2160,0.0
2025-08-16 16:00:00,117751.17,117885.98,117693.08,117736.44,46779.0,2160,0.0
2025-08-16 20:00:00,117736.43,117780.26,117246.71,117447.16,44176.0,2160,0.0
2025-08-17 00:00:00,117445.71,117829.2,117237.82,117749.04,44252.0,2160,0.0
2025-08-17 04:00:00,117748.79,118308.02,117739.65,118074.65,42963.0,2160,0.0
2025-08-17 08:00:00,118074.16,118560.46,117987.57,118362.38,44753.0,2160,0.0
2025-08-17 12:00:00,118359.93,118631.58,118112.59,118285.5,45335.0,2160,0.0
2025-08-17 16:00:00,118286.66,118364.4,117352.04,117640.19,52296.0,2160,0.0
2025-08-17 20:00:00,117641.82,118066.45,117431.1,117475.48,50722.0,2160,0.0
2025-08-18 00:00:00,117474.83,117613.67,115047.63,115378.09,67784.0,2160,0.0
2025-08-18 04:00:00,115378.09,115799.82,114928.83,115274.48,64598.0,2160,0.0
2025-08-18 08:00:00,115274.24,115456.73,114681.0,115000.26,59906.0,2160,0.0
2025-08-18 12:00:00,114999.18,116239.96,114863.28,116186.55,68693.0,2160,0.0
2025-08-18 16:00:00,116187.12,116870.41,115877.0,116360.47,63908.0,2160,0.0
2025-08-18 20:00:00,116360.29,117038.32,116034.33,116286.49,55823.0,2160,0.0
2025-08-19 00:00:00,116286.23,116773.71,114836.29,114857.42,67986.0,2160,0.0
2025-08-19 04:00:00,114857.43,115518.26,114406.95,115014.02,62923.0,2160,0.0
2025-08-19 08:00:00,115014.52,115701.42,114823.91,115539.19,56990.0,2160,0.0
2025-08-19 12:00:00,115539.26,115919.86,113548.12,113793.86,71684.0,2160,0.0
2025-08-19 16:00:00,113793.86,113896.94,112728.74,113103.45,70338.0,2160,0.0
2025-08-19 20:00:00,113103.63,113570.48,112691.31,112856.15,62234.0,2160,0.0
2025-08-20 00:00:00,112854.16,113643.08,112546.41,113509.09,64233.0,2160,0.0
2025-08-20 04:00:00,113508.94,113850.51,113405.44,113490.38,57368.0,2160,0.0
2025-08-20 08:00:00,113490.46,114030.22,113034.1,113649.5,59717.0,2160,0.0
2025-08-20 12:00:00,113650.73,114326.2,112343.17,113348.69,81860.0,2160,0.0
2025-08-20 16:00:00,113350.2,114471.29,113243.82,114258.75,78276.0,2160,0.0
2025-08-20 20:00:00,114258.75,114632.08,113984.69,114271.66,62641.0,2160,0.0
2025-08-21 00:00:00,114271.67,114819.5,113881.51,113953.58,62134.0,2160,0.0
2025-08-21 04:00:00,113953.77,114029.12,113553.29,113875.9,58487.0,2160,0.0
2025-08-21 08:00:00,113875.73,113989.8,112939.2,113114.48,57892.0,2160,0.0
2025-08-21 12:00:00,113113.0,113970.63,112577.83,112772.85,77168.0,2160,0.0
2025-08-21 16:00:00,112772.92,112951.74,111950.85,112144.97,69766.0,2160,0.0
2025-08-21 20:00:00,112145.17,112832.92,112010.7,112471.25,59559.0,2160,0.0
2025-08-22 00:00:00,112470.23,113490.29,112283.75,112889.16,61429.0,2160,0.0
2025-08-22 04:00:00,112889.08,113351.94,112652.84,113053.49,57889.0,2160,0.0
2025-08-22 08:00:00,113053.39,113274.26,112133.98,112279.66,59764.0,2160,0.0
2025-08-22 12:00:00,112279.57,117307.4,111642.37,116368.71,94854.0,2160,0.0
2025-08-22 16:00:00,116371.13,117429.4,116088.85,116657.18,76705.0,2160,0.0
2025-08-22 20:00:00,116657.15,117178.25,116526.36,116893.96,63549.0,2160,0.0
2025-08-23 00:00:00,116894.28,116995.23,115397.95,115516.57,67415.0,2160,0.0
2025-08-23 04:00:00,115516.59,115987.41,115486.17,115751.93,60720.0,2160,0.0
2025-08-23 08:00:00,115752.28,115833.01,115174.27,115258.34,48527.0,2160,0.0
2025-08-23 12:00:00,115258.34,115437.62,114508.96,114781.5,61496.0,2160,0.0
2025-08-23 16:00:00,114781.35,115161.05,114636.39,115090.77,57839.0,2160,0.0
2025-08-23 20:00:00,115090.72,115385.4,114953.83,115375.24,60572.0,2160,0.0
2025-08-24 00:00:00,115375.26,115628.05,114885.7,114977.07,64322.0,2160,0.0
2025-08-24 04:00:00,114977.85,115244.9,114793.77,114842.11,60440.0,2160,0.0
2025-08-24 08:00:00,114842.99,115008.83,114546.01,114689.72,59393.0,2160,0.0
2025-08-24 12:00:00,114689.56,114836.19,114315.28,114370.8,66493.0,2160,0.0
2025-08-24 16:00:00,114370.67,114884.82,110532.66,112570.0,85709.0,2160,0.0
2025-08-24 20:00:00,112570.15,113685.25,111587.66,113474.81,84303.0,2160,0.0
2025-08-25 00:00:00,113475.0,113643.47,112113.76,112885.2,80014.0,2160,0.0
2025-08-25 04:00:00,112884.57,113037.18,111250.89,111483.02,79398.0,2160,0.0
2025-08-25 08:00:00,111481.96,111813.67,110878.28,111189.7,83220.0,2160,0.0
2025-08-25 12:00:00,111188.64,112574.47,110532.67,112186.33,91126.0,2160,0.0
2025-08-25 16:00:00,112186.33,112936.92,110630.45,110695.21,86958.0,2160,0.0
2025-08-25 20:00:00,110695.21,111084.87,109258.17,110127.37,96080.0,2160,0.0
2025-08-26 00:00:00,110127.87,110127.87,108674.52,109882.96,90808.0,2160,0.0
2025-08-26 04:00:00,109883.37,110565.46,109759.27,110298.24,80085.0,2160,0.0
2025-08-26 08:00:00,110298.23,110455.51,109555.98,109870.61,73177.0,2160,0.0
2025-08-26 12:00:00,109867.35,110814.77,109377.15,109655.68,91499.0,2160,0.0
2025-08-26 16:00:00,109656.76,111181.56,109426.01,111111.42,83881.0,2160,0.0
2025-08-26 20:00:00,111111.42,112401.58,110912.18,111785.46,77310.0,2160,0.0
2025-08-27 00:00:00,111785.47,111831.3,110919.99,111433.46,77471.0,2160,0.0
2025-08-27 04:00:00,111432.39,111746.61,110618.36,110730.76,73950.0,2160,0.0
2025-08-27 08:00:00,110730.73,111400.33,110348.11,111326.79,74523.0,2160,0.0
2025-08-27 12:00:00,111324.3,112650.04,111009.39,112022.23,90496.0,2160,0.0
2025-08-27 16:00:00,112021.72,112625.17,111547.32,112077.08,88216.0,2160,0.0
2025-08-27 20:00:00,112076.86,112456.05,110902.17,111244.67,86494.0,2160,0.0
2025-08-28 00:00:00,111244.63,112059.54,110849.75,112006.74,81384.0,2160,0.0
2025-08-28 04:00:00,112006.91,113373.65,111941.78,113126.39,76857.0,2160,0.0
2025-08-28 08:00:00,113126.25,113353.21,112816.26,112924.53,71006.0,2160,0.0
2025-08-28 12:00:00,112924.69,113489.27,112385.13,112676.67,87451.0,2160,0.0
2025-08-28 16:00:00,112676.9,113206.74,111881.59,111900.46,82669.0,2160,0.0
2025-08-28 20:00:00,111901.75,112580.98,111850.21,112568.77,74137.0,2160,0.0
2025-08-29 00:00:00,112568.65,112641.59,111295.53,111717.6,80904.0,2160,0.0
2025-08-29 04:00:00,111717.69,111869.54,109890.66,110012.97,78757.0,1121,0.0
2025-08-29 08:00:00,110014.44,110290.42,109401.6,110098.81,83921.0,2160,0.0
2025-08-29 12:00:00,110098.81,111541.82,108072.37,108393.66,100968.0,2160,0.0
2025-08-29 16:00:00,108393.62,108849.83,107907.56,108207.14,90564.0,2160,0.0
2025-08-29 20:00:00,108204.03,108556.96,107452.91,108380.14,79691.0,2160,0.0
2025-08-30 00:00:00,108380.2,108442.28,107327.15,108423.42,82391.0,2160,0.0
2025-08-30 04:00:00,108423.83,108673.43,108095.21,108512.47,74930.0,2160,0.0
2025-08-30 08:00:00,108512.35,108787.0,108392.23,108677.29,65661.0,2160,0.0
2025-08-30 12:00:00,108677.29,108933.54,108194.89,108863.37,73627.0,2160,0.0
2025-08-30 16:00:00,108863.42,108915.2,108614.26,108836.1,69469.0,2160,0.0
2025-08-30 20:00:00,108836.93,108847.94,108465.8,108812.76,68116.0,2160,0.0
2025-08-31 00:00:00,108812.82,109501.38,108799.66,109227.59,72461.0,2160,0.0
2025-08-31 04:00:00,109227.66,109245.67,108498.79,108718.77,64793.0,2160,0.0
2025-08-31 08:00:00,108718.9,109117.05,108300.8,108391.24,66603.0,2160,0.0
2025-08-31 12:00:00,108391.25,108851.76,108189.08,108793.78,71155.0,2160,0.0
2025-08-31 16:00:00,108793.7,109253.29,108541.87,108922.85,70911.0,2160,0.0
2025-08-31 20:00:00,108922.03,109240.17,108059.62,108255.07,68845.0,2160,0.0
2025-09-01 00:00:00,108255.1,108489.54,107384.62,107648.44,84938.0,2160,0.0
2025-09-01 04:00:00,107652.01,109441.66,107247.18,109433.14,81059.0,2160,0.0
2025-09-01 08:00:00,109431.94,109912.82,108161.51,108771.67,85208.0,2160,0.0
2025-09-01 12:00:00,108768.46,109528.4,108563.73,108780.65,89165.0,2160,0.0
2025-09-01 16:00:00,108780.71,109332.64,108392.29,109206.28,81630.0,2160,0.0
2025-09-01 20:00:00,109206.33,109445.97,107446.22,109226.45,83612.0,2160,0.0
2025-09-02 00:00:00,109226.39,110636.58,108876.1,110323.33,83193.0,2160,0.0
2025-09-02 04:00:00,110323.07,110629.98,109980.86,110239.95,74963.0,2160,0.0
2025-09-02 08:00:00,110239.99,110720.85,109564.86,109752.41,72719.0,2160,0.0
2025-09-02 12:00:00,109752.58,111798.18,108388.54,110853.29,101012.0,2160,0.0
2025-09-02 16:00:00,110846.84,111142.14,110168.94,110800.15,92477.0,2160,0.0
2025-09-02 20:00:00,110800.04,111557.91,110699.3,111235.43,76494.0,2160,0.0
2025-09-03 00:00:00,111233.84,111794.6,110881.13,111046.45,81683.0,2160,0.0
2025-09-03 04:00:00,111043.85,111168.16,110530.01,111095.75,71533.0,2160,0.0
2025-09-03 08:00:00,111095.37,111727.93,110887.88,111461.23,73403.0,2160,0.0
2025-09-03 12:00:00,111461.23,112526.46,111033.52,112239.22,92379.0,2160,0.0
2025-09-03 16:00:00,112239.4,112617.65,111684.95,112234.18,82240.0,2160,0.0
2025-09-03 20:00:00,112234.71,112301.9,111642.6,111752.62,70127.0,2160,0.0
2025-09-04 00:00:00,111752.61,112224.95,111160.22,111195.8,75597.0,2160,0.0
2025-09-04 04:00:00,111194.74,111363.95,110310.33,110483.66,72459.0,2160,0.0
2025-09-04 08:00:00,110483.77,111185.62,110432.56,110848.35,67570.0,2160,0.0
2025-09-04 12:00:00,110848.35,111149.41,109317.16,109493.56,88511.0,2160,0.0
2025-09-04 16:00:00,109486.94,110202.0,109343.33,109809.8,84173.0,2160,0.0
2025-09-04 20:00:00,109809.84,111763.54,109748.16,110720.81,72439.0,2160,0.0
2025-09-05 00:00:00,110720.81,111489.2,110429.91,111317.31,76188.0,2160,0.0
2025-09-05 04:00:00,111317.32,113004.64,111132.88,112948.63,75006.0,2160,0.0
2025-09-05 08:00:00,112948.41,113004.13,112123.18,112347.61,72182.0,2160,0.0
2025-09-05 12:00:00,112347.95,113400.7,110265.53,110717.28,104235.0,2160,0.0
2025-09-05 16:00:00,110716.8,111642.16,110192.36,111618.87,88090.0,2160,0.0
2025-09-05 20:00:00,111622.07,111716.63,110373.91,110673.13,73326.0,2160,0.0
2025-09-06 00:00:00,110673.46,111316.31,110549.49,111087.58,67837.0,2160,0.0
2025-09-06 04:00:00,111087.86,111088.08,110695.96,110839.04,56032.0,2160,0.0
2025-09-06 08:00:00,110838.49,110975.67,110664.49,110784.74,53816.0,2160,0.0
2025-09-06 12:00:00,110785.74,111019.73,110350.35,110401.65,61995.0,2160,0.0
2025-09-06 16:00:00,110401.55,110436.54,109948.43,110055.85,72239.0,2160,0.0
2025-09-06 20:00:00,110056.12,110311.66,110040.83,110217.06,60008.0,2160,0.0
2025-09-07 00:00:00,110216.82,110763.8,110195.05,110641.91,61331.0,2160,0.0
2025-09-07 04:00:00,110641.36,110934.59,110467.78,110770.43,54697.0,2160,0.0
2025-09-07 08:00:00,110771.55,111390.84,110713.25,111304.83,58173.0,2160,0.0
2025-09-07 12:00:00,111303.72,111421.03,111037.9,111319.08,60991.0,2160,0.0
2025-09-07 16:00:00,111319.87,111377.67,110857.2,111253.35,63384.0,1800,0.0
2025-09-07 20:00:00,111253.39,111615.5,110983.21,111124.13,66040.0,1800,0.0
2025-09-08 00:00:00,111123.0,111370.14,110593.79,111042.46,75996.0,1800,0.0
2025-09-08 04:00:00,111042.56,111612.05,110888.95,111278.1,65386.0,1800,0.0
2025-09-08 08:00:00,111278.1,112180.69,111232.18,112039.97,74731.0,1800,0.0
2025-09-08 12:00:00,112040.23,112940.36,111858.49,112639.51,84715.0,1800,0.0
2025-09-08 16:00:00,112639.6,112701.94,111982.92,112099.68,80972.0,1800,0.0
2025-09-08 20:00:00,112104.57,112528.04,111896.37,112076.7,68639.0,1800,0.0
2025-09-09 00:00:00,112076.63,112119.96,111095.38,111708.01,75010.0,1800,0.0
2025-09-09 04:00:00,111708.02,113283.9,111621.32,112985.9,74908.0,1800,0.0
2025-09-09 08:00:00,112989.3,113171.82,112391.07,112450.66,65284.0,1800,0.0
2025-09-09 12:00:00,112452.6,112967.97,110750.54,110879.49,88950.0,1800,0.0
2025-09-09 16:00:00,110879.51,111397.43,110774.95,111286.85,78432.0,1800,0.0
2025-09-09 20:00:00,111286.85,111736.11,111081.25,111539.41,69347.0,1800,0.0
2025-09-10 00:00:00,111539.41,111590.5,110907.35,111543.93,73616.0,1800,0.0
2025-09-10 04:00:00,111542.88,112586.41,111359.73,112539.04,70372.0,1800,0.0
2025-09-10 08:00:00,112535.94,112855.55,112096.53,112297.9,68890.0,1800,0.0
2025-09-10 12:00:00,112297.63,114349.91,112295.35,113883.5,92961.0,1800,0.0
2025-09-10 16:00:00,113883.5,114118.99,113171.25,113589.72,82688.0,1800,0.0
2025-09-10 20:00:00,113587.88,114075.91,113540.5,113972.14,69862.0,1800,0.0
2025-09-11 00:00:00,113972.55,114480.77,113685.27,114419.15,72061.0,1800,0.0
2025-09-11 04:00:00,114420.06,114501.81,113971.94,114108.56,71208.0,1800,0.0
2025-09-11 08:00:00,114108.61,114235.26,113785.2,114045.84,67155.0,1800,0.0
2025-09-11 12:00:00,114045.47,114763.97,113429.28,114195.0,95472.0,1800,0.0
2025-09-11 16:00:00,114194.79,114661.27,114109.57,114471.48,78520.0,1800,0.0
2025-09-11 20:00:00,114471.48,115545.5,114278.21,115523.25,69695.0,1800,0.0
2025-09-12 00:00:00,115523.24,116371.72,115082.46,115238.93,81920.0,1800,0.0
2025-09-12 04:00:00,115240.03,115718.8,115111.5,115143.57,72710.0,1800,0.0
2025-09-12 08:00:00,115143.02,115317.68,114903.58,114954.43,69123.0,1800,0.0
2025-09-12 12:00:00,114954.25,115520.23,114766.98,115164.39,83146.0,1800,0.0
2025-09-12 16:00:00,115164.39,116803.22,115071.85,116772.98,87428.0,1800,0.0
2025-09-12 20:00:00,116773.09,116773.09,115839.11,116112.95,77143.0,1800,0.0
2025-09-13 00:00:00,116113.02,116372.21,115641.21,116014.71,75823.0,1800,0.0
2025-09-13 04:00:00,116015.24,116022.43,115716.48,115842.52,61939.0,1800,0.0
2025-09-13 08:00:00,115842.3,116256.61,115830.25,116035.15,61942.0,1800,0.0
2025-09-13 12:00:00,116036.87,116137.7,115657.18,115828.17,71239.0,1800,0.0
2025-09-13 16:00:00,115828.02,115895.46,115167.74,115847.13,74622.0,1800,0.0
2025-09-13 20:00:00,115847.25,116050.76,115838.14,115967.33,63311.0,1800,0.0
2025-09-14 00:00:00,115967.52,116175.13,115682.98,115737.59,70687.0,1800,0.0
2025-09-14 04:00:00,115737.99,116007.47,115515.32,115855.37,62151.0,1800,0.0
2025-09-14 08:00:00,115855.67,116219.3,115798.29,115860.71,58599.0,1800,0.0
2025-09-14 12:00:00,115860.66,115940.98,115209.75,115270.79,74554.0,1800,0.0
2025-09-14 16:00:00,115271.02,115719.32,115234.05,115698.12,65227.0,1800,0.0
2025-09-14 20:00:00,115698.97,116142.85,115165.72,115315.7,67636.0,1800,0.0
2025-09-15 00:00:00,115316.68,115624.77,114865.28,115468.83,74087.0,1800,0.0
2025-09-15 04:00:00,115468.99,116809.69,115420.68,115859.32,78478.0,1800,0.0
2025-09-15 08:00:00,115858.95,115862.54,114665.64,115092.14,79702.0,1800,0.0
2025-09-15 12:00:00,115092.43,115124.67,114404.31,114869.22,86656.0,1800,0.0
2025-09-15 16:00:00,114866.56,115585.69,114607.18,115319.37,82930.0,1800,0.0
2025-09-15 20:00:00,115319.95,115643.17,115217.55,115385.39,72529.0,1800,0.0
2025-09-16 00:00:00,115385.71,115561.66,114961.59,115335.32,73945.0,1800,0.0
2025-09-16 04:00:00,115335.39,116040.79,114946.35,115869.35,73693.0,1800,0.0
2025-09-16 08:00:00,115866.99,116011.12,115215.67,115291.93,71556.0,1800,0.0
2025-09-16 12:00:00,115292.17,115942.44,114717.55,115936.61,83628.0,1800,0.0
2025-09-16 16:00:00,115936.08,116919.47,115616.52,116854.31,83903.0,1800,0.0
2025-09-16 20:00:00,116851.26,117009.28,116625.28,116824.78,68658.0,1800,0.0
2025-09-17 00:00:00,116824.55,117159.62,116407.33,116414.9,72046.0,1800,0.0
2025-09-17 04:00:00,116414.88,117342.37,116195.83,117209.8,72233.0,1800,0.0
2025-09-17 08:00:00,117209.66,117247.77,116267.78,116282.54,67395.0,1800,0.0
2025-09-17 12:00:00,116282.53,116554.41,115478.45,115902.7,80429.0,1800,0.0
2025-09-17 16:00:00,115902.69,116394.88,114727.71,115695.78,96525.0,1800,0.0
2025-09-17 20:00:00,115691.42,117036.88,115351.44,116481.96,76555.0,1800,0.0
2025-09-18 00:00:00,116481.88,117956.18,116105.12,117625.82,80286.0,1800,0.0
2025-09-18 04:00:00,117625.82,117800.0,116907.14,117109.23,72370.0,1800,0.0
2025-09-18 08:00:00,117109.0,117456.33,117027.7,117100.25,70388.0,1800,0.0
2025-09-18 12:00:00,117100.86,117904.42,117001.97,117630.61,85871.0,1800,0.0
2025-09-18 16:00:00,117630.98,117993.49,117228.86,117502.25,81950.0,1800,0.0
2025-09-18 20:00:00,117502.59,117713.44,116606.68,117113.87,70353.0,1800,0.0
2025-09-19 00:00:00,117113.42,117515.79,116904.56,117024.68,74716.0,1800,0.0
2025-09-19 04:00:00,117023.32,117169.44,116676.53,116954.71,72104.0,1800,0.0
2025-09-19 08:00:00,116954.43,117156.97,116345.1,116437.02,71922.0,1800,0.0
2025-09-19 12:00:00,116436.57,116578.53,115484.76,115930.35,91526.0,1800,0.0
2025-09-19 16:00:00,115931.04,116193.62,115137.12,115174.02,83694.0,1800,0.0
2025-09-19 20:00:00,115174.03,115722.41,115131.95,115685.34,69778.0,1800,0.0
2025-09-20 00:00:00,115687.32,115794.86,115464.88,115509.57,62365.0,1800,0.0
2025-09-20 04:00:00,115509.05,116053.39,115461.52,116017.43,56596.0,1800,0.0
2025-09-20 08:00:00,116017.41,116031.92,115710.61,115940.92,54425.0,1800,0.0
2025-09-20 12:00:00,115941.01,116193.34,115856.66,116052.9,60621.0,1800,0.0
2025-09-20 16:00:00,116052.76,116156.95,115758.23,115763.22,61542.0,1800,0.0
2025-09-20 20:00:00,115763.98,116017.66,115670.7,115740.39,55894.0,1800,0.0
2025-09-21 00:00:00,115740.0,115799.65,115496.35,115723.75,56195.0,1800,0.0
2025-09-21 04:00:00,115727.65,115896.37,115543.73,115888.26,53590.0,1800,0.0
2025-09-21 08:00:00,115892.7,115900.46,115385.77,115669.69,57367.0,1800,0.0
2025-09-21 12:00:00,115668.94,115818.65,115520.59,115590.84,59979.0,1800,0.0
2025-09-21 16:00:00,115590.87,115728.77,115262.94,115553.83,64217.0,1800,0.0
2025-09-21 20:00:00,115553.81,115620.87,115237.7,115286.65,63496.0,1800,0.0
2025-09-22 00:00:00,115286.65,115446.59,114188.26,114714.05,82708.0,1800,0.0
2025-09-22 04:00:00,114712.05,114725.75,111666.53,112583.02,84004.0,1800,0.0
2025-09-22 08:00:00,112594.8,113051.89,112247.62,112955.91,78289.0,1800,0.0
2025-09-22 12:00:00,112955.87,113541.2,112448.19,112901.29,88028.0,1800,0.0
2025-09-22 16:00:00,112901.39,112973.14,111980.94,112190.72,83641.0,1800,0.0
2025-09-22 20:00:00,112190.92,113049.13,112031.58,112735.02,73800.0,1800,0.0
2025-09-23 00:00:00,112734.31,112940.54,111548.21,112417.36,80356.0,1800,0.0
2025-09-23 04:00:00,112418.37,113196.44,111935.9,113153.86,76145.0,1800,0.0
2025-09-23 08:00:00,113153.8,113348.3,112730.4,113059.43,70476.0,1800,0.0
2025-09-23 12:00:00,113059.56,113373.21,112529.29,112928.85,83618.0,1800,0.0
2025-09-23 16:00:00,112928.89,113022.39,111550.43,111675.08,89049.0,1800,0.0
2025-09-23 20:00:00,111675.09,112263.35,111488.01,112026.48,73958.0,1800,0.0
2025-09-24 00:00:00,112026.72,112540.63,111702.95,111724.43,80222.0,1800,0.0
2025-09-24 04:00:00,111724.88,112813.11,111060.04,112625.13,73339.0,1800,0.0
2025-09-24 08:00:00,112623.99,113189.99,112424.58,113045.51,64662.0,1800,0.0
2025-09-24 12:00:00,113045.37,113948.95,112835.02,113405.3,80917.0,1800,0.0
2025-09-24 16:00:00,113404.27,114004.01,113194.44,113471.64,80040.0,1800,0.0
2025-09-24 20:00:00,113470.55,113695.68,113227.34,113350.68,70033.0,1800,0.0
2025-09-25 00:00:00,113351.06,113566.28,112227.82,112543.59,85582.0,1800,0.0
2025-09-25 04:00:00,112536.49,112639.63,111453.29,111774.3,83530.0,1800,0.0
2025-09-25 08:00:00,111773.86,112287.63,111293.76,111376.42,77351.0,1800,0.0
2025-09-25 12:00:00,111376.11,111772.31,110625.69,111637.28,96206.0,1800,0.0
2025-09-25 16:00:00,111637.23,111747.66,108643.75,109402.66,95485.0,1800,0.0
2025-09-25 20:00:00,109403.81,109732.86,108793.2,109029.43,82404.0,1800,0.0
2025-09-26 00:00:00,109029.44,109861.95,108837.1,109623.57,85454.0,1800,0.0
2025-09-26 04:00:00,109623.67,109688.83,108982.03,109399.03,77829.0,1800,0.0
2025-09-26 08:00:00,109400.13,109781.62,108663.46,109188.4,77079.0,1800,0.0
2025-09-26 12:00:00,109187.92,109846.69,108793.22,109080.05,94076.0,1800,0.0
2025-09-26 16:00:00,109080.47,110381.18,109067.16,109219.55,89177.0,1800,0.0
2025-09-26 20:00:00,109219.55,109751.32,109140.44,109691.27,69907.0,1800,0.0
2025-09-27 00:00:00,109690.94,109814.45,109362.28,109610.98,66875.0,1800,0.0
2025-09-27 04:00:00,109611.03,109806.38,109382.86,109457.12,56488.0,1800,0.0
2025-09-27 08:00:00,109457.1,109539.79,109115.04,109368.08,60743.0,1800,0.0
2025-09-27 12:00:00,109369.6,109538.62,109236.06,109435.18,62297.0,1800,0.0
2025-09-27 16:00:00,109435.01,109497.54,109282.34,109461.33,60373.0,1800,0.0
2025-09-27 20:00:00,109461.31,109750.18,109391.24,109673.79,57399.0,1800,0.0
2025-09-28 00:00:00,109673.88,109847.64,109371.88,109486.87,64519.0,1800,0.0
2025-09-28 04:00:00,109486.81,109590.77,109297.65,109555.75,49555.0,1800,0.0
2025-09-28 08:00:00,109556.15,109635.45,109280.74,109416.27,56413.0,1800,0.0
2025-09-28 12:00:00,109418.3,110077.84,109223.75,110077.84,65027.0,1800,0.0
2025-09-28 16:00:00,110074.4,110432.06,110019.37,110363.94,68335.0,1800,0.0
2025-09-28 20:00:00,110364.35,112389.75,110314.0,112206.7,75768.0,1800,0.0
2025-09-29 00:00:00,112207.54,112359.02,111593.64,111905.31,78060.0,1800,0.0
2025-09-29 04:00:00,111905.99,111943.67,111585.22,111899.43,67023.0,1800,0.0
2025-09-29 08:00:00,111899.76,112471.04,111899.19,112142.89,70984.0,1800,0.0
2025-09-29 12:00:00,112143.14,114315.49,111925.62,113873.52,90340.0,1800,0.0
2025-09-29 16:00:00,113873.65,114475.27,113506.59,114332.08,83277.0,1800,0.0
2025-09-29 20:00:00,114334.71,114495.1,114069.6,114368.7,70449.0,1800,0.0
2025-09-30 00:00:00,114368.34,114882.48,114106.89,114431.69,77057.0,1800,0.0
2025-09-30 04:00:00,114432.28,114437.01,113633.21,113767.05,68939.0,1800,0.0
2025-09-30 08:00:00,113766.92,113805.31,112699.21,113096.72,74372.0,1800,0.0
2025-09-30 12:00:00,113096.77,113733.62,112899.97,113141.01,89853.0,1800,0.0
2025-09-30 16:00:00,113140.94,114597.91,112801.68,114379.62,85255.0,1800,0.0
2025-09-30 20:00:00,114380.09,114794.43,113781.3,114066.24,71542.0,1800,0.0
2025-10-01 00:00:00,114065.87,114579.44,113970.35,114197.26,77795.0,1800,0.0
2025-10-01 04:00:00,114196.84,114768.58,114151.07,114563.61,75097.0,1800,0.0
2025-10-01 08:00:00,114563.56,116842.3,114505.68,116823.57,84649.0,1800,0.0
2025-10-01 12:00:00,116822.84,117754.6,116396.86,117489.66,91404.0,1800,0.0
2025-10-01 16:00:00,117491.57,118314.64,116778.46,117488.59,84089.0,1800,0.0
2025-10-01 20:00:00,117488.39,118726.78,117213.87,118654.06,75212.0,1800,0.0
2025-10-02 00:00:00,118654.06,119555.79,118434.38,118795.38,86997.0,1800,0.0
2025-10-02 04:00:00,118795.42,118989.24,118330.28,118566.25,74173.0,1800,0.0
2025-10-02 08:00:00,118566.24,118997.8,118416.02,118830.63,69482.0,1800,0.0
2025-10-02 12:00:00,118830.84,120013.89,118578.35,119996.64,90384.0,1800,0.0
2025-10-02 16:00:00,119996.43,121122.22,119430.73,120915.27,91199.0,1800,0.0
2025-10-02 20:00:00,120915.37,121023.61,120139.92,120622.55,75670.0,1800,0.0
2025-10-03 00:00:00,120622.02,120654.27,119908.3,120326.08,74306.0,1800,0.0
2025-10-03 04:00:00,120326.35,120420.11,119690.46,119736.99,67562.0,1800,0.0
2025-10-03 08:00:00,119736.76,120612.59,119322.93,120430.07,72452.0,1800,0.0
2025-10-03 12:00:00,120430.11,122506.49,119963.96,122371.83,89383.0,1800,0.0
2025-10-03 16:00:00,122373.28,124000.25,121533.9,122751.38,99887.0,1800,0.0
2025-10-03 20:00:00,122751.38,122838.42,122082.8,122324.58,72915.0,1800,0.0
2025-10-04 00:00:00,122324.68,122424.88,121759.71,122315.73,75086.0,1800,0.0
2025-10-04 04:00:00,122317.61,122911.74,122295.5,122391.09,29747.0,1800,0.0
2025-10-04 08:00:00,122392.73,122618.38,122022.66,122045.12,24441.0,1800,0.0
2025-10-04 12:00:00,122044.86,122586.7,121754.65,121863.9,27590.0,1800,0.0
2025-10-04 16:00:00,121867.57,122043.49,121557.63,122035.37,26144.0,1800,0.0
2025-10-04 20:00:00,122034.95,122482.22,121913.96,122451.82,23343.0,1800,0.0
2025-10-05 00:00:00,122450.87,124437.12,122193.01,123818.91,30807.0,1800,0.0
2025-10-05 04:00:00,123822.75,125882.56,123761.8,124747.61,35712.0,1800,0.0
2025-10-05 08:00:00,124747.37,124871.71,122522.37,123474.51,34365.0,1800,0.0
2025-10-05 12:00:00,123474.67,123480.31,122680.19,122837.2,28003.0,1800,0.0
2025-10-05 16:00:00,122836.89,123506.86,122303.76,122620.62,29403.0,1800,0.0
2025-10-05 20:00:00,122620.46,123564.05,122496.57,123521.58,25348.0,1800,0.0
2025-10-06 00:00:00,123520.2,124427.04,123105.0,123894.1,33016.0,1800,0.0
2025-10-06 04:00:00,123888.06,124214.78,123310.11,123424.72,27489.0,1800,0.0
2025-10-06 08:00:00,123425.2,124588.33,123422.78,124257.68,24500.0,1800,0.0
2025-10-06 12:00:00,124258.23,125476.13,124218.39,125067.03,18368.0,1800,0.0
2025-10-06 16:00:00,125067.41,126302.21,124858.65,125469.78,13834.0,1800,0.0
2025-10-06 20:00:00,125466.6,125618.69,124565.05,124713.69,8411.0,1800,0.0
2025-10-07 00:00:00,124716.92,125158.59,124161.91,124384.91,8480.0,1800,0.0
2025-10-07 04:00:00,124382.5,124736.2,123622.66,123747.87,8549.0,1800,0.0
2025-10-07 08:00:00,123742.06,124627.2,123384.59,124554.15,8463.0,1800,0.0
2025-10-07 12:00:00,124555.67,125249.61,121230.55,121899.08,25494.0,1800,0.0
2025-10-07 16:00:00,121896.82,122169.64,120628.06,121706.87,16629.0,1800,0.0
2025-10-07 20:00:00,121709.03,122366.3,121321.03,121392.99,8762.0,1800,0.0
2025-10-08 00:00:00,121398.36,122300.46,121234.3,121435.75,11108.0,1800,0.0
2025-10-08 04:00:00,121436.28,121967.17,121088.93,121642.15,9515.0,1800,0.0
2025-10-08 08:00:00,121642.28,123246.8,121541.72,122911.45,10814.0,1800,0.0
2025-10-08 12:00:00,122912.77,123394.89,121689.91,122216.87,18781.0,1800,0.0
2025-10-08 16:00:00,122215.45,124254.22,122132.07,123462.74,16209.0,1800,0.0
2025-10-08 20:00:00,123465.9,123751.91,122816.27,123324.34,6670.0,1800,0.0
2025-10-09 00:00:00,123332.76,123382.94,121481.66,122067.95,9546.0,1800,0.0
2025-10-09 04:00:00,122068.43,122298.07,121745.56,121944.0,6900.0,1800,0.0
2025-10-09 08:00:00,121946.72,122881.71,121158.26,122774.08,10494.0,1800,0.0
2025-10-09 12:00:00,122768.29,123820.69,120696.8,121187.58,21864.0,1800,0.0
2025-10-09 16:00:00,121190.76,121550.33,119708.05,121044.75,16938.0,1800,0.0
2025-10-09 20:00:00,121050.32,121847.17,120915.34,121687.51,6609.0,1800,0.0
2025-10-10 00:00:00,121689.82,121955.37,120963.22,121068.7,7409.0,1800,0.0
2025-10-10 04:00:00,121066.08,121805.24,120908.89,120985.2,7648.0,1800,0.0
2025-10-10 08:00:00,120989.12,121833.6,120962.66,121588.07,7425.0,1800,0.0
2025-10-10 12:00:00,121586.37,122572.91,118489.41,119063.94,31140.0,1800,0.0
2025-10-10 16:00:00,119063.28,119495.5,115944.96,116671.93,30370.0,1800,0.0
2025-10-10 20:00:00,116685.31,117223.85,103597.89,112950.9,183680.0,1800,0.0
2025-10-11 00:00:00,112950.8,113448.28,111152.43,112410.33,35090.0,2700,0.0
2025-10-11 04:00:00,112408.75,113099.11,110191.39,110501.26,19671.0,2700,0.0
2025-10-11 08:00:00,110501.11,112461.86,110258.33,112387.94,16711.0,1800,0.0
2025-10-11 12:00:00,112381.24,112632.27,111894.93,111908.3,11339.0,1800,0.0
2025-10-11 16:00:00,111903.11,112290.35,110969.21,111295.87,13192.0,1800,0.0
2025-10-11 20:00:00,111290.72,111484.66,109673.2,110766.41,22798.0,1800,0.0
2025-10-12 00:00:00,110773.29,111494.21,109685.8,110790.38,22969.0,1800,0.0
2025-10-12 04:00:00,110791.55,112255.45,110705.49,111619.6,10734.0,1800,0.0
2025-10-12 08:00:00,111619.72,112187.37,111190.57,111889.19,9459.0,1800,0.0
2025-10-12 12:00:00,111886.36,113800.67,111206.89,113246.93,28549.0,1800,0.0
2025-10-12 16:00:00,113249.72,114780.22,113249.72,114418.02,24219.0,1800,0.0
2025-10-12 20:00:00,114417.85,115861.62,114354.26,115061.82,20119.0,1800,0.0
2025-10-13 00:00:00,115061.99,116074.51,114712.37,114925.18,18141.0,1800,0.0
2025-10-13 04:00:00,114924.45,115628.17,114480.62,115478.29,12706.0,1800,0.0
2025-10-13 08:00:00,115475.64,115515.11,113744.13,114271.3,14037.0,1800,0.0
2025-10-13 12:00:00,114274.18,115642.01,113877.76,114412.26,31495.0,1800,0.0
2025-10-13 16:00:00,114413.6,115980.49,114294.6,115885.66,17647.0,1800,0.0
2025-10-13 20:00:00,115889.15,115990.94,115078.45,115267.31,7723.0,1800,0.0
2025-10-14 00:00:00,115267.44,115513.46,113335.69,113582.08,12038.0,1800,0.0
2025-10-14 04:00:00,113581.94,113753.49,111443.08,111792.75,22339.0,1800,0.0
2025-10-14 08:00:00,111789.75,112234.72,110113.87,111387.28,20740.0,1800,0.0
2025-10-14 12:00:00,111395.45,112971.32,109939.96,112946.98,33485.0,1800,0.0
2025-10-14 16:00:00,112941.36,113609.58,111749.96,112654.17,30219.0,1800,0.0
2025-10-14 20:00:00,112656.13,113626.63,112276.01,113080.82,10605.0,1800,0.0
2025-10-15 00:00:00,113077.47,113666.01,111856.04,112073.91,15947.0,1800,0.0
2025-10-15 04:00:00,112079.43,112743.42,111791.98,112640.0,12565.0,1800,0.0
2025-10-15 08:00:00,112637.04,113579.91,111770.24,111995.22,13828.0,1800,0.0
2025-10-15 12:00:00,111993.43,112321.5,110433.18,110862.61,29666.0,1800,0.0
2025-10-15 16:00:00,110862.73,111607.13,110196.5,111303.53,18475.0,1800,0.0
2025-10-15 20:00:00,111307.77,111616.32,110530.56,110795.9,14218.0,1800,0.0
2025-10-16 00:00:00,110794.94,111919.26,110392.52,111380.97,12167.0,1800,0.0
2025-10-16 04:00:00,111383.43,111812.43,110584.08,110601.21,11832.0,1800,0.0
2025-10-16 08:00:00,110599.79,111761.23,109522.05,111441.32,18459.0,1800,0.0
2025-10-16 12:00:00,111445.74,112033.66,108363.23,108581.75,32373.0,1800,0.0
2025-10-16 16:00:00,108578.22,109325.7,107597.61,108247.02,37772.0,1800,0.0
2025-10-16 20:00:00,108243.42,108533.11,107437.21,108197.28,13974.0,1800,0.0
2025-10-17 00:00:00,108192.38,109260.67,107945.43,109206.53,11129.0,1800,0.0
2025-10-17 04:00:00,109210.16,109267.66,105504.23,105615.57,22662.0,1800,0.0
2025-10-17 08:00:00,105616.89,106706.22,103506.14,105682.0,38215.0,1800,0.0
2025-10-17 12:00:00,105681.06,106855.45,104558.5,106798.98,37496.0,1800,0.0
2025-10-17 16:00:00,106804.94,107569.66,106080.29,106485.51,22524.0,1800,0.0
2025-10-17 20:00:00,106487.84,107471.02,106356.14,106470.03,8490.0,1800,0.0
2025-10-18 00:00:00,106469.91,107343.59,106354.33,107117.36,8336.0,1800,0.0
2025-10-18 04:00:00,107116.58,107545.05,106472.14,106743.35,7860.0,1800,0.0
2025-10-18 08:00:00,106740.87,107273.8,106641.85,107240.37,7024.0,1800,0.0
2025-10-18 12:00:00,107240.78,107343.05,106760.94,106985.11,7366.0,1800,0.0
2025-10-18 16:00:00,106982.74,107138.75,106498.23,107107.55,6130.0,1800,0.0
2025-10-18 20:00:00,107107.38,107381.69,106870.96,107205.49,5493.0,1800,0.0
2025-10-19 00:00:00,107204.87,107394.07,106762.01,107287.85,6179.0,1800,0.0
2025-10-19 04:00:00,107288.69,107314.92,106570.79,106803.67,5626.0,1800,0.0
2025-10-19 08:00:00,106803.78,108284.58,106115.23,107805.21,18998.0,1800,0.0
2025-10-19 12:00:00,107804.49,108656.7,107387.03,108520.14,11732.0,1800,0.0
2025-10-19 16:00:00,108514.24,109491.99,108270.62,108941.48,9659.0,1800,0.0
2025-10-19 20:00:00,108940.44,109410.76,108493.99,108681.29,7907.0,1800,0.0
2025-10-20 00:00:00,108677.16,110465.85,107460.49,110174.14,16609.0,1800,0.0
2025-10-20 04:00:00,110172.42,111438.81,109963.04,111201.87,13364.0,1800,0.0
2025-10-20 08:00:00,111198.16,111707.67,110646.08,111046.4,11219.0,1800,0.0
2025-10-20 12:00:00,111047.33,111737.57,110597.88,111175.03,16294.0,1800,0.0
2025-10-20 16:00:00,111178.33,111343.58,109876.29,110832.36,18495.0,1800,0.0
2025-10-20 20:00:00,110829.5,111308.94,110432.83,110567.14,7712.0,1800,0.0
2025-10-21 00:00:00,110567.26,110567.26,109087.73,109095.17,10778.0,1800,0.0
2025-10-21 04:00:00,109092.28,109092.28,107483.5,108099.8,17628.0,1800,0.0
2025-10-21 08:00:00,108100.24,108831.68,107509.63,108592.56,10233.0,1800,0.0
2025-10-21 12:00:00,108599.02,113606.45,107846.45,113480.2,34649.0,1800,0.0
2025-10-21 16:00:00,113476.58,114080.27,111371.84,111833.85,25985.0,1800,0.0
2025-10-21 20:00:00,111840.35,111868.82,108105.66,108358.14,22874.0,1800,0.0
2025-10-22 00:00:00,108350.02,108734.21,107879.81,108276.27,13284.0,1800,0.0
2025-10-22 04:00:00,108275.34,108695.96,107650.14,108367.67,9575.0,1800,0.0
2025-10-22 08:00:00,108367.51,108408.45,106641.06,107586.35,14100.0,1800,0.0
2025-10-22 12:00:00,107583.98,109197.26,107476.07,108416.13,30785.0,1800,0.0
2025-10-22 16:00:00,108412.84,108818.47,107461.94,107871.11,22337.0,1800,0.0
2025-10-22 20:00:00,107869.88,108074.64,106653.86,107578.18,16349.0,1800,0.0
2025-10-23 00:00:00,107580.84,108737.76,107504.09,108394.29,9417.0,1800,0.0
2025-10-23 04:00:00,108395.77,110354.48,108350.72,109282.06,11282.0,1800,0.0
2025-10-23 08:00:00,109278.52,109935.18,109106.4,109281.4,9390.0,1800,0.0
2025-10-23 12:00:00,109281.96,110151.21,108700.54,109941.14,20274.0,1800,0.0
2025-10-23 16:00:00,109927.9,111338.25,109661.92,110240.56,15524.0,1800,0.0
2025-10-23 20:00:00,110239.46,110242.27,109345.7,110099.48,8351.0,1800,0.0
2025-10-24 00:00:00,110104.21,110870.79,110020.48,110480.4,8298.0,1800,0.0
2025-10-24 04:00:00,110480.49,111578.62,110361.68,111092.77,9464.0,1800,0.0
2025-10-24 08:00:00,111090.66,111522.87,110609.98,111084.54,8689.0,1800,0.0
2025-10-24 12:00:00,111090.94,112152.81,109706.9,110063.23,24780.0,1800,0.0
2025-10-24 16:00:00,110066.37,110958.16,109801.82,110624.81,10036.0,1800,0.0
2025-10-24 20:00:00,110622.23,111166.03,110475.58,111031.02,5920.0,1800,0.0
2025-10-25 00:00:00,111030.82,111253.04,110682.18,111044.96,4881.0,1800,0.0
2025-10-25 04:00:00,111043.0,111841.27,111043.0,111505.66,5721.0,1800,0.0
2025-10-25 08:00:00,111508.6,111859.04,111386.51,111591.64,5647.0,1800,0.0
2025-10-25 12:00:00,111591.92,111963.55,111337.76,111410.78,6178.0,1800,0.0
2025-10-25 16:00:00,111410.89,111749.15,111171.15,111637.89,5067.0,1800,0.0
2025-10-25 20:00:00,111641.66,111701.12,111351.17,111654.22,4502.0,1800,0.0
2025-10-26 00:00:00,111654.59,111928.53,111261.07,111281.03,5613.0,1800,0.0
2025-10-26 04:00:00,111281.14,111737.03,111263.33,111728.36,3764.0,1800,0.0
2025-10-26 08:00:00,111728.46,113492.94,111719.28,113296.22,10200.0,1800,0.0
2025-10-26 12:00:00,113291.17,114048.18,113270.7,113685.78,11335.0,1800,0.0
2025-10-26 16:00:00,113686.89,113813.28,113275.07,113595.38,5359.0,1800,0.0
2025-10-26 20:00:00,113594.94,115550.36,112883.37,114553.11,14201.0,1800,0.0
2025-10-27 00:00:00,114552.83,115468.02,114354.73,114979.57,11171.0,1800,0.0
2025-10-27 04:00:00,114984.87,116411.9,114968.8,115558.85,9904.0,1800,0.0
2025-10-27 08:00:00,115559.1,115611.22,114813.77,115353.21,10486.0,1800,0.0
2025-10-27 12:00:00,115352.95,115437.97,114477.48,114968.73,15147.0,1800,0.0
2025-10-27 16:00:00,114968.53,115806.71,114770.6,114948.93,10368.0,1800,0.0
2025-10-27 20:00:00,114946.54,114946.54,113828.29,114101.78,9330.0,1800,0.0
2025-10-28 00:00:00,114101.66,114541.24,113561.67,113901.75,10161.0,1800,0.0
2025-10-28 04:00:00,113903.16,114363.98,113464.56,114173.41,8063.0,1800,0.0
2025-10-28 08:00:00,114171.65,114663.65,114098.3,114333.34,6270.0,1800,0.0
2025-10-28 12:00:00,114337.01,116104.14,114127.83,114618.87,18007.0,1800,0.0
2025-10-28 16:00:00,114620.56,115598.36,113544.22,113681.21,15250.0,1800,0.0
2025-10-28 20:00:00,113688.01,113695.66,112195.85,112897.58,16101.0,1800,0.0
2025-10-29 00:00:00,112897.7,112981.19,112081.93,112525.08,9784.0,1800,0.0
2025-10-29 04:00:00,112525.13,113590.35,112501.7,113575.11,8679.0,1800,0.0
2025-10-29 08:00:00,113588.96,113644.81,112731.92,113144.17,8506.0,1800,0.0
2025-10-29 12:00:00,113143.81,113670.2,111380.08,111505.51,16655.0,1800,0.0
2025-10-29 16:00:00,111508.02,112014.17,109112.6,110652.7,41012.0,1800,0.0
2025-10-29 20:00:00,110656.83,111809.76,109736.66,110034.13,11890.0,1800,0.0
2025-10-30 00:00:00,110034.24,111016.08,109715.68,110746.25,12084.0,1800,0.0
2025-10-30 04:00:00,110740.81,111608.33,107922.82,111351.1,28039.0,1800,0.0
2025-10-30 08:00:00,111362.04,111445.04,109681.63,109708.27,11176.0,1800,0.0
2025-10-30 12:00:00,109707.91,109783.42,107304.24,107708.69,31329.0,1800,0.0
2025-10-30 16:00:00,107710.11,108220.84,106239.72,106511.96,22609.0,1800,0.0
2025-10-30 20:00:00,106509.54,108335.59,106283.82,108294.84,14535.0,1800,0.0
2025-10-31 00:00:00,108296.56,110006.39,108258.57,109201.98,14602.0,1800,0.0
2025-10-31 04:00:00,109201.7,110214.12,109075.01,109396.84,10795.0,1800,0.0
2025-10-31 08:00:00,109403.86,110505.36,109150.61,110375.25,10966.0,1800,0.0
2025-10-31 12:00:00,110372.49,111097.32,109322.3,110141.83,22984.0,1800,0.0
2025-10-31 16:00:00,110140.34,110244.56,108562.31,109764.14,19968.0,1800,0.0
2025-10-31 20:00:00,109763.81,109769.88,109252.25,109550.17,7006.0,1800,0.0
2025-11-01 00:00:00,109549.23,110274.95,109336.18,110162.52,6232.0,1800,0.0
2025-11-01 04:00:00,110169.65,110518.67,109871.86,110011.13,6339.0,1800,0.0
2025-11-01 08:00:00,110019.88,110214.06,109775.12,110066.89,5079.0,1800,0.0
2025-11-01 12:00:00,110069.49,110291.69,109645.77,110257.07,6168.0,1800,0.0
2025-11-01 16:00:00,110248.63,110479.59,110132.72,110255.31,5275.0,1800,0.0
2025-11-01 20:00:00,110256.69,110489.05,109801.14,110042.56,5089.0,1800,0.0
2025-11-02 00:00:00,110041.97,110225.76,109842.82,110005.02,4762.0,1800,0.0
2025-11-02 04:00:00,110002.71,110993.11,109968.0,110857.48,7719.0,1800,0.0
2025-11-02 08:00:00,110866.37,111186.97,110318.42,111133.12,8199.0,1800,0.0
2025-11-02 12:00:00,111135.59,111195.42,110060.58,110104.69,10730.0,1800,0.0
2025-11-02 16:00:00,110102.63,110323.76,109713.16,110156.17,8065.0,1800,0.0
2025-11-02 20:00:00,110159.18,110729.49,109411.19,110522.09,8367.0,1800,0.0
2025-11-03 00:00:00,110525.48,110749.52,107895.41,107937.09,20305.0,1800,0.0
2025-11-03 04:00:00,107935.44,108118.14,106978.62,107444.11,17662.0,1800,0.0
2025-11-03 08:00:00,107439.49,107910.51,106716.35,107773.19,14895.0,1800,0.0
2025-11-03 12:00:00,107772.63,108303.3,105513.11,105727.84,30005.0,1800,0.0
2025-11-03 16:00:00,105729.68,107771.53,105296.94,107059.38,27923.0,1800,0.0
2025-11-03 20:00:00,107059.53,107141.7,105780.97,106559.86,18485.0,1800,0.0
2025-11-04 00:00:00,106560.45,107277.99,105821.37,107108.45,17304.0,1800,0.0
2025-11-04 04:00:00,107108.62,107260.59,104134.74,104452.71,28508.0,1800,0.0
2025-11-04 08:00:00,104451.98,104661.96,103537.54,104542.23,22290.0,1800,0.0
2025-11-04 12:00:00,104541.04,104805.48,102850.17,103155.26,32443.0,1800,0.0
2025-11-04 16:00:00,103154.17,103464.68,99937.37,100476.38,56669.0,1800,0.0
2025-11-04 20:00:00,100477.04,101853.78,98880.19,101457.88,49379.0,1800,0.0
2025-11-05 00:00:00,101469.69,102260.07,98931.82,102123.99,39975.0,1800,0.0
2025-11-05 04:00:00,102124.4,102356.55,101476.13,101986.67,16859.0,1800,0.0
2025-11-05 08:00:00,101980.84,102196.48,101170.79,102059.9,18157.0,1800,0.0
2025-11-05 12:00:00,102056.78,103789.86,101899.7,103704.92,27366.0,1800,0.0
2025-11-05 16:00:00,103707.76,104536.74,103036.46,103993.84,19162.0,1800,0.0
2025-11-05 20:00:00,103999.02,104534.4,103273.27,103875.5,12525.0,1800,0.0
2025-11-06 00:00:00,103865.38,103937.75,102709.41,103634.75,14776.0,1800,0.0
2025-11-06 04:00:00,103634.93,104200.46,102891.97,103170.89,12885.0,1800,0.0
2025-11-06 08:00:00,103167.87,103433.15,102630.36,103197.22,12732.0,1800,0.0
2025-11-06 12:00:00,103198.34,103578.6,101557.99,101963.69,31772.0,1800,0.0
2025-11-06 16:00:00,101966.99,102339.88,100210.33,101340.23,33866.0,1800,0.0
2025-11-06 20:00:00,101339.88,101596.44,100484.0,101293.76,17366.0,1800,0.0
2025-11-07 00:00:00,101298.17,102302.42,100687.27,101858.68,20964.0,1800,0.0
2025-11-07 04:00:00,101858.81,102466.95,101512.55,101964.55,10942.0,1800,0.0
2025-11-07 08:00:00,101958.12,102009.37,99733.0,100341.69,17544.0,1800,0.0
2025-11-07 12:00:00,100331.98,101196.05,99164.13,100714.68,37983.0,1800,0.0
2025-11-07 16:00:00,100717.69,103347.33,100426.05,103347.33,31039.0,1800,0.0
2025-11-07 20:00:00,103346.57,104054.55,102892.98,103282.93,13615.0,1800,0.0
2025-11-08 00:00:00,103282.87,103339.59,102462.89,102524.26,12531.0,1800,0.0
2025-11-08 04:00:00,102524.3,102780.65,101850.86,102287.06,10998.0,1800,0.0
2025-11-08 08:00:00,102287.21,102636.76,101656.76,101807.1,8798.0,1800,0.0
2025-11-08 12:00:00,101799.08,102146.21,101407.95,101686.9,11954.0,1800,0.0
2025-11-08 16:00:00,101685.67,102194.37,101483.9,101948.06,9304.0,1800,0.0
2025-11-08 20:00:00,101945.44,102453.95,101915.72,102282.16,5885.0,1800,0.0
2025-11-09 00:00:00,102282.85,102309.03,101319.2,101634.93,9364.0,1800,0.0
2025-11-09 04:00:00,101635.87,102103.7,101607.38,101919.76,7375.0,1800,0.0
2025-11-09 08:00:00,101918.11,102294.53,101487.81,102224.48,9075.0,1800,0.0
2025-11-09 12:00:00,102233.26,104202.86,102029.21,103732.96,17211.0,1800,0.0
2025-11-09 16:00:00,103732.12,104801.12,103298.34,104793.09,13101.0,1800,0.0
2025-11-09 20:00:00,104790.2,105454.38,104047.38,104689.19,14518.0,1800,0.0
2025-11-10 00:00:00,104685.86,106666.46,104225.62,106012.05,21319.0,1800,0.0
2025-11-10 04:00:00,106019.05,106526.19,105815.27,106436.51,10746.0,1800,0.0
2025-11-10 08:00:00,106436.39,106600.81,105796.83,106162.07,10155.0,1800,0.0
2025-11-10 12:00:00,106159.61,106585.87,104639.23,105054.2,21130.0,1800,0.0
2025-11-10 16:00:00,105053.63,106066.68,104753.51,105797.88,16496.0,1800,0.0
2025-11-10 20:00:00,105796.69,106262.47,105217.23,105976.63,12059.0,1800,0.0
2025-11-11 00:00:00,105978.76,107473.54,105458.07,106427.84,21434.0,1800,0.0
2025-11-11 04:00:00,106431.54,106520.81,104710.67,104760.95,13343.0,1800,0.0
2025-11-11 08:00:00,104762.19,105494.36,104735.88,105287.02,10995.0,1800,0.0
2025-11-11 12:00:00,105287.95,105486.85,103150.55,103437.0,21930.0,1800,0.0
2025-11-11 16:00:00,103455.93,103710.38,102791.77,103102.45,17649.0,1800,0.0
2025-11-11 20:00:00,103102.57,103195.6,102426.74,103009.96,13700.0,1800,0.0
2025-11-12 00:00:00,103012.78,103406.72,102630.9,103275.59,13013.0,1800,0.0
2025-11-12 04:00:00,103270.82,103632.55,102973.93,103103.47,7800.0,1800,0.0
2025-11-12 08:00:00,103102.97,105197.03,103102.97,105014.55,14435.0,1800,0.0
2025-11-12 12:00:00,105014.83,105320.86,101934.34,102149.69,24340.0,1800,0.0
2025-11-12 16:00:00,102152.64,102273.41,100738.02,101272.28,26133.0,1800,0.0
2025-11-12 20:00:00,101272.96,101984.42,101108.58,101635.6,11198.0,1800,0.0
2025-11-13 00:00:00,101634.23,102600.34,100889.29,102108.48,18644.0,1800,0.0
2025-11-13 04:00:00,102104.69,104037.01,101625.69,103439.95,18611.0,1800,0.0
2025-11-13 08:00:00,103438.34,103782.05,102533.07,102901.57,13610.0,1800,0.0
2025-11-13 12:00:00,102899.72,103453.19,101142.49,101352.48,32219.0,1800,0.0
2025-11-13 16:00:00,101350.45,101508.94,98071.54,98623.04,39599.0,1800,0.0
2025-11-13 20:00:00,98622.28,100447.22,97922.67,99618.56,25007.0,1800,0.0
2025-11-14 00:00:00,99613.83,99835.84,98641.1,99090.37,23537.0,1800,0.0
2025-11-14 04:00:00,99093.77,99141.55,95847.7,97087.19,40752.0,1800,0.0
2025-11-14 08:00:00,97087.21,97492.79,95601.76,96110.9,23635.0,1800,0.0
2025-11-14 12:00:00,96106.68,97236.25,94480.42,96721.21,56125.0,1800,0.0
2025-11-14 16:00:00,96724.19,97343.03,94720.44,95696.4,32354.0,1800,0.0
2025-11-14 20:00:00,95696.9,95868.65,93910.56,94502.89,25086.0,1800,0.0
2025-11-15 00:00:00,94496.62,96746.5,94475.9,96340.26,18713.0,1800,0.0
2025-11-15 04:00:00,96339.54,96522.92,95859.02,96261.5,9775.0,1800,0.0
2025-11-15 08:00:00,96261.15,96288.26,95546.07,95622.98,11027.0,1800,0.0
2025-11-15 12:00:00,95565.7,96423.72,95492.61,96209.84,11214.0,1800,0.0
2025-11-15 16:00:00,96209.73,96335.22,95655.32,95943.14,10562.0,1800,0.0
2025-11-15 20:00:00,95943.39,95954.03,95040.22,95536.11,9507.0,1800,0.0
2025-11-16 00:00:00,95539.27,95909.88,94782.21,95747.94,12426.0,1800,0.0
2025-11-16 04:00:00,95746.11,96130.32,95566.99,96014.84,6722.0,1800,0.0
2025-11-16 08:00:00,96015.78,96550.82,95421.7,95568.18,10718.0,1800,0.0
2025-11-16 12:00:00,95565.68,95842.27,94293.15,94509.12,13663.0,1800,0.0
2025-11-16 16:00:00,94514.47,95512.66,93674.57,93973.77,30580.0,1800,0.0
2025-11-16 20:00:00,93974.3,94685.38,92906.24,94175.62,27884.0,1800,0.0
2025-11-17 00:00:00,94173.84,95498.03,93697.56,95425.82,20739.0,1800,0.0
2025-11-17 04:00:00,95435.07,95809.5,94809.45,95556.15,12179.0,1800,0.0
2025-11-17 08:00:00,95565.77,95951.09,95229.64,95488.6,10880.0,1800,0.0
2025-11-17 12:00:00,95487.32,95954.86,93477.1,93870.88,42465.0,1800,0.0
2025-11-17 16:00:00,93873.35,94331.27,91461.51,91567.48,41641.0,1800,0.0
2025-11-17 20:00:00,91563.17,92295.45,91157.22,92101.54,23458.0,1800,0.0
2025-11-18 00:00:00,92101.48,92243.17,89583.99,90730.5,35399.0,1800,0.0
2025-11-18 04:00:00,90728.84,90758.87,89060.37,90392.17,27733.0,1800,0.0
2025-11-18 08:00:00,90391.24,91504.48,90389.57,91407.31,17827.0,1800,0.0
2025-11-18 12:00:00,91407.22,92950.09,90821.05,92827.86,39259.0,1800,0.0
2025-11-18 16:00:00,92824.34,93767.07,92497.29,93122.55,25971.0,1800,0.0
2025-11-18 20:00:00,93125.96,93379.44,92402.02,92910.32,12643.0,1800,0.0
2025-11-19 00:00:00,92911.22,92932.18,91578.68,91814.96,19178.0,1800,0.0
2025-11-19 04:00:00,91812.65,91956.22,89948.3,91798.26,19715.0,1800,0.0
2025-11-19 08:00:00,91799.54,91893.79,91017.17,91338.47,12395.0,1800,0.0
2025-11-19 12:00:00,91338.35,92331.52,89795.2,89877.88,29711.0,1800,0.0
2025-11-19 16:00:00,89874.51,90163.24,88517.85,88783.67,36557.0,1800,0.0
2025-11-19 20:00:00,88784.52,91502.85,88484.73,91460.45,24036.0,1800,0.0
2025-11-20 00:00:00,91449.88,92719.35,91092.09,92356.55,16477.0,1800,0.0
2025-11-20 04:00:00,92359.37,93075.93,91590.87,92224.58,13150.0,1800,0.0
2025-11-20 08:00:00,92224.67,92311.93,91339.39,91841.39,11701.0,1800,0.0
2025-11-20 12:00:00,91838.51,92437.87,89728.67,89758.86,37994.0,1800,0.0
2025-11-20 16:00:00,89757.97,89810.54,85986.49,86795.6,64774.0,1800,0.0
2025-11-20 20:00:00,86792.6,88144.48,86209.29,86522.46,25405.0,1800,0.0
2025-11-21 00:00:00,86525.37,87395.88,85236.17,85714.58,33892.0,1800,0.0
2025-11-21 04:00:00,85714.09,86247.6,81155.01,83919.02,40319.0,1800,0.0
2025-11-21 08:00:00,83917.42,84586.58,81531.34,82201.98,49027.0,1800,0.0
2025-11-21 12:00:00,82205.68,85407.28,80535.93,82848.15,78233.0,1800,0.0
2025-11-21 16:00:00,82844.77,85491.66,82232.29,84137.89,56058.0,1800,0.0
2025-11-21 20:00:00,84135.54,85354.91,83380.76,85060.62,26635.0,1800,0.0
2025-11-22 00:00:00,85064.6,85565.94,84138.82,84374.22,17896.0,1800,0.0
2025-11-22 04:00:00,84381.97,84735.33,83759.75,84512.98,16208.0,1800,0.0
2025-11-22 08:00:00,84514.35,84526.05,83420.23,84029.83,14027.0,1800,0.0
2025-11-22 12:00:00,84034.02,84694.16,83562.37,84214.24,16703.0,1800,0.0
2025-11-22 16:00:00,84215.77,84845.55,84153.78,84550.62,11002.0,1800,0.0
2025-11-22 20:00:00,84550.48,85211.76,84175.2,84680.6,11568.0,1800,0.0
2025-11-23 00:00:00,84677.17,86298.07,84613.71,86252.5,17568.0,1800,0.0
2025-11-23 04:00:00,86254.41,86817.6,85340.3,85725.55,13539.0,1800,0.0
2025-11-23 08:00:00,85728.81,86430.92,85711.76,86294.04,11659.0,1800,0.0
2025-11-23 12:00:00,86283.78,87215.21,86218.56,87034.32,17069.0,1800,0.0
2025-11-23 16:00:00,87033.68,87652.43,86455.59,87297.02,15998.0,1800,0.0
2025-11-23 20:00:00,87298.0,88117.56,86698.35,86804.6,16293.0,1800,0.0
2025-11-24 00:00:00,86805.86,88013.69,85898.73,87411.49,26091.0,1800,0.0
2025-11-24 04:00:00,87413.89,87793.26,86401.35,87006.21,19928.0,1800,0.0
2025-11-24 08:00:00,87004.16,87004.16,85637.7,86214.76,17411.0,1800,0.0
2025-11-24 12:00:00,86216.02,86685.5,85211.96,86563.66,30725.0,1800,0.0
2025-11-24 16:00:00,86562.12,88823.75,86562.12,88304.01,23163.0,1800,0.0
2025-11-24 20:00:00,88303.25,89217.15,88215.01,88264.91,12571.0,1800,0.0
2025-11-25 00:00:00,88264.15,88264.15,87422.29,87782.43,13083.0,1800,0.0
2025-11-25 04:00:00,87773.19,88484.35,87305.2,87368.98,9740.0,1800,0.0
2025-11-25 08:00:00,87378.67,87600.35,86644.3,87332.12,10828.0,1800,0.0
2025-11-25 12:00:00,87333.33,87756.76,86056.69,86951.45,23564.0,1800,0.0
2025-11-25 16:00:00,86950.73,88104.57,86125.75,86827.72,19479.0,1800,0.0
2025-11-25 20:00:00,86836.64,87862.74,86542.61,87326.18,13801.0,1800,0.0
2025-11-26 00:00:00,87328.46,88195.95,87031.83,87093.09,12625.0,1800,0.0
2025-11-26 04:00:00,87092.97,87940.54,86861.39,87896.51,9468.0,1800,0.0
2025-11-26 08:00:00,87899.86,87907.27,86629.99,87065.1,9106.0,1800,0.0
2025-11-26 12:00:00,87063.53,87667.47,86279.37,86944.34,19593.0,1800,0.0
2025-11-26 16:00:00,86945.24,90399.02,86929.34,89951.93,22321.0,1800,0.0
2025-11-26 20:00:00,89943.41,90625.8,89490.75,90475.17,11627.0,1800,0.0
2025-11-27 00:00:00,90473.88,91885.81,90057.73,91079.12,14637.0,1800,0.0
2025-11-27 04:00:00,91079.27,91544.57,90874.95,91395.79,9909.0,1800,0.0
2025-11-27 08:00:00,91396.1,91944.46,91205.81,91368.34,8327.0,1800,0.0
2025-11-27 12:00:00,91367.23,91445.41,90426.23,90944.38,11740.0,1800,0.0
2025-11-27 16:00:00,90940.65,91834.65,90830.47,91520.26,10687.0,1800,0.0
2025-11-27 20:00:00,91521.39,91593.15,91093.31,91321.79,7796.0,1800,0.0
2025-11-28 00:00:00,91314.77,91403.6,90639.46,91190.5,9902.0,1800,0.0
2025-11-28 04:00:00,91194.44,91704.78,90836.04,90885.3,7908.0,1800,0.0
2025-11-28 08:00:00,90883.01,92021.53,90879.23,91422.16,12500.0,1800,0.0
2025-11-28 12:00:00,91421.62,93117.92,91360.8,92361.48,20020.0,1800,0.0
2025-11-28 16:00:00,92363.57,92391.99,90213.2,91157.38,19848.0,1800,0.0
2025-11-28 20:00:00,91156.0,91273.79,90717.48,90911.65,7877.0,1800,0.0
2025-11-29 00:00:00,90908.3,91136.8,90553.99,90686.39,6251.0,1800,0.0
2025-11-29 04:00:00,90685.69,90935.78,90315.34,90577.06,6270.0,1800,0.0
2025-11-29 08:00:00,90578.32,90747.67,90392.11,90691.19,6043.0,1800,0.0
2025-11-29 12:00:00,90694.38,91134.75,90549.39,91087.01,6370.0,1800,0.0
2025-11-29 16:00:00,91092.33,91188.56,90173.48,90668.9,8774.0,1800,0.0
2025-11-29 20:00:00,90668.97,91078.2,90429.63,90827.79,6697.0,1800,0.0
2025-11-30 00:00:00,90827.85,91072.12,90481.24,90926.87,5607.0,1800,0.0
2025-11-30 04:00:00,90927.66,91056.14,90687.18,90983.92,5066.0,1800,0.0
2025-11-30 08:00:00,90981.88,91641.72,90946.62,91060.59,8241.0,1800,0.0
2025-11-30 12:00:00,91062.77,91972.24,91013.69,91450.14,9079.0,1800,0.0
2025-11-30 16:00:00,91452.64,91860.97,91137.7,91462.38,6769.0,1800,0.0
2025-11-30 20:00:00,91462.93,91626.03,90348.7,90371.36,9051.0,1800,0.0
2025-12-01 00:00:00,90370.03,90431.81,86161.65,86352.02,39104.0,1800,0.0
2025-12-01 04:00:00,86353.89,86571.48,85603.24,86535.28,15129.0,1800,0.0
2025-12-01 08:00:00,86531.2,86931.57,86115.25,86122.39,10647.0,1800,0.0
2025-12-01 12:00:00,86124.14,86656.47,83795.7,84669.41,35188.0,1800,0.0
2025-12-01 16:00:00,84670.73,85561.62,84021.04,85019.07,26961.0,1800,0.0
2025-12-01 20:00:00,85015.3,86876.9,84991.48,86280.02,18146.0,1800,0.0
2025-12-02 00:00:00,86279.0,87370.77,86181.97,86969.28,17387.0,1800,0.0
2025-12-02 04:00:00,86968.39,87277.72,86811.37,87008.74,10139.0,1800,0.0
2025-12-02 08:00:00,87006.9,87612.85,86346.96,87375.55,12284.0,1800,0.0
2025-12-02 12:00:00,87375.42,91220.59,87042.92,90852.57,31590.0,1800,0.0
2025-12-02 16:00:00,90858.54,92336.58,90212.19,91922.37,26361.0,1800,0.0
2025-12-02 20:00:00,91919.37,92040.42,90745.14,91308.82,14400.0,1800,0.0
2025-12-03 00:00:00,91309.44,93104.39,91015.16,92641.37,20803.0,1800,0.0
2025-12-03 04:00:00,92639.19,93979.42,92628.74,93019.78,20067.0,1800,0.0
2025-12-03 08:00:00,93021.63,93399.64,92669.15,93020.85,13832.0,1800,0.0
2025-12-03 12:00:00,93020.78,93712.51,91725.93,92391.72,35507.0,1800,0.0
2025-12-03 16:00:00,92392.09,93524.93,91785.34,93038.21,21412.0,1800,0.0
2025-12-03 20:00:00,93040.73,94218.46,92832.49,93453.57,16475.0,1800,0.0
2025-12-04 00:00:00,93450.66,94089.29,92681.74,93550.08,16536.0,1800,0.0
2025-12-04 04:00:00,93542.04,93597.64,92784.38,93401.04,10156.0,1800,0.0
2025-12-04 08:00:00,93407.35,93643.76,92733.98,92956.81,10904.0,1800,0.0
2025-12-04 12:00:00,92958.93,93285.54,91809.32,92992.28,24164.0,1800,0.0
2025-12-04 16:00:00,92991.5,93202.14,90886.5,91992.57,25327.0,1800,0.0
2025-12-04 20:00:00,91990.36,92742.09,91696.63,92092.67,13393.0,1800,0.0
2025-12-05 00:00:00,92093.56,92728.17,91979.5,92170.29,9438.0,1800,0.0
2025-12-05 04:00:00,92166.04,92519.26,91811.33,92279.38,8385.0,1800,0.0
2025-12-05 08:00:00,92283.65,92283.65,91004.34,91375.69,12214.0,1800,0.0
2025-12-05 12:00:00,91373.15,91499.77,89906.63,90471.82,28512.0,1800,0.0
2025-12-05 16:00:00,90471.69,90528.79,88050.58,89664.57,36265.0,1800,0.0
2025-12-05 20:00:00,89651.96,89771.55,88908.63,89335.05,11524.0,1800,0.0
2025-12-06 00:00:00,89335.47,89812.66,89044.45,89690.67,8418.0,1800,0.0
2025-12-06 04:00:00,89693.68,89780.37,89472.75,89612.23,5755.0,1800,0.0
2025-12-06 08:00:00,89612.28,89737.46,89222.67,89645.44,7348.0,1800,0.0
2025-12-06 12:00:00,89642.13,90313.39,89484.79,89775.4,8727.0,1800,0.0
2025-12-06 16:00:00,89775.32,89994.64,89256.46,89428.79,7988.0,1800,0.0
2025-12-06 20:00:00,89429.91,89641.61,88914.91,89232.21,7699.0,1800,0.0
2025-12-07 00:00:00,89258.79,89757.65,89180.53,89731.67,7104.0,1800,0.0
2025-12-07 04:00:00,89733.32,89805.82,89199.9,89387.0,5963.0,1800,0.0
2025-12-07 08:00:00,89390.6,89541.65,89054.72,89158.47,6756.0,1800,0.0
2025-12-07 12:00:00,89158.41,89737.16,87730.22,89550.36,20702.0,1800,0.0
2025-12-07 16:00:00,89546.99,91780.9,89107.83,91436.16,21037.0,1800,0.0
2025-12-07 20:00:00,91434.97,91523.98,88939.02,90396.05,20765.0,1800,0.0
2025-12-08 00:00:00,90395.58,91706.38,89843.99,91077.09,17463.0,1800,0.0
2025-12-08 04:00:00,91082.19,91887.43,91012.25,91570.77,10469.0,1800,0.0
2025-12-08 08:00:00,91573.9,92302.2,91475.05,91967.04,11070.0,1800,0.0
2025-12-08 12:00:00,91973.36,92149.77,89600.2,89955.14,27040.0,1800,0.0
2025-12-08 16:00:00,89953.28,90524.13,89659.99,90129.93,24143.0,1800,0.0
2025-12-08 20:00:00,90134.58,91396.13,90134.14,90663.31,13863.0,1800,0.0
2025-12-09 00:00:00,90663.2,90863.91,89811.21,90417.52,12783.0,1800,0.0
2025-12-09 04:00:00,90416.95,90527.77,89463.44,90488.92,10348.0,1800,0.0
2025-12-09 08:00:00,90495.05,90622.89,89905.19,90393.37,9800.0,1800,0.0
2025-12-09 12:00:00,90396.65,92899.06,89999.84,92713.26,26731.0,1800,0.0
2025-12-09 16:00:00,92701.51,94606.16,92684.92,93821.72,28599.0,1800,0.0
2025-12-09 20:00:00,93817.26,93866.74,92250.23,92688.76,17605.0,1800,0.0
2025-12-10 00:00:00,92688.84,92796.19,91966.75,92416.35,10974.0,1800,0.0
2025-12-10 04:00:00,92418.26,92803.86,92388.49,92796.3,7753.0,1800,0.0
2025-12-10 08:00:00,92797.06,93279.72,91761.34,92125.08,12735.0,1800,0.0
2025-12-10 12:00:00,92125.44,92243.15,91565.29,92066.0,18134.0,1800,0.0
2025-12-10 16:00:00,92069.67,93270.13,91667.69,92982.72,35590.0,1800,0.0
2025-12-10 20:00:00,92986.01,94505.18,91885.29,92031.12,29706.0,1800,0.0
2025-12-11 00:00:00,92026.11,92104.1,89403.3,89888.08,24533.0,1800,0.0
2025-12-11 04:00:00,89887.25,90509.89,89695.22,90285.84,11040.0,1800,0.0
2025-12-11 08:00:00,90285.24,90529.04,89978.27,90248.21,8290.0,1800,0.0
2025-12-11 12:00:00,90248.56,90664.27,89255.13,89879.93,22367.0,1800,0.0
2025-12-11 16:00:00,89878.18,91559.25,89319.72,90853.98,23650.0,1800,0.0
2025-12-11 20:00:00,90854.05,93594.17,90798.54,92544.87,23796.0,1800,0.0
2025-12-12 00:00:00,92541.94,92781.74,91469.48,92304.66,14142.0,1800,0.0
2025-12-12 04:00:00,92301.03,92744.29,92075.16,92441.33,7620.0,1800,0.0
2025-12-12 08:00:00,92440.76,92647.2,92086.23,92432.19,7828.0,1800,0.0
2025-12-12 12:00:00,92425.64,92690.15,89767.09,89942.3,24334.0,1800,0.0
2025-12-12 16:00:00,89931.69,90684.04,89473.82,90196.38,29049.0,1800,0.0
2025-12-12 20:00:00,90198.36,90402.54,89886.95,90280.67,9079.0,1800,0.0
2025-12-13 00:00:00,90282.05,90475.09,90113.46,90348.25,4308.0,1800,0.0
2025-12-13 04:00:00,90349.86,90423.92,90264.51,90342.34,3666.0,1800,0.0
2025-12-13 08:00:00,90345.64,90654.43,90291.88,90359.74,5425.0,1800,0.0
2025-12-13 12:00:00,90361.68,90494.69,89927.93,90107.73,6312.0,1800,0.0
2025-12-13 16:00:00,90111.27,90286.38,89985.71,90193.25,4807.0,1800,0.0
2025-12-13 20:00:00,90207.72,90303.86,89756.45,90256.34,6029.0,1800,0.0
2025-12-14 00:00:00,90250.22,90495.86,90131.87,90273.72,5045.0,1800,0.0
2025-12-14 04:00:00,90274.59,90353.23,90051.74,90265.33,4365.0,1800,0.0
2025-12-14 08:00:00,90258.74,90303.89,88586.29,89367.45,11348.0,1800,0.0
2025-12-14 12:00:00,89361.92,89683.86,88867.6,89020.86,13347.0,1800,0.0
2025-12-14 16:00:00,89025.31,89407.15,88495.09,88645.46,12692.0,1800,0.0
2025-12-14 20:00:00,88644.82,88833.53,87561.31,88173.21,15583.0,1800,0.0
2025-12-15 00:00:00,88165.22,90020.91,88058.73,89287.9,17727.0,1800,0.0
2025-12-15 04:00:00,89289.77,89923.24,89273.24,89743.18,9097.0,1800,0.0
2025-12-15 08:00:00,89746.65,89990.89,89573.42,89652.47,8216.0,1800,0.0
2025-12-15 12:00:00,89652.33,89880.64,86600.43,87031.77,33322.0,1800,0.0
2025-12-15 16:00:00,87034.56,87217.06,85095.95,86133.83,34527.0,1800,0.0
2025-12-15 20:00:00,86132.14,86451.95,85494.3,86406.54,15175.0,1800,0.0
2025-12-16 00:00:00,86416.47,86501.45,85356.42,85851.87,14506.0,1800,0.0
2025-12-16 04:00:00,85851.04,86602.45,85244.81,85995.5,11191.0,1800,0.0
2025-12-16 08:00:00,85996.48,87320.84,85894.15,87237.43,12748.0,1800,0.0
2025-12-16 12:00:00,87235.5,88145.47,86066.64,87953.77,39078.0,1800,0.0
2025-12-16 16:00:00,87950.66,88035.19,87034.13,87555.66,22314.0,1800,0.0
2025-12-16 20:00:00,87555.48,87924.89,87313.07,87842.14,9902.0,1800,0.0
2025-12-17 00:00:00,87838.75,87935.41,87116.56,87190.11,10199.0,1800,0.0
2025-12-17 04:00:00,87191.7,87367.81,86180.92,87015.4,12882.0,1800,0.0
2025-12-17 08:00:00,87016.34,87105.86,86195.14,86956.02,11146.0,1800,0.0
2025-12-17 12:00:00,86958.09,90358.52,86770.33,87214.89,46378.0,1800,0.0
2025-12-17 16:00:00,87203.78,87738.38,85265.35,85982.68,41641.0,1800,0.0
2025-12-17 20:00:00,85982.57,86409.85,85621.96,86199.49,13147.0,1800,0.0
2025-12-18 00:00:00,86199.62,86846.92,85816.4,86574.25,13225.0,1800,0.0
2025-12-18 04:00:00,86577.88,86859.22,86329.74,86783.01,8523.0,1800,0.0
2025-12-18 08:00:00,86781.82,87415.47,86636.85,87235.27,10465.0,1800,0.0
2025-12-18 12:00:00,87253.94,89437.64,87065.91,88456.97,43706.0,1800,0.0
2025-12-18 16:00:00,88456.78,88482.52,84426.77,84428.59,45246.0,1800,0.0
2025-12-18 20:00:00,84430.65,85798.09,84393.64,85442.47,21606.0,1800,0.0
2025-12-19 00:00:00,85442.62,87522.14,85048.98,86842.62,21591.0,1800,0.0
2025-12-19 04:00:00,86838.48,88336.78,86611.27,87893.92,17396.0,1800,0.0
2025-12-19 08:00:00,87894.05,88329.01,87667.72,88155.35,12997.0,1800,0.0
2025-12-19 12:00:00,88156.1,89358.98,87449.17,87906.2,30946.0,1800,0.0
2025-12-19 16:00:00,87903.64,88843.73,86773.98,87781.53,25487.0,1800,0.0
2025-12-19 20:00:00,87771.21,88376.61,87537.25,88091.58,12099.0,1800,0.0
2025-12-20 00:00:00,88092.02,88296.48,87909.76,88165.98,6277.0,1800,0.0
2025-12-20 04:00:00,88167.37,88551.03,88072.06,88228.34,5820.0,1800,0.0
2025-12-20 08:00:00,88228.57,88393.39,88049.08,88234.44,6209.0,1800,0.0
2025-12-20 12:00:00,88233.73,88310.27,87753.01,88132.74,7454.0,1800,0.0
2025-12-20 16:00:00,88133.92,88384.53,88050.19,88187.39,4904.0,1800,0.0
2025-12-20 20:00:00,88184.53,88424.05,88111.32,88316.14,5489.0,1800,0.0
2025-12-21 00:00:00,88316.33,88398.24,87823.76,88040.83,6333.0,1800,0.0
2025-12-21 04:00:00,88042.43,88182.59,88005.55,88140.54,4823.0,1800,0.0
2025-12-21 08:00:00,88140.44,89046.27,88098.69,88567.23,10428.0,1800,0.0
2025-12-21 12:00:00,88566.75,88892.58,87547.34,88042.2,16839.0,1800,0.0
2025-12-21 16:00:00,88036.38,88597.59,87908.76,88455.45,8769.0,1800,0.0
2025-12-21 20:00:00,88455.36,88793.58,88060.35,88630.96,8370.0,1800,0.0
2025-12-22 00:00:00,88638.53,89596.56,87859.49,88734.92,21637.0,1800,0.0
2025-12-22 04:00:00,88736.66,89180.54,88670.13,89127.31,9948.0,1800,0.0
2025-12-22 08:00:00,89125.74,90086.6,89050.78,89899.24,14360.0,1800,0.0
2025-12-22 12:00:00,89900.12,90574.22,89127.25,89701.25,28262.0,1800,0.0
2025-12-22 16:00:00,89704.18,90097.19,87905.13,88007.02,18368.0,1800,0.0
2025-12-22 20:00:00,88005.52,88798.58,87858.85,88560.4,11847.0,1800,0.0
2025-12-23 00:00:00,88563.43,88887.84,87718.91,88108.89,12151.0,1800,0.0
2025-12-23 04:00:00,88111.06,88325.19,86961.55,87507.61,13270.0,1800,0.0
2025-12-23 08:00:00,87508.03,87831.79,87224.59,87802.1,8019.0,1800,0.0
2025-12-23 12:00:00,87802.56,87908.99,86528.0,87389.49,21054.0,1800,0.0
2025-12-23 16:00:00,87387.31,88240.49,87100.1,87691.55,18613.0,1800,0.0
2025-12-23 20:00:00,87688.97,88319.71,87118.22,87437.03,11460.0,1800,0.0
2025-12-24 00:00:00,87437.78,87779.2,86790.56,87282.16,11051.0,1800,0.0
2025-12-24 04:00:00,87282.05,87402.49,86716.77,86848.46,7726.0,1800,0.0
2025-12-24 08:00:00,86848.91,87296.79,86654.9,87143.66,7281.0,1800,0.0
2025-12-24 12:00:00,87145.92,87436.46,86352.47,86975.34,16056.0,1800,0.0
2025-12-24 16:00:00,86970.2,87625.19,86841.86,87492.85,11957.0,1800,0.0
2025-12-24 20:00:00,87492.29,88001.75,87456.92,87610.26,6629.0,1800,0.0
2025-12-25 00:00:00,87610.33,87901.63,87437.17,87781.8,6927.0,1800,0.0
2025-12-25 04:00:00,87782.61,87814.0,87583.96,87775.34,4897.0,1800,0.0
2025-12-25 08:00:00,87774.52,87835.84,87189.5,87448.41,7353.0,1800,0.0
2025-12-25 12:00:00,87454.84,88548.48,87338.38,88310.93,9705.0,1800,0.0
2025-12-25 16:00:00,88314.84,88419.04,87918.88,88091.31,7972.0,1800,0.0
2025-12-25 20:00:00,88083.88,88114.37,86891.51,87166.93,10650.0,1800,0.0
2025-12-26 00:00:00,87164.76,89381.04,86816.59,88761.7,19929.0,1800,0.0
2025-12-26 04:00:00,88760.75,89510.63,88264.34,88395.24,10881.0,1800,0.0
2025-12-26 08:00:00,88395.49,88860.72,88344.47,88475.5,9286.0,1800,0.0
2025-12-26 12:00:00,88473.99,89003.17,86583.02,87066.09,22833.0,1800,0.0
2025-12-26 16:00:00,87069.85,87520.11,86724.12,87423.8,13121.0,1800,0.0
2025-12-26 20:00:00,87423.94,87718.3,87231.29,87286.72,7293.0,1800,0.0
2025-12-27 00:00:00,87283.45,87466.73,87156.98,87446.52,5253.0,1800,0.0
2025-12-27 04:00:00,87447.99,87648.21,87343.25,87470.14,4345.0,1800,0.0
2025-12-27 08:00:00,87477.49,87612.57,87304.21,87423.55,5136.0,1800,0.0
2025-12-27 12:00:00,87425.8,87539.8,87244.65,87503.7,4823.0,1800,0.0
2025-12-27 16:00:00,87506.81,87530.27,87383.84,87510.21,4248.0,1800,0.0
2025-12-27 20:00:00,87510.31,87935.89,87429.93,87823.21,5824.0,1800,0.0
2025-12-28 00:00:00,87798.88,87890.89,87641.44,87658.85,4947.0,1800,0.0
2025-12-28 04:00:00,87655.58,87764.11,87534.07,87656.13,4467.0,1800,0.0
2025-12-28 08:00:00,87666.07,87944.11,87646.08,87807.8,5358.0,1800,0.0
2025-12-28 12:00:00,87807.96,88033.28,87714.53,87773.28,5305.0,1800,0.0
2025-12-28 16:00:00,87774.25,87860.65,87414.41,87446.57,5859.0,1800,0.0
2025-12-28 20:00:00,87447.17,87985.46,87352.49,87878.3,6328.0,1800,0.0
2025-12-29 00:00:00,87870.04,90076.08,87726.26,90021.88,17922.0,1800,0.0
2025-12-29 04:00:00,90009.68,90321.29,89389.45,89510.45,10115.0,1800,0.0
2025-12-29 08:00:00,89510.59,89722.35,87441.33,87448.05,13730.0,1800,0.0
2025-12-29 12:00:00,87458.76,88086.39,86681.38,87584.48,22392.0,1800,0.0
2025-12-29 16:00:00,87582.65,87907.49,87194.59,87251.16,12320.0,1800,0.0
2025-12-29 20:00:00,87249.33,87489.46,86952.37,87107.53,7507.0,1800,0.0
2025-12-30 00:00:00,87107.65,87320.74,86708.87,87253.47,9228.0,1800,0.0
2025-12-30 04:00:00,87253.38,87510.44,87027.07,87377.6,6728.0,1800,0.0
2025-12-30 08:00:00,87375.31,88112.03,87370.75,87793.28,10684.0,1800,0.0
2025-12-30 12:00:00,87797.18,89071.67,87706.66,88912.13,18930.0,1800,0.0
2025-12-30 16:00:00,88913.47,89313.02,87869.98,88139.58,14951.0,1800,0.0
2025-12-30 20:00:00,88136.49,88485.01,87772.56,88408.99,7713.0,1800,0.0
2025-12-31 00:00:00,88408.89,88710.4,88063.45,88333.7,9055.0,1800,0.0
2025-12-31 04:00:00,88329.79,88531.65,88202.25,88497.59,6067.0,1800,0.0
2025-12-31 08:00:00,88497.5,88938.96,88270.97,88903.41,7358.0,1800,0.0
2025-12-31 12:00:00,88900.21,89123.52,87661.48,87832.9,14924.0,1800,0.0
2025-12-31 16:00:00,87833.92,87934.39,87263.24,87391.93,12274.0,1800,0.0
2025-12-31 20:00:00,87386.5,87747.34,87077.42,87507.73,6888.0,1800,0.0
2026-01-01 00:00:00,87507.82,87942.1,87489.55,87704.59,5583.0,1800,0.0
2026-01-01 04:00:00,87704.5,87711.39,87380.62,87484.42,4571.0,1800,0.0
2026-01-01 08:00:00,87477.63,87886.41,87456.93,87874.48,4918.0,1800,0.0
2026-01-01 12:00:00,87876.18,88008.18,87687.0,87914.24,5719.0,1800,0.0
2026-01-01 16:00:00,87914.34,88396.38,87755.81,88275.66,6846.0,1800,0.0
2026-01-01 20:00:00,88275.25,88800.64,88108.68,88733.79,6635.0,1800,0.0
2026-01-02 00:00:00,88733.95,89027.14,88254.03,88839.69,9051.0,1800,0.0
2026-01-02 04:00:00,88841.29,88989.92,88460.13,88762.52,6449.0,1800,0.0
2026-01-02 08:00:00,88764.02,89843.11,88702.0,89411.25,10707.0,1800,0.0
2026-01-02 12:00:00,89408.62,90095.48,88388.55,89352.7,23781.0,1800,0.0
2026-01-02 16:00:00,89344.7,90942.72,89131.06,89855.2,26622.0,1800,0.0
2026-01-02 20:00:00,89854.4,90371.97,89567.29,89955.16,9916.0,1800,0.0
2026-01-03 00:00:00,89947.1,90369.73,89923.32,90282.32,6553.0,1800,0.0
2026-01-03 04:00:00,90283.58,90451.94,89264.09,89531.98,7824.0,1800,0.0
2026-01-03 08:00:00,89533.58,89949.41,89388.23,89697.57,7893.0,1800,0.0
2026-01-03 12:00:00,89697.79,90192.08,89601.67,89921.58,6852.0,1800,0.0
2026-01-03 16:00:00,89929.87,90169.01,89854.48,90078.42,5656.0,1800,0.0
2026-01-03 20:00:00,90078.31,90694.22,89960.35,90582.25,7064.0,1800,0.0
2026-01-04 00:00:00,90581.29,91585.66,90581.29,91195.42,12002.0,1800,0.0
2026-01-04 04:00:00,91189.64,91779.69,91138.81,91471.66,8812.0,1800,0.0
2026-01-04 08:00:00,91471.76,91586.59,91103.58,91267.1,8849.0,1800,0.0
2026-01-04 12:00:00,91266.56,91370.18,90979.95,91283.21,8473.0,1800,0.0
2026-01-04 16:00:00,91282.52,91424.21,90798.45,91109.04,8187.0,1800,0.0
2026-01-04 20:00:00,91109.14,91565.0,91079.87,91488.4,8354.0,1800,0.0
2026-01-05 00:00:00,91485.09,93370.81,91465.83,92837.49,19434.0,1800,0.0
2026-01-05 04:00:00,92829.0,92923.95,92087.9,92479.47,8917.0,1800,0.0
2026-01-05 08:00:00,92481.94,93107.84,92266.91,93074.53,9374.0,1800,0.0
2026-01-05 12:00:00,93082.17,94009.48,92355.51,93921.03,22907.0,1800,0.0
2026-01-05 16:00:00,93921.09,94515.18,93227.08,94282.66,18635.0,1800,0.0
2026-01-05 20:00:00,94283.2,94815.18,93802.45,93870.79,11810.0,1800,0.0
2026-01-06 00:00:00,93872.83,94170.87,93509.01,93752.82,10006.0,1800,0.0
2026-01-06 04:00:00,93754.29,93998.21,93095.98,93217.32,8834.0,1800,0.0
2026-01-06 08:00:00,93216.01,93875.08,93127.07,93812.74,7965.0,1800,0.0
2026-01-06 12:00:00,93813.75,94432.22,93313.22,93616.49,19171.0,1800,0.0
2026-01-06 16:00:00,93606.01,93744.87,91198.07,92030.09,24084.0,1800,0.0
2026-01-06 20:00:00,92030.01,93806.9,92030.01,93713.26,14980.0,1800,0.0
2026-01-07 00:00:00,93713.13,93718.02,92178.48,92758.77,12939.0,1800,0.0
2026-01-07 04:00:00,92759.51,92871.25,92432.26,92820.09,7915.0,1800,0.0
2026-01-07 08:00:00,92817.93,92911.12,91514.26,92004.22,11029.0,1800,0.0
2026-01-07 12:00:00,92006.95,92214.33,90952.76,91266.47,21459.0,1800,0.0
2026-01-07 16:00:00,91268.72,91715.77,90578.65,91082.82,16647.0,1800,0.0
2026-01-07 20:00:00,91083.0,91408.63,90675.32,91279.41,10889.0,1800,0.0
2026-01-08 00:00:00,91284.59,91604.46,90497.56,90713.59,10952.0,1800,0.0
2026-01-08 04:00:00,90713.32,91079.74,89515.02,90419.73,13351.0,1800,0.0
2026-01-08 08:00:00,90423.92,90658.13,89655.54,90094.45,11748.0,1800,0.0
2026-01-08 12:00:00,90101.07,90737.31,89177.15,90674.11,22538.0,1800,0.0
2026-01-08 16:00:00,90671.36,91402.77,90212.39,90859.87,16472.0,1800,0.0
2026-01-08 20:00:00,90859.77,91415.21,90476.21,91025.51,10033.0,1800,0.0
2026-01-09 00:00:00,91025.85,91573.54,90758.16,91120.05,10454.0,1800,0.0
2026-01-09 04:00:00,91118.69,91142.66,90632.17,90650.79,7530.0,1800,0.0
2026-01-09 08:00:00,90652.71,90747.93,89586.13,90332.48,11232.0,1800,0.0
2026-01-09 12:00:00,90332.57,91945.94,89744.04,91075.8,24622.0,1800,0.0
2026-01-09 16:00:00,91079.13,91691.01,90072.12,90218.28,18427.0,1800,0.0
2026-01-09 20:00:00,90218.12,90606.74,90003.64,90513.2,9107.0,1800,0.0
2026-01-10 00:00:00,90509.16,90657.06,90382.78,90501.74,5606.0,1800,0.0
2026-01-10 04:00:00,90502.76,90560.97,90265.06,90540.17,4950.0,1800,0.0
2026-01-10 08:00:00,90537.17,90710.07,90487.9,90605.28,5634.0,1800,0.0
2026-01-10 12:00:00,90605.2,90667.14,90405.68,90535.43,4472.0,1800,0.0
2026-01-10 16:00:00,90517.53,90617.9,90377.61,90497.33,3561.0,1800,0.0
2026-01-10 20:00:00,90499.11,90535.41,90271.83,90388.59,4261.0,1800,0.0
2026-01-11 00:00:00,90388.42,90621.75,90324.78,90616.16,4509.0,1800,0.0
2026-01-11 04:00:00,90606.6,90727.35,90462.4,90576.78,3793.0,1800,0.0
2026-01-11 08:00:00,90585.39,90698.01,90483.87,90632.76,4351.0,1800,0.0
2026-01-11 12:00:00,90638.56,91071.14,90575.11,90738.39,6595.0,1800,0.0
2026-01-11 16:00:00,90747.33,91166.78,90524.03,90546.07,6331.0,1800,0.0
2026-01-11 20:00:00,90548.1,90916.19,90091.61,90874.94,9265.0,1800,0.0
2026-01-12 00:00:00,90863.16,92400.18,90550.41,91683.1,17884.0,1800,0.0
2026-01-12 04:00:00,91686.5,92162.87,91255.2,91285.27,8736.0,1800,0.0
2026-01-12 08:00:00,91283.7,91507.65,90231.43,90485.92,12298.0,1800,0.0
2026-01-12 12:00:00,90486.02,91588.29,89998.41,91566.01,18193.0,1800,0.0
2026-01-12 16:00:00,91566.04,92251.26,90947.36,91786.6,18006.0,1800,0.0
2026-01-12 20:00:00,91789.44,91981.27,90844.44,91193.84,9049.0,1800,0.0
2026-01-13 00:00:00,91187.84,91458.28,90929.07,91308.28,7841.0,1800,0.0
2026-01-13 04:00:00,91309.85,92185.96,91238.4,91829.84,9953.0,1800,0.0
2026-01-13 08:00:00,91830.79,92599.57,91815.76,91908.35,9729.0,1800,0.0
2026-01-13 12:00:00,91910.44,93406.17,91677.09,93406.17,22277.0,1800,0.0
2026-01-13 16:00:00,93410.39,94223.5,93012.5,94207.93,18540.0,1800,0.0
2026-01-13 20:00:00,94207.8,96730.1,94043.25,95376.07,22009.0,1800,0.0
2026-01-14 00:00:00,95376.5,95678.95,95081.66,95663.31,11410.0,1800,0.0
2026-01-14 04:00:00,95664.1,95758.58,94420.46,95172.67,10597.0,1800,0.0
2026-01-14 08:00:00,95169.19,95302.23,94690.16,94763.03,9431.0,1800,0.0
2026-01-14 12:00:00,94763.1,97102.31,94634.4,96757.3,23479.0,1800,0.0
2026-01-14 16:00:00,96757.4,97825.05,96223.73,97265.07,22351.0,1800,0.0
2026-01-14 20:00:00,97266.57,97968.49,96766.48,96955.27,13951.0,1800,0.0
2026-01-15 00:00:00,96955.15,97003.62,95744.56,95944.02,12896.0,1800,0.0
2026-01-15 04:00:00,95944.89,96746.18,95906.86,96630.06,10210.0,1800,0.0
2026-01-15 08:00:00,96627.35,97179.39,96269.14,96566.57,9086.0,1800,0.0
2026-01-15 12:00:00,96564.91,97128.98,95402.44,96731.61,22341.0,1800,0.0
2026-01-15 16:00:00,96729.31,97041.53,95095.24,95474.68,19230.0,1800,0.0
2026-01-15 20:00:00,95472.16,95849.28,95092.85,95587.59,9323.0,1800,0.0
2026-01-16 00:00:00,95590.0,95832.95,95277.12,95313.55,7318.0,1800,0.0
2026-01-16 04:00:00,95313.13,95800.32,95117.85,95624.11,7638.0,1800,0.0
2026-01-16 08:00:00,95625.15,95818.78,95217.99,95389.97,6459.0,1800,0.0
2026-01-16 12:00:00,95389.14,95767.7,94231.71,94538.49,17376.0,1800,0.0
2026-01-16 16:00:00,94542.7,95180.76,94451.56,94947.34,12174.0,1800,0.0
2026-01-16 20:00:00,94948.94,95577.71,94627.58,95504.69,7719.0,1800,0.0
2026-01-17 00:00:00,95501.68,95540.22,95138.61,95313.69,4523.0,1800,0.0
2026-01-17 04:00:00,95314.79,95346.6,95008.52,95063.72,4036.0,1800,0.0
2026-01-17 08:00:00,95061.41,95296.34,94980.15,95288.01,4492.0,1800,0.0
2026-01-17 12:00:00,95281.3,95633.01,95152.51,95540.47,5500.0,1800,0.0
2026-01-17 16:00:00,95540.29,95540.29,95171.82,95263.94,4955.0,1800,0.0
2026-01-17 20:00:00,95263.89,95373.17,95005.68,95118.69,4582.0,1800,0.0
2026-01-18 00:00:00,95118.55,95201.67,94825.48,95145.24,5386.0,1800,0.0
2026-01-18 04:00:00,95146.54,95231.45,94979.37,94992.23,4459.0,1800,0.0
2026-01-18 08:00:00,94992.38,95254.73,94976.71,95127.93,4832.0,1800,0.0
2026-01-18 12:00:00,95133.31,95317.62,94857.33,95063.07,5357.0,1800,0.0
2026-01-18 16:00:00,95063.18,95494.32,95027.91,95335.3,6102.0,1800,0.0
2026-01-18 20:00:00,95333.78,95496.35,93565.6,93639.75,11132.0,1800,0.0
2026-01-19 00:00:00,93639.83,93639.83,91858.97,92654.41,26488.0,1800,0.0
2026-01-19 04:00:00,92649.79,92801.55,92341.32,92781.82,7666.0,1800,0.0
2026-01-19 08:00:00,92784.36,93316.61,92637.49,93137.83,8344.0,1800,0.0
2026-01-19 12:00:00,93140.26,93174.83,92641.31,93001.23,8338.0,1800,0.0
2026-01-19 16:00:00,93002.66,93367.47,92868.92,93047.25,7014.0,1800,0.0
2026-01-19 20:00:00,93054.29,93298.92,92082.79,92570.84,8283.0,1800,0.0
2026-01-20 00:00:00,92562.82,92808.2,92176.25,92363.63,9317.0,1800,0.0
2026-01-20 04:00:00,92368.82,92404.52,90669.29,91078.61,15909.0,1800,0.0
2026-01-20 08:00:00,91079.05,91365.51,90556.88,91136.82,10370.0,1800,0.0
2026-01-20 12:00:00,91141.89,91301.89,89751.98,90577.02,24133.0,1800,0.0
2026-01-20 16:00:00,90576.16,90890.3,89175.93,89600.75,19865.0,1800,0.0
2026-01-20 20:00:00,89600.54,89729.05,87696.18,88322.47,16819.0,1800,0.0
2026-01-21 00:00:00,88323.65,89494.65,88133.82,89318.21,11689.0,1800,0.0
2026-01-21 04:00:00,89318.89,90010.21,88978.02,89100.97,8525.0,1800,0.0
2026-01-21 08:00:00,89100.26,89387.8,88574.73,88695.98,8922.0,1800,0.0
2026-01-21 12:00:00,88690.03,90500.8,88045.52,90196.18,30092.0,1800,0.0
2026-01-21 16:00:00,90204.87,90386.85,87167.72,90280.58,41434.0,1800,0.0
2026-01-21 20:00:00,90278.56,90319.74,89270.77,89358.62,15603.0,1800,0.0
2026-01-22 00:00:00,89358.71,90272.89,89358.71,89800.25,10482.0,1800,0.0
2026-01-22 04:00:00,89797.96,90128.45,89697.36,89729.95,6902.0,1800,0.0
2026-01-22 08:00:00,89731.9,90073.4,89656.49,89840.68,7144.0,1800,0.0
2026-01-22 12:00:00,89847.09,90247.47,88410.38,88898.23,21939.0,1800,0.0
2026-01-22 16:00:00,88899.01,89844.16,88573.39,89683.86,19175.0,1800,0.0
2026-01-22 20:00:00,89685.55,89872.27,89037.94,89470.07,8930.0,1800,0.0
2026-01-23 00:00:00,89470.71,89898.09,89346.74,89827.54,7001.0,1800,0.0
2026-01-23 04:00:00,89828.24,89992.72,89284.04,89419.48,7863.0,1800,0.0
2026-01-23 08:00:00,89419.89,89514.68,88732.41,89092.12,9119.0,1800,0.0
2026-01-23 12:00:00,89091.24,89771.65,88442.52,89642.28,17601.0,1800,0.0
2026-01-23 16:00:00,89642.15,91132.01,89364.22,89886.26,22368.0,1800,0.0
2026-01-23 20:00:00,89881.55,90064.25,89097.11,89484.24,9923.0,1800,0.0
2026-01-24 00:00:00,89486.07,89794.71,89297.92,89642.85,4836.0,1800,0.0
2026-01-24 04:00:00,89643.45,89738.23,89426.86,89478.83,3636.0,1800,0.0
2026-01-24 08:00:00,89476.6,89547.82,89433.11,89448.84,3013.0,1800,0.0
2026-01-24 12:00:00,89448.98,89462.02,89031.52,89144.2,4579.0,1800,0.0
2026-01-24 16:00:00,89147.71,89318.48,89018.67,89190.89,3984.0,1800,0.0
2026-01-24 20:00:00,89190.97,89351.23,89065.94,89092.8,3533.0,1800,0.0
2026-01-25 00:00:00,89092.6,89180.68,88695.73,88809.02,4620.0,1800,0.0
2026-01-25 04:00:00,88810.86,88952.0,88499.09,88525.02,4939.0,1800,0.0
2026-01-25 08:00:00,88524.85,88621.52,87979.9,88426.68,6680.0,1800,0.0
2026-01-25 12:00:00,88430.0,88859.41,88233.06,88331.21,7168.0,1800,0.0
2026-01-25 16:00:00,88326.14,88335.98,86073.33,86407.79,25154.0,1800,0.0
2026-01-25 20:00:00,86407.82,86920.92,85962.61,86569.01,15594.0,1800,0.0
2026-01-26 00:00:00,86567.91,87856.2,86401.16,87156.97,14374.0,1800,0.0
2026-01-26 04:00:00,87151.99,87984.86,87105.21,87905.69,9095.0,1800,0.0
2026-01-26 08:00:00,87906.52,88296.57,87488.4,87749.86,8110.0,1800,0.0
2026-01-26 12:00:00,87748.69,88782.38,87236.0,87553.27,20071.0,1800,0.0
2026-01-26 16:00:00,87555.34,88450.61,86916.22,87913.25,16428.0,1800,0.0
2026-01-26 20:00:00,87910.23,88582.14,87439.4,88242.0,8749.0,1800,0.0
2026-01-27 00:00:00,88243.23,88801.52,88097.31,88677.44,7616.0,1800,0.0
2026-01-27 04:00:00,88672.06,88912.72,88159.16,88219.27,6373.0,1800,0.0
2026-01-27 08:00:00,88218.73,88295.01,87610.05,87861.97,6955.0,1800,0.0
2026-01-27 12:00:00,87859.71,88339.41,87431.67,87911.97,14568.0,1800,0.0
2026-01-27 16:00:00,87911.49,88712.06,87184.85,88293.51,21155.0,1800,0.0
2026-01-27 20:00:00,88292.1,89430.63,88250.95,89126.74,12966.0,1800,0.0
2026-01-28 00:00:00,89125.41,89383.16,88848.7,88994.51,8045.0,1800,0.0
2026-01-28 04:00:00,88994.79,89278.31,88706.89,89012.06,7398.0,1800,0.0
2026-01-28 08:00:00,89007.98,90042.97,88732.1,89950.3,10235.0,1800,0.0
2026-01-28 12:00:00,89949.81,90372.48,88766.68,89353.91,19235.0,1800,0.0
2026-01-28 16:00:00,89356.22,90493.11,88883.1,89274.27,21769.0,1800,0.0
2026-01-28 20:00:00,89271.91,89780.66,88721.13,89160.41,11270.0,1800,0.0
2026-01-29 00:00:00,89159.3,89219.22,87557.11,87902.4,14554.0,1800,0.0
2026-01-29 04:00:00,87895.57,88293.51,87757.93,88220.47,6698.0,1800,0.0
2026-01-29 08:00:00,88217.59,88357.15,87591.31,87682.23,7859.0,1800,0.0
2026-01-29 12:00:00,87682.35,88030.83,84220.0,84796.32,24733.0,1800,0.0
2026-01-29 16:00:00,84797.91,85500.36,83223.37,83847.65,30749.0,1800,0.0
2026-01-29 20:00:00,83854.39,84605.4,83646.9,84508.57,10401.0,1800,0.0
2026-01-30 00:00:00,84505.36,84604.17,80936.55,82547.53,35457.0,1800,0.0
2026-01-30 04:00:00,82547.01,83209.42,81919.52,82655.27,14622.0,1800,0.0
2026-01-30 08:00:00,82652.59,83173.41,82008.6,83007.17,14922.0,1800,0.0
2026-01-30 12:00:00,83008.84,83682.62,82234.56,82757.83,29131.0,1800,0.0
2026-01-30 16:00:00,82756.92,84520.91,81731.29,84122.25,39804.0,1800,0.0
2026-01-30 20:00:00,84126.77,84359.47,83400.24,84106.75,19078.0,1800,0.0
2026-01-31 00:00:00,84107.55,84147.83,83666.17,83875.52,7092.0,1800,0.0
2026-01-31 04:00:00,83874.59,83997.61,83243.2,83404.61,6475.0,1800,0.0
2026-01-31 08:00:00,83402.9,83483.29,82426.17,82874.06,13203.0,1800,0.0
2026-01-31 12:00:00,82871.24,83005.11,80677.91,81179.63,29349.0,1800,0.0
2026-01-31 16:00:00,81179.87,82104.11,75480.52,77633.35,85965.0,1800,0.0
2026-01-31 20:00:00,77636.05,79138.99,76967.36,78630.97,29278.0,1800,0.0
2026-02-01 00:00:00,78654.77,79349.55,78189.36,78780.05,19330.0,1800,0.0
2026-02-01 04:00:00,78789.09,79053.81,77871.88,78278.87,12946.0,1800,0.0
2026-02-01 08:00:00,78278.75,79160.78,78060.3,78687.69,14396.0,1800,0.0
2026-02-01 12:00:00,78682.18,78701.42,76702.94,77534.8,29038.0,1800,0.0
2026-02-01 16:00:00,77525.61,78391.41,76907.21,77088.38,27587.0,1800,0.0
2026-02-01 20:00:00,77090.18,77715.83,75614.29,76898.99,43918.0,1800,0.0
2026-02-02 00:00:00,76897.98,78078.31,74524.91,76214.37,60019.0,1800,0.0
2026-02-02 04:00:00,76214.9,76877.25,74817.04,76564.26,53933.0,1800,0.0
2026-02-02 08:00:00,76561.21,77891.03,76517.84,77672.9,24881.0,1800,0.0
2026-02-02 12:00:00,77676.14,79317.84,77496.46,78815.68,41369.0,1800,0.0
2026-02-02 16:00:00,78813.01,79268.24,78210.39,78281.21,25162.0,1800,0.0
2026-02-02 20:00:00,78278.83,78910.45,77810.09,78664.72,15352.0,1800,0.0
2026-02-03 00:00:00,78662.85,79132.8,77570.31,78679.81,18936.0,1800,0.0
2026-02-03 04:00:00,78673.78,78926.22,77870.99,78711.28,14648.0,1800,0.0
2026-02-03 08:00:00,78713.04,79021.21,77861.62,78004.02,16669.0,1800,0.0
2026-02-03 12:00:00,78003.26,78387.03,76969.25,78059.27,34063.0,1800,0.0
2026-02-03 16:00:00,78060.6,78067.93,72845.98,74830.98,60804.0,1800,0.0
2026-02-03 20:00:00,74829.27,76872.72,74488.33,75658.95,31865.0,1800,0.0
2026-02-04 00:00:00,75658.69,76893.35,75350.96,76603.02,19850.0,1800,0.0
2026-02-04 04:00:00,76603.45,76747.3,76009.74,76407.8,11091.0,1800,0.0
2026-02-04 08:00:00,76410.5,76501.98,75546.69,75910.29,15683.0,1800,0.0
2026-02-04 12:00:00,75910.36,76161.19,73679.08,74016.77,48429.0,1800,0.0
2026-02-04 16:00:00,74019.33,74128.08,71984.03,73769.55,66185.0,1800,0.0
2026-02-04 20:00:00,73767.04,73999.66,71695.75,72997.13,31760.0,1800,0.0
2026-02-05 00:00:00,72995.31,73180.92,71013.81,71087.45,45252.0,1800,0.0
2026-02-05 04:00:00,71088.72,71495.89,69983.22,70593.79,41425.0,1800,0.0
2026-02-05 08:00:00,70596.48,71847.81,69789.64,70186.53,32946.0,1800,0.0
2026-02-05 12:00:00,70188.03,70760.14,66552.19,67369.11,87141.0,1800,0.0
2026-02-05 16:00:00,67371.79,68552.91,65044.06,65123.52,91354.0,1800,0.0
2026-02-05 20:00:00,65126.12,65563.39,62111.7,62790.78,114729.0,1800,0.0
2026-02-06 00:00:00,62791.15,65929.61,59781.05,64081.36,120498.0,1800,0.0
2026-02-06 04:00:00,64077.13,66726.99,63875.25,64767.68,44149.0,1800,0.0
2026-02-06 08:00:00,64764.23,66703.42,64390.81,66537.83,35906.0,1800,0.0
2026-02-06 12:00:00,66534.84,69157.4,66016.19,68605.7,62176.0,1800,0.0
2026-02-06 16:00:00,68603.34,71464.52,68387.26,70657.55,56280.0,1800,0.0
2026-02-06 20:00:00,70659.43,71689.21,69775.39,70521.16,31206.0,1800,0.0
2026-02-07 00:00:00,70521.24,70894.6,69660.03,70878.85,25689.0,1800,0.0
2026-02-07 04:00:00,70880.75,71657.79,67273.51,68046.81,42499.0,1800,0.0
2026-02-07 08:00:00,68044.09,68778.12,67542.16,67925.4,24489.0,1800,0.0
2026-02-07 12:00:00,67918.88,69943.32,67849.09,69085.44,35867.0,1800,0.0
2026-02-07 16:00:00,69089.22,69845.14,68485.34,69324.85,33740.0,1800,0.0
2026-02-07 20:00:00,69309.08,69678.79,68724.45,69240.36,12626.0,1800,0.0
2026-02-08 00:00:00,69243.12,69650.35,68834.84,69049.8,13623.0,1800,0.0
2026-02-08 04:00:00,69048.81,69661.12,68908.92,69641.05,9402.0,1800,0.0
2026-02-08 08:00:00,69642.07,71159.94,69453.13,70931.15,23374.0,1800,0.0
2026-02-08 12:00:00,70927.13,71514.28,70638.67,71130.39,19609.0,1800,0.0
2026-02-08 16:00:00,71122.73,71474.07,70196.38,71375.57,18867.0,1800,0.0
2026-02-08 20:00:00,71373.05,72251.67,69922.74,70273.38,26354.0,1800,0.0
2026-02-09 00:00:00,70271.0,71388.92,69999.4,71236.72,28812.0,1800,0.0
2026-02-09 04:00:00,71231.54,71290.42,70229.55,70368.45,15457.0,1800,0.0
2026-02-09 08:00:00,70367.89,70556.08,68344.51,68863.51,25398.0,1800,0.0
2026-02-09 12:00:00,68865.75,69827.28,68230.95,69527.43,37715.0,1800,0.0
2026-02-09 16:00:00,69524.69,71040.64,69036.53,70914.65,33381.0,1800,0.0
2026-02-09 20:00:00,70913.39,71091.85,69770.81,70102.59,16774.0,1800,0.0
2026-02-10 00:00:00,70102.82,70499.83,69152.03,69458.88,16421.0,1800,0.0
2026-02-10 04:00:00,69458.32,69866.04,68620.03,68862.01,16187.0,1800,0.0
2026-02-10 08:00:00,68862.85,69349.62,68383.02,68459.49,13512.0,1800,0.0
2026-02-10 12:00:00,68459.82,69536.42,67852.79,69242.7,37932.0,1800,0.0
2026-02-10 16:00:00,69239.89,69962.81,68551.06,69019.1,30060.0,1800,0.0
2026-02-10 20:00:00,69020.38,69102.51,68300.05,68795.71,13993.0,1800,0.0
2026-02-11 00:00:00,68795.62,69247.46,67954.78,68136.13,14085.0,1800,0.0
2026-02-11 04:00:00,68126.95,68278.83,66498.57,66983.0,25155.0,1800,0.0
2026-02-11 08:00:00,66981.41,67085.69,66333.83,67023.1,17066.0,1800,0.0
2026-02-11 12:00:00,67016.87,68813.02,65706.13,66480.71,55591.0,1800,0.0
2026-02-11 16:00:00,66476.3,67813.95,65818.42,67531.79,38847.0,1800,0.0
2026-02-11 20:00:00,67530.59,68293.08,66726.75,67019.76,19606.0,1800,0.0
2026-02-12 00:00:00,67028.19,67995.31,66990.63,67523.21,16154.0,1800,0.0
2026-02-12 04:00:00,67524.13,67637.31,66605.74,67158.27,14854.0,1800,0.0
2026-02-12 08:00:00,67155.66,68252.94,66837.75,68024.16,15570.0,1800,0.0
2026-02-12 12:00:00,68021.61,68381.16,66957.87,67086.4,34121.0,1800,0.0
2026-02-12 16:00:00,67093.4,67201.06,65061.37,65739.99,50367.0,1800,0.0
2026-02-12 20:00:00,65741.04,66424.73,65142.1,66210.65,18199.0,1800,0.0
2026-02-13 00:00:00,66210.59,66756.48,65795.99,66497.36,15110.0,1800,0.0
2026-02-13 04:00:00,66492.0,66621.35,65942.19,66141.36,12928.0,1800,0.0
2026-02-13 08:00:00,66141.58,67173.67,66117.34,67113.09,15452.0,1800,0.0
2026-02-13 12:00:00,67112.44,69274.72,66808.25,68638.75,43380.0,1800,0.0
2026-02-13 16:00:00,68639.84,69438.79,68488.31,68894.54,29118.0,1800,0.0
2026-02-13 20:00:00,68900.63,69049.15,68632.26,68807.78,12503.0,1800,0.0
2026-02-14 00:00:00,68813.33,69108.94,68713.93,68936.58,7341.0,1800,0.0
2026-02-14 04:00:00,68932.41,69299.98,68683.42,69174.16,6365.0,1800,0.0
2026-02-14 08:00:00,69170.41,70550.49,69164.1,70453.14,14233.0,1800,0.0
2026-02-14 12:00:00,70449.3,70492.5,69167.45,69767.01,16392.0,1800,0.0
2026-02-14 16:00:00,69765.03,69896.67,69257.6,69847.02,11832.0,1800,0.0
2026-02-14 20:00:00,69841.14,70223.82,69623.29,69789.48,10146.0,1800,0.0
2026-02-15 00:00:00,69790.09,69958.68,69202.18,69923.12,12293.0,1800,0.0
2026-02-15 04:00:00,69925.13,70855.65,69916.94,70787.68,12012.0,1800,0.0
2026-02-15 08:00:00,70783.0,70936.99,70127.09,70256.08,11410.0,1800,0.0
2026-02-15 12:00:00,70254.25,70387.79,68729.69,69060.98,18903.0,1800,0.0
2026-02-15 16:00:00,69058.34,69064.14,68024.18,68237.85,17834.0,1800,0.0
2026-02-15 20:00:00,68238.27,69040.16,68074.17,68789.18,12203.0,1800,0.0
2026-02-16 00:00:00,68787.24,69024.13,68106.06,68383.36,12227.0,1800,0.0
2026-02-16 04:00:00,68386.51,68853.83,68181.61,68534.45,9136.0,1800,0.0
2026-02-16 08:00:00,68535.46,69024.78,68298.05,68757.5,10468.0,1800,0.0
2026-02-16 12:00:00,68754.26,70096.77,67239.62,67502.09,34430.0,1800,0.0
2026-02-16 16:00:00,67503.4,68206.13,67460.78,67880.54,14123.0,1800,0.0
2026-02-16 20:00:00,67877.92,68950.14,67771.82,68848.54,11459.0,1800,0.0
2026-02-17 00:00:00,68848.88,69209.85,68335.67,68433.65,14116.0,1800,0.0
2026-02-17 04:00:00,68432.92,68665.11,67842.4,68350.0,11201.0,1800,0.0
2026-02-17 08:00:00,68354.4,68441.61,67634.17,67805.49,10930.0,1800,0.0
2026-02-17 12:00:00,67807.12,68337.85,66562.01,67350.95,30867.0,1800,0.0
2026-02-17 16:00:00,67351.71,68201.09,66836.66,67754.88,29558.0,1800,0.0
2026-02-17 20:00:00,67754.93,67892.41,67335.33,67467.85,11199.0,1800,0.0
2026-02-18 00:00:00,67467.49,67659.84,66840.99,67581.03,10556.0,1800,0.0
2026-02-18 04:00:00,67583.36,68189.73,67445.78,68069.15,9044.0,1800,0.0
2026-02-18 08:00:00,68075.83,68435.51,67046.84,67346.46,12378.0,1800,0.0
2026-02-18 12:00:00,67345.45,68323.14,66673.46,67660.55,24641.0,1800,0.0
2026-02-18 16:00:00,67660.23,67674.6,65819.4,66134.92,25941.0,1800,0.0
2026-02-18 20:00:00,66141.31,66501.28,65985.42,66411.16,11931.0,1800,0.0
2026-02-19 00:00:00,66410.34,66971.03,66291.88,66934.76,9864.0,1800,0.0
2026-02-19 04:00:00,66934.38,67292.41,66638.83,67166.4,9059.0,1800,0.0
2026-02-19 08:00:00,67162.48,67162.48,66431.81,66459.47,10115.0,1800,0.0
2026-02-19 12:00:00,66457.87,66731.22,65596.08,66357.57,25478.0,1800,0.0
2026-02-19 16:00:00,66356.2,67176.78,65852.28,67022.02,22372.0,1800,0.0
2026-02-19 20:00:00,67021.34,67151.73,66608.35,66973.73,9973.0,1800,0.0
2026-02-20 00:00:00,66968.01,67486.7,66908.0,67317.96,10087.0,1800,0.0
2026-02-20 04:00:00,67317.56,67990.91,67071.3,67800.9,9944.0,1800,0.0
2026-02-20 08:00:00,67801.53,68295.99,67256.13,67300.85,10712.0,1800,0.0
2026-02-20 12:00:00,67303.73,68097.65,66416.13,67555.04,33507.0,1800,0.0
2026-02-20 16:00:00,67563.73,67991.22,66926.59,67615.28,25976.0,1800,0.0
2026-02-20 20:00:00,67614.51,68222.64,67489.0,67973.55,9390.0,1800,0.0
2026-02-21 00:00:00,67978.22,68087.23,67493.06,67642.06,6629.0,1800,0.0
2026-02-21 04:00:00,67646.11,67906.95,67556.59,67834.16,5004.0,1800,0.0
2026-02-21 08:00:00,67830.71,68285.04,67779.16,68068.07,6362.0,1800,0.0
2026-02-21 12:00:00,68063.32,68691.02,67893.61,68580.6,8145.0,1800,0.0
2026-02-21 16:00:00,68584.11,68647.65,68071.1,68529.74,7633.0,1800,0.0
2026-02-21 20:00:00,68529.24,68580.44,67874.69,67951.79,6791.0,1800,0.0
2026-02-22 00:00:00,67947.22,68206.14,67771.37,68016.54,6826.0,1800,0.0
2026-02-22 04:00:00,68017.91,68205.51,67849.98,67980.6,4863.0,1800,0.0
2026-02-22 08:00:00,67979.29,68227.87,67890.38,68188.89,4959.0,1800,0.0
2026-02-22 12:00:00,68188.85,68218.65,67277.63,67665.82,9954.0,1800,0.0
2026-02-22 16:00:00,67666.11,67703.8,67141.94,67386.89,6305.0,1800,0.0
2026-02-22 20:00:00,67386.1,67722.46,67307.18,67609.03,6684.0,1800,0.0
2026-02-23 00:00:00,67614.61,67647.49,64260.65,64910.47,29940.0,1800,0.0
2026-02-23 04:00:00,64939.01,65997.67,64643.57,65928.92,12175.0,1800,0.0
2026-02-23 08:00:00,65926.53,66591.51,65543.06,66192.51,12397.0,1800,0.0
2026-02-23 12:00:00,66195.54,66506.41,65504.3,65632.78,22610.0,1800,0.0
2026-02-23 16:00:00,65633.13,65712.27,64050.8,64275.25,25449.0,1800,0.0
2026-02-23 20:00:00,64273.83,64997.4,63854.86,64622.19,12881.0,1800,0.0
2026-02-24 00:00:00,64623.03,64980.95,63298.97,63565.15,24789.0,1800,0.0
2026-02-24 04:00:00,63565.35,63599.51,62665.64,63155.93,19527.0,1800,0.0
2026-02-24 08:00:00,63155.96,63405.87,62907.58,63199.42,11981.0,1800,0.0
2026-02-24 12:00:00,63200.73,64030.5,62410.13,63958.74,27672.0,1800,0.0
2026-02-24 16:00:00,63959.85,64743.78,63683.83,64436.98,20093.0,1800,0.0
2026-02-24 20:00:00,64435.14,64588.0,63794.26,64060.14,10282.0,1800,0.0
2026-02-25 00:00:00,64061.8,66307.43,63895.95,65385.81,25109.0,1800,0.0
2026-02-25 04:00:00,65384.19,65650.46,64734.05,65018.91,12527.0,1800,0.0
2026-02-25 08:00:00,65015.9,65693.53,64942.8,65415.86,10445.0,1800,0.0
2026-02-25 12:00:00,65416.9,67593.3,65294.21,67404.59,28373.0,1800,0.0
2026-02-25 16:00:00,67400.63,69576.16,67397.86,69041.03,31661.0,1800,0.0
2026-02-25 20:00:00,69041.5,70049.54,67586.07,67989.95,25232.0,1800,0.0
2026-02-26 00:00:00,67989.44,68711.11,67721.18,68209.68,19210.0,1800,0.0
2026-02-26 04:00:00,68209.63,68870.06,67805.86,67833.81,13553.0,1800,0.0
2026-02-26 08:00:00,67836.48,68716.11,67775.18,68048.92,12270.0,1800,0.0
2026-02-26 12:00:00,68048.83,68296.13,66752.85,67388.63,30612.0,1800,0.0
2026-02-26 16:00:00,67389.41,67915.41,66486.5,67578.23,26383.0,1800,0.0
2026-02-26 20:00:00,67578.7,67821.41,67140.98,67485.48,10334.0,1800,0.0
2026-02-27 00:00:00,67481.8,67705.94,66870.91,67588.83,13909.0,1800,0.0
2026-02-27 04:00:00,67589.04,68218.2,67443.88,67671.35,11979.0,1800,0.0
2026-02-27 08:00:00,67670.87,68161.63,65948.02,66123.95,19830.0,1800,0.0
2026-02-27 12:00:00,66122.16,66347.44,65650.91,66095.45,26913.0,1800,0.0
2026-02-27 16:00:00,66095.18,66118.84,65092.12,65368.15,19472.0,1800,0.0
2026-02-27 20:00:00,65375.1,65944.13,64898.84,65854.93,11255.0,1800,0.0
2026-02-28 00:00:00,65853.09,66021.1,65695.49,65791.45,7247.0,1800,0.0
2026-02-28 04:00:00,65787.87,65812.85,63006.78,63815.44,29954.0,1800,0.0
2026-02-28 08:00:00,63820.09,64306.23,63348.51,63839.6,17400.0,1800,0.0
2026-02-28 12:00:00,63841.75,65359.41,63817.25,64834.18,24027.0,1800,0.0
2026-02-28 16:00:00,64831.81,66671.44,64668.1,66344.63,19573.0,1800,0.0
2026-02-28 20:00:00,66348.11,67764.99,66176.53,66969.44,22610.0,1800,0.0
2026-03-01 00:00:00,66961.03,68205.1,66042.65,67502.75,24581.0,1800,0.0
2026-03-01 04:00:00,67503.46,67608.23,66776.43,67138.46,11792.0,1800,0.0
2026-03-01 08:00:00,67146.52,67295.39,66205.27,66464.52,13306.0,1800,0.0
2026-03-01 12:00:00,66453.22,67361.36,66127.13,66849.09,20237.0,1800,0.0
2026-03-01 16:00:00,66852.22,67111.79,65708.09,65952.15,19626.0,1800,0.0
2026-03-01 20:00:00,65949.26,66807.16,65021.34,65769.31,22223.0,1800,0.0
2026-03-02 00:00:00,65769.42,67107.84,65742.94,66807.23,26275.0,1800,0.0
2026-03-02 04:00:00,66811.96,66994.27,65536.22,65999.2,17372.0,1800,0.0
2026-03-02 08:00:00,66002.27,66730.43,65635.56,66354.84,18228.0,1800,0.0
2026-03-02 12:00:00,66346.73,69628.01,65240.93,69128.7,45642.0,1800,0.0
2026-03-02 16:00:00,69118.28,70146.08,68571.45,68967.03,33700.0,1800,0.0
2026-03-02 20:00:00,68967.68,69553.8,68574.16,68824.75,19775.0,1800,0.0
2026-03-03 00:00:00,68827.14,69253.56,68168.55,68359.14,19326.0,1800,0.0
2026-03-03 04:00:00,68362.11,68563.63,67774.58,68159.51,15774.0,1800,0.0
2026-03-03 08:00:00,68159.41,68303.36,66298.64,67009.18,24962.0,1800,0.0
2026-03-03 12:00:00,67007.22,67974.89,66094.66,67715.17,43827.0,1800,0.0
2026-03-03 16:00:00,67706.47,68991.31,67459.86,68436.94,43226.0,1800,0.0
2026-03-03 20:00:00,68438.01,68857.51,67806.38,68329.52,16854.0,1800,0.0
2026-03-04 00:00:00,68328.75,68912.01,67379.81,67716.13,23600.0,1800,0.0
2026-03-04 04:00:00,67716.8,69682.5,67438.79,69482.87,20859.0,1800,0.0
2026-03-04 08:00:00,69485.69,71898.13,69122.68,71102.38,36321.0,1800,0.0
2026-03-04 12:00:00,71101.3,73495.96,70579.15,73397.75,45168.0,1800,0.0
2026-03-04 16:00:00,73397.15,74120.15,72542.34,73667.84,34324.0,1800,0.0
2026-03-04 20:00:00,73668.17,73761.49,72308.6,72683.72,17009.0,1800,0.0
2026-03-05 00:00:00,72685.71,73348.0,72339.11,72515.89,18996.0,1800,0.0
2026-03-05 04:00:00,72515.55,73107.61,71782.02,72067.18,16089.0,1800,0.0
2026-03-05 08:00:00,72065.49,73581.46,71759.58,72924.98,22453.0,1800,0.0
2026-03-05 12:00:00,72929.16,73088.83,71164.48,71663.24,37001.0,1800,0.0
2026-03-05 16:00:00,71652.24,71664.24,70645.51,70903.75,28822.0,1800,0.0
2026-03-05 20:00:00,70907.03,71578.3,70766.91,70869.07,14851.0,1800,0.0
2026-03-06 00:00:00,70878.27,71424.43,70373.49,71074.39,16294.0,1800,0.0
2026-03-06 04:00:00,71067.34,71196.85,70127.21,71060.73,15805.0,1800,0.0
2026-03-06 08:00:00,71059.62,71069.51,70188.3,70214.06,15757.0,1800,0.0
2026-03-06 12:00:00,70214.07,70351.8,68153.56,68492.52,40365.0,1800,0.0
2026-03-06 16:00:00,68492.63,68788.48,67726.21,68116.64,26039.0,1800,0.0
2026-03-06 20:00:00,68111.38,68434.86,67744.92,68106.39,11921.0,1800,0.0
2026-03-07 00:00:00,68103.95,68544.5,68035.46,68080.54,8155.0,1800,0.0
2026-03-07 04:00:00,68087.38,68147.01,67428.65,67833.9,9939.0,1800,0.0
2026-03-07 08:00:00,67833.8,68238.69,67692.66,68008.66,8359.0,1800,0.0
2026-03-07 12:00:00,68008.72,68090.23,67599.25,67871.11,8968.0,1800,0.0
2026-03-07 16:00:00,67871.62,67942.64,66891.27,67074.49,10373.0,1800,0.0
2026-03-07 20:00:00,67073.77,67474.99,67059.69,67262.71,8807.0,1800,0.0
2026-03-08 00:00:00,67261.16,67483.33,66789.01,66998.99,9796.0,1800,0.0
2026-03-08 04:00:00,66990.94,67454.1,66537.97,67297.99,9480.0,1800,0.0
2026-03-08 08:00:00,67297.46,68188.5,67143.19,67508.45,12000.0,1800,0.0
2026-03-08 12:00:00,67501.31,67636.5,66781.82,67199.41,15851.0,1800,0.0
2026-03-08 16:00:00,67197.89,67472.54,66736.93,67318.2,11696.0,1800,0.0
2026-03-08 20:00:00,67317.49,67518.79,65608.56,65968.73,22110.0,1800,0.0
2026-03-09 00:00:00,65968.96,67666.83,65800.51,67187.34,28471.0,1800,0.0
2026-03-09 04:00:00,67190.47,68056.13,66858.36,67527.36,19380.0,1800,0.0
2026-03-09 08:00:00,67530.17,68460.26,67319.35,67740.03,19982.0,1800,0.0
2026-03-09 12:00:00,67741.01,69498.76,67731.7,68879.82,32222.0,1800,0.0
2026-03-09 16:00:00,68887.14,69538.89,68232.76,68999.9,25195.0,1800,0.0
2026-03-09 20:00:00,69012.37,69157.9,68374.66,68427.3,12601.0,1800,0.0
2026-03-10 00:00:00,68426.4,70584.95,68379.63,69428.8,20709.0,1800,0.0
2026-03-10 04:00:00,69429.01,70535.6,69429.01,70404.09,16151.0,1800,0.0
2026-03-10 08:00:00,70411.28,71298.97,70358.24,70600.15,17540.0,1800,0.0
2026-03-10 12:00:00,70600.32,71785.36,69216.01,71343.27,37033.0,1800,0.0
2026-03-10 16:00:00,71345.68,71735.79,69723.16,70046.23,32524.0,1800,0.0
2026-03-10 20:00:00,70043.22,70426.02,69432.81,69947.36,12394.0,1800,0.0
2026-03-11 00:00:00,69951.25,70178.98,69491.61,69550.5,13587.0,1800,0.0
2026-03-11 04:00:00,69552.43,70285.35,69380.62,69653.38,12730.0,1800,0.0
2026-03-11 08:00:00,69653.89,69786.69,69124.28,69181.58,12792.0,1800,0.0
2026-03-11 12:00:00,69172.58,71093.31,68959.63,70243.0,38126.0,1800,0.0
2026-03-11 16:00:00,70242.98,71333.37,70162.81,70652.15,25065.0,1800,0.0
2026-03-11 20:00:00,70650.64,70970.41,70120.97,70199.78,11210.0,1800,0.0
2026-03-12 00:00:00,70201.33,70356.54,69217.09,69440.72,14163.0,1800,0.0
2026-03-12 04:00:00,69440.52,69855.6,69194.56,69816.58,10214.0,1800,0.0
2026-03-12 08:00:00,69817.04,70810.86,69571.93,70429.84,14007.0,1800,0.0
2026-03-12 12:00:00,70439.32,70684.33,69348.69,70327.4,31162.0,1800,0.0
2026-03-12 16:00:00,70328.2,70583.79,69763.89,70447.24,23246.0,1800,0.0
2026-03-12 20:00:00,70441.77,70753.41,70003.34,70520.72,10951.0,1800,0.0
2026-03-13 00:00:00,70517.31,72007.4,70385.69,71393.82,22194.0,1800,0.0
2026-03-13 04:00:00,71393.89,71685.09,71175.86,71629.64,11719.0,1800,0.0
2026-03-13 08:00:00,71627.8,72601.97,71380.73,72238.32,15165.0,1800,0.0
2026-03-13 12:00:00,72234.44,73936.83,71741.22,71841.59,34846.0,1800,0.0
2026-03-13 16:00:00,71842.55,72261.83,70841.32,71189.06,23742.0,1800,0.0
2026-03-13 20:00:00,71191.67,71493.44,70547.22,70933.97,10789.0,1800,0.0
2026-03-14 00:00:00,70935.35,71181.26,70469.73,71076.37,9074.0,1800,0.0
2026-03-14 04:00:00,71075.94,71313.36,70305.12,70607.33,9198.0,1800,0.0
2026-03-14 08:00:00,70608.71,70788.45,70385.4,70744.66,7036.0,1800,0.0
2026-03-14 12:00:00,70746.58,70954.96,70489.02,70592.01,7245.0,1800,0.0
2026-03-14 16:00:00,70591.69,70746.6,70490.3,70701.6,5339.0,1800,0.0
2026-03-14 20:00:00,70701.79,71263.99,70646.12,71215.89,7069.0,1800,0.0
2026-03-15 00:00:00,71219.43,71641.67,70860.12,71361.53,9681.0,1800,0.0
2026-03-15 04:00:00,71358.75,71792.81,71316.63,71457.15,7997.0,1800,0.0
2026-03-15 08:00:00,71457.48,71937.78,71457.48,71841.4,7633.0,1800,0.0
2026-03-15 12:00:00,71843.41,71849.15,71264.26,71480.86,9082.0,1800,0.0
2026-03-15 16:00:00,71479.94,71999.42,71302.28,71554.68,8333.0,1800,0.0
2026-03-15 20:00:00,71554.29,73226.84,71433.83,72813.15,19035.0,1800,0.0
2026-03-16 00:00:00,72817.01,74319.97,72273.45,73571.84,18508.0,1800,0.0
2026-03-16 04:00:00,73573.9,74467.24,73370.97,73455.32,15953.0,1800,0.0
2026-03-16 08:00:00,73454.51,73852.67,72882.58,73557.07,12686.0,1800,0.0
2026-03-16 12:00:00,73556.19,74524.87,72981.5,73278.86,27448.0,1800,0.0
2026-03-16 16:00:00,73276.23,74429.78,73153.11,73963.46,19995.0,1800,0.0
2026-03-16 20:00:00,73955.56,74920.54,73850.26,74876.65,14629.0,1800,0.0
2026-03-17 00:00:00,74870.68,76012.03,74265.6,74468.11,24019.0,1800,0.0
2026-03-17 04:00:00,74468.22,74684.47,73770.76,74257.25,13963.0,1800,0.0
2026-03-17 08:00:00,74257.18,74460.58,73554.57,74025.56,12398.0,1800,0.0
2026-03-17 12:00:00,74034.01,74912.17,73391.42,73934.57,23741.0,1800,0.0
2026-03-17 16:00:00,73935.07,74825.5,73873.37,74522.28,15163.0,1800,0.0
2026-03-17 20:00:00,74523.04,74813.09,73880.72,73933.79,9594.0,1800,0.0
2026-03-18 00:00:00,73929.61,74693.51,73543.1,74464.4,11859.0,1800,0.0
2026-03-18 04:00:00,74466.31,74511.35,73702.64,73892.85,8759.0,1800,0.0
2026-03-18 08:00:00,73891.38,74306.82,72803.15,72955.93,12976.0,1800,0.0
2026-03-18 12:00:00,72953.68,73004.25,70853.19,71470.27,28872.0,1800,0.0
2026-03-18 16:00:00,71469.97,72013.64,70895.72,71064.61,21356.0,1800,0.0
2026-03-18 20:00:00,71056.25,71437.31,70484.52,71232.16,11960.0,1800,0.0
2026-03-19 00:00:00,71231.74,71618.58,70889.36,71210.0,12189.0,1800,0.0
2026-03-19 04:00:00,71211.51,71211.51,69478.13,70184.91,16354.0,1800,0.0
2026-03-19 08:00:00,70185.74,70563.29,69892.55,69953.42,13781.0,1800,0.0
2026-03-19 12:00:00,69953.33,70164.57,68779.24,69399.8,30280.0,1800,0.0
2026-03-19 16:00:00,69402.43,70600.24,69093.57,70265.73,22435.0,1800,0.0
2026-03-19 20:00:00,70265.79,70684.44,69708.15,69911.38,10503.0,1800,0.0
2026-03-20 00:00:00,69910.51,70798.87,69829.49,70719.51,12131.0,1800,0.0
2026-03-20 04:00:00,70720.84,70967.99,70183.25,70847.42,11446.0,1800,0.0
2026-03-20 08:00:00,70848.81,71359.77,70197.33,70466.91,14153.0,1800,0.0
2026-03-20 12:00:00,70467.16,70681.5,69461.38,69837.23,28478.0,1400,0.0
2026-03-20 16:00:00,69838.01,70183.82,69359.65,70165.87,21889.0,1400,0.0
2026-03-20 20:00:00,70168.67,70911.72,69727.56,70489.29,11747.0,1400,0.0
2026-03-21 00:00:00,70486.48,70815.08,70417.51,70655.46,8094.0,1400,0.0
2026-03-21 04:00:00,70649.19,70868.49,70600.79,70706.8,7030.0,1400,0.0
2026-03-21 08:00:00,70706.74,70748.98,70479.63,70634.45,6464.0,1400,0.0
2026-03-21 12:00:00,70634.99,71092.06,70437.43,70612.42,8160.0,1400,0.0
2026-03-21 16:00:00,70611.13,70638.28,70172.09,70373.26,6635.0,1400,0.0
2026-03-21 20:00:00,70373.24,70500.08,68540.48,68904.87,11075.0,1400,0.0
2026-03-22 00:00:00,68918.26,69576.8,68222.76,69322.15,20473.0,1400,0.0
2026-03-22 04:00:00,69323.58,69517.74,68872.34,68909.7,8892.0,1400,0.0
2026-03-22 08:00:00,68909.57,68974.57,68066.01,68206.39,12186.0,1400,0.0
2026-03-22 12:00:00,68207.98,69021.47,68176.02,68836.63,11506.0,1400,0.0
2026-03-22 16:00:00,68838.03,68877.55,68130.75,68192.96,9535.0,1400,0.0
2026-03-22 20:00:00,68196.04,68494.76,67325.74,67843.28,18610.0,1400,0.0
2026-03-23 00:00:00,67842.25,68570.67,67419.0,68058.02,20264.0,1400,0.0
2026-03-23 04:00:00,68057.8,68886.29,67476.58,68293.27,19514.0,1400,0.0
2026-03-23 08:00:00,68295.32,71483.25,67890.44,70103.45,40833.0,1400,0.0
2026-03-23 12:00:00,70105.66,71812.36,69643.03,70123.0,45966.0,1400,0.0
2026-03-23 16:00:00,70122.88,71234.67,70105.57,70649.55,26608.0,1400,0.0
2026-03-23 20:00:00,70649.35,70986.32,70368.56,70868.28,11551.0,1400,0.0
2026-03-24 00:00:00,70872.53,71075.88,70252.26,70520.66,16561.0,1400,0.0
2026-03-24 04:00:00,70518.03,71389.05,70091.32,71275.6,14409.0,1400,0.0
2026-03-24 08:00:00,71268.37,71351.59,70822.03,71135.2,13766.0,1400,0.0
2026-03-24 12:00:00,71137.28,71164.65,69472.69,69835.82,31653.0,1400,0.0
2026-03-24 16:00:00,69833.7,69982.75,68878.15,69334.46,21801.0,1400,0.0
2026-03-24 20:00:00,69326.41,70804.32,69243.86,70520.38,16457.0,1400,0.0
2026-03-25 00:00:00,70528.3,71026.38,70366.71,70688.23,13111.0,1400,0.0
2026-03-25 04:00:00,70685.23,71318.48,70650.81,70910.23,10134.0,1400,0.0
2026-03-25 08:00:00,70911.15,72038.45,70762.29,71672.36,13362.0,1400,0.0
2026-03-25 12:00:00,71673.14,71948.52,70550.32,70811.56,25842.0,1400,0.0
2026-03-25 16:00:00,70799.89,71738.01,70645.87,70854.73,17147.0,1400,0.0
2026-03-25 20:00:00,70860.07,71574.05,70600.65,71306.53,9951.0,1400,0.0
2026-03-26 00:00:00,71296.89,71404.49,70643.12,70862.7,11037.0,1400,0.0
2026-03-26 04:00:00,70876.98,70879.72,69747.52,70059.29,12732.0,1400,0.0
2026-03-26 08:00:00,70057.41,70124.92,69138.98,69240.56,14257.0,1400,0.0
2026-03-26 12:00:00,69239.54,69864.75,68573.09,69039.69,22115.0,1400,0.0
2026-03-26 16:00:00,69037.32,69115.55,68098.26,68480.14,16010.0,1400,0.0
2026-03-26 20:00:00,68471.46,69436.4,68369.74,68769.16,15161.0,1400,0.0
2026-03-27 00:00:00,68769.61,69131.49,68463.5,68717.88,10489.0,1400,0.0
2026-03-27 04:00:00,68718.21,68912.26,68248.81,68479.56,10753.0,1400,0.0
2026-03-27 08:00:00,68484.7,68589.94,66188.32,66666.13,20874.0,1400,0.0
2026-03-27 12:00:00,66668.65,66744.72,65673.34,66075.08,23466.0,1400,0.0
2026-03-27 16:00:00,66074.53,66247.63,65482.78,65982.03,18833.0,1400,0.0
2026-03-27 20:00:00,65979.08,66371.61,65745.84,66352.37,7977.0,1400,0.0
2026-03-28 00:00:00,66346.96,66465.31,65868.06,66174.7,7785.0,1400,0.0
2026-03-28 04:00:00,66179.33,66522.16,66051.6,66500.15,6146.0,1400,0.0
2026-03-28 08:00:00,66499.78,66520.68,66069.93,66273.48,5700.0,1400,0.0
2026-03-28 12:00:00,66271.59,67258.79,66173.85,66958.91,11190.0,1400,0.0
2026-03-28 16:00:00,66959.03,67047.75,66627.46,66857.55,7240.0,1400,0.0
2026-03-28 20:00:00,66857.49,66966.88,66216.3,66318.23,7721.0,1400,0.0
2026-03-29 00:00:00,66317.29,67071.78,66216.88,66848.88,8508.0,1400,0.0
2026-03-29 04:00:00,66851.42,66881.32,66492.91,66604.44,7028.0,1400,0.0
2026-03-29 08:00:00,66602.41,66961.09,66342.93,66756.0,7964.0,1400,0.0
2026-03-29 12:00:00,66752.58,66816.55,66258.74,66467.38,10202.0,1400,0.0
2026-03-29 16:00:00,66469.15,66602.87,66090.46,66288.81,8342.0,1400,0.0
2026-03-29 20:00:00,66291.93,66742.26,64928.24,65958.48,19405.0,1400,0.0
2026-03-30 00:00:00,65960.82,67434.3,65726.93,67103.35,26431.0,1400,0.0
2026-03-30 04:00:00,67103.32,67752.57,67089.58,67560.65,14603.0,1400,0.0
2026-03-30 08:00:00,67554.24,67950.45,67297.52,67622.02,12153.0,1400,0.0
2026-03-30 12:00:00,67624.05,68126.43,67028.61,67575.07,21402.0,1400,0.0
2026-03-30 16:00:00,67572.46,67597.2,66166.73,66480.68,16948.0,1400,0.0
2026-03-30 20:00:00,66480.31,66947.53,66349.27,66741.98,10106.0,1400,0.0
2026-03-31 00:00:00,66736.85,68352.27,66473.7,67649.08,19006.0,1400,0.0
2026-03-31 04:00:00,67649.85,67828.74,67037.39,67309.52,12636.0,1400,0.0
2026-03-31 08:00:00,67309.48,67443.3,65916.86,66616.84,17205.0,1400,0.0
2026-03-31 12:00:00,66625.18,67730.65,66350.71,66681.13,26089.0,1400,0.0
2026-03-31 16:00:00,66683.09,68538.96,66668.6,67768.37,27178.0,1400,0.0
2026-03-31 20:00:00,67763.7,68355.94,67759.63,68217.7,11731.0,1400,0.0
2026-04-01 00:00:00,68208.03,68309.37,67508.36,68109.8,13548.0,1400,0.0
2026-04-01 04:00:00,68105.68,69287.55,67934.93,68654.56,14672.0,1400,0.0
2026-04-01 08:00:00,68640.93,68822.16,68355.17,68687.01,11589.0,1400,0.0
2026-04-01 12:00:00,68682.83,68945.76,67891.59,68895.08,23276.0,1400,0.0
2026-04-01 16:00:00,68894.75,69150.61,67905.87,68156.92,16575.0,1400,0.0
2026-04-01 20:00:00,68142.42,68534.65,67943.92,68110.81,10491.0,1400,0.0
2026-04-02 00:00:00,68109.36,68650.13,66477.4,66552.79,28114.0,1400,0.0
2026-04-02 04:00:00,66553.85,66916.71,66190.08,66900.35,10689.0,1400,0.0
2026-04-02 08:00:00,66901.28,66902.76,66095.0,66185.03,10242.0,1400,0.0
2026-04-02 12:00:00,66188.93,67099.36,65685.35,66834.9,25695.0,1400,0.0
2026-04-02 16:00:00,66829.11,67430.16,66576.8,66967.25,14725.0,1400,0.0
2026-04-02 20:00:00,66970.99,67096.32,66707.49,66887.93,8098.0,1400,0.0
2026-04-03 00:00:00,66890.27,66991.68,66263.59,66571.76,11149.0,1400,0.0
2026-04-03 04:00:00,66571.75,67261.27,66397.72,67040.71,10341.0,1400,0.0
2026-04-03 08:00:00,67036.47,67286.44,66665.27,67010.15,8485.0,1400,0.0
2026-04-03 12:00:00,67012.34,67371.51,66501.85,66815.77,11524.0,1400,0.0
2026-04-03 16:00:00,66822.89,67070.11,66745.85,66869.51,6669.0,1400,0.0
2026-04-03 20:00:00,66869.42,66978.53,66808.88,66947.74,5357.0,1400,0.0
2026-04-04 00:00:00,66947.52,66954.1,66793.27,66819.57,4474.0,1400,0.0
2026-04-04 04:00:00,66818.73,67046.59,66764.09,66997.17,4232.0,1400,0.0
2026-04-04 08:00:00,67004.79,67231.57,66892.13,67146.44,4696.0,1400,0.0
2026-04-04 12:00:00,67140.07,67568.78,67017.73,67372.23,5688.0,1400,0.0
2026-04-04 16:00:00,67377.4,67541.62,67238.44,67274.28,5775.0,1400,0.0
2026-04-04 20:00:00,67276.74,67470.12,67166.68,67288.25,4780.0,1400,0.0
2026-04-05 00:00:00,67293.67,67296.86,66929.0,67131.02,4837.0,1400,0.0
2026-04-05 04:00:00,67124.64,67177.23,66589.18,66805.33,6340.0,1400,0.0
2026-04-05 08:00:00,66803.77,67139.35,66794.19,66978.67,5258.0,1400,0.0
2026-04-05 12:00:00,66977.76,67832.45,66659.65,67281.84,9248.0,1400,0.0
2026-04-05 16:00:00,67282.0,67547.36,67147.59,67336.43,6718.0,1400,0.0
2026-04-05 20:00:00,67337.06,69118.17,67306.03,69000.91,14937.0,1400,0.0
2026-04-06 00:00:00,69002.51,69585.18,68739.97,69100.67,16824.0,1400,0.0
2026-04-06 04:00:00,69100.6,69341.62,68780.8,69096.73,9365.0,1400,0.0
2026-04-06 08:00:00,69100.04,70269.91,69054.52,69617.08,12141.0,1400,0.0
2026-04-06 12:00:00,69615.27,69978.33,69119.49,69966.55,17973.0,1400,0.0
2026-04-06 16:00:00,69970.06,70366.12,69269.64,69751.64,14923.0,1400,0.0
2026-04-06 20:00:00,69736.57,69992.06,68265.98,68837.0,12007.0,1400,0.0
2026-04-07 00:00:00,68834.93,69129.97,68260.15,68776.76,13085.0,1400,0.0
2026-04-07 04:00:00,68762.64,68983.11,68421.43,68613.37,8134.0,1400,0.0
2026-04-07 08:00:00,68614.37,69255.41,68052.23,68328.91,13623.0,1400,0.0
2026-04-07 12:00:00,68324.81,68636.39,67712.17,68144.1,18305.0,1400,0.0
2026-04-07 16:00:00,68143.61,69078.3,68052.39,68988.0,16040.0,1400,0.0
2026-04-07 20:00:00,68991.23,72761.47,68991.23,71897.08,34012.0,1400,0.0
2026-04-08 00:00:00,71896.39,72110.6,71206.88,71280.47,13291.0,1400,0.0
2026-04-08 04:00:00,71279.58,71941.66,71271.29,71639.45,9024.0,1400,0.0
2026-04-08 08:00:00,71641.3,71957.42,71400.36,71690.62,8891.0,1400,0.0
2026-04-08 12:00:00,71692.37,72883.75,70684.48,71302.19,26002.0,1400,0.0
2026-04-08 16:00:00,71301.67,71971.38,71004.41,71337.58,16352.0,1400,0.0
2026-04-08 20:00:00,71329.55,71752.2,70893.68,71072.93,9548.0,1400,0.0
2026-04-09 00:00:00,71068.58,71201.88,70450.42,70992.51,12598.0,1400,0.0
2026-04-09 04:00:00,70991.28,71132.87,70689.96,70983.45,7768.0,1400,0.0
2026-04-09 08:00:00,70986.25,71583.27,70866.6,71144.84,8155.0,1400,0.0
2026-04-09 12:00:00,71144.61,72361.38,70508.31,72147.86,22037.0,1400,0.0
2026-04-09 16:00:00,72149.22,72566.13,71726.22,72099.5,19886.0,1400,0.0
2026-04-09 20:00:00,72098.83,73171.85,71570.21,71780.81,15438.0,1400,0.0
2026-04-10 00:00:00,71781.76,72396.13,71581.03,71871.74,13092.0,1400,0.0
2026-04-10 04:00:00,71872.4,72284.49,71420.83,71496.29,8643.0,1400,0.0
2026-04-10 08:00:00,71501.12,72277.57,71419.53,72139.01,8884.0,1400,0.0
2026-04-10 12:00:00,72142.43,73332.0,71909.97,72480.9,21702.0,1400,0.0
2026-04-10 16:00:00,72485.78,73299.63,72401.73,73263.04,12182.0,1400,0.0
2026-04-10 20:00:00,73269.25,73483.36,72740.04,72984.6,8601.0,1400,0.0
2026-04-11 00:00:00,72983.29,73141.93,72691.94,72906.89,6193.0,1400,0.0
2026-04-11 04:00:00,72907.38,72987.53,72636.88,72777.26,5544.0,1400,0.0
2026-04-11 08:00:00,72777.55,72954.11,72648.17,72941.07,5289.0,1400,0.0
2026-04-11 12:00:00,72940.97,73020.72,72538.9,72882.02,7053.0,1400,0.0
2026-04-11 16:00:00,72880.41,73845.3,72842.76,73706.38,10280.0,1400,0.0
2026-04-11 20:00:00,73706.69,73724.29,72925.2,73082.21,8538.0,1400,0.0
2026-04-12 00:00:00,73081.68,73161.79,71329.61,71625.43,16078.0,1400,0.0
2026-04-12 04:00:00,71627.16,71814.18,71432.25,71701.18,6887.0,1400,0.0
2026-04-12 08:00:00,71701.29,71817.66,71365.96,71491.69,6244.0,1400,0.0
2026-04-12 12:00:00,71488.75,71532.08,70621.21,70919.31,11392.0,1400,0.0
2026-04-12 16:00:00,70920.65,71264.7,70839.75,71110.99,6711.0,1400,0.0
2026-04-12 20:00:00,71110.42,71482.33,70506.54,70746.01,12716.0,1400,0.0
2026-04-13 00:00:00,70748.83,71290.78,70612.43,70984.23,10667.0,1400,0.0
2026-04-13 04:00:00,70984.38,71160.5,70674.89,70833.68,8410.0,1400,0.0
2026-04-13 08:00:00,70834.4,71010.11,70564.9,70932.39,8337.0,1400,0.0
2026-04-13 12:00:00,70933.88,72516.19,70756.35,71893.11,20956.0,1400,0.0
2026-04-13 16:00:00,71895.39,73532.02,71697.48,73359.01,17902.0,1400,0.0
2026-04-13 20:00:00,73355.81,74931.22,73056.57,74447.09,20545.0,1400,0.0
2026-04-14 00:00:00,74445.99,74641.47,74000.76,74476.66,10707.0,1400,0.0
2026-04-14 04:00:00,74477.6,74971.03,74185.45,74585.56,8626.0,1400,0.0
2026-04-14 08:00:00,74583.91,74946.54,74322.56,74403.31,9261.0,1400,0.0
2026-04-14 12:00:00,74402.04,76112.12,74292.83,75364.83,24326.0,1400,0.0
2026-04-14 16:00:00,75361.61,75749.32,73882.87,74282.6,17744.0,1400,0.0
2026-04-14 20:00:00,74287.47,74484.62,73842.65,74171.51,11255.0,1400,0.0
2026-04-15 00:00:00,74172.63,74824.53,74149.69,74373.81,11168.0,1400,0.0
2026-04-15 04:00:00,74373.9,74474.49,73535.72,73771.92,10027.0,1400,0.0
2026-04-15 08:00:00,73766.02,74286.91,73699.65,74224.59,10246.0,1400,0.0
2026-04-15 12:00:00,74226.48,74537.82,73594.8,73849.38,18002.0,1400,0.0
2026-04-15 16:00:00,73849.1,75306.12,73766.96,75038.01,15418.0,1400,0.0
2026-04-15 20:00:00,75043.74,75464.34,74524.27,74832.19,12046.0,1400,0.0
2026-04-16 00:00:00,74832.03,75292.51,74446.69,74906.51,12106.0,1400,0.0
2026-04-16 04:00:00,74897.99,75189.83,74638.36,74714.97,8768.0,1400,0.0
2026-04-16 08:00:00,74713.96,74917.07,74283.13,74583.73,10219.0,1400,0.0
2026-04-16 12:00:00,74583.18,75037.65,73305.67,74706.75,23256.0,1400,0.0
2026-04-16 16:00:00,74714.77,75431.01,73904.31,75363.22,19820.0,1400,0.0
2026-04-16 20:00:00,75366.24,75555.49,74808.3,75158.87,12048.0,1400,0.0
2026-04-17 00:00:00,75159.02,75177.13,74529.56,74633.96,9542.0,1400,0.0
2026-04-17 04:00:00,74631.41,75115.76,74558.87,75098.86,8194.0,1400,0.0
2026-04-17 08:00:00,75093.43,76389.21,75003.29,75612.58,15444.0,1400,0.0
2026-04-17 12:00:00,75611.09,78122.56,75549.85,77829.89,38075.0,1400,0.0
2026-04-17 16:00:00,77829.38,78400.74,76991.64,77433.18,21229.0,1400,0.0
2026-04-17 20:00:00,77440.69,77657.42,76920.3,77095.14,9876.0,1400,0.0
2026-04-18 00:00:00,77092.71,77454.58,76984.68,77041.77,8280.0,1400,0.0
2026-04-18 04:00:00,77042.28,77307.12,76900.04,77015.11,6756.0,1400,0.0
2026-04-18 08:00:00,77017.17,77068.17,75777.11,76058.12,11810.0,1400,0.0
2026-04-18 12:00:00,76060.25,76401.47,75805.14,76189.3,9935.0,1400,0.0
2026-04-18 16:00:00,76193.31,76244.94,75459.03,75667.74,9560.0,1400,0.0
2026-04-18 20:00:00,75670.86,75923.98,75623.31,75727.87,6796.0,1400,0.0
2026-04-19 00:00:00,75728.19,75873.55,75388.35,75543.49,8113.0,1400,0.0
2026-04-19 04:00:00,75543.54,75819.42,74910.19,75285.01,8921.0,1400,0.0
2026-04-19 08:00:00,75284.38,75669.23,74947.67,75625.12,9077.0,1400,0.0
2026-04-19 12:00:00,75636.2,76276.75,75421.22,75885.36,14398.0,1400,0.0
2026-04-19 16:00:00,75883.25,75893.39,74609.69,74976.55,16245.0,1400,0.0
2026-04-19 20:00:00,74976.71,74980.79,73784.17,73822.24,18218.0,1400,0.0
2026-04-20 00:00:00,73825.08,74773.74,73729.31,74665.16,11714.0,1400,0.0
2026-04-20 04:00:00,74666.69,75603.16,74117.82,74859.46,12735.0,1400,0.0
2026-04-20 08:00:00,74861.74,75439.05,74624.57,75210.13,12637.0,1400,0.0
2026-04-20 12:00:00,75213.58,75814.07,74725.74,75738.66,29278.0,1400,0.0
2026-04-20 16:00:00,75743.22,76514.31,75307.19,76320.12,16208.0,1400,0.0
2026-04-20 20:00:00,76318.69,76611.84,75641.92,75865.73,9464.0,1400,0.0
2026-04-21 00:00:00,75866.46,76292.64,75501.81,75729.67,9680.0,1400,0.0
2026-04-21 04:00:00,75725.92,76341.22,75620.2,76113.35,8560.0,1400,0.0
2026-04-21 08:00:00,76116.77,76955.95,76085.03,76476.44,12310.0,1400,0.0
2026-04-21 12:00:00,76482.13,76626.25,75427.16,75848.8,24050.0,1400,0.0
2026-04-21 16:00:00,75851.14,76207.32,74826.34,75029.05,22951.0,1400,0.0
2026-04-21 20:00:00,75031.18,76454.67,74983.32,76349.41,12284.0,1400,0.0
2026-04-22 00:00:00,76353.03,77750.32,76143.6,77538.38,15337.0,1400,0.0
2026-04-22 04:00:00,77537.75,78478.49,77374.41,78023.78,12586.0,1400,0.0
2026-04-22 08:00:00,78025.14,78428.36,77941.19,78317.29,10012.0,1400,0.0
2026-04-22 12:00:00,78318.8,79446.57,78129.05,79315.02,22521.0,1400,0.0
2026-04-22 16:00:00,79315.68,79517.18,78642.75,78871.41,13549.0,1400,0.0
2026-04-22 20:00:00,78869.98,78946.74,78175.84,78209.06,8960.0,1400,0.0
2026-04-23 00:00:00,78208.94,78603.53,77471.66,77762.85,17895.0,1400,0.0
2026-04-23 04:00:00,77756.66,78369.92,77692.41,78074.17,9796.0,1400,0.0
2026-04-23 08:00:00,78074.73,78210.28,76751.85,77713.95,11574.0,1400,0.0
2026-04-23 12:00:00,77726.61,78704.26,77397.33,78395.87,18960.0,1400,0.0
2026-04-23 16:00:00,78399.63,78540.53,76974.09,77733.07,22416.0,1400,0.0
2026-04-23 20:00:00,77730.71,78359.68,77656.96,78271.03,8419.0,1400,0.0
2026-04-24 00:00:00,78275.31,78613.65,77574.3,77749.72,10537.0,1400,0.0
2026-04-24 04:00:00,77742.94,78080.48,77458.32,77678.19,8709.0,1400,0.0
2026-04-24 08:00:00,77677.96,78404.06,77422.47,78252.63,11424.0,1400,0.0
2026-04-24 12:00:00,78252.33,78494.55,77591.84,78060.59,18220.0,1400,0.0
2026-04-24 16:00:00,78061.85,78091.54,77372.25,77655.22,11303.0,1400,0.0
2026-04-24 20:00:00,77653.75,77786.14,77272.42,77459.53,6584.0,1400,0.0
2026-04-25 00:00:00,77450.97,77738.72,77326.49,77692.87,5350.0,1400,0.0
2026-04-25 04:00:00,77689.91,77720.26,77462.24,77504.74,4777.0,1400,0.0
2026-04-25 08:00:00,77510.59,77905.84,77500.88,77700.42,5417.0,1400,0.0
2026-04-25 12:00:00,77703.24,77772.01,77326.61,77350.95,5648.0,1400,0.0
2026-04-25 16:00:00,77350.73,77477.12,77165.6,77326.89,6209.0,1400,0.0
2026-04-25 20:00:00,77327.91,77665.45,77313.28,77640.41,5282.0,1400,0.0
2026-04-26 00:00:00,77642.02,77657.91,77339.53,77401.29,5161.0,1400,0.0
2026-04-26 04:00:00,77395.77,78216.7,77386.8,78118.45,7037.0,1400,0.0
2026-04-26 08:00:00,78121.96,78240.21,77937.96,78109.58,5470.0,1400,0.0
2026-04-26 12:00:00,78108.12,78187.94,77779.32,78062.91,6519.0,1400,0.0
2026-04-26 16:00:00,78063.85,78523.52,77864.6,78249.92,7418.0,1400,0.0
2026-04-26 20:00:00,78255.58,78990.01,77857.1,78667.88,13688.0,1400,0.0
2026-04-27 00:00:00,78669.23,79509.09,78397.76,79117.61,15378.0,1400,0.0
2026-04-27 04:00:00,79133.64,79176.55,77464.98,77609.58,13672.0,1400,0.0
2026-04-27 08:00:00,77608.91,77992.23,77557.18,77840.44,7357.0,1400,0.0
2026-04-27 12:00:00,77839.14,78271.21,76553.64,76784.4,18789.0,1400,0.0
2026-04-27 16:00:00,76775.85,76927.52,76427.48,76874.12,10945.0,1400,0.0
2026-04-27 20:00:00,76876.05,77450.77,76746.99,77354.6,6436.0,1400,0.0
2026-04-28 00:00:00,77355.05,77487.05,76658.3,76802.42,9336.0,1400,0.0
2026-04-28 04:00:00,76803.14,77158.31,76390.28,76868.98,8541.0,1400,0.0
2026-04-28 08:00:00,76874.05,76997.92,76104.19,76223.96,9178.0,1400,0.0
2026-04-28 12:00:00,76222.47,76425.58,75643.14,76041.16,17790.0,1400,0.0
2026-04-28 16:00:00,76049.43,76368.39,75859.1,76317.79,9496.0,1400,0.0
2026-04-28 20:00:00,76317.09,76483.32,76165.99,76312.71,6172.0,1400,0.0
2026-04-29 00:00:00,76312.14,77117.66,76155.31,76977.85,9547.0,1400,0.0
2026-04-29 04:00:00,76989.6,77447.54,76858.87,77021.78,8145.0,1400,0.0
2026-04-29 08:00:00,77021.99,77907.66,76944.01,77576.1,9839.0,1400,0.0
2026-04-29 12:00:00,77573.66,77590.24,75678.61,75878.26,16890.0,1400,0.0
2026-04-29 16:00:00,75894.83,76218.0,74878.49,75527.08,16958.0,1400,0.0
2026-04-29 20:00:00,75522.78,76070.2,75454.88,75752.96,9376.0,1400,0.0
2026-04-30 00:00:00,75753.46,76454.16,75457.16,75891.24,12575.0,1400,0.0
2026-04-30 04:00:00,75889.77,76151.68,75278.44,76130.03,9985.0,1400,0.0
2026-04-30 08:00:00,76137.05,76322.15,75838.91,76035.61,8567.0,1400,0.0
2026-04-30 12:00:00,76031.96,76643.34,76006.39,76437.0,15649.0,1400,0.0
2026-04-30 16:00:00,76432.38,76486.65,76059.9,76375.99,8966.0,1400,0.0
2026-04-30 20:00:00,76373.05,76540.78,76155.85,76313.39,6217.0,1400,0.0
2026-05-01 00:00:00,76314.79,77432.99,76268.61,77093.88,8635.0,1400,0.0
2026-05-01 04:00:00,77095.29,77181.03,76844.33,77105.61,6763.0,1400,0.0
2026-05-01 08:00:00,77105.54,77599.55,77021.89,77446.75,6695.0,1400,0.0
2026-05-01 12:00:00,77448.04,78924.51,77386.21,78427.04,17551.0,1400,0.0
2026-05-01 16:00:00,78426.69,78684.97,78106.31,78357.46,10924.0,1400,0.0
2026-05-01 20:00:00,78358.92,78429.4,77742.77,78229.22,6961.0,1400,0.0
2026-05-02 00:00:00,78226.28,78538.85,78155.84,78405.01,6019.0,1400,0.0
2026-05-02 04:00:00,78406.28,78443.74,78010.47,78221.07,5023.0,1400,0.0
2026-05-02 08:00:00,78221.37,78397.54,78086.18,78136.83,4262.0,1400,0.0
2026-05-02 12:00:00,78134.49,78487.91,78090.98,78482.82,4572.0,1400,0.0
2026-05-02 16:00:00,78479.55,78604.89,78304.69,78473.58,4467.0,1400,0.0
2026-05-02 20:00:00,78476.3,79174.04,78405.71,78681.15,6166.0,1400,0.0
2026-05-03 00:00:00,78684.87,78754.0,78103.18,78186.69,6260.0,1400,0.0
2026-05-03 04:00:00,78189.0,78445.51,78060.75,78355.81,5068.0,1400,0.0
2026-05-03 08:00:00,78354.01,78846.03,78329.21,78653.81,5596.0,1400,0.0
2026-05-03 12:00:00,78655.57,78881.45,78572.41,78653.12,5649.0,1400,0.0
2026-05-03 16:00:00,78653.13,78854.2,78541.34,78755.32,5084.0,1400,0.0
2026-05-03 20:00:00,78750.73,79448.68,78462.71,78564.1,12339.0,1400,0.0
2026-05-04 00:00:00,78559.5,80448.25,78258.61,80299.72,19572.0,1400,0.0
2026-05-04 04:00:00,80299.5,80619.15,79470.27,79691.64,10139.0,1400,0.0
2026-05-04 08:00:00,79691.34,79917.51,78173.65,78780.33,17208.0,1400,0.0
2026-05-04 12:00:00,78768.7,80560.94,78475.87,80021.98,23696.0,1400,0.0
2026-05-04 16:00:00,80023.82,80786.97,79599.0,80048.54,16336.0,1400,0.0
2026-05-04 20:00:00,80041.43,80392.5,79730.07,79849.84,6858.0,1400,0.0
2026-05-05 00:00:00,79848.43,81086.93,79777.68,80870.07,9623.0,1400,0.0
2026-05-05 04:00:00,80867.27,81330.13,80709.32,80848.89,9562.0,1400,0.0
2026-05-05 08:00:00,80845.82,81110.83,80508.49,81021.94,7254.0,1400,0.0
2026-05-05 12:00:00,81022.43,81708.19,80924.45,81541.84,16283.0,1400,0.0
2026-05-05 16:00:00,81542.57,81680.25,81047.91,81605.71,9580.0,1400,0.0
2026-05-05 20:00:00,81589.66,81783.29,80765.2,80899.16,11279.0,1400,0.0
2026-05-06 00:00:00,80896.01,81745.27,80710.47,81576.58,10310.0,1400,0.0
2026-05-06 04:00:00,81576.68,81633.7,81031.67,81365.89,8181.0,1400,0.0
2026-05-06 08:00:00,81364.21,82840.03,81308.19,82516.85,15132.0,1400,0.0
2026-05-06 12:00:00,82518.0,82539.1,81112.24,81687.36,19098.0,1400,0.0
2026-05-06 16:00:00,81688.48,81888.01,81167.76,81445.06,10502.0,1400,0.0
2026-05-06 20:00:00,81443.93,81700.41,80967.03,81424.49,7540.0,1400,0.0
2026-05-07 00:00:00,81425.11,81479.6,80820.16,80841.07,10063.0,1400,0.0
2026-05-07 04:00:00,80843.89,81713.24,80712.94,81513.19,8294.0,1400,0.0
2026-05-07 08:00:00,81513.29,81595.85,80549.82,80859.74,8889.0,1400,0.0
2026-05-07 12:00:00,80857.32,81196.53,79646.11,79892.75,17771.0,1400,0.0
2026-05-07 16:00:00,79895.61,80280.59,79478.33,80134.73,13826.0,1400,0.0
2026-05-07 20:00:00,80138.54,80371.14,79563.63,80009.32,8141.0,1400,0.0
2026-05-08 00:00:00,80009.24,80144.48,79159.28,79568.12,10112.0,1400,0.0
2026-05-08 04:00:00,79560.5,79772.3,79230.27,79660.8,8735.0,1400,0.0
2026-05-08 08:00:00,79662.45,80326.65,79648.55,80220.44,8875.0,1400,0.0
2026-05-08 12:00:00,80228.03,80507.92,79517.84,80125.61,16928.0,1400,0.0
2026-05-08 16:00:00,80129.45,80293.72,79705.35,80163.98,11131.0,1400,0.0
2026-05-08 20:00:00,80167.96,80410.1,80068.35,80190.3,6164.0,1400,0.0
2026-05-09 00:00:00,80191.18,80561.54,80113.55,80383.06,5926.0,1400,0.0
2026-05-09 04:00:00,80383.58,80673.73,80187.58,80210.62,3036.0,1400,0.0
2026-05-09 08:00:00,80244.91,80374.08,80150.73,80330.15,2507.0,1400,0.0
2026-05-09 12:00:00,80328.38,80595.3,80219.5,80517.21,5307.0,1400,0.0
2026-05-09 16:00:00,80521.51,81073.77,80470.79,80923.38,7008.0,1400,0.0
2026-05-09 20:00:00,80924.51,80932.78,80600.01,80652.97,4904.0,1400,0.0
2026-05-10 00:00:00,80649.03,80881.31,80543.28,80755.26,5571.0,1400,0.0
2026-05-10 04:00:00,80756.35,80833.86,80636.55,80720.52,4383.0,1400,0.0
2026-05-10 08:00:00,80724.91,80962.26,80668.17,80808.85,5348.0,1400,0.0
2026-05-10 12:00:00,80808.98,81439.88,80772.51,81394.28,7419.0,1400,0.0
2026-05-10 16:00:00,81396.15,81584.92,81133.08,81420.12,7612.0,1400,0.0
2026-05-10 20:00:00,81420.18,82474.15,80255.69,82198.34,19634.0,1400,0.0
2026-05-11 00:00:00,82195.3,82371.04,80489.56,80714.04,15854.0,1400,0.0
2026-05-11 04:00:00,80715.01,81035.79,80616.71,80722.33,7660.0,1400,0.0
2026-05-11 08:00:00,80712.67,81199.37,80596.18,81188.75,7797.0,1400,0.0
2026-05-11 12:00:00,81190.72,81442.92,80415.0,81411.45,15349.0,1400,0.0
2026-05-11 16:00:00,81425.1,82130.82,81312.96,81946.66,12716.0,1400,0.0
2026-05-11 20:00:00,81949.73,82068.27,81554.69,81718.05,7572.0,1400,0.0
2026-05-12 00:00:00,81718.3,81775.81,80675.86,81033.64,9404.0,1400,0.0
2026-05-12 04:00:00,81041.27,81292.58,80768.68,80830.77,6609.0,1400,0.0
2026-05-12 08:00:00,80829.89,80942.72,80449.42,80745.83,7391.0,1400,0.0
2026-05-12 12:00:00,80751.79,80981.74,80143.46,80295.3,15108.0,1400,0.0
2026-05-12 16:00:00,80298.72,80851.92,79800.93,80814.46,10341.0,1400,0.0
2026-05-12 20:00:00,80816.1,80871.78,80407.99,80485.09,6190.0,1400,0.0
2026-05-13 00:00:00,80483.54,81289.83,80379.77,81241.29,8360.0,1400,0.0
2026-05-13 04:00:00,81234.67,81271.39,80857.52,80989.12,5284.0,1400,0.0
2026-05-13 08:00:00,81003.74,81280.08,80456.76,80474.43,7314.0,1400,0.0
2026-05-13 12:00:00,80473.79,80568.12,78752.95,78794.19,16603.0,1400,0.0
2026-05-13 16:00:00,78796.48,79781.32,78707.08,79614.28,9750.0,1400,0.0
2026-05-13 20:00:00,79615.52,79737.85,79179.43,79292.04,7526.0,1400,0.0
2026-05-14 00:00:00,79292.8,79663.9,78875.68,79008.36,10606.0,1400,0.0
2026-05-14 04:00:00,79009.24,79972.09,78940.18,79712.63,8783.0,1400,0.0
2026-05-14 08:00:00,79712.73,79909.19,79185.83,79212.04,7972.0,1400,0.0
2026-05-14 12:00:00,79218.77,81319.87,79193.19,81281.98,17131.0,1400,0.0
2026-05-14 16:00:00,81285.41,82051.17,81072.08,81425.86,16947.0,1400,0.0
2026-05-14 20:00:00,81425.59,81618.0,81023.57,81076.87,7517.0,1400,0.0
2026-05-15 00:00:00,81076.83,81652.88,80720.08,81046.86,12360.0,1400,0.0
2026-05-15 04:00:00,81034.8,81090.36,80290.16,80807.66,11054.0,1400,0.0
2026-05-15 08:00:00,80813.54,80825.23,80355.16,80608.56,8735.0,1400,0.0
2026-05-15 12:00:00,80604.8,80632.73,78590.91,79119.63,20642.0,1400,0.0
2026-05-15 16:00:00,79113.03,79534.91,78992.63,79095.73,10422.0,1400,0.0
2026-05-15 20:00:00,79094.44,79180.28,78845.93,79067.09,6147.0,1400,0.0
2026-05-16 00:00:00,79068.32,79188.05,78949.9,79045.4,5305.0,1400,0.0
2026-05-16 04:00:00,79041.84,79089.6,78012.99,78330.84,8884.0,1400,0.0
2026-05-16 08:00:00,78329.21,78517.03,77600.45,78051.57,9832.0,1400,0.0
2026-05-16 12:00:00,78051.08,78316.26,77800.76,78193.82,7212.0,1400,0.0
2026-05-16 16:00:00,78197.32,78344.24,78065.8,78230.01,5388.0,1400,0.0
2026-05-16 20:00:00,78230.7,78300.44,78073.97,78102.21,4619.0,1400,0.0
2026-05-17 00:00:00,78102.35,78200.61,77681.72,77983.91,7443.0,1400,0.0
2026-05-17 04:00:00,77983.83,78296.79,77951.1,78144.56,5124.0,1400,0.0
2026-05-17 08:00:00,78153.21,78576.53,77988.18,78383.3,6464.0,1400,0.0
2026-05-17 12:00:00,78383.34,78522.44,77800.72,78013.41,7262.0,1400,0.0
2026-05-17 16:00:00,78010.52,78433.96,77804.9,78361.55,6373.0,1400,0.0
2026-05-17 20:00:00,78360.15,78453.63,76671.01,77400.73,13237.0,1400,0.0
2026-05-18 00:00:00,77412.0,77434.0,76646.86,76890.13,16370.0,1400,0.0
2026-05-18 04:00:00,76889.79,77043.88,76517.59,77020.66,9696.0,1400,0.0
2026-05-18 08:00:00,77019.6,77357.72,76602.59,77240.53,9172.0,1400,0.0
2026-05-18 12:00:00,77247.08,77758.82,75981.39,76373.37,23578.0,1400,0.0
2026-05-18 16:00:00,76373.7,76932.25,76073.16,76861.26,15917.0,1400,0.0
2026-05-18 20:00:00,76866.41,77170.8,76735.73,76937.92,7898.0,1400,0.0
2026-05-19 00:00:00,76934.12,77363.91,76415.48,76723.0,10132.0,1400,0.0
2026-05-19 04:00:00,76721.86,77224.44,76560.75,77173.04,8329.0,1400,0.0
2026-05-19 08:00:00,77172.39,77260.58,76552.88,76640.95,9032.0,1400,0.0
2026-05-19 12:00:00,76636.92,76999.28,76069.55,76458.74,15677.0,1400,0.0
2026-05-19 16:00:00,76459.57,77014.16,76332.53,76755.58,9499.0,1400,0.0
2026-05-19 20:00:00,76753.98,76977.82,76572.61,76774.68,6013.0,1400,0.0
2026-05-20 00:00:00,76771.9,76858.46,76435.7,76646.55,10029.0,1400,0.0
2026-05-20 04:00:00,76649.39,77400.79,76604.12,77198.94,7104.0,1400,0.0
2026-05-20 08:00:00,77194.94,77596.86,77120.37,77300.78,5995.0,1400,0.0
2026-05-20 12:00:00,77301.23,77794.29,76812.58,77385.47,16799.0,1400,0.0
2026-05-20 16:00:00,77382.26,77643.09,76924.91,77600.91,10537.0,1400,0.0
2026-05-20 20:00:00,77593.32,77705.86,77136.82,77470.3,7369.0,1400,0.0
2026-05-21 00:00:00,77474.39,78117.5,77426.53,77995.27,7479.0,1400,0.0
2026-05-21 04:00:00,77988.44,78098.47,77428.87,77796.17,6607.0,1400,0.0
2026-05-21 08:00:00,77795.43,78143.8,77052.99,77121.46,9897.0,1400,0.0
2026-05-21 12:00:00,77123.9,77337.44,76645.53,77183.81,14881.0,1400,0.0
2026-05-21 16:00:00,77185.09,78023.73,76912.22,77619.71,14014.0,1400,0.0
2026-05-21 20:00:00,77624.8,77745.02,77448.67,77554.39,5940.0,1400,0.0
2026-05-22 00:00:00,77554.83,77741.97,77246.9,77708.55,6784.0,1400,0.0
2026-05-22 04:00:00,77707.39,77830.04,77184.79,77320.29,6091.0,1400,0.0
2026-05-22 08:00:00,77323.44,77459.61,77083.46,77348.97,6500.0,1400,0.0
2026-05-22 12:00:00,77348.01,77501.97,76471.87,76696.23,11709.0,1400,0.0
2026-05-22 16:00:00,76688.27,77016.48,75559.51,75780.9,14128.0,1400,0.0
2026-05-22 20:00:00,75780.49,75998.3,75256.82,75453.56,8769.0,1400,0.0
2026-05-23 00:00:00,75456.84,75582.23,75112.18,75544.55,7648.0,1400,0.0
2026-05-23 04:00:00,75540.07,75569.46,74153.81,74527.86,8251.0,1400,0.0
2026-05-23 08:00:00,74534.17,74787.25,74254.82,74702.45,6580.0,1400,0.0
2026-05-23 12:00:00,74709.59,75623.62,74566.06,75424.78,7611.0,1400,0.0
2026-05-23 16:00:00,75425.0,75947.31,75265.23,75892.96,7870.0,1400,0.0
2026-05-23 20:00:00,75886.59,77318.21,75848.14,76637.43,15369.0,1400,0.0
2026-05-24 00:00:00,76656.93,76908.62,76520.54,76639.13,6287.0,1400,0.0
2026-05-24 04:00:00,76642.64,76981.01,76540.08,76716.74,5503.0,1400,0.0
2026-05-24 08:00:00,76712.78,77529.05,76623.98,77218.07,7034.0,1400,0.0
2026-05-24 12:00:00,77217.99,77225.87,76091.91,76282.91,9827.0,1400,0.0
2026-05-24 16:00:00,76285.08,76713.6,76266.2,76667.11,7497.0,1400,0.0
2026-05-24 20:00:00,76667.69,77130.01,75993.02,76981.93,12501.0,1400,0.0
2026-05-25 00:00:00,76983.33,77400.5,76821.32,76929.17,9506.0,1400,0.0
2026-05-25 04:00:00,76929.13,77587.39,76884.1,77311.3,7499.0,1400,0.0
2026-05-25 08:00:00,77308.83,77626.79,77183.29,77282.23,6044.0,1400,0.0
2026-05-25 12:00:00,77281.68,77847.75,77193.65,77543.32,7807.0,1400,0.0
2026-05-25 16:00:00,77543.07,77751.69,77268.61,77359.26,5970.0,1400,0.0
2026-05-25 20:00:00,77354.33,77437.32,76973.56,77242.51,6859.0,1400,0.0
2026-05-26 00:00:00,77243.33,77281.1,76381.64,76581.49,9638.0,1400,0.0
2026-05-26 04:00:00,76586.01,76983.57,76503.28,76622.69,6175.0,1400,0.0
2026-05-26 08:00:00,76633.92,77543.24,76476.8,77101.67,9178.0,1400,0.0
2026-05-26 12:00:00,77101.16,78000.96,76164.4,76398.88,19399.0,1400,0.0
2026-05-26 16:00:00,76406.55,76610.06,75631.31,75916.74,12560.0,1400,0.0
2026-05-26 20:00:00,75921.84,76074.03,75550.38,75822.51,7159.0,1400,0.0
2026-05-27 00:00:00,75822.6,76003.51,75465.22,75544.38,7331.0,1400,0.0
2026-05-27 04:00:00,75542.95,75856.54,75183.36,75845.82,7088.0,1400,0.0
2026-05-27 08:00:00,75837.91,75957.45,75579.28,75646.76,6338.0,1400,0.0
2026-05-27 12:00:00,75648.57,76057.33,74625.62,75199.2,18222.0,1400,0.0
2026-05-27 16:00:00,75201.81,75279.85,74513.63,74921.74,11352.0,1400,0.0
2026-05-27 20:00:00,74921.83,75285.83,74113.98,74322.87,12640.0,1400,0.0
2026-05-28 00:00:00,74317.44,74464.24,72951.58,73138.3,15362.0,1400,0.0
2026-05-28 04:00:00,73138.24,73383.06,72582.5,73355.92,11503.0,1400,0.0
2026-05-28 08:00:00,73354.72,73502.92,73060.93,73379.63,7106.0,1400,0.0
2026-05-28 12:00:00,73381.15,73458.64,72446.29,72799.29,18067.0,1400,0.0
2026-05-28 16:00:00,72797.0,73644.31,72590.3,73303.67,10730.0,1400,0.0
2026-05-28 20:00:00,73300.92,73859.1,73122.53,73510.53,6868.0,1400,0.0
2026-05-29 00:00:00,73515.88,73771.07,73075.65,73199.53,7730.0,1400,0.0
2026-05-29 04:00:00,73199.46,73842.88,73090.92,73431.29,6712.0,1400,0.0
2026-05-29 08:00:00,73421.86,73802.29,73235.36,73379.91,6304.0,1400,0.0
2026-05-29 12:00:00,73381.39,74104.03,72377.72,73699.62,19683.0,1400,0.0
2026-05-29 16:00:00,73700.85,74227.81,73062.55,73408.95,13863.0,1400,0.0
2026-05-29 20:00:00,73407.11,73757.06,73209.06,73363.88,6749.0,1400,0.0
2026-05-30 00:00:00,73373.48,73698.16,73297.3,73425.0,5140.0,1400,0.0
2026-05-30 04:00:00,73425.34,73623.02,73081.22,73449.87,5689.0,1400,0.0
2026-05-30 08:00:00,73445.52,73581.65,73391.42,73497.1,4020.0,1400,0.0
2026-05-30 12:00:00,73502.17,74006.65,73480.06,73806.82,5672.0,1400,0.0
2026-05-30 16:00:00,73810.07,74036.67,73692.72,73901.62,4881.0,1400,0.0
2026-05-30 20:00:00,73895.68,73953.31,73669.63,73777.74,4909.0,1400,0.0
2026-05-31 00:00:00,73776.15,74171.98,73733.7,74037.7,5998.0,1400,0.0
2026-05-31 04:00:00,74037.44,74111.43,73709.76,73757.88,4606.0,1400,0.0
2026-05-31 08:00:00,73757.8,73921.62,73613.27,73832.55,4778.0,1400,0.0
2026-05-31 12:00:00,73828.03,73914.67,73357.97,73535.88,6502.0,1400,0.0
2026-05-31 16:00:00,73543.45,73640.47,73281.45,73442.61,5610.0,1400,0.0
2026-05-31 20:00:00,73442.73,74107.22,73392.01,73582.48,8119.0,1400,0.0
2026-06-01 00:00:00,73583.58,73993.97,73104.61,73663.28,11257.0,1400,0.0
2026-06-01 04:00:00,73664.18,73749.21,72593.66,72710.96,9781.0,1400,0.0
2026-06-01 08:00:00,72711.02,73010.25,72129.53,72393.21,8859.0,1400,0.0
2026-06-01 12:00:00,72398.17,72525.35,70932.16,71008.98,24022.0,1400,0.0
2026-06-01 16:00:00,71005.85,71706.59,70563.68,71495.27,13078.0,1400,0.0
2026-06-01 20:00:00,71492.88,71612.32,70739.69,71317.12,9492.0,1400,0.0
2026-06-02 00:00:00,71322.35,71325.21,69974.42,70832.31,14391.0,1400,0.0
2026-06-02 04:00:00,70833.46,70948.87,69610.58,70014.37,14184.0,1400,0.0
2026-06-02 08:00:00,70011.63,70076.79,69206.12,69353.39,13406.0,1400,0.0
2026-06-02 12:00:00,69354.03,69438.19,66940.94,67183.68,31285.0,1400,0.0
2026-06-02 16:00:00,67183.56,68034.58,66316.73,67213.72,22177.0,1400,0.0
2026-06-02 20:00:00,67220.69,67831.38,66084.7,66660.68,26921.0,1400,0.0
2026-06-03 00:00:00,66658.01,67122.18,65317.76,65767.21,20574.0,1400,0.0
2026-06-03 04:00:00,65761.51,67426.7,65732.13,67127.31,19680.0,1400,0.0
2026-06-03 08:00:00,67126.6,67390.75,66549.18,66972.81,11620.0,1400,0.0
2026-06-03 12:00:00,66974.08,67158.29,65960.18,65983.01,25814.0,1400,0.0
2026-06-03 16:00:00,65986.69,66287.4,65138.5,65382.79,25076.0,1400,0.0
2026-06-03 20:00:00,65373.79,65766.61,63987.29,64055.82,32419.0,1400,0.0
2026-06-04 00:00:00,64049.4,64450.87,61308.32,64289.06,61375.0,1400,0.0
2026-06-04 04:00:00,64292.12,64698.88,63415.3,63531.45,25341.0,1400,0.0
2026-06-04 08:00:00,63532.61,63841.12,62124.52,62483.62,32912.0,1008,0.0
2026-06-04 12:00:00,62481.74,64436.49,62306.6,63820.84,50825.0,1008,0.0
2026-06-04 16:00:00,63825.69,64085.38,62854.85,63538.09,30319.0,1008,0.0
2026-06-04 20:00:00,63541.51,63855.79,63037.88,63804.36,26528.0,1008,0.0
2026-06-05 00:00:00,63801.02,63907.63,62261.04,62663.03,31040.0,1008,0.0
2026-06-05 04:00:00,62659.61,63623.48,61054.4,63052.98,57919.0,1008,0.0
2026-06-05 08:00:00,63058.79,63208.84,61892.0,61892.0,30609.0,1008,0.0
2026-06-05 12:00:00,61893.92,62407.98,60002.81,60390.49,70167.0,1008,0.0
2026-06-05 16:00:00,60388.14,61528.07,59073.29,60262.83,74212.0,1008,0.0
2026-06-05 20:00:00,60260.43,61988.73,59908.25,61028.97,49337.0,1008,0.0
2026-06-06 00:00:00,61031.46,61513.37,60489.84,60668.97,22994.0,1008,0.0
2026-06-06 04:00:00,60659.53,61248.35,59471.19,60977.8,42158.0,1008,0.0
2026-06-06 08:00:00,60977.38,61473.2,60154.27,60781.81,22368.0,1008,0.0
2026-06-06 12:00:00,60778.5,61156.99,60359.78,60751.55,21017.0,1008,0.0
2026-06-06 16:00:00,60746.6,60946.61,60362.15,60571.2,15839.0,1008,0.0
2026-06-06 20:00:00,60566.05,60978.35,60389.96,60847.7,12310.0,1008,0.0
2026-06-07 00:00:00,60845.51,61763.16,60714.31,61665.53,17678.0,1008,0.0
2026-06-07 04:00:00,61663.17,62390.4,61452.27,62370.13,16519.0,1008,0.0
2026-06-07 08:00:00,62370.86,62948.26,62225.95,62608.03,16692.0,1008,0.0
2026-06-07 12:00:00,62602.15,62622.11,61530.75,62072.38,24756.0,1008,0.0
2026-06-07 16:00:00,62071.2,62329.51,61144.54,61302.62,17740.0,1008,0.0
2026-06-07 20:00:00,61300.84,64251.47,61184.06,63296.14,33233.0,1008,0.0
2026-06-08 00:00:00,63297.59,63859.52,62678.34,63098.47,26011.0,1008,0.0
2026-06-08 04:00:00,63101.16,63305.47,62371.36,63246.72,19586.0,1008,0.0
2026-06-08 08:00:00,63247.39,63842.05,62937.64,63442.13,19111.0,1008,0.0
2026-06-08 12:00:00,63446.28,64194.07,62652.34,63739.92,38062.0,1000,0.0
2026-06-08 16:00:00,63740.6,64021.18,63210.53,63361.33,18732.0,1000,0.0
2026-06-08 20:00:00,63360.25,63844.98,62947.15,63065.32,14677.0,1000,0.0
2026-06-09 00:00:00,63064.97,63166.18,62391.41,62837.8,19702.0,1000,0.0
2026-06-09 04:00:00,62838.61,63499.5,62716.62,63160.49,13583.0,1000,0.0
2026-06-09 08:00:00,63163.59,63175.06,62458.95,62667.03,12407.0,1000,0.0
2026-06-09 12:00:00,62664.93,62868.62,60982.78,61082.04,36659.0,1000,0.0
2026-06-09 16:00:00,61079.85,62059.41,60727.23,62042.72,32430.0,1000,0.0
2026-06-09 20:00:00,62043.91,62231.03,61503.02,61682.23,12354.0,1000,0.0
2026-06-10 00:00:00,61687.04,61942.41,61189.02,61504.71,17971.0,1000,0.0
2026-06-10 04:00:00,61501.68,61758.48,61032.69,61641.23,13801.0,1000,0.0
2026-06-10 08:00:00,61642.3,61696.8,60677.19,60972.29,19847.0,1000,0.0
2026-06-10 12:00:00,60978.26,62816.78,60902.45,62582.83,39065.0,1000,0.0
2026-06-10 16:00:00,62588.89,62603.7,61520.32,61881.33,26256.0,1000,0.0
2026-06-10 20:00:00,61874.63,61892.49,61032.12,61449.09,17068.0,1000,0.0
2026-06-11 00:00:00,61450.27,62827.23,61450.27,62600.09,16717.0,1000,0.0
2026-06-11 04:00:00,62605.12,62943.54,62459.71,62647.16,11805.0,1000,0.0
2026-06-11 08:00:00,62642.21,63201.94,62638.33,63047.39,10192.0,1000,0.0
2026-06-11 12:00:00,63047.23,63174.5,62427.55,62683.06,25772.0,1000,0.0
2026-06-11 16:00:00,62682.72,63873.2,62267.63,63540.16,26872.0,1000,0.0
2026-06-11 20:00:00,63567.27,63673.62,63203.77,63562.96,9447.0,1000,0.0
2026-06-12 00:00:00,63562.21,63742.71,63221.56,63429.67,10718.0,1000,0.0
2026-06-12 04:00:00,63431.81,63784.89,62749.02,63019.72,12088.0,1000,0.0
2026-06-12 08:00:00,63018.37,63887.4,63011.91,63684.98,12711.0,1000,0.0
2026-06-12 12:00:00,63683.3,64350.77,62976.76,63551.14,26715.0,1000,0.0
2026-06-12 16:00:00,63555.22,64075.82,63471.44,63550.55,15777.0,1000,0.0
2026-06-12 20:00:00,63553.48,63662.57,63347.98,63544.47,7630.0,1000,0.0
2026-06-13 00:00:00,63538.58,63821.68,63359.57,63494.48,6710.0,1000,0.0
2026-06-13 04:00:00,63495.94,63866.28,63441.8,63812.68,6165.0,1000,0.0
2026-06-13 08:00:00,63809.98,63936.02,63673.23,63924.5,5789.0,1000,0.0
2026-06-13 12:00:00,63924.51,64314.52,63876.69,64256.73,7125.0,1000,0.0
2026-06-13 16:00:00,64260.78,64304.45,63868.16,64271.82,7739.0,1000,0.0
2026-06-13 20:00:00,64267.4,64742.91,64185.12,64427.92,7650.0,1000,0.0
2026-06-14 00:00:00,64417.54,64692.47,64346.29,64513.0,6780.0,1000,0.0
2026-06-14 04:00:00,64517.85,64532.14,64183.57,64389.36,5715.0,1000,0.0
2026-06-14 08:00:00,64396.92,64639.49,64274.54,64517.35,6066.0,1000,0.0
2026-06-14 12:00:00,64514.65,64534.49,63822.01,63993.94,8530.0,1000,0.0
2026-06-14 16:00:00,63988.1,64179.94,63633.46,63764.1,7058.0,1000,0.0
2026-06-14 20:00:00,63766.97,65772.55,63749.79,65701.62,22812.0,1000,0.0
2026-06-15 00:00:00,65693.86,65986.16,65309.86,65888.95,12515.0,1000,0.0
2026-06-15 04:00:00,65883.89,65973.89,65565.43,65635.19,8426.0,1000,0.0
2026-06-15 08:00:00,65634.15,66350.2,65459.37,66188.32,10489.0,1000,0.0
2026-06-15 12:00:00,66196.95,67254.92,66051.86,67252.22,19587.0,1000,0.0
2026-06-15 16:00:00,67255.34,67262.82,66317.77,66579.03,13960.0,1000,0.0
2026-06-15 20:00:00,66580.82,66662.68,66060.67,66279.89,11019.0,1000,0.0
2026-06-16 00:00:00,66279.36,66426.57,65591.5,66115.86,11179.0,1000,0.0
2026-06-16 04:00:00,66122.65,66537.3,65760.23,66337.29,9762.0,1000,0.0
2026-06-16 08:00:00,66337.29,66951.57,66298.88,66439.19,11242.0,1000,0.0
2026-06-16 12:00:00,66438.36,66767.25,65301.52,65816.9,23460.0,1000,0.0
2026-06-16 16:00:00,65814.06,66198.85,65490.29,65617.77,12957.0,1000,0.0
2026-06-16 20:00:00,65616.07,65884.4,65522.71,65614.7,7357.0,1000,0.0
2026-06-17 00:00:00,65613.06,66069.63,65403.84,65791.59,9896.0,1000,0.0
2026-06-17 04:00:00,65793.78,65987.86,65173.46,65469.59,8740.0,1000,0.0
2026-06-17 08:00:00,65465.15,65514.04,64494.71,64751.03,13071.0,1000,0.0
2026-06-17 12:00:00,64750.38,65809.54,64531.17,65691.47,19840.0,1000,0.0
2026-06-17 16:00:00,65691.04,66400.2,63989.2,64246.03,39909.0,1000,0.0
2026-06-17 20:00:00,64248.21,64470.4,63850.94,64442.86,12901.0,1000,0.0
2026-06-18 00:00:00,64445.61,64751.28,64192.68,64225.06,10530.0,1000,0.0
2026-06-18 04:00:00,64223.98,64450.55,63616.75,64433.77,12928.0,1000,0.0
2026-06-18 08:00:00,64441.32,64595.68,63819.66,63903.18,10446.0,1000,0.0
2026-06-18 12:00:00,63913.31,64385.66,62211.83,62302.21,27461.0,1000,0.0
2026-06-18 16:00:00,62298.15,62934.85,62180.46,62879.88,17081.0,1000,0.0
2026-06-18 20:00:00,62891.63,63205.79,62665.46,62877.01,8867.0,1000,0.0
2026-06-19 00:00:00,62877.02,63047.61,62306.13,62704.47,10404.0,1000,0.0
2026-06-19 04:00:00,62706.25,62868.56,62344.05,62562.58,10380.0,1000,0.0
2026-06-19 08:00:00,62565.3,62726.32,62239.87,62560.09,10168.0,1000,0.0
2026-06-19 12:00:00,62566.87,63368.32,62286.08,63161.1,15931.0,1000,0.0
2026-06-19 16:00:00,63150.72,63336.92,62803.34,62973.09,10776.0,1000,0.0
2026-06-19 20:00:00,62974.97,63619.17,62895.5,63480.64,7518.0,1000,0.0
2026-06-20 00:00:00,63481.02,63722.4,63257.09,63412.1,8270.0,1000,0.0
2026-06-20 04:00:00,63416.59,63859.07,63336.61,63595.68,8019.0,1000,0.0
2026-06-20 08:00:00,63595.01,63741.21,63324.85,63615.6,6854.0,1000,0.0
2026-06-20 12:00:00,63614.73,64336.26,63108.04,64088.15,14121.0,1000,0.0
2026-06-20 16:00:00,64089.54,64115.68,63626.41,63873.88,8681.0,1000,0.0
2026-06-20 20:00:00,63865.94,64284.95,63776.49,64224.77,7248.0,1000,0.0
2026-06-21 00:00:00,64225.1,64394.63,64128.14,64350.78,5922.0,1000,0.0
2026-06-21 04:00:00,64346.21,64518.1,64087.8,64113.56,6010.0,1000,0.0
2026-06-21 08:00:00,64113.4,64400.66,63816.02,64096.58,8474.0,1000,0.0
2026-06-21 12:00:00,64104.19,64286.82,63865.54,64143.65,8240.0,1000,0.0
2026-06-21 16:00:00,64142.57,64235.91,63849.72,64127.84,7217.0,1000,0.0
2026-06-21 20:00:00,64124.99,64189.87,63184.21,63242.58,14292.0,1000,0.0
2026-06-22 00:00:00,63253.26,64735.89,63229.94,63889.08,20392.0,1000,0.0
2026-06-22 04:00:00,63888.01,64333.86,63784.23,64130.65,10361.0,1000,0.0
2026-06-22 08:00:00,64138.74,64709.01,63966.29,64581.52,11479.0,1000,0.0
2026-06-22 12:00:00,64583.75,65566.57,64506.87,64769.06,23412.0,1000,0.0
2026-06-22 16:00:00,64767.51,64795.11,64191.31,64392.91,13268.0,1000,0.0
2026-06-22 20:00:00,64396.84,64600.52,63723.8,63947.44,10748.0,1000,0.0
2026-06-23 00:00:00,63944.93,64206.13,63755.25,63985.97,10019.0,1000,0.0
2026-06-23 04:00:00,63993.27,64016.92,62493.36,62808.96,16586.0,1000,0.0
2026-06-23 08:00:00,62805.7,62870.14,61848.71,62431.41,15519.0,1000,0.0
2026-06-23 12:00:00,62431.67,62797.03,61866.84,62408.31,24077.0,1000,0.0
2026-06-23 16:00:00,62403.69,62756.83,62014.39,62311.54,14307.0,1000,0.0
2026-06-23 20:00:00,62313.88,62726.24,62288.36,62654.24,8780.0,1000,0.0
2026-06-24 00:00:00,62654.3,63044.46,62374.93,62654.03,13424.0,1000,0.0
2026-06-24 04:00:00,62653.28,62995.77,62443.2,62571.36,9641.0,1000,0.0
2026-06-24 08:00:00,62571.29,63146.25,62214.43,62832.35,11427.0,1000,0.0
2026-06-24 12:00:00,62838.8,62890.64,60172.27,60192.67,38476.0,1000,0.0
2026-06-24 16:00:00,60192.11,60598.36,59011.53,59861.65,40590.0,1000,0.0
2026-06-24 20:00:00,59857.92,61183.68,59752.62,60984.45,22265.0,1000,0.0
2026-06-25 00:00:00,60983.43,61072.95,60578.62,60784.69,12367.0,1000,0.0
2026-06-25 04:00:00,60790.21,61869.93,60685.04,61816.53,13578.0,1000,0.0
2026-06-25 08:00:00,61816.46,61832.26,60965.68,61184.88,9895.0,1000,0.0
2026-06-25 12:00:00,61185.96,61662.59,57997.97,59473.03,74465.0,1000,0.0
2026-06-25 16:00:00,59474.96,59971.44,59038.58,59230.63,30039.0,1000,0.0
2026-06-25 20:00:00,59235.0,60176.61,59222.55,59707.6,14947.0,1000,0.0
2026-06-26 00:00:00,59710.78,60050.05,58238.47,59942.21,30352.0,1000,0.0
2026-06-26 04:00:00,59949.19,60675.82,59600.66,60439.63,20142.0,1000,0.0
2026-06-26 08:00:00,60435.78,60481.89,59148.9,59330.08,19450.0,1000,0.0
2026-06-26 12:00:00,59330.86,60421.82,58367.06,60230.04,56818.0,1000,0.0
2026-06-26 16:00:00,60227.54,60505.28,59451.94,59656.64,22834.0,1000,0.0
2026-06-26 20:00:00,59654.9,60040.67,59481.71,60017.01,11368.0,1000,0.0
2026-06-27 00:00:00,60019.04,60327.69,59789.65,60207.39,8378.0,1000,0.0
2026-06-27 04:00:00,60207.01,60490.6,60008.3,60449.39,7821.0,1000,0.0
2026-06-27 08:00:00,60452.13,60455.25,60096.77,60264.01,6349.0,1000,0.0
2026-06-27 12:00:00,60266.4,60857.31,60152.14,60741.59,8907.0,1000,0.0
2026-06-27 16:00:00,60741.52,60765.81,59974.03,60086.98,9090.0,1000,0.0
2026-06-27 20:00:00,60081.45,60398.16,59749.51,59943.44,9046.0,1000,0.0
2026-06-28 00:00:00,59943.49,60256.51,59883.6,60114.81,6669.0,1000,0.0
2026-06-28 04:00:00,60111.47,60182.96,59653.48,60131.53,7676.0,1000,0.0
2026-06-28 08:00:00,60131.2,60469.2,59972.13,60254.7,8426.0,1000,0.0
2026-06-28 12:00:00,60254.12,60376.85,59725.11,59804.49,10833.0,1000,0.0
2026-06-28 16:00:00,59805.67,59864.96,59174.13,59387.54,13121.0,1000,0.0
2026-06-28 20:00:00,59388.03,59823.78,58821.49,59482.07,20597.0,1000,0.0
2026-06-29 00:00:00,59488.8,60144.27,58782.15,59948.75,27896.0,1000,0.0
2026-06-29 04:00:00,59949.4,60255.52,59284.35,59928.31,15473.0,1000,0.0
2026-06-29 08:00:00,59932.31,60234.18,59646.81,59864.56,14493.0,1000,0.0
2026-06-29 12:00:00,59864.77,60708.31,58898.27,59705.78,47484.0,1000,0.0
2026-06-29 16:00:00,59706.14,60597.46,59477.21,60345.52,19709.0,1000,0.0
2026-06-29 20:00:00,60338.82,60505.48,60086.4,60166.82,8616.0,1000,0.0
2026-06-30 00:00:00,60160.64,60189.66,59488.88,59515.19,11873.0,1000,0.0
2026-06-30 04:00:00,59518.55,59630.51,59253.59,59428.78,9131.0,1000,0.0
2026-06-30 08:00:00,59429.25,59464.32,59025.64,59087.18,10960.0,1000,0.0
2026-06-30 12:00:00,59080.92,59176.37,58081.63,58283.53,35280.0,1000,0.0
2026-06-30 16:00:00,58291.15,58755.86,58139.97,58726.53,15541.0,1000,0.0
2026-06-30 20:00:00,58717.87,58785.28,58406.87,58538.71,9156.0,1000,0.0
2026-07-01 00:00:00,58539.82,59225.98,57703.29,59096.75,22945.0,1000,0.0
2026-07-01 04:00:00,59106.11,59385.78,58440.85,58688.91,12023.0,1000,0.0
2026-07-01 08:00:00,58687.49,59021.72,58408.69,58536.86,11496.0,1000,0.0
2026-07-01 12:00:00,58537.11,60483.17,58242.75,60082.29,33091.0,1000,0.0
2026-07-01 16:00:00,60089.62,60296.04,59720.85,59970.55,13302.0,1000,0.0
2026-07-01 20:00:00,59970.15,61288.95,59806.63,59966.8,15603.0,1000,0.0
2026-07-02 00:00:00,59972.31,61061.22,59518.32,60990.3,16345.0,1000,0.0
2026-07-02 04:00:00,60988.8,60988.8,60018.07,60064.67,12195.0,1000,0.0
2026-07-02 08:00:00,60061.86,61357.37,60051.9,61276.61,18902.0,1000,0.0
2026-07-02 12:00:00,61274.85,62146.29,61059.26,61547.81,33688.0,1000,0.0
2026-07-02 16:00:00,61547.34,61877.42,61079.84,61420.59,16246.0,1000,0.0
2026-07-02 20:00:00,61415.78,61593.4,61264.13,61488.67,7021.0,1000,0.0
2026-07-03 00:00:00,61482.8,61658.37,61165.35,61345.49,12054.0,1000,0.0
2026-07-03 04:00:00,61347.21,61800.66,61255.79,61681.21,8656.0,1000,0.0
2026-07-03 08:00:00,61684.27,62035.76,61437.87,61939.23,11137.0,1000,0.0
2026-07-03 12:00:00,61938.56,62351.05,61617.15,61868.07,14352.0,1000,0.0
2026-07-03 16:00:00,61864.34,62262.72,61842.85,62143.98,8209.0,1000,0.0
2026-07-03 20:00:00,62150.49,62910.96,62124.32,62519.54,10437.0,1000,0.0
2026-07-04 00:00:00,62522.24,62890.49,62337.29,62569.96,8075.0,1000,0.0
2026-07-04 04:00:00,62570.11,62701.17,62268.4,62508.13,6700.0,1000,0.0
2026-07-04 08:00:00,62506.06,62623.99,62344.5,62422.7,5720.0,1000,0.0
2026-07-04 12:00:00,62426.13,63043.93,62425.7,62883.29,9349.0,1000,0.0
2026-07-04 16:00:00,62882.36,63420.49,62725.44,63234.45,10404.0,1000,0.0
2026-07-04 20:00:00,63240.05,63403.45,62869.4,63093.3,7367.0,1000,0.0
2026-07-05 00:00:00,63090.34,63091.72,62533.3,62711.43,8321.0,1000,0.0
2026-07-05 04:00:00,62712.08,63002.08,62595.95,62957.04,7058.0,1000,0.0
2026-07-05 08:00:00,62959.52,63053.59,62371.63,62596.57,7893.0,1000,0.0
2026-07-05 12:00:00,62598.09,62895.44,62497.01,62687.13,7457.0,1000,0.0
2026-07-05 16:00:00,62684.12,62837.54,62528.46,62714.11,6609.0,1000,0.0
2026-07-05 20:00:00,62709.64,63951.7,62551.36,63579.74,13363.0,1000,0.0
2026-07-06 00:00:00,63580.85,63868.22,63069.85,63236.94,14658.0,1000,0.0
2026-07-06 04:00:00,63236.55,63338.23,62819.33,63017.4,9323.0,1000,0.0
2026-07-06 08:00:00,63017.99,63180.98,62426.08,62433.37,8882.0,1000,0.0
2026-07-06 12:00:00,62432.1,63505.76,61252.63,63499.87,35857.0,1000,0.0
2026-07-06 16:00:00,63498.05,63944.82,63337.41,63699.01,17732.0,1000,0.0
2026-07-06 20:00:00,63697.02,64668.23,63535.81,64001.94,14393.0,1000,0.0
2026-07-07 00:00:00,64001.6,64279.7,63097.51,63145.28,13824.0,1000,0.0
2026-07-07 04:00:00,63144.49,63401.32,62728.33,63031.32,9983.0,1000,0.0
2026-07-07 08:00:00,63031.31,63401.44,62921.45,63343.02,8574.0,1000,0.0
2026-07-07 12:00:00,63345.53,64063.86,62605.32,63889.14,32844.0,1000,0.0
2026-07-07 16:00:00,63891.78,64204.76,63332.32,63782.2,17725.0,1000,0.0
2026-07-07 20:00:00,63777.25,63864.32,63163.8,63314.03,10328.0,1000,0.0
2026-07-08 00:00:00,63319.14,63725.4,62472.5,62725.15,14911.0,1000,0.0
2026-07-08 04:00:00,62727.52,62857.67,62413.06,62826.88,10861.0,1000,0.0
2026-07-08 08:00:00,62828.31,62899.31,61670.82,62247.57,19446.0,1000,0.0
2026-07-08 12:00:00,62251.37,62369.83,61471.62,61633.46,22041.0,1000,0.0
2026-07-08 16:00:00,61635.11,62349.36,61619.93,62216.88,13044.0,1000,0.0
2026-07-08 20:00:00,62226.79,62307.05,61896.29,62239.37,9058.0,1000,0.0
2026-07-09 00:00:00,62237.97,62595.83,61633.42,61912.62,14640.0,1000,0.0
2026-07-09 04:00:00,61916.26,63234.77,61899.32,62949.25,12712.0,1000,0.0
2026-07-09 08:00:00,62947.36,63049.93,62546.2,62720.77,9505.0,1000,0.0
2026-07-09 12:00:00,62720.23,63208.4,62393.52,62808.2,23481.0,1000,0.0
2026-07-09 16:00:00,62807.16,63454.16,62494.37,63196.19,15848.0,1000,0.0
2026-07-09 20:00:00,63198.59,63378.51,63006.88,63170.83,16171.0,1000,0.0
2026-07-10 00:00:00,63171.6,64005.66,62866.25,63897.11,20298.0,1000,0.0
2026-07-10 04:00:00,63897.13,64165.45,63744.65,63936.25,16024.0,1000,0.0
2026-07-10 08:00:00,63936.26,64464.87,63922.9,64380.36,17265.0,1000,0.0
2026-07-10 12:00:00,64380.39,64662.84,63738.93,63991.78,25674.0,1000,0.0
2026-07-10 16:00:00,63987.59,64179.08,63688.73,63886.13,17792.0,1000,0.0
2026-07-10 20:00:00,63884.14,64169.19,63592.15,64117.34,15378.0,1000,0.0
2026-07-11 00:00:00,64118.67,64274.66,63934.84,64107.33,14804.0,1000,0.0
2026-07-11 04:00:00,64108.17,64230.39,64034.57,64106.88,13613.0,1000,0.0
2026-07-11 08:00:00,64105.75,64265.5,64076.4,64139.16,13386.0,1000,0.0
2026-07-11 12:00:00,64139.16,64470.28,63765.6,64120.72,15835.0,1000,0.0
2026-07-11 16:00:00,64121.57,64360.42,64034.25,64236.95,15075.0,1000,0.0
2026-07-11 20:00:00,64237.11,64419.76,63765.6,63772.93,15555.0,1000,0.0
2026-07-12 00:00:00,63772.95,64197.84,63643.98,64181.4,16693.0,1000,0.0
2026-07-12 04:00:00,64178.03,64225.89,63586.66,63845.18,14045.0,1000,0.0
2026-07-12 08:00:00,63957.96,64048.91,63710.0,63962.34,13919.0,1000,0.0
2026-07-12 12:00:00,63961.67,64255.35,63909.98,64131.62,15196.0,1000,0.0
2026-07-12 16:00:00,64130.03,64240.19,63967.46,64191.25,13848.0,1000,0.0
2026-07-12 20:00:00,64192.93,64217.7,63622.93,63747.81,16408.0,1000,0.0
2026-07-13 00:00:00,63746.18,64400.12,62686.08,62764.56,28530.0,1000,0.0
2026-07-13 04:00:00,62764.56,63010.86,62429.66,62940.39,18528.0,1000,0.0
2026-07-13 08:00:00,62940.82,63234.48,62795.24,62846.55,15716.0,1000,0.0
2026-07-13 12:00:00,62846.3,62932.2,62025.09,62545.77,24715.0,1000,0.0
2026-07-13 16:00:00,62549.25,62568.08,61750.99,62203.63,19324.0,1000,0.0
2026-07-13 20:00:00,62203.39,62284.82,61796.2,62265.85,16753.0,1000,0.0
2026-07-14 00:00:00,62262.32,62598.04,62189.11,62492.23,18317.0,1000,0.0
2026-07-14 04:00:00,62492.04,62810.15,62424.11,62470.84,16304.0,1000,0.0
2026-07-14 08:00:00,62468.33,62855.46,62399.97,62769.81,16136.0,1000,0.0
2026-07-14 12:00:00,62769.76,64923.8,62706.1,64704.93,31282.0,1000,0.0
2026-07-14 16:00:00,64701.4,64858.15,64185.91,64533.43,19227.0,1000,0.0
2026-07-14 20:00:00,64538.01,65086.59,64371.33,64982.9,16874.0,1000,0.0
2026-07-15 00:00:00,64995.1,65019.82,64430.46,64735.81,16104.0,1000,0.0
2026-07-15 04:00:00,64734.78,65243.39,64429.61,64499.62,17646.0,1000,0.0
2026-07-15 08:00:00,64500.48,64873.66,64500.48,64680.84,15573.0,1000,0.0
2026-07-15 12:00:00,64680.82,65553.1,64537.34,65365.07,28574.0,1000,0.0
2026-07-15 16:00:00,65363.1,65409.75,64689.94,64938.13,18664.0,1000,0.0
2026-07-15 20:00:00,64937.77,65013.31,64642.74,64715.48,15097.0,1000,0.0
2026-07-16 00:00:00,64710.25,64805.16,64341.32,64564.84,16508.0,1000,0.0
2026-07-16 04:00:00,64567.77,64949.34,64012.94,64169.18,16631.0,1000,0.0
2026-07-16 08:00:00,64168.66,64310.45,63813.98,64196.42,17579.0,1000,0.0
2026-07-16 12:00:00,64196.43,64850.43,63801.41,64656.61,24360.0,1000,0.0
2026-07-16 16:00:00,64658.36,64669.78,63937.41,64221.45,20022.0,1000,0.0
2026-07-16 20:00:00,64220.88,64231.84,63688.66,63775.32,15777.0,1000,0.0
2026-07-17 00:00:00,63774.65,64013.9,63325.98,63513.82,20270.0,1000,0.0
2026-07-17 04:00:00,63515.32,63521.46,62640.94,62772.55,18184.0,1000,0.0
2026-07-17 08:00:00,62772.62,63300.81,62579.28,63243.47,16300.0,1000,0.0
2026-07-17 12:00:00,63243.44,63464.91,62468.14,63404.33,27282.0,1000,0.0
2026-07-17 16:00:00,63416.02,64349.3,63245.77,64110.74,21502.0,1000,0.0
2026-07-17 20:00:00,64108.49,64184.16,63837.81,63895.54,14703.0,1000,0.0
2026-07-18 00:00:00,63890.29,63989.8,63834.41,63963.45,13566.0,1000,0.0
2026-07-18 04:00:00,63963.46,63983.63,63872.44,63956.02,12972.0,1000,0.0
2026-07-18 08:00:00,63956.3,64050.65,63882.74,64013.05,12334.0,1000,0.0
2026-07-18 12:00:00,64011.21,64222.55,63910.58,64070.71,14391.0,1000,0.0
2026-07-18 16:00:00,64072.99,64633.33,64037.92,64506.9,14915.0,1000,0.0
2026-07-18 20:00:00,64510.84,64829.92,64458.96,64794.89,14775.0,1000,0.0
2026-07-19 00:00:00,64795.85,64930.05,64571.93,64665.72,14124.0,1000,0.0
2026-07-19 04:00:00,64666.27,64771.19,64559.14,64668.8,13385.0,1000,0.0
2026-07-19 08:00:00,64668.8,64697.44,64392.06,64428.83,13976.0,1000,0.0
2026-07-19 12:00:00,64429.64,64616.28,64236.92,64522.74,15271.0,1000,0.0
2026-07-19 16:00:00,64522.79,64710.38,64237.74,64404.1,15593.0,1000,0.0
2026-07-19 20:00:00,64404.09,64856.81,64279.59,64675.36,17549.0,1000,0.0
2026-07-20 00:00:00,64678.41,65055.85,64361.1,64814.28,22687.0,1000,0.0
2026-07-20 04:00:00,64812.39,64822.86,63698.03,64214.04,21337.0,1000,0.0
2026-07-20 08:00:00,64213.58,65016.2,63820.45,64931.02,18635.0,1000,0.0
2026-07-20 12:00:00,64932.45,65645.65,64003.53,65538.02,28067.0,1000,0.0
2026-07-20 16:00:00,65538.02,65761.06,64991.42,65098.4,20306.0,1000,0.0
2026-07-20 20:00:00,65100.25,65401.91,65006.87,65206.12,15579.0,1000,0.0
2026-07-21 00:00:00,65205.63,65618.95,65097.96,65513.1,18222.0,1000,0.0
2026-07-21 04:00:00,65513.85,66204.7,65429.16,66138.61,18000.0,1000,0.0
2026-07-21 08:00:00,66137.81,66382.42,66072.67,66300.67,16665.0,1000,0.0
2026-07-21 12:00:00,66301.44,66918.36,66215.0,66647.44,21449.0,1000,0.0
2026-07-21 16:00:00,66647.3,66738.05,65946.53,66405.71,18015.0,1000,0.0
2026-07-21 20:00:00,66406.47,66538.22,66157.85,66512.8,15487.0,1000,0.0
2026-07-22 00:00:00,66512.58,66703.41,66125.53,66157.54,17271.0,1000,0.0
2026-07-22 04:00:00,66155.17,66383.17,65644.19,65793.2,16863.0,1000,0.0
2026-07-22 08:00:00,65792.64,66119.7,65791.88,65973.07,15729.0,1000,0.0
2026-07-22 12:00:00,65970.67,66167.65,65489.26,66011.96,22217.0,1000,0.0
2026-07-22 16:00:00,66003.98,66367.56,65647.25,65888.94,18959.0,1000,0.0
2026-07-22 20:00:00,65879.11,66117.48,65746.13,66076.33,16052.0,1000,0.0
2026-07-23 00:00:00,66076.54,66280.76,65541.44,65624.91,17101.0,1000,0.0
2026-07-23 04:00:00,65625.18,65792.24,65305.52,65398.57,15968.0,1000,0.0
2026-07-23 08:00:00,65399.46,65755.18,65370.3,65526.11,15008.0,1000,0.0
2026-07-23 12:00:00,65524.56,65556.45,64666.77,64913.01,22589.0,1000,0.0
2026-07-23 16:00:00,64913.94,64913.94,64592.13,64779.86,17037.0,1000,0.0
2026-07-23 20:00:00,64777.15,65174.81,64767.33,65042.09,15155.0,1000,0.0
2026-07-24 00:00:00,65048.64,65409.51,64702.4,65398.78,17196.0,1000,0.0
2026-07-24 04:00:00,65398.8,65760.78,65185.99,65454.31,15832.0,1000,0.0
2026-07-24 08:00:00,65452.54,65460.82,64799.25,65026.39,16047.0,1000,0.0
2026-07-24 12:00:00,65026.39,65087.16,63644.73,64023.25,24909.0,1000,0.0
2026-07-24 16:00:00,64018.79,64237.62,63810.27,64163.25,16680.0,1000,0.0
2026-07-24 20:00:00,64163.12,64227.8,64063.08,64084.28,13951.0,1000,0.0
2026-07-25 00:00:00,64084.26,64119.39,63938.37,64015.58,13608.0,1000,0.0
2026-07-25 04:00:00,64016.57,64144.04,63894.13,63940.67,13301.0,1000,0.0
2026-07-25 08:00:00,63940.68,64049.01,63725.55,63993.3,13620.0,1000,0.0
2026-07-25 12:00:00,63993.56,64214.99,63967.99,64118.64,13737.0,1000,0.0
2026-07-25 16:00:00,64118.13,64388.16,64049.9,64327.01,13809.0,1000,0.0
2026-07-25 20:00:00,64325.65,64367.88,64189.38,64304.79,13281.0,1000,0.0
2026-07-26 00:00:00,64303.71,64524.64,64283.58,64489.69,13390.0,1000,0.0
2026-07-26 04:00:00,64489.87,64533.15,64221.93,64301.49,13145.0,1000,0.0
2026-07-26 08:00:00,64300.32,64349.66,64280.07,64334.92,2226.0,1000,0.0
