time,open,high,low,close,tick_volume,spread,real_volume
2026-05-24 19:00:00,76555.18,76650.37,76533.53,76536.21,434.0,1400,0.0
2026-05-24 19:15:00,76533.75,76661.21,76508.39,76562.33,474.0,1400,0.0
2026-05-24 19:30:00,76562.22,76639.51,76537.0,76606.71,362.0,1400,0.0
2026-05-24 19:45:00,76603.08,76686.38,76596.5,76667.11,334.0,1400,0.0
2026-05-24 20:00:00,76667.69,76708.08,76551.82,76585.6,491.0,1400,0.0
2026-05-24 20:15:00,76581.72,76621.33,76493.26,76578.39,455.0,1400,0.0
2026-05-24 20:30:00,76579.66,76624.78,76535.65,76588.72,568.0,1400,0.0
2026-05-24 20:45:00,76588.81,76622.56,76520.25,76560.18,399.0,1400,0.0
2026-05-24 21:00:00,76564.43,76653.28,76543.04,76621.79,398.0,1400,0.0
2026-05-24 21:15:00,76614.83,76625.93,76364.22,76436.36,406.0,1400,0.0
2026-05-24 21:30:00,76437.2,76480.61,76015.22,76058.72,1213.0,1400,0.0
2026-05-24 21:45:00,76058.63,76188.81,75993.02,76046.34,800.0,1400,0.0
2026-05-24 22:00:00,76047.78,76930.23,76025.03,76881.51,2359.0,1400,0.0
2026-05-24 22:15:00,76881.43,76885.56,76717.1,76755.48,824.0,1400,0.0
2026-05-24 22:30:00,76754.24,76875.71,76564.01,76693.38,849.0,1400,0.0
2026-05-24 22:45:00,76693.71,76908.76,76686.46,76715.84,696.0,1400,0.0
2026-05-24 23:00:00,76716.17,76878.58,76709.0,76859.29,732.0,1400,0.0
2026-05-24 23:15:00,76859.75,76933.03,76712.14,76763.83,600.0,1400,0.0
2026-05-24 23:30:00,76762.66,77130.01,76751.97,77091.39,1045.0,1400,0.0
2026-05-24 23:45:00,77091.49,77100.44,76956.26,76981.93,666.0,1400,0.0
2026-05-25 00:00:00,76983.33,77116.37,76974.7,77101.54,777.0,1400,0.0
2026-05-25 00:15:00,77100.65,77179.14,77024.44,77117.18,722.0,1400,0.0
2026-05-25 00:30:00,77117.77,77179.86,77020.84,77026.72,643.0,1400,0.0
2026-05-25 00:45:00,77025.27,77201.1,76987.32,77057.73,614.0,1400,0.0
2026-05-25 01:00:00,77060.31,77105.88,76907.5,77093.19,661.0,1400,0.0
2026-05-25 01:15:00,77095.79,77156.03,77047.06,77088.1,542.0,1400,0.0
2026-05-25 01:30:00,77085.2,77127.95,77000.31,77030.61,508.0,1400,0.0
2026-05-25 01:45:00,77030.7,77090.51,76821.32,76857.89,508.0,1400,0.0
2026-05-25 02:00:00,76860.52,77400.5,76860.52,77297.32,1039.0,1400,0.0
2026-05-25 02:15:00,77297.42,77301.91,76929.19,77048.81,651.0,1400,0.0
2026-05-25 02:30:00,77051.74,77096.84,76964.86,77067.27,536.0,1400,0.0
2026-05-25 02:45:00,77072.62,77090.16,76984.52,77015.42,477.0,1400,0.0
2026-05-25 03:00:00,77013.37,77077.13,76960.26,76998.74,595.0,1400,0.0
2026-05-25 03:15:00,76998.57,77055.65,76962.3,76992.11,475.0,1400,0.0
2026-05-25 03:30:00,76995.83,77026.19,76914.62,76973.77,370.0,1400,0.0
2026-05-25 03:45:00,76973.27,76981.22,76897.58,76929.17,388.0,1400,0.0
2026-05-25 04:00:00,76929.13,76985.89,76897.91,76932.72,437.0,1400,0.0
2026-05-25 04:15:00,76934.29,77083.82,76884.1,77077.55,433.0,1400,0.0
2026-05-25 04:30:00,77079.54,77159.43,77029.62,77155.09,423.0,1400,0.0
2026-05-25 04:45:00,77152.28,77356.8,77134.96,77297.3,511.0,1400,0.0
2026-05-25 05:00:00,77297.28,77360.96,77215.98,77312.52,521.0,1400,0.0
2026-05-25 05:15:00,77312.55,77397.59,77246.84,77287.63,405.0,1400,0.0
2026-05-25 05:30:00,77292.09,77410.59,77284.64,77358.64,456.0,1400,0.0
2026-05-25 05:45:00,77355.49,77358.0,77292.82,77315.89,317.0,1400,0.0
2026-05-25 06:00:00,77318.73,77587.39,77221.97,77232.51,723.0,1400,0.0
2026-05-25 06:15:00,77229.02,77266.27,77119.86,77183.66,495.0,1400,0.0
2026-05-25 06:30:00,77181.3,77348.94,77177.47,77318.8,416.0,1400,0.0
2026-05-25 06:45:00,77318.72,77447.23,77295.97,77337.05,435.0,1400,0.0
2026-05-25 07:00:00,77341.26,77437.15,77214.03,77243.03,470.0,1400,0.0
2026-05-25 07:15:00,77242.88,77275.16,77075.43,77121.14,615.0,1400,0.0
2026-05-25 07:30:00,77121.15,77254.79,77106.09,77224.02,451.0,1400,0.0
2026-05-25 07:45:00,77216.77,77313.42,77199.25,77311.3,391.0,1400,0.0
2026-05-25 08:00:00,77308.83,77335.17,77183.29,77194.96,387.0,1400,0.0
2026-05-25 08:15:00,77196.93,77280.66,77189.44,77217.89,432.0,1400,0.0
2026-05-25 08:30:00,77222.72,77299.05,77213.38,77253.43,304.0,1400,0.0
2026-05-25 08:45:00,77254.54,77380.7,77229.96,77364.7,365.0,1400,0.0
2026-05-25 09:00:00,77363.59,77422.7,77326.36,77363.43,397.0,1400,0.0
2026-05-25 09:15:00,77363.51,77453.95,77323.39,77421.01,334.0,1400,0.0
2026-05-25 09:30:00,77422.39,77626.79,77414.35,77499.89,579.0,1400,0.0
2026-05-25 09:45:00,77501.19,77584.46,77475.14,77515.01,422.0,1400,0.0
2026-05-25 10:00:00,77508.38,77555.14,77468.11,77545.96,359.0,1400,0.0
2026-05-25 10:15:00,77553.57,77605.91,77426.35,77460.47,410.0,1400,0.0
2026-05-25 10:30:00,77457.88,77514.07,77421.36,77435.95,286.0,1400,0.0
2026-05-25 10:45:00,77436.13,77488.68,77401.34,77461.83,293.0,1400,0.0
2026-05-25 11:00:00,77462.85,77462.85,77327.62,77374.27,369.0,1400,0.0
2026-05-25 11:15:00,77372.6,77374.13,77314.55,77337.06,255.0,1400,0.0
2026-05-25 11:30:00,77339.81,77446.86,77329.27,77387.27,418.0,1400,0.0
2026-05-25 11:45:00,77391.38,77426.23,77235.93,77282.23,434.0,1400,0.0
2026-05-25 12:00:00,77281.68,77298.22,77206.49,77281.19,423.0,1400,0.0
2026-05-25 12:15:00,77280.03,77346.15,77227.11,77325.31,463.0,1400,0.0
2026-05-25 12:30:00,77326.36,77352.85,77257.73,77279.31,410.0,1400,0.0
2026-05-25 12:45:00,77278.64,77366.43,77209.94,77284.89,440.0,1400,0.0
2026-05-25 13:00:00,77286.61,77383.36,77231.29,77254.84,425.0,1400,0.0
2026-05-25 13:15:00,77253.36,77294.04,77193.65,77258.7,370.0,1400,0.0
2026-05-25 13:30:00,77265.44,77283.74,77205.5,77271.15,440.0,1400,0.0
2026-05-25 13:45:00,77274.74,77284.69,77222.7,77258.42,369.0,1400,0.0
2026-05-25 14:00:00,77258.44,77458.71,77231.6,77383.88,608.0,1400,0.0
2026-05-25 14:15:00,77381.19,77544.89,77381.19,77530.73,588.0,1400,0.0
2026-05-25 14:30:00,77530.35,77530.35,77458.51,77491.15,356.0,1400,0.0
2026-05-25 14:45:00,77491.33,77706.15,77491.33,77634.19,617.0,1400,0.0
2026-05-25 15:00:00,77637.76,77847.75,77594.76,77626.28,949.0,1400,0.0
2026-05-25 15:15:00,77633.17,77675.42,77516.8,77525.4,567.0,1400,0.0
2026-05-25 15:30:00,77524.08,77608.16,77484.28,77586.62,388.0,1400,0.0
2026-05-25 15:45:00,77587.38,77596.31,77473.29,77543.32,394.0,1400,0.0
2026-05-25 16:00:00,77543.07,77571.98,77436.46,77447.72,424.0,1400,0.0
2026-05-25 16:15:00,77446.11,77556.48,77434.75,77516.95,382.0,1400,0.0
2026-05-25 16:30:00,77515.17,77618.67,77499.07,77604.48,336.0,1400,0.0
2026-05-25 16:45:00,77605.12,77751.69,77586.57,77652.67,544.0,1400,0.0
2026-05-25 17:00:00,77653.29,77733.31,77612.04,77618.84,560.0,1400,0.0
2026-05-25 17:15:00,77618.48,77618.48,77515.94,77590.49,408.0,1400,0.0
2026-05-25 17:30:00,77592.45,77592.45,77490.34,77518.66,348.0,1400,0.0
2026-05-25 17:45:00,77518.75,77524.32,77464.82,77486.74,319.0,1400,0.0
2026-05-25 18:00:00,77486.5,77590.6,77459.86,77554.02,311.0,1400,0.0
2026-05-25 18:15:00,77554.1,77586.05,77514.08,77575.05,278.0,1400,0.0
2026-05-25 18:30:00,77576.31,77576.31,77506.86,77536.02,354.0,1400,0.0
2026-05-25 18:45:00,77547.18,77561.45,77476.44,77483.45,269.0,1400,0.0
2026-05-25 19:00:00,77488.85,77492.5,77342.57,77419.09,406.0,1400,0.0
2026-05-25 19:15:00,77419.01,77458.71,77374.96,77449.83,285.0,1400,0.0
2026-05-25 19:30:00,77447.91,77458.65,77268.61,77340.01,429.0,1400,0.0
2026-05-25 19:45:00,77343.58,77398.41,77322.84,77359.26,317.0,1400,0.0
2026-05-25 20:00:00,77354.33,77415.26,77334.19,77363.82,305.0,1400,0.0
2026-05-25 20:15:00,77367.92,77437.32,77356.03,77362.32,332.0,1400,0.0
2026-05-25 20:30:00,77358.54,77403.37,77136.08,77204.57,553.0,1400,0.0
2026-05-25 20:45:00,77202.67,77275.26,77171.39,77203.81,389.0,1400,0.0
2026-05-25 21:00:00,77216.37,77301.85,77193.53,77288.75,266.0,1400,0.0
2026-05-25 21:15:00,77279.85,77285.84,77197.12,77269.43,351.0,1400,0.0
2026-05-25 21:30:00,77269.53,77302.48,77204.4,77240.1,429.0,1400,0.0
2026-05-25 21:45:00,77242.63,77327.89,77223.84,77306.01,358.0,1400,0.0
2026-05-25 22:00:00,77308.46,77385.97,77206.2,77338.09,655.0,1400,0.0
2026-05-25 22:15:00,77330.35,77368.59,77191.05,77217.95,401.0,1400,0.0
2026-05-25 22:30:00,77214.57,77214.57,76973.56,77107.6,835.0,1400,0.0
2026-05-25 22:45:00,77108.86,77182.04,77043.58,77045.81,416.0,1400,0.0
2026-05-25 23:00:00,77044.37,77224.47,77000.1,77211.9,535.0,1400,0.0
2026-05-25 23:15:00,77219.66,77258.92,77170.54,77216.68,388.0,1400,0.0
2026-05-25 23:30:00,77208.65,77297.68,77177.15,77259.1,326.0,1400,0.0
2026-05-25 23:45:00,77260.23,77305.2,77215.21,77242.51,320.0,1400,0.0
2026-05-26 00:00:00,77243.33,77281.1,77134.83,77150.64,679.0,1400,0.0
2026-05-26 00:15:00,77156.17,77179.03,77003.28,77049.34,505.0,1400,0.0
2026-05-26 00:30:00,77050.04,77126.09,76745.9,76804.39,811.0,1400,0.0
2026-05-26 00:45:00,76809.64,76864.13,76493.13,76712.75,1135.0,1400,0.0
2026-05-26 01:00:00,76707.55,76800.94,76535.88,76766.49,874.0,1400,0.0
2026-05-26 01:15:00,76759.93,76815.79,76645.85,76717.0,541.0,1400,0.0
2026-05-26 01:30:00,76716.92,76716.92,76496.73,76588.08,688.0,1400,0.0
2026-05-26 01:45:00,76587.89,76723.23,76570.2,76671.4,528.0,1400,0.0
2026-05-26 02:00:00,76686.76,76752.65,76546.76,76692.26,608.0,1400,0.0
2026-05-26 02:15:00,76690.47,76705.03,76580.08,76597.39,512.0,1400,0.0
2026-05-26 02:30:00,76599.23,76653.88,76508.94,76528.88,476.0,1400,0.0
2026-05-26 02:45:00,76528.8,76611.88,76422.38,76590.07,537.0,1400,0.0
2026-05-26 03:00:00,76587.18,76592.17,76483.67,76486.71,478.0,1400,0.0
2026-05-26 03:15:00,76484.56,76535.08,76381.64,76500.8,529.0,1400,0.0
2026-05-26 03:30:00,76501.76,76636.89,76474.26,76570.27,427.0,1400,0.0
2026-05-26 03:45:00,76569.14,76603.9,76544.52,76581.49,310.0,1400,0.0
2026-05-26 04:00:00,76586.01,76632.7,76532.39,76594.17,386.0,1400,0.0
2026-05-26 04:15:00,76595.29,76684.58,76521.02,76640.36,374.0,1400,0.0
2026-05-26 04:30:00,76641.4,76712.88,76641.4,76694.81,305.0,1400,0.0
2026-05-26 04:45:00,76694.12,76743.78,76659.11,76659.11,330.0,1400,0.0
2026-05-26 05:00:00,76659.03,76760.94,76617.47,76723.09,365.0,1400,0.0
2026-05-26 05:15:00,76725.63,76810.15,76723.89,76775.95,311.0,1400,0.0
2026-05-26 05:30:00,76774.25,76904.52,76764.16,76827.19,426.0,1400,0.0
2026-05-26 05:45:00,76827.02,76844.39,76759.29,76831.77,283.0,1400,0.0
2026-05-26 06:00:00,76829.69,76832.71,76743.3,76793.21,395.0,1400,0.0
2026-05-26 06:15:00,76791.58,76835.88,76683.41,76757.48,402.0,1400,0.0
2026-05-26 06:30:00,76763.45,76983.57,76742.28,76884.17,526.0,1400,0.0
2026-05-26 06:45:00,76886.07,76901.93,76806.23,76830.84,331.0,1400,0.0
2026-05-26 07:00:00,76830.43,76847.33,76575.24,76608.15,540.0,1400,0.0
2026-05-26 07:15:00,76608.82,76636.39,76503.28,76619.65,446.0,1400,0.0
2026-05-26 07:30:00,76619.2,76619.2,76506.02,76563.27,432.0,1400,0.0
2026-05-26 07:45:00,76563.35,76673.26,76552.22,76622.69,323.0,1400,0.0
2026-05-26 08:00:00,76633.92,76726.74,76590.28,76699.34,337.0,1400,0.0
2026-05-26 08:15:00,76700.28,76730.56,76629.84,76718.3,358.0,1400,0.0
2026-05-26 08:30:00,76716.72,76763.49,76653.45,76739.42,298.0,1400,0.0
2026-05-26 08:45:00,76740.31,76748.64,76622.04,76639.3,374.0,1400,0.0
2026-05-26 09:00:00,76634.43,76665.06,76563.53,76598.4,413.0,1400,0.0
2026-05-26 09:15:00,76595.69,76729.75,76552.52,76642.27,416.0,1400,0.0
2026-05-26 09:30:00,76641.27,76700.03,76578.93,76599.78,399.0,1400,0.0
2026-05-26 09:45:00,76602.48,76623.4,76549.57,76586.98,281.0,1400,0.0
2026-05-26 10:00:00,76586.87,76635.09,76476.8,76625.9,415.0,1400,0.0
2026-05-26 10:15:00,76625.64,77183.84,76625.64,77136.04,1148.0,1400,0.0
2026-05-26 10:30:00,77131.7,77488.33,77071.57,77411.53,1667.0,1400,0.0
2026-05-26 10:45:00,77414.95,77543.24,77313.52,77335.77,918.0,1400,0.0
2026-05-26 11:00:00,77336.82,77426.73,77161.19,77190.37,600.0,1400,0.0
2026-05-26 11:15:00,77178.65,77270.91,77115.73,77144.37,589.0,1400,0.0
2026-05-26 11:30:00,77144.41,77238.32,77078.43,77135.78,549.0,1400,0.0
2026-05-26 11:45:00,77138.94,77203.48,77091.86,77101.67,416.0,1400,0.0
2026-05-26 12:00:00,77101.16,77151.78,76791.88,76971.21,852.0,1400,0.0
2026-05-26 12:15:00,76975.57,77023.15,76868.16,76933.88,461.0,1400,0.0
2026-05-26 12:30:00,76936.21,77029.12,76874.58,77010.05,485.0,1400,0.0
2026-05-26 12:45:00,77013.05,77070.3,76967.64,77049.31,427.0,1400,0.0
2026-05-26 13:00:00,77051.19,77073.33,76953.41,76997.96,395.0,1400,0.0
2026-05-26 13:15:00,77002.46,77009.33,76686.14,76709.56,667.0,1400,0.0
2026-05-26 13:30:00,76706.26,76904.39,76576.87,76807.53,1344.0,1400,0.0
2026-05-26 13:45:00,76809.12,77376.15,76809.12,77141.32,1661.0,1400,0.0
2026-05-26 14:00:00,77144.13,77326.81,77041.95,77326.81,1014.0,1400,0.0
2026-05-26 14:15:00,77328.81,78000.96,77267.91,77867.66,2147.0,1400,0.0
2026-05-26 14:30:00,77872.26,77923.13,76661.45,76739.66,2789.0,1400,0.0
2026-05-26 14:45:00,76751.48,77104.7,76622.73,76819.79,1538.0,1400,0.0
2026-05-26 15:00:00,76809.95,76923.58,76588.55,76879.07,1461.0,1400,0.0
2026-05-26 15:15:00,76879.6,76899.8,76445.88,76559.04,1099.0,1400,0.0
2026-05-26 15:30:00,76559.8,76611.45,76253.24,76436.85,1825.0,1400,0.0
2026-05-26 15:45:00,76436.58,76449.96,76164.4,76398.88,1234.0,1400,0.0
2026-05-26 16:00:00,76406.55,76424.6,76093.88,76223.31,1119.0,1400,0.0
2026-05-26 16:15:00,76223.03,76461.97,76197.07,76427.56,963.0,1400,0.0
2026-05-26 16:30:00,76427.71,76610.06,76378.46,76427.71,934.0,1400,0.0
2026-05-26 16:45:00,76436.62,76497.92,76290.81,76462.26,684.0,1400,0.0
2026-05-26 17:00:00,76454.7,76545.78,76353.63,76377.74,577.0,1400,0.0
2026-05-26 17:15:00,76377.27,76391.42,75945.23,75954.55,1246.0,1400,0.0
2026-05-26 17:30:00,75950.98,75955.86,75732.78,75922.37,1519.0,1400,0.0
2026-05-26 17:45:00,75929.59,76046.18,75811.17,75822.61,732.0,1400,0.0
2026-05-26 18:00:00,75827.67,75919.56,75737.09,75909.28,771.0,1400,0.0
2026-05-26 18:15:00,75909.34,76174.09,75883.42,75976.58,754.0,1400,0.0
2026-05-26 18:30:00,75976.4,76022.56,75750.95,75787.28,572.0,1400,0.0
2026-05-26 18:45:00,75790.68,75889.8,75631.31,75722.02,588.0,1400,0.0
2026-05-26 19:00:00,75723.28,75812.31,75692.19,75733.38,606.0,1400,0.0
2026-05-26 19:15:00,75732.99,75811.87,75673.73,75785.21,494.0,1400,0.0
2026-05-26 19:30:00,75785.0,75931.79,75741.69,75894.02,454.0,1400,0.0
2026-05-26 19:45:00,75893.73,75971.59,75853.29,75916.74,547.0,1400,0.0
2026-05-26 20:00:00,75921.84,76011.18,75903.87,76005.33,506.0,1400,0.0
2026-05-26 20:15:00,76006.92,76052.47,75883.23,76052.47,418.0,1400,0.0
2026-05-26 20:30:00,76049.75,76074.03,75872.28,75960.72,499.0,1400,0.0
2026-05-26 20:45:00,75961.5,76017.3,75949.19,76007.82,385.0,1400,0.0
2026-05-26 21:00:00,76007.52,76015.8,75734.11,75789.77,443.0,1400,0.0
2026-05-26 21:15:00,75789.66,75954.31,75768.51,75935.41,313.0,1400,0.0
2026-05-26 21:30:00,75935.49,75980.18,75863.09,75901.94,355.0,1400,0.0
2026-05-26 21:45:00,75902.02,75934.51,75756.49,75794.29,379.0,1400,0.0
2026-05-26 22:00:00,75795.25,75900.33,75622.31,75684.9,684.0,1400,0.0
2026-05-26 22:15:00,75684.05,75739.32,75635.81,75686.92,476.0,1400,0.0
2026-05-26 22:30:00,75684.42,75758.15,75658.75,75695.68,509.0,1400,0.0
2026-05-26 22:45:00,75695.77,75695.77,75550.38,75633.26,457.0,1400,0.0
2026-05-26 23:00:00,75633.45,75826.16,75633.45,75782.42,590.0,1400,0.0
2026-05-26 23:15:00,75782.24,75841.15,75753.33,75797.44,415.0,1400,0.0
2026-05-26 23:30:00,75797.34,75884.41,75768.08,75845.14,411.0,1400,0.0
2026-05-26 23:45:00,75844.59,75860.21,75780.13,75822.51,319.0,1400,0.0
2026-05-27 00:00:00,75822.6,75905.93,75801.65,75873.43,458.0,1400,0.0
2026-05-27 00:15:00,75871.28,75871.28,75760.17,75809.44,465.0,1400,0.0
2026-05-27 00:30:00,75811.39,75947.03,75781.82,75852.5,505.0,1400,0.0
2026-05-27 00:45:00,75850.43,75983.26,75838.64,75966.0,390.0,1400,0.0
2026-05-27 01:00:00,75971.0,76003.51,75889.64,75977.51,464.0,1400,0.0
2026-05-27 01:15:00,75973.92,75973.92,75702.0,75762.74,470.0,1400,0.0
2026-05-27 01:30:00,75769.33,75824.27,75722.84,75756.75,452.0,1400,0.0
2026-05-27 01:45:00,75755.46,75870.34,75728.64,75762.2,509.0,1400,0.0
2026-05-27 02:00:00,75764.15,75791.38,75653.7,75705.47,510.0,1400,0.0
2026-05-27 02:15:00,75711.21,75732.18,75564.65,75646.13,464.0,1400,0.0
2026-05-27 02:30:00,75649.24,75725.84,75577.63,75610.76,458.0,1400,0.0
2026-05-27 02:45:00,75622.3,75762.35,75604.96,75757.88,366.0,1400,0.0
2026-05-27 03:00:00,75753.94,75844.54,75707.23,75766.76,463.0,1400,0.0
2026-05-27 03:15:00,75765.1,75774.5,75685.86,75730.81,411.0,1400,0.0
2026-05-27 03:30:00,75730.9,75752.78,75619.19,75652.04,397.0,1400,0.0
2026-05-27 03:45:00,75651.33,75656.95,75465.22,75544.38,549.0,1400,0.0
2026-05-27 04:00:00,75542.95,75589.43,75496.82,75502.75,358.0,1400,0.0
2026-05-27 04:15:00,75508.74,75512.86,75368.1,75378.81,516.0,1400,0.0
2026-05-27 04:30:00,75377.39,75395.85,75183.36,75231.38,797.0,1400,0.0
2026-05-27 04:45:00,75232.33,75484.57,75232.33,75437.99,490.0,1400,0.0
2026-05-27 05:00:00,75440.04,75527.0,75440.04,75500.99,456.0,1400,0.0
2026-05-27 05:15:00,75498.43,75593.84,75457.51,75540.45,406.0,1400,0.0
2026-05-27 05:30:00,75537.55,75604.1,75458.27,75510.61,469.0,1400,0.0
2026-05-27 05:45:00,75514.15,75624.95,75494.95,75588.49,416.0,1400,0.0
2026-05-27 06:00:00,75587.16,75681.88,75565.24,75614.66,474.0,1400,0.0
2026-05-27 06:15:00,75611.69,75631.17,75554.81,75607.68,397.0,1400,0.0
2026-05-27 06:30:00,75606.71,75705.75,75599.28,75705.75,432.0,1400,0.0
2026-05-27 06:45:00,75703.67,75781.64,75676.16,75711.63,317.0,1400,0.0
2026-05-27 07:00:00,75711.13,75767.31,75635.58,75671.33,431.0,1400,0.0
2026-05-27 07:15:00,75669.97,75751.96,75631.44,75743.79,348.0,1400,0.0
2026-05-27 07:30:00,75744.33,75855.4,75716.59,75755.14,432.0,1400,0.0
2026-05-27 07:45:00,75755.23,75856.54,75754.77,75845.82,349.0,1400,0.0
2026-05-27 08:00:00,75837.91,75890.22,75777.36,75796.55,393.0,1400,0.0
2026-05-27 08:15:00,75796.46,75957.45,75764.19,75922.02,433.0,1400,0.0
2026-05-27 08:30:00,75921.29,75934.87,75826.5,75850.21,345.0,1400,0.0
2026-05-27 08:45:00,75851.77,75877.98,75713.92,75756.58,420.0,1400,0.0
2026-05-27 09:00:00,75752.28,75767.79,75607.51,75634.28,478.0,1400,0.0
2026-05-27 09:15:00,75642.09,75738.26,75579.28,75705.15,400.0,1400,0.0
2026-05-27 09:30:00,75706.01,75858.93,75678.36,75795.81,366.0,1400,0.0
2026-05-27 09:45:00,75795.9,75829.1,75734.6,75789.78,306.0,1400,0.0
2026-05-27 10:00:00,75798.57,75838.47,75744.5,75838.47,357.0,1400,0.0
2026-05-27 10:15:00,75833.72,75921.7,75816.07,75865.19,378.0,1400,0.0
2026-05-27 10:30:00,75864.58,75904.89,75738.38,75778.06,421.0,1400,0.0
2026-05-27 10:45:00,75773.74,75829.13,75750.62,75778.34,371.0,1400,0.0
2026-05-27 11:00:00,75777.64,75881.11,75753.16,75818.52,373.0,1400,0.0
2026-05-27 11:15:00,75821.85,75908.33,75787.93,75787.93,423.0,1400,0.0
2026-05-27 11:30:00,75791.82,75791.82,75662.3,75713.27,547.0,1400,0.0
2026-05-27 11:45:00,75711.25,75711.25,75622.07,75646.76,327.0,1400,0.0
2026-05-27 12:00:00,75648.57,75662.16,75475.31,75508.94,549.0,1400,0.0
2026-05-27 12:15:00,75508.16,76057.33,75432.81,75815.41,1573.0,1400,0.0
2026-05-27 12:30:00,75819.94,75881.4,75689.21,75811.4,724.0,1400,0.0
2026-05-27 12:45:00,75811.28,75811.28,75555.87,75569.4,614.0,1400,0.0
2026-05-27 13:00:00,75562.9,75645.81,75255.55,75320.9,959.0,1400,0.0
2026-05-27 13:15:00,75320.79,75357.32,75047.04,75063.72,994.0,1400,0.0
2026-05-27 13:30:00,75060.49,75195.33,74729.55,74796.58,2576.0,1400,0.0
2026-05-27 13:45:00,74789.3,74962.19,74732.05,74937.95,1453.0,1400,0.0
2026-05-27 14:00:00,74939.14,75135.7,74812.99,74866.54,1479.0,1400,0.0
2026-05-27 14:15:00,74867.55,75043.56,74625.62,74751.08,1378.0,1400,0.0
2026-05-27 14:30:00,74745.99,75005.09,74680.17,74946.74,1407.0,1400,0.0
2026-05-27 14:45:00,74946.8,75036.92,74860.18,74893.03,780.0,1400,0.0
2026-05-27 15:00:00,74895.52,75024.95,74837.62,74979.76,816.0,1400,0.0
2026-05-27 15:15:00,74986.01,75284.32,74958.65,75223.48,1040.0,1400,0.0
2026-05-27 15:30:00,75224.94,75391.86,75021.87,75082.9,1069.0,1400,0.0
2026-05-27 15:45:00,75085.11,75299.17,75065.07,75199.2,811.0,1400,0.0
2026-05-27 16:00:00,75201.81,75279.85,75057.96,75146.32,747.0,1400,0.0
2026-05-27 16:15:00,75142.71,75175.43,74901.26,74963.05,829.0,1400,0.0
2026-05-27 16:30:00,74960.55,75034.95,74858.0,75010.26,693.0,1400,0.0
2026-05-27 16:45:00,75009.44,75200.42,74985.07,75169.38,575.0,1400,0.0
2026-05-27 17:00:00,75171.47,75221.72,74810.54,74847.98,892.0,1400,0.0
2026-05-27 17:15:00,74847.72,74951.31,74760.37,74864.39,823.0,1400,0.0
2026-05-27 17:30:00,74869.24,74908.79,74716.58,74770.07,813.0,1400,0.0
2026-05-27 17:45:00,74763.4,74844.13,74536.78,74728.68,950.0,1400,0.0
2026-05-27 18:00:00,74728.06,74804.06,74513.63,74602.5,1011.0,1400,0.0
2026-05-27 18:15:00,74605.34,74793.8,74565.31,74755.62,761.0,1400,0.0
2026-05-27 18:30:00,74751.11,74865.22,74732.15,74839.43,591.0,1400,0.0
2026-05-27 18:45:00,74836.65,74890.17,74801.5,74888.11,509.0,1400,0.0
2026-05-27 19:00:00,74885.18,74919.95,74810.21,74892.45,553.0,1400,0.0
2026-05-27 19:15:00,74891.23,74945.57,74823.87,74897.93,493.0,1400,0.0
2026-05-27 19:30:00,74895.43,74962.73,74817.4,74866.33,613.0,1400,0.0
2026-05-27 19:45:00,74867.86,74925.44,74790.67,74921.74,499.0,1400,0.0
2026-05-27 20:00:00,74921.83,75171.63,74901.01,75152.21,620.0,1400,0.0
2026-05-27 20:15:00,75155.38,75285.83,75125.44,75130.76,485.0,1400,0.0
2026-05-27 20:30:00,75131.61,75158.89,75073.21,75119.88,320.0,1400,0.0
2026-05-27 20:45:00,75119.47,75158.65,75093.51,75126.12,338.0,1400,0.0
2026-05-27 21:00:00,75126.04,75131.94,75012.92,75039.76,486.0,1400,0.0
2026-05-27 21:15:00,75039.35,75073.62,74958.22,74958.22,399.0,1400,0.0
2026-05-27 21:30:00,74962.79,74979.56,74302.59,74503.23,1408.0,1400,0.0
2026-05-27 21:45:00,74503.6,74503.6,74221.4,74366.31,2096.0,1400,0.0
2026-05-27 22:00:00,74368.98,74654.28,74192.53,74287.47,1808.0,1400,0.0
2026-05-27 22:15:00,74285.15,74524.68,74138.38,74477.75,1036.0,1400,0.0
2026-05-27 22:30:00,74479.33,74549.62,74353.84,74502.21,643.0,1400,0.0
2026-05-27 22:45:00,74500.22,74541.77,74291.39,74314.0,553.0,1400,0.0
2026-05-27 23:00:00,74314.69,74366.46,74241.86,74334.95,587.0,1400,0.0
2026-05-27 23:15:00,74332.58,74452.33,74113.98,74184.8,779.0,1400,0.0
2026-05-27 23:30:00,74190.8,74280.08,74135.4,74250.34,610.0,1400,0.0
2026-05-27 23:45:00,74254.9,74372.76,74176.98,74322.87,472.0,1400,0.0
2026-05-28 00:00:00,74317.44,74461.11,74294.38,74304.7,703.0,1400,0.0
2026-05-28 00:15:00,74300.57,74452.28,74233.37,74346.68,683.0,1400,0.0
2026-05-28 00:30:00,74347.88,74443.09,74338.71,74438.5,533.0,1400,0.0
2026-05-28 00:45:00,74437.28,74451.42,74311.2,74433.19,523.0,1400,0.0
2026-05-28 01:00:00,74436.12,74464.24,74310.36,74347.53,546.0,1400,0.0
2026-05-28 01:15:00,74345.57,74415.29,74010.96,74160.23,1284.0,1400,0.0
2026-05-28 01:30:00,74156.68,74281.01,74031.96,74146.87,1009.0,1400,0.0
2026-05-28 01:45:00,74146.81,74261.4,74123.92,74219.25,650.0,1400,0.0
2026-05-28 02:00:00,74219.62,74282.36,74107.63,74229.99,700.0,1400,0.0
2026-05-28 02:15:00,74238.8,74262.21,74041.96,74074.67,655.0,1400,0.0
2026-05-28 02:30:00,74074.59,74167.2,73979.78,74131.44,763.0,1400,0.0
2026-05-28 02:45:00,74123.08,74230.16,74101.0,74161.09,523.0,1400,0.0
2026-05-28 03:00:00,74168.82,74254.36,73994.82,74090.99,870.0,1400,0.0
2026-05-28 03:15:00,74090.9,74113.78,73356.78,73626.6,2473.0,1400,0.0
2026-05-28 03:30:00,73629.0,73674.17,73217.04,73319.93,1801.0,1400,0.0
2026-05-28 03:45:00,73310.98,73447.74,72951.58,73138.3,1646.0,1400,0.0
2026-05-28 04:00:00,73138.24,73141.9,72582.5,72965.73,2284.0,1400,0.0
2026-05-28 04:15:00,72966.69,73017.12,72702.56,72888.43,1230.0,1400,0.0
2026-05-28 04:30:00,72858.58,73088.16,72825.75,73058.25,746.0,1400,0.0
2026-05-28 04:45:00,73055.46,73073.18,72966.07,73050.41,513.0,1400,0.0
2026-05-28 05:00:00,73055.72,73055.72,72862.32,72904.52,623.0,1400,0.0
2026-05-28 05:15:00,72916.67,72924.07,72792.78,72832.89,580.0,1400,0.0
2026-05-28 05:30:00,72841.32,72959.05,72793.49,72922.57,749.0,1400,0.0
2026-05-28 05:45:00,72923.53,72956.59,72777.98,72873.92,500.0,1400,0.0
2026-05-28 06:00:00,72873.76,72908.28,72819.43,72868.98,499.0,1400,0.0
2026-05-28 06:15:00,72863.74,72904.8,72736.27,72805.21,539.0,1400,0.0
2026-05-28 06:30:00,72805.37,72825.05,72631.44,72778.22,601.0,1400,0.0
2026-05-28 06:45:00,72781.67,73090.53,72780.75,73077.64,609.0,1400,0.0
2026-05-28 07:00:00,73081.72,73112.87,73012.81,73090.9,558.0,1400,0.0
2026-05-28 07:15:00,73092.2,73217.21,73083.97,73125.97,479.0,1400,0.0
2026-05-28 07:30:00,73127.1,73380.34,73127.1,73350.39,511.0,1400,0.0
2026-05-28 07:45:00,73350.09,73383.06,73252.32,73355.92,482.0,1400,0.0
2026-05-28 08:00:00,73354.72,73373.12,73201.36,73326.11,483.0,1400,0.0
2026-05-28 08:15:00,73321.58,73321.58,73086.28,73139.67,492.0,1400,0.0
2026-05-28 08:30:00,73135.43,73183.84,73060.93,73165.69,510.0,1400,0.0
2026-05-28 08:45:00,73158.92,73258.03,73153.84,73196.22,435.0,1400,0.0
2026-05-28 09:00:00,73195.35,73273.56,73125.54,73183.79,480.0,1400,0.0
2026-05-28 09:15:00,73184.04,73293.03,73163.82,73268.94,397.0,1400,0.0
2026-05-28 09:30:00,73275.12,73371.18,73225.27,73353.62,420.0,1400,0.0
2026-05-28 09:45:00,73357.52,73442.15,73346.92,73406.92,418.0,1400,0.0
2026-05-28 10:00:00,73406.84,73502.92,73363.27,73451.83,411.0,1400,0.0
2026-05-28 10:15:00,73444.8,73474.05,73213.68,73301.97,499.0,1400,0.0
2026-05-28 10:30:00,73302.6,73395.26,73268.85,73381.15,300.0,1400,0.0
2026-05-28 10:45:00,73381.1,73475.39,73239.46,73265.02,530.0,1400,0.0
2026-05-28 11:00:00,73263.82,73333.23,73201.07,73315.28,505.0,1400,0.0
2026-05-28 11:15:00,73317.37,73340.6,73203.11,73233.61,456.0,1400,0.0
2026-05-28 11:30:00,73232.08,73353.87,73178.24,73352.59,395.0,1400,0.0
2026-05-28 11:45:00,73359.31,73410.66,73292.01,73379.63,375.0,1400,0.0
2026-05-28 12:00:00,73381.15,73398.37,73268.85,73276.56,406.0,1400,0.0
2026-05-28 12:15:00,73276.06,73298.83,73115.85,73245.92,511.0,1400,0.0
2026-05-28 12:30:00,73264.82,73431.73,73226.22,73355.03,747.0,1400,0.0
2026-05-28 12:45:00,73346.79,73458.64,73346.79,73400.19,438.0,1400,0.0
2026-05-28 13:00:00,73398.36,73458.21,73197.84,73201.0,533.0,1400,0.0
2026-05-28 13:15:00,73204.14,73204.65,72842.1,73040.12,857.0,1400,0.0
2026-05-28 13:30:00,73031.82,73047.24,72629.48,72655.09,1548.0,1400,0.0
2026-05-28 13:45:00,72661.45,72969.98,72661.45,72883.76,1215.0,1400,0.0
2026-05-28 14:00:00,72884.74,73210.01,72446.29,73183.24,2772.0,1400,0.0
2026-05-28 14:15:00,73179.04,73450.64,72751.56,72845.42,2540.0,1400,0.0
2026-05-28 14:30:00,72845.25,72931.74,72650.78,72731.7,1467.0,1400,0.0
2026-05-28 14:45:00,72732.52,72923.11,72554.92,72895.63,1320.0,1400,0.0
2026-05-28 15:00:00,72902.12,73062.38,72722.54,72740.86,1135.0,1400,0.0
2026-05-28 15:15:00,72740.7,72851.21,72555.75,72834.25,1041.0,1400,0.0
2026-05-28 15:30:00,72833.07,72879.71,72694.5,72879.71,835.0,1400,0.0
2026-05-28 15:45:00,72880.95,72930.66,72751.18,72799.29,702.0,1400,0.0
2026-05-28 16:00:00,72797.0,73027.54,72590.3,72957.13,1163.0,1400,0.0
2026-05-28 16:15:00,72953.46,73174.42,72897.51,73013.32,914.0,1400,0.0
2026-05-28 16:30:00,73017.25,73222.23,73005.68,73222.23,695.0,1400,0.0
2026-05-28 16:45:00,73223.41,73321.32,73141.23,73318.23,841.0,1400,0.0
2026-05-28 17:00:00,73327.76,73385.97,73186.37,73371.46,803.0,1400,0.0
2026-05-28 17:15:00,73375.09,73375.09,73179.8,73247.45,671.0,1400,0.0
2026-05-28 17:30:00,73250.72,73433.38,73212.42,73365.16,553.0,1400,0.0
2026-05-28 17:45:00,73368.94,73639.02,73366.16,73440.18,757.0,1400,0.0
2026-05-28 18:00:00,73439.94,73641.03,73388.21,73522.79,674.0,1400,0.0
2026-05-28 18:15:00,73529.51,73644.31,73457.94,73466.84,593.0,1400,0.0
2026-05-28 18:30:00,73473.79,73569.79,73453.15,73481.75,591.0,1400,0.0
2026-05-28 18:45:00,73480.11,73620.89,73444.39,73533.0,459.0,1400,0.0
2026-05-28 19:00:00,73534.01,73534.01,73328.81,73362.92,494.0,1400,0.0
2026-05-28 19:15:00,73362.59,73444.49,73288.62,73444.49,426.0,1400,0.0
2026-05-28 19:30:00,73441.27,73486.73,73294.17,73314.34,464.0,1400,0.0
2026-05-28 19:45:00,73314.93,73411.29,73251.43,73303.67,632.0,1400,0.0
2026-05-28 20:00:00,73300.92,73433.49,73122.53,73336.14,815.0,1400,0.0
2026-05-28 20:15:00,73336.09,73561.94,73315.05,73530.31,469.0,1400,0.0
2026-05-28 20:30:00,73530.43,73616.22,73496.22,73587.21,423.0,1400,0.0
2026-05-28 20:45:00,73586.67,73586.67,73461.65,73466.89,364.0,1400,0.0
2026-05-28 21:00:00,73471.28,73605.23,73449.83,73585.2,398.0,1400,0.0
2026-05-28 21:15:00,73595.49,73661.5,73560.8,73592.79,342.0,1400,0.0
2026-05-28 21:30:00,73593.24,73816.46,73576.11,73789.15,598.0,1400,0.0
2026-05-28 21:45:00,73788.96,73800.99,73689.94,73717.97,476.0,1400,0.0
2026-05-28 22:00:00,73714.58,73859.1,73592.13,73609.52,601.0,1400,0.0
2026-05-28 22:15:00,73609.37,73620.22,73494.68,73506.12,372.0,1400,0.0
2026-05-28 22:30:00,73503.86,73520.79,73386.94,73396.32,339.0,1400,0.0
2026-05-28 22:45:00,73394.5,73498.78,73337.1,73378.62,323.0,1400,0.0
2026-05-28 23:00:00,73378.52,73492.1,73376.58,73492.1,358.0,1400,0.0
2026-05-28 23:15:00,73494.53,73596.65,73449.88,73579.67,321.0,1400,0.0
2026-05-28 23:30:00,73581.13,73613.98,73423.38,73504.33,338.0,1400,0.0
2026-05-28 23:45:00,73504.24,73543.74,73417.13,73510.53,331.0,1400,0.0
2026-05-29 00:00:00,73515.88,73694.48,73514.23,73646.3,594.0,1400,0.0
2026-05-29 00:15:00,73646.28,73759.15,73573.67,73678.18,622.0,1400,0.0
2026-05-29 00:30:00,73673.73,73759.26,73634.84,73751.24,401.0,1400,0.0
2026-05-29 00:45:00,73744.42,73744.42,73572.8,73626.6,400.0,1400,0.0
2026-05-29 01:00:00,73631.36,73771.07,73629.93,73692.07,520.0,1400,0.0
2026-05-29 01:15:00,73690.01,73706.57,73458.66,73493.1,545.0,1400,0.0
2026-05-29 01:30:00,73493.15,73493.15,73372.36,73431.26,533.0,1400,0.0
2026-05-29 01:45:00,73429.77,73529.94,73349.91,73481.95,461.0,1400,0.0
2026-05-29 02:00:00,73479.15,73542.43,73437.7,73522.63,443.0,1400,0.0
2026-05-29 02:15:00,73521.53,73545.42,73249.99,73287.59,557.0,1400,0.0
2026-05-29 02:30:00,73285.53,73388.54,73212.08,73242.77,501.0,1400,0.0
2026-05-29 02:45:00,73246.07,73304.01,73075.65,73123.94,490.0,1400,0.0
2026-05-29 03:00:00,73125.86,73356.03,73125.86,73331.75,490.0,1400,0.0
2026-05-29 03:15:00,73331.78,73334.65,73265.0,73279.7,367.0,1400,0.0
2026-05-29 03:30:00,73279.78,73336.94,73195.93,73251.64,432.0,1400,0.0
2026-05-29 03:45:00,73252.56,73267.33,73156.16,73199.53,374.0,1400,0.0
2026-05-29 04:00:00,73199.46,73273.85,73090.92,73121.26,462.0,1400,0.0
2026-05-29 04:15:00,73122.76,73280.95,73122.76,73258.55,380.0,1400,0.0
2026-05-29 04:30:00,73257.46,73338.54,73235.05,73312.63,388.0,1400,0.0
2026-05-29 04:45:00,73316.24,73410.02,73289.73,73394.99,397.0,1400,0.0
2026-05-29 05:00:00,73394.53,73539.97,73376.49,73500.14,511.0,1400,0.0
2026-05-29 05:15:00,73496.24,73509.78,73428.97,73472.45,363.0,1400,0.0
2026-05-29 05:30:00,73467.42,73467.57,73384.97,73411.11,353.0,1400,0.0
2026-05-29 05:45:00,73409.7,73625.35,73399.47,73593.0,514.0,1400,0.0
2026-05-29 06:00:00,73594.99,73625.17,73526.98,73592.03,362.0,1400,0.0
2026-05-29 06:15:00,73593.38,73842.88,73593.38,73657.85,605.0,1400,0.0
2026-05-29 06:30:00,73656.98,73679.43,73569.35,73611.42,297.0,1400,0.0
2026-05-29 06:45:00,73611.35,73718.71,73602.67,73686.43,314.0,1400,0.0
2026-05-29 07:00:00,73687.55,73726.64,73648.83,73709.33,363.0,1400,0.0
2026-05-29 07:15:00,73715.38,73726.87,73633.95,73665.46,297.0,1400,0.0
2026-05-29 07:30:00,73665.51,73665.51,73287.12,73314.37,680.0,1400,0.0
2026-05-29 07:45:00,73314.66,73443.36,73266.89,73431.29,426.0,1400,0.0
2026-05-29 08:00:00,73421.86,73630.69,73407.31,73615.18,605.0,1400,0.0
2026-05-29 08:15:00,73615.73,73739.07,73586.49,73670.85,484.0,1400,0.0
2026-05-29 08:30:00,73671.08,73733.52,73602.8,73712.28,402.0,1400,0.0
2026-05-29 08:45:00,73713.02,73721.72,73531.56,73562.86,376.0,1400,0.0
2026-05-29 09:00:00,73562.79,73762.04,73540.45,73709.85,432.0,1400,0.0
2026-05-29 09:15:00,73702.39,73802.29,73689.6,73771.85,389.0,1400,0.0
2026-05-29 09:30:00,73771.77,73785.48,73712.1,73726.99,373.0,1400,0.0
2026-05-29 09:45:00,73717.69,73739.87,73608.12,73647.42,327.0,1400,0.0
2026-05-29 10:00:00,73647.24,73647.48,73566.98,73611.07,312.0,1400,0.0
2026-05-29 10:15:00,73601.86,73606.14,73511.13,73537.64,297.0,1400,0.0
2026-05-29 10:30:00,73537.54,73645.34,73481.25,73508.1,374.0,1400,0.0
2026-05-29 10:45:00,73506.67,73591.9,73484.2,73528.56,335.0,1400,0.0
2026-05-29 11:00:00,73526.5,73575.67,73480.1,73542.34,344.0,1400,0.0
2026-05-29 11:15:00,73542.43,73600.86,73447.97,73466.29,323.0,1400,0.0
2026-05-29 11:30:00,73466.96,73489.45,73378.14,73386.2,420.0,1400,0.0
2026-05-29 11:45:00,73388.67,73423.62,73235.36,73379.91,511.0,1400,0.0
2026-05-29 12:00:00,73381.39,73381.39,73218.13,73268.9,461.0,1400,0.0
2026-05-29 12:15:00,73264.67,73318.18,73196.99,73228.94,419.0,1400,0.0
2026-05-29 12:30:00,73226.35,73241.31,73112.83,73180.27,591.0,1400,0.0
2026-05-29 12:45:00,73178.2,73280.44,73092.43,73189.45,482.0,1400,0.0
2026-05-29 13:00:00,73189.38,73201.78,72963.33,73026.92,694.0,1400,0.0
2026-05-29 13:15:00,73028.25,73038.05,72850.91,72970.74,663.0,1400,0.0
2026-05-29 13:30:00,72970.24,73207.0,72787.01,73151.3,1564.0,1400,0.0
2026-05-29 13:45:00,73158.73,73234.52,72948.4,73038.65,1059.0,1400,0.0
2026-05-29 14:00:00,73041.5,73100.38,72770.14,72900.9,1014.0,1400,0.0
2026-05-29 14:15:00,72899.97,72964.7,72377.72,72607.68,1965.0,1400,0.0
2026-05-29 14:30:00,72607.61,72775.18,72442.78,72537.43,1421.0,1400,0.0
2026-05-29 14:45:00,72539.31,73124.06,72494.21,72976.15,2033.0,1400,0.0
2026-05-29 15:00:00,72979.16,73657.91,72876.62,73587.01,2154.0,1400,0.0
2026-05-29 15:15:00,73578.71,73656.39,73352.53,73543.64,1401.0,1400,0.0
2026-05-29 15:30:00,73540.23,74104.03,73537.81,73721.31,2595.0,1400,0.0
2026-05-29 15:45:00,73718.92,73783.18,73586.7,73699.62,1167.0,1400,0.0
2026-05-29 16:00:00,73700.85,73919.35,73666.08,73839.94,978.0,1400,0.0
2026-05-29 16:15:00,73842.08,73867.38,73452.07,73529.32,1052.0,1400,0.0
2026-05-29 16:30:00,73529.99,74000.56,73526.84,73971.16,1391.0,1400,0.0
2026-05-29 16:45:00,73972.33,74024.47,73804.98,73951.9,859.0,1400,0.0
2026-05-29 17:00:00,73960.83,74196.3,73816.13,74129.88,953.0,1400,0.0
2026-05-29 17:15:00,74129.8,74227.81,74048.49,74117.68,864.0,1400,0.0
2026-05-29 17:30:00,74122.51,74219.79,74088.27,74105.42,633.0,1400,0.0
2026-05-29 17:45:00,74105.44,74105.44,73794.43,73858.41,845.0,1400,0.0
2026-05-29 18:00:00,73868.62,73962.87,73825.76,73927.91,759.0,1400,0.0
2026-05-29 18:15:00,73932.15,73947.85,73610.47,73680.41,893.0,1400,0.0
2026-05-29 18:30:00,73683.27,73751.07,73636.57,73689.25,499.0,1400,0.0
2026-05-29 18:45:00,73688.67,73688.67,73062.55,73271.81,1420.0,1400,0.0
2026-05-29 19:00:00,73269.87,73408.97,73173.82,73318.35,608.0,1400,0.0
2026-05-29 19:15:00,73311.71,73345.43,73124.3,73238.18,622.0,1400,0.0
2026-05-29 19:30:00,73241.71,73629.81,73239.32,73587.88,816.0,1400,0.0
2026-05-29 19:45:00,73588.02,73622.75,73402.51,73408.95,671.0,1400,0.0
2026-05-29 20:00:00,73407.11,73581.88,73402.37,73549.78,623.0,1400,0.0
2026-05-29 20:15:00,73545.2,73650.16,73480.38,73598.53,498.0,1400,0.0
2026-05-29 20:30:00,73598.55,73669.3,73574.99,73596.41,412.0,1400,0.0
2026-05-29 20:45:00,73606.45,73653.65,73516.31,73584.66,437.0,1400,0.0
2026-05-29 21:00:00,73580.6,73757.06,73531.13,73695.56,462.0,1400,0.0
2026-05-29 21:15:00,73693.21,73712.7,73429.69,73429.69,436.0,1400,0.0
2026-05-29 21:30:00,73423.6,73509.13,73349.75,73509.01,370.0,1400,0.0
2026-05-29 21:45:00,73502.03,73521.21,73286.14,73315.05,491.0,1400,0.0
2026-05-29 22:00:00,73314.96,73396.98,73261.95,73291.14,405.0,1400,0.0
2026-05-29 22:15:00,73291.28,73471.77,73291.28,73408.85,377.0,1400,0.0
2026-05-29 22:30:00,73411.93,73458.12,73321.41,73362.5,372.0,1400,0.0
2026-05-29 22:45:00,73359.22,73427.53,73304.56,73375.81,390.0,1400,0.0
2026-05-29 23:00:00,73369.44,73417.76,73274.47,73309.78,405.0,1400,0.0
2026-05-29 23:15:00,73303.41,73375.2,73209.06,73281.39,492.0,1400,0.0
2026-05-29 23:30:00,73281.31,73331.52,73212.4,73328.52,302.0,1400,0.0
2026-05-29 23:45:00,73323.55,73401.88,73296.05,73363.88,277.0,1400,0.0
2026-05-30 00:00:00,73373.48,73424.75,73318.32,73383.58,401.0,1400,0.0
2026-05-30 00:15:00,73384.63,73447.54,73358.81,73363.15,392.0,1400,0.0
2026-05-30 00:30:00,73357.65,73420.1,73297.3,73411.22,342.0,1400,0.0
2026-05-30 00:45:00,73418.0,73478.83,73394.27,73402.82,431.0,1400,0.0
2026-05-30 01:00:00,73403.01,73500.34,73360.69,73473.34,324.0,1400,0.0
2026-05-30 01:15:00,73467.52,73558.97,73448.51,73525.85,336.0,1400,0.0
2026-05-30 01:30:00,73522.19,73572.38,73486.76,73503.83,345.0,1400,0.0
2026-05-30 01:45:00,73504.03,73561.69,73478.83,73559.8,237.0,1400,0.0
2026-05-30 02:00:00,73554.5,73611.75,73551.7,73563.32,280.0,1400,0.0
2026-05-30 02:15:00,73559.87,73591.08,73505.72,73527.88,265.0,1400,0.0
2026-05-30 02:30:00,73527.68,73634.58,73523.0,73602.3,244.0,1400,0.0
2026-05-30 02:45:00,73603.28,73686.64,73586.02,73681.28,294.0,1400,0.0
2026-05-30 03:00:00,73682.26,73698.16,73615.99,73661.74,340.0,1400,0.0
2026-05-30 03:15:00,73666.84,73666.84,73557.88,73557.88,279.0,1400,0.0
2026-05-30 03:30:00,73563.13,73566.64,73426.45,73443.19,360.0,1400,0.0
2026-05-30 03:45:00,73442.24,73500.21,73413.82,73425.0,270.0,1400,0.0
2026-05-30 04:00:00,73425.34,73485.34,73243.93,73402.02,456.0,1400,0.0
2026-05-30 04:15:00,73395.39,73395.39,73188.58,73245.6,417.0,1400,0.0
2026-05-30 04:30:00,73243.63,73259.84,73081.22,73219.54,599.0,1400,0.0
2026-05-30 04:45:00,73217.75,73306.83,73187.71,73300.11,390.0,1400,0.0
2026-05-30 05:00:00,73304.27,73533.55,73243.58,73411.34,571.0,1400,0.0
2026-05-30 05:15:00,73411.43,73464.18,73393.31,73418.48,323.0,1400,0.0
2026-05-30 05:30:00,73420.09,73488.9,73416.39,73478.73,298.0,1400,0.0
2026-05-30 05:45:00,73478.64,73538.56,73473.17,73495.15,343.0,1400,0.0
2026-05-30 06:00:00,73497.93,73524.02,73420.63,73433.23,382.0,1400,0.0
2026-05-30 06:15:00,73428.16,73531.08,73428.16,73512.96,229.0,1400,0.0
2026-05-30 06:30:00,73514.58,73623.02,73512.96,73562.36,357.0,1400,0.0
2026-05-30 06:45:00,73562.5,73573.46,73451.56,73487.14,286.0,1400,0.0
2026-05-30 07:00:00,73485.98,73502.56,73432.09,73442.53,234.0,1400,0.0
2026-05-30 07:15:00,73441.75,73486.9,73426.5,73463.57,259.0,1400,0.0
2026-05-30 07:30:00,73458.6,73486.49,73383.71,73393.03,273.0,1400,0.0
2026-05-30 07:45:00,73385.95,73452.46,73376.15,73449.87,272.0,1400,0.0
2026-05-30 08:00:00,73445.52,73461.71,73426.03,73461.27,278.0,1400,0.0
2026-05-30 08:15:00,73463.0,73469.93,73404.68,73447.16,275.0,1400,0.0
2026-05-30 08:30:00,73455.09,73464.18,73410.87,73424.05,230.0,1400,0.0
2026-05-30 08:45:00,73419.84,73445.75,73391.42,73427.8,220.0,1400,0.0
2026-05-30 09:00:00,73416.87,73453.93,73398.69,73449.27,226.0,1400,0.0
2026-05-30 09:15:00,73454.74,73490.1,73420.32,73458.63,238.0,1400,0.0
2026-05-30 09:30:00,73466.09,73485.09,73438.68,73468.84,227.0,1400,0.0
2026-05-30 09:45:00,73462.64,73518.92,73449.05,73506.32,246.0,1400,0.0
2026-05-30 10:00:00,73506.75,73561.79,73484.69,73532.13,278.0,1400,0.0
2026-05-30 10:15:00,73529.78,73581.65,73507.45,73529.18,337.0,1400,0.0
2026-05-30 10:30:00,73523.34,73550.01,73512.92,73528.44,266.0,1400,0.0
2026-05-30 10:45:00,73525.79,73559.32,73495.73,73541.5,258.0,1400,0.0
2026-05-30 11:00:00,73542.34,73554.14,73504.66,73519.45,245.0,1400,0.0
2026-05-30 11:15:00,73516.73,73528.11,73452.29,73483.87,277.0,1400,0.0
2026-05-30 11:30:00,73481.68,73532.18,73473.81,73522.87,197.0,1400,0.0
2026-05-30 11:45:00,73522.81,73525.33,73468.6,73497.1,222.0,1400,0.0
2026-05-30 12:00:00,73502.17,73511.97,73480.06,73502.94,213.0,1400,0.0
2026-05-30 12:15:00,73500.16,73580.0,73494.8,73554.9,258.0,1400,0.0
2026-05-30 12:30:00,73536.0,73631.38,73536.0,73584.64,238.0,1400,0.0
2026-05-30 12:45:00,73577.94,73596.27,73544.2,73586.35,264.0,1400,0.0
2026-05-30 13:00:00,73592.79,73675.6,73580.92,73629.74,313.0,1400,0.0
2026-05-30 13:15:00,73624.7,73745.37,73606.86,73667.49,260.0,1400,0.0
2026-05-30 13:30:00,73656.31,73676.91,73560.95,73643.42,326.0,1400,0.0
2026-05-30 13:45:00,73635.24,73732.1,73626.62,73726.09,297.0,1400,0.0
2026-05-30 14:00:00,73720.15,73906.37,73694.75,73825.99,520.0,1400,0.0
2026-05-30 14:15:00,73825.03,73954.87,73768.41,73928.26,491.0,1400,0.0
2026-05-30 14:30:00,73938.4,74006.65,73881.99,73901.83,633.0,1400,0.0
2026-05-30 14:45:00,73895.22,73930.27,73802.42,73826.32,328.0,1400,0.0
2026-05-30 15:00:00,73823.01,73938.14,73759.6,73912.97,396.0,1400,0.0
2026-05-30 15:15:00,73915.65,73929.17,73719.97,73820.97,472.0,1400,0.0
2026-05-30 15:30:00,73821.22,73840.26,73716.73,73764.72,369.0,1400,0.0
2026-05-30 15:45:00,73765.12,73865.31,73758.54,73806.82,294.0,1400,0.0
2026-05-30 16:00:00,73810.07,73861.84,73763.48,73846.83,347.0,1400,0.0
2026-05-30 16:15:00,73849.82,73873.89,73784.0,73804.12,273.0,1400,0.0
2026-05-30 16:30:00,73799.08,73872.69,73783.0,73841.22,327.0,1400,0.0
2026-05-30 16:45:00,73847.89,73876.09,73791.39,73829.44,228.0,1400,0.0
2026-05-30 17:00:00,73824.2,73841.95,73757.6,73807.04,282.0,1400,0.0
2026-05-30 17:15:00,73803.92,73922.56,73791.26,73827.46,333.0,1400,0.0
2026-05-30 17:30:00,73829.22,73848.44,73692.72,73844.83,382.0,1400,0.0
2026-05-30 17:45:00,73841.99,73907.75,73841.89,73902.76,304.0,1400,0.0
2026-05-30 18:00:00,73897.25,73922.9,73867.06,73899.38,274.0,1400,0.0
2026-05-30 18:15:00,73899.45,74001.36,73814.51,73866.62,329.0,1400,0.0
2026-05-30 18:30:00,73866.51,73987.08,73836.41,73981.61,270.0,1400,0.0
2026-05-30 18:45:00,73981.5,74036.67,73891.99,73929.1,371.0,1400,0.0
2026-05-30 19:00:00,73931.32,73941.18,73876.85,73915.94,304.0,1400,0.0
2026-05-30 19:15:00,73916.07,73954.0,73867.66,73883.6,271.0,1400,0.0
2026-05-30 19:30:00,73885.12,73930.7,73846.76,73903.16,293.0,1400,0.0
2026-05-30 19:45:00,73906.5,73960.89,73892.46,73901.62,293.0,1400,0.0
2026-05-30 20:00:00,73895.68,73907.99,73810.73,73846.72,290.0,1400,0.0
2026-05-30 20:15:00,73846.31,73868.97,73834.74,73846.07,238.0,1400,0.0
2026-05-30 20:30:00,73848.07,73858.35,73801.97,73821.74,366.0,1400,0.0
2026-05-30 20:45:00,73824.46,73875.43,73808.82,73863.61,267.0,1400,0.0
2026-05-30 21:00:00,73866.57,73887.17,73844.22,73875.89,242.0,1400,0.0
2026-05-30 21:15:00,73878.22,73900.78,73862.59,73877.46,273.0,1400,0.0
2026-05-30 21:30:00,73872.49,73953.31,73846.66,73880.94,247.0,1400,0.0
2026-05-30 21:45:00,73875.5,73907.14,73815.71,73881.18,396.0,1400,0.0
2026-05-30 22:00:00,73873.16,73873.16,73714.93,73782.5,458.0,1400,0.0
2026-05-30 22:15:00,73782.81,73815.2,73742.28,73791.85,308.0,1400,0.0
2026-05-30 22:30:00,73785.95,73792.24,73669.63,73697.22,337.0,1400,0.0
2026-05-30 22:45:00,73699.25,73775.33,73688.52,73764.24,266.0,1400,0.0
2026-05-30 23:00:00,73772.54,73894.55,73723.7,73747.07,361.0,1400,0.0
2026-05-30 23:15:00,73745.12,73785.62,73706.54,73749.43,296.0,1400,0.0
2026-05-30 23:30:00,73734.22,73746.09,73670.96,73695.87,269.0,1400,0.0
2026-05-30 23:45:00,73698.48,73777.74,73688.88,73777.74,295.0,1400,0.0
2026-05-31 00:00:00,73776.15,73817.19,73733.7,73775.8,345.0,1400,0.0
2026-05-31 00:15:00,73768.35,73929.55,73768.35,73856.83,355.0,1400,0.0
2026-05-31 00:30:00,73861.11,73922.26,73816.63,73845.4,286.0,1400,0.0
2026-05-31 00:45:00,73843.73,73932.39,73807.0,73910.23,288.0,1400,0.0
2026-05-31 01:00:00,73912.2,74061.32,73897.59,74026.81,405.0,1400,0.0
2026-05-31 01:15:00,74026.88,74171.98,73972.05,73992.13,482.0,1400,0.0
2026-05-31 01:30:00,73981.04,74115.31,73945.22,73953.0,389.0,1400,0.0
2026-05-31 01:45:00,73956.26,74027.13,73935.14,73943.77,329.0,1400,0.0
2026-05-31 02:00:00,73944.91,74056.17,73933.8,74056.17,283.0,1400,0.0
2026-05-31 02:15:00,74056.36,74136.9,73838.81,73856.69,572.0,1400,0.0
2026-05-31 02:30:00,73859.58,73917.83,73751.34,73860.65,441.0,1400,0.0
2026-05-31 02:45:00,73866.5,74005.06,73817.0,73976.46,437.0,1400,0.0
2026-05-31 03:00:00,73976.45,74063.16,73943.86,74042.88,415.0,1400,0.0
2026-05-31 03:15:00,74042.8,74113.8,73995.16,74085.89,369.0,1400,0.0
2026-05-31 03:30:00,74085.95,74114.4,74012.3,74054.24,320.0,1400,0.0
2026-05-31 03:45:00,74055.13,74080.5,74016.48,74037.7,282.0,1400,0.0
2026-05-31 04:00:00,74037.44,74060.23,73988.95,74005.97,288.0,1400,0.0
2026-05-31 04:15:00,74003.59,74111.43,73985.79,74062.5,338.0,1400,0.0
2026-05-31 04:30:00,74067.51,74098.91,74025.44,74081.09,291.0,1400,0.0
2026-05-31 04:45:00,74082.25,74110.82,74038.75,74063.77,283.0,1400,0.0
2026-05-31 05:00:00,74067.34,74099.24,74043.65,74062.43,328.0,1400,0.0
2026-05-31 05:15:00,74067.02,74086.28,74008.41,74057.77,278.0,1400,0.0
2026-05-31 05:30:00,74046.38,74070.11,73968.09,74002.39,322.0,1400,0.0
2026-05-31 05:45:00,73994.54,74000.59,73942.95,73947.0,249.0,1400,0.0
2026-05-31 06:00:00,73949.46,73958.21,73878.58,73892.84,332.0,1400,0.0
2026-05-31 06:15:00,73892.93,73935.79,73876.09,73909.02,235.0,1400,0.0
2026-05-31 06:30:00,73910.39,73998.22,73902.27,73955.68,306.0,1400,0.0
2026-05-31 06:45:00,73956.93,73975.75,73929.07,73938.35,175.0,1400,0.0
2026-05-31 07:00:00,73932.07,73936.42,73834.25,73865.82,310.0,1400,0.0
2026-05-31 07:15:00,73866.3,73870.92,73776.21,73787.09,271.0,1400,0.0
2026-05-31 07:30:00,73787.0,73805.71,73709.76,73754.26,329.0,1400,0.0
2026-05-31 07:45:00,73754.29,73798.22,73738.06,73757.88,271.0,1400,0.0
2026-05-31 08:00:00,73757.8,73865.45,73748.78,73796.81,297.0,1400,0.0
2026-05-31 08:15:00,73803.77,73874.78,73795.16,73859.88,304.0,1400,0.0
2026-05-31 08:30:00,73863.75,73863.75,73734.68,73781.93,290.0,1400,0.0
2026-05-31 08:45:00,73781.85,73865.69,73731.7,73830.83,320.0,1400,0.0
2026-05-31 09:00:00,73834.59,73839.26,73756.61,73787.16,253.0,1400,0.0
2026-05-31 09:15:00,73779.81,73869.68,73775.09,73846.85,213.0,1400,0.0
2026-05-31 09:30:00,73848.69,73921.62,73826.83,73868.41,279.0,1400,0.0
2026-05-31 09:45:00,73866.29,73894.73,73691.66,73739.54,403.0,1400,0.0
2026-05-31 10:00:00,73738.94,73762.96,73695.73,73743.34,318.0,1400,0.0
2026-05-31 10:15:00,73742.09,73747.96,73613.27,73703.94,423.0,1400,0.0
2026-05-31 10:30:00,73703.69,73734.17,73679.8,73728.33,308.0,1400,0.0
2026-05-31 10:45:00,73726.35,73789.09,73688.17,73780.98,253.0,1400,0.0
2026-05-31 11:00:00,73785.88,73828.79,73778.91,73798.68,253.0,1400,0.0
2026-05-31 11:15:00,73799.47,73865.66,73779.19,73848.83,263.0,1400,0.0
2026-05-31 11:30:00,73848.7,73860.44,73799.64,73843.86,296.0,1400,0.0
2026-05-31 11:45:00,73845.28,73869.15,73796.19,73832.55,305.0,1400,0.0
2026-05-31 12:00:00,73828.03,73869.85,73752.54,73805.16,345.0,1400,0.0
2026-05-31 12:15:00,73811.37,73899.45,73811.37,73833.66,346.0,1400,0.0
2026-05-31 12:30:00,73833.73,73863.55,73787.73,73860.89,270.0,1400,0.0
2026-05-31 12:45:00,73861.09,73875.77,73770.02,73804.08,259.0,1400,0.0
2026-05-31 13:00:00,73807.79,73844.88,73763.49,73828.12,252.0,1400,0.0
2026-05-31 13:15:00,73830.19,73914.67,73814.06,73856.35,313.0,1400,0.0
2026-05-31 13:30:00,73856.49,73870.48,73769.54,73788.0,249.0,1400,0.0
2026-05-31 13:45:00,73785.46,73797.12,73684.36,73760.41,297.0,1400,0.0
2026-05-31 14:00:00,73760.4,73760.4,73541.22,73623.66,557.0,1400,0.0
2026-05-31 14:15:00,73620.31,73681.6,73357.97,73489.37,1310.0,1400,0.0
2026-05-31 14:30:00,73491.22,73650.44,73476.41,73513.47,561.0,1400,0.0
2026-05-31 14:45:00,73518.55,73596.8,73473.73,73509.01,401.0,1400,0.0
2026-05-31 15:00:00,73509.69,73575.16,73476.44,73570.83,404.0,1400,0.0
2026-05-31 15:15:00,73568.69,73677.67,73538.47,73638.88,313.0,1400,0.0
2026-05-31 15:30:00,73637.37,73652.08,73499.64,73534.64,332.0,1400,0.0
2026-05-31 15:45:00,73532.41,73581.09,73527.8,73535.88,293.0,1400,0.0
2026-05-31 16:00:00,73543.45,73621.99,73493.45,73521.0,325.0,1400,0.0
2026-05-31 16:15:00,73519.91,73532.06,73411.15,73496.34,470.0,1400,0.0
2026-05-31 16:30:00,73498.45,73503.47,73281.45,73401.55,735.0,1400,0.0
2026-05-31 16:45:00,73399.72,73448.31,73332.79,73432.4,360.0,1400,0.0
2026-05-31 17:00:00,73426.71,73465.08,73350.26,73411.59,379.0,1400,0.0
2026-05-31 17:15:00,73417.71,73502.16,73417.71,73489.99,242.0,1400,0.0
2026-05-31 17:30:00,73489.96,73625.02,73489.94,73621.09,350.0,1400,0.0
2026-05-31 17:45:00,73616.5,73640.47,73569.35,73608.57,272.0,1400,0.0
2026-05-31 18:00:00,73607.7,73608.53,73506.79,73546.74,347.0,1400,0.0
2026-05-31 18:15:00,73539.7,73582.12,73498.21,73524.94,271.0,1400,0.0
2026-05-31 18:30:00,73523.95,73607.01,73505.55,73535.48,319.0,1400,0.0
2026-05-31 18:45:00,73532.77,73537.08,73460.06,73500.55,284.0,1400,0.0
2026-05-31 19:00:00,73498.38,73542.72,73477.73,73491.55,285.0,1400,0.0
2026-05-31 19:15:00,73491.65,73519.14,73337.61,73428.39,389.0,1400,0.0
2026-05-31 19:30:00,73419.8,73444.68,73347.33,73413.36,335.0,1400,0.0
2026-05-31 19:45:00,73412.82,73477.76,73399.32,73442.61,247.0,1400,0.0
2026-05-31 20:00:00,73442.73,73599.5,73442.73,73583.76,442.0,1400,0.0
2026-05-31 20:15:00,73583.84,73656.66,73550.05,73582.55,336.0,1400,0.0
2026-05-31 20:30:00,73576.8,73612.87,73553.83,73591.11,264.0,1400,0.0
2026-05-31 20:45:00,73584.06,73660.73,73581.26,73633.57,241.0,1400,0.0
2026-05-31 21:00:00,73632.75,73653.33,73568.14,73570.2,307.0,1400,0.0
2026-05-31 21:15:00,73577.19,73630.52,73511.75,73544.47,309.0,1400,0.0
2026-05-31 21:30:00,73544.55,73650.15,73513.31,73641.44,401.0,1400,0.0
2026-05-31 21:45:00,73641.53,73827.04,73641.53,73782.01,1071.0,1400,0.0
2026-05-31 22:00:00,73781.56,73866.61,73571.19,73803.02,727.0,1400,0.0
2026-05-31 22:15:00,73804.27,73897.48,73703.28,73778.81,625.0,1400,0.0
2026-05-31 22:30:00,73777.51,73893.81,73751.46,73792.74,512.0,1400,0.0
2026-05-31 22:45:00,73797.8,73893.91,73797.8,73841.9,372.0,1400,0.0
2026-05-31 23:00:00,73845.9,74107.22,73826.38,73828.4,762.0,1400,0.0
2026-05-31 23:15:00,73829.1,73864.31,73680.62,73728.6,502.0,1400,0.0
2026-05-31 23:30:00,73728.52,73733.33,73392.01,73477.82,753.0,1400,0.0
2026-05-31 23:45:00,73477.75,73613.91,73448.63,73582.48,495.0,1400,0.0
2026-06-01 00:00:00,73583.58,73786.21,73536.99,73710.46,756.0,1400,0.0
2026-06-01 00:15:00,73711.0,73865.74,73606.3,73850.37,633.0,1400,0.0
2026-06-01 00:30:00,73850.15,73993.97,73720.33,73824.46,848.0,1400,0.0
2026-06-01 00:45:00,73824.64,73919.41,73759.1,73782.28,653.0,1400,0.0
2026-06-01 01:00:00,73777.37,73820.1,73465.05,73465.35,894.0,1400,0.0
2026-06-01 01:15:00,73466.91,73556.38,73462.95,73491.82,614.0,1400,0.0
2026-06-01 01:30:00,73493.18,73558.18,73340.49,73398.93,655.0,1400,0.0
2026-06-01 01:45:00,73399.33,73475.09,73166.84,73197.51,894.0,1400,0.0
2026-06-01 02:00:00,73196.28,73467.48,73104.61,73430.65,886.0,1400,0.0
2026-06-01 02:15:00,73433.87,73453.02,73338.56,73410.92,512.0,1400,0.0
2026-06-01 02:30:00,73410.0,73790.37,73349.48,73665.01,820.0,1400,0.0
2026-06-01 02:45:00,73662.24,73763.23,73632.73,73686.49,691.0,1400,0.0
2026-06-01 03:00:00,73685.61,73928.9,73681.61,73781.29,783.0,1400,0.0
2026-06-01 03:15:00,73781.35,73883.13,73691.36,73807.05,657.0,1400,0.0
2026-06-01 03:30:00,73808.55,73880.49,73694.27,73751.08,502.0,1400,0.0
2026-06-01 03:45:00,73751.26,73811.76,73617.51,73663.28,459.0,1400,0.0
2026-06-01 04:00:00,73664.18,73749.21,73484.65,73501.43,526.0,1400,0.0
2026-06-01 04:15:00,73501.53,73526.28,73290.28,73305.32,681.0,1400,0.0
2026-06-01 04:30:00,73305.36,73398.25,73303.88,73381.2,555.0,1400,0.0
2026-06-01 04:45:00,73385.51,73494.95,73234.69,73424.15,530.0,1400,0.0
2026-06-01 05:00:00,73418.87,73445.87,73341.41,73427.05,434.0,1400,0.0
2026-06-01 05:15:00,73432.12,73435.39,73247.47,73247.47,470.0,1400,0.0
2026-06-01 05:30:00,73248.42,73339.89,73211.26,73328.07,509.0,1400,0.0
2026-06-01 05:45:00,73328.24,73374.5,73230.1,73263.85,374.0,1400,0.0
2026-06-01 06:00:00,73266.85,73285.21,73137.18,73201.61,563.0,1400,0.0
2026-06-01 06:15:00,73200.33,73238.83,73038.53,73103.26,700.0,1400,0.0
2026-06-01 06:30:00,73103.88,73150.1,72895.56,72907.75,775.0,1400,0.0
2026-06-01 06:45:00,72909.18,73123.37,72845.72,73041.33,818.0,1400,0.0
2026-06-01 07:00:00,73037.83,73110.61,72940.99,73030.3,593.0,1400,0.0
2026-06-01 07:15:00,73029.2,73048.12,72824.43,72884.02,680.0,1400,0.0
2026-06-01 07:30:00,72882.93,72903.02,72763.84,72837.17,666.0,1400,0.0
2026-06-01 07:45:00,72837.44,72867.07,72593.66,72710.96,907.0,1400,0.0
2026-06-01 08:00:00,72711.02,72771.79,72680.4,72724.4,634.0,1400,0.0
2026-06-01 08:15:00,72717.3,72776.22,72509.92,72643.99,544.0,1400,0.0
2026-06-01 08:30:00,72644.27,72773.56,72508.48,72671.86,802.0,1400,0.0
2026-06-01 08:45:00,72672.35,72840.42,72666.54,72814.49,572.0,1400,0.0
2026-06-01 09:00:00,72813.75,72923.62,72801.71,72872.64,415.0,1400,0.0
2026-06-01 09:15:00,72874.63,73010.25,72838.45,72906.11,452.0,1400,0.0
2026-06-01 09:30:00,72906.75,72956.13,72813.17,72862.77,522.0,1400,0.0
2026-06-01 09:45:00,72862.9,72913.66,72727.9,72791.57,678.0,1400,0.0
2026-06-01 10:00:00,72791.14,72823.06,72672.95,72693.31,429.0,1400,0.0
2026-06-01 10:15:00,72696.43,72724.0,72577.01,72621.19,529.0,1400,0.0
2026-06-01 10:30:00,72626.42,72698.3,72489.74,72613.55,568.0,1400,0.0
2026-06-01 10:45:00,72619.75,72712.05,72608.65,72667.14,402.0,1400,0.0
2026-06-01 11:00:00,72668.3,72679.2,72555.48,72589.37,439.0,1400,0.0
2026-06-01 11:15:00,72589.96,72652.43,72559.22,72571.01,351.0,1400,0.0
2026-06-01 11:30:00,72570.92,72653.38,72515.02,72620.17,466.0,1400,0.0
2026-06-01 11:45:00,72622.95,72670.17,72129.53,72393.21,1056.0,1400,0.0
2026-06-01 12:00:00,72398.17,72525.35,71794.43,71975.76,2372.0,1400,0.0
2026-06-01 12:15:00,71981.84,72224.57,71940.4,72137.06,1008.0,1400,0.0
2026-06-01 12:30:00,72135.68,72244.0,72101.38,72181.81,817.0,1400,0.0
2026-06-01 12:45:00,72181.16,72212.82,72022.75,72118.66,740.0,1400,0.0
2026-06-01 13:00:00,72117.55,72146.33,71634.45,71756.04,1764.0,1400,0.0
2026-06-01 13:15:00,71754.51,71953.2,71641.17,71730.07,1677.0,1400,0.0
2026-06-01 13:30:00,71730.21,71949.08,71456.03,71495.31,2411.0,1400,0.0
2026-06-01 13:45:00,71498.65,72107.19,71259.12,71604.02,2957.0,1400,0.0
2026-06-01 14:00:00,71614.0,71779.02,71411.38,71556.05,1949.0,1400,0.0
2026-06-01 14:15:00,71551.45,71624.89,71353.11,71420.11,1588.0,1400,0.0
2026-06-01 14:30:00,71420.52,71476.84,71284.87,71375.05,1209.0,1400,0.0
2026-06-01 14:45:00,71379.42,71499.79,71291.46,71445.28,935.0,1400,0.0
2026-06-01 15:00:00,71450.24,71567.73,71314.18,71392.2,1021.0,1400,0.0
2026-06-01 15:15:00,71396.91,71424.53,70932.16,70960.14,1318.0,1400,0.0
2026-06-01 15:30:00,70960.76,71382.35,70954.95,71165.41,1471.0,1400,0.0
2026-06-01 15:45:00,71166.91,71190.13,70938.04,71008.98,785.0,1400,0.0
2026-06-01 16:00:00,71005.85,71085.15,70563.68,70757.81,1726.0,1400,0.0
2026-06-01 16:15:00,70755.9,70975.06,70697.68,70973.19,911.0,1400,0.0
2026-06-01 16:30:00,70979.07,71239.39,70918.57,71224.51,896.0,1400,0.0
2026-06-01 16:45:00,71230.6,71513.85,71219.65,71447.73,959.0,1400,0.0
2026-06-01 17:00:00,71448.98,71532.36,71353.76,71483.19,921.0,1400,0.0
2026-06-01 17:15:00,71484.58,71649.55,71357.91,71629.05,844.0,1400,0.0
2026-06-01 17:30:00,71626.18,71688.27,71416.94,71618.8,1355.0,1400,0.0
2026-06-01 17:45:00,71618.14,71706.59,71516.04,71547.88,753.0,1400,0.0
2026-06-01 18:00:00,71544.81,71595.45,71353.38,71383.49,629.0,1400,0.0
2026-06-01 18:15:00,71386.59,71450.73,71274.29,71450.73,566.0,1400,0.0
2026-06-01 18:30:00,71454.67,71587.26,71399.35,71399.35,580.0,1400,0.0
2026-06-01 18:45:00,71406.01,71462.92,71286.18,71404.7,630.0,1400,0.0
2026-06-01 19:00:00,71399.82,71411.38,71314.0,71342.67,536.0,1400,0.0
2026-06-01 19:15:00,71346.83,71530.22,71285.11,71527.87,560.0,1400,0.0
2026-06-01 19:30:00,71518.13,71577.32,71438.56,71547.91,667.0,1400,0.0
2026-06-01 19:45:00,71545.37,71545.37,71400.95,71495.27,545.0,1400,0.0
2026-06-01 20:00:00,71492.88,71498.02,71411.62,71475.42,426.0,1400,0.0
2026-06-01 20:15:00,71482.43,71612.32,71427.22,71523.02,478.0,1400,0.0
2026-06-01 20:30:00,71517.85,71578.56,71472.31,71497.6,441.0,1400,0.0
2026-06-01 20:45:00,71502.4,71531.32,71309.89,71360.8,433.0,1400,0.0
2026-06-01 21:00:00,71359.65,71364.4,71058.06,71129.65,679.0,1400,0.0
2026-06-01 21:15:00,71129.57,71145.08,70989.92,71063.58,545.0,1400,0.0
2026-06-01 21:30:00,71065.45,71077.63,70842.22,70926.83,620.0,1400,0.0
2026-06-01 21:45:00,70933.88,71044.49,70877.95,70949.14,671.0,1400,0.0
2026-06-01 22:00:00,70947.43,70956.77,70739.69,70871.84,840.0,1400,0.0
2026-06-01 22:15:00,70879.94,71245.97,70866.8,71185.7,679.0,1400,0.0
2026-06-01 22:30:00,71186.55,71269.52,70976.27,71048.17,639.0,1400,0.0
2026-06-01 22:45:00,71048.34,71372.16,71047.26,71305.31,708.0,1400,0.0
2026-06-01 23:00:00,71306.11,71358.78,71215.66,71279.33,585.0,1400,0.0
2026-06-01 23:15:00,71279.39,71388.5,71142.46,71142.46,555.0,1400,0.0
2026-06-01 23:30:00,71145.22,71493.78,71127.78,71421.16,658.0,1400,0.0
2026-06-01 23:45:00,71422.28,71460.78,71268.91,71317.12,535.0,1400,0.0
2026-06-02 00:00:00,71322.35,71325.21,71145.06,71181.72,800.0,1400,0.0
2026-06-02 00:15:00,71182.38,71215.06,71047.53,71135.2,596.0,1400,0.0
2026-06-02 00:30:00,71138.3,71211.65,70997.44,71088.81,630.0,1400,0.0
2026-06-02 00:45:00,71084.83,71213.02,71048.65,71191.45,521.0,1400,0.0
2026-06-02 01:00:00,71195.4,71285.31,71126.24,71260.83,688.0,1400,0.0
2026-06-02 01:15:00,71268.71,71284.7,71086.36,71105.84,695.0,1400,0.0
2026-06-02 01:30:00,71110.26,71136.9,70674.69,70861.23,1244.0,1400,0.0
2026-06-02 01:45:00,70859.65,70859.65,70483.14,70560.7,949.0,1400,0.0
2026-06-02 02:00:00,70556.78,70637.6,69974.42,70256.26,2502.0,1400,0.0
2026-06-02 02:15:00,70249.85,70725.19,70059.44,70693.2,1532.0,1400,0.0
2026-06-02 02:30:00,70693.3,70783.5,70478.55,70499.6,968.0,1400,0.0
2026-06-02 02:45:00,70498.34,70752.98,70470.3,70752.98,769.0,1400,0.0
2026-06-02 03:00:00,70749.77,70949.93,70690.08,70804.03,776.0,1400,0.0
2026-06-02 03:15:00,70812.62,70912.79,70714.99,70849.62,654.0,1400,0.0
2026-06-02 03:30:00,70855.57,70901.02,70799.37,70885.39,576.0,1400,0.0
2026-06-02 03:45:00,70885.51,70911.67,70825.56,70832.31,491.0,1400,0.0
2026-06-02 04:00:00,70833.46,70908.49,70601.62,70655.59,671.0,1400,0.0
2026-06-02 04:15:00,70657.46,70920.87,70657.46,70858.98,615.0,1400,0.0
2026-06-02 04:30:00,70859.14,70948.87,70804.44,70908.38,511.0,1400,0.0
2026-06-02 04:45:00,70909.36,70909.36,70645.79,70708.13,554.0,1400,0.0
2026-06-02 05:00:00,70704.84,70745.07,70469.82,70686.45,867.0,1400,0.0
2026-06-02 05:15:00,70682.66,70696.67,70456.56,70489.74,738.0,1400,0.0
2026-06-02 05:30:00,70491.72,70616.16,70312.29,70422.16,1086.0,1400,0.0
2026-06-02 05:45:00,70420.95,70435.33,70144.88,70153.38,944.0,1400,0.0
2026-06-02 06:00:00,70168.13,70340.23,70107.43,70204.24,894.0,1400,0.0
2026-06-02 06:15:00,70202.54,70297.79,70121.63,70260.05,623.0,1400,0.0
2026-06-02 06:30:00,70261.7,70322.57,70136.03,70150.0,590.0,1400,0.0
2026-06-02 06:45:00,70148.59,70241.96,69817.13,70002.95,1633.0,1400,0.0
2026-06-02 07:00:00,70003.48,70064.36,69610.58,69956.36,1877.0,1400,0.0
2026-06-02 07:15:00,69957.75,70176.53,69726.25,69818.07,1065.0,1400,0.0
2026-06-02 07:30:00,69818.29,70155.13,69810.33,70114.23,863.0,1400,0.0
2026-06-02 07:45:00,70113.85,70114.96,69968.86,70014.37,653.0,1400,0.0
2026-06-02 08:00:00,70011.63,70076.79,69858.94,69952.0,875.0,1400,0.0
2026-06-02 08:15:00,69952.24,69988.46,69756.08,69919.97,1172.0,1400,0.0
2026-06-02 08:30:00,69918.54,69980.76,69750.32,69762.25,778.0,1400,0.0
2026-06-02 08:45:00,69761.49,69844.92,69601.11,69728.86,878.0,1400,0.0
2026-06-02 09:00:00,69732.95,69747.73,69385.6,69453.66,1450.0,1400,0.0
2026-06-02 09:15:00,69456.87,69525.65,69206.12,69296.27,1324.0,1400,0.0
2026-06-02 09:30:00,69299.87,69462.23,69243.34,69382.55,1017.0,1400,0.0
2026-06-02 09:45:00,69386.32,69428.23,69271.99,69320.63,755.0,1400,0.0
2026-06-02 10:00:00,69322.93,69653.36,69240.09,69547.48,958.0,1400,0.0
2026-06-02 10:15:00,69542.65,69620.12,69401.5,69530.65,704.0,1400,0.0
2026-06-02 10:30:00,69530.37,69566.22,69335.04,69364.75,649.0,1400,0.0
2026-06-02 10:45:00,69364.0,69585.95,69357.48,69526.47,583.0,1400,0.0
2026-06-02 11:00:00,69526.25,69554.37,69377.72,69448.55,551.0,1400,0.0
2026-06-02 11:15:00,69441.36,69465.11,69314.93,69395.18,653.0,1400,0.0
2026-06-02 11:30:00,69393.18,69434.93,69285.48,69370.9,590.0,1400,0.0
2026-06-02 11:45:00,69373.0,69514.63,69353.34,69353.39,469.0,1400,0.0
2026-06-02 12:00:00,69354.03,69438.19,69169.55,69240.42,949.0,1400,0.0
2026-06-02 12:15:00,69239.81,69339.47,69133.39,69196.09,925.0,1400,0.0
2026-06-02 12:30:00,69196.67,69196.67,68953.19,69123.54,1233.0,1400,0.0
2026-06-02 12:45:00,69115.18,69151.93,68879.35,68898.66,800.0,1400,0.0
2026-06-02 13:00:00,68908.31,69097.14,68777.2,68814.75,1621.0,1400,0.0
2026-06-02 13:15:00,68813.02,69002.54,68752.79,68912.45,922.0,1400,0.0
2026-06-02 13:30:00,68916.92,69014.01,68662.87,68785.35,2010.0,1400,0.0
2026-06-02 13:45:00,68786.65,68874.42,68624.73,68688.49,1232.0,1400,0.0
2026-06-02 14:00:00,68691.97,68717.68,68166.46,68455.83,2392.0,1400,0.0
2026-06-02 14:15:00,68458.04,68459.84,67490.38,67771.84,4207.0,1400,0.0
2026-06-02 14:30:00,67765.11,68143.32,67736.37,67902.57,2680.0,1400,0.0
2026-06-02 14:45:00,67897.45,68146.08,67832.8,67891.57,1724.0,1400,0.0
2026-06-02 15:00:00,67881.68,67972.66,67672.0,67723.97,1869.0,1400,0.0
2026-06-02 15:15:00,67720.47,67731.71,67225.32,67325.06,3247.0,1400,0.0
2026-06-02 15:30:00,67323.88,67389.51,66940.94,67152.95,3648.0,1400,0.0
2026-06-02 15:45:00,67148.2,67368.77,66974.59,67183.68,1826.0,1400,0.0
2026-06-02 16:00:00,67183.56,67854.95,67096.25,67800.35,2328.0,1400,0.0
2026-06-02 16:15:00,67800.22,68034.58,67674.45,67743.05,1923.0,1400,0.0
2026-06-02 16:30:00,67735.44,67750.55,67413.0,67514.19,1285.0,1400,0.0
2026-06-02 16:45:00,67512.54,67724.02,67285.18,67309.91,1359.0,1400,0.0
2026-06-02 17:00:00,67310.79,67513.36,67246.84,67388.86,1165.0,1400,0.0
2026-06-02 17:15:00,67384.58,67696.65,67335.51,67615.32,1148.0,1400,0.0
2026-06-02 17:30:00,67609.95,67736.06,67355.69,67376.03,1240.0,1400,0.0
2026-06-02 17:45:00,67376.11,67409.98,67259.35,67374.57,886.0,1400,0.0
2026-06-02 18:00:00,67376.02,67555.05,67362.2,67482.29,962.0,1400,0.0
2026-06-02 18:15:00,67481.36,67512.33,67168.57,67200.54,966.0,1400,0.0
2026-06-02 18:30:00,67201.18,67261.66,67077.15,67189.75,1014.0,1400,0.0
2026-06-02 18:45:00,67189.09,67261.28,66993.8,67218.09,961.0,1400,0.0
2026-06-02 19:00:00,67221.48,67318.02,67111.56,67244.39,823.0,1400,0.0
2026-06-02 19:15:00,67237.17,67261.27,66807.32,66872.45,1279.0,1400,0.0
2026-06-02 19:30:00,66880.45,66922.52,66316.73,66818.97,3047.0,1400,0.0
2026-06-02 19:45:00,66825.71,67405.91,66759.5,67213.72,1791.0,1400,0.0
2026-06-02 20:00:00,67220.69,67387.14,66983.54,67284.89,1440.0,1400,0.0
2026-06-02 20:15:00,67287.29,67297.59,66799.45,66849.79,1639.0,1400,0.0
2026-06-02 20:30:00,66854.42,67250.06,66834.47,67195.33,1451.0,1400,0.0
2026-06-02 20:45:00,67195.27,67581.58,67186.3,67482.25,1079.0,1400,0.0
2026-06-02 21:00:00,67490.68,67706.09,67305.52,67382.2,1517.0,1400,0.0
2026-06-02 21:15:00,67371.23,67819.15,67366.16,67787.81,1031.0,1400,0.0
2026-06-02 21:30:00,67791.91,67831.38,67601.01,67636.34,840.0,1400,0.0
2026-06-02 21:45:00,67637.62,67641.86,67402.92,67461.43,641.0,1400,0.0
2026-06-02 22:00:00,67460.33,67460.33,67110.46,67128.22,1424.0,1400,0.0
2026-06-02 22:15:00,67126.86,67339.65,66822.47,67182.29,1991.0,1400,0.0
2026-06-02 22:30:00,67184.01,67223.35,66658.67,66849.8,1636.0,1400,0.0
2026-06-02 22:45:00,66846.54,66846.54,66140.27,66300.15,3466.0,1400,0.0
2026-06-02 23:00:00,66297.17,66599.15,66093.8,66599.15,2709.0,1400,0.0
2026-06-02 23:15:00,66600.89,66681.94,66084.7,66355.16,2840.0,1400,0.0
2026-06-02 23:30:00,66358.65,66641.64,66141.76,66622.73,2219.0,1400,0.0
2026-06-02 23:45:00,66619.88,66776.67,66565.63,66660.68,998.0,1400,0.0
2026-06-03 00:00:00,66658.01,66828.41,66547.46,66714.33,1470.0,1400,0.0
2026-06-03 00:15:00,66714.95,67030.59,66667.36,66682.55,1163.0,1400,0.0
2026-06-03 00:30:00,66683.52,67122.18,66605.91,66977.17,1149.0,1400,0.0
2026-06-03 00:45:00,66976.69,67060.52,66833.18,66834.86,752.0,1400,0.0
2026-06-03 01:00:00,66837.28,66864.4,66577.22,66719.12,997.0,1400,0.0
2026-06-03 01:15:00,66728.84,66954.24,66707.5,66922.05,891.0,1400,0.0
2026-06-03 01:30:00,66927.92,66958.2,66367.09,66418.28,973.0,1400,0.0
2026-06-03 01:45:00,66424.94,66937.06,66404.93,66823.71,1104.0,1400,0.0
2026-06-03 02:00:00,66823.02,66835.96,66628.19,66727.87,834.0,1400,0.0
2026-06-03 02:15:00,66733.11,66852.12,66545.89,66563.64,1075.0,1400,0.0
2026-06-03 02:30:00,66566.0,66770.13,66498.66,66645.11,878.0,1400,0.0
2026-06-03 02:45:00,66650.26,66731.76,66474.62,66518.69,977.0,1400,0.0
2026-06-03 03:00:00,66516.88,66573.93,66308.15,66421.61,1008.0,1400,0.0
2026-06-03 03:15:00,66420.97,66535.64,65986.55,66070.16,1492.0,1400,0.0
2026-06-03 03:30:00,66072.83,66182.69,65638.95,65680.03,2528.0,1400,0.0
2026-06-03 03:45:00,65681.42,65898.99,65317.76,65767.21,3283.0,1400,0.0
2026-06-03 04:00:00,65761.51,66518.58,65732.13,66255.99,2500.0,1400,0.0
2026-06-03 04:15:00,66254.25,66536.76,66219.74,66483.2,1148.0,1400,0.0
2026-06-03 04:30:00,66484.83,66484.83,66216.85,66339.23,1089.0,1400,0.0
2026-06-03 04:45:00,66341.74,66421.21,66179.59,66384.24,868.0,1400,0.0
2026-06-03 05:00:00,66383.8,67175.28,66371.69,67045.86,2545.0,1400,0.0
2026-06-03 05:15:00,67043.24,67193.1,66880.79,67018.07,1451.0,1400,0.0
2026-06-03 05:30:00,67012.48,67012.48,66671.39,66920.89,1185.0,1400,0.0
2026-06-03 05:45:00,66932.56,67312.88,66932.53,67223.09,1318.0,1400,0.0
2026-06-03 06:00:00,67220.63,67278.78,67010.28,67070.15,898.0,1400,0.0
2026-06-03 06:15:00,67070.34,67262.65,67048.54,67154.6,904.0,1400,0.0
2026-06-03 06:30:00,67151.92,67426.7,67083.59,67229.07,1484.0,1400,0.0
2026-06-03 06:45:00,67232.26,67256.39,66861.29,66897.68,1026.0,1400,0.0
2026-06-03 07:00:00,66892.31,67068.44,66767.76,66969.99,1022.0,1400,0.0
2026-06-03 07:15:00,66978.45,67238.98,66923.76,67095.77,855.0,1400,0.0
2026-06-03 07:30:00,67095.66,67198.06,66977.6,67113.58,764.0,1400,0.0
2026-06-03 07:45:00,67116.39,67246.02,67084.08,67127.31,623.0,1400,0.0
2026-06-03 08:00:00,67126.6,67174.47,66964.89,66974.64,788.0,1400,0.0
2026-06-03 08:15:00,66974.75,67056.0,66907.12,66943.53,665.0,1400,0.0
2026-06-03 08:30:00,66949.69,67147.93,66870.89,67005.4,981.0,1400,0.0
2026-06-03 08:45:00,67005.12,67094.57,66866.69,66927.37,802.0,1400,0.0
2026-06-03 09:00:00,66925.42,67009.99,66830.04,66869.15,699.0,1400,0.0
2026-06-03 09:15:00,66874.9,66875.5,66705.98,66726.94,859.0,1400,0.0
2026-06-03 09:30:00,66727.14,66768.85,66631.08,66633.7,491.0,1400,0.0
2026-06-03 09:45:00,66633.75,67226.11,66549.18,66976.36,1195.0,1400,0.0
2026-06-03 10:00:00,66977.05,67390.75,66965.44,67197.93,1169.0,1400,0.0
2026-06-03 10:15:00,67192.37,67251.2,67087.99,67217.5,673.0,1400,0.0
2026-06-03 10:30:00,67221.27,67325.33,67108.7,67140.72,666.0,1400,0.0
2026-06-03 10:45:00,67143.45,67233.88,67078.94,67193.59,467.0,1400,0.0
2026-06-03 11:00:00,67196.32,67279.29,67103.4,67256.9,566.0,1400,0.0
2026-06-03 11:15:00,67251.31,67277.97,67193.17,67247.48,536.0,1400,0.0
2026-06-03 11:30:00,67246.33,67246.33,67016.81,67059.26,555.0,1400,0.0
2026-06-03 11:45:00,67059.69,67069.92,66955.42,66972.81,508.0,1400,0.0
2026-06-03 12:00:00,66974.08,67045.62,66781.71,66884.33,783.0,1400,0.0
2026-06-03 12:15:00,66886.04,66996.31,66683.69,66926.62,975.0,1400,0.0
2026-06-03 12:30:00,66926.44,67075.94,66729.04,66865.01,876.0,1400,0.0
2026-06-03 12:45:00,66865.09,67046.14,66813.61,66990.47,737.0,1400,0.0
2026-06-03 13:00:00,66995.26,67142.17,66887.55,67013.89,953.0,1400,0.0
2026-06-03 13:15:00,67012.76,67158.29,66730.26,66736.8,1105.0,1400,0.0
2026-06-03 13:30:00,66741.05,67095.72,66601.95,66645.93,2587.0,1400,0.0
2026-06-03 13:45:00,66645.14,66952.48,66524.06,66803.08,2886.0,1400,0.0
2026-06-03 14:00:00,66796.66,66846.84,66625.31,66800.28,2129.0,1400,0.0
2026-06-03 14:15:00,66807.58,66831.85,66533.56,66687.69,2237.0,1400,0.0
2026-06-03 14:30:00,66690.29,66892.48,66603.53,66657.48,1713.0,1400,0.0
2026-06-03 14:45:00,66649.79,66831.5,66633.24,66762.76,1508.0,1400,0.0
2026-06-03 15:00:00,66763.73,66800.49,66380.61,66424.09,1636.0,1400,0.0
2026-06-03 15:15:00,66423.48,66569.52,66147.5,66495.23,1880.0,1400,0.0
2026-06-03 15:30:00,66498.54,66579.99,66110.78,66198.57,1545.0,1400,0.0
2026-06-03 15:45:00,66196.46,66284.44,65960.18,65983.01,2264.0,1400,0.0
2026-06-03 16:00:00,65986.69,66287.4,65765.27,66061.79,3092.0,1400,0.0
2026-06-03 16:15:00,66060.42,66125.42,65448.45,65519.58,3263.0,1400,0.0
2026-06-03 16:30:00,65521.17,65884.36,65493.44,65816.77,2328.0,1400,0.0
2026-06-03 16:45:00,65815.1,65989.78,65714.51,65964.86,1568.0,1400,0.0
2026-06-03 17:00:00,65969.33,66037.82,65603.92,65633.64,1594.0,1400,0.0
2026-06-03 17:15:00,65635.8,65892.66,65614.06,65855.28,1328.0,1400,0.0
2026-06-03 17:30:00,65855.48,66098.57,65742.83,66015.86,1385.0,1400,0.0
2026-06-03 17:45:00,66018.86,66028.19,65700.97,65876.07,1164.0,1400,0.0
2026-06-03 18:00:00,65876.29,66006.03,65751.64,65869.28,1095.0,1400,0.0
2026-06-03 18:15:00,65872.47,65873.27,65641.44,65814.19,1167.0,1400,0.0
2026-06-03 18:30:00,65813.61,66015.73,65692.53,65940.55,1067.0,1400,0.0
2026-06-03 18:45:00,65940.76,66089.94,65919.84,65941.17,972.0,1400,0.0
2026-06-03 19:00:00,65939.14,65968.3,65808.45,65887.93,861.0,1400,0.0
2026-06-03 19:15:00,65884.8,65966.16,65490.98,65556.21,1407.0,1400,0.0
2026-06-03 19:30:00,65556.62,65732.07,65529.61,65661.5,993.0,1400,0.0
2026-06-03 19:45:00,65660.99,65754.9,65138.5,65382.79,1792.0,1400,0.0
2026-06-03 20:00:00,65373.79,65519.04,65152.49,65480.63,1482.0,1400,0.0
2026-06-03 20:15:00,65477.38,65508.32,65184.74,65459.34,1438.0,1400,0.0
2026-06-03 20:30:00,65457.24,65483.55,65094.8,65110.24,1310.0,1400,0.0
2026-06-03 20:45:00,65115.04,65153.29,64651.21,64910.41,2957.0,1400,0.0
2026-06-03 21:00:00,64907.76,65495.94,64855.18,65315.59,2237.0,1400,0.0
2026-06-03 21:15:00,65307.39,65510.3,65301.39,65424.81,1029.0,1400,0.0
2026-06-03 21:30:00,65423.87,65632.13,65196.65,65429.83,1682.0,1400,0.0
2026-06-03 21:45:00,65431.07,65766.61,65395.18,65674.96,1450.0,1400,0.0
2026-06-03 22:00:00,65673.15,65759.2,65208.11,65242.45,2684.0,1400,0.0
2026-06-03 22:15:00,65246.34,65246.34,64886.89,65067.45,2442.0,1400,0.0
2026-06-03 22:30:00,65072.95,65174.87,64831.4,64975.79,2023.0,1400,0.0
2026-06-03 22:45:00,64971.47,65013.5,64675.36,64817.35,2434.0,1400,0.0
2026-06-03 23:00:00,64814.94,64897.66,64308.61,64512.76,3218.0,1400,0.0
2026-06-03 23:15:00,64506.75,64564.8,64256.94,64414.74,2456.0,1400,0.0
2026-06-03 23:30:00,64416.36,64544.06,64145.35,64166.64,2005.0,1400,0.0
2026-06-03 23:45:00,64166.95,64256.62,63987.29,64055.82,1572.0,1400,0.0
2026-06-04 00:00:00,64049.4,64339.4,64030.23,64212.48,2114.0,1400,0.0
2026-06-04 00:15:00,64211.98,64297.49,63258.98,63270.74,3499.0,1400,0.0
2026-06-04 00:30:00,63265.84,63730.59,62982.58,63507.57,5361.0,1400,0.0
2026-06-04 00:45:00,63498.45,63520.73,62905.13,63252.26,3928.0,1400,0.0
2026-06-04 01:00:00,63253.91,63418.89,63007.47,63048.6,4032.0,1400,0.0
2026-06-04 01:15:00,63040.48,63065.86,62490.34,62626.13,6417.0,1400,0.0
2026-06-04 01:30:00,62633.28,63098.27,62617.25,62736.74,3964.0,1400,0.0
2026-06-04 01:45:00,62736.48,62803.76,62016.28,62105.6,5260.0,1400,0.0
2026-06-04 02:00:00,62103.7,62422.3,61308.32,62317.14,6612.0,1400,0.0
2026-06-04 02:15:00,62322.34,63052.95,62060.59,62925.43,4954.0,1400,0.0
2026-06-04 02:30:00,62922.06,63430.09,62817.85,63328.3,3833.0,1400,0.0
2026-06-04 02:45:00,63321.38,63565.78,63074.78,63146.54,2298.0,1400,0.0
2026-06-04 03:00:00,63149.66,63951.66,63138.1,63882.06,3293.0,1400,0.0
2026-06-04 03:15:00,63874.65,64077.42,63806.44,63849.22,1877.0,1400,0.0
2026-06-04 03:30:00,63850.66,64450.87,63825.88,64312.94,2625.0,1400,0.0
2026-06-04 03:45:00,64317.64,64389.46,64175.11,64289.06,1308.0,1400,0.0
2026-06-04 04:00:00,64292.12,64578.13,64247.89,64561.65,1738.0,1400,0.0
2026-06-04 04:15:00,64560.37,64698.88,64424.22,64498.29,1646.0,1400,0.0
2026-06-04 04:30:00,64504.12,64550.16,64187.64,64342.45,1759.0,1400,0.0
2026-06-04 04:45:00,64342.54,64396.24,64231.54,64333.43,1006.0,1400,0.0
2026-06-04 05:00:00,64328.48,64328.48,63650.05,63902.96,2282.0,1400,0.0
2026-06-04 05:15:00,63896.77,63959.28,63577.9,63772.14,1872.0,1400,0.0
2026-06-04 05:30:00,63774.21,64276.99,63701.49,64221.12,2170.0,1400,0.0
2026-06-04 05:45:00,64218.04,64223.75,63841.12,63887.72,1393.0,1400,0.0
2026-06-04 06:00:00,63885.13,64204.7,63819.97,64204.7,1503.0,1400,0.0
2026-06-04 06:15:00,64208.29,64434.4,64113.22,64194.86,1520.0,1400,0.0
2026-06-04 06:30:00,64197.02,64381.83,64003.2,64278.39,1569.0,1400,0.0
2026-06-04 06:45:00,64276.43,64276.43,63908.69,63976.81,1261.0,1400,0.0
2026-06-04 07:00:00,63980.41,64012.41,63634.78,63751.93,1532.0,1400,0.0
2026-06-04 07:15:00,63751.13,63772.74,63415.3,63631.23,1637.0,1400,0.0
2026-06-04 07:30:00,63628.75,63985.86,63618.95,63856.35,1303.0,1400,0.0
2026-06-04 07:45:00,63861.09,63884.66,63530.06,63531.45,1150.0,1400,0.0
2026-06-04 08:00:00,63532.61,63841.12,63256.83,63287.33,2205.0,1400,0.0
2026-06-04 08:15:00,63290.94,63541.99,63168.0,63432.29,2541.0,1400,0.0
2026-06-04 08:30:00,63432.77,63625.7,63290.4,63338.75,1945.0,1400,0.0
2026-06-04 08:45:00,63334.62,63681.57,63320.92,63538.28,1477.0,1400,0.0
2026-06-04 09:00:00,63538.63,63559.73,63098.12,63259.2,1974.0,1400,0.0
2026-06-04 09:15:00,63256.89,63256.89,62716.21,62786.04,2434.0,1400,0.0
2026-06-04 09:30:00,62790.43,62930.11,62621.06,62830.83,2551.0,1400,0.0
2026-06-04 09:45:00,62825.56,63194.74,62821.3,63169.45,2194.0,1400,0.0
2026-06-04 10:00:00,63181.05,63196.36,62737.43,62806.94,1892.0,1400,0.0
2026-06-04 10:15:00,62798.67,62930.14,62411.71,62422.97,1798.0,1400,0.0
2026-06-04 10:30:00,62423.04,62718.88,62340.09,62646.51,1997.0,1400,0.0
2026-06-04 10:45:00,62643.56,62686.44,62207.61,62343.32,2656.0,1400,0.0
2026-06-04 11:00:00,62345.5,62605.76,62152.89,62203.05,1847.0,1008,0.0
2026-06-04 11:15:00,62202.35,62590.84,62161.54,62532.87,1796.0,1008,0.0
2026-06-04 11:30:00,62536.39,62771.72,62124.52,62172.53,2005.0,1008,0.0
2026-06-04 11:45:00,62172.58,62492.39,62172.32,62483.62,1600.0,1008,0.0
2026-06-04 12:00:00,62481.74,62638.91,62306.6,62462.48,2425.0,1008,0.0
2026-06-04 12:15:00,62464.98,63347.57,62454.38,63210.0,3920.0,1008,0.0
2026-06-04 12:30:00,63203.55,63657.55,63073.33,63491.22,4948.0,1008,0.0
2026-06-04 12:45:00,63489.14,63912.75,63437.2,63704.18,2960.0,1008,0.0
2026-06-04 13:00:00,63704.97,63784.7,63478.91,63515.52,2444.0,1008,0.0
2026-06-04 13:15:00,63513.24,63561.22,62995.96,63165.79,3486.0,1008,0.0
2026-06-04 13:30:00,63162.83,64196.35,63114.84,63732.74,6993.0,1008,0.0
2026-06-04 13:45:00,63731.62,64167.97,63599.38,64167.97,4231.0,1008,0.0
2026-06-04 14:00:00,64169.65,64436.49,63916.6,64302.2,4117.0,1008,0.0
2026-06-04 14:15:00,64303.13,64367.21,63987.54,64085.43,2996.0,1008,0.0
2026-06-04 14:30:00,64083.34,64087.73,63776.74,63941.13,2297.0,1008,0.0
2026-06-04 14:45:00,63944.18,64029.34,63725.95,63887.77,1790.0,1008,0.0
2026-06-04 15:00:00,63882.98,64311.18,63773.73,64287.49,2520.0,1008,0.0
2026-06-04 15:15:00,64285.35,64344.24,63721.89,63911.76,2191.0,1008,0.0
2026-06-04 15:30:00,63911.38,64022.71,63719.82,63761.24,1685.0,1008,0.0
2026-06-04 15:45:00,63762.33,63931.03,63610.42,63820.84,1822.0,1008,0.0
2026-06-04 16:00:00,63825.69,63849.42,63561.06,63572.8,1787.0,1008,0.0
2026-06-04 16:15:00,63581.38,63810.95,63554.5,63562.94,1777.0,1008,0.0
2026-06-04 16:30:00,63566.53,63786.1,63361.1,63693.11,2352.0,1008,0.0
2026-06-04 16:45:00,63704.19,63852.44,63419.81,63477.44,1803.0,1008,0.0
2026-06-04 17:00:00,63470.93,63646.37,63343.54,63512.32,1645.0,1008,0.0
2026-06-04 17:15:00,63509.54,63509.54,63027.17,63143.05,2056.0,1008,0.0
2026-06-04 17:30:00,63142.99,63223.62,62883.97,62955.96,1945.0,1008,0.0
2026-06-04 17:45:00,62957.96,63579.72,62854.85,63447.87,2860.0,1008,0.0
2026-06-04 18:00:00,63448.88,63495.8,63057.83,63081.44,1692.0,1008,0.0
2026-06-04 18:15:00,63081.05,63828.4,63056.35,63817.22,2051.0,1008,0.0
2026-06-04 18:30:00,63823.1,64037.65,63639.34,63831.18,2338.0,1008,0.0
2026-06-04 18:45:00,63831.35,64021.3,63724.94,63724.94,1515.0,1008,0.0
2026-06-04 19:00:00,63724.81,63806.72,63526.31,63804.93,1357.0,1008,0.0
2026-06-04 19:15:00,63793.54,64085.38,63770.36,64030.11,1865.0,1008,0.0
2026-06-04 19:30:00,64037.89,64052.12,63671.44,63684.53,1440.0,1008,0.0
2026-06-04 19:45:00,63681.73,63693.36,63446.95,63538.09,1836.0,1008,0.0
2026-06-04 20:00:00,63541.51,63558.34,63155.39,63427.4,2179.0,1008,0.0
2026-06-04 20:15:00,63425.92,63471.02,63108.43,63278.29,1794.0,1008,0.0
2026-06-04 20:30:00,63276.66,63602.86,63268.45,63495.34,1234.0,1008,0.0
2026-06-04 20:45:00,63495.41,63590.99,63353.46,63573.65,1114.0,1008,0.0
2026-06-04 21:00:00,63575.9,63817.67,63536.77,63742.07,1537.0,1008,0.0
2026-06-04 21:15:00,63741.06,63760.49,63374.18,63441.35,1125.0,1008,0.0
2026-06-04 21:30:00,63442.84,63465.4,63037.88,63433.3,1417.0,1008,0.0
2026-06-04 21:45:00,63436.51,63483.96,63190.31,63219.31,1264.0,1008,0.0
2026-06-04 22:00:00,63216.63,63435.81,63122.39,63226.21,4155.0,1008,0.0
2026-06-04 22:15:00,63221.22,63388.92,63216.2,63295.52,2206.0,1008,0.0
2026-06-04 22:30:00,63298.38,63537.96,63156.16,63430.49,2230.0,1008,0.0
2026-06-04 22:45:00,63425.76,63701.92,63375.03,63661.59,1556.0,1008,0.0
2026-06-04 23:00:00,63661.55,63781.17,63533.01,63533.16,1180.0,1008,0.0
2026-06-04 23:15:00,63531.49,63556.18,63297.89,63399.71,1273.0,1008,0.0
2026-06-04 23:30:00,63400.31,63730.44,63394.11,63691.25,1124.0,1008,0.0
2026-06-04 23:45:00,63694.53,63855.79,63615.52,63804.36,1140.0,1008,0.0
2026-06-05 00:00:00,63801.02,63801.02,63573.42,63584.81,1703.0,1008,0.0
2026-06-05 00:15:00,63593.52,63837.47,63514.49,63825.78,1833.0,1008,0.0
2026-06-05 00:30:00,63827.96,63907.63,63599.23,63630.46,1578.0,1008,0.0
2026-06-05 00:45:00,63628.75,63726.08,63318.62,63354.92,1422.0,1008,0.0
2026-06-05 01:00:00,63353.15,63354.0,62964.02,63284.06,2346.0,1008,0.0
2026-06-05 01:15:00,63282.57,63359.67,63066.8,63277.43,2189.0,1008,0.0
2026-06-05 01:30:00,63281.92,63504.54,63186.18,63369.74,1966.0,1008,0.0
2026-06-05 01:45:00,63368.61,63382.43,63165.32,63296.94,1597.0,1008,0.0
2026-06-05 02:00:00,63300.54,63366.71,63098.21,63102.2,1819.0,1008,0.0
2026-06-05 02:15:00,63100.46,63197.74,62628.81,62640.43,2400.0,1008,0.0
2026-06-05 02:30:00,62642.68,62892.87,62509.36,62668.12,2378.0,1008,0.0
2026-06-05 02:45:00,62670.64,62795.54,62519.5,62551.92,1986.0,1008,0.0
2026-06-05 03:00:00,62554.45,62589.82,62261.04,62304.57,2187.0,1008,0.0
2026-06-05 03:15:00,62305.76,62750.72,62305.76,62539.11,2120.0,1008,0.0
2026-06-05 03:30:00,62538.41,62826.72,62512.21,62605.9,1844.0,1008,0.0
2026-06-05 03:45:00,62605.13,62801.68,62588.62,62663.03,1672.0,1008,0.0
2026-06-05 04:00:00,62659.61,62925.81,62417.72,62790.09,2233.0,1008,0.0
2026-06-05 04:15:00,62794.92,63183.03,62582.99,63164.01,2107.0,1008,0.0
2026-06-05 04:30:00,63161.49,63165.1,62912.59,62954.07,1543.0,1008,0.0
2026-06-05 04:45:00,62952.66,63585.18,62781.35,63541.97,1999.0,1008,0.0
2026-06-05 05:00:00,63542.71,63623.48,63269.33,63314.59,1947.0,1008,0.0
2026-06-05 05:15:00,63316.12,63496.45,63194.06,63433.78,1475.0,1008,0.0
2026-06-05 05:30:00,63432.73,63505.72,62817.4,62825.95,2578.0,1008,0.0
2026-06-05 05:45:00,62827.31,62915.39,62202.21,62275.45,3595.0,1008,0.0
2026-06-05 06:00:00,62268.11,62572.35,61901.68,62016.24,5133.0,1008,0.0
2026-06-05 06:15:00,62017.45,62204.7,61054.4,61617.51,8883.0,1008,0.0
2026-06-05 06:30:00,61626.72,62142.73,61587.46,62090.52,5387.0,1008,0.0
2026-06-05 06:45:00,62088.31,62148.86,61723.14,61889.18,3964.0,1008,0.0
2026-06-05 07:00:00,61887.08,61931.35,61312.27,61442.95,5081.0,1008,0.0
2026-06-05 07:15:00,61440.54,62300.6,61436.16,62186.4,4511.0,1008,0.0
2026-06-05 07:30:00,62185.24,62842.44,62120.34,62827.03,4262.0,1008,0.0
2026-06-05 07:45:00,62831.45,63065.13,62694.42,63052.98,3221.0,1008,0.0
2026-06-05 08:00:00,63058.79,63067.65,62631.5,62750.2,2804.0,1008,0.0
2026-06-05 08:15:00,62753.55,62824.86,62522.92,62759.5,2285.0,1008,0.0
2026-06-05 08:30:00,62762.37,62882.04,62460.49,62481.78,1869.0,1008,0.0
2026-06-05 08:45:00,62479.66,62566.52,62221.07,62406.65,1930.0,1008,0.0
2026-06-05 09:00:00,62408.05,63058.17,62382.66,63058.17,2627.0,1008,0.0
2026-06-05 09:15:00,63055.8,63208.84,62836.54,63054.67,2811.0,1008,0.0
2026-06-05 09:30:00,63054.51,63073.74,62714.5,62769.88,1696.0,1008,0.0
2026-06-05 09:45:00,62769.55,62953.86,62745.57,62816.71,1532.0,1008,0.0
2026-06-05 10:00:00,62819.77,62888.59,62590.5,62705.38,1913.0,1008,0.0
2026-06-05 10:15:00,62704.86,62705.12,62444.21,62530.81,1198.0,1008,0.0
2026-06-05 10:30:00,62530.75,62662.36,62315.75,62611.18,1500.0,1008,0.0
2026-06-05 10:45:00,62610.93,62610.93,62391.4,62493.5,1259.0,1008,0.0
2026-06-05 11:00:00,62493.07,62493.07,62190.45,62263.25,1598.0,1008,0.0
2026-06-05 11:15:00,62262.79,62596.95,62174.69,62412.22,1970.0,1008,0.0
2026-06-05 11:30:00,62417.32,62471.43,62058.59,62060.15,1609.0,1008,0.0
2026-06-05 11:45:00,62053.78,62209.53,61892.0,61892.0,2008.0,1008,0.0
2026-06-05 12:00:00,61893.92,62231.39,61584.27,62098.42,3532.0,1008,0.0
2026-06-05 12:15:00,62094.35,62407.98,62094.35,62160.22,2723.0,1008,0.0
2026-06-05 12:30:00,62165.87,62361.06,61547.98,61919.85,4982.0,1008,0.0
2026-06-05 12:45:00,61928.28,62036.32,61798.67,61913.57,2715.0,1008,0.0
2026-06-05 13:00:00,61913.94,62129.36,61864.81,61944.88,3571.0,1008,0.0
2026-06-05 13:15:00,61944.13,62280.41,61831.96,62068.28,2737.0,1008,0.0
2026-06-05 13:30:00,62063.16,62287.15,61621.23,61785.35,5216.0,1008,0.0
2026-06-05 13:45:00,61794.01,61833.07,60672.44,60678.37,5982.0,1008,0.0
2026-06-05 14:00:00,60680.4,61199.43,60401.09,60821.65,7533.0,1008,0.0
2026-06-05 14:15:00,60825.99,61031.14,60295.43,60366.84,4446.0,1008,0.0
2026-06-05 14:30:00,60360.62,61156.85,60293.55,60808.15,5857.0,1008,0.0
2026-06-05 14:45:00,60808.24,61102.86,60574.31,60833.15,4139.0,1008,0.0
2026-06-05 15:00:00,60826.05,61005.78,60481.2,60567.9,4349.0,1008,0.0
2026-06-05 15:15:00,60565.26,61096.19,60457.39,60742.11,4206.0,1008,0.0
2026-06-05 15:30:00,60742.65,60813.22,60002.81,60337.35,4504.0,1008,0.0
2026-06-05 15:45:00,60338.72,60616.16,60169.15,60390.49,3675.0,1008,0.0
2026-06-05 16:00:00,60388.14,61054.7,59738.84,60856.87,8001.0,1008,0.0
2026-06-05 16:15:00,60854.96,61528.07,60693.23,60891.56,8422.0,1008,0.0
2026-06-05 16:30:00,60878.31,61031.23,60656.38,60797.6,4624.0,1008,0.0
2026-06-05 16:45:00,60797.99,61435.85,60759.36,61347.31,4843.0,1008,0.0
2026-06-05 17:00:00,61346.18,61479.6,60886.26,61016.12,3573.0,1008,0.0
2026-06-05 17:15:00,61020.83,61033.87,60602.11,60641.22,2969.0,1008,0.0
2026-06-05 17:30:00,60642.04,61105.49,60631.65,60713.98,2857.0,1008,0.0
2026-06-05 17:45:00,60715.27,60807.53,60601.26,60763.87,2388.0,1008,0.0
2026-06-05 18:00:00,60766.99,60912.33,60542.15,60574.32,2437.0,1008,0.0
2026-06-05 18:15:00,60566.97,60612.84,60051.9,60112.14,3187.0,1008,0.0
2026-06-05 18:30:00,60106.56,60299.1,59589.55,59901.47,4377.0,1008,0.0
2026-06-05 18:45:00,59903.31,59935.86,59091.77,59359.96,6459.0,1008,0.0
2026-06-05 19:00:00,59351.51,59578.47,59093.95,59346.02,5692.0,1008,0.0
2026-06-05 19:15:00,59343.57,59838.53,59073.29,59818.13,5303.0,1008,0.0
2026-06-05 19:30:00,59813.22,59874.83,59449.88,59707.76,3881.0,1008,0.0
2026-06-05 19:45:00,59707.6,60430.65,59699.21,60262.83,5199.0,1008,0.0
2026-06-05 20:00:00,60260.43,60955.71,59908.25,60831.03,5279.0,1008,0.0
2026-06-05 20:15:00,60834.29,61058.58,60686.23,60925.81,3793.0,1008,0.0
2026-06-05 20:30:00,60923.22,61295.95,60860.44,61241.02,3034.0,1008,0.0
2026-06-05 20:45:00,61247.89,61785.14,61175.93,61605.4,3594.0,1008,0.0
2026-06-05 21:00:00,61601.03,61988.73,61535.76,61833.45,3729.0,1008,0.0
2026-06-05 21:15:00,61833.36,61987.7,61527.28,61541.91,2941.0,1008,0.0
2026-06-05 21:30:00,61542.99,61912.25,61405.64,61842.13,1622.0,1008,0.0
2026-06-05 21:45:00,61838.36,61895.59,61604.76,61637.79,1142.0,1008,0.0
2026-06-05 22:00:00,61635.97,61637.28,61183.99,61364.05,2710.0,1008,0.0
2026-06-05 22:15:00,61358.03,61628.78,61267.78,61455.55,5413.0,1008,0.0
2026-06-05 22:30:00,61455.92,61877.75,61371.57,61726.25,3629.0,1008,0.0
2026-06-05 22:45:00,61723.13,61952.79,61516.71,61567.9,3330.0,1008,0.0
2026-06-05 23:00:00,61561.28,61755.8,61276.35,61286.87,2998.0,1008,0.0
2026-06-05 23:15:00,61277.27,61288.24,60798.33,60920.18,2230.0,1008,0.0
2026-06-05 23:30:00,60922.02,60922.02,60490.45,60800.36,2249.0,1008,0.0
2026-06-05 23:45:00,60804.72,61064.74,60674.95,61028.97,1644.0,1008,0.0
2026-06-06 00:00:00,61031.46,61445.19,61027.04,61407.86,2102.0,1008,0.0
2026-06-06 00:15:00,61396.82,61513.37,61120.58,61288.1,1577.0,1008,0.0
2026-06-06 00:30:00,61283.01,61409.09,61153.82,61179.5,1448.0,1008,0.0
2026-06-06 00:45:00,61175.87,61366.06,61157.76,61250.49,1128.0,1008,0.0
2026-06-06 01:00:00,61249.57,61361.79,61080.3,61134.39,1160.0,1008,0.0
2026-06-06 01:15:00,61135.57,61280.8,60954.2,61280.8,1335.0,1008,0.0
2026-06-06 01:30:00,61267.97,61279.05,60993.29,61043.67,1044.0,1008,0.0
2026-06-06 01:45:00,61038.19,61154.58,60927.18,61030.4,1244.0,1008,0.0
2026-06-06 02:00:00,61037.2,61081.49,60841.57,60857.8,1497.0,1008,0.0
2026-06-06 02:15:00,60857.7,60979.06,60651.21,60779.08,1674.0,1008,0.0
2026-06-06 02:30:00,60781.15,61047.33,60749.46,60910.07,1356.0,1008,0.0
2026-06-06 02:45:00,60909.92,61169.32,60845.36,60926.45,1340.0,1008,0.0
2026-06-06 03:00:00,60923.37,60950.93,60766.82,60856.36,1435.0,1008,0.0
2026-06-06 03:15:00,60855.15,60923.7,60691.45,60775.21,1422.0,1008,0.0
2026-06-06 03:30:00,60766.46,60778.23,60489.84,60696.66,1955.0,1008,0.0
2026-06-06 03:45:00,60693.94,60782.72,60592.57,60668.97,1277.0,1008,0.0
2026-06-06 04:00:00,60659.53,60853.3,60063.59,60123.08,2472.0,1008,0.0
2026-06-06 04:15:00,60120.76,60332.17,59827.79,59938.85,4084.0,1008,0.0
2026-06-06 04:30:00,59940.57,60033.64,59471.19,59772.76,5077.0,1008,0.0
2026-06-06 04:45:00,59767.78,60299.71,59681.39,60084.3,3399.0,1008,0.0
2026-06-06 05:00:00,60085.64,60232.1,59595.18,59876.91,3804.0,1008,0.0
2026-06-06 05:15:00,59878.43,61050.94,59836.21,60714.44,5357.0,1008,0.0
2026-06-06 05:30:00,60714.12,60947.0,60573.21,60792.99,2789.0,1008,0.0
2026-06-06 05:45:00,60797.6,61033.1,60723.89,60912.69,2152.0,1008,0.0
2026-06-06 06:00:00,60913.89,61248.35,60909.97,61129.56,2540.0,1008,0.0
2026-06-06 06:15:00,61127.67,61218.75,60963.05,61000.8,2098.0,1008,0.0
2026-06-06 06:30:00,61002.72,61153.28,60767.84,60777.2,1699.0,1008,0.0
2026-06-06 06:45:00,60775.92,60944.35,60646.46,60763.65,1730.0,1008,0.0
2026-06-06 07:00:00,60765.63,61123.16,60696.36,61055.34,1632.0,1008,0.0
2026-06-06 07:15:00,61059.95,61209.27,60804.75,60859.14,1453.0,1008,0.0
2026-06-06 07:30:00,60858.42,61065.08,60835.45,61017.66,1130.0,1008,0.0
2026-06-06 07:45:00,61019.73,61082.48,60938.68,60977.8,742.0,1008,0.0
2026-06-06 08:00:00,60977.38,61143.84,60847.81,61114.94,1110.0,1008,0.0
2026-06-06 08:15:00,61114.98,61424.41,60988.56,61362.95,1527.0,1008,0.0
2026-06-06 08:30:00,61361.65,61473.2,61256.96,61331.08,1616.0,1008,0.0
2026-06-06 08:45:00,61329.01,61453.3,61196.86,61239.17,1078.0,1008,0.0
2026-06-06 09:00:00,61237.05,61284.53,61087.41,61183.82,1252.0,1008,0.0
2026-06-06 09:15:00,61184.67,61294.07,61061.44,61283.06,1079.0,1008,0.0
2026-06-06 09:30:00,61285.25,61285.25,61011.81,61061.62,1070.0,1008,0.0
2026-06-06 09:45:00,61063.46,61093.99,60844.31,60950.39,1298.0,1008,0.0
2026-06-06 10:00:00,60953.25,60953.25,60535.5,60597.55,1926.0,1008,0.0
2026-06-06 10:15:00,60597.79,60717.67,60436.99,60502.69,1654.0,1008,0.0
2026-06-06 10:30:00,60498.99,60510.69,60154.27,60389.73,2689.0,1008,0.0
2026-06-06 10:45:00,60387.83,60586.57,60314.06,60555.68,1483.0,1008,0.0
2026-06-06 11:00:00,60557.47,60796.9,60520.44,60614.72,1298.0,1008,0.0
2026-06-06 11:15:00,60613.78,60843.4,60570.27,60777.82,1373.0,1008,0.0
2026-06-06 11:30:00,60777.99,60846.4,60697.88,60800.55,968.0,1008,0.0
2026-06-06 11:45:00,60796.85,60946.79,60705.82,60781.81,947.0,1008,0.0
2026-06-06 12:00:00,60778.5,61068.78,60770.31,61021.48,1239.0,1008,0.0
2026-06-06 12:15:00,61010.22,61079.03,60688.84,60692.54,1192.0,1008,0.0
2026-06-06 12:30:00,60695.41,60844.38,60596.33,60801.79,1235.0,1008,0.0
2026-06-06 12:45:00,60797.66,61156.99,60747.18,61004.99,1571.0,1008,0.0
2026-06-06 13:00:00,61009.21,61072.68,60926.9,60966.85,1009.0,1008,0.0
2026-06-06 13:15:00,60965.76,61025.0,60830.36,60854.18,1098.0,1008,0.0
2026-06-06 13:30:00,60848.05,60872.77,60670.27,60867.89,1353.0,1008,0.0
2026-06-06 13:45:00,60865.98,61027.36,60733.11,60781.86,1302.0,1008,0.0
2026-06-06 14:00:00,60765.52,60972.09,60738.12,60876.16,1336.0,1008,0.0
2026-06-06 14:15:00,60874.12,60990.42,60753.84,60853.68,1218.0,1008,0.0
2026-06-06 14:30:00,60853.54,60976.03,60794.19,60921.94,1126.0,1008,0.0
2026-06-06 14:45:00,60922.18,60973.07,60732.62,60768.66,1002.0,1008,0.0
2026-06-06 15:00:00,60767.52,60848.05,60520.73,60591.8,2012.0,1008,0.0
2026-06-06 15:15:00,60590.92,60668.63,60359.78,60642.88,1840.0,1008,0.0
2026-06-06 15:30:00,60644.46,60900.87,60544.21,60825.69,1495.0,1008,0.0
2026-06-06 15:45:00,60819.09,60905.08,60688.89,60751.55,989.0,1008,0.0
2026-06-06 16:00:00,60746.6,60946.61,60657.43,60752.83,1307.0,1008,0.0
2026-06-06 16:15:00,60753.13,60793.96,60559.47,60591.48,1396.0,1008,0.0
2026-06-06 16:30:00,60591.96,60744.2,60418.56,60724.67,1478.0,1008,0.0
2026-06-06 16:45:00,60725.33,60834.51,60660.35,60751.96,921.0,1008,0.0
2026-06-06 17:00:00,60753.61,60819.22,60572.89,60688.74,940.0,1008,0.0
2026-06-06 17:15:00,60688.32,60738.83,60553.78,60652.36,879.0,1008,0.0
2026-06-06 17:30:00,60651.61,60781.48,60555.5,60676.96,1001.0,1008,0.0
2026-06-06 17:45:00,60676.87,60708.35,60468.77,60550.86,1048.0,1008,0.0
2026-06-06 18:00:00,60549.84,60601.17,60421.63,60465.07,1104.0,1008,0.0
2026-06-06 18:15:00,60464.54,60717.18,60362.15,60665.18,1163.0,1008,0.0
2026-06-06 18:30:00,60664.1,60667.74,60502.42,60576.71,824.0,1008,0.0
2026-06-06 18:45:00,60575.91,60652.67,60457.84,60608.43,797.0,1008,0.0
2026-06-06 19:00:00,60605.17,60757.97,60528.03,60689.84,932.0,1008,0.0
2026-06-06 19:15:00,60686.82,60704.54,60564.12,60586.41,747.0,1008,0.0
2026-06-06 19:30:00,60587.69,60618.91,60499.83,60590.64,675.0,1008,0.0
2026-06-06 19:45:00,60583.58,60653.44,60562.66,60571.2,627.0,1008,0.0
2026-06-06 20:00:00,60566.05,60615.22,60480.23,60538.31,814.0,1008,0.0
2026-06-06 20:15:00,60540.1,60612.7,60493.1,60567.01,707.0,1008,0.0
2026-06-06 20:30:00,60567.16,60735.67,60545.42,60704.38,754.0,1008,0.0
2026-06-06 20:45:00,60704.44,60729.87,60618.7,60686.18,612.0,1008,0.0
2026-06-06 21:00:00,60679.59,60870.35,60669.14,60831.21,632.0,1008,0.0
2026-06-06 21:15:00,60832.99,60924.0,60796.16,60862.93,623.0,1008,0.0
2026-06-06 21:30:00,60861.67,60978.35,60762.7,60797.89,601.0,1008,0.0
2026-06-06 21:45:00,60790.8,60844.02,60711.8,60721.29,541.0,1008,0.0
2026-06-06 22:00:00,60723.36,60793.24,60554.83,60593.29,1330.0,1008,0.0
2026-06-06 22:15:00,60593.34,60740.59,60403.12,60429.79,1234.0,1008,0.0
2026-06-06 22:30:00,60439.83,60577.75,60389.96,60554.79,927.0,1008,0.0
2026-06-06 22:45:00,60556.44,60694.48,60507.06,60510.52,666.0,1008,0.0
2026-06-06 23:00:00,60523.83,60736.95,60511.58,60688.03,784.0,1008,0.0
2026-06-06 23:15:00,60686.94,60710.22,60551.64,60676.98,677.0,1008,0.0
2026-06-06 23:30:00,60682.31,60889.17,60641.87,60821.42,725.0,1008,0.0
2026-06-06 23:45:00,60823.09,60912.75,60775.17,60847.7,683.0,1008,0.0
2026-06-07 00:00:00,60845.51,60909.02,60763.58,60788.07,820.0,1008,0.0
2026-06-07 00:15:00,60790.23,60866.22,60738.76,60810.3,555.0,1008,0.0
2026-06-07 00:30:00,60810.55,60967.94,60753.14,60759.33,890.0,1008,0.0
2026-06-07 00:45:00,60757.1,60789.56,60714.31,60749.84,592.0,1008,0.0
2026-06-07 01:00:00,60752.22,61385.24,60722.1,61278.5,2222.0,1008,0.0
2026-06-07 01:15:00,61281.27,61647.89,61217.77,61601.7,2298.0,1008,0.0
2026-06-07 01:30:00,61601.47,61624.21,61366.78,61427.3,1304.0,1008,0.0
2026-06-07 01:45:00,61428.3,61574.07,61337.16,61443.83,1130.0,1008,0.0
2026-06-07 02:00:00,61446.41,61525.08,61379.08,61379.08,937.0,1008,0.0
2026-06-07 02:15:00,61375.91,61405.56,61145.35,61230.25,1167.0,1008,0.0
2026-06-07 02:30:00,61226.59,61295.96,61164.27,61285.45,901.0,1008,0.0
2026-06-07 02:45:00,61288.88,61545.09,61283.59,61476.45,1016.0,1008,0.0
2026-06-07 03:00:00,61476.64,61506.81,61380.26,61506.81,743.0,1008,0.0
2026-06-07 03:15:00,61500.65,61763.16,61454.7,61637.16,1638.0,1008,0.0
2026-06-07 03:30:00,61634.21,61656.18,61523.52,61636.47,774.0,1008,0.0
2026-06-07 03:45:00,61636.07,61713.59,61549.93,61665.53,691.0,1008,0.0
2026-06-07 04:00:00,61663.17,61683.52,61481.39,61526.27,712.0,1008,0.0
2026-06-07 04:15:00,61524.96,61607.28,61452.27,61523.92,747.0,1008,0.0
2026-06-07 04:30:00,61521.56,61810.71,61513.46,61709.49,914.0,1008,0.0
2026-06-07 04:45:00,61706.9,61870.35,61665.29,61853.31,988.0,1008,0.0
2026-06-07 05:00:00,61853.49,61952.79,61759.8,61846.16,1020.0,1008,0.0
2026-06-07 05:15:00,61842.78,62135.37,61693.06,61714.18,1780.0,1008,0.0
2026-06-07 05:30:00,61711.47,61849.79,61616.15,61832.83,1215.0,1008,0.0
2026-06-07 05:45:00,61833.69,61834.62,61662.1,61715.24,979.0,1008,0.0
2026-06-07 06:00:00,61715.43,61736.82,61580.77,61655.79,869.0,1008,0.0
2026-06-07 06:15:00,61650.05,61985.77,61617.11,61939.23,1334.0,1008,0.0
2026-06-07 06:30:00,61936.59,62258.79,61926.19,62159.71,1780.0,1008,0.0
2026-06-07 06:45:00,62159.55,62211.93,62006.37,62082.78,1053.0,1008,0.0
2026-06-07 07:00:00,62076.18,62226.6,61945.11,62106.23,948.0,1008,0.0
2026-06-07 07:15:00,62109.71,62227.71,62032.0,62201.64,746.0,1008,0.0
2026-06-07 07:30:00,62198.92,62244.16,62156.69,62203.9,614.0,1008,0.0
2026-06-07 07:45:00,62200.46,62390.4,62151.21,62370.13,820.0,1008,0.0
2026-06-07 08:00:00,62370.86,62420.81,62225.95,62345.36,799.0,1008,0.0
2026-06-07 08:15:00,62344.38,62559.94,62283.92,62505.93,1031.0,1008,0.0
2026-06-07 08:30:00,62498.83,62643.68,62362.82,62530.49,1294.0,1008,0.0
2026-06-07 08:45:00,62530.42,62948.26,62530.42,62818.37,2292.0,1008,0.0
2026-06-07 09:00:00,62819.14,62896.39,62681.44,62804.18,1070.0,1008,0.0
2026-06-07 09:15:00,62804.25,62876.81,62573.61,62671.92,1171.0,1008,0.0
2026-06-07 09:30:00,62674.6,62674.6,62465.11,62520.19,1028.0,1008,0.0
2026-06-07 09:45:00,62521.38,62623.47,62380.12,62508.3,968.0,1008,0.0
2026-06-07 10:00:00,62513.22,62548.81,62350.24,62385.59,893.0,1008,0.0
2026-06-07 10:15:00,62381.72,62553.42,62367.4,62486.16,936.0,1008,0.0
2026-06-07 10:30:00,62486.72,62539.54,62278.29,62343.82,975.0,1008,0.0
2026-06-07 10:45:00,62345.36,62447.26,62273.79,62348.75,942.0,1008,0.0
2026-06-07 11:00:00,62347.71,62504.07,62337.01,62426.91,839.0,1008,0.0
2026-06-07 11:15:00,62429.71,62549.43,62389.93,62502.19,733.0,1008,0.0
2026-06-07 11:30:00,62498.68,62665.29,62420.67,62665.29,831.0,1008,0.0
2026-06-07 11:45:00,62661.53,62740.47,62538.08,62608.03,890.0,1008,0.0
2026-06-07 12:00:00,62602.15,62622.11,62006.99,62072.25,2452.0,1008,0.0
2026-06-07 12:15:00,62061.55,62214.92,61833.95,61919.7,3040.0,1008,0.0
2026-06-07 12:30:00,61921.51,61930.56,61530.75,61625.87,2868.0,1008,0.0
2026-06-07 12:45:00,61637.23,61979.03,61610.68,61871.17,1496.0,1008,0.0
2026-06-07 13:00:00,61868.95,61881.33,61629.21,61755.25,1413.0,1008,0.0
2026-06-07 13:15:00,61754.15,61837.02,61631.08,61827.21,1043.0,1008,0.0
2026-06-07 13:30:00,61825.0,61885.44,61650.01,61714.98,1009.0,1008,0.0
2026-06-07 13:45:00,61722.64,61804.11,61666.19,61674.1,795.0,1008,0.0
2026-06-07 14:00:00,61678.14,61798.84,61669.89,61760.11,887.0,1008,0.0
2026-06-07 14:15:00,61760.82,62132.35,61718.86,62060.59,1723.0,1008,0.0
2026-06-07 14:30:00,62062.11,62285.4,61894.61,61974.57,1872.0,1008,0.0
2026-06-07 14:45:00,61974.04,61974.04,61706.62,61873.6,1249.0,1008,0.0
2026-06-07 15:00:00,61872.36,61872.36,61638.53,61805.93,1257.0,1008,0.0
2026-06-07 15:15:00,61799.03,61960.83,61691.57,61935.57,1368.0,1008,0.0
2026-06-07 15:30:00,61940.92,62141.83,61923.31,62072.3,1220.0,1008,0.0
2026-06-07 15:45:00,62073.57,62203.51,61947.94,62072.38,1064.0,1008,0.0
2026-06-07 16:00:00,62071.2,62172.52,61932.03,62130.57,1388.0,1008,0.0
2026-06-07 16:15:00,62128.63,62329.51,62071.8,62146.55,1212.0,1008,0.0
2026-06-07 16:30:00,62148.28,62271.39,62124.5,62133.03,897.0,1008,0.0
2026-06-07 16:45:00,62133.27,62221.37,61947.94,62056.7,997.0,1008,0.0
2026-06-07 17:00:00,62056.61,62302.16,62016.28,62261.45,972.0,1008,0.0
2026-06-07 17:15:00,62267.56,62302.85,62205.03,62219.4,939.0,1008,0.0
2026-06-07 17:30:00,62220.3,62292.03,62197.89,62242.75,897.0,1008,0.0
2026-06-07 17:45:00,62243.52,62243.52,62058.71,62131.63,778.0,1008,0.0
2026-06-07 18:00:00,62132.99,62275.09,62122.88,62246.11,707.0,1008,0.0
2026-06-07 18:15:00,62241.12,62241.12,62108.09,62194.15,557.0,1008,0.0
2026-06-07 18:30:00,62196.86,62267.67,62127.03,62168.12,709.0,1008,0.0
2026-06-07 18:45:00,62164.94,62209.73,61982.85,62004.71,678.0,1008,0.0
2026-06-07 19:00:00,62005.49,62015.25,61549.65,61628.54,2112.0,1008,0.0
2026-06-07 19:15:00,61632.18,61632.18,61233.94,61450.55,2051.0,1008,0.0
2026-06-07 19:30:00,61458.09,61464.24,61159.3,61196.17,1207.0,1008,0.0
2026-06-07 19:45:00,61201.97,61448.11,61144.54,61302.62,1639.0,1008,0.0
2026-06-07 20:00:00,61300.84,61688.44,61184.06,61560.12,1438.0,1008,0.0
2026-06-07 20:15:00,61565.21,61890.95,61432.08,61716.2,1497.0,1008,0.0
2026-06-07 20:30:00,61714.69,61800.71,61666.38,61759.72,782.0,1008,0.0
2026-06-07 20:45:00,61759.63,61946.83,61724.04,61842.2,897.0,1008,0.0
2026-06-07 21:00:00,61834.36,61983.02,61669.76,61927.85,1042.0,1008,0.0
2026-06-07 21:15:00,61922.65,61985.05,61688.95,61762.52,879.0,1008,0.0
2026-06-07 21:30:00,61762.37,61823.19,61653.26,61682.02,708.0,1008,0.0
2026-06-07 21:45:00,61680.42,61764.92,61612.17,61751.35,797.0,1008,0.0
2026-06-07 22:00:00,61754.4,63773.09,61688.06,63697.42,4346.0,1008,0.0
2026-06-07 22:15:00,63686.05,64251.47,62847.94,62964.19,8624.0,1008,0.0
2026-06-07 22:30:00,62964.1,63373.04,62754.04,63137.69,3732.0,1008,0.0
2026-06-07 22:45:00,63141.57,63289.17,62814.86,62846.56,2177.0,1008,0.0
2026-06-07 23:00:00,62841.37,63037.38,62763.1,62971.87,1738.0,1008,0.0
2026-06-07 23:15:00,62981.35,63250.32,62775.29,63228.92,1805.0,1008,0.0
2026-06-07 23:30:00,63231.13,63297.25,63089.46,63270.06,1309.0,1008,0.0
2026-06-07 23:45:00,63269.75,63439.57,63070.87,63296.14,1462.0,1008,0.0
2026-06-08 00:00:00,63297.59,63326.36,63114.67,63219.33,1685.0,1008,0.0
2026-06-08 00:15:00,63215.56,63500.61,63121.92,63478.82,1753.0,1008,0.0
2026-06-08 00:30:00,63470.26,63859.52,63377.43,63685.05,2445.0,1008,0.0
2026-06-08 00:45:00,63681.24,63769.47,63524.38,63601.35,1605.0,1008,0.0
2026-06-08 01:00:00,63608.72,63629.51,63030.03,63043.72,2105.0,1008,0.0
2026-06-08 01:15:00,63041.02,63149.02,62718.63,62798.44,3098.0,1008,0.0
2026-06-08 01:30:00,62796.22,63105.57,62678.34,63094.72,2891.0,1008,0.0
2026-06-08 01:45:00,63093.36,63233.31,62953.29,63184.02,1619.0,1008,0.0
2026-06-08 02:00:00,63187.46,63243.71,62967.8,63093.26,1399.0,1008,0.0
2026-06-08 02:15:00,63093.0,63200.23,62930.59,63082.77,1259.0,1008,0.0
2026-06-08 02:30:00,63082.09,63169.96,62881.42,63042.17,1390.0,1008,0.0
2026-06-08 02:45:00,63039.35,63121.71,62910.93,63091.53,901.0,1008,0.0
2026-06-08 03:00:00,63091.83,63441.58,62942.86,63243.96,1315.0,1008,0.0
2026-06-08 03:15:00,63246.88,63339.81,63109.8,63120.07,971.0,1008,0.0
2026-06-08 03:30:00,63118.21,63202.83,63035.2,63115.5,862.0,1008,0.0
2026-06-08 03:45:00,63117.19,63152.12,63038.98,63098.47,713.0,1008,0.0
2026-06-08 04:00:00,63101.16,63149.14,62769.59,62974.17,1351.0,1008,0.0
2026-06-08 04:15:00,62977.08,63014.89,62801.83,62907.74,1048.0,1008,0.0
2026-06-08 04:30:00,62908.61,62956.57,62608.49,62670.32,1232.0,1008,0.0
2026-06-08 04:45:00,62663.96,62866.13,62631.9,62648.06,1084.0,1008,0.0
2026-06-08 05:00:00,62658.03,62794.89,62502.99,62549.72,1244.0,1008,0.0
2026-06-08 05:15:00,62545.44,62718.71,62450.67,62700.33,1353.0,1008,0.0
2026-06-08 05:30:00,62696.85,62706.12,62371.36,62438.81,1430.0,1008,0.0
2026-06-08 05:45:00,62433.25,62755.3,62418.22,62734.18,1259.0,1008,0.0
2026-06-08 06:00:00,62733.08,62952.75,62687.06,62904.37,1516.0,1008,0.0
2026-06-08 06:15:00,62901.55,63114.44,62844.7,63034.63,1517.0,1008,0.0
2026-06-08 06:30:00,63037.18,63071.78,62877.75,62996.86,1048.0,1008,0.0
2026-06-08 06:45:00,62999.53,63009.29,62895.33,62958.84,789.0,1008,0.0
2026-06-08 07:00:00,62963.45,63170.36,62768.68,63050.22,1346.0,1008,0.0
2026-06-08 07:15:00,63053.74,63214.69,62932.84,63139.27,1361.0,1008,0.0
2026-06-08 07:30:00,63148.57,63236.84,63039.32,63073.09,1038.0,1008,0.0
2026-06-08 07:45:00,63075.96,63305.47,63055.04,63246.72,970.0,1008,0.0
2026-06-08 08:00:00,63247.39,63247.39,63014.02,63148.18,1222.0,1008,0.0
2026-06-08 08:15:00,63143.28,63179.0,62937.64,63063.97,1090.0,1008,0.0
2026-06-08 08:30:00,63065.82,63157.4,62993.74,63121.47,1026.0,1008,0.0
2026-06-08 08:45:00,63123.15,63144.0,62980.89,63084.66,948.0,1008,0.0
2026-06-08 09:00:00,63089.51,63299.81,63070.74,63279.72,967.0,1008,0.0
2026-06-08 09:15:00,63280.05,63535.69,63237.63,63336.58,1446.0,1008,0.0
2026-06-08 09:30:00,63336.11,63370.04,63111.92,63308.99,1521.0,1008,0.0
2026-06-08 09:45:00,63309.44,63457.41,63279.69,63450.33,1038.0,1008,0.0
2026-06-08 10:00:00,63446.31,63506.68,63316.43,63338.57,1132.0,1008,0.0
2026-06-08 10:15:00,63340.25,63341.68,63051.71,63101.8,787.0,1008,0.0
2026-06-08 10:30:00,63105.13,63384.84,63078.51,63164.29,1284.0,1008,0.0
2026-06-08 10:45:00,63163.9,63193.92,63036.73,63113.57,748.0,1008,0.0
2026-06-08 11:00:00,63114.1,63420.41,62996.83,63399.66,1277.0,1008,0.0
2026-06-08 11:15:00,63396.27,63630.4,63319.25,63563.86,1787.0,1008,0.0
2026-06-08 11:30:00,63565.15,63842.05,63485.12,63587.09,1701.0,1008,0.0
2026-06-08 11:45:00,63584.4,63629.61,63364.41,63442.13,1137.0,1008,0.0
2026-06-08 12:00:00,63446.28,63621.78,62652.34,62665.82,3946.0,1008,0.0
2026-06-08 12:15:00,62671.4,63061.88,62662.82,63054.98,2159.0,1008,0.0
2026-06-08 12:30:00,63063.69,63630.56,63055.59,63596.26,2110.0,1008,0.0
2026-06-08 12:45:00,63595.62,63917.01,63467.39,63815.22,1440.0,1008,0.0
2026-06-08 13:00:00,63817.04,63906.68,63661.96,63733.86,1487.0,1000,0.0
2026-06-08 13:15:00,63736.91,63889.57,63523.58,63546.89,1531.0,1000,0.0
2026-06-08 13:30:00,63544.9,63727.21,63309.58,63442.53,4838.0,1000,0.0
2026-06-08 13:45:00,63445.53,63841.5,63366.51,63708.1,3288.0,1000,0.0
2026-06-08 14:00:00,63714.51,63875.43,63519.92,63823.43,2863.0,1000,0.0
2026-06-08 14:15:00,63822.23,63852.15,63558.33,63722.84,2830.0,1000,0.0
2026-06-08 14:30:00,63727.6,63916.48,63721.93,63859.09,2129.0,1000,0.0
2026-06-08 14:45:00,63859.49,64066.55,63791.98,63940.05,1581.0,1000,0.0
2026-06-08 15:00:00,63941.07,64185.84,63846.98,64161.22,1978.0,1000,0.0
2026-06-08 15:15:00,64161.51,64194.07,63907.51,63968.86,2232.0,1000,0.0
2026-06-08 15:30:00,63970.09,63988.41,63756.85,63835.5,2061.0,1000,0.0
2026-06-08 15:45:00,63836.21,64000.69,63670.99,63739.92,1589.0,1000,0.0
2026-06-08 16:00:00,63740.6,63905.3,63633.62,63770.61,1598.0,1000,0.0
2026-06-08 16:15:00,63772.64,64021.18,63760.27,63838.81,1437.0,1000,0.0
2026-06-08 16:30:00,63837.62,63850.27,63548.12,63655.43,1612.0,1000,0.0
2026-06-08 16:45:00,63654.92,63665.98,63425.59,63491.69,1076.0,1000,0.0
2026-06-08 17:00:00,63493.36,63552.5,63269.28,63327.09,1710.0,1000,0.0
2026-06-08 17:15:00,63325.1,63621.24,63325.1,63601.5,1289.0,1000,0.0
2026-06-08 17:30:00,63599.66,63601.48,63210.53,63347.85,1322.0,1000,0.0
2026-06-08 17:45:00,63351.61,63530.01,63345.97,63517.1,1011.0,1000,0.0
2026-06-08 18:00:00,63515.01,63617.7,63484.33,63571.84,984.0,1000,0.0
2026-06-08 18:15:00,63573.92,63637.4,63497.09,63618.67,919.0,1000,0.0
2026-06-08 18:30:00,63622.95,63667.82,63401.51,63468.92,910.0,1000,0.0
2026-06-08 18:45:00,63468.99,63501.64,63304.44,63444.3,838.0,1000,0.0
2026-06-08 19:00:00,63443.54,63531.48,63348.03,63394.97,926.0,1000,0.0
2026-06-08 19:15:00,63392.29,63543.14,63332.29,63505.31,940.0,1000,0.0
2026-06-08 19:30:00,63504.96,63575.0,63402.19,63455.79,1065.0,1000,0.0
2026-06-08 19:45:00,63455.86,63524.55,63322.81,63361.33,1095.0,1000,0.0
2026-06-08 20:00:00,63360.25,63409.89,63174.79,63234.88,913.0,1000,0.0
2026-06-08 20:15:00,63236.62,63299.74,63137.19,63156.75,939.0,1000,0.0
2026-06-08 20:30:00,63156.45,63395.6,63155.17,63362.91,745.0,1000,0.0
2026-06-08 20:45:00,63361.09,63468.76,63341.95,63468.76,579.0,1000,0.0
2026-06-08 21:00:00,63471.05,63788.12,63458.64,63696.54,1092.0,1000,0.0
2026-06-08 21:15:00,63696.22,63759.17,63594.86,63695.76,802.0,1000,0.0
2026-06-08 21:30:00,63694.81,63844.98,63615.96,63807.06,621.0,1000,0.0
2026-06-08 21:45:00,63809.44,63823.71,63705.75,63705.75,540.0,1000,0.0
2026-06-08 22:00:00,63707.54,63707.54,63262.53,63279.62,1114.0,1000,0.0
2026-06-08 22:15:00,63279.69,63435.32,63187.86,63340.38,926.0,1000,0.0
2026-06-08 22:30:00,63340.48,63381.43,63222.96,63281.8,776.0,1000,0.0
2026-06-08 22:45:00,63283.16,63450.29,63205.73,63427.68,687.0,1000,0.0
2026-06-08 23:00:00,63419.68,63570.65,63381.78,63565.08,1022.0,1000,0.0
2026-06-08 23:15:00,63563.8,63579.79,63053.45,63127.13,1505.0,1000,0.0
2026-06-08 23:30:00,63125.46,63181.16,62988.99,63104.96,1197.0,1000,0.0
2026-06-08 23:45:00,63105.69,63116.94,62947.15,63065.32,1219.0,1000,0.0
2026-06-09 00:00:00,63064.97,63135.21,62969.39,62983.91,1609.0,1000,0.0
2026-06-09 00:15:00,62984.26,63166.18,62676.8,62717.27,2013.0,1000,0.0
2026-06-09 00:30:00,62717.82,62760.91,62539.64,62683.17,1852.0,1000,0.0
2026-06-09 00:45:00,62684.14,62684.14,62391.41,62525.56,1643.0,1000,0.0
2026-06-09 01:00:00,62525.58,62700.26,62518.62,62637.26,1472.0,1000,0.0
2026-06-09 01:15:00,62636.39,62843.24,62594.76,62762.79,1349.0,1000,0.0
2026-06-09 01:30:00,62762.06,62859.88,62632.9,62689.33,1222.0,1000,0.0
2026-06-09 01:45:00,62691.11,62839.44,62674.63,62741.52,909.0,1000,0.0
2026-06-09 02:00:00,62742.35,62846.25,62704.54,62717.37,904.0,1000,0.0
2026-06-09 02:15:00,62718.58,62757.76,62544.51,62757.76,1149.0,1000,0.0
2026-06-09 02:30:00,62759.53,62813.38,62504.42,62636.66,1216.0,1000,0.0
2026-06-09 02:45:00,62634.13,62854.2,62619.1,62845.71,1030.0,1000,0.0
2026-06-09 03:00:00,62846.65,62914.42,62781.01,62888.1,921.0,1000,0.0
2026-06-09 03:15:00,62882.03,62953.69,62744.3,62777.67,930.0,1000,0.0
2026-06-09 03:30:00,62786.28,62835.92,62666.22,62793.43,874.0,1000,0.0
2026-06-09 03:45:00,62794.04,62870.92,62714.29,62837.8,609.0,1000,0.0
2026-06-09 04:00:00,62838.61,62962.71,62716.62,62874.71,865.0,1000,0.0
2026-06-09 04:15:00,62872.43,62881.38,62756.42,62763.92,622.0,1000,0.0
2026-06-09 04:30:00,62758.96,63365.11,62731.58,63201.24,1948.0,1000,0.0
2026-06-09 04:45:00,63204.57,63398.67,63176.23,63202.83,1043.0,1000,0.0
2026-06-09 05:00:00,63203.99,63274.0,63079.59,63217.43,878.0,1000,0.0
2026-06-09 05:15:00,63219.74,63326.45,63219.74,63281.41,645.0,1000,0.0
2026-06-09 05:30:00,63282.19,63499.5,63265.92,63339.22,1033.0,1000,0.0
2026-06-09 05:45:00,63336.29,63424.55,63268.86,63306.76,858.0,1000,0.0
2026-06-09 06:00:00,63308.16,63388.0,63231.54,63337.63,929.0,1000,0.0
2026-06-09 06:15:00,63335.04,63474.94,63304.83,63400.23,676.0,1000,0.0
2026-06-09 06:30:00,63402.22,63430.21,63282.03,63312.79,597.0,1000,0.0
2026-06-09 06:45:00,63314.81,63375.87,63185.57,63262.09,606.0,1000,0.0
2026-06-09 07:00:00,63264.8,63406.99,63254.86,63256.25,804.0,1000,0.0
2026-06-09 07:15:00,63253.3,63329.59,62963.15,63000.11,925.0,1000,0.0
2026-06-09 07:30:00,62998.78,63171.98,62998.78,63158.45,669.0,1000,0.0
2026-06-09 07:45:00,63157.26,63180.93,63080.65,63160.49,485.0,1000,0.0
2026-06-09 08:00:00,63163.59,63175.06,62711.93,62892.76,1360.0,1000,0.0
2026-06-09 08:15:00,62894.11,62948.94,62832.57,62832.57,821.0,1000,0.0
2026-06-09 08:30:00,62830.76,62982.25,62764.63,62942.61,813.0,1000,0.0
2026-06-09 08:45:00,62943.63,62975.91,62796.41,62811.23,680.0,1000,0.0
2026-06-09 09:00:00,62817.72,62860.62,62664.19,62823.86,727.0,1000,0.0
2026-06-09 09:15:00,62818.7,62921.71,62780.07,62783.81,702.0,1000,0.0
2026-06-09 09:30:00,62780.71,62780.71,62549.49,62642.32,975.0,1000,0.0
2026-06-09 09:45:00,62647.08,62694.39,62609.12,62685.19,580.0,1000,0.0
2026-06-09 10:00:00,62685.29,62767.77,62551.88,62741.98,1057.0,1000,0.0
2026-06-09 10:15:00,62741.69,62749.97,62666.48,62710.69,553.0,1000,0.0
2026-06-09 10:30:00,62710.08,62733.94,62602.03,62662.13,536.0,1000,0.0
2026-06-09 10:45:00,62659.61,62805.27,62612.62,62744.56,753.0,1000,0.0
2026-06-09 11:00:00,62744.48,62785.0,62477.04,62497.0,853.0,1000,0.0
2026-06-09 11:15:00,62498.39,62611.29,62458.95,62563.25,690.0,1000,0.0
2026-06-09 11:30:00,62561.32,62637.7,62487.84,62596.05,699.0,1000,0.0
2026-06-09 11:45:00,62596.15,62697.92,62531.88,62667.03,608.0,1000,0.0
2026-06-09 12:00:00,62664.93,62868.62,62648.25,62799.93,938.0,1000,0.0
2026-06-09 12:15:00,62798.59,62813.54,62600.18,62611.72,831.0,1000,0.0
2026-06-09 12:30:00,62609.79,62640.4,62474.91,62480.33,984.0,1000,0.0
2026-06-09 12:45:00,62477.9,62642.79,62395.21,62600.08,920.0,1000,0.0
2026-06-09 13:00:00,62605.14,62714.55,62502.07,62526.77,1070.0,1000,0.0
2026-06-09 13:15:00,62515.43,62540.79,62214.53,62306.73,1464.0,1000,0.0
2026-06-09 13:30:00,62300.99,62477.96,62105.32,62384.11,3051.0,1000,0.0
2026-06-09 13:45:00,62391.13,62500.8,62215.13,62236.7,2310.0,1000,0.0
2026-06-09 14:00:00,62226.71,62357.71,61916.29,61977.01,3115.0,1000,0.0
2026-06-09 14:15:00,61977.32,62038.45,61509.37,61567.38,4735.0,1000,0.0
2026-06-09 14:30:00,61566.85,61663.86,61267.72,61316.43,3750.0,1000,0.0
2026-06-09 14:45:00,61313.21,61506.48,61083.36,61492.85,3445.0,1000,0.0
2026-06-09 15:00:00,61501.24,61671.68,61286.99,61605.97,2416.0,1000,0.0
2026-06-09 15:15:00,61598.18,61665.23,61249.88,61266.84,2124.0,1000,0.0
2026-06-09 15:30:00,61263.46,61388.58,61164.35,61282.25,3202.0,1000,0.0
2026-06-09 15:45:00,61283.09,61369.31,60982.78,61082.04,2304.0,1000,0.0
2026-06-09 16:00:00,61079.85,61171.11,60878.1,60957.93,2793.0,1000,0.0
2026-06-09 16:15:00,60959.86,61079.09,60795.8,60988.56,2987.0,1000,0.0
2026-06-09 16:30:00,60986.1,61276.69,60727.23,61185.72,4125.0,1000,0.0
2026-06-09 16:45:00,61191.24,61458.63,61116.3,61349.3,3275.0,1000,0.0
2026-06-09 17:00:00,61350.11,61633.14,61341.01,61557.7,2602.0,1000,0.0
2026-06-09 17:15:00,61556.01,61842.94,61524.55,61700.58,2551.0,1000,0.0
2026-06-09 17:30:00,61699.86,61796.09,61635.29,61641.78,1584.0,1000,0.0
2026-06-09 17:45:00,61640.23,61806.59,61544.38,61648.6,1497.0,1000,0.0
2026-06-09 18:00:00,61648.66,61777.18,61553.04,61692.78,1653.0,1000,0.0
2026-06-09 18:15:00,61691.97,61919.94,61602.75,61686.25,1758.0,1000,0.0
2026-06-09 18:30:00,61686.41,61772.31,61536.75,61543.95,1316.0,1000,0.0
2026-06-09 18:45:00,61552.11,61779.52,61552.11,61733.85,1072.0,1000,0.0
2026-06-09 19:00:00,61730.26,61866.97,61678.56,61719.05,1070.0,1000,0.0
2026-06-09 19:15:00,61722.11,61861.63,61660.82,61823.78,1245.0,1000,0.0
2026-06-09 19:30:00,61824.18,62004.6,61712.39,61825.01,1377.0,1000,0.0
2026-06-09 19:45:00,61825.21,62059.41,61711.37,62042.72,1525.0,1000,0.0
2026-06-09 20:00:00,62043.91,62176.05,61901.25,62170.62,1166.0,1000,0.0
2026-06-09 20:15:00,62170.96,62231.03,61951.32,62039.11,756.0,1000,0.0
2026-06-09 20:30:00,62044.1,62135.4,61933.49,62079.51,574.0,1000,0.0
2026-06-09 20:45:00,62087.52,62110.88,61992.03,62110.13,563.0,1000,0.0
2026-06-09 21:00:00,62110.15,62130.41,61993.36,62089.16,502.0,1000,0.0
2026-06-09 21:15:00,62088.76,62097.16,61718.4,61764.05,681.0,1000,0.0
2026-06-09 21:30:00,61763.72,61864.2,61726.32,61756.76,631.0,1000,0.0
2026-06-09 21:45:00,61758.59,61790.19,61632.48,61701.99,721.0,1000,0.0
2026-06-09 22:00:00,61707.46,61807.67,61611.25,61779.7,709.0,1000,0.0
2026-06-09 22:15:00,61779.01,61899.05,61737.71,61777.93,753.0,1000,0.0
2026-06-09 22:30:00,61777.88,61935.23,61731.9,61806.41,962.0,1000,0.0
2026-06-09 22:45:00,61806.45,61838.72,61630.29,61682.33,813.0,1000,0.0
2026-06-09 23:00:00,61685.81,61763.87,61598.26,61697.64,1038.0,1000,0.0
2026-06-09 23:15:00,61700.36,61840.69,61633.57,61643.62,784.0,1000,0.0
2026-06-09 23:30:00,61651.93,61691.03,61503.02,61591.03,928.0,1000,0.0
2026-06-09 23:45:00,61593.42,61712.01,61542.48,61682.23,773.0,1000,0.0
2026-06-10 00:00:00,61687.04,61859.13,61651.84,61789.88,999.0,1000,0.0
2026-06-10 00:15:00,61790.38,61831.53,61678.7,61807.8,838.0,1000,0.0
2026-06-10 00:30:00,61810.22,61837.13,61393.76,61478.83,1436.0,1000,0.0
2026-06-10 00:45:00,61478.76,61903.4,61451.22,61879.21,1363.0,1000,0.0
2026-06-10 01:00:00,61877.74,61942.41,61628.48,61789.97,1349.0,1000,0.0
2026-06-10 01:15:00,61795.8,61852.77,61703.74,61793.52,1380.0,1000,0.0
2026-06-10 01:30:00,61793.85,61859.55,61533.99,61598.1,1235.0,1000,0.0
2026-06-10 01:45:00,61593.62,61809.71,61574.74,61671.74,1149.0,1000,0.0
2026-06-10 02:00:00,61670.68,61798.72,61496.58,61519.08,956.0,1000,0.0
2026-06-10 02:15:00,61521.51,61538.79,61296.08,61455.83,1537.0,1000,0.0
2026-06-10 02:30:00,61458.12,61510.46,61249.91,61329.38,1387.0,1000,0.0
2026-06-10 02:45:00,61331.11,61347.92,61189.02,61261.72,896.0,1000,0.0
2026-06-10 03:00:00,61257.3,61438.81,61235.0,61386.32,942.0,1000,0.0
2026-06-10 03:15:00,61387.28,61558.75,61291.48,61521.55,929.0,1000,0.0
2026-06-10 03:30:00,61517.1,61525.88,61394.05,61480.13,878.0,1000,0.0
2026-06-10 03:45:00,61480.08,61547.06,61443.44,61504.71,697.0,1000,0.0
2026-06-10 04:00:00,61501.68,61524.37,61390.01,61458.24,725.0,1000,0.0
2026-06-10 04:15:00,61458.23,61504.82,61409.15,61422.25,656.0,1000,0.0
2026-06-10 04:30:00,61421.86,61421.86,61141.5,61188.93,1110.0,1000,0.0
2026-06-10 04:45:00,61187.79,61326.93,61144.74,61254.49,974.0,1000,0.0
2026-06-10 05:00:00,61256.31,61280.15,61082.48,61131.48,969.0,1000,0.0
2026-06-10 05:15:00,61131.19,61223.38,61032.69,61221.96,970.0,1000,0.0
2026-06-10 05:30:00,61225.88,61290.51,61141.63,61239.06,880.0,1000,0.0
2026-06-10 05:45:00,61238.51,61354.77,61160.39,61309.55,750.0,1000,0.0
2026-06-10 06:00:00,61308.93,61387.99,61239.25,61349.02,863.0,1000,0.0
2026-06-10 06:15:00,61348.45,61442.61,61267.32,61294.53,783.0,1000,0.0
2026-06-10 06:30:00,61294.89,61415.85,61090.16,61386.9,1058.0,1000,0.0
2026-06-10 06:45:00,61387.02,61480.36,61369.98,61416.13,582.0,1000,0.0
2026-06-10 07:00:00,61412.86,61558.09,61380.77,61522.46,884.0,1000,0.0
2026-06-10 07:15:00,61521.41,61675.0,61502.22,61591.67,945.0,1000,0.0
2026-06-10 07:30:00,61596.23,61758.48,61509.84,61706.57,863.0,1000,0.0
2026-06-10 07:45:00,61710.39,61734.71,61609.37,61641.23,789.0,1000,0.0
2026-06-10 08:00:00,61642.3,61667.66,61487.21,61560.74,1092.0,1000,0.0
2026-06-10 08:15:00,61562.4,61696.8,61429.84,61493.09,1085.0,1000,0.0
2026-06-10 08:30:00,61491.32,61564.61,61189.52,61192.35,1030.0,1000,0.0
2026-06-10 08:45:00,61193.38,61281.9,61114.83,61218.48,1049.0,1000,0.0
2026-06-10 09:00:00,61219.01,61274.4,60998.26,61019.1,1247.0,1000,0.0
2026-06-10 09:15:00,61017.47,61201.25,60677.19,61161.38,1795.0,1000,0.0
2026-06-10 09:30:00,61157.94,61381.58,61134.35,61215.5,1220.0,1000,0.0
2026-06-10 09:45:00,61212.9,61358.63,61098.24,61290.81,960.0,1000,0.0
2026-06-10 10:00:00,61293.3,61304.31,61116.01,61188.65,942.0,1000,0.0
2026-06-10 10:15:00,61184.97,61314.76,61092.3,61281.53,943.0,1000,0.0
2026-06-10 10:30:00,61280.83,61410.87,61210.47,61266.8,853.0,1000,0.0
2026-06-10 10:45:00,61266.3,61370.37,61227.35,61331.93,739.0,1000,0.0
2026-06-10 11:00:00,61334.27,61387.56,60806.19,61115.53,2506.0,1000,0.0
2026-06-10 11:15:00,61112.13,61214.78,60827.32,60909.73,2012.0,1000,0.0
2026-06-10 11:30:00,60916.65,61006.6,60866.55,60960.75,1344.0,1000,0.0
2026-06-10 11:45:00,60961.58,61059.35,60913.6,60972.29,1030.0,1000,0.0
2026-06-10 12:00:00,60978.26,61175.24,60902.45,61143.93,1399.0,1000,0.0
2026-06-10 12:15:00,61143.62,61205.01,60992.75,61110.37,1260.0,1000,0.0
2026-06-10 12:30:00,61119.57,61903.71,61090.65,61641.71,4775.0,1000,0.0
2026-06-10 12:45:00,61641.9,61754.64,61510.95,61510.95,1445.0,1000,0.0
2026-06-10 13:00:00,61510.57,61579.6,61441.27,61473.1,1059.0,1000,0.0
2026-06-10 13:15:00,61472.53,61539.53,61379.86,61508.37,1162.0,1000,0.0
2026-06-10 13:30:00,61505.24,62336.99,61447.0,62336.77,4598.0,1000,0.0
2026-06-10 13:45:00,62340.68,62414.32,62018.89,62105.42,3162.0,1000,0.0
2026-06-10 14:00:00,62092.35,62209.55,61940.98,61960.3,2392.0,1000,0.0
2026-06-10 14:15:00,61966.0,62121.83,61810.18,61994.45,2295.0,1000,0.0
2026-06-10 14:30:00,61990.54,62066.42,61758.5,61889.28,2139.0,1000,0.0
2026-06-10 14:45:00,61887.37,62148.89,61758.01,62144.34,2438.0,1000,0.0
2026-06-10 15:00:00,62149.64,62377.98,61808.96,61885.14,2716.0,1000,0.0
2026-06-10 15:15:00,61885.09,62308.43,61786.58,62205.15,2125.0,1000,0.0
2026-06-10 15:30:00,62200.98,62376.06,62131.48,62338.59,1941.0,1000,0.0
2026-06-10 15:45:00,62339.11,62816.78,62077.68,62582.83,4159.0,1000,0.0
2026-06-10 16:00:00,62588.89,62603.7,62266.68,62291.61,1821.0,1000,0.0
2026-06-10 16:15:00,62291.68,62398.07,62048.75,62232.85,1890.0,1000,0.0
2026-06-10 16:30:00,62232.81,62363.5,62099.54,62168.69,1949.0,1000,0.0
2026-06-10 16:45:00,62170.44,62173.39,61868.77,62169.0,2072.0,1000,0.0
2026-06-10 17:00:00,62169.25,62310.52,61956.63,62046.58,1554.0,1000,0.0
2026-06-10 17:15:00,62045.43,62148.3,61836.23,61858.34,1859.0,1000,0.0
2026-06-10 17:30:00,61860.97,61884.35,61589.78,61688.75,2132.0,1000,0.0
2026-06-10 17:45:00,61693.1,61996.34,61661.92,61925.88,1942.0,1000,0.0
2026-06-10 18:00:00,61926.53,62107.7,61859.29,61897.96,1437.0,1000,0.0
2026-06-10 18:15:00,61903.05,61969.94,61781.21,61962.2,1462.0,1000,0.0
2026-06-10 18:30:00,61960.14,61961.75,61682.58,61723.74,1402.0,1000,0.0
2026-06-10 18:45:00,61717.95,61836.62,61520.32,61825.22,1339.0,1000,0.0
2026-06-10 19:00:00,61826.61,61877.64,61671.62,61683.87,1389.0,1000,0.0
2026-06-10 19:15:00,61681.76,61765.72,61608.5,61720.15,1121.0,1000,0.0
2026-06-10 19:30:00,61718.49,62005.37,61715.3,61949.3,1336.0,1000,0.0
2026-06-10 19:45:00,61949.1,61987.19,61782.0,61881.33,1551.0,1000,0.0
2026-06-10 20:00:00,61874.63,61891.82,61611.86,61748.89,1222.0,1000,0.0
2026-06-10 20:15:00,61748.98,61892.49,61676.86,61844.75,1073.0,1000,0.0
2026-06-10 20:30:00,61843.62,61867.06,61739.37,61739.37,707.0,1000,0.0
2026-06-10 20:45:00,61739.14,61779.6,61640.06,61735.88,826.0,1000,0.0
2026-06-10 21:00:00,61734.65,61742.15,61436.8,61493.01,995.0,1000,0.0
2026-06-10 21:15:00,61497.67,61632.27,61460.94,61513.87,762.0,1000,0.0
2026-06-10 21:30:00,61512.86,61664.94,61504.83,61619.45,697.0,1000,0.0
2026-06-10 21:45:00,61619.37,61632.24,61117.13,61293.43,1468.0,1000,0.0
2026-06-10 22:00:00,61293.52,61304.72,61106.96,61191.98,1386.0,1000,0.0
2026-06-10 22:15:00,61183.5,61281.91,61032.12,61186.54,1549.0,1000,0.0
2026-06-10 22:30:00,61186.98,61519.43,61179.16,61501.43,1428.0,1000,0.0
2026-06-10 22:45:00,61507.18,61507.18,61301.59,61324.25,1064.0,1000,0.0
2026-06-10 23:00:00,61317.2,61325.18,61129.06,61152.46,961.0,1000,0.0
2026-06-10 23:15:00,61145.73,61526.77,61099.74,61488.58,1483.0,1000,0.0
2026-06-10 23:30:00,61489.73,61556.79,61406.75,61489.02,729.0,1000,0.0
2026-06-10 23:45:00,61487.87,61529.7,61414.47,61449.09,718.0,1000,0.0
2026-06-11 00:00:00,61450.27,61637.43,61450.27,61616.29,1033.0,1000,0.0
2026-06-11 00:15:00,61616.76,61923.06,61616.76,61829.85,1525.0,1000,0.0
2026-06-11 00:30:00,61824.6,61837.21,61706.19,61725.16,990.0,1000,0.0
2026-06-11 00:45:00,61727.98,61873.58,61727.98,61760.83,869.0,1000,0.0
2026-06-11 01:00:00,61760.65,62056.56,61759.09,61972.18,1123.0,1000,0.0
2026-06-11 01:15:00,61974.57,62177.57,61949.19,62112.71,1144.0,1000,0.0
2026-06-11 01:30:00,62115.16,62319.26,62033.27,62193.0,1104.0,1000,0.0
2026-06-11 01:45:00,62201.24,62234.74,62107.4,62146.74,854.0,1000,0.0
2026-06-11 02:00:00,62146.65,62218.95,62045.64,62106.79,833.0,1000,0.0
2026-06-11 02:15:00,62108.54,62242.86,61979.79,61998.72,1035.0,1000,0.0
2026-06-11 02:30:00,61999.09,62036.88,61873.89,61998.91,968.0,1000,0.0
2026-06-11 02:45:00,61994.08,62158.38,61926.51,62068.85,883.0,1000,0.0
2026-06-11 03:00:00,62073.81,62118.77,61932.6,61996.1,771.0,1000,0.0
2026-06-11 03:15:00,61995.7,62054.42,61940.11,62037.72,627.0,1000,0.0
2026-06-11 03:30:00,62036.0,62490.42,62031.6,62288.65,1325.0,1000,0.0
2026-06-11 03:45:00,62290.0,62827.23,62290.0,62600.09,1633.0,1000,0.0
2026-06-11 04:00:00,62605.12,62661.66,62499.17,62587.59,1062.0,1000,0.0
2026-06-11 04:15:00,62585.64,62635.21,62522.87,62540.41,742.0,1000,0.0
2026-06-11 04:30:00,62540.51,62624.32,62463.7,62590.78,674.0,1000,0.0
2026-06-11 04:45:00,62592.76,62779.66,62581.41,62646.93,850.0,1000,0.0
2026-06-11 05:00:00,62647.28,62652.47,62485.33,62559.41,701.0,1000,0.0
2026-06-11 05:15:00,62548.38,62656.97,62501.53,62560.41,759.0,1000,0.0
2026-06-11 05:30:00,62560.31,62630.57,62518.43,62630.57,658.0,1000,0.0
2026-06-11 05:45:00,62631.82,62639.99,62525.25,62539.79,645.0,1000,0.0
2026-06-11 06:00:00,62545.16,62745.61,62459.71,62705.42,779.0,1000,0.0
2026-06-11 06:15:00,62705.51,62943.54,62658.66,62805.97,1193.0,1000,0.0
2026-06-11 06:30:00,62803.86,62934.34,62774.32,62876.17,767.0,1000,0.0
2026-06-11 06:45:00,62874.43,62880.83,62677.83,62687.97,574.0,1000,0.0
2026-06-11 07:00:00,62686.04,62721.06,62538.62,62579.61,699.0,1000,0.0
2026-06-11 07:15:00,62575.63,62728.55,62566.49,62716.54,622.0,1000,0.0
2026-06-11 07:30:00,62716.88,62767.84,62532.4,62600.74,622.0,1000,0.0
2026-06-11 07:45:00,62599.01,62677.35,62598.95,62647.16,458.0,1000,0.0
2026-06-11 08:00:00,62642.21,62812.68,62638.33,62753.96,652.0,1000,0.0
2026-06-11 08:15:00,62751.77,62892.21,62719.53,62876.25,595.0,1000,0.0
2026-06-11 08:30:00,62876.06,62917.18,62767.99,62785.44,433.0,1000,0.0
2026-06-11 08:45:00,62781.21,62984.93,62771.2,62882.69,692.0,1000,0.0
2026-06-11 09:00:00,62879.97,62891.9,62740.19,62794.64,528.0,1000,0.0
2026-06-11 09:15:00,62792.82,62798.82,62706.23,62738.89,568.0,1000,0.0
2026-06-11 09:30:00,62739.23,62893.58,62737.35,62856.98,556.0,1000,0.0
2026-06-11 09:45:00,62851.22,62924.75,62820.49,62853.04,448.0,1000,0.0
2026-06-11 10:00:00,62853.13,62899.97,62768.59,62834.68,686.0,1000,0.0
2026-06-11 10:15:00,62834.75,62857.1,62720.73,62773.2,547.0,1000,0.0
2026-06-11 10:30:00,62776.22,62881.46,62764.91,62855.44,558.0,1000,0.0
2026-06-11 10:45:00,62852.37,63148.91,62843.0,63074.89,1000.0,1000,0.0
2026-06-11 11:00:00,63073.46,63136.29,62977.78,63121.34,766.0,1000,0.0
2026-06-11 11:15:00,63114.41,63151.96,63034.47,63088.51,687.0,1000,0.0
2026-06-11 11:30:00,63095.73,63201.94,63013.38,63065.13,814.0,1000,0.0
2026-06-11 11:45:00,63066.86,63179.9,63025.07,63047.39,662.0,1000,0.0
2026-06-11 12:00:00,63047.23,63136.08,62932.02,63085.43,881.0,1000,0.0
2026-06-11 12:15:00,63077.99,63127.33,62590.84,62618.44,1959.0,1000,0.0
2026-06-11 12:30:00,62616.1,62890.02,62427.55,62846.57,2605.0,1000,0.0
2026-06-11 12:45:00,62846.36,62993.13,62790.97,62934.58,1266.0,1000,0.0
2026-06-11 13:00:00,62935.84,62947.28,62791.33,62831.83,924.0,1000,0.0
2026-06-11 13:15:00,62833.88,62992.03,62715.7,62747.42,885.0,1000,0.0
2026-06-11 13:30:00,62749.19,62902.19,62598.37,62902.19,2317.0,1000,0.0
2026-06-11 13:45:00,62898.02,63174.5,62867.99,63019.4,2209.0,1000,0.0
2026-06-11 14:00:00,63016.93,63032.05,62688.18,62728.23,1858.0,1000,0.0
2026-06-11 14:15:00,62728.15,62962.07,62664.16,62944.57,1929.0,1000,0.0
2026-06-11 14:30:00,62943.03,63008.4,62780.31,62790.75,1626.0,1000,0.0
2026-06-11 14:45:00,62798.0,62948.56,62659.42,62662.06,1356.0,1000,0.0
2026-06-11 15:00:00,62657.85,62802.31,62453.14,62635.24,2110.0,1000,0.0
2026-06-11 15:15:00,62629.42,62753.43,62560.75,62663.36,1281.0,1000,0.0
2026-06-11 15:30:00,62658.98,62821.84,62570.57,62615.54,1386.0,1000,0.0
2026-06-11 15:45:00,62620.33,62683.06,62493.82,62683.06,1180.0,1000,0.0
2026-06-11 16:00:00,62682.72,62773.03,62597.98,62755.02,1076.0,1000,0.0
2026-06-11 16:15:00,62761.93,62773.02,62504.65,62564.56,1132.0,1000,0.0
2026-06-11 16:30:00,62565.38,62738.16,62474.74,62586.7,1364.0,1000,0.0
2026-06-11 16:45:00,62585.55,62618.67,62502.98,62502.98,937.0,1000,0.0
2026-06-11 17:00:00,62502.19,62551.16,62300.1,62384.1,1507.0,1000,0.0
2026-06-11 17:15:00,62381.65,62905.91,62267.63,62876.39,2117.0,1000,0.0
2026-06-11 17:30:00,62874.78,63415.01,62874.78,63262.38,4927.0,1000,0.0
2026-06-11 17:45:00,63268.43,63600.42,63235.04,63566.23,2817.0,1000,0.0
2026-06-11 18:00:00,63563.4,63723.02,63244.06,63398.57,2332.0,1000,0.0
2026-06-11 18:15:00,63408.72,63542.79,63272.84,63326.14,1827.0,1000,0.0
2026-06-11 18:30:00,63325.87,63497.83,63294.72,63471.77,907.0,1000,0.0
2026-06-11 18:45:00,63474.56,63508.26,63384.4,63388.94,768.0,1000,0.0
2026-06-11 19:00:00,63385.92,63535.58,63309.52,63459.65,1231.0,1000,0.0
2026-06-11 19:15:00,63462.97,63643.36,63462.01,63531.42,1124.0,1000,0.0
2026-06-11 19:30:00,63530.47,63873.2,63525.89,63630.12,1760.0,1000,0.0
2026-06-11 19:45:00,63632.47,63667.22,63538.18,63540.16,1046.0,1000,0.0
2026-06-11 20:00:00,63567.27,63608.07,63426.91,63473.06,764.0,1000,0.0
2026-06-11 20:15:00,63473.17,63492.68,63258.74,63321.11,661.0,1000,0.0
2026-06-11 20:30:00,63319.33,63351.23,63225.85,63227.94,578.0,1000,0.0
2026-06-11 20:45:00,63226.23,63349.79,63203.77,63328.88,489.0,1000,0.0
2026-06-11 21:00:00,63328.56,63543.49,63325.98,63490.54,492.0,1000,0.0
2026-06-11 21:15:00,63495.64,63507.47,63378.91,63429.33,434.0,1000,0.0
2026-06-11 21:30:00,63422.26,63482.51,63390.08,63470.26,462.0,1000,0.0
2026-06-11 21:45:00,63479.76,63519.66,63391.81,63459.06,661.0,1000,0.0
2026-06-11 22:00:00,63459.57,63609.17,63438.72,63579.28,900.0,1000,0.0
2026-06-11 22:15:00,63578.9,63618.46,63471.51,63533.56,589.0,1000,0.0
2026-06-11 22:30:00,63536.44,63583.55,63426.91,63442.55,511.0,1000,0.0
2026-06-11 22:45:00,63439.85,63521.96,63390.92,63437.5,475.0,1000,0.0
2026-06-11 23:00:00,63439.97,63439.97,63289.7,63337.59,691.0,1000,0.0
2026-06-11 23:15:00,63335.77,63372.42,63308.1,63317.21,513.0,1000,0.0
2026-06-11 23:30:00,63317.14,63673.62,63311.3,63570.11,630.0,1000,0.0
2026-06-11 23:45:00,63569.54,63592.44,63452.51,63562.96,597.0,1000,0.0
2026-06-12 00:00:00,63562.21,63742.71,63473.84,63674.89,777.0,1000,0.0
2026-06-12 00:15:00,63674.76,63674.76,63449.9,63544.89,701.0,1000,0.0
2026-06-12 00:30:00,63544.33,63674.81,63493.93,63586.21,722.0,1000,0.0
2026-06-12 00:45:00,63585.18,63654.66,63561.66,63575.65,538.0,1000,0.0
2026-06-12 01:00:00,63576.94,63576.94,63383.77,63408.26,851.0,1000,0.0
2026-06-12 01:15:00,63408.41,63467.04,63221.56,63278.18,839.0,1000,0.0
2026-06-12 01:30:00,63276.89,63343.01,63225.53,63300.01,815.0,1000,0.0
2026-06-12 01:45:00,63303.31,63387.96,63297.57,63348.92,636.0,1000,0.0
2026-06-12 02:00:00,63350.35,63700.91,63349.42,63591.0,793.0,1000,0.0
2026-06-12 02:15:00,63593.48,63613.92,63437.17,63478.47,668.0,1000,0.0
2026-06-12 02:30:00,63479.33,63560.07,63403.48,63550.65,669.0,1000,0.0
2026-06-12 02:45:00,63552.84,63553.38,63471.69,63535.83,457.0,1000,0.0
2026-06-12 03:00:00,63540.39,63569.05,63425.85,63444.22,523.0,1000,0.0
2026-06-12 03:15:00,63441.21,63444.05,63261.38,63344.36,572.0,1000,0.0
2026-06-12 03:30:00,63346.56,63439.4,63346.56,63377.45,636.0,1000,0.0
2026-06-12 03:45:00,63377.39,63447.31,63359.97,63429.67,521.0,1000,0.0
2026-06-12 04:00:00,63431.81,63473.0,63334.16,63406.09,580.0,1000,0.0
2026-06-12 04:15:00,63406.43,63725.64,63406.43,63705.23,934.0,1000,0.0
2026-06-12 04:30:00,63702.91,63784.89,63590.83,63634.23,719.0,1000,0.0
2026-06-12 04:45:00,63635.09,63667.55,63598.07,63608.52,453.0,1000,0.0
2026-06-12 05:00:00,63614.79,63639.98,63326.62,63352.64,708.0,1000,0.0
2026-06-12 05:15:00,63352.33,63442.61,63352.33,63408.3,602.0,1000,0.0
2026-06-12 05:30:00,63407.58,63419.44,63253.84,63317.17,733.0,1000,0.0
2026-06-12 05:45:00,63318.13,63335.12,63210.49,63261.28,677.0,1000,0.0
2026-06-12 06:00:00,63262.26,63331.61,63180.06,63220.23,783.0,1000,0.0
2026-06-12 06:15:00,63217.3,63217.3,63000.36,63063.29,893.0,1000,0.0
2026-06-12 06:30:00,63059.31,63062.4,62749.02,62843.41,1373.0,1000,0.0
2026-06-12 06:45:00,62844.05,62944.13,62837.64,62905.84,718.0,1000,0.0
2026-06-12 07:00:00,62907.23,63045.83,62892.38,62903.34,741.0,1000,0.0
2026-06-12 07:15:00,62909.47,63001.99,62861.29,62939.44,814.0,1000,0.0
2026-06-12 07:30:00,62938.03,63012.6,62893.82,62973.03,652.0,1000,0.0
2026-06-12 07:45:00,62973.95,63128.88,62923.36,63019.72,708.0,1000,0.0
2026-06-12 08:00:00,63018.37,63268.43,63011.91,63207.68,854.0,1000,0.0
2026-06-12 08:15:00,63210.66,63539.16,63194.98,63447.91,1322.0,1000,0.0
2026-06-12 08:30:00,63451.9,63461.07,63297.36,63320.03,670.0,1000,0.0
2026-06-12 08:45:00,63318.27,63407.97,63277.16,63386.37,552.0,1000,0.0
2026-06-12 09:00:00,63385.01,63507.92,63343.53,63487.4,761.0,1000,0.0
2026-06-12 09:15:00,63484.67,63716.57,63464.02,63689.21,962.0,1000,0.0
2026-06-12 09:30:00,63686.58,63887.4,63679.42,63802.73,1025.0,1000,0.0
2026-06-12 09:45:00,63800.46,63866.16,63670.52,63685.8,709.0,1000,0.0
2026-06-12 10:00:00,63685.1,63781.67,63612.4,63694.2,818.0,1000,0.0
2026-06-12 10:15:00,63690.19,63743.43,63500.71,63539.63,896.0,1000,0.0
2026-06-12 10:30:00,63538.89,63685.51,63529.9,63612.8,701.0,1000,0.0
2026-06-12 10:45:00,63608.9,63670.46,63583.2,63622.42,573.0,1000,0.0
2026-06-12 11:00:00,63622.24,63814.12,63607.38,63749.6,924.0,1000,0.0
2026-06-12 11:15:00,63752.38,63809.86,63679.26,63745.54,537.0,1000,0.0
2026-06-12 11:30:00,63745.2,63754.41,63610.73,63722.49,742.0,1000,0.0
2026-06-12 11:45:00,63723.59,63818.67,63683.16,63684.98,665.0,1000,0.0
2026-06-12 12:00:00,63683.3,63701.04,63537.13,63557.88,888.0,1000,0.0
2026-06-12 12:15:00,63557.58,63612.94,63382.93,63402.67,696.0,1000,0.0
2026-06-12 12:30:00,63402.47,63498.28,63315.1,63364.96,1012.0,1000,0.0
2026-06-12 12:45:00,63363.45,63475.29,63299.33,63393.25,885.0,1000,0.0
2026-06-12 13:00:00,63392.26,63438.42,63282.06,63412.0,819.0,1000,0.0
2026-06-12 13:15:00,63412.41,63465.68,63272.21,63338.09,740.0,1000,0.0
2026-06-12 13:30:00,63340.95,63383.26,62976.76,63065.26,3043.0,1000,0.0
2026-06-12 13:45:00,63068.39,63200.62,63026.62,63153.47,1795.0,1000,0.0
2026-06-12 14:00:00,63153.23,63496.83,63113.23,63382.43,2192.0,1000,0.0
2026-06-12 14:15:00,63371.17,63604.83,63249.83,63568.76,1879.0,1000,0.0
2026-06-12 14:30:00,63568.52,63741.31,63425.72,63465.86,1987.0,1000,0.0
2026-06-12 14:45:00,63457.08,63963.74,63407.46,63945.84,2465.0,1000,0.0
2026-06-12 15:00:00,63952.82,64338.92,63837.67,64326.02,2819.0,1000,0.0
2026-06-12 15:15:00,64327.41,64350.77,64068.31,64089.9,1653.0,1000,0.0
2026-06-12 15:30:00,64087.06,64087.06,63746.17,63866.37,2126.0,1000,0.0
2026-06-12 15:45:00,63864.3,63902.02,63510.47,63551.14,1716.0,1000,0.0
2026-06-12 16:00:00,63555.22,63941.11,63471.44,63826.49,2168.0,1000,0.0
2026-06-12 16:15:00,63825.75,63961.31,63716.18,63866.27,1481.0,1000,0.0
2026-06-12 16:30:00,63863.41,63970.76,63728.93,63812.97,1295.0,1000,0.0
2026-06-12 16:45:00,63814.47,63948.57,63783.6,63944.23,1052.0,1000,0.0
2026-06-12 17:00:00,63945.11,64075.82,63831.85,63867.67,1023.0,1000,0.0
2026-06-12 17:15:00,63860.07,63885.29,63690.28,63777.12,894.0,1000,0.0
2026-06-12 17:30:00,63776.04,63878.63,63708.69,63786.82,1116.0,1000,0.0
2026-06-12 17:45:00,63780.04,63842.28,63756.88,63822.63,787.0,1000,0.0
2026-06-12 18:00:00,63823.46,63899.16,63664.55,63773.87,993.0,1000,0.0
2026-06-12 18:15:00,63773.18,63801.92,63641.0,63733.29,889.0,1000,0.0
2026-06-12 18:30:00,63733.62,63881.1,63684.82,63817.12,778.0,1000,0.0
2026-06-12 18:45:00,63820.63,63861.44,63626.14,63646.95,755.0,1000,0.0
2026-06-12 19:00:00,63654.89,63742.81,63620.48,63669.09,622.0,1000,0.0
2026-06-12 19:15:00,63664.14,63747.72,63602.42,63692.01,539.0,1000,0.0
2026-06-12 19:30:00,63695.69,63786.6,63587.58,63614.45,811.0,1000,0.0
2026-06-12 19:45:00,63615.26,63638.59,63545.09,63550.55,574.0,1000,0.0
2026-06-12 20:00:00,63553.48,63662.57,63516.27,63592.65,606.0,1000,0.0
2026-06-12 20:15:00,63589.81,63603.02,63460.72,63482.18,496.0,1000,0.0
2026-06-12 20:30:00,63482.09,63527.79,63464.44,63483.93,526.0,1000,0.0
2026-06-12 20:45:00,63482.91,63502.31,63347.98,63408.85,694.0,1000,0.0
2026-06-12 21:00:00,63410.7,63596.56,63403.11,63558.42,505.0,1000,0.0
2026-06-12 21:15:00,63556.56,63597.61,63455.41,63475.25,311.0,1000,0.0
2026-06-12 21:30:00,63475.31,63543.26,63454.52,63506.26,362.0,1000,0.0
2026-06-12 21:45:00,63508.57,63523.12,63402.71,63441.57,658.0,1000,0.0
2026-06-12 22:00:00,63441.64,63520.89,63436.75,63481.82,584.0,1000,0.0
2026-06-12 22:15:00,63480.31,63622.54,63455.29,63558.57,435.0,1000,0.0
2026-06-12 22:30:00,63559.15,63586.89,63422.65,63481.08,512.0,1000,0.0
2026-06-12 22:45:00,63481.02,63505.72,63454.54,63473.71,328.0,1000,0.0
2026-06-12 23:00:00,63472.39,63481.65,63401.94,63427.18,402.0,1000,0.0
2026-06-12 23:15:00,63431.47,63465.6,63378.49,63413.87,392.0,1000,0.0
2026-06-12 23:30:00,63413.94,63537.86,63397.87,63466.01,456.0,1000,0.0
2026-06-12 23:45:00,63466.94,63545.56,63466.94,63544.47,363.0,1000,0.0
2026-06-13 00:00:00,63538.58,63574.22,63493.73,63553.54,489.0,1000,0.0
2026-06-13 00:15:00,63549.29,63561.3,63486.11,63491.31,398.0,1000,0.0
2026-06-13 00:30:00,63483.11,63592.8,63466.87,63552.09,400.0,1000,0.0
2026-06-13 00:45:00,63551.5,63620.35,63516.56,63561.28,398.0,1000,0.0
2026-06-13 01:00:00,63565.05,63673.55,63564.21,63614.21,383.0,1000,0.0
2026-06-13 01:15:00,63617.59,63645.61,63567.44,63618.89,432.0,1000,0.0
2026-06-13 01:30:00,63616.28,63821.68,63597.21,63717.54,515.0,1000,0.0
2026-06-13 01:45:00,63711.11,63802.11,63711.11,63792.65,465.0,1000,0.0
2026-06-13 02:00:00,63793.71,63801.03,63726.72,63746.57,405.0,1000,0.0
2026-06-13 02:15:00,63753.59,63767.14,63638.56,63682.58,365.0,1000,0.0
2026-06-13 02:30:00,63680.38,63692.2,63580.34,63588.69,436.0,1000,0.0
2026-06-13 02:45:00,63587.6,63621.65,63511.89,63602.21,390.0,1000,0.0
2026-06-13 03:00:00,63605.92,63684.04,63602.89,63614.14,421.0,1000,0.0
2026-06-13 03:15:00,63612.39,63643.01,63359.57,63479.73,517.0,1000,0.0
2026-06-13 03:30:00,63479.39,63496.96,63443.28,63469.16,356.0,1000,0.0
2026-06-13 03:45:00,63469.44,63529.24,63457.59,63494.48,340.0,1000,0.0
2026-06-13 04:00:00,63495.94,63535.8,63441.8,63476.84,376.0,1000,0.0
2026-06-13 04:15:00,63477.48,63553.49,63460.08,63502.93,323.0,1000,0.0
2026-06-13 04:30:00,63501.84,63597.52,63490.87,63578.14,394.0,1000,0.0
2026-06-13 04:45:00,63576.54,63616.43,63464.71,63477.7,337.0,1000,0.0
2026-06-13 05:00:00,63482.63,63553.06,63449.15,63521.84,422.0,1000,0.0
2026-06-13 05:15:00,63524.41,63565.47,63498.17,63533.43,378.0,1000,0.0
2026-06-13 05:30:00,63535.39,63553.54,63490.9,63532.48,389.0,1000,0.0
2026-06-13 05:45:00,63530.76,63546.06,63459.08,63544.64,334.0,1000,0.0
2026-06-13 06:00:00,63545.36,63577.19,63513.84,63546.2,356.0,1000,0.0
2026-06-13 06:15:00,63544.25,63640.9,63512.3,63636.42,386.0,1000,0.0
2026-06-13 06:30:00,63640.81,63666.3,63604.42,63630.38,360.0,1000,0.0
2026-06-13 06:45:00,63630.44,63711.93,63630.44,63699.17,324.0,1000,0.0
2026-06-13 07:00:00,63698.81,63720.58,63631.91,63685.28,390.0,1000,0.0
2026-06-13 07:15:00,63682.43,63776.02,63634.42,63745.93,468.0,1000,0.0
2026-06-13 07:30:00,63744.99,63807.41,63704.12,63789.19,346.0,1000,0.0
2026-06-13 07:45:00,63787.73,63866.28,63753.83,63812.68,582.0,1000,0.0
2026-06-13 08:00:00,63809.98,63855.95,63730.7,63748.34,465.0,1000,0.0
2026-06-13 08:15:00,63748.2,63795.64,63718.99,63759.77,421.0,1000,0.0
2026-06-13 08:30:00,63759.77,63883.9,63753.63,63838.05,417.0,1000,0.0
2026-06-13 08:45:00,63844.51,63844.51,63759.53,63759.53,306.0,1000,0.0
2026-06-13 09:00:00,63771.33,63808.79,63739.55,63763.33,356.0,1000,0.0
2026-06-13 09:15:00,63768.76,63826.27,63765.57,63780.83,307.0,1000,0.0
2026-06-13 09:30:00,63785.06,63794.3,63748.9,63778.49,289.0,1000,0.0
2026-06-13 09:45:00,63774.86,63777.95,63698.5,63710.3,339.0,1000,0.0
2026-06-13 10:00:00,63711.33,63745.92,63673.23,63739.69,326.0,1000,0.0
2026-06-13 10:15:00,63743.42,63753.88,63709.1,63726.71,275.0,1000,0.0
2026-06-13 10:30:00,63730.95,63863.19,63730.95,63809.56,360.0,1000,0.0
2026-06-13 10:45:00,63813.49,63871.06,63756.74,63794.08,474.0,1000,0.0
2026-06-13 11:00:00,63798.92,63912.65,63795.14,63878.01,397.0,1000,0.0
2026-06-13 11:15:00,63878.67,63936.02,63878.67,63907.42,429.0,1000,0.0
2026-06-13 11:30:00,63909.19,63909.19,63851.74,63870.59,352.0,1000,0.0
2026-06-13 11:45:00,63862.57,63932.13,63852.06,63924.5,276.0,1000,0.0
2026-06-13 12:00:00,63924.51,63928.61,63876.69,63895.2,397.0,1000,0.0
2026-06-13 12:15:00,63894.75,63937.49,63880.35,63922.55,329.0,1000,0.0
2026-06-13 12:30:00,63914.95,63984.44,63914.95,63954.48,324.0,1000,0.0
2026-06-13 12:45:00,63956.99,64179.42,63956.99,64098.17,749.0,1000,0.0
2026-06-13 13:00:00,64101.71,64135.49,64035.16,64131.64,420.0,1000,0.0
2026-06-13 13:15:00,64129.13,64201.02,64074.05,64187.14,398.0,1000,0.0
2026-06-13 13:30:00,64188.51,64218.85,64123.71,64129.83,395.0,1000,0.0
2026-06-13 13:45:00,64128.84,64159.43,64019.43,64061.9,614.0,1000,0.0
2026-06-13 14:00:00,64058.37,64142.04,64038.16,64107.67,455.0,1000,0.0
2026-06-13 14:15:00,64113.41,64154.29,64062.13,64084.23,366.0,1000,0.0
2026-06-13 14:30:00,64090.43,64177.18,64090.43,64137.27,427.0,1000,0.0
2026-06-13 14:45:00,64135.86,64199.25,64135.86,64183.11,371.0,1000,0.0
2026-06-13 15:00:00,64182.6,64269.98,64143.5,64238.8,505.0,1000,0.0
2026-06-13 15:15:00,64237.51,64301.1,64184.86,64246.57,410.0,1000,0.0
2026-06-13 15:30:00,64246.67,64314.52,64195.67,64201.9,491.0,1000,0.0
2026-06-13 15:45:00,64197.75,64302.32,64150.07,64256.73,474.0,1000,0.0
2026-06-13 16:00:00,64260.78,64277.71,63949.23,64055.55,752.0,1000,0.0
2026-06-13 16:15:00,64053.31,64053.31,63926.17,63950.47,687.0,1000,0.0
2026-06-13 16:30:00,63952.78,64031.2,63925.58,64009.68,437.0,1000,0.0
2026-06-13 16:45:00,64008.4,64131.25,63868.16,63980.92,898.0,1000,0.0
2026-06-13 17:00:00,63982.23,64019.46,63903.02,63929.9,508.0,1000,0.0
2026-06-13 17:15:00,63930.16,64057.59,63900.71,64054.44,409.0,1000,0.0
2026-06-13 17:30:00,64054.93,64089.24,64021.68,64065.01,421.0,1000,0.0
2026-06-13 17:45:00,64065.02,64080.89,63903.25,63938.76,393.0,1000,0.0
2026-06-13 18:00:00,63938.13,64043.67,63934.85,64019.75,299.0,1000,0.0
2026-06-13 18:15:00,64023.67,64183.93,64002.46,64158.5,382.0,1000,0.0
2026-06-13 18:30:00,64164.27,64255.58,64129.53,64233.09,398.0,1000,0.0
2026-06-13 18:45:00,64233.16,64243.21,64018.56,64117.97,591.0,1000,0.0
2026-06-13 19:00:00,64122.3,64174.52,64110.35,64162.79,371.0,1000,0.0
2026-06-13 19:15:00,64165.79,64174.07,64109.04,64156.49,334.0,1000,0.0
2026-06-13 19:30:00,64156.17,64290.28,64113.71,64247.87,415.0,1000,0.0
2026-06-13 19:45:00,64247.83,64304.45,64241.0,64271.82,444.0,1000,0.0
2026-06-13 20:00:00,64267.4,64273.32,64199.35,64250.68,357.0,1000,0.0
2026-06-13 20:15:00,64243.85,64261.02,64200.14,64215.14,319.0,1000,0.0
2026-06-13 20:30:00,64215.21,64239.77,64198.92,64218.33,283.0,1000,0.0
2026-06-13 20:45:00,64221.53,64255.3,64202.61,64250.3,301.0,1000,0.0
2026-06-13 21:00:00,64255.12,64287.19,64185.12,64210.07,332.0,1000,0.0
2026-06-13 21:15:00,64209.98,64246.94,64186.86,64221.98,316.0,1000,0.0
2026-06-13 21:30:00,64221.95,64742.91,64221.95,64540.94,1051.0,1000,0.0
2026-06-13 21:45:00,64541.9,64550.55,64403.0,64431.79,1049.0,1000,0.0
2026-06-13 22:00:00,64434.13,64441.81,64345.96,64392.76,574.0,1000,0.0
2026-06-13 22:15:00,64396.68,64516.13,64355.05,64482.26,488.0,1000,0.0
2026-06-13 22:30:00,64482.85,64541.15,64458.81,64489.8,555.0,1000,0.0
2026-06-13 22:45:00,64489.54,64502.55,64422.35,64424.11,419.0,1000,0.0
2026-06-13 23:00:00,64423.37,64451.76,64408.06,64414.62,316.0,1000,0.0
2026-06-13 23:15:00,64418.81,64581.58,64414.9,64424.46,519.0,1000,0.0
2026-06-13 23:30:00,64423.8,64464.96,64408.98,64421.1,360.0,1000,0.0
2026-06-13 23:45:00,64419.46,64439.18,64354.94,64427.92,411.0,1000,0.0
2026-06-14 00:00:00,64417.54,64448.68,64346.29,64402.84,455.0,1000,0.0
2026-06-14 00:15:00,64398.82,64504.41,64362.45,64438.23,457.0,1000,0.0
2026-06-14 00:30:00,64438.13,64538.8,64432.73,64529.09,395.0,1000,0.0
2026-06-14 00:45:00,64528.89,64556.93,64477.74,64527.86,456.0,1000,0.0
2026-06-14 01:00:00,64528.26,64672.66,64476.57,64604.04,548.0,1000,0.0
2026-06-14 01:15:00,64598.58,64692.47,64590.87,64624.75,598.0,1000,0.0
2026-06-14 01:30:00,64622.92,64622.92,64528.52,64541.0,479.0,1000,0.0
2026-06-14 01:45:00,64539.01,64613.52,64534.19,64541.56,368.0,1000,0.0
2026-06-14 02:00:00,64545.19,64610.39,64531.88,64587.42,421.0,1000,0.0
2026-06-14 02:15:00,64588.65,64606.81,64489.98,64517.39,418.0,1000,0.0
2026-06-14 02:30:00,64518.44,64534.43,64469.32,64487.18,416.0,1000,0.0
2026-06-14 02:45:00,64488.31,64488.31,64436.18,64458.33,329.0,1000,0.0
2026-06-14 03:00:00,64458.39,64495.59,64437.86,64472.23,367.0,1000,0.0
2026-06-14 03:15:00,64472.29,64518.92,64465.02,64491.8,284.0,1000,0.0
2026-06-14 03:30:00,64497.22,64510.79,64427.0,64462.61,327.0,1000,0.0
2026-06-14 03:45:00,64456.24,64520.94,64435.22,64513.0,462.0,1000,0.0
2026-06-14 04:00:00,64517.85,64532.14,64462.09,64474.14,293.0,1000,0.0
2026-06-14 04:15:00,64474.29,64494.47,64431.18,64442.42,285.0,1000,0.0
2026-06-14 04:30:00,64440.46,64448.88,64357.57,64361.97,341.0,1000,0.0
2026-06-14 04:45:00,64359.38,64373.72,64282.22,64308.1,403.0,1000,0.0
2026-06-14 05:00:00,64308.18,64364.42,64290.9,64340.07,400.0,1000,0.0
2026-06-14 05:15:00,64341.59,64347.7,64261.44,64284.3,302.0,1000,0.0
2026-06-14 05:30:00,64280.58,64383.88,64261.87,64336.27,390.0,1000,0.0
2026-06-14 05:45:00,64338.17,64359.28,64302.49,64322.3,284.0,1000,0.0
2026-06-14 06:00:00,64322.18,64456.44,64322.18,64437.7,407.0,1000,0.0
2026-06-14 06:15:00,64437.08,64445.58,64294.71,64360.95,387.0,1000,0.0
2026-06-14 06:30:00,64359.13,64359.13,64210.2,64217.95,483.0,1000,0.0
2026-06-14 06:45:00,64218.38,64273.31,64217.33,64258.81,384.0,1000,0.0
2026-06-14 07:00:00,64259.96,64267.8,64183.57,64185.67,373.0,1000,0.0
2026-06-14 07:15:00,64191.43,64341.87,64191.43,64316.11,307.0,1000,0.0
2026-06-14 07:30:00,64318.39,64322.66,64259.52,64273.74,361.0,1000,0.0
2026-06-14 07:45:00,64275.17,64412.39,64275.17,64389.36,315.0,1000,0.0
2026-06-14 08:00:00,64396.92,64433.03,64353.69,64403.53,337.0,1000,0.0
2026-06-14 08:15:00,64403.52,64490.05,64403.52,64448.5,430.0,1000,0.0
2026-06-14 08:30:00,64455.39,64475.72,64408.97,64428.54,337.0,1000,0.0
2026-06-14 08:45:00,64428.49,64447.74,64399.46,64425.73,312.0,1000,0.0
2026-06-14 09:00:00,64423.63,64443.7,64379.15,64392.81,321.0,1000,0.0
2026-06-14 09:15:00,64388.61,64401.95,64274.54,64315.2,424.0,1000,0.0
2026-06-14 09:30:00,64314.32,64570.83,64304.49,64507.35,548.0,1000,0.0
2026-06-14 09:45:00,64508.03,64589.15,64491.43,64575.83,399.0,1000,0.0
2026-06-14 10:00:00,64577.8,64577.8,64449.27,64493.87,393.0,1000,0.0
2026-06-14 10:15:00,64493.54,64615.01,64472.28,64556.61,433.0,1000,0.0
2026-06-14 10:30:00,64562.55,64639.49,64546.04,64572.46,387.0,1000,0.0
2026-06-14 10:45:00,64571.71,64587.54,64473.77,64485.92,332.0,1000,0.0
2026-06-14 11:00:00,64485.99,64542.78,64413.99,64521.09,452.0,1000,0.0
2026-06-14 11:15:00,64521.74,64567.7,64470.35,64538.25,359.0,1000,0.0
2026-06-14 11:30:00,64543.98,64606.26,64537.31,64572.59,301.0,1000,0.0
2026-06-14 11:45:00,64572.53,64606.55,64504.37,64517.35,301.0,1000,0.0
2026-06-14 12:00:00,64514.65,64534.49,64433.09,64444.06,410.0,1000,0.0
2026-06-14 12:15:00,64442.9,64479.05,64423.86,64424.84,304.0,1000,0.0
2026-06-14 12:30:00,64424.78,64446.69,64280.09,64327.09,471.0,1000,0.0
2026-06-14 12:45:00,64327.04,64346.18,64251.87,64293.32,443.0,1000,0.0
2026-06-14 13:00:00,64293.4,64351.39,64268.82,64329.8,420.0,1000,0.0
2026-06-14 13:15:00,64329.78,64366.11,64209.8,64246.5,408.0,1000,0.0
2026-06-14 13:30:00,64246.57,64349.83,64206.45,64319.8,598.0,1000,0.0
2026-06-14 13:45:00,64320.03,64353.49,64247.4,64290.21,364.0,1000,0.0
2026-06-14 14:00:00,64293.84,64313.59,64224.4,64274.51,413.0,1000,0.0
2026-06-14 14:15:00,64274.2,64297.64,64109.89,64120.83,659.0,1000,0.0
2026-06-14 14:30:00,64119.07,64149.45,63843.44,63909.11,1179.0,1000,0.0
2026-06-14 14:45:00,63911.5,63956.99,63822.01,63944.26,767.0,1000,0.0
2026-06-14 15:00:00,63943.86,64118.52,63936.6,64068.14,690.0,1000,0.0
2026-06-14 15:15:00,64065.66,64094.77,63956.36,64031.44,513.0,1000,0.0
2026-06-14 15:30:00,64027.85,64081.41,63964.08,63998.49,482.0,1000,0.0
2026-06-14 15:45:00,63996.91,64045.68,63968.86,63993.94,409.0,1000,0.0
2026-06-14 16:00:00,63988.1,64106.09,63962.7,64070.27,535.0,1000,0.0
2026-06-14 16:15:00,64067.47,64179.94,64046.32,64101.19,434.0,1000,0.0
2026-06-14 16:30:00,64098.99,64159.39,64092.04,64127.22,373.0,1000,0.0
2026-06-14 16:45:00,64122.98,64136.14,63889.31,63904.59,635.0,1000,0.0
2026-06-14 17:00:00,63914.28,63983.9,63875.07,63921.64,435.0,1000,0.0
2026-06-14 17:15:00,63920.72,63968.08,63852.27,63867.76,421.0,1000,0.0
2026-06-14 17:30:00,63872.38,63936.94,63716.34,63799.46,652.0,1000,0.0
2026-06-14 17:45:00,63799.67,63850.28,63636.89,63697.81,556.0,1000,0.0
2026-06-14 18:00:00,63700.1,63765.34,63648.72,63699.64,532.0,1000,0.0
2026-06-14 18:15:00,63695.69,63743.86,63633.46,63683.01,443.0,1000,0.0
2026-06-14 18:30:00,63679.81,63761.67,63679.81,63734.95,385.0,1000,0.0
2026-06-14 18:45:00,63736.34,63781.66,63723.0,63775.19,308.0,1000,0.0
2026-06-14 19:00:00,63772.73,63803.9,63686.77,63745.52,383.0,1000,0.0
2026-06-14 19:15:00,63742.2,63822.76,63737.77,63754.44,367.0,1000,0.0
2026-06-14 19:30:00,63759.6,63799.96,63705.35,63722.31,323.0,1000,0.0
2026-06-14 19:45:00,63721.04,63769.58,63701.19,63764.1,276.0,1000,0.0
2026-06-14 20:00:00,63766.97,63832.06,63749.79,63776.95,355.0,1000,0.0
2026-06-14 20:15:00,63778.97,63931.71,63776.77,63885.54,389.0,1000,0.0
2026-06-14 20:30:00,63885.75,64061.52,63872.7,64002.71,535.0,1000,0.0
2026-06-14 20:45:00,64002.65,64051.77,63959.24,63969.54,361.0,1000,0.0
2026-06-14 21:00:00,63973.94,64079.11,63958.71,64067.74,378.0,1000,0.0
2026-06-14 21:15:00,64066.91,64964.84,64066.91,64735.02,3083.0,1000,0.0
2026-06-14 21:30:00,64751.18,65430.78,64637.7,65221.0,2829.0,1000,0.0
2026-06-14 21:45:00,65221.04,65644.83,65221.04,65278.55,2762.0,1000,0.0
2026-06-14 22:00:00,65286.87,65509.89,64913.51,65089.1,2955.0,1000,0.0
2026-06-14 22:15:00,65082.4,65226.88,64959.09,65167.18,1803.0,1000,0.0
2026-06-14 22:30:00,65169.58,65547.08,65132.31,65423.21,1658.0,1000,0.0
2026-06-14 22:45:00,65429.75,65465.61,65295.26,65382.39,1025.0,1000,0.0
2026-06-14 23:00:00,65384.98,65597.71,65216.02,65532.96,1312.0,1000,0.0
2026-06-14 23:15:00,65526.22,65713.36,65469.41,65638.44,1323.0,1000,0.0
2026-06-14 23:30:00,65640.21,65711.11,65483.03,65532.28,1116.0,1000,0.0
2026-06-14 23:45:00,65528.79,65772.55,65517.44,65701.62,928.0,1000,0.0
2026-06-15 00:00:00,65693.86,65879.77,65584.89,65845.33,1253.0,1000,0.0
2026-06-15 00:15:00,65846.07,65848.57,65627.11,65716.8,1235.0,1000,0.0
2026-06-15 00:30:00,65714.76,65735.68,65441.06,65513.36,977.0,1000,0.0
2026-06-15 00:45:00,65511.88,65609.2,65469.28,65591.56,655.0,1000,0.0
2026-06-15 01:00:00,65588.5,65596.95,65309.86,65477.48,963.0,1000,0.0
2026-06-15 01:15:00,65474.18,65494.15,65319.41,65360.23,744.0,1000,0.0
2026-06-15 01:30:00,65362.08,65704.38,65343.34,65673.94,898.0,1000,0.0
2026-06-15 01:45:00,65676.87,65676.87,65436.78,65485.73,621.0,1000,0.0
2026-06-15 02:00:00,65484.86,65629.51,65402.95,65619.07,752.0,1000,0.0
2026-06-15 02:15:00,65621.84,65751.18,65597.12,65609.85,731.0,1000,0.0
2026-06-15 02:30:00,65600.83,65640.64,65524.59,65524.59,464.0,1000,0.0
2026-06-15 02:45:00,65528.53,65544.74,65382.4,65422.0,568.0,1000,0.0
2026-06-15 03:00:00,65430.03,65703.17,65393.48,65694.57,714.0,1000,0.0
2026-06-15 03:15:00,65694.63,65707.19,65630.03,65687.45,457.0,1000,0.0
2026-06-15 03:30:00,65686.76,65887.97,65648.65,65865.71,609.0,1000,0.0
2026-06-15 03:45:00,65866.24,65986.16,65793.87,65888.95,874.0,1000,0.0
2026-06-15 04:00:00,65883.89,65891.14,65671.43,65691.34,666.0,1000,0.0
2026-06-15 04:15:00,65688.65,65745.34,65660.25,65687.17,457.0,1000,0.0
2026-06-15 04:30:00,65687.79,65712.29,65608.56,65649.41,501.0,1000,0.0
2026-06-15 04:45:00,65650.57,65674.9,65593.51,65605.08,482.0,1000,0.0
2026-06-15 05:00:00,65603.3,65659.04,65565.43,65658.5,435.0,1000,0.0
2026-06-15 05:15:00,65658.87,65836.67,65646.31,65793.27,629.0,1000,0.0
2026-06-15 05:30:00,65795.35,65803.13,65663.0,65680.99,494.0,1000,0.0
2026-06-15 05:45:00,65680.08,65829.57,65667.0,65814.73,378.0,1000,0.0
2026-06-15 06:00:00,65815.22,65883.26,65776.31,65847.44,518.0,1000,0.0
2026-06-15 06:15:00,65847.03,65923.72,65812.4,65895.43,518.0,1000,0.0
2026-06-15 06:30:00,65895.67,65914.72,65730.86,65775.09,588.0,1000,0.0
2026-06-15 06:45:00,65774.02,65850.46,65756.04,65767.54,447.0,1000,0.0
2026-06-15 07:00:00,65762.16,65829.93,65644.71,65774.29,608.0,1000,0.0
2026-06-15 07:15:00,65774.87,65973.89,65774.87,65914.52,665.0,1000,0.0
2026-06-15 07:30:00,65914.39,65914.39,65686.25,65704.31,476.0,1000,0.0
2026-06-15 07:45:00,65705.91,65745.52,65578.87,65635.19,564.0,1000,0.0
2026-06-15 08:00:00,65634.15,65717.48,65579.91,65694.56,434.0,1000,0.0
2026-06-15 08:15:00,65696.36,65716.57,65567.89,65634.84,474.0,1000,0.0
2026-06-15 08:30:00,65638.86,65758.83,65614.59,65721.1,422.0,1000,0.0
2026-06-15 08:45:00,65719.68,65761.57,65584.23,65614.63,463.0,1000,0.0
2026-06-15 09:00:00,65614.74,65677.65,65610.89,65640.03,327.0,1000,0.0
2026-06-15 09:15:00,65636.24,65741.33,65607.48,65610.25,457.0,1000,0.0
2026-06-15 09:30:00,65608.47,65621.01,65459.37,65538.07,534.0,1000,0.0
2026-06-15 09:45:00,65530.38,65589.84,65479.23,65546.4,446.0,1000,0.0
2026-06-15 10:00:00,65546.2,65719.96,65534.39,65692.37,453.0,1000,0.0
2026-06-15 10:15:00,65691.45,65719.18,65653.67,65677.73,356.0,1000,0.0
2026-06-15 10:30:00,65678.92,65720.08,65658.26,65714.34,294.0,1000,0.0
2026-06-15 10:45:00,65717.41,65936.75,65677.85,65877.67,1081.0,1000,0.0
2026-06-15 11:00:00,65877.23,65987.48,65803.12,65890.61,1025.0,1000,0.0
2026-06-15 11:15:00,65890.66,66350.2,65886.8,66224.13,2040.0,1000,0.0
2026-06-15 11:30:00,66224.37,66271.99,66087.54,66120.0,988.0,1000,0.0
2026-06-15 11:45:00,66121.42,66212.29,66078.59,66188.32,695.0,1000,0.0
2026-06-15 12:00:00,66196.95,66286.43,66051.86,66242.39,910.0,1000,0.0
2026-06-15 12:15:00,66243.6,66296.3,66139.61,66234.06,830.0,1000,0.0
2026-06-15 12:30:00,66235.21,66433.84,66143.27,66432.59,1002.0,1000,0.0
2026-06-15 12:45:00,66433.15,66574.27,66370.96,66528.38,1043.0,1000,0.0
2026-06-15 13:00:00,66529.33,66666.54,66437.38,66572.15,1388.0,1000,0.0
2026-06-15 13:15:00,66566.13,66916.85,66550.75,66803.2,1913.0,1000,0.0
2026-06-15 13:30:00,66801.7,66852.49,66429.34,66531.56,2200.0,1000,0.0
2026-06-15 13:45:00,66531.92,66616.1,66360.62,66402.34,1555.0,1000,0.0
2026-06-15 14:00:00,66403.21,66417.76,66240.86,66394.28,1505.0,1000,0.0
2026-06-15 14:15:00,66388.53,66517.3,66352.97,66515.58,1164.0,1000,0.0
2026-06-15 14:30:00,66517.35,66517.35,66372.52,66489.5,879.0,1000,0.0
2026-06-15 14:45:00,66493.14,66633.04,66486.16,66543.22,756.0,1000,0.0
2026-06-15 15:00:00,66540.35,66654.72,66529.01,66587.59,729.0,1000,0.0
2026-06-15 15:15:00,66584.63,66690.8,66543.85,66613.85,634.0,1000,0.0
2026-06-15 15:30:00,66617.08,66877.19,66564.04,66869.71,1164.0,1000,0.0
2026-06-15 15:45:00,66870.18,67254.92,66870.18,67252.22,1915.0,1000,0.0
2026-06-15 16:00:00,67255.34,67262.82,67058.35,67208.98,1190.0,1000,0.0
2026-06-15 16:15:00,67206.0,67237.0,67056.98,67155.8,1012.0,1000,0.0
2026-06-15 16:30:00,67151.85,67244.22,67112.36,67130.69,828.0,1000,0.0
2026-06-15 16:45:00,67132.71,67180.92,67051.09,67123.47,695.0,1000,0.0
2026-06-15 17:00:00,67120.42,67120.42,66726.09,66873.16,1209.0,1000,0.0
2026-06-15 17:15:00,66863.95,66952.12,66734.93,66785.76,769.0,1000,0.0
2026-06-15 17:30:00,66785.9,66900.37,66633.99,66845.92,848.0,1000,0.0
2026-06-15 17:45:00,66847.72,66915.11,66796.6,66824.67,632.0,1000,0.0
2026-06-15 18:00:00,66823.61,66904.63,66678.07,66778.74,927.0,1000,0.0
2026-06-15 18:15:00,66780.84,66858.8,66763.75,66790.07,637.0,1000,0.0
2026-06-15 18:30:00,66790.2,66844.45,66710.35,66770.06,631.0,1000,0.0
2026-06-15 18:45:00,66770.15,66891.38,66726.0,66729.51,636.0,1000,0.0
2026-06-15 19:00:00,66733.66,66861.97,66692.29,66832.93,614.0,1000,0.0
2026-06-15 19:15:00,66834.18,66862.49,66317.77,66504.9,1550.0,1000,0.0
2026-06-15 19:30:00,66504.66,66696.99,66495.94,66694.44,771.0,1000,0.0
2026-06-15 19:45:00,66701.77,66718.19,66460.11,66579.03,1011.0,1000,0.0
2026-06-15 20:00:00,66580.82,66606.05,66470.6,66534.34,760.0,1000,0.0
2026-06-15 20:15:00,66534.32,66570.64,66477.06,66544.78,566.0,1000,0.0
2026-06-15 20:30:00,66542.18,66662.68,66542.18,66553.17,526.0,1000,0.0
2026-06-15 20:45:00,66553.51,66553.51,66445.72,66493.87,498.0,1000,0.0
2026-06-15 21:00:00,66491.43,66501.63,66393.14,66486.4,551.0,1000,0.0
2026-06-15 21:15:00,66486.33,66530.06,66351.18,66380.79,454.0,1000,0.0
2026-06-15 21:30:00,66379.89,66445.72,66282.89,66390.03,623.0,1000,0.0
2026-06-15 21:45:00,66389.72,66411.61,66317.28,66339.25,549.0,1000,0.0
2026-06-15 22:00:00,66339.34,66439.62,66317.93,66320.72,535.0,1000,0.0
2026-06-15 22:15:00,66321.2,66379.5,66060.67,66123.05,1165.0,1000,0.0
2026-06-15 22:30:00,66123.69,66341.64,66063.72,66251.01,1029.0,1000,0.0
2026-06-15 22:45:00,66248.42,66294.0,66156.65,66162.12,1093.0,1000,0.0
2026-06-15 23:00:00,66162.19,66249.13,66139.64,66225.9,672.0,1000,0.0
2026-06-15 23:15:00,66222.08,66258.89,66104.16,66195.82,749.0,1000,0.0
2026-06-15 23:30:00,66197.32,66230.98,66068.76,66229.08,678.0,1000,0.0
2026-06-15 23:45:00,66229.34,66330.29,66195.76,66279.89,571.0,1000,0.0
2026-06-16 00:00:00,66279.36,66366.1,66226.2,66344.37,600.0,1000,0.0
2026-06-16 00:15:00,66345.56,66384.69,66193.74,66213.86,585.0,1000,0.0
2026-06-16 00:30:00,66207.16,66426.57,66198.73,66373.91,765.0,1000,0.0
2026-06-16 00:45:00,66373.97,66401.6,66192.46,66217.38,616.0,1000,0.0
2026-06-16 01:00:00,66217.64,66327.31,66197.99,66239.98,715.0,1000,0.0
2026-06-16 01:15:00,66238.47,66341.41,66216.3,66323.25,599.0,1000,0.0
2026-06-16 01:30:00,66322.37,66371.98,66307.81,66323.04,448.0,1000,0.0
2026-06-16 01:45:00,66320.19,66381.17,66279.41,66304.09,515.0,1000,0.0
2026-06-16 02:00:00,66304.26,66328.07,66007.18,66021.09,807.0,1000,0.0
2026-06-16 02:15:00,66020.34,66116.23,65716.74,65730.14,1078.0,1000,0.0
2026-06-16 02:30:00,65731.77,65883.85,65710.68,65843.19,1183.0,1000,0.0
2026-06-16 02:45:00,65846.17,65853.12,65643.54,65705.87,632.0,1000,0.0
2026-06-16 03:00:00,65710.0,65812.28,65635.6,65770.55,684.0,1000,0.0
2026-06-16 03:15:00,65775.03,65966.93,65591.5,65937.69,911.0,1000,0.0
2026-06-16 03:30:00,65936.3,66090.01,65924.96,66083.76,583.0,1000,0.0
2026-06-16 03:45:00,66083.66,66126.34,66040.1,66115.86,458.0,1000,0.0
2026-06-16 04:00:00,66122.65,66240.06,66083.84,66100.36,530.0,1000,0.0
2026-06-16 04:15:00,66099.41,66122.4,65933.06,65933.06,591.0,1000,0.0
2026-06-16 04:30:00,65932.2,65932.2,65760.23,65842.53,755.0,1000,0.0
2026-06-16 04:45:00,65838.17,65866.65,65770.5,65804.57,588.0,1000,0.0
2026-06-16 05:00:00,65808.27,66034.8,65805.77,65979.03,774.0,1000,0.0
2026-06-16 05:15:00,65975.21,66085.88,65921.74,66027.83,492.0,1000,0.0
2026-06-16 05:30:00,66028.3,66086.76,65964.28,66050.65,617.0,1000,0.0
2026-06-16 05:45:00,66050.79,66112.92,66007.48,66021.54,513.0,1000,0.0
2026-06-16 06:00:00,66018.53,66163.81,66014.72,66152.01,616.0,1000,0.0
2026-06-16 06:15:00,66149.19,66320.6,66110.13,66295.9,544.0,1000,0.0
2026-06-16 06:30:00,66295.53,66537.3,66244.84,66357.12,827.0,1000,0.0
2026-06-16 06:45:00,66355.65,66499.29,66348.34,66400.53,518.0,1000,0.0
2026-06-16 07:00:00,66402.25,66494.55,66296.56,66302.68,636.0,1000,0.0
2026-06-16 07:15:00,66304.2,66450.57,66269.23,66294.83,704.0,1000,0.0
2026-06-16 07:30:00,66294.31,66392.64,66269.02,66280.46,572.0,1000,0.0
2026-06-16 07:45:00,66284.05,66346.5,66258.6,66337.29,485.0,1000,0.0
2026-06-16 08:00:00,66337.29,66461.52,66298.88,66425.27,585.0,1000,0.0
2026-06-16 08:15:00,66434.69,66534.45,66332.7,66510.59,686.0,1000,0.0
2026-06-16 08:30:00,66507.88,66613.83,66457.39,66574.7,804.0,1000,0.0
2026-06-16 08:45:00,66574.6,66951.57,66516.0,66860.7,1434.0,1000,0.0
2026-06-16 09:00:00,66860.22,66874.88,66679.94,66723.93,946.0,1000,0.0
2026-06-16 09:15:00,66725.66,66725.66,66510.75,66571.31,707.0,1000,0.0
2026-06-16 09:30:00,66568.99,66697.53,66537.16,66659.69,625.0,1000,0.0
2026-06-16 09:45:00,66659.75,66691.6,66425.86,66469.29,689.0,1000,0.0
2026-06-16 10:00:00,66467.5,66554.99,66448.72,66503.59,550.0,1000,0.0
2026-06-16 10:15:00,66502.56,66744.99,66502.28,66617.11,718.0,1000,0.0
2026-06-16 10:30:00,66621.16,66630.55,66527.43,66569.93,544.0,1000,0.0
2026-06-16 10:45:00,66566.98,66586.64,66435.29,66459.09,628.0,1000,0.0
2026-06-16 11:00:00,66462.04,66602.22,66391.24,66470.75,605.0,1000,0.0
2026-06-16 11:15:00,66467.99,66542.02,66342.64,66424.68,661.0,1000,0.0
2026-06-16 11:30:00,66425.24,66442.78,66307.29,66365.38,480.0,1000,0.0
2026-06-16 11:45:00,66365.44,66445.02,66324.35,66439.19,580.0,1000,0.0
2026-06-16 12:00:00,66438.36,66523.59,66351.7,66506.92,835.0,1000,0.0
2026-06-16 12:15:00,66505.6,66639.3,66493.43,66539.71,1049.0,1000,0.0
2026-06-16 12:30:00,66540.78,66767.25,66387.6,66437.5,1576.0,1000,0.0
2026-06-16 12:45:00,66435.69,66455.29,66301.43,66371.45,1029.0,1000,0.0
2026-06-16 13:00:00,66369.29,66420.04,65955.08,66154.4,1578.0,1000,0.0
2026-06-16 13:15:00,66161.28,66224.92,65958.03,65964.79,1068.0,1000,0.0
2026-06-16 13:30:00,65961.67,66113.88,65864.64,66080.92,2199.0,1000,0.0
2026-06-16 13:45:00,66079.81,66153.9,65934.12,65988.37,1273.0,1000,0.0
2026-06-16 14:00:00,65987.85,66213.12,65952.62,65982.27,1513.0,1000,0.0
2026-06-16 14:15:00,65979.88,66020.9,65447.0,65516.88,2707.0,1000,0.0
2026-06-16 14:30:00,65490.16,65695.22,65301.52,65640.53,2213.0,1000,0.0
2026-06-16 14:45:00,65636.14,65730.12,65550.1,65606.67,1340.0,1000,0.0
2026-06-16 15:00:00,65608.01,65836.43,65554.08,65811.37,1424.0,1000,0.0
2026-06-16 15:15:00,65807.61,65856.89,65650.2,65763.35,1154.0,1000,0.0
2026-06-16 15:30:00,65766.44,65955.46,65751.13,65795.89,1163.0,1000,0.0
2026-06-16 15:45:00,65784.62,65940.97,65637.55,65816.9,1339.0,1000,0.0
2026-06-16 16:00:00,65814.06,65906.68,65703.5,65708.44,964.0,1000,0.0
2026-06-16 16:15:00,65716.51,65768.92,65662.08,65734.78,829.0,1000,0.0
2026-06-16 16:30:00,65732.76,65817.53,65648.03,65759.25,861.0,1000,0.0
2026-06-16 16:45:00,65759.62,65772.34,65637.26,65700.07,727.0,1000,0.0
2026-06-16 17:00:00,65702.13,65795.3,65671.51,65728.67,620.0,1000,0.0
2026-06-16 17:15:00,65730.72,65810.2,65643.48,65691.75,688.0,1000,0.0
2026-06-16 17:30:00,65688.85,65763.58,65645.89,65701.12,643.0,1000,0.0
2026-06-16 17:45:00,65694.01,65961.33,65670.83,65910.77,1059.0,1000,0.0
2026-06-16 18:00:00,65914.35,66198.85,65887.6,66068.23,1035.0,1000,0.0
2026-06-16 18:15:00,66065.16,66076.88,65806.56,65856.07,845.0,1000,0.0
2026-06-16 18:30:00,65854.82,65922.24,65729.25,65784.06,812.0,1000,0.0
2026-06-16 18:45:00,65785.86,65878.88,65755.62,65791.57,612.0,1000,0.0
2026-06-16 19:00:00,65790.21,65790.21,65581.73,65612.41,849.0,1000,0.0
2026-06-16 19:15:00,65612.22,65665.74,65491.08,65635.82,833.0,1000,0.0
2026-06-16 19:30:00,65639.6,65724.06,65527.61,65580.61,758.0,1000,0.0
2026-06-16 19:45:00,65581.72,65669.32,65490.29,65617.77,822.0,1000,0.0
2026-06-16 20:00:00,65616.07,65702.92,65522.71,65701.33,651.0,1000,0.0
2026-06-16 20:15:00,65699.4,65786.6,65626.8,65663.38,502.0,1000,0.0
2026-06-16 20:30:00,65663.17,65785.06,65651.48,65778.16,484.0,1000,0.0
2026-06-16 20:45:00,65778.9,65806.78,65757.03,65789.44,298.0,1000,0.0
2026-06-16 21:00:00,65790.26,65884.4,65769.72,65850.91,532.0,1000,0.0
2026-06-16 21:15:00,65848.99,65857.85,65644.94,65669.52,388.0,1000,0.0
2026-06-16 21:30:00,65667.4,65695.33,65568.04,65658.69,450.0,1000,0.0
2026-06-16 21:45:00,65666.0,65723.08,65632.35,65711.15,414.0,1000,0.0
2026-06-16 22:00:00,65711.08,65820.07,65643.08,65777.11,480.0,1000,0.0
2026-06-16 22:15:00,65779.68,65821.63,65649.48,65707.49,500.0,1000,0.0
2026-06-16 22:30:00,65701.57,65723.3,65631.54,65659.92,430.0,1000,0.0
2026-06-16 22:45:00,65651.98,65730.28,65612.25,65710.86,414.0,1000,0.0
2026-06-16 23:00:00,65718.09,65778.48,65656.49,65696.07,455.0,1000,0.0
2026-06-16 23:15:00,65691.15,65696.41,65580.13,65668.83,440.0,1000,0.0
2026-06-16 23:30:00,65665.84,65715.17,65639.21,65648.65,414.0,1000,0.0
2026-06-16 23:45:00,65643.83,65654.85,65548.77,65614.7,505.0,1000,0.0
2026-06-17 00:00:00,65613.06,65744.59,65613.06,65685.57,496.0,1000,0.0
2026-06-17 00:15:00,65685.54,65732.02,65638.82,65668.17,552.0,1000,0.0
2026-06-17 00:30:00,65668.93,65781.08,65627.94,65763.34,560.0,1000,0.0
2026-06-17 00:45:00,65763.37,65790.71,65633.19,65649.46,492.0,1000,0.0
2026-06-17 01:00:00,65652.2,65768.65,65615.71,65734.63,673.0,1000,0.0
2026-06-17 01:15:00,65734.56,65734.56,65403.84,65529.48,945.0,1000,0.0
2026-06-17 01:30:00,65530.3,65759.6,65475.63,65699.39,778.0,1000,0.0
2026-06-17 01:45:00,65699.32,65902.05,65699.32,65871.63,730.0,1000,0.0
2026-06-17 02:00:00,65874.3,65887.38,65771.4,65835.09,565.0,1000,0.0
2026-06-17 02:15:00,65836.31,66069.63,65808.69,66045.15,813.0,1000,0.0
2026-06-17 02:30:00,66048.14,66052.83,65724.67,65802.76,731.0,1000,0.0
2026-06-17 02:45:00,65802.7,65857.71,65767.03,65849.51,592.0,1000,0.0
2026-06-17 03:00:00,65847.24,65850.94,65740.66,65754.11,472.0,1000,0.0
2026-06-17 03:15:00,65755.49,65758.84,65641.21,65715.98,571.0,1000,0.0
2026-06-17 03:30:00,65713.38,65823.76,65713.38,65741.65,476.0,1000,0.0
2026-06-17 03:45:00,65743.3,65799.28,65702.1,65791.59,450.0,1000,0.0
2026-06-17 04:00:00,65793.78,65840.7,65752.94,65781.07,477.0,1000,0.0
2026-06-17 04:15:00,65780.67,65851.58,65722.61,65831.36,456.0,1000,0.0
2026-06-17 04:30:00,65830.4,65884.98,65795.17,65858.77,357.0,1000,0.0
2026-06-17 04:45:00,65858.54,65987.86,65820.0,65820.0,509.0,1000,0.0
2026-06-17 05:00:00,65821.72,65921.94,65720.3,65742.35,551.0,1000,0.0
2026-06-17 05:15:00,65742.19,65800.5,65676.3,65781.17,461.0,1000,0.0
2026-06-17 05:30:00,65780.77,65864.05,65752.81,65844.11,441.0,1000,0.0
2026-06-17 05:45:00,65841.67,65867.23,65700.49,65765.19,457.0,1000,0.0
2026-06-17 06:00:00,65765.16,65804.56,65721.86,65790.34,445.0,1000,0.0
2026-06-17 06:15:00,65788.71,65844.23,65582.13,65585.41,470.0,1000,0.0
2026-06-17 06:30:00,65588.6,65675.94,65508.7,65581.53,671.0,1000,0.0
2026-06-17 06:45:00,65580.4,65614.37,65537.55,65563.78,456.0,1000,0.0
2026-06-17 07:00:00,65554.27,65642.15,65487.83,65631.06,623.0,1000,0.0
2026-06-17 07:15:00,65631.81,65649.62,65405.71,65498.22,712.0,1000,0.0
2026-06-17 07:30:00,65498.78,65518.49,65414.62,65468.43,599.0,1000,0.0
2026-06-17 07:45:00,65468.53,65538.0,65173.46,65469.59,1055.0,1000,0.0
2026-06-17 08:00:00,65465.15,65514.04,65267.9,65277.96,815.0,1000,0.0
2026-06-17 08:15:00,65278.4,65333.95,65177.74,65255.18,830.0,1000,0.0
2026-06-17 08:30:00,65259.44,65259.44,64845.39,64856.59,1494.0,1000,0.0
2026-06-17 08:45:00,64858.15,64962.27,64772.3,64867.81,1020.0,1000,0.0
2026-06-17 09:00:00,64866.52,64974.35,64840.35,64913.96,814.0,1000,0.0
2026-06-17 09:15:00,64918.33,65018.59,64862.54,64986.59,599.0,1000,0.0
2026-06-17 09:30:00,64981.62,65008.18,64859.27,64889.33,562.0,1000,0.0
2026-06-17 09:45:00,64890.43,64944.56,64775.09,64853.13,636.0,1000,0.0
2026-06-17 10:00:00,64854.34,64935.99,64740.27,64824.93,772.0,1000,0.0
2026-06-17 10:15:00,64828.49,64919.8,64794.95,64885.1,664.0,1000,0.0
2026-06-17 10:30:00,64885.52,64917.57,64803.74,64858.17,521.0,1000,0.0
2026-06-17 10:45:00,64856.77,64888.45,64702.23,64748.96,655.0,1000,0.0
2026-06-17 11:00:00,64746.31,64797.92,64500.97,64547.18,1285.0,1000,0.0
2026-06-17 11:15:00,64547.19,64686.38,64494.71,64636.09,1045.0,1000,0.0
2026-06-17 11:30:00,64637.35,64746.25,64602.64,64745.96,760.0,1000,0.0
2026-06-17 11:45:00,64741.82,64823.4,64741.3,64751.03,599.0,1000,0.0
2026-06-17 12:00:00,64750.38,64824.19,64695.11,64801.46,720.0,1000,0.0
2026-06-17 12:15:00,64802.46,64802.46,64587.12,64637.5,1107.0,1000,0.0
2026-06-17 12:30:00,64638.57,64869.3,64531.17,64855.14,1041.0,1000,0.0
2026-06-17 12:45:00,64861.6,65060.37,64861.6,64980.92,744.0,1000,0.0
2026-06-17 13:00:00,64980.07,65034.95,64913.16,65019.31,749.0,1000,0.0
2026-06-17 13:15:00,65017.78,65019.25,64805.57,64864.56,775.0,1000,0.0
2026-06-17 13:30:00,64860.79,65285.96,64777.99,65228.09,1756.0,1000,0.0
2026-06-17 13:45:00,65234.51,65320.46,65171.77,65220.06,1367.0,1000,0.0
2026-06-17 14:00:00,65217.26,65308.86,65074.39,65291.98,1381.0,1000,0.0
2026-06-17 14:15:00,65292.38,65420.47,65081.6,65187.64,1275.0,1000,0.0
2026-06-17 14:30:00,65198.42,65241.01,64989.65,65048.02,1277.0,1000,0.0
2026-06-17 14:45:00,65050.69,65240.85,64697.62,65053.64,2352.0,1000,0.0
2026-06-17 15:00:00,65052.74,65193.59,64922.91,65173.14,1353.0,1000,0.0
2026-06-17 15:15:00,65173.55,65376.64,65138.09,65281.88,1261.0,1000,0.0
2026-06-17 15:30:00,65283.52,65479.03,65206.39,65448.52,1206.0,1000,0.0
2026-06-17 15:45:00,65449.03,65809.54,65419.98,65691.47,1476.0,1000,0.0
2026-06-17 16:00:00,65691.04,65841.24,65659.94,65800.61,1112.0,1000,0.0
2026-06-17 16:15:00,65798.3,66400.2,65759.35,66197.0,2019.0,1000,0.0
2026-06-17 16:30:00,66199.13,66258.03,65848.86,65907.87,1484.0,1000,0.0
2026-06-17 16:45:00,65909.73,65964.59,65785.6,65816.83,923.0,1000,0.0
2026-06-17 17:00:00,65817.45,65934.16,65733.9,65801.28,1045.0,1000,0.0
2026-06-17 17:15:00,65802.61,65968.76,65771.62,65909.67,782.0,1000,0.0
2026-06-17 17:30:00,65917.63,65965.22,65784.32,65813.55,733.0,1000,0.0
2026-06-17 17:45:00,65813.65,66149.38,65758.85,66041.32,1242.0,1000,0.0
2026-06-17 18:00:00,66045.69,66066.13,64744.83,65246.74,6012.0,1000,0.0
2026-06-17 18:15:00,65246.66,65497.41,65215.47,65350.62,2471.0,1000,0.0
2026-06-17 18:30:00,65350.72,66021.38,65220.93,65996.39,4932.0,1000,0.0
2026-06-17 18:45:00,65995.32,65998.59,65308.49,65463.25,2820.0,1000,0.0
2026-06-17 19:00:00,65463.73,65610.49,65033.16,65306.52,2922.0,1000,0.0
2026-06-17 19:15:00,65316.6,65335.85,64285.39,64428.05,4371.0,1000,0.0
2026-06-17 19:30:00,64417.08,64630.19,64091.81,64128.62,4247.0,1000,0.0
2026-06-17 19:45:00,64130.06,64272.4,63989.2,64246.03,2794.0,1000,0.0
2026-06-17 20:00:00,64248.21,64409.69,64143.75,64169.17,1709.0,1000,0.0
2026-06-17 20:15:00,64169.6,64406.26,64150.56,64316.68,1079.0,1000,0.0
2026-06-17 20:30:00,64317.76,64440.59,64174.37,64175.97,860.0,1000,0.0
2026-06-17 20:45:00,64175.57,64384.0,64108.88,64377.6,764.0,1000,0.0
2026-06-17 21:00:00,64379.74,64399.74,64197.91,64270.75,729.0,1000,0.0
2026-06-17 21:15:00,64269.68,64333.71,64203.37,64209.2,570.0,1000,0.0
2026-06-17 21:30:00,64211.32,64357.14,64095.19,64125.98,597.0,1000,0.0
2026-06-17 21:45:00,64123.08,64226.53,64073.35,64199.51,686.0,1000,0.0
2026-06-17 22:00:00,64199.6,64201.39,63850.94,64044.48,1416.0,1000,0.0
2026-06-17 22:15:00,64042.58,64320.63,64002.52,64302.28,786.0,1000,0.0
2026-06-17 22:30:00,64303.89,64382.44,64177.42,64215.27,667.0,1000,0.0
2026-06-17 22:45:00,64215.2,64360.61,64200.43,64239.29,565.0,1000,0.0
2026-06-17 23:00:00,64247.32,64353.57,64185.86,64264.87,664.0,1000,0.0
2026-06-17 23:15:00,64265.6,64470.4,64265.6,64443.84,691.0,1000,0.0
2026-06-17 23:30:00,64444.32,64469.92,64338.9,64386.07,547.0,1000,0.0
2026-06-17 23:45:00,64385.03,64463.04,64337.51,64442.86,571.0,1000,0.0
2026-06-18 00:00:00,64445.61,64602.24,64421.13,64580.3,780.0,1000,0.0
2026-06-18 00:15:00,64585.57,64651.74,64479.22,64530.53,684.0,1000,0.0
2026-06-18 00:30:00,64531.95,64642.89,64439.3,64526.92,778.0,1000,0.0
2026-06-18 00:45:00,64523.13,64561.48,64386.32,64398.91,597.0,1000,0.0
2026-06-18 01:00:00,64398.21,64751.28,64393.52,64682.49,1052.0,1000,0.0
2026-06-18 01:15:00,64684.09,64687.87,64560.32,64606.61,636.0,1000,0.0
2026-06-18 01:30:00,64606.38,64697.01,64537.94,64560.34,607.0,1000,0.0
2026-06-18 01:45:00,64558.23,64558.23,64414.93,64493.16,556.0,1000,0.0
2026-06-18 02:00:00,64496.96,64622.34,64462.13,64505.46,645.0,1000,0.0
2026-06-18 02:15:00,64502.08,64683.61,64414.15,64638.64,721.0,1000,0.0
2026-06-18 02:30:00,64638.74,64712.12,64610.42,64703.53,518.0,1000,0.0
2026-06-18 02:45:00,64705.82,64721.66,64608.91,64621.4,485.0,1000,0.0
2026-06-18 03:00:00,64619.33,64622.12,64453.15,64461.69,511.0,1000,0.0
2026-06-18 03:15:00,64466.23,64476.35,64241.09,64246.71,693.0,1000,0.0
2026-06-18 03:30:00,64248.64,64335.51,64192.68,64256.39,739.0,1000,0.0
2026-06-18 03:45:00,64246.16,64343.91,64207.13,64225.06,528.0,1000,0.0
2026-06-18 04:00:00,64223.98,64270.65,63755.11,63877.28,1486.0,1000,0.0
2026-06-18 04:15:00,63877.4,64042.24,63787.76,63874.48,1236.0,1000,0.0
2026-06-18 04:30:00,63875.89,63922.07,63809.31,63809.31,824.0,1000,0.0
2026-06-18 04:45:00,63810.62,63908.45,63758.38,63811.71,824.0,1000,0.0
2026-06-18 05:00:00,63811.8,63910.54,63616.75,63856.87,1527.0,1000,0.0
2026-06-18 05:15:00,63857.21,63938.27,63837.0,63851.33,739.0,1000,0.0
2026-06-18 05:30:00,63853.11,63961.49,63777.11,63856.06,792.0,1000,0.0
2026-06-18 05:45:00,63856.99,63938.81,63806.22,63923.31,619.0,1000,0.0
2026-06-18 06:00:00,63923.87,64015.1,63806.11,63887.27,843.0,1000,0.0
2026-06-18 06:15:00,63894.16,63930.86,63770.75,63923.87,564.0,1000,0.0
2026-06-18 06:30:00,63917.2,64033.25,63895.65,64028.48,596.0,1000,0.0
2026-06-18 06:45:00,64029.45,64061.19,63982.0,64010.75,474.0,1000,0.0
2026-06-18 07:00:00,64018.07,64038.34,63941.27,64019.52,545.0,1000,0.0
2026-06-18 07:15:00,64017.27,64252.13,64001.64,64224.47,638.0,1000,0.0
2026-06-18 07:30:00,64225.91,64392.92,64181.45,64371.6,630.0,1000,0.0
2026-06-18 07:45:00,64369.63,64450.55,64350.38,64433.77,591.0,1000,0.0
2026-06-18 08:00:00,64441.32,64595.68,64310.11,64484.43,988.0,1000,0.0
2026-06-18 08:15:00,64480.51,64549.23,64444.98,64517.71,596.0,1000,0.0
2026-06-18 08:30:00,64517.45,64550.28,64451.82,64454.88,661.0,1000,0.0
2026-06-18 08:45:00,64450.54,64468.32,64311.7,64337.34,605.0,1000,0.0
2026-06-18 09:00:00,64336.54,64343.18,64250.45,64333.48,611.0,1000,0.0
2026-06-18 09:15:00,64333.39,64426.56,64176.52,64198.22,672.0,1000,0.0
2026-06-18 09:30:00,64197.2,64259.65,64150.83,64234.65,534.0,1000,0.0
2026-06-18 09:45:00,64238.49,64275.21,64134.94,64146.94,449.0,1000,0.0
2026-06-18 10:00:00,64147.67,64149.35,63936.4,63962.6,627.0,1000,0.0
2026-06-18 10:15:00,63962.04,63999.41,63852.56,63911.84,703.0,1000,0.0
2026-06-18 10:30:00,63911.94,64028.81,63884.57,63952.53,672.0,1000,0.0
2026-06-18 10:45:00,63955.76,64174.58,63941.12,64029.47,625.0,1000,0.0
2026-06-18 11:00:00,64030.23,64151.27,63944.63,63971.07,761.0,1000,0.0
2026-06-18 11:15:00,63972.91,64032.74,63850.82,64013.27,678.0,1000,0.0
2026-06-18 11:30:00,64014.46,64030.78,63823.77,63917.27,730.0,1000,0.0
2026-06-18 11:45:00,63914.95,63980.78,63819.66,63903.18,534.0,1000,0.0
2026-06-18 12:00:00,63913.31,63984.6,63859.02,63949.01,783.0,1000,0.0
2026-06-18 12:15:00,63947.96,64140.98,63920.18,64135.63,843.0,1000,0.0
2026-06-18 12:30:00,64146.74,64207.17,64062.1,64188.78,852.0,1000,0.0
2026-06-18 12:45:00,64186.37,64349.35,64186.37,64306.69,693.0,1000,0.0
2026-06-18 13:00:00,64306.63,64385.66,64219.84,64337.4,710.0,1000,0.0
2026-06-18 13:15:00,64336.97,64383.04,64257.11,64285.79,744.0,1000,0.0
2026-06-18 13:30:00,64282.18,64316.81,63802.55,63806.32,1937.0,1000,0.0
2026-06-18 13:45:00,63811.69,64099.82,63709.13,63915.98,1976.0,1000,0.0
2026-06-18 14:00:00,63916.31,64006.14,63644.56,63706.08,2400.0,1000,0.0
2026-06-18 14:15:00,63706.0,64138.14,63631.81,63743.65,2101.0,1000,0.0
2026-06-18 14:30:00,63743.37,64004.44,63680.8,63799.75,1788.0,1000,0.0
2026-06-18 14:45:00,63800.12,63922.83,63513.08,63736.36,1755.0,1000,0.0
2026-06-18 15:00:00,63736.19,63753.08,63480.89,63480.89,1718.0,1000,0.0
2026-06-18 15:15:00,63481.19,63529.09,63109.47,63167.99,2749.0,1000,0.0
2026-06-18 15:30:00,63171.79,63307.93,62602.76,62706.57,3188.0,1000,0.0
2026-06-18 15:45:00,62708.12,62814.9,62211.83,62302.21,3224.0,1000,0.0
2026-06-18 16:00:00,62298.15,62658.68,62263.91,62561.47,2011.0,1000,0.0
2026-06-18 16:15:00,62561.74,62694.39,62440.63,62527.94,1414.0,1000,0.0
2026-06-18 16:30:00,62529.44,62699.88,62429.69,62642.68,1314.0,1000,0.0
2026-06-18 16:45:00,62642.89,62747.81,62556.75,62616.88,972.0,1000,0.0
2026-06-18 17:00:00,62617.63,62628.63,62321.14,62424.01,1054.0,1000,0.0
2026-06-18 17:15:00,62415.57,62573.19,62180.46,62488.07,1365.0,1000,0.0
2026-06-18 17:30:00,62488.37,62671.02,62426.85,62559.27,1277.0,1000,0.0
2026-06-18 17:45:00,62557.09,62640.5,62423.37,62523.59,719.0,1000,0.0
2026-06-18 18:00:00,62524.65,62664.17,62492.93,62620.83,952.0,1000,0.0
2026-06-18 18:15:00,62620.14,62880.86,62525.02,62765.71,1126.0,1000,0.0
2026-06-18 18:30:00,62764.94,62764.94,62583.05,62684.19,1000.0,1000,0.0
2026-06-18 18:45:00,62684.94,62813.79,62536.74,62618.36,863.0,1000,0.0
2026-06-18 19:00:00,62623.63,62660.9,62546.6,62606.83,767.0,1000,0.0
2026-06-18 19:15:00,62604.7,62731.8,62555.85,62692.27,704.0,1000,0.0
2026-06-18 19:30:00,62697.88,62930.23,62684.53,62886.25,671.0,1000,0.0
2026-06-18 19:45:00,62883.92,62934.85,62825.03,62879.88,872.0,1000,0.0
2026-06-18 20:00:00,62891.63,63153.55,62883.61,63092.25,1099.0,1000,0.0
2026-06-18 20:15:00,63087.42,63205.79,63020.24,63044.15,702.0,1000,0.0
2026-06-18 20:30:00,63046.75,63106.1,62967.23,63063.24,561.0,1000,0.0
2026-06-18 20:45:00,63066.01,63067.0,62961.01,63022.94,427.0,1000,0.0
2026-06-18 21:00:00,63021.91,63055.96,62840.42,62850.5,496.0,1000,0.0
2026-06-18 21:15:00,62843.82,62979.88,62789.21,62886.59,635.0,1000,0.0
2026-06-18 21:30:00,62885.61,62921.08,62787.0,62848.62,503.0,1000,0.0
2026-06-18 21:45:00,62846.43,62931.34,62812.66,62893.29,468.0,1000,0.0
2026-06-18 22:00:00,62893.68,62924.63,62838.32,62859.6,487.0,1000,0.0
2026-06-18 22:15:00,62857.54,62862.15,62701.14,62771.44,566.0,1000,0.0
2026-06-18 22:30:00,62773.06,62791.48,62665.46,62752.14,449.0,1000,0.0
2026-06-18 22:45:00,62752.07,62830.8,62712.04,62820.61,444.0,1000,0.0
2026-06-18 23:00:00,62814.16,62872.18,62676.08,62691.51,624.0,1000,0.0
2026-06-18 23:15:00,62688.73,62814.85,62684.19,62809.28,446.0,1000,0.0
2026-06-18 23:30:00,62814.36,62885.94,62807.53,62838.96,452.0,1000,0.0
2026-06-18 23:45:00,62837.94,62921.0,62784.85,62877.01,508.0,1000,0.0
2026-06-19 00:00:00,62877.02,62922.05,62764.02,62792.42,670.0,1000,0.0
2026-06-19 00:15:00,62793.31,62933.9,62770.45,62897.49,613.0,1000,0.0
2026-06-19 00:30:00,62895.79,62992.17,62880.91,62992.17,513.0,1000,0.0
2026-06-19 00:45:00,62997.24,63022.98,62896.38,62953.37,474.0,1000,0.0
2026-06-19 01:00:00,62952.92,63020.24,62818.17,62902.24,620.0,1000,0.0
2026-06-19 01:15:00,62901.71,63034.95,62846.46,62863.88,658.0,1000,0.0
2026-06-19 01:30:00,62865.23,62890.53,62773.35,62840.67,539.0,1000,0.0
2026-06-19 01:45:00,62837.81,62970.6,62837.81,62955.52,377.0,1000,0.0
2026-06-19 02:00:00,62962.57,63047.61,62937.58,62953.07,496.0,1000,0.0
2026-06-19 02:15:00,62958.14,63001.7,62878.68,62887.36,539.0,1000,0.0
2026-06-19 02:30:00,62885.39,62960.46,62839.79,62869.5,429.0,1000,0.0
2026-06-19 02:45:00,62865.86,62956.45,62816.31,62928.53,465.0,1000,0.0
2026-06-19 03:00:00,62933.72,62964.86,62643.64,62674.52,648.0,1000,0.0
2026-06-19 03:15:00,62675.51,62790.03,62306.13,62767.47,1834.0,1000,0.0
2026-06-19 03:30:00,62764.79,62767.81,62538.78,62631.85,906.0,1000,0.0
2026-06-19 03:45:00,62632.37,62752.47,62561.71,62704.47,623.0,1000,0.0
2026-06-19 04:00:00,62706.25,62819.58,62544.8,62808.92,752.0,1000,0.0
2026-06-19 04:15:00,62806.17,62855.59,62642.19,62659.67,698.0,1000,0.0
2026-06-19 04:30:00,62661.16,62666.95,62457.86,62553.86,908.0,1000,0.0
2026-06-19 04:45:00,62555.28,62616.75,62344.05,62391.14,893.0,1000,0.0
2026-06-19 05:00:00,62393.34,62608.73,62384.69,62603.19,774.0,1000,0.0
2026-06-19 05:15:00,62604.78,62605.4,62502.83,62545.17,615.0,1000,0.0
2026-06-19 05:30:00,62549.87,62620.98,62488.38,62591.31,683.0,1000,0.0
2026-06-19 05:45:00,62590.76,62687.31,62580.49,62672.15,464.0,1000,0.0
2026-06-19 06:00:00,62671.9,62797.8,62652.9,62789.61,568.0,1000,0.0
2026-06-19 06:15:00,62791.39,62800.21,62691.3,62767.6,497.0,1000,0.0
2026-06-19 06:30:00,62767.78,62823.16,62662.34,62766.01,492.0,1000,0.0
2026-06-19 06:45:00,62754.82,62860.71,62700.34,62828.65,515.0,1000,0.0
2026-06-19 07:00:00,62829.78,62868.56,62713.17,62713.17,455.0,1000,0.0
2026-06-19 07:15:00,62712.01,62774.93,62641.91,62681.48,568.0,1000,0.0
2026-06-19 07:30:00,62682.16,62769.72,62433.7,62490.78,852.0,1000,0.0
2026-06-19 07:45:00,62492.4,62619.37,62442.96,62562.58,646.0,1000,0.0
2026-06-19 08:00:00,62565.3,62616.12,62469.69,62600.87,578.0,1000,0.0
2026-06-19 08:15:00,62602.78,62662.85,62540.79,62611.97,572.0,1000,0.0
2026-06-19 08:30:00,62614.08,62726.32,62514.07,62588.05,712.0,1000,0.0
2026-06-19 08:45:00,62587.21,62612.09,62497.54,62543.1,456.0,1000,0.0
2026-06-19 09:00:00,62546.45,62592.51,62250.91,62361.6,861.0,1000,0.0
2026-06-19 09:15:00,62358.81,62411.49,62239.87,62312.9,716.0,1000,0.0
2026-06-19 09:30:00,62320.21,62433.13,62320.21,62356.21,742.0,1000,0.0
2026-06-19 09:45:00,62351.82,62373.18,62264.96,62318.85,692.0,1000,0.0
2026-06-19 10:00:00,62313.59,62490.15,62311.57,62484.63,659.0,1000,0.0
2026-06-19 10:15:00,62486.05,62486.05,62360.41,62445.76,638.0,1000,0.0
2026-06-19 10:30:00,62445.7,62445.7,62345.51,62354.71,679.0,1000,0.0
2026-06-19 10:45:00,62355.91,62536.32,62336.88,62469.81,607.0,1000,0.0
2026-06-19 11:00:00,62467.57,62512.88,62381.09,62437.05,593.0,1000,0.0
2026-06-19 11:15:00,62429.12,62625.17,62397.72,62578.17,736.0,1000,0.0
2026-06-19 11:30:00,62578.05,62624.7,62521.46,62592.37,472.0,1000,0.0
2026-06-19 11:45:00,62589.87,62626.19,62538.05,62560.09,455.0,1000,0.0
2026-06-19 12:00:00,62566.87,62628.16,62537.51,62558.71,489.0,1000,0.0
2026-06-19 12:15:00,62556.77,62556.77,62419.16,62494.75,527.0,1000,0.0
2026-06-19 12:30:00,62489.09,62547.87,62333.77,62450.86,919.0,1000,0.0
2026-06-19 12:45:00,62451.22,62817.64,62286.08,62777.37,1921.0,1000,0.0
2026-06-19 13:00:00,62780.27,62932.8,62687.63,62723.2,1294.0,1000,0.0
2026-06-19 13:15:00,62719.55,62755.55,62599.62,62730.85,764.0,1000,0.0
2026-06-19 13:30:00,62724.6,63057.82,62682.56,63030.11,1139.0,1000,0.0
2026-06-19 13:45:00,63032.1,63368.32,63015.38,63148.7,1901.0,1000,0.0
2026-06-19 14:00:00,63146.62,63208.15,62977.37,63033.68,1125.0,1000,0.0
2026-06-19 14:15:00,63032.51,63234.95,62943.27,63205.85,930.0,1000,0.0
2026-06-19 14:30:00,63221.03,63357.52,63108.45,63242.66,942.0,1000,0.0
2026-06-19 14:45:00,63251.19,63314.77,63127.43,63144.05,770.0,1000,0.0
2026-06-19 15:00:00,63139.4,63203.87,63053.2,63124.51,825.0,1000,0.0
2026-06-19 15:15:00,63127.68,63160.1,62960.75,63003.96,839.0,1000,0.0
2026-06-19 15:30:00,63002.45,63238.21,63002.45,63180.37,799.0,1000,0.0
2026-06-19 15:45:00,63185.44,63226.8,63132.35,63161.1,747.0,1000,0.0
2026-06-19 16:00:00,63150.72,63336.92,63029.43,63318.03,818.0,1000,0.0
2026-06-19 16:15:00,63313.61,63329.97,63203.14,63249.0,893.0,1000,0.0
2026-06-19 16:30:00,63245.23,63321.13,63178.82,63184.7,721.0,1000,0.0
2026-06-19 16:45:00,63179.36,63185.38,62860.01,62915.52,891.0,1000,0.0
2026-06-19 17:00:00,62913.61,62970.27,62819.4,62941.6,823.0,1000,0.0
2026-06-19 17:15:00,62940.43,63064.67,62803.34,62867.03,802.0,1000,0.0
2026-06-19 17:30:00,62867.54,63055.79,62848.32,63037.33,830.0,1000,0.0
2026-06-19 17:45:00,63034.81,63176.5,62974.32,63126.57,812.0,1000,0.0
2026-06-19 18:00:00,63132.06,63144.36,63047.04,63100.47,550.0,1000,0.0
2026-06-19 18:15:00,63103.92,63111.57,63042.49,63058.05,462.0,1000,0.0
2026-06-19 18:30:00,63063.54,63133.1,62926.93,62998.05,684.0,1000,0.0
2026-06-19 18:45:00,63000.37,63087.75,62948.13,63048.49,473.0,1000,0.0
2026-06-19 19:00:00,63041.44,63061.17,62941.86,62998.93,532.0,1000,0.0
2026-06-19 19:15:00,62997.13,63007.69,62879.95,62932.51,479.0,1000,0.0
2026-06-19 19:30:00,62932.99,62974.59,62899.63,62945.51,409.0,1000,0.0
2026-06-19 19:45:00,62939.38,63088.91,62929.52,62973.09,597.0,1000,0.0
2026-06-19 20:00:00,62974.97,63028.75,62951.58,63025.9,491.0,1000,0.0
2026-06-19 20:15:00,63023.89,63026.66,62895.5,63021.18,432.0,1000,0.0
2026-06-19 20:30:00,63020.47,63047.93,62967.41,63035.53,473.0,1000,0.0
2026-06-19 20:45:00,63037.56,63221.08,63027.46,63181.68,569.0,1000,0.0
2026-06-19 21:00:00,63184.0,63217.33,63088.77,63200.67,476.0,1000,0.0
2026-06-19 21:15:00,63201.71,63201.71,63100.0,63102.63,392.0,1000,0.0
2026-06-19 21:30:00,63103.26,63116.25,63029.04,63034.83,420.0,1000,0.0
2026-06-19 21:45:00,63034.91,63080.45,62991.85,63024.32,673.0,1000,0.0
2026-06-19 22:00:00,63018.97,63051.97,62985.22,63038.92,385.0,1000,0.0
2026-06-19 22:15:00,63034.26,63245.47,63034.26,63208.31,388.0,1000,0.0
2026-06-19 22:30:00,63207.52,63281.82,63163.47,63259.86,439.0,1000,0.0
2026-06-19 22:45:00,63258.54,63308.69,63230.58,63259.88,381.0,1000,0.0
2026-06-19 23:00:00,63260.6,63278.92,63208.02,63230.38,291.0,1000,0.0
2026-06-19 23:15:00,63233.52,63277.75,63212.33,63254.8,291.0,1000,0.0
2026-06-19 23:30:00,63253.84,63309.33,63238.4,63269.59,372.0,1000,0.0
2026-06-19 23:45:00,63270.81,63619.17,63233.66,63480.64,1045.0,1000,0.0
2026-06-20 00:00:00,63481.02,63552.14,63399.92,63460.57,789.0,1000,0.0
2026-06-20 00:15:00,63459.35,63592.89,63409.45,63561.2,595.0,1000,0.0
2026-06-20 00:30:00,63555.97,63722.4,63474.35,63549.33,912.0,1000,0.0
2026-06-20 00:45:00,63547.05,63551.67,63449.44,63471.24,536.0,1000,0.0
2026-06-20 01:00:00,63468.53,63491.88,63370.79,63397.98,470.0,1000,0.0
2026-06-20 01:15:00,63399.07,63464.59,63339.64,63444.06,524.0,1000,0.0
2026-06-20 01:30:00,63442.4,63566.42,63441.89,63513.02,608.0,1000,0.0
2026-06-20 01:45:00,63517.99,63532.54,63483.83,63523.86,408.0,1000,0.0
2026-06-20 02:00:00,63507.76,63520.97,63405.3,63416.8,471.0,1000,0.0
2026-06-20 02:15:00,63413.93,63413.93,63324.25,63356.27,494.0,1000,0.0
2026-06-20 02:30:00,63358.43,63439.97,63301.31,63337.44,590.0,1000,0.0
2026-06-20 02:45:00,63339.42,63370.82,63270.81,63277.22,404.0,1000,0.0
2026-06-20 03:00:00,63278.44,63329.7,63257.09,63295.58,408.0,1000,0.0
2026-06-20 03:15:00,63295.71,63400.16,63295.71,63393.93,387.0,1000,0.0
2026-06-20 03:30:00,63393.58,63456.77,63351.1,63424.5,369.0,1000,0.0
2026-06-20 03:45:00,63423.69,63438.3,63369.97,63412.1,305.0,1000,0.0
2026-06-20 04:00:00,63416.59,63416.59,63336.61,63371.61,376.0,1000,0.0
2026-06-20 04:15:00,63371.14,63507.11,63357.16,63493.67,403.0,1000,0.0
2026-06-20 04:30:00,63494.75,63553.19,63446.21,63539.34,442.0,1000,0.0
2026-06-20 04:45:00,63539.43,63551.96,63473.1,63516.32,386.0,1000,0.0
2026-06-20 05:00:00,63520.9,63859.07,63472.04,63738.9,1280.0,1000,0.0
2026-06-20 05:15:00,63739.01,63776.75,63569.38,63574.6,650.0,1000,0.0
2026-06-20 05:30:00,63573.59,63672.14,63573.34,63580.81,553.0,1000,0.0
2026-06-20 05:45:00,63580.87,63652.28,63523.09,63621.43,488.0,1000,0.0
2026-06-20 06:00:00,63621.5,63649.26,63572.23,63623.33,466.0,1000,0.0
2026-06-20 06:15:00,63623.37,63694.03,63576.48,63634.46,428.0,1000,0.0
2026-06-20 06:30:00,63635.38,63694.2,63617.1,63686.38,394.0,1000,0.0
2026-06-20 06:45:00,63686.32,63699.55,63651.99,63672.22,341.0,1000,0.0
2026-06-20 07:00:00,63673.19,63677.58,63524.51,63598.18,501.0,1000,0.0
2026-06-20 07:15:00,63598.09,63734.72,63593.93,63725.59,456.0,1000,0.0
2026-06-20 07:30:00,63726.72,63744.38,63651.22,63680.32,424.0,1000,0.0
2026-06-20 07:45:00,63688.39,63710.79,63580.09,63595.68,431.0,1000,0.0
2026-06-20 08:00:00,63595.01,63600.99,63411.08,63494.81,621.0,1000,0.0
2026-06-20 08:15:00,63494.74,63518.41,63398.2,63417.82,397.0,1000,0.0
2026-06-20 08:30:00,63416.84,63436.71,63360.29,63394.23,432.0,1000,0.0
2026-06-20 08:45:00,63394.31,63400.75,63324.85,63356.64,482.0,1000,0.0
2026-06-20 09:00:00,63361.82,63477.17,63351.71,63453.55,463.0,1000,0.0
2026-06-20 09:15:00,63454.4,63532.37,63437.29,63498.16,414.0,1000,0.0
2026-06-20 09:30:00,63497.66,63656.32,63485.97,63631.38,426.0,1000,0.0
2026-06-20 09:45:00,63638.51,63727.68,63568.4,63671.55,552.0,1000,0.0
2026-06-20 10:00:00,63674.46,63712.56,63612.79,63624.71,448.0,1000,0.0
2026-06-20 10:15:00,63618.82,63661.82,63571.47,63606.98,381.0,1000,0.0
2026-06-20 10:30:00,63603.41,63635.49,63526.0,63539.97,378.0,1000,0.0
2026-06-20 10:45:00,63541.57,63620.19,63541.57,63614.91,376.0,1000,0.0
2026-06-20 11:00:00,63618.36,63650.24,63546.71,63599.72,427.0,1000,0.0
2026-06-20 11:15:00,63598.63,63686.43,63589.59,63626.87,372.0,1000,0.0
2026-06-20 11:30:00,63633.72,63681.61,63612.48,63656.77,259.0,1000,0.0
2026-06-20 11:45:00,63656.84,63741.21,63615.6,63615.6,426.0,1000,0.0
2026-06-20 12:00:00,63614.73,63730.5,63604.29,63690.55,434.0,1000,0.0
2026-06-20 12:15:00,63692.69,63707.1,63638.21,63678.47,342.0,1000,0.0
2026-06-20 12:30:00,63680.8,63689.42,63510.52,63559.85,456.0,1000,0.0
2026-06-20 12:45:00,63559.2,63600.68,63461.2,63593.13,443.0,1000,0.0
2026-06-20 13:00:00,63599.18,63599.18,63519.63,63520.26,350.0,1000,0.0
2026-06-20 13:15:00,63523.39,63561.34,63207.98,63284.31,1035.0,1000,0.0
2026-06-20 13:30:00,63290.04,63407.93,63280.92,63388.06,601.0,1000,0.0
2026-06-20 13:45:00,63388.15,63439.23,63301.92,63335.75,488.0,1000,0.0
2026-06-20 14:00:00,63333.83,63360.85,63108.04,63160.56,963.0,1000,0.0
2026-06-20 14:15:00,63153.85,63313.23,63153.85,63310.99,497.0,1000,0.0
2026-06-20 14:30:00,63310.9,63474.0,63267.5,63438.89,581.0,1000,0.0
2026-06-20 14:45:00,63437.72,64108.77,63426.89,63888.34,3218.0,1000,0.0
2026-06-20 15:00:00,63889.53,63993.5,63771.83,63946.11,1192.0,1000,0.0
2026-06-20 15:15:00,63946.32,64336.26,63898.0,64128.53,2082.0,1000,0.0
2026-06-20 15:30:00,64129.72,64146.24,64004.96,64050.5,875.0,1000,0.0
2026-06-20 15:45:00,64044.47,64143.52,64009.88,64088.15,564.0,1000,0.0
2026-06-20 16:00:00,64089.54,64115.68,63905.44,63938.99,730.0,1000,0.0
2026-06-20 16:15:00,63937.11,64042.71,63910.5,63930.88,711.0,1000,0.0
2026-06-20 16:30:00,63931.07,64001.95,63833.89,63933.36,684.0,1000,0.0
2026-06-20 16:45:00,63932.28,63984.59,63893.24,63961.07,489.0,1000,0.0
2026-06-20 17:00:00,63961.41,63961.41,63813.96,63883.5,457.0,1000,0.0
2026-06-20 17:15:00,63884.21,63926.75,63795.07,63919.17,588.0,1000,0.0
2026-06-20 17:30:00,63920.18,63975.33,63626.41,63791.83,1162.0,1000,0.0
2026-06-20 17:45:00,63792.39,63831.23,63742.33,63770.32,521.0,1000,0.0
2026-06-20 18:00:00,63772.69,63858.08,63716.2,63762.23,517.0,1000,0.0
2026-06-20 18:15:00,63762.14,63814.32,63762.14,63797.81,401.0,1000,0.0
2026-06-20 18:30:00,63797.51,63822.84,63704.09,63752.81,394.0,1000,0.0
2026-06-20 18:45:00,63748.15,63776.62,63702.8,63739.35,291.0,1000,0.0
2026-06-20 19:00:00,63735.77,63857.88,63719.2,63830.01,495.0,1000,0.0
2026-06-20 19:15:00,63830.65,63865.98,63773.84,63794.59,593.0,1000,0.0
2026-06-20 19:30:00,63796.12,63905.88,63767.38,63869.54,402.0,1000,0.0
2026-06-20 19:45:00,63875.24,63886.3,63843.15,63873.88,246.0,1000,0.0
2026-06-20 20:00:00,63865.94,63915.46,63849.1,63889.12,377.0,1000,0.0
2026-06-20 20:15:00,63890.0,63901.34,63831.57,63843.24,337.0,1000,0.0
2026-06-20 20:30:00,63840.02,63854.95,63776.49,63805.61,396.0,1000,0.0
2026-06-20 20:45:00,63805.53,63866.33,63794.49,63862.79,326.0,1000,0.0
2026-06-20 21:00:00,63860.92,63991.01,63848.34,63914.88,414.0,1000,0.0
2026-06-20 21:15:00,63915.48,63923.98,63844.17,63862.75,387.0,1000,0.0
2026-06-20 21:30:00,63862.62,63975.84,63839.28,63950.44,486.0,1000,0.0
2026-06-20 21:45:00,63950.38,64029.07,63916.6,63935.96,579.0,1000,0.0
2026-06-20 22:00:00,63938.78,64094.59,63903.14,64064.61,616.0,1000,0.0
2026-06-20 22:15:00,64062.15,64262.54,63993.33,64225.57,702.0,1000,0.0
2026-06-20 22:30:00,64224.57,64284.95,64168.5,64204.17,563.0,1000,0.0
2026-06-20 22:45:00,64205.6,64250.91,64171.65,64196.46,429.0,1000,0.0
2026-06-20 23:00:00,64196.53,64223.71,64164.31,64183.31,454.0,1000,0.0
2026-06-20 23:15:00,64183.39,64244.08,64180.4,64192.28,371.0,1000,0.0
2026-06-20 23:30:00,64192.34,64265.24,64181.34,64248.62,416.0,1000,0.0
2026-06-20 23:45:00,64248.35,64265.12,64198.5,64224.77,395.0,1000,0.0
2026-06-21 00:00:00,64225.1,64237.08,64165.49,64193.04,311.0,1000,0.0
2026-06-21 00:15:00,64186.68,64236.23,64160.26,64181.79,368.0,1000,0.0
2026-06-21 00:30:00,64179.01,64254.45,64161.13,64211.73,361.0,1000,0.0
2026-06-21 00:45:00,64210.23,64232.4,64169.48,64211.71,411.0,1000,0.0
2026-06-21 01:00:00,64208.4,64239.95,64165.29,64179.66,424.0,1000,0.0
2026-06-21 01:15:00,64177.8,64185.99,64155.94,64162.16,201.0,1000,0.0
2026-06-21 01:30:00,64165.91,64201.96,64128.14,64167.56,369.0,1000,0.0
2026-06-21 01:45:00,64167.63,64239.53,64159.35,64164.85,416.0,1000,0.0
2026-06-21 02:00:00,64161.47,64184.45,64140.63,64183.42,338.0,1000,0.0
2026-06-21 02:15:00,64183.21,64183.21,64140.16,64145.8,318.0,1000,0.0
2026-06-21 02:30:00,64146.54,64188.4,64135.15,64162.78,263.0,1000,0.0
2026-06-21 02:45:00,64161.53,64193.49,64158.67,64167.04,299.0,1000,0.0
2026-06-21 03:00:00,64168.75,64223.3,64145.47,64223.24,288.0,1000,0.0
2026-06-21 03:15:00,64225.6,64394.63,64195.4,64273.56,713.0,1000,0.0
2026-06-21 03:30:00,64274.55,64374.46,64219.97,64361.75,483.0,1000,0.0
2026-06-21 03:45:00,64360.97,64365.12,64323.18,64350.78,359.0,1000,0.0
2026-06-21 04:00:00,64346.21,64355.84,64290.9,64320.35,340.0,1000,0.0
2026-06-21 04:15:00,64322.13,64492.24,64322.13,64441.21,565.0,1000,0.0
2026-06-21 04:30:00,64440.31,64518.1,64401.0,64410.49,516.0,1000,0.0
2026-06-21 04:45:00,64407.7,64414.61,64176.68,64206.3,609.0,1000,0.0
2026-06-21 05:00:00,64206.22,64233.64,64147.6,64160.69,391.0,1000,0.0
2026-06-21 05:15:00,64164.86,64231.68,64147.87,64222.51,401.0,1000,0.0
2026-06-21 05:30:00,64222.58,64289.91,64202.74,64217.45,375.0,1000,0.0
2026-06-21 05:45:00,64208.74,64214.25,64152.68,64184.19,321.0,1000,0.0
2026-06-21 06:00:00,64180.74,64188.78,64115.27,64141.43,286.0,1000,0.0
2026-06-21 06:15:00,64140.94,64226.31,64130.35,64205.11,349.0,1000,0.0
2026-06-21 06:30:00,64201.88,64250.29,64172.69,64229.9,348.0,1000,0.0
2026-06-21 06:45:00,64228.99,64245.88,64206.66,64221.95,226.0,1000,0.0
2026-06-21 07:00:00,64223.16,64227.26,64166.79,64183.03,250.0,1000,0.0
2026-06-21 07:15:00,64182.03,64196.76,64087.8,64098.39,324.0,1000,0.0
2026-06-21 07:30:00,64092.63,64169.12,64090.33,64166.15,423.0,1000,0.0
2026-06-21 07:45:00,64169.05,64186.92,64095.9,64113.56,286.0,1000,0.0
2026-06-21 08:00:00,64113.4,64154.16,64028.73,64047.15,413.0,1000,0.0
2026-06-21 08:15:00,64047.05,64052.08,63959.89,63972.26,396.0,1000,0.0
2026-06-21 08:30:00,63980.0,63997.24,63816.02,63904.58,560.0,1000,0.0
2026-06-21 08:45:00,63903.28,63934.34,63844.4,63934.09,489.0,1000,0.0
2026-06-21 09:00:00,63934.21,63950.09,63877.54,63899.77,423.0,1000,0.0
2026-06-21 09:15:00,63901.25,64016.02,63876.46,63972.31,371.0,1000,0.0
2026-06-21 09:30:00,63972.38,64170.5,63972.38,64061.18,526.0,1000,0.0
2026-06-21 09:45:00,64062.43,64152.46,64023.71,64128.41,523.0,1000,0.0
2026-06-21 10:00:00,64131.82,64211.31,64112.89,64200.33,508.0,1000,0.0
2026-06-21 10:15:00,64197.59,64307.21,64162.05,64223.35,473.0,1000,0.0
2026-06-21 10:30:00,64224.4,64317.33,64215.38,64270.32,410.0,1000,0.0
2026-06-21 10:45:00,64266.04,64336.11,64234.66,64284.92,486.0,1000,0.0
2026-06-21 11:00:00,64286.29,64400.66,64255.91,64336.8,679.0,1000,0.0
2026-06-21 11:15:00,64335.52,64335.52,64031.95,64299.49,872.0,1000,0.0
2026-06-21 11:30:00,64297.54,64327.73,64145.41,64211.95,658.0,1000,0.0
2026-06-21 11:45:00,64208.51,64208.56,64025.23,64096.58,687.0,1000,0.0
2026-06-21 12:00:00,64104.19,64163.51,63975.02,63997.34,616.0,1000,0.0
2026-06-21 12:15:00,63997.72,64034.61,63904.34,63941.94,693.0,1000,0.0
2026-06-21 12:30:00,63941.97,64012.63,63865.54,63975.73,602.0,1000,0.0
2026-06-21 12:45:00,63977.73,64150.01,63967.69,64107.06,589.0,1000,0.0
2026-06-21 13:00:00,64111.72,64117.24,64026.18,64048.53,516.0,1000,0.0
2026-06-21 13:15:00,64046.42,64112.6,64037.21,64083.15,406.0,1000,0.0
2026-06-21 13:30:00,64083.81,64087.0,63931.49,63962.27,498.0,1000,0.0
2026-06-21 13:45:00,63969.34,64070.54,63963.25,64069.11,463.0,1000,0.0
2026-06-21 14:00:00,64069.03,64080.79,63974.62,63996.19,419.0,1000,0.0
2026-06-21 14:15:00,63992.3,64017.39,63922.55,63960.5,473.0,1000,0.0
2026-06-21 14:30:00,63950.88,64012.16,63919.46,63971.56,399.0,1000,0.0
2026-06-21 14:45:00,63976.16,64073.97,63932.16,64067.21,393.0,1000,0.0
2026-06-21 15:00:00,64069.72,64223.67,64023.26,64120.53,791.0,1000,0.0
2026-06-21 15:15:00,64116.77,64200.56,64099.12,64170.43,478.0,1000,0.0
2026-06-21 15:30:00,64169.19,64286.82,64110.61,64211.7,523.0,1000,0.0
2026-06-21 15:45:00,64210.16,64232.03,64133.82,64143.65,381.0,1000,0.0
2026-06-21 16:00:00,64142.57,64174.29,64020.98,64062.42,514.0,1000,0.0
2026-06-21 16:15:00,64063.36,64171.47,64029.01,64109.28,439.0,1000,0.0
2026-06-21 16:30:00,64107.69,64116.7,63954.49,64018.34,567.0,1000,0.0
2026-06-21 16:45:00,64024.88,64134.8,64016.7,64068.31,486.0,1000,0.0
2026-06-21 17:00:00,64067.9,64148.3,64034.75,64126.42,441.0,1000,0.0
2026-06-21 17:15:00,64125.52,64132.46,64017.93,64018.5,368.0,1000,0.0
2026-06-21 17:30:00,64021.49,64056.45,63987.77,64045.71,443.0,1000,0.0
2026-06-21 17:45:00,64049.18,64109.1,64049.18,64058.25,365.0,1000,0.0
2026-06-21 18:00:00,64058.4,64079.73,63849.72,63928.44,611.0,1000,0.0
2026-06-21 18:15:00,63928.38,63982.18,63916.12,63960.45,342.0,1000,0.0
2026-06-21 18:30:00,63958.83,64163.26,63945.88,64099.88,705.0,1000,0.0
2026-06-21 18:45:00,64095.76,64139.19,64059.48,64130.15,477.0,1000,0.0
2026-06-21 19:00:00,64129.42,64235.91,64079.43,64131.23,476.0,1000,0.0
2026-06-21 19:15:00,64131.81,64165.02,64110.79,64144.86,346.0,1000,0.0
2026-06-21 19:30:00,64144.81,64167.16,64097.03,64143.64,342.0,1000,0.0
2026-06-21 19:45:00,64137.65,64154.33,64102.67,64127.84,295.0,1000,0.0
2026-06-21 20:00:00,64124.99,64189.87,64047.58,64092.54,423.0,1000,0.0
2026-06-21 20:15:00,64084.47,64092.68,63969.48,64039.93,379.0,1000,0.0
2026-06-21 20:30:00,64037.83,64054.48,63879.64,63898.29,424.0,1000,0.0
2026-06-21 20:45:00,63892.68,63908.02,63613.27,63771.37,1083.0,1000,0.0
2026-06-21 21:00:00,63772.8,63803.11,63441.06,63544.16,1189.0,1000,0.0
2026-06-21 21:15:00,63544.22,63708.79,63423.32,63617.36,1033.0,1000,0.0
2026-06-21 21:30:00,63620.6,63896.21,63620.6,63817.88,957.0,1000,0.0
2026-06-21 21:45:00,63813.7,63849.49,63691.64,63723.73,631.0,1000,0.0
2026-06-21 22:00:00,63726.88,63786.11,63485.32,63559.38,1436.0,1000,0.0
2026-06-21 22:15:00,63561.82,63709.36,63554.66,63653.6,738.0,1000,0.0
2026-06-21 22:30:00,63651.42,63651.42,63498.34,63593.39,782.0,1000,0.0
2026-06-21 22:45:00,63593.91,63791.63,63572.11,63722.29,614.0,1000,0.0
2026-06-21 23:00:00,63713.77,63713.77,63539.99,63636.93,1023.0,1000,0.0
2026-06-21 23:15:00,63637.57,63725.34,63556.34,63561.56,765.0,1000,0.0
2026-06-21 23:30:00,63556.3,63594.66,63213.79,63249.86,1784.0,1000,0.0
2026-06-21 23:45:00,63248.56,63318.1,63184.21,63242.58,1031.0,1000,0.0
2026-06-22 00:00:00,63253.26,63517.16,63229.94,63432.48,1290.0,1000,0.0
2026-06-22 00:15:00,63429.04,63689.19,63415.53,63648.79,1187.0,1000,0.0
2026-06-22 00:30:00,63648.86,64027.95,63614.2,63833.11,1584.0,1000,0.0
2026-06-22 00:45:00,63829.63,63929.84,63653.37,63818.97,1043.0,1000,0.0
2026-06-22 01:00:00,63821.51,63983.17,63771.39,63816.81,1251.0,1000,0.0
2026-06-22 01:15:00,63816.83,64735.89,63816.83,64565.83,3066.0,1000,0.0
2026-06-22 01:30:00,64560.25,64643.02,64295.27,64443.89,1684.0,1000,0.0
2026-06-22 01:45:00,64444.7,64625.68,64396.95,64526.1,1190.0,1000,0.0
2026-06-22 02:00:00,64526.99,64597.64,64414.33,64469.17,1175.0,1000,0.0
2026-06-22 02:15:00,64470.46,64568.67,64425.19,64454.92,850.0,1000,0.0
2026-06-22 02:30:00,64456.45,64504.98,64380.74,64411.57,756.0,1000,0.0
2026-06-22 02:45:00,64411.89,64426.77,64170.86,64185.49,845.0,1000,0.0
2026-06-22 03:00:00,64188.0,64188.0,63807.94,63969.23,1487.0,1000,0.0
2026-06-22 03:15:00,63967.56,64384.04,63967.56,64209.7,1177.0,1000,0.0
2026-06-22 03:30:00,64210.23,64364.18,64081.54,64101.59,906.0,1000,0.0
2026-06-22 03:45:00,64102.67,64137.77,63832.87,63889.08,901.0,1000,0.0
2026-06-22 04:00:00,63888.01,63945.55,63784.23,63894.45,901.0,1000,0.0
2026-06-22 04:15:00,63893.64,63949.58,63817.7,63883.53,690.0,1000,0.0
2026-06-22 04:30:00,63885.17,63984.53,63871.07,63881.48,698.0,1000,0.0
2026-06-22 04:45:00,63877.57,64038.51,63873.01,64013.81,566.0,1000,0.0
2026-06-22 05:00:00,64015.71,64217.75,63996.39,64204.82,693.0,1000,0.0
2026-06-22 05:15:00,64201.57,64206.54,64122.0,64155.07,585.0,1000,0.0
2026-06-22 05:30:00,64158.65,64260.55,64091.27,64179.38,775.0,1000,0.0
2026-06-22 05:45:00,64176.95,64187.18,64094.19,64166.67,475.0,1000,0.0
2026-06-22 06:00:00,64163.48,64248.16,64061.99,64141.22,627.0,1000,0.0
2026-06-22 06:15:00,64140.06,64159.26,63992.7,64041.7,623.0,1000,0.0
2026-06-22 06:30:00,64033.34,64072.17,63916.98,63927.26,608.0,1000,0.0
2026-06-22 06:45:00,63925.56,63977.48,63857.61,63908.64,518.0,1000,0.0
2026-06-22 07:00:00,63909.68,64181.05,63878.52,64127.27,820.0,1000,0.0
2026-06-22 07:15:00,64123.2,64223.29,64113.16,64183.09,665.0,1000,0.0
2026-06-22 07:30:00,64186.65,64333.86,64161.83,64167.67,618.0,1000,0.0
2026-06-22 07:45:00,64179.61,64198.45,64079.73,64130.65,499.0,1000,0.0
2026-06-22 08:00:00,64138.74,64246.37,64023.39,64246.37,781.0,1000,0.0
2026-06-22 08:15:00,64240.85,64282.36,64110.37,64118.84,766.0,1000,0.0
2026-06-22 08:30:00,64118.75,64192.66,63966.29,64179.45,753.0,1000,0.0
2026-06-22 08:45:00,64181.35,64215.81,64022.35,64083.63,598.0,1000,0.0
2026-06-22 09:00:00,64095.17,64185.27,64070.53,64115.84,711.0,1000,0.0
2026-06-22 09:15:00,64113.02,64131.91,64019.85,64041.92,535.0,1000,0.0
2026-06-22 09:30:00,64043.54,64121.03,63977.53,64047.72,576.0,1000,0.0
2026-06-22 09:45:00,64045.67,64080.77,64014.9,64069.95,505.0,1000,0.0
2026-06-22 10:00:00,64067.36,64202.06,64054.46,64148.74,517.0,1000,0.0
2026-06-22 10:15:00,64147.23,64168.26,64071.07,64101.95,406.0,1000,0.0
2026-06-22 10:30:00,64103.23,64140.5,63999.12,64019.72,445.0,1000,0.0
2026-06-22 10:45:00,64025.68,64108.67,64025.68,64067.5,364.0,1000,0.0
2026-06-22 11:00:00,64067.57,64345.19,64018.58,64240.64,1045.0,1000,0.0
2026-06-22 11:15:00,64240.74,64400.81,64150.86,64296.61,924.0,1000,0.0
2026-06-22 11:30:00,64298.02,64693.92,64293.94,64553.68,1512.0,1000,0.0
2026-06-22 11:45:00,64547.89,64709.01,64495.59,64581.52,1041.0,1000,0.0
2026-06-22 12:00:00,64583.75,64844.73,64506.87,64679.98,1381.0,1000,0.0
2026-06-22 12:15:00,64678.04,64923.38,64622.86,64882.08,981.0,1000,0.0
2026-06-22 12:30:00,64885.99,65111.09,64771.0,64993.44,1545.0,1000,0.0
2026-06-22 12:45:00,64993.52,65162.49,64916.37,65075.27,1112.0,1000,0.0
2026-06-22 13:00:00,65082.05,65135.81,64958.82,65067.76,1252.0,1000,0.0
2026-06-22 13:15:00,65067.55,65095.85,64875.14,64926.08,831.0,1000,0.0
2026-06-22 13:30:00,64928.57,65421.1,64898.39,65340.29,3029.0,1000,0.0
2026-06-22 13:45:00,65333.92,65536.22,65298.73,65512.77,1877.0,1000,0.0
2026-06-22 14:00:00,65512.89,65566.57,65207.8,65236.36,1568.0,1000,0.0
2026-06-22 14:15:00,65236.67,65243.57,64891.05,64891.05,1663.0,1000,0.0
2026-06-22 14:30:00,64894.98,65006.86,64777.48,64839.49,1874.0,1000,0.0
2026-06-22 14:45:00,64839.39,64976.18,64754.7,64896.98,1374.0,1000,0.0
2026-06-22 15:00:00,64897.08,65073.55,64836.79,65006.4,1188.0,1000,0.0
2026-06-22 15:15:00,65003.21,65040.4,64854.23,64977.59,1271.0,1000,0.0
2026-06-22 15:30:00,64980.35,65055.83,64940.39,64996.0,1003.0,1000,0.0
2026-06-22 15:45:00,64986.93,65007.38,64682.52,64769.06,1463.0,1000,0.0
2026-06-22 16:00:00,64767.51,64795.11,64579.36,64663.04,1349.0,1000,0.0
2026-06-22 16:15:00,64650.51,64721.12,64555.17,64618.43,995.0,1000,0.0
2026-06-22 16:30:00,64618.27,64624.7,64462.47,64511.15,920.0,1000,0.0
2026-06-22 16:45:00,64511.8,64738.15,64435.26,64655.97,1073.0,1000,0.0
2026-06-22 17:00:00,64657.77,64702.44,64549.06,64607.04,631.0,1000,0.0
2026-06-22 17:15:00,64611.17,64629.68,64450.58,64459.31,663.0,1000,0.0
2026-06-22 17:30:00,64458.92,64458.92,64308.82,64358.91,1121.0,1000,0.0
2026-06-22 17:45:00,64359.41,64580.67,64356.74,64536.0,710.0,1000,0.0
2026-06-22 18:00:00,64535.68,64665.79,64535.66,64595.92,749.0,1000,0.0
2026-06-22 18:15:00,64596.28,64648.91,64493.33,64523.29,592.0,1000,0.0
2026-06-22 18:30:00,64515.7,64549.7,64422.69,64449.75,540.0,1000,0.0
2026-06-22 18:45:00,64447.12,64456.94,64232.63,64275.05,856.0,1000,0.0
2026-06-22 19:00:00,64275.5,64354.31,64233.49,64335.42,881.0,1000,0.0
2026-06-22 19:15:00,64338.32,64364.74,64218.9,64277.44,669.0,1000,0.0
2026-06-22 19:30:00,64283.81,64384.22,64270.7,64328.98,647.0,1000,0.0
2026-06-22 19:45:00,64337.14,64432.35,64191.31,64392.91,872.0,1000,0.0
2026-06-22 20:00:00,64396.84,64600.52,64394.04,64459.55,785.0,1000,0.0
2026-06-22 20:15:00,64463.0,64481.16,64289.83,64345.62,424.0,1000,0.0
2026-06-22 20:30:00,64347.62,64436.07,64334.91,64414.13,389.0,1000,0.0
2026-06-22 20:45:00,64410.71,64415.19,64320.76,64365.74,393.0,1000,0.0
2026-06-22 21:00:00,64355.03,64418.45,64264.25,64318.44,429.0,1000,0.0
2026-06-22 21:15:00,64325.42,64325.42,64170.44,64235.72,424.0,1000,0.0
2026-06-22 21:30:00,64235.67,64263.36,64066.15,64115.61,619.0,1000,0.0
2026-06-22 21:45:00,64113.69,64249.0,64098.3,64243.07,462.0,1000,0.0
2026-06-22 22:00:00,64243.25,64328.18,64188.99,64230.22,618.0,1000,0.0
2026-06-22 22:15:00,64230.01,64249.37,63820.65,63967.68,1179.0,1000,0.0
2026-06-22 22:30:00,63968.85,64070.05,63723.8,63778.73,1566.0,1000,0.0
2026-06-22 22:45:00,63775.52,63929.52,63756.74,63903.94,899.0,1000,0.0
2026-06-22 23:00:00,63897.8,63954.75,63817.78,63869.36,832.0,1000,0.0
2026-06-22 23:15:00,63875.15,63983.73,63799.44,63964.27,727.0,1000,0.0
2026-06-22 23:30:00,63965.72,63965.72,63879.66,63919.07,533.0,1000,0.0
2026-06-22 23:45:00,63918.32,63978.07,63870.74,63947.44,469.0,1000,0.0
2026-06-23 00:00:00,63944.93,63962.92,63815.91,63887.49,776.0,1000,0.0
2026-06-23 00:15:00,63886.0,63938.27,63755.25,63785.57,660.0,1000,0.0
2026-06-23 00:30:00,63788.89,64041.66,63788.89,64028.15,700.0,1000,0.0
2026-06-23 00:45:00,64031.11,64092.74,63972.44,64077.64,632.0,1000,0.0
2026-06-23 01:00:00,64079.03,64204.55,64058.39,64141.26,787.0,1000,0.0
2026-06-23 01:15:00,64140.82,64199.87,64073.71,64133.9,570.0,1000,0.0
2026-06-23 01:30:00,64135.24,64173.01,63925.97,63992.72,770.0,1000,0.0
2026-06-23 01:45:00,63991.84,64115.84,63816.09,64079.12,920.0,1000,0.0
2026-06-23 02:00:00,64077.37,64119.29,63965.16,64037.55,597.0,1000,0.0
2026-06-23 02:15:00,64039.49,64153.0,64039.49,64090.84,628.0,1000,0.0
2026-06-23 02:30:00,64091.2,64179.04,64075.45,64125.74,441.0,1000,0.0
2026-06-23 02:45:00,64122.72,64206.13,64079.59,64121.78,440.0,1000,0.0
2026-06-23 03:00:00,64117.17,64129.84,63887.1,63941.06,655.0,1000,0.0
2026-06-23 03:15:00,63940.99,64023.34,63928.08,64014.66,496.0,1000,0.0
2026-06-23 03:30:00,64011.94,64011.94,63882.5,63915.4,491.0,1000,0.0
2026-06-23 03:45:00,63915.9,64009.83,63910.68,63985.97,456.0,1000,0.0
2026-06-23 04:00:00,63993.27,64016.92,63926.09,63977.71,429.0,1000,0.0
2026-06-23 04:15:00,63981.45,63981.45,63822.51,63900.67,526.0,1000,0.0
2026-06-23 04:30:00,63899.96,63899.96,63717.51,63733.07,662.0,1000,0.0
2026-06-23 04:45:00,63731.31,63783.79,63518.96,63548.83,910.0,1000,0.0
2026-06-23 05:00:00,63553.29,63656.14,63525.42,63552.36,864.0,1000,0.0
2026-06-23 05:15:00,63552.19,63613.41,63315.24,63400.89,1324.0,1000,0.0
2026-06-23 05:30:00,63396.72,63449.22,63301.35,63365.68,1092.0,1000,0.0
2026-06-23 05:45:00,63363.67,63388.85,63271.83,63327.46,865.0,1000,0.0
2026-06-23 06:00:00,63330.97,63330.97,63036.0,63139.34,1367.0,1000,0.0
2026-06-23 06:15:00,63141.29,63212.16,62493.36,62698.61,3338.0,1000,0.0
2026-06-23 06:30:00,62700.56,62923.07,62610.61,62864.81,1365.0,1000,0.0
2026-06-23 06:45:00,62865.71,62980.03,62837.0,62865.37,739.0,1000,0.0
2026-06-23 07:00:00,62867.81,62992.17,62805.54,62957.41,858.0,1000,0.0
2026-06-23 07:15:00,62950.07,63032.55,62899.63,62923.78,576.0,1000,0.0
2026-06-23 07:30:00,62921.99,62963.7,62793.32,62819.89,953.0,1000,0.0
2026-06-23 07:45:00,62823.18,62919.0,62777.87,62808.96,718.0,1000,0.0
2026-06-23 08:00:00,62805.7,62870.14,62565.42,62594.66,1303.0,1000,0.0
2026-06-23 08:15:00,62596.1,62613.77,61848.71,61973.0,4361.0,1000,0.0
2026-06-23 08:30:00,61971.4,62381.42,61959.91,62313.06,1787.0,1000,0.0
2026-06-23 08:45:00,62313.14,62400.86,62235.99,62321.75,847.0,1000,0.0
2026-06-23 09:00:00,62320.58,62403.76,62272.19,62365.37,759.0,1000,0.0
2026-06-23 09:15:00,62366.56,62444.4,62365.99,62442.28,465.0,1000,0.0
2026-06-23 09:30:00,62440.19,62441.96,62261.75,62288.82,579.0,1000,0.0
2026-06-23 09:45:00,62284.44,62346.05,62261.46,62295.19,494.0,1000,0.0
2026-06-23 10:00:00,62306.3,62513.81,62296.41,62387.8,712.0,1000,0.0
2026-06-23 10:15:00,62382.71,62382.71,62238.36,62279.56,536.0,1000,0.0
2026-06-23 10:30:00,62278.4,62307.96,62152.8,62181.52,595.0,1000,0.0
2026-06-23 10:45:00,62180.18,62272.56,62162.81,62241.65,591.0,1000,0.0
2026-06-23 11:00:00,62240.59,62341.83,62233.97,62306.11,541.0,1000,0.0
2026-06-23 11:15:00,62306.18,62517.77,62304.88,62460.96,760.0,1000,0.0
2026-06-23 11:30:00,62470.22,62555.36,62457.79,62482.21,547.0,1000,0.0
2026-06-23 11:45:00,62483.73,62530.07,62337.35,62431.41,642.0,1000,0.0
2026-06-23 12:00:00,62431.67,62488.74,62308.34,62356.38,547.0,1000,0.0
2026-06-23 12:15:00,62353.5,62373.45,62256.19,62334.48,506.0,1000,0.0
2026-06-23 12:30:00,62331.39,62405.39,62215.48,62262.43,663.0,1000,0.0
2026-06-23 12:45:00,62261.15,62269.38,62109.43,62191.12,877.0,1000,0.0
2026-06-23 13:00:00,62194.05,62220.78,61996.65,62113.74,1064.0,1000,0.0
2026-06-23 13:15:00,62114.36,62114.36,61930.67,61971.07,973.0,1000,0.0
2026-06-23 13:30:00,61975.13,62388.52,61866.84,62322.64,3736.0,1000,0.0
2026-06-23 13:45:00,62320.75,62466.31,62196.7,62406.67,2331.0,1000,0.0
2026-06-23 14:00:00,62405.91,62678.93,62357.99,62656.62,2001.0,1000,0.0
2026-06-23 14:15:00,62654.23,62797.03,62374.11,62503.03,2217.0,1000,0.0
2026-06-23 14:30:00,62506.19,62712.28,62378.86,62449.2,2190.0,1000,0.0
2026-06-23 14:45:00,62453.17,62539.11,62311.11,62416.8,1966.0,1000,0.0
2026-06-23 15:00:00,62417.22,62433.85,62229.33,62306.99,1652.0,1000,0.0
2026-06-23 15:15:00,62304.19,62304.19,62108.97,62204.11,1308.0,1000,0.0
2026-06-23 15:30:00,62206.88,62422.66,62188.51,62217.72,1077.0,1000,0.0
2026-06-23 15:45:00,62216.07,62410.17,62122.06,62408.31,969.0,1000,0.0
2026-06-23 16:00:00,62403.69,62756.83,62342.28,62698.2,1497.0,1000,0.0
2026-06-23 16:15:00,62702.05,62740.77,62482.69,62504.26,1040.0,1000,0.0
2026-06-23 16:30:00,62510.78,62582.65,62489.91,62548.97,827.0,1000,0.0
2026-06-23 16:45:00,62551.98,62568.26,62405.73,62470.44,817.0,1000,0.0
2026-06-23 17:00:00,62471.45,62478.61,62298.53,62345.67,1016.0,1000,0.0
2026-06-23 17:15:00,62345.35,62596.06,62345.35,62567.21,738.0,1000,0.0
2026-06-23 17:30:00,62570.29,62619.26,62415.45,62455.06,833.0,1000,0.0
2026-06-23 17:45:00,62448.07,62481.16,62247.42,62280.54,751.0,1000,0.0
2026-06-23 18:00:00,62283.9,62372.91,62191.5,62288.14,812.0,1000,0.0
2026-06-23 18:15:00,62293.25,62332.62,62234.64,62261.24,716.0,1000,0.0
2026-06-23 18:30:00,62259.81,62263.86,62057.93,62069.34,718.0,1000,0.0
2026-06-23 18:45:00,62068.2,62185.64,62014.39,62152.27,898.0,1000,0.0
2026-06-23 19:00:00,62151.29,62348.59,62143.46,62283.34,924.0,1000,0.0
2026-06-23 19:15:00,62283.24,62371.86,62166.1,62360.07,858.0,1000,0.0
2026-06-23 19:30:00,62352.13,62416.68,62214.22,62214.22,834.0,1000,0.0
2026-06-23 19:45:00,62220.4,62345.96,62191.41,62311.54,1028.0,1000,0.0
2026-06-23 20:00:00,62313.88,62467.44,62313.22,62366.62,646.0,1000,0.0
2026-06-23 20:15:00,62366.74,62442.15,62322.26,62410.93,569.0,1000,0.0
2026-06-23 20:30:00,62408.71,62416.37,62364.31,62395.51,450.0,1000,0.0
2026-06-23 20:45:00,62392.71,62399.37,62288.36,62381.28,462.0,1000,0.0
2026-06-23 21:00:00,62381.4,62540.99,62381.4,62436.88,695.0,1000,0.0
2026-06-23 21:15:00,62438.19,62490.21,62382.43,62490.21,426.0,1000,0.0
2026-06-23 21:30:00,62491.56,62562.91,62464.33,62535.85,470.0,1000,0.0
2026-06-23 21:45:00,62535.77,62585.55,62497.62,62515.76,595.0,1000,0.0
2026-06-23 22:00:00,62517.84,62699.68,62503.52,62664.82,604.0,1000,0.0
2026-06-23 22:15:00,62660.33,62708.26,62477.19,62539.31,682.0,1000,0.0
2026-06-23 22:30:00,62539.5,62556.36,62451.12,62464.77,443.0,1000,0.0
2026-06-23 22:45:00,62464.13,62546.01,62433.31,62512.8,421.0,1000,0.0
2026-06-23 23:00:00,62513.4,62534.33,62409.18,62438.95,696.0,1000,0.0
2026-06-23 23:15:00,62438.96,62612.52,62438.96,62577.62,523.0,1000,0.0
2026-06-23 23:30:00,62578.36,62599.37,62511.54,62536.29,434.0,1000,0.0
2026-06-23 23:45:00,62536.2,62726.24,62526.01,62654.24,664.0,1000,0.0
2026-06-24 00:00:00,62654.3,62844.93,62643.98,62808.88,1079.0,1000,0.0
2026-06-24 00:15:00,62817.04,62845.8,62730.09,62771.07,777.0,1000,0.0
2026-06-24 00:30:00,62772.01,62954.7,62712.55,62873.57,857.0,1000,0.0
2026-06-24 00:45:00,62875.49,62953.4,62820.0,62935.92,753.0,1000,0.0
2026-06-24 01:00:00,62938.24,62949.64,62769.69,62901.85,942.0,1000,0.0
2026-06-24 01:15:00,62903.2,62906.03,62687.92,62836.77,952.0,1000,0.0
2026-06-24 01:30:00,62837.09,63044.46,62826.93,62871.21,1255.0,1000,0.0
2026-06-24 01:45:00,62871.36,62947.18,62841.45,62853.15,701.0,1000,0.0
2026-06-24 02:00:00,62852.53,62940.95,62727.11,62801.94,878.0,1000,0.0
2026-06-24 02:15:00,62795.45,62795.45,62595.74,62675.74,685.0,1000,0.0
2026-06-24 02:30:00,62681.36,62722.6,62523.29,62639.9,783.0,1000,0.0
2026-06-24 02:45:00,62646.05,62697.03,62514.37,62548.84,855.0,1000,0.0
2026-06-24 03:00:00,62548.92,62603.79,62467.34,62504.93,859.0,1000,0.0
2026-06-24 03:15:00,62503.82,62595.64,62374.93,62588.27,767.0,1000,0.0
2026-06-24 03:30:00,62595.65,62750.8,62588.35,62721.16,722.0,1000,0.0
2026-06-24 03:45:00,62722.62,62756.64,62644.05,62654.03,559.0,1000,0.0
2026-06-24 04:00:00,62653.28,62677.87,62538.52,62580.21,630.0,1000,0.0
2026-06-24 04:15:00,62580.1,62621.55,62443.2,62508.22,587.0,1000,0.0
2026-06-24 04:30:00,62507.29,62670.92,62500.89,62578.71,617.0,1000,0.0
2026-06-24 04:45:00,62577.97,62723.92,62575.62,62663.89,553.0,1000,0.0
2026-06-24 05:00:00,62663.99,62767.32,62617.27,62703.94,608.0,1000,0.0
2026-06-24 05:15:00,62706.51,62812.5,62682.51,62792.23,656.0,1000,0.0
2026-06-24 05:30:00,62793.7,62995.77,62770.59,62847.75,794.0,1000,0.0
2026-06-24 05:45:00,62845.39,62879.77,62776.96,62799.03,438.0,1000,0.0
2026-06-24 06:00:00,62800.13,62821.95,62681.06,62763.42,619.0,1000,0.0
2026-06-24 06:15:00,62749.77,62835.33,62698.58,62770.18,535.0,1000,0.0
2026-06-24 06:30:00,62770.0,62794.96,62696.34,62696.34,508.0,1000,0.0
2026-06-24 06:45:00,62692.47,62714.95,62635.27,62699.06,505.0,1000,0.0
2026-06-24 07:00:00,62697.61,62769.39,62590.83,62729.29,798.0,1000,0.0
2026-06-24 07:15:00,62725.48,62739.25,62581.96,62581.96,626.0,1000,0.0
2026-06-24 07:30:00,62586.48,62653.59,62540.06,62609.29,617.0,1000,0.0
2026-06-24 07:45:00,62613.93,62652.82,62515.37,62571.36,550.0,1000,0.0
2026-06-24 08:00:00,62571.29,62615.98,62513.0,62571.46,751.0,1000,0.0
2026-06-24 08:15:00,62570.75,62637.34,62551.32,62624.57,561.0,1000,0.0
2026-06-24 08:30:00,62620.83,62718.04,62582.72,62703.46,534.0,1000,0.0
2026-06-24 08:45:00,62702.5,62723.6,62653.12,62709.96,421.0,1000,0.0
2026-06-24 09:00:00,62704.98,62709.74,62583.31,62683.66,605.0,1000,0.0
2026-06-24 09:15:00,62683.57,62698.08,62589.98,62597.71,481.0,1000,0.0
2026-06-24 09:30:00,62596.55,62617.77,62550.06,62573.32,496.0,1000,0.0
2026-06-24 09:45:00,62571.33,62641.98,62546.68,62592.58,397.0,1000,0.0
2026-06-24 10:00:00,62590.23,62604.69,62466.83,62527.8,561.0,1000,0.0
2026-06-24 10:15:00,62525.99,62551.94,62366.58,62452.81,814.0,1000,0.0
2026-06-24 10:30:00,62453.09,62545.33,62428.5,62510.41,676.0,1000,0.0
2026-06-24 10:45:00,62509.13,62518.7,62308.06,62355.38,633.0,1000,0.0
2026-06-24 11:00:00,62356.45,62394.19,62214.43,62281.17,809.0,1000,0.0
2026-06-24 11:15:00,62281.47,62332.09,62226.59,62296.36,693.0,1000,0.0
2026-06-24 11:30:00,62296.57,62675.45,62296.57,62648.37,916.0,1000,0.0
2026-06-24 11:45:00,62644.72,63146.25,62627.28,62832.35,2079.0,1000,0.0
2026-06-24 12:00:00,62838.8,62890.64,62722.6,62744.11,1395.0,1000,0.0
2026-06-24 12:15:00,62744.21,62821.04,62659.92,62733.65,1043.0,1000,0.0
2026-06-24 12:30:00,62733.32,62823.93,62672.55,62756.61,813.0,1000,0.0
2026-06-24 12:45:00,62758.24,62778.83,62488.96,62529.66,906.0,1000,0.0
2026-06-24 13:00:00,62530.42,62543.49,61892.72,61955.9,2467.0,1000,0.0
2026-06-24 13:15:00,61956.66,62146.77,61601.61,61766.29,3167.0,1000,0.0
2026-06-24 13:30:00,61761.42,62069.69,61308.82,61405.77,4730.0,1000,0.0
2026-06-24 13:45:00,61404.32,61563.95,61153.0,61237.56,4383.0,1000,0.0
2026-06-24 14:00:00,61233.68,61369.48,61018.33,61146.96,3446.0,1000,0.0
2026-06-24 14:15:00,61148.56,61223.71,60792.87,61144.87,2937.0,1000,0.0
2026-06-24 14:30:00,61147.79,61296.06,60969.08,61068.41,2285.0,1000,0.0
2026-06-24 14:45:00,61068.87,61168.66,60859.97,61028.71,1919.0,1000,0.0
2026-06-24 15:00:00,61029.55,61040.42,60747.97,60803.68,1958.0,1000,0.0
2026-06-24 15:15:00,60804.35,61054.39,60729.45,60790.74,1952.0,1000,0.0
2026-06-24 15:30:00,60792.55,60797.03,60444.02,60493.49,2487.0,1000,0.0
2026-06-24 15:45:00,60493.37,60502.19,60172.27,60192.67,2588.0,1000,0.0
2026-06-24 16:00:00,60192.11,60474.12,60125.8,60433.03,2167.0,1000,0.0
2026-06-24 16:15:00,60433.98,60598.36,60329.49,60462.05,1689.0,1000,0.0
2026-06-24 16:30:00,60463.62,60488.36,60059.2,60177.32,1924.0,1000,0.0
2026-06-24 16:45:00,60175.01,60179.23,59299.62,59765.47,5040.0,1000,0.0
2026-06-24 17:00:00,59766.81,59976.54,59623.72,59755.73,2784.0,1000,0.0
2026-06-24 17:15:00,59748.55,59796.16,59252.34,59589.29,3793.0,1000,0.0
2026-06-24 17:30:00,59590.19,59674.46,59181.73,59249.28,3038.0,1000,0.0
2026-06-24 17:45:00,59250.78,59421.98,59011.53,59312.88,4033.0,1000,0.0
2026-06-24 18:00:00,59314.44,59547.19,59215.75,59517.52,2855.0,1000,0.0
2026-06-24 18:15:00,59509.89,59843.37,59490.93,59623.74,3032.0,1000,0.0
2026-06-24 18:30:00,59629.19,59666.33,59397.11,59468.57,1873.0,1000,0.0
2026-06-24 18:45:00,59466.37,59566.5,59323.05,59511.63,1770.0,1000,0.0
2026-06-24 19:00:00,59516.32,59659.79,59432.32,59591.11,1902.0,1000,0.0
2026-06-24 19:15:00,59595.78,59757.24,59503.81,59740.53,1716.0,1000,0.0
2026-06-24 19:30:00,59740.52,59822.47,59632.6,59696.55,1378.0,1000,0.0
2026-06-24 19:45:00,59700.28,59909.53,59650.72,59861.65,1596.0,1000,0.0
2026-06-24 20:00:00,59857.92,60737.36,59752.62,60584.94,5397.0,1000,0.0
2026-06-24 20:15:00,60584.46,60747.19,60493.55,60687.25,2670.0,1000,0.0
2026-06-24 20:30:00,60689.56,60840.92,60588.09,60782.5,1759.0,1000,0.0
2026-06-24 20:45:00,60780.97,61122.92,60776.22,60869.07,1981.0,1000,0.0
2026-06-24 21:00:00,60866.2,60942.98,60566.11,60625.69,1585.0,1000,0.0
2026-06-24 21:15:00,60626.19,60818.51,60591.82,60753.71,792.0,1000,0.0
2026-06-24 21:30:00,60757.45,61049.16,60701.78,60988.69,934.0,1000,0.0
2026-06-24 21:45:00,60988.76,61051.27,60905.09,61004.85,850.0,1000,0.0
2026-06-24 22:00:00,61006.73,61183.68,60901.88,60902.96,1402.0,1000,0.0
2026-06-24 22:15:00,60902.14,60924.11,60780.01,60794.57,774.0,1000,0.0
2026-06-24 22:30:00,60794.69,60863.33,60695.48,60822.95,764.0,1000,0.0
2026-06-24 22:45:00,60828.18,60830.2,60717.64,60788.21,569.0,1000,0.0
2026-06-24 23:00:00,60785.15,60872.42,60728.09,60791.13,655.0,1000,0.0
2026-06-24 23:15:00,60791.77,60943.14,60746.51,60887.05,666.0,1000,0.0
2026-06-24 23:30:00,60885.94,60973.71,60850.28,60930.29,636.0,1000,0.0
2026-06-24 23:45:00,60930.11,61017.18,60838.76,60984.45,831.0,1000,0.0
2026-06-25 00:00:00,60983.43,61072.95,60929.68,61002.38,1055.0,1000,0.0
2026-06-25 00:15:00,61001.54,61014.91,60818.69,60826.56,1025.0,1000,0.0
2026-06-25 00:30:00,60825.59,60897.28,60739.55,60748.33,912.0,1000,0.0
2026-06-25 00:45:00,60748.63,60826.31,60617.39,60716.7,1021.0,1000,0.0
2026-06-25 01:00:00,60716.77,60786.52,60635.1,60670.45,963.0,1000,0.0
2026-06-25 01:15:00,60670.92,60846.6,60619.48,60758.64,940.0,1000,0.0
2026-06-25 01:30:00,60756.3,60813.41,60707.12,60725.96,844.0,1000,0.0
2026-06-25 01:45:00,60733.13,60900.32,60700.18,60824.42,696.0,1000,0.0
2026-06-25 02:00:00,60823.29,60875.69,60619.4,60680.95,701.0,1000,0.0
2026-06-25 02:15:00,60681.89,60855.47,60649.01,60832.12,674.0,1000,0.0
2026-06-25 02:30:00,60833.33,60843.79,60653.03,60666.82,708.0,1000,0.0
2026-06-25 02:45:00,60667.82,60732.5,60590.58,60696.43,671.0,1000,0.0
2026-06-25 03:00:00,60695.95,60783.2,60624.27,60669.02,718.0,1000,0.0
2026-06-25 03:15:00,60666.65,60744.93,60578.62,60691.77,524.0,1000,0.0
2026-06-25 03:30:00,60695.01,60754.32,60644.31,60647.57,434.0,1000,0.0
2026-06-25 03:45:00,60648.86,60811.51,60646.53,60784.69,481.0,1000,0.0
2026-06-25 04:00:00,60790.21,60815.95,60720.64,60723.14,479.0,1000,0.0
2026-06-25 04:15:00,60721.61,60823.89,60685.04,60792.55,419.0,1000,0.0
2026-06-25 04:30:00,60794.59,60884.99,60710.39,60884.99,487.0,1000,0.0
2026-06-25 04:45:00,60880.96,61321.64,60867.72,61246.48,1295.0,1000,0.0
2026-06-25 05:00:00,61246.1,61649.56,61173.14,61548.7,2158.0,1000,0.0
2026-06-25 05:15:00,61552.43,61723.09,61367.04,61508.79,1414.0,1000,0.0
2026-06-25 05:30:00,61517.26,61561.53,61421.82,61431.62,741.0,1000,0.0
2026-06-25 05:45:00,61432.0,61589.71,61411.69,61502.35,708.0,1000,0.0
2026-06-25 06:00:00,61502.62,61669.72,61498.14,61618.14,730.0,1000,0.0
2026-06-25 06:15:00,61613.89,61701.8,61536.49,61566.78,757.0,1000,0.0
2026-06-25 06:30:00,61566.81,61663.75,61550.51,61660.08,751.0,1000,0.0
2026-06-25 06:45:00,61660.22,61767.5,61610.34,61624.92,692.0,1000,0.0
2026-06-25 07:00:00,61631.59,61735.02,61560.87,61658.54,890.0,1000,0.0
2026-06-25 07:15:00,61657.78,61803.29,61657.78,61711.37,823.0,1000,0.0
2026-06-25 07:30:00,61710.48,61869.93,61709.23,61816.24,635.0,1000,0.0
2026-06-25 07:45:00,61819.82,61851.16,61705.68,61816.53,599.0,1000,0.0
2026-06-25 08:00:00,61816.46,61832.26,61653.89,61700.28,502.0,1000,0.0
2026-06-25 08:15:00,61702.85,61702.85,61607.3,61684.59,434.0,1000,0.0
2026-06-25 08:30:00,61682.12,61684.18,61615.04,61656.77,387.0,1000,0.0
2026-06-25 08:45:00,61656.74,61709.86,61577.72,61615.14,404.0,1000,0.0
2026-06-25 09:00:00,61616.22,61696.62,61580.19,61642.04,451.0,1000,0.0
2026-06-25 09:15:00,61640.17,61671.69,61507.0,61592.78,573.0,1000,0.0
2026-06-25 09:30:00,61592.8,61682.3,61584.0,61654.38,548.0,1000,0.0
2026-06-25 09:45:00,61654.45,61688.11,61597.79,61637.04,478.0,1000,0.0
2026-06-25 10:00:00,61636.86,61660.09,61548.64,61581.89,423.0,1000,0.0
2026-06-25 10:15:00,61582.42,61653.6,61466.56,61476.23,529.0,1000,0.0
2026-06-25 10:30:00,61478.22,61501.12,61296.26,61299.43,606.0,1000,0.0
2026-06-25 10:45:00,61298.82,61314.9,61167.01,61180.2,687.0,1000,0.0
2026-06-25 11:00:00,61183.22,61278.78,60965.68,61257.38,1210.0,1000,0.0
2026-06-25 11:15:00,61255.36,61333.93,61143.17,61143.6,1229.0,1000,0.0
2026-06-25 11:30:00,61143.22,61297.78,61143.22,61232.27,735.0,1000,0.0
2026-06-25 11:45:00,61230.4,61230.4,61055.67,61184.88,699.0,1000,0.0
2026-06-25 12:00:00,61185.96,61285.12,61053.98,61120.68,859.0,1000,0.0
2026-06-25 12:15:00,61117.63,61179.33,60972.21,61007.06,846.0,1000,0.0
2026-06-25 12:30:00,61007.83,61662.59,61007.83,61282.7,3600.0,1000,0.0
2026-06-25 12:45:00,61280.57,61321.66,61050.25,61137.41,1299.0,1000,0.0
2026-06-25 13:00:00,61137.34,61268.04,61063.38,61219.45,1271.0,1000,0.0
2026-06-25 13:15:00,61219.37,61265.49,61081.79,61132.12,1085.0,1000,0.0
2026-06-25 13:30:00,61128.71,61247.56,59965.48,59979.25,5191.0,1000,0.0
2026-06-25 13:45:00,59981.86,60153.98,57997.97,58210.91,14238.0,1000,0.0
2026-06-25 14:00:00,58204.75,59658.3,58192.96,59166.26,10637.0,1000,0.0
2026-06-25 14:15:00,59167.64,59474.94,58692.53,59241.17,8458.0,1000,0.0
2026-06-25 14:30:00,59239.39,60395.8,59084.16,59401.21,8446.0,1000,0.0
2026-06-25 14:45:00,59400.69,59709.85,59256.91,59381.7,4097.0,1000,0.0
2026-06-25 15:00:00,59383.91,59389.51,58954.01,58963.69,3745.0,1000,0.0
2026-06-25 15:15:00,58961.92,59299.44,58766.28,59173.36,4734.0,1000,0.0
2026-06-25 15:30:00,59172.86,59467.55,58981.52,59106.02,3193.0,1000,0.0
2026-06-25 15:45:00,59105.01,59562.28,59073.96,59473.03,2766.0,1000,0.0
2026-06-25 16:00:00,59474.96,59971.44,59372.08,59665.13,3475.0,1000,0.0
2026-06-25 16:15:00,59674.75,59762.54,59583.38,59654.89,2121.0,1000,0.0
2026-06-25 16:30:00,59645.68,59645.68,59141.79,59177.18,2652.0,1000,0.0
2026-06-25 16:45:00,59178.67,59301.83,59056.86,59217.66,1965.0,1000,0.0
2026-06-25 17:00:00,59214.77,59379.01,59038.58,59308.49,2128.0,1000,0.0
2026-06-25 17:15:00,59306.38,59515.42,59235.82,59453.57,2332.0,1000,0.0
2026-06-25 17:30:00,59459.85,59653.84,59388.64,59434.91,1963.0,1000,0.0
2026-06-25 17:45:00,59432.46,59590.83,59341.19,59586.1,1742.0,1000,0.0
2026-06-25 18:00:00,59588.94,59699.58,59293.5,59303.99,2225.0,1000,0.0
2026-06-25 18:15:00,59304.83,59658.11,59300.69,59617.25,1786.0,1000,0.0
2026-06-25 18:30:00,59618.15,59618.15,59295.11,59335.54,1567.0,1000,0.0
2026-06-25 18:45:00,59333.84,59510.17,59256.57,59409.31,1187.0,1000,0.0
2026-06-25 19:00:00,59411.44,59431.39,59129.77,59153.5,1346.0,1000,0.0
2026-06-25 19:15:00,59152.79,59271.4,59080.49,59249.38,1179.0,1000,0.0
2026-06-25 19:30:00,59248.53,59349.67,59192.81,59209.71,1146.0,1000,0.0
2026-06-25 19:45:00,59208.67,59271.36,59088.8,59230.63,1225.0,1000,0.0
2026-06-25 20:00:00,59235.0,59655.61,59222.55,59474.35,1778.0,1000,0.0
2026-06-25 20:15:00,59478.58,59631.92,59442.05,59521.99,934.0,1000,0.0
2026-06-25 20:30:00,59523.58,59563.78,59312.14,59421.8,976.0,1000,0.0
2026-06-25 20:45:00,59420.8,59427.95,59244.76,59354.08,832.0,1000,0.0
2026-06-25 21:00:00,59359.29,59525.74,59346.73,59520.83,787.0,1000,0.0
2026-06-25 21:15:00,59520.74,59617.95,59450.14,59616.36,581.0,1000,0.0
2026-06-25 21:30:00,59614.78,59920.7,59596.47,59866.22,999.0,1000,0.0
2026-06-25 21:45:00,59856.83,60176.61,59794.0,60108.64,1187.0,1000,0.0
2026-06-25 22:00:00,60107.53,60111.81,59780.17,59793.22,1304.0,1000,0.0
2026-06-25 22:15:00,59794.69,59925.52,59692.12,59704.9,826.0,1000,0.0
2026-06-25 22:30:00,59699.03,59791.82,59647.75,59708.81,752.0,1000,0.0
2026-06-25 22:45:00,59708.87,59840.37,59639.17,59750.82,718.0,1000,0.0
2026-06-25 23:00:00,59749.03,59869.72,59696.45,59859.39,652.0,1000,0.0
2026-06-25 23:15:00,59864.75,60089.68,59832.13,60007.48,1078.0,1000,0.0
2026-06-25 23:30:00,60007.5,60103.34,59863.76,59887.05,779.0,1000,0.0
2026-06-25 23:45:00,59885.34,59889.48,59642.21,59707.6,764.0,1000,0.0
2026-06-26 00:00:00,59710.78,59817.56,59672.54,59796.25,1001.0,1000,0.0
2026-06-26 00:15:00,59796.72,59796.72,59604.29,59683.16,965.0,1000,0.0
2026-06-26 00:30:00,59682.72,59785.48,59608.25,59696.58,994.0,1000,0.0
2026-06-26 00:45:00,59697.25,59739.34,59538.05,59574.65,949.0,1000,0.0
2026-06-26 01:00:00,59575.03,59701.72,59351.3,59512.19,1470.0,1000,0.0
2026-06-26 01:15:00,59509.86,59580.5,59203.72,59212.43,1038.0,1000,0.0
2026-06-26 01:30:00,59210.62,59292.04,59133.65,59226.57,1285.0,1000,0.0
2026-06-26 01:45:00,59219.38,59350.07,59179.04,59346.95,873.0,1000,0.0
2026-06-26 02:00:00,59348.73,59365.91,58553.71,58591.21,2329.0,1000,0.0
2026-06-26 02:15:00,58596.61,58812.99,58265.86,58799.51,3886.0,1000,0.0
2026-06-26 02:30:00,58800.9,58938.85,58592.77,58736.32,2612.0,1000,0.0
2026-06-26 02:45:00,58734.8,58750.18,58348.45,58487.9,2605.0,1000,0.0
2026-06-26 03:00:00,58487.5,58888.3,58238.47,58805.63,3426.0,1000,0.0
2026-06-26 03:15:00,58800.63,59109.16,58706.99,59006.33,1908.0,1000,0.0
2026-06-26 03:30:00,59003.16,59459.02,58920.65,59394.6,2006.0,1000,0.0
2026-06-26 03:45:00,59389.95,60050.05,59388.61,59942.21,3005.0,1000,0.0
2026-06-26 04:00:00,59949.19,60011.1,59732.75,59820.95,1786.0,1000,0.0
2026-06-26 04:15:00,59812.71,60169.12,59792.92,59900.65,1649.0,1000,0.0
2026-06-26 04:30:00,59888.39,59934.94,59795.28,59885.03,936.0,1000,0.0
2026-06-26 04:45:00,59892.6,59897.28,59740.08,59832.04,701.0,1000,0.0
2026-06-26 05:00:00,59831.96,59892.19,59743.59,59892.19,987.0,1000,0.0
2026-06-26 05:15:00,59890.61,59964.41,59634.68,59864.37,1251.0,1000,0.0
2026-06-26 05:30:00,59866.3,59965.47,59760.68,59799.35,924.0,1000,0.0
2026-06-26 05:45:00,59801.18,59883.38,59690.57,59862.09,1042.0,1000,0.0
2026-06-26 06:00:00,59858.74,59858.74,59600.66,59627.06,1189.0,1000,0.0
2026-06-26 06:15:00,59637.07,60019.31,59621.24,59954.48,1263.0,1000,0.0
2026-06-26 06:30:00,59951.78,60342.17,59860.29,60294.36,1749.0,1000,0.0
2026-06-26 06:45:00,60292.86,60382.29,60143.26,60241.42,1316.0,1000,0.0
2026-06-26 07:00:00,60241.09,60460.78,60186.29,60430.33,1313.0,1000,0.0
2026-06-26 07:15:00,60428.76,60628.72,60373.76,60496.31,1619.0,1000,0.0
2026-06-26 07:30:00,60498.53,60675.82,60457.06,60488.81,1424.0,1000,0.0
2026-06-26 07:45:00,60496.25,60550.04,60401.05,60439.63,993.0,1000,0.0
2026-06-26 08:00:00,60435.78,60481.89,60130.96,60187.25,1246.0,1000,0.0
2026-06-26 08:15:00,60186.03,60293.93,60092.91,60220.15,1020.0,1000,0.0
2026-06-26 08:30:00,60221.15,60259.86,60050.74,60129.5,840.0,1000,0.0
2026-06-26 08:45:00,60129.98,60195.94,60057.42,60154.69,846.0,1000,0.0
2026-06-26 09:00:00,60155.38,60169.64,59980.12,60079.96,958.0,1000,0.0
2026-06-26 09:15:00,60083.05,60097.4,59994.39,60043.95,883.0,1000,0.0
2026-06-26 09:30:00,60039.35,60051.24,59858.84,59915.6,937.0,1000,0.0
2026-06-26 09:45:00,59921.33,59950.74,59482.71,59649.42,2227.0,1000,0.0
2026-06-26 10:00:00,59653.7,59746.05,59562.91,59660.95,1381.0,1000,0.0
2026-06-26 10:15:00,59661.38,59780.04,59627.02,59641.11,1169.0,1000,0.0
2026-06-26 10:30:00,59641.76,59728.54,59365.6,59474.66,1343.0,1000,0.0
2026-06-26 10:45:00,59467.05,59489.06,59148.9,59227.8,1522.0,1000,0.0
2026-06-26 11:00:00,59232.45,59511.31,59174.15,59407.29,1482.0,1000,0.0
2026-06-26 11:15:00,59401.0,59421.59,59277.76,59340.51,1110.0,1000,0.0
2026-06-26 11:30:00,59337.92,59456.94,59300.69,59358.03,1139.0,1000,0.0
2026-06-26 11:45:00,59356.74,59375.95,59193.98,59330.08,1347.0,1000,0.0
2026-06-26 12:00:00,59330.86,59436.32,59254.52,59381.1,1437.0,1000,0.0
2026-06-26 12:15:00,59381.44,59652.0,59365.78,59652.0,1729.0,1000,0.0
2026-06-26 12:30:00,59652.63,59940.41,58882.5,59061.32,3943.0,1000,0.0
2026-06-26 12:45:00,59056.47,59523.53,58976.45,59108.73,3632.0,1000,0.0
2026-06-26 13:00:00,59109.04,59197.0,58858.03,59010.61,2785.0,1000,0.0
2026-06-26 13:15:00,59011.31,59086.05,58367.06,58823.12,4986.0,1000,0.0
2026-06-26 13:30:00,58816.88,59431.21,58739.22,59389.77,6952.0,1000,0.0
2026-06-26 13:45:00,59389.56,60129.67,59236.9,60082.83,5408.0,1000,0.0
2026-06-26 14:00:00,60084.5,60216.98,59722.83,59900.24,5022.0,1000,0.0
2026-06-26 14:15:00,59891.01,60163.97,59731.06,59971.52,3720.0,1000,0.0
2026-06-26 14:30:00,59978.3,59991.77,59451.45,59517.71,3288.0,1000,0.0
2026-06-26 14:45:00,59520.27,59828.12,59291.29,59508.54,2965.0,1000,0.0
2026-06-26 15:00:00,59509.76,60017.85,59490.18,59739.78,3045.0,1000,0.0
2026-06-26 15:15:00,59744.43,60288.02,59695.39,60102.46,2946.0,1000,0.0
2026-06-26 15:30:00,60103.7,60421.82,60045.95,60341.12,2682.0,1000,0.0
2026-06-26 15:45:00,60342.32,60359.33,60054.44,60230.04,2278.0,1000,0.0
2026-06-26 16:00:00,60227.54,60505.28,60056.18,60092.21,2324.0,1000,0.0
2026-06-26 16:15:00,60094.96,60195.89,59870.9,59959.33,1978.0,1000,0.0
2026-06-26 16:30:00,59960.26,60299.51,59947.17,59977.1,1720.0,1000,0.0
2026-06-26 16:45:00,59976.49,60090.36,59911.04,59949.4,1337.0,1000,0.0
2026-06-26 17:00:00,59942.0,60195.48,59907.34,60123.99,1554.0,1000,0.0
2026-06-26 17:15:00,60123.71,60164.46,59939.17,60087.99,1493.0,1000,0.0
2026-06-26 17:30:00,60088.15,60122.35,59844.85,59973.92,1419.0,1000,0.0
2026-06-26 17:45:00,59974.97,60018.97,59860.24,59934.35,1206.0,1000,0.0
2026-06-26 18:00:00,59933.77,60078.02,59917.34,60004.46,1419.0,1000,0.0
2026-06-26 18:15:00,60000.41,60025.79,59706.91,59744.06,1198.0,1000,0.0
2026-06-26 18:30:00,59745.66,59792.02,59635.18,59678.9,1010.0,1000,0.0
2026-06-26 18:45:00,59679.61,59679.61,59451.94,59570.6,983.0,1000,0.0
2026-06-26 19:00:00,59575.13,60000.17,59510.31,59928.04,1672.0,1000,0.0
2026-06-26 19:15:00,59926.53,59926.53,59775.13,59840.64,1125.0,1000,0.0
2026-06-26 19:30:00,59844.42,60005.2,59778.28,59784.36,1210.0,1000,0.0
2026-06-26 19:45:00,59777.81,59832.46,59636.93,59656.64,1186.0,1000,0.0
2026-06-26 20:00:00,59654.9,59905.36,59587.17,59630.48,1766.0,1000,0.0
2026-06-26 20:15:00,59634.22,59721.04,59593.27,59677.85,803.0,1000,0.0
2026-06-26 20:30:00,59681.11,59690.74,59481.71,59551.92,1207.0,1000,0.0
2026-06-26 20:45:00,59554.38,59707.66,59546.65,59629.54,914.0,1000,0.0
2026-06-26 21:00:00,59631.65,59684.94,59581.37,59676.94,535.0,1000,0.0
2026-06-26 21:15:00,59671.6,59801.09,59594.18,59774.85,573.0,1000,0.0
2026-06-26 21:30:00,59774.71,59964.56,59763.1,59937.34,599.0,1000,0.0
2026-06-26 21:45:00,59936.56,59960.17,59828.57,59829.45,832.0,1000,0.0
2026-06-26 22:00:00,59828.63,59871.98,59656.41,59820.64,774.0,1000,0.0
2026-06-26 22:15:00,59818.07,59895.28,59799.95,59799.95,533.0,1000,0.0
2026-06-26 22:30:00,59804.75,59899.01,59778.0,59871.93,490.0,1000,0.0
2026-06-26 22:45:00,59871.11,60000.07,59835.37,59955.91,525.0,1000,0.0
2026-06-26 23:00:00,59955.39,60040.67,59924.28,59998.86,540.0,1000,0.0
2026-06-26 23:15:00,60000.36,60001.0,59884.13,59888.68,426.0,1000,0.0
2026-06-26 23:30:00,59888.37,59997.32,59828.67,59969.55,496.0,1000,0.0
2026-06-26 23:45:00,59973.6,60033.56,59961.37,60017.01,355.0,1000,0.0
2026-06-27 00:00:00,60019.04,60117.07,59971.65,60030.65,557.0,1000,0.0
2026-06-27 00:15:00,60030.85,60046.4,59941.45,59964.36,424.0,1000,0.0
2026-06-27 00:30:00,59964.72,59964.72,59789.65,59892.13,608.0,1000,0.0
2026-06-27 00:45:00,59891.12,59984.43,59861.53,59976.86,389.0,1000,0.0
2026-06-27 01:00:00,59973.8,59989.8,59872.76,59882.87,380.0,1000,0.0
2026-06-27 01:15:00,59881.92,59916.93,59837.31,59905.12,398.0,1000,0.0
2026-06-27 01:30:00,59903.51,59912.74,59833.16,59883.71,401.0,1000,0.0
2026-06-27 01:45:00,59883.8,59906.19,59842.9,59854.52,315.0,1000,0.0
2026-06-27 02:00:00,59851.16,60028.2,59812.72,60022.02,452.0,1000,0.0
2026-06-27 02:15:00,60020.87,60282.75,59979.57,60206.17,907.0,1000,0.0
2026-06-27 02:30:00,60206.06,60232.65,60103.04,60186.55,741.0,1000,0.0
2026-06-27 02:45:00,60186.44,60265.82,60168.04,60194.23,543.0,1000,0.0
2026-06-27 03:00:00,60191.98,60327.69,60070.73,60080.14,739.0,1000,0.0
2026-06-27 03:15:00,60078.36,60257.24,60063.36,60215.05,505.0,1000,0.0
2026-06-27 03:30:00,60218.76,60302.97,60182.31,60213.42,556.0,1000,0.0
2026-06-27 03:45:00,60212.11,60262.42,60162.68,60207.39,463.0,1000,0.0
2026-06-27 04:00:00,60207.01,60373.9,60206.9,60316.72,568.0,1000,0.0
2026-06-27 04:15:00,60317.51,60414.0,60286.86,60299.9,561.0,1000,0.0
2026-06-27 04:30:00,60299.48,60358.41,60257.44,60282.32,416.0,1000,0.0
2026-06-27 04:45:00,60281.38,60290.37,60122.34,60152.88,444.0,1000,0.0
2026-06-27 05:00:00,60154.54,60223.11,60096.88,60209.23,455.0,1000,0.0
2026-06-27 05:15:00,60210.35,60210.35,60063.91,60070.6,499.0,1000,0.0
2026-06-27 05:30:00,60081.3,60148.31,60038.01,60134.48,493.0,1000,0.0
2026-06-27 05:45:00,60141.16,60185.9,60126.83,60139.23,431.0,1000,0.0
2026-06-27 06:00:00,60146.98,60153.07,60013.69,60059.35,472.0,1000,0.0
2026-06-27 06:15:00,60059.94,60146.92,60008.3,60118.14,389.0,1000,0.0
2026-06-27 06:30:00,60118.04,60351.94,60116.23,60309.74,662.0,1000,0.0
2026-06-27 06:45:00,60310.0,60426.96,60254.68,60276.47,583.0,1000,0.0
2026-06-27 07:00:00,60282.43,60307.52,60196.92,60229.78,418.0,1000,0.0
2026-06-27 07:15:00,60231.19,60355.01,60209.86,60326.77,435.0,1000,0.0
2026-06-27 07:30:00,60329.62,60377.35,60289.0,60346.93,448.0,1000,0.0
2026-06-27 07:45:00,60353.8,60490.6,60347.87,60449.39,547.0,1000,0.0
2026-06-27 08:00:00,60452.13,60455.25,60350.71,60395.78,564.0,1000,0.0
2026-06-27 08:15:00,60394.06,60447.03,60350.97,60359.17,407.0,1000,0.0
2026-06-27 08:30:00,60364.48,60371.75,60269.88,60284.58,401.0,1000,0.0
2026-06-27 08:45:00,60284.53,60427.58,60277.62,60358.26,442.0,1000,0.0
2026-06-27 09:00:00,60350.84,60410.43,60248.9,60267.95,505.0,1000,0.0
2026-06-27 09:15:00,60267.62,60281.96,60192.46,60270.75,433.0,1000,0.0
2026-06-27 09:30:00,60274.82,60349.93,60272.04,60295.88,282.0,1000,0.0
2026-06-27 09:45:00,60301.93,60348.98,60281.61,60315.77,355.0,1000,0.0
2026-06-27 10:00:00,60320.65,60377.03,60296.49,60377.03,298.0,1000,0.0
2026-06-27 10:15:00,60376.96,60397.7,60343.95,60357.73,339.0,1000,0.0
2026-06-27 10:30:00,60358.12,60359.19,60305.41,60328.08,391.0,1000,0.0
2026-06-27 10:45:00,60331.59,60334.58,60273.37,60309.96,292.0,1000,0.0
2026-06-27 11:00:00,60317.12,60353.7,60260.26,60298.48,366.0,1000,0.0
2026-06-27 11:15:00,60303.11,60303.11,60126.85,60172.79,403.0,1000,0.0
2026-06-27 11:30:00,60172.84,60210.16,60096.77,60182.09,395.0,1000,0.0
2026-06-27 11:45:00,60179.61,60335.58,60179.03,60264.01,476.0,1000,0.0
2026-06-27 12:00:00,60266.4,60267.64,60152.14,60203.66,432.0,1000,0.0
2026-06-27 12:15:00,60202.75,60250.38,60185.84,60238.08,294.0,1000,0.0
2026-06-27 12:30:00,60243.87,60293.0,60205.21,60221.07,450.0,1000,0.0
2026-06-27 12:45:00,60228.9,60342.99,60206.94,60323.12,415.0,1000,0.0
2026-06-27 13:00:00,60324.5,60385.57,60281.35,60335.15,435.0,1000,0.0
2026-06-27 13:15:00,60327.16,60398.58,60294.0,60371.87,363.0,1000,0.0
2026-06-27 13:30:00,60371.8,60576.17,60343.83,60502.72,726.0,1000,0.0
2026-06-27 13:45:00,60502.17,60532.39,60444.93,60483.89,536.0,1000,0.0
2026-06-27 14:00:00,60482.61,60631.57,60403.85,60575.32,707.0,1000,0.0
2026-06-27 14:15:00,60571.37,60571.37,60487.38,60501.17,577.0,1000,0.0
2026-06-27 14:30:00,60498.26,60565.18,60423.13,60530.74,557.0,1000,0.0
2026-06-27 14:45:00,60534.1,60571.93,60502.1,60511.05,428.0,1000,0.0
2026-06-27 15:00:00,60511.22,60833.15,60460.64,60770.15,1044.0,1000,0.0
2026-06-27 15:15:00,60773.94,60778.34,60614.9,60710.0,699.0,1000,0.0
2026-06-27 15:30:00,60707.77,60857.31,60650.12,60686.75,789.0,1000,0.0
2026-06-27 15:45:00,60684.49,60761.35,60645.37,60741.59,455.0,1000,0.0
2026-06-27 16:00:00,60741.52,60765.81,60635.58,60650.56,490.0,1000,0.0
2026-06-27 16:15:00,60651.59,60656.14,60579.99,60625.66,470.0,1000,0.0
2026-06-27 16:30:00,60625.99,60700.96,60573.35,60700.96,441.0,1000,0.0
2026-06-27 16:45:00,60693.72,60725.06,60661.4,60708.18,407.0,1000,0.0
2026-06-27 17:00:00,60708.24,60727.42,60310.85,60466.88,1069.0,1000,0.0
2026-06-27 17:15:00,60465.22,60525.71,60369.04,60477.36,646.0,1000,0.0
2026-06-27 17:30:00,60483.15,60557.52,60398.18,60497.22,582.0,1000,0.0
2026-06-27 17:45:00,60503.44,60523.04,60417.28,60426.89,425.0,1000,0.0
2026-06-27 18:00:00,60426.96,60469.37,60348.72,60423.59,596.0,1000,0.0
2026-06-27 18:15:00,60423.63,60467.9,60358.94,60415.88,424.0,1000,0.0
2026-06-27 18:30:00,60420.36,60474.65,60401.6,60466.87,301.0,1000,0.0
2026-06-27 18:45:00,60462.01,60477.41,60412.29,60471.28,329.0,1000,0.0
2026-06-27 19:00:00,60470.93,60507.65,60451.95,60499.22,319.0,1000,0.0
2026-06-27 19:15:00,60505.38,60505.38,60153.36,60226.78,999.0,1000,0.0
2026-06-27 19:30:00,60235.91,60237.95,59974.03,60098.05,1084.0,1000,0.0
2026-06-27 19:45:00,60097.36,60156.32,60039.33,60086.98,508.0,1000,0.0
2026-06-27 20:00:00,60081.45,60199.37,60072.45,60160.66,460.0,1000,0.0
2026-06-27 20:15:00,60161.93,60207.1,60148.22,60174.35,413.0,1000,0.0
2026-06-27 20:30:00,60171.82,60184.75,60149.89,60157.07,273.0,1000,0.0
2026-06-27 20:45:00,60161.6,60206.38,60161.6,60199.96,304.0,1000,0.0
2026-06-27 21:00:00,60204.34,60310.46,60199.49,60292.15,440.0,1000,0.0
2026-06-27 21:15:00,60291.88,60371.6,60254.37,60350.7,420.0,1000,0.0
2026-06-27 21:30:00,60350.76,60398.16,60133.1,60156.66,432.0,1000,0.0
2026-06-27 21:45:00,60156.37,60200.85,60037.9,60105.86,735.0,1000,0.0
2026-06-27 22:00:00,60104.14,60104.14,59945.41,60025.15,736.0,1000,0.0
2026-06-27 22:15:00,60030.89,60080.09,59749.51,60033.35,1384.0,1000,0.0
2026-06-27 22:30:00,60029.73,60171.37,60025.62,60075.77,578.0,1000,0.0
2026-06-27 22:45:00,60078.77,60152.48,60061.78,60134.44,411.0,1000,0.0
2026-06-27 23:00:00,60131.48,60242.03,59919.0,59948.46,687.0,1000,0.0
2026-06-27 23:15:00,59946.03,60011.61,59853.57,59904.52,838.0,1000,0.0
2026-06-27 23:30:00,59904.19,60014.14,59876.73,59967.74,500.0,1000,0.0
2026-06-27 23:45:00,59965.61,59994.93,59913.3,59943.44,435.0,1000,0.0
2026-06-28 00:00:00,59943.49,60058.99,59915.69,60042.22,595.0,1000,0.0
2026-06-28 00:15:00,60040.55,60105.59,60028.98,60080.19,365.0,1000,0.0
2026-06-28 00:30:00,60080.16,60093.74,59988.81,60093.74,411.0,1000,0.0
2026-06-28 00:45:00,60085.5,60112.4,60041.51,60066.2,375.0,1000,0.0
2026-06-28 01:00:00,60067.48,60080.33,59883.6,59992.48,526.0,1000,0.0
2026-06-28 01:15:00,59990.28,60151.48,59965.26,60115.3,498.0,1000,0.0
2026-06-28 01:30:00,60116.53,60190.14,60090.03,60169.07,429.0,1000,0.0
2026-06-28 01:45:00,60168.75,60198.21,60108.61,60132.68,328.0,1000,0.0
2026-06-28 02:00:00,60131.57,60199.05,60128.14,60190.61,346.0,1000,0.0
2026-06-28 02:15:00,60192.76,60256.51,59954.56,60029.93,750.0,1000,0.0
2026-06-28 02:30:00,60029.54,60069.42,60004.86,60044.44,379.0,1000,0.0
2026-06-28 02:45:00,60043.84,60098.04,60011.59,60063.21,342.0,1000,0.0
2026-06-28 03:00:00,60059.34,60183.34,60059.34,60166.1,364.0,1000,0.0
2026-06-28 03:15:00,60168.3,60194.51,60108.67,60174.52,344.0,1000,0.0
2026-06-28 03:30:00,60174.56,60197.9,60094.9,60115.02,309.0,1000,0.0
2026-06-28 03:45:00,60116.4,60134.46,60072.35,60114.81,308.0,1000,0.0
2026-06-28 04:00:00,60111.47,60150.11,60048.65,60124.58,404.0,1000,0.0
2026-06-28 04:15:00,60121.06,60145.84,60104.17,60120.4,257.0,1000,0.0
2026-06-28 04:30:00,60116.52,60119.78,60000.82,60078.4,462.0,1000,0.0
2026-06-28 04:45:00,60080.87,60111.19,60030.0,60052.1,285.0,1000,0.0
2026-06-28 05:00:00,60053.11,60056.02,59869.56,59930.67,528.0,1000,0.0
2026-06-28 05:15:00,59935.89,59942.54,59653.48,59748.47,961.0,1000,0.0
2026-06-28 05:30:00,59744.69,59876.2,59707.01,59834.97,582.0,1000,0.0
2026-06-28 05:45:00,59835.37,59929.11,59827.9,59895.04,401.0,1000,0.0
2026-06-28 06:00:00,59896.34,59940.12,59746.18,59756.76,567.0,1000,0.0
2026-06-28 06:15:00,59755.9,59879.52,59710.02,59838.87,623.0,1000,0.0
2026-06-28 06:30:00,59833.2,59907.11,59832.46,59874.52,364.0,1000,0.0
2026-06-28 06:45:00,59869.56,59953.81,59861.6,59903.67,351.0,1000,0.0
2026-06-28 07:00:00,59902.0,60101.79,59900.5,60051.99,670.0,1000,0.0
2026-06-28 07:15:00,60052.87,60060.67,60009.2,60013.81,258.0,1000,0.0
2026-06-28 07:30:00,60016.66,60171.3,60009.94,60131.5,585.0,1000,0.0
2026-06-28 07:45:00,60130.12,60182.96,60104.61,60131.53,378.0,1000,0.0
2026-06-28 08:00:00,60131.2,60168.99,60045.32,60094.01,392.0,1000,0.0
2026-06-28 08:15:00,60093.83,60151.63,60062.84,60131.5,437.0,1000,0.0
2026-06-28 08:30:00,60136.03,60469.2,60130.77,60356.23,1080.0,1000,0.0
2026-06-28 08:45:00,60360.85,60401.8,60280.09,60281.72,535.0,1000,0.0
2026-06-28 09:00:00,60276.32,60384.54,60196.65,60280.3,600.0,1000,0.0
2026-06-28 09:15:00,60279.77,60310.68,60223.96,60243.93,459.0,1000,0.0
2026-06-28 09:30:00,60243.87,60320.25,60218.74,60288.31,365.0,1000,0.0
2026-06-28 09:45:00,60285.75,60304.28,60157.17,60165.87,567.0,1000,0.0
2026-06-28 10:00:00,60167.92,60211.77,60089.13,60168.84,470.0,1000,0.0
2026-06-28 10:15:00,60164.09,60206.53,59972.13,60020.15,557.0,1000,0.0
2026-06-28 10:30:00,60019.12,60060.9,59977.46,60039.07,473.0,1000,0.0
2026-06-28 10:45:00,60037.94,60093.19,60034.8,60077.55,330.0,1000,0.0
2026-06-28 11:00:00,60078.77,60183.8,60026.62,60038.13,534.0,1000,0.0
2026-06-28 11:15:00,60036.84,60278.49,60033.03,60221.39,680.0,1000,0.0
2026-06-28 11:30:00,60234.01,60247.56,60164.85,60216.13,403.0,1000,0.0
2026-06-28 11:45:00,60218.84,60290.68,60159.17,60254.7,544.0,1000,0.0
2026-06-28 12:00:00,60254.12,60320.72,60201.23,60213.08,434.0,1000,0.0
2026-06-28 12:15:00,60212.99,60259.23,60094.46,60248.2,628.0,1000,0.0
2026-06-28 12:30:00,60248.04,60376.85,60107.31,60152.48,825.0,1000,0.0
2026-06-28 12:45:00,60149.84,60232.85,60146.11,60199.1,437.0,1000,0.0
2026-06-28 13:00:00,60197.95,60203.05,59871.71,60038.16,1169.0,1000,0.0
2026-06-28 13:15:00,60038.7,60079.39,59981.6,60031.87,629.0,1000,0.0
2026-06-28 13:30:00,60032.13,60101.07,59944.98,60034.63,688.0,1000,0.0
2026-06-28 13:45:00,60031.89,60052.66,59968.43,59982.65,495.0,1000,0.0
2026-06-28 14:00:00,59981.1,60083.09,59939.91,60083.09,625.0,1000,0.0
2026-06-28 14:15:00,60082.85,60169.74,60010.17,60073.5,714.0,1000,0.0
2026-06-28 14:30:00,60062.23,60110.45,59986.32,60029.88,644.0,1000,0.0
2026-06-28 14:45:00,60023.8,60089.74,59920.31,59941.06,649.0,1000,0.0
2026-06-28 15:00:00,59938.34,60015.6,59793.68,59988.6,985.0,1000,0.0
2026-06-28 15:15:00,59984.23,60051.23,59917.27,59953.06,624.0,1000,0.0
2026-06-28 15:30:00,59956.87,60016.47,59810.62,59885.72,606.0,1000,0.0
2026-06-28 15:45:00,59879.91,59925.12,59725.11,59804.49,681.0,1000,0.0
2026-06-28 16:00:00,59805.67,59864.96,59720.18,59748.22,709.0,1000,0.0
2026-06-28 16:15:00,59749.16,59820.53,59594.67,59689.08,987.0,1000,0.0
2026-06-28 16:30:00,59686.12,59714.1,59516.94,59546.33,1437.0,1000,0.0
2026-06-28 16:45:00,59546.73,59653.99,59494.94,59598.97,890.0,1000,0.0
2026-06-28 17:00:00,59595.06,59772.71,59463.34,59557.58,1013.0,1000,0.0
2026-06-28 17:15:00,59555.56,59604.69,59508.03,59519.8,677.0,1000,0.0
2026-06-28 17:30:00,59519.74,59562.16,59313.24,59448.17,1292.0,1000,0.0
2026-06-28 17:45:00,59440.91,59555.49,59428.88,59501.85,650.0,1000,0.0
2026-06-28 18:00:00,59502.71,59623.88,59484.62,59567.04,641.0,1000,0.0
2026-06-28 18:15:00,59566.63,59587.99,59508.12,59527.01,526.0,1000,0.0
2026-06-28 18:30:00,59519.89,59598.03,59485.39,59513.04,522.0,1000,0.0
2026-06-28 18:45:00,59513.1,59544.42,59413.0,59522.14,595.0,1000,0.0
2026-06-28 19:00:00,59518.62,59526.06,59367.2,59425.37,550.0,1000,0.0
2026-06-28 19:15:00,59426.19,59461.03,59352.88,59461.03,577.0,1000,0.0
2026-06-28 19:30:00,59461.27,59606.93,59326.58,59350.85,756.0,1000,0.0
2026-06-28 19:45:00,59350.92,59413.5,59174.13,59387.54,1299.0,1000,0.0
2026-06-28 20:00:00,59388.03,59589.49,59381.04,59565.72,607.0,1000,0.0
2026-06-28 20:15:00,59565.66,59687.63,59555.78,59628.55,666.0,1000,0.0
2026-06-28 20:30:00,59621.71,59634.53,59532.22,59578.57,429.0,1000,0.0
2026-06-28 20:45:00,59577.53,59634.01,59551.99,59562.87,319.0,1000,0.0
2026-06-28 21:00:00,59564.67,59613.51,59548.09,59599.7,355.0,1000,0.0
2026-06-28 21:15:00,59601.53,59646.37,59565.02,59612.92,421.0,1000,0.0
2026-06-28 21:30:00,59608.91,59706.17,59561.67,59561.67,509.0,1000,0.0
2026-06-28 21:45:00,59560.81,59590.74,59232.41,59351.49,1747.0,1000,0.0
2026-06-28 22:00:00,59354.07,59823.78,59352.48,59535.78,2931.0,1000,0.0
2026-06-28 22:15:00,59533.57,59548.87,59078.58,59291.01,2614.0,1000,0.0
2026-06-28 22:30:00,59292.2,59369.25,58979.41,59016.37,2111.0,1000,0.0
2026-06-28 22:45:00,59020.19,59134.04,58821.49,58982.2,2230.0,1000,0.0
2026-06-28 23:00:00,58980.86,59282.88,58915.58,59179.74,1848.0,1000,0.0
2026-06-28 23:15:00,59178.26,59503.11,59154.06,59445.04,1243.0,1000,0.0
2026-06-28 23:30:00,59442.55,59756.71,59430.81,59637.05,1685.0,1000,0.0
2026-06-28 23:45:00,59639.02,59711.14,59474.53,59482.07,882.0,1000,0.0
2026-06-29 00:00:00,59488.8,59602.31,59167.85,59489.66,1887.0,1000,0.0
2026-06-29 00:15:00,59494.08,59510.44,59096.99,59113.67,1942.0,1000,0.0
2026-06-29 00:30:00,59118.17,59292.73,58905.21,59285.5,2700.0,1000,0.0
2026-06-29 00:45:00,59286.24,59608.98,59070.41,59562.4,1952.0,1000,0.0
2026-06-29 01:00:00,59557.54,59602.01,59354.14,59391.32,1602.0,1000,0.0
2026-06-29 01:15:00,59391.67,59427.57,59138.28,59210.84,1651.0,1000,0.0
2026-06-29 01:30:00,59202.72,59479.48,59101.1,59451.11,1951.0,1000,0.0
2026-06-29 01:45:00,59457.59,59486.65,59326.84,59343.83,1238.0,1000,0.0
2026-06-29 02:00:00,59343.62,59420.1,58782.15,58937.22,1953.0,1000,0.0
2026-06-29 02:15:00,58939.41,59506.05,58886.33,59449.75,2628.0,1000,0.0
2026-06-29 02:30:00,59441.24,59710.61,59395.23,59672.08,1573.0,1000,0.0
2026-06-29 02:45:00,59679.03,59720.67,59604.11,59657.66,1171.0,1000,0.0
2026-06-29 03:00:00,59660.03,60095.37,59660.03,59908.46,2250.0,1000,0.0
2026-06-29 03:15:00,59907.95,60144.27,59869.78,60074.8,1133.0,1000,0.0
2026-06-29 03:30:00,60075.31,60113.0,59775.95,59818.44,1152.0,1000,0.0
2026-06-29 03:45:00,59816.99,59982.41,59779.47,59948.75,1113.0,1000,0.0
2026-06-29 04:00:00,59949.4,59960.0,59796.48,59824.67,841.0,1000,0.0
2026-06-29 04:15:00,59823.14,59904.07,59732.42,59857.16,762.0,1000,0.0
2026-06-29 04:30:00,59858.48,59867.59,59642.39,59746.18,892.0,1000,0.0
2026-06-29 04:45:00,59747.89,59816.58,59683.66,59736.67,691.0,1000,0.0
2026-06-29 05:00:00,59735.67,59770.76,59284.35,59436.83,1714.0,1000,0.0
2026-06-29 05:15:00,59439.6,59628.46,59427.19,59592.3,1392.0,1000,0.0
2026-06-29 05:30:00,59584.45,59836.15,59543.65,59814.53,1128.0,1000,0.0
2026-06-29 05:45:00,59810.0,60013.67,59797.03,59998.34,1080.0,1000,0.0
2026-06-29 06:00:00,60007.62,60126.58,59977.18,60067.7,1186.0,1000,0.0
2026-06-29 06:15:00,60067.24,60255.52,60015.07,60077.82,1430.0,1000,0.0
2026-06-29 06:30:00,60076.86,60114.38,59970.24,59977.46,719.0,1000,0.0
2026-06-29 06:45:00,59975.89,60072.64,59952.31,59982.1,714.0,1000,0.0
2026-06-29 07:00:00,59981.85,59992.04,59831.62,59992.04,920.0,1000,0.0
2026-06-29 07:15:00,59992.2,60101.88,59923.01,60010.44,848.0,1000,0.0
2026-06-29 07:30:00,60007.18,60045.8,59950.09,59965.83,552.0,1000,0.0
2026-06-29 07:45:00,59964.48,60047.26,59928.31,59928.31,604.0,1000,0.0
2026-06-29 08:00:00,59932.31,60001.66,59801.15,59869.56,1144.0,1000,0.0
2026-06-29 08:15:00,59871.11,59973.4,59714.73,59731.76,1093.0,1000,0.0
2026-06-29 08:30:00,59734.79,59821.96,59646.81,59775.61,1064.0,1000,0.0
2026-06-29 08:45:00,59772.43,59851.93,59741.54,59744.29,803.0,1000,0.0
2026-06-29 09:00:00,59739.97,59867.09,59708.8,59855.02,813.0,1000,0.0
2026-06-29 09:15:00,59848.67,60029.08,59683.95,59844.55,1125.0,1000,0.0
2026-06-29 09:30:00,59847.56,59918.17,59797.72,59889.88,925.0,1000,0.0
2026-06-29 09:45:00,59889.27,59996.06,59833.46,59974.88,957.0,1000,0.0
2026-06-29 10:00:00,59972.68,60234.18,59972.68,60146.01,1050.0,1000,0.0
2026-06-29 10:15:00,60145.93,60229.22,60091.77,60125.22,633.0,1000,0.0
2026-06-29 10:30:00,60127.5,60136.21,59988.59,60051.33,708.0,1000,0.0
2026-06-29 10:45:00,60050.97,60077.18,59978.2,60007.31,657.0,1000,0.0
2026-06-29 11:00:00,60002.18,60016.74,59861.13,59863.9,726.0,1000,0.0
2026-06-29 11:15:00,59858.33,59923.13,59793.81,59912.39,676.0,1000,0.0
2026-06-29 11:30:00,59911.81,60136.66,59728.5,59769.06,1294.0,1000,0.0
2026-06-29 11:45:00,59767.16,59918.71,59710.08,59864.56,825.0,1000,0.0
2026-06-29 12:00:00,59864.77,60708.31,59500.08,60586.83,6036.0,1000,0.0
2026-06-29 12:15:00,60588.81,60691.09,60330.57,60354.56,2165.0,1000,0.0
2026-06-29 12:30:00,60354.73,60387.02,59733.1,59865.26,2389.0,1000,0.0
2026-06-29 12:45:00,59864.31,59970.89,59691.4,59868.29,1340.0,1000,0.0
2026-06-29 13:00:00,59869.79,60256.17,59869.79,60135.13,1557.0,1000,0.0
2026-06-29 13:15:00,60127.46,60226.94,59869.13,59881.61,1342.0,1000,0.0
2026-06-29 13:30:00,59879.31,60191.47,59354.55,59368.74,5629.0,1000,0.0
2026-06-29 13:45:00,59369.64,59504.51,59231.4,59483.63,4555.0,1000,0.0
2026-06-29 14:00:00,59486.89,59498.96,58979.61,58981.68,3698.0,1000,0.0
2026-06-29 14:15:00,58982.83,59462.67,58898.27,59401.0,4317.0,1000,0.0
2026-06-29 14:30:00,59399.24,59606.74,59202.93,59213.8,3339.0,1000,0.0
2026-06-29 14:45:00,59210.99,59508.67,59143.44,59363.97,2707.0,1000,0.0
2026-06-29 15:00:00,59364.62,59376.53,58984.34,59139.71,2565.0,1000,0.0
2026-06-29 15:15:00,59141.79,59394.47,59028.12,59385.37,2075.0,1000,0.0
2026-06-29 15:30:00,59388.27,59768.3,59388.27,59720.96,2321.0,1000,0.0
2026-06-29 15:45:00,59721.19,59847.89,59645.34,59705.78,1449.0,1000,0.0
2026-06-29 16:00:00,59706.14,59834.61,59594.08,59623.91,1414.0,1000,0.0
2026-06-29 16:15:00,59622.46,59684.03,59477.21,59496.16,970.0,1000,0.0
2026-06-29 16:30:00,59498.28,59786.45,59495.69,59773.59,1214.0,1000,0.0
2026-06-29 16:45:00,59772.34,59918.71,59717.23,59782.23,1180.0,1000,0.0
2026-06-29 17:00:00,59782.24,60390.6,59782.24,60363.03,2105.0,1000,0.0
2026-06-29 17:15:00,60365.58,60548.87,60303.54,60453.97,2661.0,1000,0.0
2026-06-29 17:30:00,60449.15,60597.46,60293.07,60515.43,1457.0,1000,0.0
2026-06-29 17:45:00,60513.66,60561.72,60310.09,60327.16,1165.0,1000,0.0
2026-06-29 18:00:00,60328.47,60435.03,60233.2,60428.64,985.0,1000,0.0
2026-06-29 18:15:00,60426.59,60433.8,60135.55,60193.35,901.0,1000,0.0
2026-06-29 18:30:00,60193.03,60256.18,60117.3,60193.46,970.0,1000,0.0
2026-06-29 18:45:00,60193.49,60209.71,60091.27,60207.79,762.0,1000,0.0
2026-06-29 19:00:00,60210.21,60220.28,60054.5,60113.88,857.0,1000,0.0
2026-06-29 19:15:00,60108.24,60397.68,60094.28,60364.15,892.0,1000,0.0
2026-06-29 19:30:00,60370.65,60385.77,60222.19,60377.18,769.0,1000,0.0
2026-06-29 19:45:00,60380.73,60469.26,60318.33,60345.52,1407.0,1000,0.0
2026-06-29 20:00:00,60338.82,60459.3,60328.65,60334.52,1047.0,1000,0.0
2026-06-29 20:15:00,60339.29,60397.23,60263.89,60310.53,542.0,1000,0.0
2026-06-29 20:30:00,60310.91,60392.35,60303.38,60321.78,539.0,1000,0.0
2026-06-29 20:45:00,60327.14,60327.14,60196.64,60206.98,536.0,1000,0.0
2026-06-29 21:00:00,60205.42,60331.46,60167.15,60320.03,713.0,1000,0.0
2026-06-29 21:15:00,60320.09,60327.73,60213.56,60261.8,433.0,1000,0.0
2026-06-29 21:30:00,60261.58,60408.44,60261.58,60374.4,553.0,1000,0.0
2026-06-29 21:45:00,60376.19,60505.48,60364.85,60395.26,457.0,1000,0.0
2026-06-29 22:00:00,60392.75,60411.11,60267.39,60361.13,589.0,1000,0.0
2026-06-29 22:15:00,60365.3,60433.96,60334.7,60351.65,511.0,1000,0.0
2026-06-29 22:30:00,60356.55,60373.98,60250.98,60304.41,460.0,1000,0.0
2026-06-29 22:45:00,60303.66,60349.94,60259.57,60272.41,426.0,1000,0.0
2026-06-29 23:00:00,60272.94,60300.06,60237.57,60255.27,384.0,1000,0.0
2026-06-29 23:15:00,60261.96,60278.66,60086.4,60140.7,478.0,1000,0.0
2026-06-29 23:30:00,60140.51,60212.61,60125.02,60166.14,433.0,1000,0.0
2026-06-29 23:45:00,60160.89,60212.86,60123.23,60166.82,515.0,1000,0.0
2026-06-30 00:00:00,60160.64,60189.66,60053.54,60116.55,779.0,1000,0.0
2026-06-30 00:15:00,60118.82,60152.33,59832.32,59852.92,789.0,1000,0.0
2026-06-30 00:30:00,59855.09,59856.93,59604.26,59688.57,1651.0,1000,0.0
2026-06-30 00:45:00,59684.07,59845.46,59662.52,59749.77,974.0,1000,0.0
2026-06-30 01:00:00,59750.82,59786.84,59683.72,59739.95,1321.0,1000,0.0
2026-06-30 01:15:00,59737.2,59965.81,59715.34,59954.45,1061.0,1000,0.0
2026-06-30 01:30:00,59954.56,59967.4,59700.39,59747.11,679.0,1000,0.0
2026-06-30 01:45:00,59746.65,59854.23,59738.63,59852.57,539.0,1000,0.0
2026-06-30 02:00:00,59856.89,59859.6,59667.86,59701.57,558.0,1000,0.0
2026-06-30 02:15:00,59695.8,59905.32,59649.5,59878.07,546.0,1000,0.0
2026-06-30 02:30:00,59871.94,59932.32,59817.36,59907.07,447.0,1000,0.0
2026-06-30 02:45:00,59907.25,59952.26,59835.51,59845.51,412.0,1000,0.0
2026-06-30 03:00:00,59844.64,59893.02,59755.76,59806.23,525.0,1000,0.0
2026-06-30 03:15:00,59807.2,59932.55,59716.71,59748.85,530.0,1000,0.0
2026-06-30 03:30:00,59751.74,59751.74,59632.15,59639.48,447.0,1000,0.0
2026-06-30 03:45:00,59630.39,59633.55,59488.88,59515.19,615.0,1000,0.0
2026-06-30 04:00:00,59518.55,59522.88,59319.56,59451.86,806.0,1000,0.0
2026-06-30 04:15:00,59462.0,59485.77,59335.22,59446.21,534.0,1000,0.0
2026-06-30 04:30:00,59453.35,59599.66,59431.19,59500.01,644.0,1000,0.0
2026-06-30 04:45:00,59499.81,59499.81,59340.8,59384.01,562.0,1000,0.0
2026-06-30 05:00:00,59385.46,59436.86,59261.9,59337.51,603.0,1000,0.0
2026-06-30 05:15:00,59342.51,59400.05,59269.51,59284.27,474.0,1000,0.0
2026-06-30 05:30:00,59283.1,59475.71,59253.59,59464.82,748.0,1000,0.0
2026-06-30 05:45:00,59466.72,59556.39,59443.84,59550.13,497.0,1000,0.0
2026-06-30 06:00:00,59549.39,59577.76,59434.22,59478.16,409.0,1000,0.0
2026-06-30 06:15:00,59477.44,59630.51,59411.37,59598.81,597.0,1000,0.0
2026-06-30 06:30:00,59598.0,59624.87,59442.27,59465.12,533.0,1000,0.0
2026-06-30 06:45:00,59465.83,59515.28,59447.19,59502.3,435.0,1000,0.0
2026-06-30 07:00:00,59503.2,59541.24,59348.41,59405.03,510.0,1000,0.0
2026-06-30 07:15:00,59404.98,59478.99,59353.96,59382.55,603.0,1000,0.0
2026-06-30 07:30:00,59382.61,59473.85,59374.07,59423.92,637.0,1000,0.0
2026-06-30 07:45:00,59427.3,59472.98,59370.82,59428.78,539.0,1000,0.0
2026-06-30 08:00:00,59429.25,59464.32,59328.23,59334.78,598.0,1000,0.0
2026-06-30 08:15:00,59328.52,59347.25,59266.19,59305.8,664.0,1000,0.0
2026-06-30 08:30:00,59304.88,59342.19,59109.09,59182.76,1214.0,1000,0.0
2026-06-30 08:45:00,59189.35,59296.32,59084.1,59212.28,1059.0,1000,0.0
2026-06-30 09:00:00,59210.48,59310.95,59185.01,59246.05,592.0,1000,0.0
2026-06-30 09:15:00,59245.16,59278.5,59163.04,59200.86,572.0,1000,0.0
2026-06-30 09:30:00,59202.67,59296.82,59146.38,59257.72,669.0,1000,0.0
2026-06-30 09:45:00,59260.74,59329.71,59253.0,59276.58,432.0,1000,0.0
2026-06-30 10:00:00,59279.21,59325.0,59211.62,59271.5,538.0,1000,0.0
2026-06-30 10:15:00,59273.52,59324.9,59230.13,59269.14,471.0,1000,0.0
2026-06-30 10:30:00,59268.95,59281.93,59187.4,59235.01,507.0,1000,0.0
2026-06-30 10:45:00,59235.18,59310.61,59190.71,59232.22,471.0,1000,0.0
2026-06-30 11:00:00,59233.08,59324.84,59217.93,59288.26,498.0,1000,0.0
2026-06-30 11:15:00,59293.07,59300.25,59089.59,59129.87,773.0,1000,0.0
2026-06-30 11:30:00,59128.03,59180.16,59025.64,59142.13,1034.0,1000,0.0
2026-06-30 11:45:00,59142.65,59249.98,59052.24,59087.18,868.0,1000,0.0
2026-06-30 12:00:00,59080.92,59092.13,58889.65,58918.87,1143.0,1000,0.0
2026-06-30 12:15:00,58921.47,58977.56,58659.03,58765.03,1530.0,1000,0.0
2026-06-30 12:30:00,58764.83,58798.08,58673.9,58743.81,1272.0,1000,0.0
2026-06-30 12:45:00,58735.24,58757.75,58281.03,58305.89,1718.0,1000,0.0
2026-06-30 13:00:00,58308.07,58549.87,58213.47,58368.12,1822.0,1000,0.0
2026-06-30 13:15:00,58370.84,58502.34,58337.14,58412.39,1054.0,1000,0.0
2026-06-30 13:30:00,58410.96,58660.19,58132.04,58462.07,4379.0,1000,0.0
2026-06-30 13:45:00,58458.96,58708.16,58363.43,58642.46,2833.0,1000,0.0
2026-06-30 14:00:00,58639.46,59176.37,58556.62,58904.57,4561.0,1000,0.0
2026-06-30 14:15:00,58908.5,59053.91,58786.5,58939.03,2570.0,1000,0.0
2026-06-30 14:30:00,58932.84,59000.24,58472.94,58813.35,2422.0,1000,0.0
2026-06-30 14:45:00,58807.5,58807.5,58316.62,58373.38,2205.0,1000,0.0
2026-06-30 15:00:00,58378.57,58492.47,58083.77,58340.04,2456.0,1000,0.0
2026-06-30 15:15:00,58338.12,58372.47,58081.63,58281.54,2159.0,1000,0.0
2026-06-30 15:30:00,58279.87,58399.2,58152.14,58330.03,1203.0,1000,0.0
2026-06-30 15:45:00,58329.37,58693.13,58237.28,58283.53,1953.0,1000,0.0
2026-06-30 16:00:00,58291.15,58540.64,58248.53,58309.54,1526.0,1000,0.0
2026-06-30 16:15:00,58304.73,58369.53,58139.97,58217.27,1086.0,1000,0.0
2026-06-30 16:30:00,58220.78,58378.0,58145.24,58227.21,1122.0,1000,0.0
2026-06-30 16:45:00,58229.63,58481.35,58227.44,58406.5,1051.0,1000,0.0
2026-06-30 17:00:00,58404.87,58519.78,58291.76,58320.98,915.0,1000,0.0
2026-06-30 17:15:00,58318.78,58397.4,58278.2,58305.84,1009.0,1000,0.0
2026-06-30 17:30:00,58310.28,58369.67,58240.44,58283.93,922.0,1000,0.0
2026-06-30 17:45:00,58282.04,58344.04,58220.98,58326.63,620.0,1000,0.0
2026-06-30 18:00:00,58329.64,58410.02,58262.95,58376.37,863.0,1000,0.0
2026-06-30 18:15:00,58377.75,58605.07,58327.03,58431.46,1149.0,1000,0.0
2026-06-30 18:30:00,58431.55,58462.45,58280.51,58355.77,780.0,1000,0.0
2026-06-30 18:45:00,58358.09,58591.29,58356.37,58577.15,862.0,1000,0.0
2026-06-30 19:00:00,58574.54,58635.12,58488.49,58557.44,948.0,1000,0.0
2026-06-30 19:15:00,58554.63,58576.28,58481.83,58576.22,805.0,1000,0.0
2026-06-30 19:30:00,58572.61,58715.54,58552.06,58661.01,892.0,1000,0.0
2026-06-30 19:45:00,58661.71,58755.86,58597.58,58726.53,991.0,1000,0.0
2026-06-30 20:00:00,58717.87,58785.28,58640.62,58775.15,844.0,1000,0.0
2026-06-30 20:15:00,58776.0,58776.0,58605.99,58652.66,598.0,1000,0.0
2026-06-30 20:30:00,58652.89,58653.75,58546.57,58565.62,554.0,1000,0.0
2026-06-30 20:45:00,58562.62,58701.77,58545.79,58636.59,536.0,1000,0.0
2026-06-30 21:00:00,58634.6,58674.06,58459.61,58486.43,984.0,1000,0.0
2026-06-30 21:15:00,58489.93,58546.65,58406.87,58502.13,481.0,1000,0.0
2026-06-30 21:30:00,58497.86,58578.98,58481.78,58497.67,482.0,1000,0.0
2026-06-30 21:45:00,58498.33,58566.36,58423.38,58551.55,525.0,1000,0.0
2026-06-30 22:00:00,58554.23,58656.98,58554.23,58635.2,638.0,1000,0.0
2026-06-30 22:15:00,58631.82,58722.03,58554.71,58564.21,483.0,1000,0.0
2026-06-30 22:30:00,58565.02,58565.02,58413.61,58510.76,616.0,1000,0.0
2026-06-30 22:45:00,58510.51,58537.53,58444.39,58507.75,454.0,1000,0.0
2026-06-30 23:00:00,58507.91,58559.19,58454.39,58514.54,513.0,1000,0.0
2026-06-30 23:15:00,58514.75,58567.04,58477.05,58519.79,452.0,1000,0.0
2026-06-30 23:30:00,58519.4,58543.64,58461.97,58509.51,491.0,1000,0.0
2026-06-30 23:45:00,58508.74,58566.19,58483.26,58538.71,505.0,1000,0.0
2026-07-01 00:00:00,58539.82,58651.13,58505.67,58548.85,808.0,1000,0.0
2026-07-01 00:15:00,58554.34,58587.76,58204.47,58295.43,909.0,1000,0.0
2026-07-01 00:30:00,58295.07,58490.54,58290.73,58390.92,960.0,1000,0.0
2026-07-01 00:45:00,58390.04,58532.85,58370.03,58485.37,819.0,1000,0.0
2026-07-01 01:00:00,58483.95,58492.4,57703.29,58086.98,3060.0,1000,0.0
2026-07-01 01:15:00,58088.69,58319.82,57943.95,58259.19,3318.0,1000,0.0
2026-07-01 01:30:00,58260.99,58917.18,58240.84,58799.82,3227.0,1000,0.0
2026-07-01 01:45:00,58801.25,58930.88,58614.48,58672.85,1590.0,1000,0.0
2026-07-01 02:00:00,58684.41,58781.34,58562.91,58708.25,1165.0,1000,0.0
2026-07-01 02:15:00,58708.42,58932.64,58685.73,58857.04,1229.0,1000,0.0
2026-07-01 02:30:00,58859.57,59078.81,58819.16,59047.8,1367.0,1000,0.0
2026-07-01 02:45:00,59046.45,59084.0,58914.27,58994.01,912.0,1000,0.0
2026-07-01 03:00:00,58995.91,59034.5,58892.44,58898.61,668.0,1000,0.0
2026-07-01 03:15:00,58896.42,58913.16,58787.83,58831.53,670.0,1000,0.0
2026-07-01 03:30:00,58831.59,59055.21,58752.26,58849.42,1085.0,1000,0.0
2026-07-01 03:45:00,58846.74,59225.98,58829.63,59096.75,1158.0,1000,0.0
2026-07-01 04:00:00,59106.11,59107.66,58968.63,59025.14,779.0,1000,0.0
2026-07-01 04:15:00,59019.67,59185.06,58998.83,59185.06,731.0,1000,0.0
2026-07-01 04:30:00,59182.0,59283.37,59103.25,59259.49,873.0,1000,0.0
2026-07-01 04:45:00,59262.12,59385.78,59210.93,59251.14,840.0,1000,0.0
2026-07-01 05:00:00,59240.52,59288.91,59148.57,59191.33,634.0,1000,0.0
2026-07-01 05:15:00,59192.46,59265.3,59052.1,59083.07,727.0,1000,0.0
2026-07-01 05:30:00,59083.69,59119.4,59027.71,59100.41,577.0,1000,0.0
2026-07-01 05:45:00,59102.06,59117.42,59033.33,59058.65,399.0,1000,0.0
2026-07-01 06:00:00,59060.0,59072.93,58818.87,58864.73,728.0,1000,0.0
2026-07-01 06:15:00,58865.73,58887.46,58594.91,58709.18,1076.0,1000,0.0
2026-07-01 06:30:00,58709.06,58751.19,58440.85,58619.55,1124.0,1000,0.0
2026-07-01 06:45:00,58615.32,58698.67,58530.11,58668.77,679.0,1000,0.0
2026-07-01 07:00:00,58675.09,58705.38,58510.35,58599.97,720.0,1000,0.0
2026-07-01 07:15:00,58599.71,58742.92,58544.32,58652.04,855.0,1000,0.0
2026-07-01 07:30:00,58646.97,58676.19,58552.35,58615.71,762.0,1000,0.0
2026-07-01 07:45:00,58611.62,58723.39,58584.36,58688.91,519.0,1000,0.0
2026-07-01 08:00:00,58687.49,58738.19,58572.34,58613.07,893.0,1000,0.0
2026-07-01 08:15:00,58614.2,58648.63,58509.51,58538.16,695.0,1000,0.0
2026-07-01 08:30:00,58536.71,58673.11,58408.69,58659.22,1086.0,1000,0.0
2026-07-01 08:45:00,58657.99,58913.3,58594.22,58898.64,949.0,1000,0.0
2026-07-01 09:00:00,58901.77,59021.72,58809.04,58883.6,984.0,1000,0.0
2026-07-01 09:15:00,58877.77,58925.74,58793.77,58825.29,548.0,1000,0.0
2026-07-01 09:30:00,58823.22,58876.89,58743.14,58814.8,471.0,1000,0.0
2026-07-01 09:45:00,58814.73,58899.49,58765.01,58870.83,585.0,1000,0.0
2026-07-01 10:00:00,58871.21,58874.15,58672.34,58689.79,624.0,1000,0.0
2026-07-01 10:15:00,58689.45,58721.06,58582.14,58670.89,663.0,1000,0.0
2026-07-01 10:30:00,58671.38,58687.13,58538.24,58541.23,598.0,1000,0.0
2026-07-01 10:45:00,58542.3,58630.75,58537.37,58579.2,504.0,1000,0.0
2026-07-01 11:00:00,58578.79,58668.1,58499.26,58627.75,879.0,1000,0.0
2026-07-01 11:15:00,58626.35,58678.25,58591.89,58615.22,631.0,1000,0.0
2026-07-01 11:30:00,58611.73,58666.49,58545.39,58605.29,718.0,1000,0.0
2026-07-01 11:45:00,58604.63,58631.57,58469.02,58536.86,668.0,1000,0.0
2026-07-01 12:00:00,58537.11,58604.59,58299.1,58377.37,1201.0,1000,0.0
2026-07-01 12:15:00,58380.37,58519.65,58371.73,58472.28,964.0,1000,0.0
2026-07-01 12:30:00,58469.03,58526.06,58289.49,58328.56,1413.0,1000,0.0
2026-07-01 12:45:00,58328.83,58467.71,58242.75,58450.75,1307.0,1000,0.0
2026-07-01 13:00:00,58464.69,58699.55,58445.03,58591.14,1350.0,1000,0.0
2026-07-01 13:15:00,58592.73,58837.52,58572.18,58736.53,1263.0,1000,0.0
2026-07-01 13:30:00,58734.23,59002.65,58520.35,58941.19,4419.0,1000,0.0
2026-07-01 13:45:00,58936.38,59450.63,58859.34,59417.44,3541.0,1000,0.0
2026-07-01 14:00:00,59413.07,59923.35,59197.87,59897.8,3142.0,1000,0.0
2026-07-01 14:15:00,59898.06,60031.72,59710.41,59713.83,2570.0,1000,0.0
2026-07-01 14:30:00,59715.88,59761.19,59471.93,59548.73,2137.0,1000,0.0
2026-07-01 14:45:00,59549.44,59707.37,59351.79,59484.77,1856.0,1000,0.0
2026-07-01 15:00:00,59484.68,59929.52,59444.99,59864.78,2334.0,1000,0.0
2026-07-01 15:15:00,59859.57,60483.17,59789.19,60246.07,3055.0,1000,0.0
2026-07-01 15:30:00,60252.7,60317.13,60059.17,60157.21,1387.0,1000,0.0
2026-07-01 15:45:00,60158.19,60195.17,60023.2,60082.29,1152.0,1000,0.0
2026-07-01 16:00:00,60089.62,60171.53,60009.73,60083.35,954.0,1000,0.0
2026-07-01 16:15:00,60081.64,60212.56,59885.79,60076.52,1230.0,1000,0.0
2026-07-01 16:30:00,60077.38,60119.42,59959.35,60020.49,678.0,1000,0.0
2026-07-01 16:45:00,60019.31,60037.41,59797.66,59866.8,765.0,1000,0.0
2026-07-01 17:00:00,59866.3,59876.59,59720.85,59829.64,955.0,1000,0.0
2026-07-01 17:15:00,59831.04,60150.45,59831.04,60082.98,1084.0,1000,0.0
2026-07-01 17:30:00,60082.11,60184.11,60020.41,60085.24,889.0,1000,0.0
2026-07-01 17:45:00,60086.5,60175.56,60079.75,60130.33,633.0,1000,0.0
2026-07-01 18:00:00,60125.34,60165.2,59954.89,60007.34,909.0,1000,0.0
2026-07-01 18:15:00,60012.93,60133.22,59973.99,60084.54,628.0,1000,0.0
2026-07-01 18:30:00,60082.72,60186.16,60019.92,60160.17,742.0,1000,0.0
2026-07-01 18:45:00,60159.66,60246.33,60010.91,60103.5,904.0,1000,0.0
2026-07-01 19:00:00,60101.05,60238.68,60094.36,60217.05,671.0,1000,0.0
2026-07-01 19:15:00,60210.51,60296.04,60041.5,60089.39,733.0,1000,0.0
2026-07-01 19:30:00,60090.66,60224.31,60090.26,60152.71,726.0,1000,0.0
2026-07-01 19:45:00,60143.7,60143.7,59930.6,59970.55,801.0,1000,0.0
2026-07-01 20:00:00,59970.15,60002.26,59839.25,59939.17,780.0,1000,0.0
2026-07-01 20:15:00,59939.42,59960.77,59806.63,59918.38,612.0,1000,0.0
2026-07-01 20:30:00,59918.44,60016.04,59888.43,59980.82,572.0,1000,0.0
2026-07-01 20:45:00,59982.64,60142.21,59968.75,60071.58,505.0,1000,0.0
2026-07-01 21:00:00,60070.96,60406.52,60056.69,60389.1,989.0,1000,0.0
2026-07-01 21:15:00,60389.17,60554.14,60258.6,60464.29,1075.0,1000,0.0
2026-07-01 21:30:00,60462.26,60785.28,60458.3,60739.03,999.0,1000,0.0
2026-07-01 21:45:00,60740.22,60764.2,60706.43,60758.38,443.0,1000,0.0
2026-07-01 22:00:00,60759.39,60762.8,60715.55,60752.34,286.0,1000,0.0
2026-07-01 22:15:00,60752.97,61288.95,60484.37,60488.88,2598.0,1000,0.0
2026-07-01 22:30:00,60488.81,60621.54,60381.04,60430.35,1715.0,1000,0.0
2026-07-01 22:45:00,60428.35,60450.27,60274.95,60409.72,1180.0,1000,0.0
2026-07-01 23:00:00,60402.58,60402.58,60159.61,60179.69,1038.0,1000,0.0
2026-07-01 23:15:00,60185.88,60310.23,60129.87,60152.0,830.0,1000,0.0
2026-07-01 23:30:00,60151.92,60201.56,59979.93,60086.81,1024.0,1000,0.0
2026-07-01 23:45:00,60087.77,60109.52,59910.78,59966.8,957.0,1000,0.0
2026-07-02 00:00:00,59972.31,59972.31,59828.36,59882.0,1246.0,1000,0.0
2026-07-02 00:15:00,59882.45,59912.09,59671.66,59718.8,909.0,1000,0.0
2026-07-02 00:30:00,59719.42,59733.71,59518.32,59560.9,827.0,1000,0.0
2026-07-02 00:45:00,59559.86,59788.41,59559.86,59683.81,963.0,1000,0.0
2026-07-02 01:00:00,59685.17,59878.13,59650.39,59860.6,932.0,1000,0.0
2026-07-02 01:15:00,59858.69,59958.88,59767.09,59951.82,922.0,1000,0.0
2026-07-02 01:30:00,59954.61,60259.69,59954.61,60133.93,1267.0,1000,0.0
2026-07-02 01:45:00,60134.1,60255.15,60014.65,60111.06,885.0,1000,0.0
2026-07-02 02:00:00,60114.46,60137.61,59942.87,60078.3,941.0,1000,0.0
2026-07-02 02:15:00,60080.28,60202.68,60064.4,60141.66,873.0,1000,0.0
2026-07-02 02:30:00,60140.3,60344.55,60108.81,60332.65,1008.0,1000,0.0
2026-07-02 02:45:00,60332.13,60426.33,60261.23,60348.84,766.0,1000,0.0
2026-07-02 03:00:00,60351.68,60413.61,60316.29,60410.22,559.0,1000,0.0
2026-07-02 03:15:00,60410.86,60652.98,60220.35,60481.69,1294.0,1000,0.0
2026-07-02 03:30:00,60481.97,60740.97,60409.63,60738.32,1402.0,1000,0.0
2026-07-02 03:45:00,60732.05,61061.22,60661.59,60990.3,1551.0,1000,0.0
2026-07-02 04:00:00,60988.8,60988.8,60792.82,60869.07,1022.0,1000,0.0
2026-07-02 04:15:00,60870.05,60907.56,60716.61,60786.66,783.0,1000,0.0
2026-07-02 04:30:00,60776.46,60776.46,60649.56,60703.31,564.0,1000,0.0
2026-07-02 04:45:00,60699.99,60820.87,60667.06,60704.56,632.0,1000,0.0
2026-07-02 05:00:00,60704.49,60794.65,60571.59,60787.9,830.0,1000,0.0
2026-07-02 05:15:00,60782.77,60809.37,60654.74,60674.08,635.0,1000,0.0
2026-07-02 05:30:00,60669.52,60802.23,60514.38,60544.93,988.0,1000,0.0
2026-07-02 05:45:00,60543.72,60589.59,60411.94,60439.19,804.0,1000,0.0
2026-07-02 06:00:00,60435.58,60457.32,60328.38,60328.38,688.0,1000,0.0
2026-07-02 06:15:00,60331.15,60488.0,60315.58,60402.96,794.0,1000,0.0
2026-07-02 06:30:00,60401.73,60579.85,60394.92,60454.6,663.0,1000,0.0
2026-07-02 06:45:00,60454.53,60469.24,60177.56,60193.94,934.0,1000,0.0
2026-07-02 07:00:00,60190.92,60234.67,60120.48,60151.06,735.0,1000,0.0
2026-07-02 07:15:00,60152.37,60185.43,60079.88,60084.53,589.0,1000,0.0
2026-07-02 07:30:00,60083.77,60145.96,60033.79,60055.58,729.0,1000,0.0
2026-07-02 07:45:00,60062.14,60155.41,60018.07,60064.67,805.0,1000,0.0
2026-07-02 08:00:00,60061.86,60293.1,60051.9,60233.63,1013.0,1000,0.0
2026-07-02 08:15:00,60238.71,60333.01,60238.71,60282.22,729.0,1000,0.0
2026-07-02 08:30:00,60281.98,60432.24,60251.59,60372.32,741.0,1000,0.0
2026-07-02 08:45:00,60370.25,60489.2,60326.38,60430.15,775.0,1000,0.0
2026-07-02 09:00:00,60429.52,60450.58,60293.05,60394.71,822.0,1000,0.0
2026-07-02 09:15:00,60398.89,60558.18,60343.59,60521.45,797.0,1000,0.0
2026-07-02 09:30:00,60523.98,61145.32,60523.79,60994.79,2210.0,1000,0.0
2026-07-02 09:45:00,60992.71,61357.37,60774.94,61093.25,2303.0,1000,0.0
2026-07-02 10:00:00,61091.12,61162.22,60958.21,61141.26,1228.0,1000,0.0
2026-07-02 10:15:00,61148.81,61216.69,61007.21,61133.28,1287.0,1000,0.0
2026-07-02 10:30:00,61136.43,61281.47,61112.95,61126.35,1262.0,1000,0.0
2026-07-02 10:45:00,61130.64,61262.65,61062.39,61185.27,1054.0,1000,0.0
2026-07-02 11:00:00,61188.19,61298.12,61125.26,61196.64,1190.0,1000,0.0
2026-07-02 11:15:00,61191.49,61280.83,61169.66,61216.16,1370.0,1000,0.0
2026-07-02 11:30:00,61207.87,61286.79,61176.58,61216.6,1015.0,1000,0.0
2026-07-02 11:45:00,61216.15,61317.22,61054.36,61276.61,1106.0,1000,0.0
2026-07-02 12:00:00,61274.85,61294.12,61210.17,61288.71,1031.0,1000,0.0
2026-07-02 12:15:00,61291.71,61351.56,61059.26,61267.85,1250.0,1000,0.0
2026-07-02 12:30:00,61266.31,61506.97,61115.07,61303.7,3467.0,1000,0.0
2026-07-02 12:45:00,61305.41,61553.48,61291.04,61460.19,1551.0,1000,0.0
2026-07-02 13:00:00,61463.8,61665.67,61427.38,61611.44,1330.0,1000,0.0
2026-07-02 13:15:00,61614.37,61932.03,61587.13,61622.3,1886.0,1000,0.0
2026-07-02 13:30:00,61620.51,62003.79,61447.44,61899.11,3908.0,1000,0.0
2026-07-02 13:45:00,61894.88,61966.9,61731.89,61869.96,1970.0,1000,0.0
2026-07-02 14:00:00,61870.04,62140.87,61780.23,62017.18,2418.0,1000,0.0
2026-07-02 14:15:00,62018.02,62146.29,61510.61,61604.45,3013.0,1000,0.0
2026-07-02 14:30:00,61602.6,61745.98,61321.65,61361.24,2866.0,1000,0.0
2026-07-02 14:45:00,61360.56,61696.32,61355.53,61627.06,2399.0,1000,0.0
2026-07-02 15:00:00,61631.07,61681.15,61361.32,61519.52,2094.0,1000,0.0
2026-07-02 15:15:00,61517.14,61791.95,61425.14,61646.91,2027.0,1000,0.0
2026-07-02 15:30:00,61655.65,61763.71,61482.81,61647.7,1380.0,1000,0.0
2026-07-02 15:45:00,61645.89,61683.3,61454.51,61547.81,1098.0,1000,0.0
2026-07-02 16:00:00,61547.34,61691.31,61432.94,61641.01,1172.0,1000,0.0
2026-07-02 16:15:00,61640.93,61640.93,61079.84,61132.5,1782.0,1000,0.0
2026-07-02 16:30:00,61135.86,61390.76,61135.86,61363.76,1224.0,1000,0.0
2026-07-02 16:45:00,61362.79,61726.52,61358.72,61621.78,1496.0,1000,0.0
2026-07-02 17:00:00,61621.72,61762.58,61564.51,61725.42,1206.0,1000,0.0
2026-07-02 17:15:00,61720.5,61877.42,61685.58,61813.35,1031.0,1000,0.0
2026-07-02 17:30:00,61812.32,61812.32,61574.44,61723.79,1258.0,1000,0.0
2026-07-02 17:45:00,61727.13,61752.48,61584.3,61604.89,782.0,1000,0.0
2026-07-02 18:00:00,61599.5,61805.95,61594.68,61762.85,977.0,1000,0.0
2026-07-02 18:15:00,61763.23,61805.62,61663.68,61792.27,694.0,1000,0.0
2026-07-02 18:30:00,61793.35,61803.54,61699.59,61707.85,682.0,1000,0.0
2026-07-02 18:45:00,61708.86,61818.22,61626.03,61700.18,633.0,1000,0.0
2026-07-02 19:00:00,61701.64,61707.65,61530.67,61607.24,767.0,1000,0.0
2026-07-02 19:15:00,61599.68,61605.9,61448.58,61556.27,699.0,1000,0.0
2026-07-02 19:30:00,61561.12,61596.08,61441.42,61514.22,615.0,1000,0.0
2026-07-02 19:45:00,61514.31,61633.33,61348.68,61420.59,1228.0,1000,0.0
2026-07-02 20:00:00,61415.78,61480.95,61339.94,61372.86,649.0,1000,0.0
2026-07-02 20:15:00,61374.15,61455.65,61330.81,61338.2,486.0,1000,0.0
2026-07-02 20:30:00,61338.09,61370.18,61264.13,61296.71,532.0,1000,0.0
2026-07-02 20:45:00,61299.82,61532.18,61299.82,61503.31,564.0,1000,0.0
2026-07-02 21:00:00,61503.98,61593.4,61450.49,61457.53,411.0,1000,0.0
2026-07-02 21:15:00,61454.21,61483.32,61453.95,61471.11,190.0,1000,0.0
2026-07-02 21:30:00,61466.14,61488.28,61443.29,61448.15,268.0,1000,0.0
2026-07-02 21:45:00,61449.82,61544.07,61442.71,61517.1,395.0,1000,0.0
2026-07-02 22:00:00,61517.0,61521.21,61445.28,61459.37,489.0,1000,0.0
2026-07-02 22:15:00,61459.36,61496.73,61445.7,61450.18,244.0,1000,0.0
2026-07-02 22:30:00,61450.85,61478.89,61437.6,61447.99,347.0,1000,0.0
2026-07-02 22:45:00,61447.98,61483.61,61318.68,61391.36,501.0,1000,0.0
2026-07-02 23:00:00,61390.53,61390.53,61272.96,61277.29,440.0,1000,0.0
2026-07-02 23:15:00,61276.08,61465.78,61271.19,61424.78,556.0,1000,0.0
2026-07-02 23:30:00,61424.41,61532.16,61360.21,61394.36,474.0,1000,0.0
2026-07-02 23:45:00,61393.23,61527.03,61389.94,61488.67,475.0,1000,0.0
2026-07-03 00:00:00,61482.8,61503.76,61305.79,61342.23,762.0,1000,0.0
2026-07-03 00:15:00,61347.07,61384.54,61217.92,61217.92,611.0,1000,0.0
2026-07-03 00:30:00,61214.45,61292.31,61165.35,61256.27,859.0,1000,0.0
2026-07-03 00:45:00,61259.42,61333.07,61207.13,61223.02,701.0,1000,0.0
2026-07-03 01:00:00,61220.51,61656.89,61195.01,61551.48,1219.0,1000,0.0
2026-07-03 01:15:00,61552.04,61581.33,61426.06,61477.1,1097.0,1000,0.0
2026-07-03 01:30:00,61477.26,61658.37,61438.0,61593.67,1022.0,1000,0.0
2026-07-03 01:45:00,61595.88,61602.06,61500.9,61516.26,725.0,1000,0.0
2026-07-03 02:00:00,61516.38,61592.13,61422.51,61444.25,706.0,1000,0.0
2026-07-03 02:15:00,61445.04,61511.8,61322.26,61322.26,552.0,1000,0.0
2026-07-03 02:30:00,61319.48,61383.93,61212.58,61291.0,961.0,1000,0.0
2026-07-03 02:45:00,61288.14,61384.35,61217.03,61354.88,608.0,1000,0.0
2026-07-03 03:00:00,61354.96,61381.93,61242.49,61255.13,681.0,1000,0.0
2026-07-03 03:15:00,61254.78,61504.33,61254.11,61453.45,627.0,1000,0.0
2026-07-03 03:30:00,61454.94,61471.27,61300.33,61313.44,445.0,1000,0.0
2026-07-03 03:45:00,61311.46,61374.21,61269.14,61345.49,478.0,1000,0.0
2026-07-03 04:00:00,61347.21,61389.03,61255.79,61350.18,494.0,1000,0.0
2026-07-03 04:15:00,61350.24,61358.48,61264.85,61358.48,446.0,1000,0.0
2026-07-03 04:30:00,61356.4,61450.04,61323.69,61422.11,444.0,1000,0.0
2026-07-03 04:45:00,61424.17,61436.71,61294.38,61364.83,571.0,1000,0.0
2026-07-03 05:00:00,61364.22,61483.17,61347.08,61457.75,639.0,1000,0.0
2026-07-03 05:15:00,61457.21,61612.46,61428.71,61557.91,663.0,1000,0.0
2026-07-03 05:30:00,61560.14,61736.22,61541.23,61625.93,868.0,1000,0.0
2026-07-03 05:45:00,61625.22,61675.59,61567.37,61624.75,563.0,1000,0.0
2026-07-03 06:00:00,61627.99,61777.67,61605.78,61660.57,645.0,1000,0.0
2026-07-03 06:15:00,61663.61,61736.24,61613.51,61646.95,435.0,1000,0.0
2026-07-03 06:30:00,61647.87,61710.92,61535.49,61568.75,587.0,1000,0.0
2026-07-03 06:45:00,61570.6,61698.85,61570.6,61634.79,507.0,1000,0.0
2026-07-03 07:00:00,61632.87,61707.46,61582.08,61624.41,502.0,1000,0.0
2026-07-03 07:15:00,61623.54,61691.84,61623.54,61686.8,343.0,1000,0.0
2026-07-03 07:30:00,61686.74,61771.2,61665.48,61739.54,541.0,1000,0.0
2026-07-03 07:45:00,61742.54,61800.66,61675.52,61681.21,408.0,1000,0.0
2026-07-03 08:00:00,61684.27,61763.44,61663.93,61672.99,528.0,1000,0.0
2026-07-03 08:15:00,61676.62,61761.88,61645.96,61706.67,546.0,1000,0.0
2026-07-03 08:30:00,61705.03,61833.78,61650.39,61792.05,792.0,1000,0.0
2026-07-03 08:45:00,61795.68,61797.77,61482.5,61512.74,859.0,1000,0.0
2026-07-03 09:00:00,61511.87,61643.21,61437.87,61623.37,902.0,1000,0.0
2026-07-03 09:15:00,61623.49,61669.68,61566.7,61616.16,581.0,1000,0.0
2026-07-03 09:30:00,61612.6,61618.99,61478.18,61586.89,499.0,1000,0.0
2026-07-03 09:45:00,61587.44,61719.92,61582.96,61640.77,579.0,1000,0.0
2026-07-03 10:00:00,61640.08,61709.55,61598.3,61659.51,754.0,1000,0.0
2026-07-03 10:15:00,61660.2,61701.15,61595.58,61670.73,482.0,1000,0.0
2026-07-03 10:30:00,61670.07,61980.86,61652.65,61948.04,907.0,1000,0.0
2026-07-03 10:45:00,61953.49,61958.69,61814.53,61847.73,891.0,1000,0.0
2026-07-03 11:00:00,61846.5,62011.26,61764.43,61946.21,909.0,1000,0.0
2026-07-03 11:15:00,61949.17,62000.99,61861.91,61919.67,774.0,1000,0.0
2026-07-03 11:30:00,61917.51,61950.28,61802.35,61818.71,498.0,1000,0.0
2026-07-03 11:45:00,61822.69,62035.76,61819.63,61939.23,636.0,1000,0.0
2026-07-03 12:00:00,61938.56,62100.66,61922.19,62081.5,950.0,1000,0.0
2026-07-03 12:15:00,62080.87,62097.48,61836.63,61887.1,966.0,1000,0.0
2026-07-03 12:30:00,61882.25,61905.44,61785.67,61855.96,606.0,1000,0.0
2026-07-03 12:45:00,61857.33,61928.71,61857.33,61904.52,491.0,1000,0.0
2026-07-03 13:00:00,61904.97,62004.14,61859.29,61976.64,721.0,1000,0.0
2026-07-03 13:15:00,61977.11,62056.63,61926.97,62017.22,661.0,1000,0.0
2026-07-03 13:30:00,62019.2,62132.73,61946.53,62084.95,763.0,1000,0.0
2026-07-03 13:45:00,62086.84,62225.76,61978.85,62042.31,1001.0,1000,0.0
2026-07-03 14:00:00,62042.49,62042.49,61617.15,61708.38,1255.0,1000,0.0
2026-07-03 14:15:00,61705.55,61866.94,61653.31,61864.9,1215.0,1000,0.0
2026-07-03 14:30:00,61861.88,62000.77,61777.39,61995.69,920.0,1000,0.0
2026-07-03 14:45:00,61994.26,62213.81,61950.48,62098.98,827.0,1000,0.0
2026-07-03 15:00:00,62103.73,62351.05,62085.99,62122.67,1326.0,1000,0.0
2026-07-03 15:15:00,62122.45,62164.37,61915.56,61940.39,1011.0,1000,0.0
2026-07-03 15:30:00,61944.66,62048.52,61741.38,61785.78,941.0,1000,0.0
2026-07-03 15:45:00,61785.69,61910.17,61754.2,61868.07,698.0,1000,0.0
2026-07-03 16:00:00,61864.34,61933.88,61842.85,61868.44,634.0,1000,0.0
2026-07-03 16:15:00,61869.02,62061.19,61869.02,62003.41,575.0,1000,0.0
2026-07-03 16:30:00,62007.81,62073.88,61923.68,61985.27,507.0,1000,0.0
2026-07-03 16:45:00,61988.18,62071.81,61956.72,62046.22,519.0,1000,0.0
2026-07-03 17:00:00,62046.02,62232.01,62003.74,62130.26,729.0,1000,0.0
2026-07-03 17:15:00,62134.46,62188.0,62054.83,62117.73,505.0,1000,0.0
2026-07-03 17:30:00,62118.03,62219.93,62096.22,62166.48,487.0,1000,0.0
2026-07-03 17:45:00,62169.78,62196.87,62104.69,62144.68,443.0,1000,0.0
2026-07-03 18:00:00,62146.97,62153.27,62055.21,62102.37,424.0,1000,0.0
2026-07-03 18:15:00,62104.11,62149.78,62073.27,62119.66,387.0,1000,0.0
2026-07-03 18:30:00,62120.59,62181.4,62114.62,62165.33,542.0,1000,0.0
2026-07-03 18:45:00,62165.11,62196.84,62128.39,62146.06,401.0,1000,0.0
2026-07-03 19:00:00,62147.86,62201.4,62087.78,62124.56,472.0,1000,0.0
2026-07-03 19:15:00,62126.66,62253.13,62121.29,62161.46,553.0,1000,0.0
2026-07-03 19:30:00,62166.64,62262.72,62093.38,62172.97,647.0,1000,0.0
2026-07-03 19:45:00,62172.28,62203.39,62132.34,62143.98,384.0,1000,0.0
2026-07-03 20:00:00,62150.49,62442.95,62124.32,62364.64,719.0,1000,0.0
2026-07-03 20:15:00,62365.17,62631.28,62330.2,62550.07,930.0,1000,0.0
2026-07-03 20:30:00,62552.75,62854.12,62530.6,62634.77,1174.0,1000,0.0
2026-07-03 20:45:00,62638.72,62801.22,62611.41,62715.16,942.0,1000,0.0
2026-07-03 21:00:00,62719.41,62910.96,62654.54,62682.37,1011.0,1000,0.0
2026-07-03 21:15:00,62684.9,62734.59,62543.21,62559.45,684.0,1000,0.0
2026-07-03 21:30:00,62562.09,62576.48,62438.4,62545.74,745.0,1000,0.0
2026-07-03 21:45:00,62544.91,62773.97,62535.76,62657.63,756.0,1000,0.0
2026-07-03 22:00:00,62665.71,62687.04,62515.4,62571.81,719.0,1000,0.0
2026-07-03 22:15:00,62570.45,62651.65,62555.09,62561.59,407.0,1000,0.0
2026-07-03 22:30:00,62561.65,62577.21,62468.23,62553.06,436.0,1000,0.0
2026-07-03 22:45:00,62554.5,62604.56,62501.36,62509.27,354.0,1000,0.0
2026-07-03 23:00:00,62511.49,62544.57,62463.42,62499.2,338.0,1000,0.0
2026-07-03 23:15:00,62498.32,62629.85,62486.93,62556.19,417.0,1000,0.0
2026-07-03 23:30:00,62556.28,62648.47,62556.28,62619.46,385.0,1000,0.0
2026-07-03 23:45:00,62622.04,62624.28,62482.73,62519.54,420.0,1000,0.0
2026-07-04 00:00:00,62522.24,62890.49,62516.34,62765.02,1053.0,1000,0.0
2026-07-04 00:15:00,62761.68,62795.98,62684.05,62700.29,375.0,1000,0.0
2026-07-04 00:30:00,62702.02,62753.32,62624.32,62653.79,442.0,1000,0.0
2026-07-04 00:45:00,62658.69,62756.18,62648.32,62693.91,428.0,1000,0.0
2026-07-04 01:00:00,62692.61,62692.61,62409.79,62457.51,783.0,1000,0.0
2026-07-04 01:15:00,62457.45,62535.7,62337.29,62429.21,680.0,1000,0.0
2026-07-04 01:30:00,62435.11,62482.04,62368.05,62393.8,524.0,1000,0.0
2026-07-04 01:45:00,62394.08,62454.36,62358.54,62409.94,416.0,1000,0.0
2026-07-04 02:00:00,62413.63,62505.3,62408.44,62459.7,471.0,1000,0.0
2026-07-04 02:15:00,62463.81,62471.69,62384.83,62429.08,372.0,1000,0.0
2026-07-04 02:30:00,62431.78,62450.14,62362.38,62434.74,376.0,1000,0.0
2026-07-04 02:45:00,62435.87,62521.04,62405.81,62474.62,360.0,1000,0.0
2026-07-04 03:00:00,62474.49,62524.65,62422.96,62496.9,431.0,1000,0.0
2026-07-04 03:15:00,62499.29,62532.58,62475.58,62507.41,356.0,1000,0.0
2026-07-04 03:30:00,62506.33,62701.76,62448.21,62648.61,702.0,1000,0.0
2026-07-04 03:45:00,62648.21,62663.48,62561.2,62569.96,306.0,1000,0.0
2026-07-04 04:00:00,62570.11,62648.93,62531.16,62587.32,448.0,1000,0.0
2026-07-04 04:15:00,62591.63,62657.6,62525.81,62599.04,402.0,1000,0.0
2026-07-04 04:30:00,62601.38,62701.17,62593.86,62619.31,475.0,1000,0.0
2026-07-04 04:45:00,62619.84,62679.56,62574.08,62617.68,424.0,1000,0.0
2026-07-04 05:00:00,62616.88,62621.97,62505.73,62512.62,370.0,1000,0.0
2026-07-04 05:15:00,62516.75,62522.98,62405.82,62460.78,428.0,1000,0.0
2026-07-04 05:30:00,62460.71,62509.79,62439.1,62500.07,326.0,1000,0.0
2026-07-04 05:45:00,62500.81,62533.6,62356.78,62413.86,433.0,1000,0.0
2026-07-04 06:00:00,62414.66,62497.99,62361.39,62374.77,414.0,1000,0.0
2026-07-04 06:15:00,62374.85,62397.94,62268.4,62368.46,517.0,1000,0.0
2026-07-04 06:30:00,62369.87,62470.45,62367.52,62390.88,472.0,1000,0.0
2026-07-04 06:45:00,62393.14,62473.12,62393.14,62430.77,372.0,1000,0.0
2026-07-04 07:00:00,62433.91,62500.62,62399.44,62475.16,449.0,1000,0.0
2026-07-04 07:15:00,62473.26,62577.02,62454.93,62483.31,399.0,1000,0.0
2026-07-04 07:30:00,62484.1,62502.89,62413.61,62445.57,362.0,1000,0.0
2026-07-04 07:45:00,62436.24,62531.31,62423.23,62508.13,409.0,1000,0.0
2026-07-04 08:00:00,62506.06,62521.75,62442.8,62481.67,256.0,1000,0.0
2026-07-04 08:15:00,62484.48,62522.1,62449.21,62487.26,350.0,1000,0.0
2026-07-04 08:30:00,62485.64,62623.99,62480.24,62537.3,540.0,1000,0.0
2026-07-04 08:45:00,62535.23,62599.5,62487.78,62499.74,419.0,1000,0.0
2026-07-04 09:00:00,62503.13,62529.36,62387.49,62450.13,576.0,1000,0.0
2026-07-04 09:15:00,62446.48,62455.47,62381.71,62422.9,374.0,1000,0.0
2026-07-04 09:30:00,62424.1,62428.58,62344.5,62395.29,434.0,1000,0.0
2026-07-04 09:45:00,62395.23,62453.53,62391.55,62427.87,308.0,1000,0.0
2026-07-04 10:00:00,62427.88,62438.01,62381.66,62400.02,346.0,1000,0.0
2026-07-04 10:15:00,62400.38,62468.52,62390.31,62445.01,285.0,1000,0.0
2026-07-04 10:30:00,62437.05,62441.41,62399.48,62429.1,264.0,1000,0.0
2026-07-04 10:45:00,62429.99,62488.12,62416.01,62445.22,317.0,1000,0.0
2026-07-04 11:00:00,62448.92,62469.91,62406.14,62464.2,320.0,1000,0.0
2026-07-04 11:15:00,62460.91,62497.1,62390.82,62421.87,307.0,1000,0.0
2026-07-04 11:30:00,62419.93,62511.72,62414.06,62432.63,313.0,1000,0.0
2026-07-04 11:45:00,62433.42,62452.69,62411.42,62422.7,311.0,1000,0.0
2026-07-04 12:00:00,62426.13,62527.56,62425.7,62500.44,366.0,1000,0.0
2026-07-04 12:15:00,62501.65,62567.55,62483.03,62523.95,326.0,1000,0.0
2026-07-04 12:30:00,62528.39,62591.25,62518.27,62564.84,406.0,1000,0.0
2026-07-04 12:45:00,62564.74,62644.44,62528.97,62602.05,326.0,1000,0.0
2026-07-04 13:00:00,62603.59,62603.59,62535.5,62554.35,281.0,1000,0.0
2026-07-04 13:15:00,62555.43,62732.27,62547.37,62602.93,750.0,1000,0.0
2026-07-04 13:30:00,62603.19,62608.24,62493.15,62530.7,400.0,1000,0.0
2026-07-04 13:45:00,62530.39,62543.8,62479.94,62533.06,315.0,1000,0.0
2026-07-04 14:00:00,62532.25,62637.61,62532.25,62609.41,527.0,1000,0.0
2026-07-04 14:15:00,62609.48,62693.16,62571.37,62617.52,555.0,1000,0.0
2026-07-04 14:30:00,62616.71,62639.4,62566.8,62627.09,444.0,1000,0.0
2026-07-04 14:45:00,62626.7,62664.34,62594.51,62641.87,385.0,1000,0.0
2026-07-04 15:00:00,62642.42,63043.93,62635.18,62778.53,1625.0,1000,0.0
2026-07-04 15:15:00,62771.82,62886.05,62698.55,62869.03,1200.0,1000,0.0
2026-07-04 15:30:00,62869.86,62980.48,62795.22,62871.81,851.0,1000,0.0
2026-07-04 15:45:00,62871.28,62959.79,62808.1,62883.29,592.0,1000,0.0
2026-07-04 16:00:00,62882.36,62913.44,62734.39,62736.05,769.0,1000,0.0
2026-07-04 16:15:00,62735.98,62832.1,62725.44,62803.7,551.0,1000,0.0
2026-07-04 16:30:00,62805.66,62892.61,62805.66,62855.03,527.0,1000,0.0
2026-07-04 16:45:00,62852.16,62918.2,62803.59,62864.27,457.0,1000,0.0
2026-07-04 17:00:00,62865.28,62895.18,62745.7,62814.76,625.0,1000,0.0
2026-07-04 17:15:00,62818.07,62934.04,62793.64,62931.17,429.0,1000,0.0
2026-07-04 17:30:00,62926.68,63154.73,62926.68,63125.39,1086.0,1000,0.0
2026-07-04 17:45:00,63125.32,63391.96,63090.34,63222.57,1430.0,1000,0.0
2026-07-04 18:00:00,63223.6,63291.31,63128.94,63259.51,795.0,1000,0.0
2026-07-04 18:15:00,63259.01,63299.7,63084.63,63130.8,662.0,1000,0.0
2026-07-04 18:30:00,63124.17,63124.17,63040.3,63062.14,504.0,1000,0.0
2026-07-04 18:45:00,63062.88,63126.49,63034.92,63109.26,445.0,1000,0.0
2026-07-04 19:00:00,63111.37,63190.17,63063.89,63123.48,529.0,1000,0.0
2026-07-04 19:15:00,63120.84,63330.54,63117.58,63312.63,491.0,1000,0.0
2026-07-04 19:30:00,63312.7,63420.49,63219.64,63311.23,614.0,1000,0.0
2026-07-04 19:45:00,63310.79,63310.79,63222.86,63234.45,490.0,1000,0.0
2026-07-04 20:00:00,63240.05,63344.46,63221.78,63282.16,513.0,1000,0.0
2026-07-04 20:15:00,63287.51,63299.06,63096.22,63118.21,646.0,1000,0.0
2026-07-04 20:30:00,63116.34,63265.47,63101.19,63235.28,462.0,1000,0.0
2026-07-04 20:45:00,63237.86,63284.31,63170.95,63183.54,391.0,1000,0.0
2026-07-04 21:00:00,63183.61,63321.59,63143.7,63288.48,484.0,1000,0.0
2026-07-04 21:15:00,63295.58,63398.62,63289.78,63379.27,423.0,1000,0.0
2026-07-04 21:30:00,63379.97,63403.45,63236.94,63249.5,465.0,1000,0.0
2026-07-04 21:45:00,63253.53,63282.47,63215.58,63243.82,403.0,1000,0.0
2026-07-04 22:00:00,63244.85,63263.52,63155.06,63195.37,425.0,1000,0.0
2026-07-04 22:15:00,63200.84,63253.3,63141.66,63166.64,349.0,1000,0.0
2026-07-04 22:30:00,63164.56,63195.95,63120.09,63152.96,320.0,1000,0.0
2026-07-04 22:45:00,63153.56,63192.0,63096.29,63139.21,338.0,1000,0.0
2026-07-04 23:00:00,63141.77,63182.6,62926.96,62945.59,690.0,1000,0.0
2026-07-04 23:15:00,62950.12,63048.49,62869.4,63039.41,590.0,1000,0.0
2026-07-04 23:30:00,63041.36,63173.5,63041.36,63153.95,442.0,1000,0.0
2026-07-04 23:45:00,63148.7,63181.88,63081.49,63093.3,426.0,1000,0.0
2026-07-05 00:00:00,63090.34,63091.72,62955.92,62994.62,494.0,1000,0.0
2026-07-05 00:15:00,62993.81,63003.61,62918.45,62988.89,474.0,1000,0.0
2026-07-05 00:30:00,62988.07,63065.1,62930.7,63036.3,483.0,1000,0.0
2026-07-05 00:45:00,63037.7,63052.33,62819.12,62933.38,482.0,1000,0.0
2026-07-05 01:00:00,62931.94,62993.31,62858.42,62928.48,473.0,1000,0.0
2026-07-05 01:15:00,62929.89,62934.81,62775.23,62879.11,566.0,1000,0.0
2026-07-05 01:30:00,62874.74,62875.14,62729.28,62810.07,720.0,1000,0.0
2026-07-05 01:45:00,62810.16,62852.61,62767.42,62831.08,430.0,1000,0.0
2026-07-05 02:00:00,62830.21,62874.91,62674.34,62679.72,549.0,1000,0.0
2026-07-05 02:15:00,62679.74,62732.06,62584.73,62700.71,743.0,1000,0.0
2026-07-05 02:30:00,62705.54,62741.73,62578.77,62584.05,495.0,1000,0.0
2026-07-05 02:45:00,62586.47,62645.86,62533.3,62641.79,672.0,1000,0.0
2026-07-05 03:00:00,62638.38,62737.83,62633.44,62700.4,384.0,1000,0.0
2026-07-05 03:15:00,62700.15,62716.07,62599.87,62619.8,510.0,1000,0.0
2026-07-05 03:30:00,62611.29,62717.53,62607.06,62686.41,446.0,1000,0.0
2026-07-05 03:45:00,62683.53,62738.62,62664.78,62711.43,400.0,1000,0.0
2026-07-05 04:00:00,62712.08,62773.48,62653.27,62732.24,422.0,1000,0.0
2026-07-05 04:15:00,62727.23,62829.92,62726.53,62803.6,414.0,1000,0.0
2026-07-05 04:30:00,62805.41,62897.72,62797.15,62874.93,519.0,1000,0.0
2026-07-05 04:45:00,62882.38,62882.38,62752.95,62757.02,418.0,1000,0.0
2026-07-05 05:00:00,62762.6,62764.58,62671.61,62689.13,448.0,1000,0.0
2026-07-05 05:15:00,62692.18,62735.48,62686.02,62700.98,407.0,1000,0.0
2026-07-05 05:30:00,62701.19,62756.2,62595.95,62622.08,526.0,1000,0.0
2026-07-05 05:45:00,62622.08,62717.31,62614.78,62681.53,402.0,1000,0.0
2026-07-05 06:00:00,62681.87,62699.49,62607.91,62662.69,477.0,1000,0.0
2026-07-05 06:15:00,62665.21,62744.75,62648.17,62735.93,420.0,1000,0.0
2026-07-05 06:30:00,62741.88,62771.93,62688.31,62699.56,342.0,1000,0.0
2026-07-05 06:45:00,62699.0,62741.4,62684.55,62715.79,391.0,1000,0.0
2026-07-05 07:00:00,62719.48,62743.18,62693.48,62702.46,343.0,1000,0.0
2026-07-05 07:15:00,62702.56,62784.32,62653.42,62696.86,455.0,1000,0.0
2026-07-05 07:30:00,62703.41,62890.74,62703.41,62863.13,524.0,1000,0.0
2026-07-05 07:45:00,62855.86,63002.08,62834.51,62957.04,550.0,1000,0.0
2026-07-05 08:00:00,62959.52,63053.59,62891.12,62950.56,619.0,1000,0.0
2026-07-05 08:15:00,62953.6,62995.1,62853.58,62877.27,407.0,1000,0.0
2026-07-05 08:30:00,62880.24,62936.65,62850.36,62872.93,382.0,1000,0.0
2026-07-05 08:45:00,62876.74,62935.83,62831.67,62859.32,422.0,1000,0.0
2026-07-05 09:00:00,62861.38,62878.97,62795.66,62818.2,377.0,1000,0.0
2026-07-05 09:15:00,62823.41,62825.9,62666.19,62677.31,467.0,1000,0.0
2026-07-05 09:30:00,62677.44,62727.74,62371.63,62480.18,1153.0,1000,0.0
2026-07-05 09:45:00,62483.23,62585.1,62445.68,62559.64,776.0,1000,0.0
2026-07-05 10:00:00,62558.74,62678.64,62471.36,62623.36,583.0,1000,0.0
2026-07-05 10:15:00,62624.89,62682.7,62572.22,62632.12,391.0,1000,0.0
2026-07-05 10:30:00,62630.99,62676.02,62600.76,62630.55,317.0,1000,0.0
2026-07-05 10:45:00,62630.98,62705.85,62619.89,62695.58,328.0,1000,0.0
2026-07-05 11:00:00,62695.51,62761.31,62612.81,62643.71,550.0,1000,0.0
2026-07-05 11:15:00,62644.34,62644.34,62548.57,62569.5,409.0,1000,0.0
2026-07-05 11:30:00,62569.93,62667.71,62554.94,62638.47,348.0,1000,0.0
2026-07-05 11:45:00,62638.07,62676.75,62572.91,62596.57,364.0,1000,0.0
2026-07-05 12:00:00,62598.09,62602.14,62497.01,62569.27,428.0,1000,0.0
2026-07-05 12:15:00,62567.65,62703.61,62563.11,62696.99,528.0,1000,0.0
2026-07-05 12:30:00,62695.32,62725.22,62590.1,62662.12,514.0,1000,0.0
2026-07-05 12:45:00,62658.15,62689.7,62649.15,62687.53,319.0,1000,0.0
2026-07-05 13:00:00,62685.09,62769.68,62635.8,62680.64,460.0,1000,0.0
2026-07-05 13:15:00,62681.07,62716.33,62582.91,62630.63,427.0,1000,0.0
2026-07-05 13:30:00,62635.26,62707.98,62616.04,62685.47,323.0,1000,0.0
2026-07-05 13:45:00,62685.56,62770.3,62685.56,62740.85,468.0,1000,0.0
2026-07-05 14:00:00,62743.39,62763.98,62654.31,62684.73,447.0,1000,0.0
2026-07-05 14:15:00,62691.25,62691.25,62610.03,62649.73,376.0,1000,0.0
2026-07-05 14:30:00,62656.68,62740.14,62592.05,62684.99,480.0,1000,0.0
2026-07-05 14:45:00,62685.07,62762.42,62654.57,62754.26,337.0,1000,0.0
2026-07-05 15:00:00,62754.32,62895.44,62735.02,62758.18,867.0,1000,0.0
2026-07-05 15:15:00,62759.22,62772.8,62671.52,62708.4,511.0,1000,0.0
2026-07-05 15:30:00,62708.11,62857.25,62629.27,62644.54,578.0,1000,0.0
2026-07-05 15:45:00,62642.66,62708.11,62618.56,62687.13,394.0,1000,0.0
2026-07-05 16:00:00,62684.12,62721.56,62633.02,62653.88,485.0,1000,0.0
2026-07-05 16:15:00,62656.53,62674.86,62549.07,62572.51,423.0,1000,0.0
2026-07-05 16:30:00,62572.71,62614.02,62551.89,62574.79,385.0,1000,0.0
2026-07-05 16:45:00,62575.5,62606.18,62532.47,62581.08,383.0,1000,0.0
2026-07-05 17:00:00,62583.45,62686.86,62583.45,62655.52,486.0,1000,0.0
2026-07-05 17:15:00,62652.72,62767.04,62620.94,62632.6,511.0,1000,0.0
2026-07-05 17:30:00,62636.68,62661.39,62540.92,62549.99,401.0,1000,0.0
2026-07-05 17:45:00,62549.37,62620.53,62528.46,62570.15,389.0,1000,0.0
2026-07-05 18:00:00,62571.56,62636.76,62558.13,62608.78,451.0,1000,0.0
2026-07-05 18:15:00,62610.22,62666.56,62604.07,62630.23,370.0,1000,0.0
2026-07-05 18:30:00,62631.52,62712.85,62621.53,62707.67,324.0,1000,0.0
2026-07-05 18:45:00,62707.87,62837.54,62673.82,62754.86,522.0,1000,0.0
2026-07-05 19:00:00,62755.17,62812.68,62716.7,62786.68,428.0,1000,0.0
2026-07-05 19:15:00,62782.29,62822.95,62668.63,62728.65,417.0,1000,0.0
2026-07-05 19:30:00,62727.8,62778.85,62706.23,62751.98,357.0,1000,0.0
2026-07-05 19:45:00,62748.04,62780.63,62698.55,62714.11,277.0,1000,0.0
2026-07-05 20:00:00,62709.64,62789.06,62704.54,62760.73,311.0,1000,0.0
2026-07-05 20:15:00,62760.78,62766.59,62640.17,62676.56,325.0,1000,0.0
2026-07-05 20:30:00,62676.49,62694.15,62637.31,62686.92,302.0,1000,0.0
2026-07-05 20:45:00,62690.03,62710.28,62674.17,62679.26,278.0,1000,0.0
2026-07-05 21:00:00,62677.21,62707.38,62551.36,62688.5,510.0,1000,0.0
2026-07-05 21:15:00,62675.53,62889.51,62660.84,62861.29,620.0,1000,0.0
2026-07-05 21:30:00,62863.46,63004.53,62835.89,62965.67,699.0,1000,0.0
2026-07-05 21:45:00,62965.59,63183.36,62881.42,63042.13,918.0,1000,0.0
2026-07-05 22:00:00,63043.23,63171.36,62944.6,63164.13,1138.0,1000,0.0
2026-07-05 22:15:00,63164.62,63682.51,63129.2,63653.54,1853.0,1000,0.0
2026-07-05 22:30:00,63655.09,63906.5,63477.25,63511.64,1739.0,1000,0.0
2026-07-05 22:45:00,63507.39,63693.5,63491.68,63677.75,1051.0,1000,0.0
2026-07-05 23:00:00,63671.37,63933.96,63644.19,63906.53,1149.0,1000,0.0
2026-07-05 23:15:00,63906.45,63951.7,63604.9,63612.61,1132.0,1000,0.0
2026-07-05 23:30:00,63615.05,63673.58,63554.44,63638.73,717.0,1000,0.0
2026-07-05 23:45:00,63638.65,63638.65,63505.56,63579.74,621.0,1000,0.0
2026-07-06 00:00:00,63580.85,63655.27,63414.75,63544.66,1179.0,1000,0.0
2026-07-06 00:15:00,63539.68,63655.02,63341.01,63350.97,1046.0,1000,0.0
2026-07-06 00:30:00,63347.49,63596.86,63276.83,63541.48,1110.0,1000,0.0
2026-07-06 00:45:00,63550.36,63726.2,63544.11,63689.44,957.0,1000,0.0
2026-07-06 01:00:00,63686.48,63802.21,63623.18,63752.31,1147.0,1000,0.0
2026-07-06 01:15:00,63751.83,63791.02,63536.56,63667.48,948.0,1000,0.0
2026-07-06 01:30:00,63667.32,63868.22,63623.17,63652.65,1054.0,1000,0.0
2026-07-06 01:45:00,63650.51,63650.51,63487.46,63512.09,811.0,1000,0.0
2026-07-06 02:00:00,63511.44,63607.73,63350.67,63393.24,897.0,1000,0.0
2026-07-06 02:15:00,63392.16,63596.71,63377.15,63467.76,768.0,1000,0.0
2026-07-06 02:30:00,63468.29,63571.67,63320.94,63336.45,902.0,1000,0.0
2026-07-06 02:45:00,63336.82,63429.68,63304.53,63393.52,679.0,1000,0.0
2026-07-06 03:00:00,63391.34,63445.25,63330.25,63348.05,655.0,1000,0.0
2026-07-06 03:15:00,63349.52,63368.22,63130.0,63174.0,906.0,1000,0.0
2026-07-06 03:30:00,63164.94,63261.94,63069.85,63146.7,970.0,1000,0.0
2026-07-06 03:45:00,63143.98,63236.94,63124.87,63236.94,629.0,1000,0.0
2026-07-06 04:00:00,63236.55,63332.12,63170.14,63270.35,611.0,1000,0.0
2026-07-06 04:15:00,63269.71,63300.29,63119.57,63168.05,542.0,1000,0.0
2026-07-06 04:30:00,63165.01,63338.23,63129.36,63247.35,666.0,1000,0.0
2026-07-06 04:45:00,63246.94,63294.0,63165.28,63211.54,475.0,1000,0.0
2026-07-06 05:00:00,63213.48,63213.48,63098.99,63141.01,630.0,1000,0.0
2026-07-06 05:15:00,63142.93,63180.88,62924.0,62943.92,990.0,1000,0.0
2026-07-06 05:30:00,62949.16,63101.22,62882.83,63045.37,860.0,1000,0.0
2026-07-06 05:45:00,63044.03,63109.39,63011.39,63049.6,458.0,1000,0.0
2026-07-06 06:00:00,63049.44,63092.44,62970.93,63059.17,563.0,1000,0.0
2026-07-06 06:15:00,63061.24,63091.06,62924.5,62969.02,528.0,1000,0.0
2026-07-06 06:30:00,62969.09,63013.04,62904.69,63013.04,545.0,1000,0.0
2026-07-06 06:45:00,63013.38,63026.97,62911.06,62919.86,392.0,1000,0.0
2026-07-06 07:00:00,62922.48,62925.32,62819.33,62899.57,639.0,1000,0.0
2026-07-06 07:15:00,62902.27,62973.61,62882.17,62901.36,477.0,1000,0.0
2026-07-06 07:30:00,62901.23,63054.98,62852.76,63037.77,530.0,1000,0.0
2026-07-06 07:45:00,63035.86,63068.95,63000.29,63017.4,417.0,1000,0.0
2026-07-06 08:00:00,63017.99,63180.98,62934.14,62988.62,832.0,1000,0.0
2026-07-06 08:15:00,62989.65,63034.98,62913.28,63012.12,498.0,1000,0.0
2026-07-06 08:30:00,63011.35,63011.35,62762.42,62836.16,594.0,1000,0.0
2026-07-06 08:45:00,62836.18,62886.3,62813.51,62830.09,425.0,1000,0.0
2026-07-06 09:00:00,62833.47,62858.74,62779.04,62790.87,433.0,1000,0.0
2026-07-06 09:15:00,62793.26,62816.98,62667.87,62693.63,565.0,1000,0.0
2026-07-06 09:30:00,62695.83,62711.86,62565.43,62627.81,680.0,1000,0.0
2026-07-06 09:45:00,62627.05,62641.24,62565.19,62605.21,407.0,1000,0.0
2026-07-06 10:00:00,62605.24,62794.41,62592.26,62774.07,580.0,1000,0.0
2026-07-06 10:15:00,62781.3,62820.3,62769.84,62820.3,393.0,1000,0.0
2026-07-06 10:30:00,62815.85,62972.69,62801.38,62857.75,697.0,1000,0.0
2026-07-06 10:45:00,62858.72,62865.59,62735.62,62761.4,417.0,1000,0.0
2026-07-06 11:00:00,62762.12,62823.33,62730.56,62740.26,440.0,1000,0.0
2026-07-06 11:15:00,62736.82,62862.62,62710.69,62816.48,484.0,1000,0.0
2026-07-06 11:30:00,62815.13,62935.52,62803.12,62891.01,542.0,1000,0.0
2026-07-06 11:45:00,62895.06,62945.39,62426.08,62433.37,895.0,1000,0.0
2026-07-06 12:00:00,62432.1,62434.92,61798.71,61928.19,4750.0,1000,0.0
2026-07-06 12:15:00,61928.69,62095.48,61838.13,62017.47,1475.0,1000,0.0
2026-07-06 12:30:00,62010.8,62137.82,61699.84,61749.38,1185.0,1000,0.0
2026-07-06 12:45:00,61744.43,61838.98,61610.57,61694.97,1499.0,1000,0.0
2026-07-06 13:00:00,61692.92,61751.04,61524.09,61572.62,1613.0,1000,0.0
2026-07-06 13:15:00,61574.27,61653.45,61362.73,61390.76,1430.0,1000,0.0
2026-07-06 13:30:00,61389.23,61601.35,61252.63,61588.67,3397.0,1000,0.0
2026-07-06 13:45:00,61596.26,61985.05,61557.67,61723.8,2189.0,1000,0.0
2026-07-06 14:00:00,61724.08,61942.17,61686.14,61881.81,1585.0,1000,0.0
2026-07-06 14:15:00,61874.71,62360.69,61651.5,62021.53,3242.0,1000,0.0
2026-07-06 14:30:00,62022.85,62167.01,61895.99,61986.04,2218.0,1000,0.0
2026-07-06 14:45:00,61983.68,62018.01,61823.63,61991.48,1281.0,1000,0.0
2026-07-06 15:00:00,61991.84,62528.43,61990.38,62416.46,2344.0,1000,0.0
2026-07-06 15:15:00,62418.64,62499.48,62257.41,62406.01,1816.0,1000,0.0
2026-07-06 15:30:00,62403.69,62902.79,62219.36,62854.32,2213.0,1000,0.0
2026-07-06 15:45:00,62853.17,63505.76,62746.9,63499.87,3620.0,1000,0.0
2026-07-06 16:00:00,63498.05,63826.47,63337.41,63695.46,3068.0,1000,0.0
2026-07-06 16:15:00,63693.65,63752.41,63355.37,63416.88,2032.0,1000,0.0
2026-07-06 16:30:00,63412.33,63763.84,63408.59,63694.74,1573.0,1000,0.0
2026-07-06 16:45:00,63687.62,63751.06,63610.69,63691.38,957.0,1000,0.0
2026-07-06 17:00:00,63687.79,63905.18,63622.35,63800.81,1363.0,1000,0.0
2026-07-06 17:15:00,63810.1,63944.82,63774.01,63837.77,999.0,1000,0.0
2026-07-06 17:30:00,63839.52,63898.71,63607.76,63652.14,1161.0,1000,0.0
2026-07-06 17:45:00,63650.04,63719.42,63507.77,63544.96,873.0,1000,0.0
2026-07-06 18:00:00,63546.33,63717.57,63501.19,63646.52,839.0,1000,0.0
2026-07-06 18:15:00,63658.25,63852.95,63566.95,63713.62,791.0,1000,0.0
2026-07-06 18:30:00,63713.04,63810.81,63644.65,63747.48,735.0,1000,0.0
2026-07-06 18:45:00,63746.9,63777.44,63639.88,63656.34,570.0,1000,0.0
2026-07-06 19:00:00,63656.33,63711.96,63600.79,63692.56,667.0,1000,0.0
2026-07-06 19:15:00,63693.24,63860.23,63692.07,63789.89,717.0,1000,0.0
2026-07-06 19:30:00,63793.9,63809.84,63713.86,63801.06,593.0,1000,0.0
2026-07-06 19:45:00,63794.06,63833.51,63666.04,63699.01,794.0,1000,0.0
2026-07-06 20:00:00,63697.02,63721.39,63535.81,63553.83,754.0,1000,0.0
2026-07-06 20:15:00,63556.5,63714.9,63548.57,63709.11,546.0,1000,0.0
2026-07-06 20:30:00,63711.52,63846.98,63697.73,63778.33,548.0,1000,0.0
2026-07-06 20:45:00,63778.11,63853.65,63726.95,63781.15,468.0,1000,0.0
2026-07-06 21:00:00,63779.04,64668.23,63758.95,64263.03,3562.0,1000,0.0
2026-07-06 21:15:00,64266.02,64332.89,64146.69,64171.7,1415.0,1000,0.0
2026-07-06 21:30:00,64171.57,64277.34,64102.88,64185.42,723.0,1000,0.0
2026-07-06 21:45:00,64181.88,64492.64,64125.8,64447.36,1527.0,1000,0.0
2026-07-06 22:00:00,64447.12,64461.36,64240.34,64319.15,845.0,1000,0.0
2026-07-06 22:15:00,64316.18,64444.79,64150.06,64171.66,774.0,1000,0.0
2026-07-06 22:30:00,64171.37,64196.37,64124.65,64166.22,463.0,1000,0.0
2026-07-06 22:45:00,64160.84,64255.75,64097.85,64202.66,627.0,1000,0.0
2026-07-06 23:00:00,64202.03,64299.85,64173.81,64231.74,598.0,1000,0.0
2026-07-06 23:15:00,64236.39,64242.61,64042.75,64054.68,552.0,1000,0.0
2026-07-06 23:30:00,64054.75,64135.37,64018.1,64024.89,431.0,1000,0.0
2026-07-06 23:45:00,64025.27,64083.27,63973.74,64001.94,560.0,1000,0.0
2026-07-07 00:00:00,64001.6,64063.06,63961.25,63989.35,683.0,1000,0.0
2026-07-07 00:15:00,63987.59,64279.7,63952.57,64195.1,990.0,1000,0.0
2026-07-07 00:30:00,64195.17,64214.44,63976.99,64038.07,890.0,1000,0.0
2026-07-07 00:45:00,64041.46,64233.56,64027.23,64151.53,953.0,1000,0.0
2026-07-07 01:00:00,64149.17,64151.19,63834.11,63930.28,1316.0,1000,0.0
2026-07-07 01:15:00,63930.26,64009.29,63857.6,63909.17,974.0,1000,0.0
2026-07-07 01:30:00,63907.18,63936.18,63729.37,63906.96,952.0,1000,0.0
2026-07-07 01:45:00,63910.32,63974.35,63778.16,63803.48,626.0,1000,0.0
2026-07-07 02:00:00,63803.63,63867.33,63731.12,63774.15,598.0,1000,0.0
2026-07-07 02:15:00,63774.91,63833.16,63526.1,63527.74,733.0,1000,0.0
2026-07-07 02:30:00,63529.5,63561.58,63378.76,63554.39,979.0,1000,0.0
2026-07-07 02:45:00,63556.53,63576.62,63238.29,63284.53,997.0,1000,0.0
2026-07-07 03:00:00,63283.47,63375.07,63216.0,63281.88,888.0,1000,0.0
2026-07-07 03:15:00,63278.18,63334.97,63187.0,63248.12,864.0,1000,0.0
2026-07-07 03:30:00,63250.88,63311.58,63132.26,63175.53,846.0,1000,0.0
2026-07-07 03:45:00,63175.28,63175.28,63097.51,63145.28,535.0,1000,0.0
2026-07-07 04:00:00,63144.49,63219.94,63089.25,63141.79,663.0,1000,0.0
2026-07-07 04:15:00,63142.59,63237.86,63107.49,63208.27,566.0,1000,0.0
2026-07-07 04:30:00,63212.22,63251.72,63094.33,63095.81,580.0,1000,0.0
2026-07-07 04:45:00,63101.1,63123.5,63003.4,63046.82,470.0,1000,0.0
2026-07-07 05:00:00,63046.0,63072.13,62728.33,62774.12,660.0,1000,0.0
2026-07-07 05:15:00,62776.36,62952.18,62759.5,62896.12,675.0,1000,0.0
2026-07-07 05:30:00,62892.81,63146.13,62892.81,63115.87,780.0,1000,0.0
2026-07-07 05:45:00,63119.54,63215.48,63065.11,63065.11,584.0,1000,0.0
2026-07-07 06:00:00,63070.11,63179.95,62929.94,62989.89,701.0,1000,0.0
2026-07-07 06:15:00,62991.37,63127.54,62991.37,63109.2,594.0,1000,0.0
2026-07-07 06:30:00,63109.13,63245.1,63074.81,63217.33,659.0,1000,0.0
2026-07-07 06:45:00,63213.52,63353.28,63187.17,63280.79,592.0,1000,0.0
2026-07-07 07:00:00,63283.65,63401.32,63251.71,63337.42,640.0,1000,0.0
2026-07-07 07:15:00,63331.49,63355.97,63175.22,63185.91,606.0,1000,0.0
2026-07-07 07:30:00,63184.3,63227.26,63033.27,63094.36,718.0,1000,0.0
2026-07-07 07:45:00,63089.51,63140.42,63016.74,63031.32,495.0,1000,0.0
2026-07-07 08:00:00,63031.31,63138.18,62978.36,63064.71,629.0,1000,0.0
2026-07-07 08:15:00,63064.84,63118.13,62994.41,63034.04,531.0,1000,0.0
2026-07-07 08:30:00,63034.6,63064.86,62921.45,63039.96,595.0,1000,0.0
2026-07-07 08:45:00,63041.79,63096.11,62968.83,63048.09,483.0,1000,0.0
2026-07-07 09:00:00,63047.96,63196.74,63002.01,63185.21,597.0,1000,0.0
2026-07-07 09:15:00,63186.29,63195.01,63101.62,63101.62,345.0,1000,0.0
2026-07-07 09:30:00,63100.42,63240.74,63081.79,63228.14,447.0,1000,0.0
2026-07-07 09:45:00,63232.9,63288.22,63166.34,63199.18,538.0,1000,0.0
2026-07-07 10:00:00,63199.83,63398.61,63186.95,63297.17,716.0,1000,0.0
2026-07-07 10:15:00,63297.21,63401.44,63238.37,63242.72,459.0,1000,0.0
2026-07-07 10:30:00,63243.69,63254.16,63157.54,63217.07,506.0,1000,0.0
2026-07-07 10:45:00,63216.49,63229.49,63172.03,63229.13,361.0,1000,0.0
2026-07-07 11:00:00,63231.24,63231.24,63041.43,63099.52,727.0,1000,0.0
2026-07-07 11:15:00,63092.7,63173.14,63063.75,63114.0,413.0,1000,0.0
2026-07-07 11:30:00,63114.75,63206.68,63062.38,63206.68,526.0,1000,0.0
2026-07-07 11:45:00,63204.53,63400.78,63204.29,63343.02,701.0,1000,0.0
2026-07-07 12:00:00,63345.53,63826.8,63321.25,63757.01,1622.0,1000,0.0
2026-07-07 12:15:00,63763.02,63763.02,63574.64,63646.4,860.0,1000,0.0
2026-07-07 12:30:00,63648.34,63648.34,63425.78,63552.4,881.0,1000,0.0
2026-07-07 12:45:00,63556.29,63556.29,63384.44,63420.35,655.0,1000,0.0
2026-07-07 13:00:00,63409.78,63425.65,63201.33,63273.02,1041.0,1000,0.0
2026-07-07 13:15:00,63273.72,63311.41,63005.85,63055.3,1261.0,1000,0.0
2026-07-07 13:30:00,63056.58,63191.9,62916.39,63100.4,3125.0,1000,0.0
2026-07-07 13:45:00,63093.32,63353.22,62941.68,62998.62,2964.0,1000,0.0
2026-07-07 14:00:00,62995.72,63203.58,62792.17,62916.49,3235.0,1000,0.0
2026-07-07 14:15:00,62921.6,63088.67,62858.3,63082.59,2641.0,1000,0.0
2026-07-07 14:30:00,63083.39,63186.15,62605.32,62885.71,3382.0,1000,0.0
2026-07-07 14:45:00,62889.02,63580.44,62879.86,63495.2,2864.0,1000,0.0
2026-07-07 15:00:00,63506.95,63571.14,63311.93,63461.8,2380.0,1000,0.0
2026-07-07 15:15:00,63463.76,63750.4,63427.8,63695.02,2059.0,1000,0.0
2026-07-07 15:30:00,63693.46,63937.39,63611.46,63788.94,2026.0,1000,0.0
2026-07-07 15:45:00,63792.37,64063.86,63792.37,63889.14,1848.0,1000,0.0
2026-07-07 16:00:00,63891.78,63999.96,63761.42,63825.34,1396.0,1000,0.0
2026-07-07 16:15:00,63820.74,64023.03,63752.73,63941.07,1605.0,1000,0.0
2026-07-07 16:30:00,63944.44,64047.13,63881.61,64005.12,1055.0,1000,0.0
2026-07-07 16:45:00,63999.35,64204.76,63928.15,63937.35,1331.0,1000,0.0
2026-07-07 17:00:00,63936.6,64089.51,63909.2,63975.67,1047.0,1000,0.0
2026-07-07 17:15:00,63976.01,64112.87,63839.78,64092.04,1028.0,1000,0.0
2026-07-07 17:30:00,64095.1,64183.1,64040.5,64182.36,880.0,1000,0.0
2026-07-07 17:45:00,64182.29,64182.29,64073.71,64138.08,653.0,1000,0.0
2026-07-07 18:00:00,64142.1,64142.85,63943.84,63975.61,733.0,1000,0.0
2026-07-07 18:15:00,63975.82,64103.01,63915.03,63935.94,684.0,1000,0.0
2026-07-07 18:30:00,63934.08,64046.99,63896.77,64046.99,638.0,1000,0.0
2026-07-07 18:45:00,64050.1,64095.22,63629.84,63636.37,1692.0,1000,0.0
2026-07-07 19:00:00,63635.82,63733.61,63483.5,63495.17,1716.0,1000,0.0
2026-07-07 19:15:00,63491.36,63646.65,63332.32,63555.3,1415.0,1000,0.0
2026-07-07 19:30:00,63555.52,63774.18,63555.52,63756.13,912.0,1000,0.0
2026-07-07 19:45:00,63756.19,63863.32,63728.87,63782.2,940.0,1000,0.0
2026-07-07 20:00:00,63777.25,63864.32,63643.48,63740.94,833.0,1000,0.0
2026-07-07 20:15:00,63732.9,63774.76,63659.54,63698.23,546.0,1000,0.0
2026-07-07 20:30:00,63698.04,63703.52,63569.64,63638.56,488.0,1000,0.0
2026-07-07 20:45:00,63637.76,63664.43,63572.97,63651.91,344.0,1000,0.0
2026-07-07 21:00:00,63654.93,63828.76,63654.93,63739.03,713.0,1000,0.0
2026-07-07 21:15:00,63738.28,63738.28,63350.12,63486.1,1099.0,1000,0.0
2026-07-07 21:30:00,63484.92,63492.72,63264.47,63360.94,754.0,1000,0.0
2026-07-07 21:45:00,63361.38,63484.32,63321.39,63392.56,697.0,1000,0.0
2026-07-07 22:00:00,63385.04,63430.38,63163.8,63421.6,1184.0,1000,0.0
2026-07-07 22:15:00,63422.57,63481.79,63344.36,63413.52,640.0,1000,0.0
2026-07-07 22:30:00,63414.94,63623.17,63381.12,63561.0,615.0,1000,0.0
2026-07-07 22:45:00,63566.16,63566.16,63450.42,63504.86,445.0,1000,0.0
2026-07-07 23:00:00,63498.16,63630.87,63478.96,63600.94,559.0,1000,0.0
2026-07-07 23:15:00,63599.68,63675.56,63571.23,63609.62,396.0,1000,0.0
2026-07-07 23:30:00,63609.58,63623.04,63398.5,63402.38,432.0,1000,0.0
2026-07-07 23:45:00,63398.45,63417.6,63271.26,63314.03,583.0,1000,0.0
2026-07-08 00:00:00,63319.14,63475.41,63255.78,63454.95,816.0,1000,0.0
2026-07-08 00:15:00,63451.89,63640.44,63363.53,63572.1,1011.0,1000,0.0
2026-07-08 00:30:00,63568.28,63725.4,63502.3,63666.25,750.0,1000,0.0
2026-07-08 00:45:00,63662.45,63673.99,63533.59,63574.08,752.0,1000,0.0
2026-07-08 01:00:00,63575.05,63611.24,63421.73,63590.43,685.0,1000,0.0
2026-07-08 01:15:00,63590.84,63590.84,63384.29,63387.44,631.0,1000,0.0
2026-07-08 01:30:00,63385.49,63417.19,62873.84,63098.66,1956.0,1000,0.0
2026-07-08 01:45:00,63099.1,63176.55,62923.5,62989.84,1005.0,1000,0.0
2026-07-08 02:00:00,62985.61,62985.61,62763.25,62839.42,1251.0,1000,0.0
2026-07-08 02:15:00,62836.51,62939.74,62763.27,62837.79,911.0,1000,0.0
2026-07-08 02:30:00,62838.56,62930.53,62472.5,62921.83,1567.0,1000,0.0
2026-07-08 02:45:00,62931.32,63022.27,62846.37,62941.6,880.0,1000,0.0
2026-07-08 03:00:00,62943.61,63055.68,62923.94,63015.31,684.0,1000,0.0
2026-07-08 03:15:00,63011.7,63021.46,62916.97,63001.46,566.0,1000,0.0
2026-07-08 03:30:00,63000.9,63000.9,62859.33,62900.53,588.0,1000,0.0
2026-07-08 03:45:00,62900.52,62902.7,62646.31,62725.15,858.0,1000,0.0
2026-07-08 04:00:00,62727.52,62811.02,62677.77,62748.57,821.0,1000,0.0
2026-07-08 04:15:00,62746.72,62846.46,62741.18,62823.74,567.0,1000,0.0
2026-07-08 04:30:00,62824.43,62857.67,62659.32,62695.12,634.0,1000,0.0
2026-07-08 04:45:00,62694.48,62763.93,62618.24,62744.13,583.0,1000,0.0
2026-07-08 05:00:00,62743.85,62830.45,62697.65,62746.54,648.0,1000,0.0
2026-07-08 05:15:00,62738.74,62802.34,62663.5,62721.51,523.0,1000,0.0
2026-07-08 05:30:00,62721.98,62734.04,62556.21,62567.97,653.0,1000,0.0
2026-07-08 05:45:00,62564.41,62635.45,62493.59,62594.07,668.0,1000,0.0
2026-07-08 06:00:00,62593.64,62594.9,62504.42,62571.58,640.0,1000,0.0
2026-07-08 06:15:00,62571.42,62660.95,62413.06,62573.58,983.0,1000,0.0
2026-07-08 06:30:00,62565.44,62584.59,62421.34,62494.09,869.0,1000,0.0
2026-07-08 06:45:00,62495.31,62696.42,62469.66,62609.18,664.0,1000,0.0
2026-07-08 07:00:00,62609.85,62700.23,62486.34,62687.27,902.0,1000,0.0
2026-07-08 07:15:00,62679.77,62778.7,62613.78,62754.49,743.0,1000,0.0
2026-07-08 07:30:00,62751.89,62828.81,62710.02,62772.54,527.0,1000,0.0
2026-07-08 07:45:00,62772.83,62846.53,62741.74,62826.88,436.0,1000,0.0
2026-07-08 08:00:00,62828.31,62899.31,62729.35,62778.23,926.0,1000,0.0
2026-07-08 08:15:00,62779.06,62798.81,62020.61,62025.07,4136.0,1000,0.0
2026-07-08 08:30:00,62026.25,62106.57,61792.46,61992.02,2443.0,1000,0.0
2026-07-08 08:45:00,61992.94,62285.68,61939.21,61963.78,1741.0,1000,0.0
2026-07-08 09:00:00,61968.63,62061.18,61817.2,61817.2,1334.0,1000,0.0
2026-07-08 09:15:00,61824.91,61886.54,61670.82,61884.14,1592.0,1000,0.0
2026-07-08 09:30:00,61875.9,62112.93,61871.47,62086.47,984.0,1000,0.0
2026-07-08 09:45:00,62083.78,62083.78,61983.21,62009.37,642.0,1000,0.0
2026-07-08 10:00:00,62010.26,62041.32,61840.84,61940.0,858.0,1000,0.0
2026-07-08 10:15:00,61943.31,62058.56,61912.7,62058.56,579.0,1000,0.0
2026-07-08 10:30:00,62056.37,62117.9,61994.11,62090.12,636.0,1000,0.0
2026-07-08 10:45:00,62089.96,62142.28,62034.99,62122.56,500.0,1000,0.0
2026-07-08 11:00:00,62122.63,62136.32,62007.06,62062.59,685.0,1000,0.0
2026-07-08 11:15:00,62059.78,62114.95,61987.06,62066.85,546.0,1000,0.0
2026-07-08 11:30:00,62065.96,62341.04,62023.96,62272.02,992.0,1000,0.0
2026-07-08 11:45:00,62269.25,62309.07,62172.76,62247.57,852.0,1000,0.0
2026-07-08 12:00:00,62251.37,62369.83,62146.19,62261.91,855.0,1000,0.0
2026-07-08 12:15:00,62257.47,62318.13,62159.09,62217.11,507.0,1000,0.0
2026-07-08 12:30:00,62219.9,62248.42,62029.57,62050.65,651.0,1000,0.0
2026-07-08 12:45:00,62050.58,62097.01,61892.71,61900.56,766.0,1000,0.0
2026-07-08 13:00:00,61898.99,61938.68,61778.21,61859.1,946.0,1000,0.0
2026-07-08 13:15:00,61853.23,61883.5,61687.22,61767.27,858.0,1000,0.0
2026-07-08 13:30:00,61768.0,62032.42,61768.0,61896.96,2455.0,1000,0.0
2026-07-08 13:45:00,61895.41,61905.22,61566.46,61881.1,2119.0,1000,0.0
2026-07-08 14:00:00,61879.18,62085.7,61847.97,61981.06,2327.0,1000,0.0
2026-07-08 14:15:00,61984.61,62120.68,61763.92,61935.52,2113.0,1000,0.0
2026-07-08 14:30:00,61931.69,61978.57,61782.71,61847.31,1859.0,1000,0.0
2026-07-08 14:45:00,61851.19,61980.56,61640.08,61826.75,1859.0,1000,0.0
2026-07-08 15:00:00,61826.98,61865.34,61516.79,61549.52,1276.0,1000,0.0
2026-07-08 15:15:00,61546.79,61647.02,61471.62,61562.55,1350.0,1000,0.0
2026-07-08 15:30:00,61558.36,61732.71,61516.76,61559.98,1236.0,1000,0.0
2026-07-08 15:45:00,61551.49,61666.3,61523.37,61633.46,864.0,1000,0.0
2026-07-08 16:00:00,61635.11,61831.81,61619.93,61776.21,1163.0,1000,0.0
2026-07-08 16:15:00,61776.14,61932.77,61720.52,61851.27,790.0,1000,0.0
2026-07-08 16:30:00,61849.93,62034.98,61722.52,61986.68,1345.0,1000,0.0
2026-07-08 16:45:00,61985.89,62093.56,61943.95,62046.84,712.0,1000,0.0
2026-07-08 17:00:00,62049.38,62089.56,61959.96,61995.02,721.0,1000,0.0
2026-07-08 17:15:00,61988.17,62258.53,61979.57,62242.37,783.0,1000,0.0
2026-07-08 17:30:00,62242.4,62349.36,62189.76,62205.87,785.0,1000,0.0
2026-07-08 17:45:00,62201.38,62220.05,61995.6,62060.66,741.0,1000,0.0
2026-07-08 18:00:00,62058.88,62253.96,62030.38,62239.5,998.0,1000,0.0
2026-07-08 18:15:00,62240.53,62299.92,62125.84,62132.4,748.0,1000,0.0
2026-07-08 18:30:00,62130.14,62130.14,61979.35,62037.58,721.0,1000,0.0
2026-07-08 18:45:00,62040.21,62221.99,62014.53,62120.83,693.0,1000,0.0
2026-07-08 19:00:00,62122.29,62213.81,62030.58,62031.97,715.0,1000,0.0
2026-07-08 19:15:00,62031.99,62187.99,62001.74,62173.3,580.0,1000,0.0
2026-07-08 19:30:00,62184.33,62238.4,62142.71,62235.26,582.0,1000,0.0
2026-07-08 19:45:00,62235.23,62244.22,62062.16,62216.88,967.0,1000,0.0
2026-07-08 20:00:00,62226.79,62260.86,62130.73,62199.76,586.0,1000,0.0
2026-07-08 20:15:00,62194.22,62218.09,62089.8,62216.16,482.0,1000,0.0
2026-07-08 20:30:00,62213.78,62224.93,62055.16,62143.8,549.0,1000,0.0
2026-07-08 20:45:00,62141.04,62192.27,62023.92,62057.98,488.0,1000,0.0
2026-07-08 21:00:00,62058.05,62094.32,61896.29,61944.67,597.0,1000,0.0
2026-07-08 21:15:00,61946.11,62053.78,61919.98,62051.8,439.0,1000,0.0
2026-07-08 21:30:00,62053.22,62106.6,61991.2,62042.57,722.0,1000,0.0
2026-07-08 21:45:00,62046.57,62203.5,62012.26,62138.18,1286.0,1000,0.0
2026-07-08 22:00:00,62139.48,62307.05,62117.18,62162.16,674.0,1000,0.0
2026-07-08 22:15:00,62163.14,62255.17,62119.96,62255.17,463.0,1000,0.0
2026-07-08 22:30:00,62250.95,62286.37,62187.31,62279.59,522.0,1000,0.0
2026-07-08 22:45:00,62269.23,62283.81,62199.22,62275.24,365.0,1000,0.0
2026-07-08 23:00:00,62271.73,62304.41,62230.5,62276.0,416.0,1000,0.0
2026-07-08 23:15:00,62275.93,62277.5,62155.92,62211.83,459.0,1000,0.0
2026-07-08 23:30:00,62210.0,62219.18,62115.99,62203.46,497.0,1000,0.0
2026-07-08 23:45:00,62205.01,62282.16,62169.76,62239.37,513.0,1000,0.0
2026-07-09 00:00:00,62237.97,62265.87,62097.02,62191.44,749.0,1000,0.0
2026-07-09 00:15:00,62185.78,62213.93,62063.75,62145.47,544.0,1000,0.0
2026-07-09 00:30:00,62143.66,62239.38,62036.11,62154.22,774.0,1000,0.0
2026-07-09 00:45:00,62152.56,62196.61,62000.62,62076.59,629.0,1000,0.0
2026-07-09 01:00:00,62081.23,62595.83,62053.79,62360.52,1602.0,1000,0.0
2026-07-09 01:15:00,62360.26,62500.16,62305.64,62345.3,1087.0,1000,0.0
2026-07-09 01:30:00,62343.26,62367.24,61997.81,62065.07,1204.0,1000,0.0
2026-07-09 01:45:00,62067.37,62069.37,61773.9,61851.27,1289.0,1000,0.0
2026-07-09 02:00:00,61857.94,62038.61,61743.15,62021.97,1109.0,1000,0.0
2026-07-09 02:15:00,62023.41,62073.74,61890.22,61953.32,856.0,1000,0.0
2026-07-09 02:30:00,61948.16,61983.65,61738.65,61754.7,886.0,1000,0.0
2026-07-09 02:45:00,61748.43,61800.23,61633.42,61726.37,871.0,1000,0.0
2026-07-09 03:00:00,61730.17,61807.75,61661.5,61792.9,840.0,1000,0.0
2026-07-09 03:15:00,61797.87,61892.73,61676.46,61857.68,841.0,1000,0.0
2026-07-09 03:30:00,61858.75,62014.96,61816.9,61919.83,808.0,1000,0.0
2026-07-09 03:45:00,61914.52,61951.76,61851.65,61912.62,551.0,1000,0.0
2026-07-09 04:00:00,61916.26,62040.28,61899.32,61971.72,632.0,1000,0.0
2026-07-09 04:15:00,61971.78,62066.8,61950.5,62034.74,539.0,1000,0.0
2026-07-09 04:30:00,62036.0,62249.86,62025.27,62249.86,728.0,1000,0.0
2026-07-09 04:45:00,62254.15,62403.64,62218.93,62390.13,683.0,1000,0.0
2026-07-09 05:00:00,62389.61,62572.66,62301.09,62450.35,974.0,1000,0.0
2026-07-09 05:15:00,62454.41,62487.77,62212.64,62251.54,773.0,1000,0.0
2026-07-09 05:30:00,62255.18,62356.99,62173.62,62323.14,650.0,1000,0.0
2026-07-09 05:45:00,62323.14,62538.49,62298.07,62535.41,700.0,1000,0.0
2026-07-09 06:00:00,62535.15,62724.75,62423.87,62474.8,971.0,1000,0.0
2026-07-09 06:15:00,62466.71,62807.34,62437.31,62761.97,772.0,1000,0.0
2026-07-09 06:30:00,62762.81,62800.17,62685.07,62794.36,723.0,1000,0.0
2026-07-09 06:45:00,62793.35,62932.14,62751.12,62897.25,733.0,1000,0.0
2026-07-09 07:00:00,62897.91,63130.92,62773.28,62885.01,1285.0,1000,0.0
2026-07-09 07:15:00,62887.41,63039.41,62788.61,62855.42,818.0,1000,0.0
2026-07-09 07:30:00,62853.51,62994.18,62738.25,62976.58,681.0,1000,0.0
2026-07-09 07:45:00,62976.67,63234.77,62911.02,62949.25,1050.0,1000,0.0
2026-07-09 08:00:00,62947.36,62974.28,62855.1,62900.57,808.0,1000,0.0
2026-07-09 08:15:00,62896.42,62997.91,62867.27,62986.63,567.0,1000,0.0
2026-07-09 08:30:00,62986.88,63049.93,62911.41,62984.82,533.0,1000,0.0
2026-07-09 08:45:00,62982.24,62983.6,62787.04,62836.23,516.0,1000,0.0
2026-07-09 09:00:00,62835.3,62884.57,62752.64,62801.13,475.0,1000,0.0
2026-07-09 09:15:00,62799.55,62880.26,62770.2,62864.73,510.0,1000,0.0
2026-07-09 09:30:00,62866.02,62954.75,62721.64,62743.9,733.0,1000,0.0
2026-07-09 09:45:00,62747.87,62913.52,62725.44,62900.46,487.0,1000,0.0
2026-07-09 10:00:00,62892.84,63000.34,62848.4,62947.33,534.0,1000,0.0
2026-07-09 10:15:00,62947.26,62962.34,62813.42,62826.02,449.0,1000,0.0
2026-07-09 10:30:00,62824.39,62892.15,62792.06,62841.13,437.0,1000,0.0
2026-07-09 10:45:00,62840.14,62848.38,62616.69,62727.02,835.0,1000,0.0
2026-07-09 11:00:00,62724.75,62774.84,62685.45,62742.88,636.0,1000,0.0
2026-07-09 11:15:00,62740.14,62740.14,62601.49,62647.83,700.0,1000,0.0
2026-07-09 11:30:00,62649.47,62674.39,62546.2,62595.07,679.0,1000,0.0
2026-07-09 11:45:00,62595.49,62758.12,62550.31,62720.77,606.0,1000,0.0
2026-07-09 12:00:00,62720.23,62824.8,62592.32,62720.61,877.0,1000,0.0
2026-07-09 12:15:00,62719.18,62792.86,62548.37,62750.09,1658.0,1000,0.0
2026-07-09 12:30:00,62751.24,62907.55,62509.34,62563.27,1584.0,1000,0.0
2026-07-09 12:45:00,62563.42,62613.13,62393.52,62555.87,1082.0,1000,0.0
2026-07-09 13:00:00,62557.74,62865.95,62557.74,62807.5,1010.0,1000,0.0
2026-07-09 13:15:00,62814.59,62817.13,62625.15,62665.5,927.0,1000,0.0
2026-07-09 13:30:00,62664.56,62918.91,62455.22,62918.91,2700.0,1000,0.0
2026-07-09 13:45:00,62917.24,63189.7,62753.52,62968.65,2333.0,1000,0.0
2026-07-09 14:00:00,62973.72,63088.65,62797.35,62861.2,2096.0,1000,0.0
2026-07-09 14:15:00,62861.46,62861.46,62600.62,62822.13,2173.0,1000,0.0
2026-07-09 14:30:00,62821.77,62948.14,62680.25,62855.24,1400.0,1000,0.0
2026-07-09 14:45:00,62854.9,62993.88,62753.62,62947.18,1231.0,1000,0.0
2026-07-09 15:00:00,62949.69,63149.11,62861.98,63043.26,1255.0,1000,0.0
2026-07-09 15:15:00,63034.77,63208.4,62886.37,62932.49,1361.0,1000,0.0
2026-07-09 15:30:00,62937.8,63038.31,62826.07,62923.87,1048.0,1000,0.0
2026-07-09 15:45:00,62924.36,62999.93,62752.84,62808.2,746.0,1000,0.0
2026-07-09 16:00:00,62807.16,62944.3,62770.61,62798.27,781.0,1000,0.0
2026-07-09 16:15:00,62798.1,62832.51,62494.37,62651.67,1076.0,1000,0.0
2026-07-09 16:30:00,62657.14,62742.34,62618.3,62675.89,792.0,1000,0.0
2026-07-09 16:45:00,62676.59,62688.01,62544.49,62640.19,693.0,1000,0.0
2026-07-09 17:00:00,62642.2,62742.64,62603.92,62647.83,668.0,1000,0.0
2026-07-09 17:15:00,62651.18,62800.16,62644.74,62784.22,614.0,1000,0.0
2026-07-09 17:30:00,62780.79,62993.97,62694.99,62973.96,781.0,1000,0.0
2026-07-09 17:45:00,62970.32,63116.04,62954.35,63089.8,715.0,1000,0.0
2026-07-09 18:00:00,63088.67,63454.16,63009.69,63331.92,1534.0,1000,0.0
2026-07-09 18:15:00,63339.16,63373.61,63185.11,63332.99,1311.0,1000,0.0
2026-07-09 18:30:00,63333.37,63371.59,63199.66,63262.31,1186.0,1000,0.0
2026-07-09 18:45:00,63256.47,63300.99,63124.69,63164.68,1119.0,1000,0.0
2026-07-09 19:00:00,63168.73,63223.81,63125.8,63161.74,1122.0,1000,0.0
2026-07-09 19:15:00,63160.22,63230.69,63097.24,63205.52,1121.0,1000,0.0
2026-07-09 19:30:00,63204.99,63329.21,63165.33,63301.66,1080.0,1000,0.0
2026-07-09 19:45:00,63301.39,63329.18,63173.82,63196.19,1255.0,1000,0.0
2026-07-09 20:00:00,63198.59,63232.71,63116.75,63148.33,1149.0,1000,0.0
2026-07-09 20:15:00,63148.76,63272.86,63134.11,63228.97,976.0,1000,0.0
2026-07-09 20:30:00,63228.56,63273.8,63191.36,63257.7,917.0,1000,0.0
2026-07-09 20:45:00,63257.62,63272.87,63185.82,63259.03,972.0,1000,0.0
2026-07-09 21:00:00,63259.64,63348.13,63228.86,63263.09,1032.0,1000,0.0
2026-07-09 21:15:00,63262.27,63299.8,63187.26,63206.52,828.0,1000,0.0
2026-07-09 21:30:00,63206.32,63228.73,63145.69,63183.9,882.0,1000,0.0
2026-07-09 21:45:00,63183.88,63240.06,63165.9,63225.15,1073.0,1000,0.0
2026-07-09 22:00:00,63225.04,63294.95,63181.15,63201.72,1142.0,1000,0.0
2026-07-09 22:15:00,63201.73,63328.59,63198.48,63294.24,984.0,1000,0.0
2026-07-09 22:30:00,63294.32,63378.51,63208.54,63310.19,975.0,1000,0.0
2026-07-09 22:45:00,63309.92,63347.38,63156.72,63161.72,980.0,1000,0.0
2026-07-09 23:00:00,63161.87,63209.22,63118.68,63133.72,948.0,1000,0.0
2026-07-09 23:15:00,63129.28,63277.27,63006.88,63177.3,1316.0,1000,0.0
2026-07-09 23:30:00,63175.44,63250.9,63102.7,63243.06,1020.0,1000,0.0
2026-07-09 23:45:00,63244.8,63282.43,63170.83,63170.83,977.0,1000,0.0
2026-07-10 00:00:00,63171.6,63213.88,63073.49,63170.46,1165.0,1000,0.0
2026-07-10 00:15:00,63169.36,63204.71,63011.07,63048.51,1140.0,1000,0.0
2026-07-10 00:30:00,63046.2,63125.37,62866.25,62995.44,1497.0,1000,0.0
2026-07-10 00:45:00,62995.29,63066.27,62938.59,63055.7,1150.0,1000,0.0
2026-07-10 01:00:00,63055.89,63077.52,62903.82,63072.61,1154.0,1000,0.0
2026-07-10 01:15:00,63072.6,63353.45,63066.72,63332.94,1310.0,1000,0.0
2026-07-10 01:30:00,63332.68,63410.77,63270.92,63341.81,1243.0,1000,0.0
2026-07-10 01:45:00,63341.61,63906.96,63319.97,63706.22,2373.0,1000,0.0
2026-07-10 02:00:00,63705.71,63848.49,63639.49,63822.92,1631.0,1000,0.0
2026-07-10 02:15:00,63822.51,63903.14,63760.13,63762.02,1194.0,1000,0.0
2026-07-10 02:30:00,63763.42,63874.97,63717.9,63817.56,1138.0,1000,0.0
2026-07-10 02:45:00,63818.07,64005.66,63788.11,63913.78,1135.0,1000,0.0
2026-07-10 03:00:00,63912.45,63940.4,63791.54,63876.9,1060.0,1000,0.0
2026-07-10 03:15:00,63876.92,63881.93,63791.41,63796.88,1026.0,1000,0.0
2026-07-10 03:30:00,63796.93,63896.84,63770.87,63888.23,1030.0,1000,0.0
2026-07-10 03:45:00,63889.06,63998.15,63854.23,63897.11,1052.0,1000,0.0
2026-07-10 04:00:00,63897.13,63980.36,63879.82,63931.71,997.0,1000,0.0
2026-07-10 04:15:00,63931.12,64017.8,63834.9,63839.92,1006.0,1000,0.0
2026-07-10 04:30:00,63840.63,64121.62,63806.5,64049.31,1299.0,1000,0.0
2026-07-10 04:45:00,64050.0,64150.26,63982.04,64007.8,987.0,1000,0.0
2026-07-10 05:00:00,64007.79,64007.79,63907.62,63936.0,1048.0,1000,0.0
2026-07-10 05:15:00,63932.92,63976.51,63889.22,63923.24,981.0,1000,0.0
2026-07-10 05:30:00,63921.6,64165.45,63911.84,64126.83,1152.0,1000,0.0
2026-07-10 05:45:00,64124.09,64138.8,64032.55,64069.68,992.0,1000,0.0
2026-07-10 06:00:00,64070.93,64120.51,63983.38,63992.67,1031.0,1000,0.0
2026-07-10 06:15:00,63992.68,64009.38,63819.36,63862.38,961.0,1000,0.0
2026-07-10 06:30:00,63861.45,63903.18,63808.11,63842.91,966.0,1000,0.0
2026-07-10 06:45:00,63843.69,63884.49,63781.48,63817.73,951.0,1000,0.0
2026-07-10 07:00:00,63816.96,63873.87,63744.65,63873.44,961.0,1000,0.0
2026-07-10 07:15:00,63873.43,63963.67,63811.5,63929.79,965.0,1000,0.0
2026-07-10 07:30:00,63929.69,63929.69,63862.61,63900.47,883.0,1000,0.0
2026-07-10 07:45:00,63900.47,63962.5,63872.18,63936.25,844.0,1000,0.0
2026-07-10 08:00:00,63936.26,63996.65,63922.9,63982.96,929.0,1000,0.0
2026-07-10 08:15:00,63982.97,64363.32,63982.97,64279.7,1546.0,1000,0.0
2026-07-10 08:30:00,64279.69,64326.63,64123.98,64153.6,1060.0,1000,0.0
2026-07-10 08:45:00,64152.28,64248.72,64084.48,64193.0,1161.0,1000,0.0
2026-07-10 09:00:00,64193.17,64220.99,64048.91,64164.85,1066.0,1000,0.0
2026-07-10 09:15:00,64164.61,64374.31,64150.38,64370.25,1095.0,1000,0.0
2026-07-10 09:30:00,64370.27,64432.71,64315.7,64424.51,1323.0,1000,0.0
2026-07-10 09:45:00,64420.3,64447.79,64333.74,64340.52,992.0,1000,0.0
2026-07-10 10:00:00,64338.86,64363.73,64223.78,64263.05,944.0,1000,0.0
2026-07-10 10:15:00,64261.08,64402.62,64232.59,64385.24,1076.0,1000,0.0
2026-07-10 10:30:00,64385.23,64464.87,64323.93,64429.09,1071.0,1000,0.0
2026-07-10 10:45:00,64428.78,64450.2,64351.12,64356.42,936.0,1000,0.0
2026-07-10 11:00:00,64355.82,64436.2,64340.05,64401.21,981.0,1000,0.0
2026-07-10 11:15:00,64401.21,64433.73,64313.09,64377.47,1028.0,1000,0.0
2026-07-10 11:30:00,64377.32,64377.32,64289.03,64343.48,1065.0,1000,0.0
2026-07-10 11:45:00,64343.66,64440.89,64332.92,64380.36,992.0,1000,0.0
2026-07-10 12:00:00,64380.39,64572.33,64277.94,64497.84,1411.0,1000,0.0
2026-07-10 12:15:00,64495.67,64502.44,64322.9,64446.64,1188.0,1000,0.0
2026-07-10 12:30:00,64446.59,64475.15,64305.5,64327.23,1189.0,1000,0.0
2026-07-10 12:45:00,64318.62,64346.57,64216.71,64240.06,1008.0,1000,0.0
2026-07-10 13:00:00,64238.12,64299.86,64186.58,64198.25,1115.0,1000,0.0
2026-07-10 13:15:00,64192.13,64226.91,64098.24,64110.02,1134.0,1000,0.0
2026-07-10 13:30:00,64112.73,64404.52,64094.6,64336.25,2100.0,1000,0.0
2026-07-10 13:45:00,64335.71,64662.84,64324.0,64433.73,2069.0,1000,0.0
2026-07-10 14:00:00,64435.38,64478.26,64144.5,64173.39,1784.0,1000,0.0
2026-07-10 14:15:00,64173.35,64213.72,63906.62,64083.43,2129.0,1000,0.0
2026-07-10 14:30:00,64087.11,64281.86,63738.93,64054.91,3166.0,1000,0.0
2026-07-10 14:45:00,64055.46,64098.56,63839.06,63872.48,1717.0,1000,0.0
2026-07-10 15:00:00,63872.47,64028.44,63841.28,63927.67,1647.0,1000,0.0
2026-07-10 15:15:00,63929.36,64166.24,63929.36,64087.51,1539.0,1000,0.0
2026-07-10 15:30:00,64087.21,64112.4,63880.36,63901.81,1296.0,1000,0.0
2026-07-10 15:45:00,63905.33,63995.23,63873.98,63991.78,1182.0,1000,0.0
2026-07-10 16:00:00,63987.59,64035.75,63893.3,64003.11,1299.0,1000,0.0
2026-07-10 16:15:00,64000.42,64117.24,63940.08,63957.76,1206.0,1000,0.0
2026-07-10 16:30:00,63957.76,63986.67,63766.04,63887.15,1266.0,1000,0.0
2026-07-10 16:45:00,63887.3,64179.08,63854.56,64088.35,1257.0,1000,0.0
2026-07-10 17:00:00,64086.93,64116.24,63892.41,63911.21,1204.0,1000,0.0
2026-07-10 17:15:00,63912.52,63969.76,63808.35,63922.48,1040.0,1000,0.0
2026-07-10 17:30:00,63922.82,63931.42,63797.07,63836.44,1088.0,1000,0.0
2026-07-10 17:45:00,63835.44,63889.97,63769.06,63775.4,1096.0,1000,0.0
2026-07-10 18:00:00,63780.74,63965.6,63780.74,63838.36,1078.0,1000,0.0
2026-07-10 18:15:00,63838.04,63928.72,63796.08,63871.62,1016.0,1000,0.0
2026-07-10 18:30:00,63870.25,63901.05,63812.48,63829.59,999.0,1000,0.0
2026-07-10 18:45:00,63830.59,63839.58,63688.73,63759.57,1041.0,1000,0.0
2026-07-10 19:00:00,63759.17,63854.61,63726.52,63833.51,954.0,1000,0.0
2026-07-10 19:15:00,63833.66,63877.93,63722.81,63810.95,1032.0,1000,0.0
2026-07-10 19:30:00,63810.92,64002.88,63794.73,63929.64,1162.0,1000,0.0
2026-07-10 19:45:00,63931.33,63974.33,63852.16,63886.13,1054.0,1000,0.0
2026-07-10 20:00:00,63884.14,63885.16,63775.98,63779.38,891.0,1000,0.0
2026-07-10 20:15:00,63779.38,63862.87,63592.15,63684.53,1244.0,1000,0.0
2026-07-10 20:30:00,63684.07,63864.47,63664.42,63829.47,955.0,1000,0.0
2026-07-10 20:45:00,63831.35,63836.71,63782.36,63787.5,881.0,1000,0.0
2026-07-10 21:00:00,63787.05,63934.85,63776.24,63900.16,996.0,1000,0.0
2026-07-10 21:15:00,63900.57,63973.49,63878.27,63950.41,913.0,1000,0.0
2026-07-10 21:30:00,63951.92,64059.2,63933.31,63992.37,1004.0,1000,0.0
2026-07-10 21:45:00,63992.38,64000.48,63937.73,63964.79,1007.0,1000,0.0
2026-07-10 22:00:00,63970.23,64014.11,63929.47,64007.4,978.0,1000,0.0
2026-07-10 22:15:00,64006.21,64106.82,63968.2,64085.83,961.0,1000,0.0
2026-07-10 22:30:00,64086.42,64122.63,64074.75,64075.3,885.0,1000,0.0
2026-07-10 22:45:00,64075.12,64123.2,64021.68,64063.14,937.0,1000,0.0
2026-07-10 23:00:00,64063.08,64077.32,63969.21,64077.32,1031.0,1000,0.0
2026-07-10 23:15:00,64075.4,64168.85,64057.63,64149.29,946.0,1000,0.0
2026-07-10 23:30:00,64149.3,64168.46,64114.52,64158.84,867.0,1000,0.0
2026-07-10 23:45:00,64160.29,64169.19,64072.15,64117.34,882.0,1000,0.0
2026-07-11 00:00:00,64118.67,64123.61,64016.55,64030.74,932.0,1000,0.0
2026-07-11 00:15:00,64029.66,64087.3,63986.66,64069.69,903.0,1000,0.0
2026-07-11 00:30:00,64069.73,64106.67,64005.03,64101.79,897.0,1000,0.0
2026-07-11 00:45:00,64101.79,64104.26,64040.82,64075.64,867.0,1000,0.0
2026-07-11 01:00:00,64077.15,64122.69,64049.05,64092.07,896.0,1000,0.0
2026-07-11 01:15:00,64090.91,64274.66,64078.4,64187.48,1032.0,1000,0.0
2026-07-11 01:30:00,64184.95,64223.06,63957.06,64009.42,1132.0,1000,0.0
2026-07-11 01:45:00,64007.06,64070.5,63958.68,63969.2,934.0,1000,0.0
2026-07-11 02:00:00,63977.09,64024.54,63934.84,63965.97,982.0,1000,0.0
2026-07-11 02:15:00,63964.38,64031.18,63953.47,63991.25,934.0,1000,0.0
2026-07-11 02:30:00,63989.85,64104.28,63985.02,64096.24,852.0,1000,0.0
2026-07-11 02:45:00,64096.08,64125.02,64082.49,64112.59,820.0,1000,0.0
2026-07-11 03:00:00,64108.87,64146.67,64064.4,64135.07,926.0,1000,0.0
2026-07-11 03:15:00,64135.67,64155.43,64022.56,64076.19,966.0,1000,0.0
2026-07-11 03:30:00,64075.54,64149.43,64069.58,64118.19,854.0,1000,0.0
2026-07-11 03:45:00,64118.99,64144.77,64104.06,64107.33,877.0,1000,0.0
2026-07-11 04:00:00,64108.17,64111.09,64042.81,64074.25,860.0,1000,0.0
2026-07-11 04:15:00,64075.55,64130.34,64034.57,64096.37,854.0,1000,0.0
2026-07-11 04:30:00,64096.73,64170.36,64083.74,64113.78,823.0,1000,0.0
2026-07-11 04:45:00,64113.81,64132.46,64069.98,64106.62,867.0,1000,0.0
2026-07-11 05:00:00,64106.57,64151.36,64069.19,64119.23,866.0,1000,0.0
2026-07-11 05:15:00,64120.86,64150.12,64088.13,64144.83,839.0,1000,0.0
2026-07-11 05:30:00,64144.85,64179.97,64108.62,64135.36,840.0,1000,0.0
2026-07-11 05:45:00,64131.04,64152.76,64093.78,64119.6,856.0,1000,0.0
2026-07-11 06:00:00,64119.02,64161.5,64063.12,64130.31,843.0,1000,0.0
2026-07-11 06:15:00,64130.84,64230.39,64130.82,64178.04,856.0,1000,0.0
2026-07-11 06:30:00,64178.41,64218.64,64160.68,64168.68,883.0,1000,0.0
2026-07-11 06:45:00,64167.12,64193.73,64143.66,64168.21,871.0,1000,0.0
2026-07-11 07:00:00,64167.73,64180.78,64118.99,64159.84,834.0,1000,0.0
2026-07-11 07:15:00,64159.23,64203.14,64138.15,64169.52,907.0,1000,0.0
2026-07-11 07:30:00,64174.44,64185.76,64123.31,64127.52,848.0,1000,0.0
2026-07-11 07:45:00,64124.03,64133.56,64095.42,64106.88,766.0,1000,0.0
2026-07-11 08:00:00,64105.75,64204.53,64095.16,64178.24,817.0,1000,0.0
2026-07-11 08:15:00,64181.06,64226.17,64171.79,64194.59,798.0,1000,0.0
2026-07-11 08:30:00,64195.01,64265.5,64184.81,64229.4,849.0,1000,0.0
2026-07-11 08:45:00,64229.35,64233.63,64183.28,64217.81,841.0,1000,0.0
2026-07-11 09:00:00,64209.28,64231.05,64168.9,64178.03,855.0,1000,0.0
2026-07-11 09:15:00,64178.11,64219.99,64176.64,64219.99,845.0,1000,0.0
2026-07-11 09:30:00,64219.99,64249.53,64130.23,64136.95,856.0,1000,0.0
2026-07-11 09:45:00,64136.97,64137.03,64092.4,64110.67,822.0,1000,0.0
2026-07-11 10:00:00,64113.01,64153.27,64099.21,64144.57,843.0,1000,0.0
2026-07-11 10:15:00,64143.95,64148.49,64083.88,64123.32,866.0,1000,0.0
2026-07-11 10:30:00,64123.33,64128.87,64076.4,64082.16,884.0,1000,0.0
2026-07-11 10:45:00,64082.19,64134.09,64079.3,64130.63,782.0,1000,0.0
2026-07-11 11:00:00,64130.76,64165.23,64113.45,64153.99,873.0,1000,0.0
2026-07-11 11:15:00,64154.0,64154.2,64112.07,64124.18,814.0,1000,0.0
2026-07-11 11:30:00,64124.07,64159.3,64113.96,64125.73,826.0,1000,0.0
2026-07-11 11:45:00,64128.48,64147.82,64115.94,64139.16,815.0,1000,0.0
2026-07-11 12:00:00,64139.16,64172.64,64097.82,64164.22,840.0,1000,0.0
2026-07-11 12:15:00,64164.18,64183.61,64114.38,64125.36,820.0,1000,0.0
2026-07-11 12:30:00,64125.34,64125.34,64075.24,64088.69,824.0,1000,0.0
2026-07-11 12:45:00,64088.69,64142.31,64084.88,64134.14,772.0,1000,0.0
2026-07-11 13:00:00,64134.25,64154.23,64112.43,64129.09,853.0,1000,0.0
2026-07-11 13:15:00,64131.89,64164.24,64113.1,64139.82,833.0,1000,0.0
2026-07-11 13:30:00,64141.98,64215.55,64135.64,64191.55,860.0,1000,0.0
2026-07-11 13:45:00,64191.54,64220.58,64181.24,64191.74,789.0,1000,0.0
2026-07-11 14:00:00,64191.91,64232.59,64184.32,64212.28,790.0,1000,0.0
2026-07-11 14:15:00,64212.65,64406.81,64212.5,64329.07,1019.0,1000,0.0
2026-07-11 14:30:00,64329.07,64470.28,64329.07,64366.25,1156.0,1000,0.0
2026-07-11 14:45:00,64366.0,64385.87,64293.29,64297.13,940.0,1000,0.0
2026-07-11 15:00:00,64298.72,64441.03,64291.1,64402.35,1026.0,1000,0.0
2026-07-11 15:15:00,64402.38,64429.57,64351.75,64380.54,1001.0,1000,0.0
2026-07-11 15:30:00,64384.01,64409.19,63765.6,64056.02,1939.0,1000,0.0
2026-07-11 15:45:00,64057.15,64145.43,63954.55,64120.72,1373.0,1000,0.0
2026-07-11 16:00:00,64121.57,64174.7,64034.25,64136.56,1199.0,1000,0.0
2026-07-11 16:15:00,64135.03,64184.48,64093.5,64172.5,1006.0,1000,0.0
2026-07-11 16:30:00,64167.08,64227.2,64067.24,64094.59,1053.0,1000,0.0
2026-07-11 16:45:00,64093.39,64138.81,64050.8,64129.0,970.0,1000,0.0
2026-07-11 17:00:00,64128.97,64182.01,64110.31,64160.28,853.0,1000,0.0
2026-07-11 17:15:00,64159.11,64259.84,64142.6,64245.25,929.0,1000,0.0
2026-07-11 17:30:00,64245.23,64360.42,64243.73,64307.51,1066.0,1000,0.0
2026-07-11 17:45:00,64305.38,64337.07,64264.12,64269.11,887.0,1000,0.0
2026-07-11 18:00:00,64267.41,64300.53,64232.5,64261.39,941.0,1000,0.0
2026-07-11 18:15:00,64261.39,64352.54,64253.4,64291.05,958.0,1000,0.0
2026-07-11 18:30:00,64293.89,64318.68,64271.16,64301.01,865.0,1000,0.0
2026-07-11 18:45:00,64300.41,64304.4,64241.63,64279.08,845.0,1000,0.0
2026-07-11 19:00:00,64279.24,64284.08,64245.02,64269.93,910.0,1000,0.0
2026-07-11 19:15:00,64269.93,64296.13,64186.04,64193.82,901.0,1000,0.0
2026-07-11 19:30:00,64193.82,64239.38,64179.6,64222.31,912.0,1000,0.0
2026-07-11 19:45:00,64221.23,64249.12,64206.53,64236.95,780.0,1000,0.0
2026-07-11 20:00:00,64237.11,64310.18,64232.84,64281.66,852.0,1000,0.0
2026-07-11 20:15:00,64281.15,64322.43,64274.32,64300.86,803.0,1000,0.0
2026-07-11 20:30:00,64300.84,64419.76,64291.79,64365.3,868.0,1000,0.0
2026-07-11 20:45:00,64365.26,64375.77,64328.02,64328.02,862.0,1000,0.0
2026-07-11 21:00:00,64328.41,64389.01,64305.46,64307.65,824.0,1000,0.0
2026-07-11 21:15:00,64307.68,64355.41,64302.29,64320.86,798.0,1000,0.0
2026-07-11 21:30:00,64319.53,64336.8,64293.44,64309.82,843.0,1000,0.0
2026-07-11 21:45:00,64311.2,64341.01,64289.18,64303.24,854.0,1000,0.0
2026-07-11 22:00:00,64306.16,64383.4,64281.11,64313.63,976.0,1000,0.0
2026-07-11 22:15:00,64313.11,64318.53,64148.31,64207.07,1124.0,1000,0.0
2026-07-11 22:30:00,64207.06,64264.93,64131.61,64172.75,956.0,1000,0.0
2026-07-11 22:45:00,64173.6,64187.11,64088.35,64157.6,875.0,1000,0.0
2026-07-11 23:00:00,64158.24,64207.16,64042.57,64093.5,1008.0,1000,0.0
2026-07-11 23:15:00,64093.0,64144.18,63767.94,63888.92,1480.0,1000,0.0
2026-07-11 23:30:00,63887.23,63926.78,63771.18,63915.66,1332.0,1000,0.0
2026-07-11 23:45:00,63914.95,63980.23,63765.6,63772.93,1100.0,1000,0.0
2026-07-12 00:00:00,63772.95,63875.27,63734.68,63748.14,1274.0,1000,0.0
2026-07-12 00:15:00,63739.84,63866.41,63714.27,63785.58,1208.0,1000,0.0
2026-07-12 00:30:00,63785.99,63821.43,63643.98,63748.93,1314.0,1000,0.0
2026-07-12 00:45:00,63744.43,63828.22,63718.46,63787.9,1126.0,1000,0.0
2026-07-12 01:00:00,63787.13,63943.09,63761.45,63877.12,1067.0,1000,0.0
2026-07-12 01:15:00,63876.99,63960.7,63851.8,63908.87,1075.0,1000,0.0
2026-07-12 01:30:00,63907.46,64131.12,63875.2,64111.99,1116.0,1000,0.0
2026-07-12 01:45:00,64112.0,64122.7,64050.83,64079.6,941.0,1000,0.0
2026-07-12 02:00:00,64080.75,64085.53,63983.29,64006.86,978.0,1000,0.0
2026-07-12 02:15:00,64006.51,64093.4,63997.02,64073.43,1024.0,1000,0.0
2026-07-12 02:30:00,64074.9,64077.1,64021.98,64039.77,925.0,1000,0.0
2026-07-12 02:45:00,64041.49,64079.54,64018.0,64029.4,904.0,1000,0.0
2026-07-12 03:00:00,64028.76,64081.98,63981.94,64053.91,912.0,1000,0.0
2026-07-12 03:15:00,64053.55,64113.36,64051.38,64087.95,911.0,1000,0.0
2026-07-12 03:30:00,64087.96,64178.03,64077.73,64122.12,1001.0,1000,0.0
2026-07-12 03:45:00,64124.39,64197.84,64106.09,64181.4,917.0,1000,0.0
2026-07-12 04:00:00,64178.03,64225.89,64123.57,64137.17,920.0,1000,0.0
2026-07-12 04:15:00,64136.86,64176.46,64024.48,64035.35,950.0,1000,0.0
2026-07-12 04:30:00,64035.32,64040.38,63889.8,63987.13,940.0,1000,0.0
2026-07-12 04:45:00,63987.14,63988.82,63918.16,63959.18,852.0,1000,0.0
2026-07-12 05:00:00,63961.08,63987.45,63939.05,63953.06,892.0,1000,0.0
2026-07-12 05:15:00,63953.93,63953.93,63865.96,63876.78,921.0,1000,0.0
2026-07-12 05:30:00,63876.84,63947.32,63850.14,63933.28,905.0,1000,0.0
2026-07-12 05:45:00,63933.99,63965.73,63923.17,63924.43,872.0,1000,0.0
2026-07-12 06:00:00,63922.94,63924.1,63688.1,63708.31,1126.0,1000,0.0
2026-07-12 06:15:00,63708.31,63744.82,63586.66,63628.54,1045.0,1000,0.0
2026-07-12 06:30:00,63627.84,63739.84,63597.63,63728.83,1027.0,1000,0.0
2026-07-12 06:45:00,63729.12,63768.28,63676.41,63707.27,937.0,1000,0.0
2026-07-12 07:00:00,63706.67,63776.35,63689.65,63774.76,861.0,1000,0.0
2026-07-12 07:15:00,63776.02,63837.0,63750.21,63821.93,882.0,1000,0.0
2026-07-12 07:30:00,63821.93,63828.02,63814.2,63822.28,53.0,1000,0.0
2026-07-12 07:45:00,63821.35,63859.61,63799.36,63845.18,862.0,1000,0.0
2026-07-12 08:00:00,63957.96,64023.06,63943.62,64003.51,173.0,1000,0.0
2026-07-12 08:15:00,64003.52,64048.91,63942.17,63947.21,942.0,1000,0.0
2026-07-12 08:30:00,63947.23,63970.84,63941.24,63960.51,862.0,1000,0.0
2026-07-12 08:45:00,63961.71,63967.77,63870.12,63940.28,933.0,1000,0.0
2026-07-12 09:00:00,63937.41,63948.22,63837.26,63838.52,954.0,1000,0.0
2026-07-12 09:15:00,63840.99,63840.99,63710.0,63781.14,976.0,1000,0.0
2026-07-12 09:30:00,63781.98,64003.58,63781.98,63958.03,1003.0,1000,0.0
2026-07-12 09:45:00,63958.05,63974.19,63910.56,63915.57,916.0,1000,0.0
2026-07-12 10:00:00,63915.57,63919.36,63845.63,63883.53,899.0,1000,0.0
2026-07-12 10:15:00,63884.71,63900.74,63830.71,63834.66,900.0,1000,0.0
2026-07-12 10:30:00,63833.35,63874.8,63799.26,63826.94,890.0,1000,0.0
2026-07-12 10:45:00,63827.65,63859.66,63787.61,63821.83,871.0,1000,0.0
2026-07-12 11:00:00,63822.38,63874.66,63770.46,63798.58,923.0,1000,0.0
2026-07-12 11:15:00,63805.2,63866.98,63800.33,63864.58,910.0,1000,0.0
2026-07-12 11:30:00,63863.71,63990.6,63863.71,63957.88,935.0,1000,0.0
2026-07-12 11:45:00,63959.13,63983.73,63933.43,63962.34,832.0,1000,0.0
2026-07-12 12:00:00,63961.67,64097.46,63919.09,64057.72,1026.0,1000,0.0
2026-07-12 12:15:00,64057.51,64080.02,63981.86,64009.87,959.0,1000,0.0
2026-07-12 12:30:00,64009.48,64032.54,63951.89,63988.09,896.0,1000,0.0
2026-07-12 12:45:00,63990.5,64014.47,63941.58,63982.66,913.0,1000,0.0
2026-07-12 13:00:00,63981.88,64019.79,63953.41,63999.21,899.0,1000,0.0
2026-07-12 13:15:00,64000.0,64059.98,63962.75,64002.64,978.0,1000,0.0
2026-07-12 13:30:00,64003.26,64053.48,63984.12,63999.82,884.0,1000,0.0
2026-07-12 13:45:00,63998.84,64009.54,63943.25,63972.43,922.0,1000,0.0
2026-07-12 14:00:00,63971.97,63996.05,63909.98,63933.35,947.0,1000,0.0
2026-07-12 14:15:00,63933.39,63962.16,63916.08,63951.06,842.0,1000,0.0
2026-07-12 14:30:00,63951.58,64046.38,63949.44,64020.03,904.0,1000,0.0
2026-07-12 14:45:00,64020.67,64255.35,64019.79,64151.02,1123.0,1000,0.0
2026-07-12 15:00:00,64151.04,64221.33,64104.0,64150.91,1056.0,1000,0.0
2026-07-12 15:15:00,64150.92,64204.75,64087.02,64177.8,986.0,1000,0.0
2026-07-12 15:30:00,64175.94,64207.22,64074.24,64104.9,934.0,1000,0.0
2026-07-12 15:45:00,64106.08,64173.58,64087.05,64131.62,927.0,1000,0.0
2026-07-12 16:00:00,64130.03,64169.64,63994.48,64027.52,1023.0,1000,0.0
2026-07-12 16:15:00,64031.06,64142.04,64028.08,64135.25,889.0,1000,0.0
2026-07-12 16:30:00,64135.98,64141.41,64059.9,64078.36,870.0,1000,0.0
2026-07-12 16:45:00,64078.61,64138.25,64057.41,64123.31,861.0,1000,0.0
2026-07-12 17:00:00,64123.21,64135.35,64087.97,64096.66,888.0,1000,0.0
2026-07-12 17:15:00,64096.34,64125.97,64082.07,64085.47,861.0,1000,0.0
2026-07-12 17:30:00,64085.25,64136.86,64072.65,64111.22,833.0,1000,0.0
2026-07-12 17:45:00,64111.59,64126.77,63970.57,64036.76,912.0,1000,0.0
2026-07-12 18:00:00,64040.13,64069.94,63972.83,63996.32,882.0,1000,0.0
2026-07-12 18:15:00,63996.31,64048.51,63967.46,64032.3,874.0,1000,0.0
2026-07-12 18:30:00,64027.92,64097.49,64014.18,64087.03,853.0,1000,0.0
2026-07-12 18:45:00,64084.63,64113.5,64079.79,64102.53,768.0,1000,0.0
2026-07-12 19:00:00,64102.5,64196.45,64101.84,64131.68,863.0,1000,0.0
2026-07-12 19:15:00,64132.69,64171.95,64128.53,64156.48,795.0,1000,0.0
2026-07-12 19:30:00,64157.22,64161.78,64101.48,64115.24,828.0,1000,0.0
2026-07-12 19:45:00,64116.51,64240.19,64105.43,64191.25,848.0,1000,0.0
2026-07-12 20:00:00,64192.93,64217.7,64132.63,64152.83,875.0,1000,0.0
2026-07-12 20:15:00,64151.77,64171.33,64134.16,64163.12,825.0,1000,0.0
2026-07-12 20:30:00,64163.43,64193.24,64125.45,64174.74,887.0,1000,0.0
2026-07-12 20:45:00,64174.75,64192.84,64146.73,64156.54,830.0,1000,0.0
2026-07-12 21:00:00,64156.56,64194.04,64147.84,64169.23,868.0,1000,0.0
2026-07-12 21:15:00,64170.07,64173.94,64033.75,64067.2,864.0,1000,0.0
2026-07-12 21:30:00,64067.2,64067.22,63979.86,64007.79,923.0,1000,0.0
2026-07-12 21:45:00,64006.52,64011.81,63845.56,63883.53,1088.0,1000,0.0
2026-07-12 22:00:00,63883.54,63883.54,63642.08,63749.31,1778.0,1000,0.0
2026-07-12 22:15:00,63748.13,63807.28,63622.93,63794.8,1132.0,1000,0.0
2026-07-12 22:30:00,63796.44,63834.33,63724.51,63736.53,1047.0,1000,0.0
2026-07-12 22:45:00,63734.93,63888.24,63656.01,63842.97,1080.0,1000,0.0
2026-07-12 23:00:00,63840.49,63879.08,63695.16,63778.78,1186.0,1000,0.0
2026-07-12 23:15:00,63782.36,63821.44,63742.63,63786.53,997.0,1000,0.0
2026-07-12 23:30:00,63785.88,63828.32,63708.79,63780.63,981.0,1000,0.0
2026-07-12 23:45:00,63780.51,63792.95,63684.44,63747.81,1047.0,1000,0.0
2026-07-13 00:00:00,63746.18,64259.04,63683.78,64252.65,2441.0,1000,0.0
2026-07-13 00:15:00,64252.65,64400.12,64126.95,64145.55,1949.0,1000,0.0
2026-07-13 00:30:00,64146.59,64174.02,63525.84,63748.43,2218.0,1000,0.0
2026-07-13 00:45:00,63749.88,64081.35,63734.3,64020.08,1900.0,1000,0.0
2026-07-13 01:00:00,64020.09,64021.91,63609.99,63807.08,1844.0,1000,0.0
2026-07-13 01:15:00,63805.08,63954.13,63637.13,63685.42,1817.0,1000,0.0
2026-07-13 01:30:00,63680.41,63730.44,63495.95,63659.23,1843.0,1000,0.0
2026-07-13 01:45:00,63663.31,63663.56,63349.43,63369.43,1821.0,1000,0.0
2026-07-13 02:00:00,63371.24,63415.18,63190.0,63370.07,2226.0,1000,0.0
2026-07-13 02:15:00,63371.15,63509.95,63317.07,63415.37,1620.0,1000,0.0
2026-07-13 02:30:00,63419.64,63464.51,63341.83,63419.47,1345.0,1000,0.0
2026-07-13 02:45:00,63419.37,63431.6,63287.88,63324.59,1122.0,1000,0.0
2026-07-13 03:00:00,63323.24,63345.67,62833.91,62980.63,2095.0,1000,0.0
2026-07-13 03:15:00,62979.97,63076.49,62744.51,63021.83,1675.0,1000,0.0
2026-07-13 03:30:00,63022.24,63025.96,62686.08,62780.06,1557.0,1000,0.0
2026-07-13 03:45:00,62780.6,62824.25,62729.04,62764.56,1057.0,1000,0.0
2026-07-13 04:00:00,62764.56,62822.93,62636.53,62776.69,1450.0,1000,0.0
2026-07-13 04:15:00,62775.97,62860.61,62773.3,62824.94,1016.0,1000,0.0
2026-07-13 04:30:00,62825.9,62835.91,62563.44,62675.39,1369.0,1000,0.0
2026-07-13 04:45:00,62674.77,62740.2,62611.54,62635.37,1032.0,1000,0.0
2026-07-13 05:00:00,62635.44,62867.33,62429.66,62772.83,1684.0,1000,0.0
2026-07-13 05:15:00,62774.93,62795.4,62564.15,62599.71,1320.0,1000,0.0
2026-07-13 05:30:00,62599.41,62776.24,62514.41,62757.25,1235.0,1000,0.0
2026-07-13 05:45:00,62756.89,62791.46,62714.28,62753.79,1009.0,1000,0.0
2026-07-13 06:00:00,62755.29,62824.9,62682.84,62703.89,1114.0,1000,0.0
2026-07-13 06:15:00,62703.45,62792.73,62659.13,62789.93,1091.0,1000,0.0
2026-07-13 06:30:00,62789.91,62824.46,62708.5,62787.76,1022.0,1000,0.0
2026-07-13 06:45:00,62786.32,62835.85,62733.0,62754.33,1001.0,1000,0.0
2026-07-13 07:00:00,62754.32,62831.2,62696.23,62760.86,1053.0,1000,0.0
2026-07-13 07:15:00,62762.59,62950.8,62732.89,62901.75,1059.0,1000,0.0
2026-07-13 07:30:00,62903.36,63010.86,62860.92,62919.01,1110.0,1000,0.0
2026-07-13 07:45:00,62919.11,63009.39,62907.83,62940.39,963.0,1000,0.0
2026-07-13 08:00:00,62940.82,63006.99,62881.47,62983.41,1184.0,1000,0.0
2026-07-13 08:15:00,62983.88,63041.43,62919.5,63034.48,1044.0,1000,0.0
2026-07-13 08:30:00,63035.19,63069.91,62935.6,63056.9,994.0,1000,0.0
2026-07-13 08:45:00,63061.4,63234.48,63054.85,63152.81,1090.0,1000,0.0
2026-07-13 09:00:00,63152.91,63155.82,63069.65,63093.17,1016.0,1000,0.0
2026-07-13 09:15:00,63093.2,63095.59,63038.57,63059.51,869.0,1000,0.0
2026-07-13 09:30:00,63065.72,63065.72,63026.77,63047.31,870.0,1000,0.0
2026-07-13 09:45:00,63047.15,63059.08,63026.44,63036.19,856.0,1000,0.0
2026-07-13 10:00:00,63035.82,63048.26,63010.2,63015.14,869.0,1000,0.0
2026-07-13 10:15:00,63014.85,63088.76,63010.85,63024.42,909.0,1000,0.0
2026-07-13 10:30:00,63024.68,63060.39,62836.0,62876.94,1032.0,1000,0.0
2026-07-13 10:45:00,62876.94,62915.04,62795.24,62809.93,1043.0,1000,0.0
2026-07-13 11:00:00,62809.93,63075.3,62809.93,63006.33,1121.0,1000,0.0
2026-07-13 11:15:00,63009.38,63033.4,62921.39,62962.05,1031.0,1000,0.0
2026-07-13 11:30:00,62961.44,62967.12,62886.69,62898.41,958.0,1000,0.0
2026-07-13 11:45:00,62898.16,62910.81,62833.48,62846.55,830.0,1000,0.0
2026-07-13 12:00:00,62846.3,62932.2,62737.94,62786.6,1273.0,1000,0.0
2026-07-13 12:15:00,62786.55,62827.69,62652.21,62686.44,1209.0,1000,0.0
2026-07-13 12:30:00,62686.45,62731.53,62510.76,62549.97,1189.0,1000,0.0
2026-07-13 12:45:00,62549.97,62607.65,62497.98,62572.32,1007.0,1000,0.0
2026-07-13 13:00:00,62572.27,62607.99,62445.79,62460.14,1102.0,1000,0.0
2026-07-13 13:15:00,62460.78,62523.19,62310.43,62461.65,1260.0,1000,0.0
2026-07-13 13:30:00,62469.09,62714.36,62187.99,62273.01,2310.0,1000,0.0
2026-07-13 13:45:00,62270.52,62344.06,62097.76,62252.36,2440.0,1000,0.0
2026-07-13 14:00:00,62251.96,62359.07,62192.69,62350.84,1882.0,1000,0.0
2026-07-13 14:15:00,62350.92,62598.8,62025.09,62485.25,2629.0,1000,0.0
2026-07-13 14:30:00,62485.25,62621.75,62396.46,62553.96,1998.0,1000,0.0
2026-07-13 14:45:00,62551.61,62738.21,62510.25,62721.2,1471.0,1000,0.0
2026-07-13 15:00:00,62719.16,62798.94,62610.77,62722.4,1263.0,1000,0.0
2026-07-13 15:15:00,62722.04,62915.82,62712.48,62749.3,1282.0,1000,0.0
2026-07-13 15:30:00,62748.1,62791.66,62497.26,62588.09,1278.0,1000,0.0
2026-07-13 15:45:00,62580.48,62624.79,62508.67,62545.77,1122.0,1000,0.0
2026-07-13 16:00:00,62549.25,62568.08,62453.96,62476.43,1085.0,1000,0.0
2026-07-13 16:15:00,62474.69,62476.97,62202.34,62273.75,1238.0,1000,0.0
2026-07-13 16:30:00,62275.7,62326.58,62135.81,62301.43,1329.0,1000,0.0
2026-07-13 16:45:00,62304.35,62357.52,62179.66,62216.34,1311.0,1000,0.0
2026-07-13 17:00:00,62217.44,62301.53,62179.76,62251.45,1138.0,1000,0.0
2026-07-13 17:15:00,62249.24,62250.58,62101.0,62120.84,1107.0,1000,0.0
2026-07-13 17:30:00,62120.15,62156.77,61895.2,62027.69,1491.0,1000,0.0
2026-07-13 17:45:00,62029.89,62115.88,61823.95,61828.83,1326.0,1000,0.0
2026-07-13 18:00:00,61830.01,61995.53,61801.83,61860.64,1409.0,1000,0.0
2026-07-13 18:15:00,61860.76,61933.39,61750.99,61879.63,1261.0,1000,0.0
2026-07-13 18:30:00,61879.7,61936.11,61831.73,61936.11,1148.0,1000,0.0
2026-07-13 18:45:00,61929.4,62036.39,61894.75,61951.3,1128.0,1000,0.0
2026-07-13 19:00:00,61954.66,62018.87,61911.15,61998.87,1061.0,1000,0.0
2026-07-13 19:15:00,61998.99,62045.7,61918.94,61943.02,1113.0,1000,0.0
2026-07-13 19:30:00,61943.7,62111.52,61941.69,62099.38,1039.0,1000,0.0
2026-07-13 19:45:00,62098.99,62219.89,62053.63,62203.63,1140.0,1000,0.0
2026-07-13 20:00:00,62203.39,62253.47,62132.75,62148.04,1041.0,1000,0.0
2026-07-13 20:15:00,62147.63,62150.54,62004.43,62136.06,1066.0,1000,0.0
2026-07-13 20:30:00,62135.59,62201.86,62112.96,62112.96,893.0,1000,0.0
2026-07-13 20:45:00,62109.69,62147.22,61970.5,62130.81,1003.0,1000,0.0
2026-07-13 21:00:00,62130.44,62154.36,61977.06,62042.68,949.0,1000,0.0
2026-07-13 21:15:00,62040.47,62085.44,61915.77,61966.29,959.0,1000,0.0
2026-07-13 21:30:00,61966.22,62011.09,61826.41,61919.88,1138.0,1000,0.0
2026-07-13 21:45:00,61917.7,62062.7,61855.81,61998.18,1085.0,1000,0.0
2026-07-13 22:00:00,61997.28,62151.89,61985.79,62112.97,1208.0,1000,0.0
2026-07-13 22:15:00,62113.06,62166.0,62061.77,62094.67,988.0,1000,0.0
2026-07-13 22:30:00,62094.58,62122.06,61954.19,61999.44,1050.0,1000,0.0
2026-07-13 22:45:00,61998.52,62011.41,61826.56,61842.84,1083.0,1000,0.0
2026-07-13 23:00:00,61849.28,61998.62,61796.2,61972.07,1087.0,1000,0.0
2026-07-13 23:15:00,61972.07,62159.54,61967.05,62095.19,1009.0,1000,0.0
2026-07-13 23:30:00,62095.13,62132.7,62018.39,62048.92,1061.0,1000,0.0
2026-07-13 23:45:00,62045.61,62284.82,62023.38,62265.85,1133.0,1000,0.0
2026-07-14 00:00:00,62262.32,62423.06,62189.11,62366.37,1421.0,1000,0.0
2026-07-14 00:15:00,62367.9,62367.9,62235.21,62293.27,1282.0,1000,0.0
2026-07-14 00:30:00,62293.31,62385.0,62213.97,62239.36,1289.0,1000,0.0
2026-07-14 00:45:00,62239.05,62598.04,62239.05,62479.1,1355.0,1000,0.0
2026-07-14 01:00:00,62480.16,62507.49,62380.72,62431.7,1199.0,1000,0.0
2026-07-14 01:15:00,62431.54,62570.07,62406.8,62449.27,1273.0,1000,0.0
2026-07-14 01:30:00,62449.63,62496.63,62385.61,62415.07,1132.0,1000,0.0
2026-07-14 01:45:00,62415.81,62483.95,62394.19,62454.41,993.0,1000,0.0
2026-07-14 02:00:00,62455.34,62545.65,62408.12,62431.46,1084.0,1000,0.0
2026-07-14 02:15:00,62431.46,62456.53,62246.41,62297.5,1059.0,1000,0.0
2026-07-14 02:30:00,62297.75,62533.89,62295.97,62510.61,1057.0,1000,0.0
2026-07-14 02:45:00,62511.64,62571.56,62448.43,62477.65,990.0,1000,0.0
2026-07-14 03:00:00,62476.26,62535.53,62290.97,62327.82,995.0,1000,0.0
2026-07-14 03:15:00,62329.57,62397.33,62236.44,62397.33,1173.0,1000,0.0
2026-07-14 03:30:00,62393.78,62478.49,62354.69,62392.78,1088.0,1000,0.0
2026-07-14 03:45:00,62391.68,62508.26,62383.28,62492.23,927.0,1000,0.0
2026-07-14 04:00:00,62492.04,62591.97,62458.9,62487.73,1079.0,1000,0.0
2026-07-14 04:15:00,62486.58,62581.75,62468.87,62568.4,938.0,1000,0.0
2026-07-14 04:30:00,62570.09,62706.02,62566.09,62628.83,1074.0,1000,0.0
2026-07-14 04:45:00,62628.85,62698.97,62619.26,62672.9,965.0,1000,0.0
2026-07-14 05:00:00,62670.01,62802.6,62626.3,62748.0,1023.0,1000,0.0
2026-07-14 05:15:00,62748.46,62810.15,62688.66,62765.64,1012.0,1000,0.0
2026-07-14 05:30:00,62765.65,62804.42,62645.28,62684.83,1032.0,1000,0.0
2026-07-14 05:45:00,62684.2,62692.6,62623.95,62653.41,994.0,1000,0.0
2026-07-14 06:00:00,62650.73,62661.7,62578.29,62579.68,1016.0,1000,0.0
2026-07-14 06:15:00,62579.67,62635.73,62578.02,62611.63,1007.0,1000,0.0
2026-07-14 06:30:00,62611.72,62701.15,62547.55,62619.32,1037.0,1000,0.0
2026-07-14 06:45:00,62620.0,62627.7,62481.09,62548.2,987.0,1000,0.0
2026-07-14 07:00:00,62548.54,62576.97,62459.22,62514.0,1037.0,1000,0.0
2026-07-14 07:15:00,62512.72,62578.52,62480.04,62556.86,1046.0,1000,0.0
2026-07-14 07:30:00,62555.32,62572.69,62473.07,62491.39,1064.0,1000,0.0
2026-07-14 07:45:00,62492.13,62503.24,62424.11,62470.84,993.0,1000,0.0
2026-07-14 08:00:00,62468.33,62500.66,62399.97,62463.77,1016.0,1000,0.0
2026-07-14 08:15:00,62464.24,62594.86,62464.24,62567.7,1042.0,1000,0.0
2026-07-14 08:30:00,62568.19,62722.55,62538.05,62689.36,1056.0,1000,0.0
2026-07-14 08:45:00,62689.39,62703.96,62592.66,62624.66,962.0,1000,0.0
2026-07-14 09:00:00,62624.76,62669.01,62582.66,62624.06,942.0,1000,0.0
2026-07-14 09:15:00,62623.81,62652.55,62567.62,62595.03,951.0,1000,0.0
2026-07-14 09:30:00,62590.55,62603.52,62455.32,62486.18,993.0,1000,0.0
2026-07-14 09:45:00,62484.65,62574.78,62450.1,62547.78,959.0,1000,0.0
2026-07-14 10:00:00,62547.95,62660.84,62547.95,62640.82,870.0,1000,0.0
2026-07-14 10:15:00,62640.82,62666.18,62583.11,62591.03,939.0,1000,0.0
2026-07-14 10:30:00,62593.65,62745.94,62528.82,62735.82,1104.0,1000,0.0
2026-07-14 10:45:00,62738.07,62836.39,62707.12,62724.37,1255.0,1000,0.0
2026-07-14 11:00:00,62724.37,62735.44,62633.98,62718.06,1040.0,1000,0.0
2026-07-14 11:15:00,62714.45,62802.87,62680.49,62783.62,1018.0,1000,0.0
2026-07-14 11:30:00,62782.43,62855.46,62733.33,62784.25,1056.0,1000,0.0
2026-07-14 11:45:00,62784.07,62811.18,62754.1,62769.81,933.0,1000,0.0
2026-07-14 12:00:00,62769.76,62795.83,62706.1,62774.17,1043.0,1000,0.0
2026-07-14 12:15:00,62774.96,63048.26,62737.18,62890.62,1468.0,1000,0.0
2026-07-14 12:30:00,62890.27,63635.93,62876.78,63493.07,4084.0,1000,0.0
2026-07-14 12:45:00,63493.16,63925.53,63493.16,63899.8,2475.0,1000,0.0
2026-07-14 13:00:00,63901.38,63929.61,63693.18,63732.5,1755.0,1000,0.0
2026-07-14 13:15:00,63732.48,64128.8,63730.27,63894.08,1948.0,1000,0.0
2026-07-14 13:30:00,63894.16,63925.0,63647.57,63727.33,2081.0,1000,0.0
2026-07-14 13:45:00,63730.68,63864.7,63630.94,63768.98,1624.0,1000,0.0
2026-07-14 14:00:00,63777.54,63821.97,63516.06,63808.78,1807.0,1000,0.0
2026-07-14 14:15:00,63808.93,63859.31,63704.63,63847.85,1708.0,1000,0.0
2026-07-14 14:30:00,63847.23,64033.13,63787.76,63971.42,1587.0,1000,0.0
2026-07-14 14:45:00,63971.38,64282.24,63860.77,64238.77,1479.0,1000,0.0
2026-07-14 15:00:00,64234.12,64362.69,64133.19,64159.39,1817.0,1000,0.0
2026-07-14 15:15:00,64157.71,64517.61,64136.61,64433.25,1759.0,1000,0.0
2026-07-14 15:30:00,64442.14,64923.8,64440.88,64727.24,2976.0,1000,0.0
2026-07-14 15:45:00,64718.73,64815.76,64544.92,64704.93,1671.0,1000,0.0
2026-07-14 16:00:00,64701.4,64858.15,64561.23,64684.49,1754.0,1000,0.0
2026-07-14 16:15:00,64683.09,64836.47,64628.33,64774.94,1410.0,1000,0.0
2026-07-14 16:30:00,64783.62,64850.79,64729.7,64737.05,1144.0,1000,0.0
2026-07-14 16:45:00,64737.41,64818.0,64670.49,64694.98,1128.0,1000,0.0
2026-07-14 17:00:00,64693.99,64693.99,64185.91,64559.32,1617.0,1000,0.0
2026-07-14 17:15:00,64557.25,64632.2,64355.94,64479.64,1375.0,1000,0.0
2026-07-14 17:30:00,64478.74,64497.19,64387.49,64480.83,1132.0,1000,0.0
2026-07-14 17:45:00,64479.04,64679.73,64448.61,64580.71,1120.0,1000,0.0
2026-07-14 18:00:00,64580.71,64589.04,64439.74,64442.76,1089.0,1000,0.0
2026-07-14 18:15:00,64447.71,64514.7,64428.91,64475.13,1047.0,1000,0.0
2026-07-14 18:30:00,64474.81,64599.76,64433.97,64541.99,1184.0,1000,0.0
2026-07-14 18:45:00,64546.01,64621.8,64499.93,64529.19,1005.0,1000,0.0
2026-07-14 19:00:00,64528.7,64603.85,64500.04,64577.15,1065.0,1000,0.0
2026-07-14 19:15:00,64577.15,64673.24,64512.04,64525.87,1050.0,1000,0.0
2026-07-14 19:30:00,64518.69,64519.33,64443.74,64506.21,1066.0,1000,0.0
2026-07-14 19:45:00,64505.63,64627.78,64505.63,64533.43,1041.0,1000,0.0
2026-07-14 20:00:00,64538.01,64557.47,64411.18,64416.91,1058.0,1000,0.0
2026-07-14 20:15:00,64419.33,64478.13,64394.34,64406.83,937.0,1000,0.0
2026-07-14 20:30:00,64406.74,64457.23,64371.33,64439.23,901.0,1000,0.0
2026-07-14 20:45:00,64439.28,64550.44,64405.54,64510.28,970.0,1000,0.0
2026-07-14 21:00:00,64510.32,64579.67,64470.44,64574.75,914.0,1000,0.0
2026-07-14 21:15:00,64574.57,64630.81,64567.62,64616.98,881.0,1000,0.0
2026-07-14 21:30:00,64615.52,64859.51,64610.68,64691.12,1148.0,1000,0.0
2026-07-14 21:45:00,64690.59,64728.94,64582.65,64624.34,1066.0,1000,0.0
2026-07-14 22:00:00,64624.34,64629.69,64466.39,64498.35,1162.0,1000,0.0
2026-07-14 22:15:00,64503.08,65086.59,64503.08,64890.2,1569.0,1000,0.0
2026-07-14 22:30:00,64883.37,64989.58,64861.99,64873.64,1219.0,1000,0.0
2026-07-14 22:45:00,64873.6,64936.17,64806.36,64808.78,996.0,1000,0.0
2026-07-14 23:00:00,64808.78,65020.89,64725.03,64959.24,1222.0,1000,0.0
2026-07-14 23:15:00,64959.26,64963.64,64830.24,64867.28,981.0,1000,0.0
2026-07-14 23:30:00,64866.35,64971.06,64845.49,64953.56,915.0,1000,0.0
2026-07-14 23:45:00,64953.59,65005.63,64931.96,64982.9,935.0,1000,0.0
2026-07-15 00:00:00,64995.1,65019.82,64862.84,64868.0,1207.0,1000,0.0
2026-07-15 00:15:00,64868.88,64892.82,64784.48,64837.94,1023.0,1000,0.0
2026-07-15 00:30:00,64837.11,64841.22,64716.1,64743.27,1021.0,1000,0.0
2026-07-15 00:45:00,64743.23,64803.6,64742.02,64776.13,957.0,1000,0.0
2026-07-15 01:00:00,64775.13,64791.27,64661.59,64687.25,1058.0,1000,0.0
2026-07-15 01:15:00,64689.69,64808.96,64642.48,64786.11,1063.0,1000,0.0
2026-07-15 01:30:00,64786.89,64802.32,64615.5,64671.28,1105.0,1000,0.0
2026-07-15 01:45:00,64671.26,64676.59,64588.81,64624.24,951.0,1000,0.0
2026-07-15 02:00:00,64624.34,64705.81,64592.35,64655.0,1025.0,1000,0.0
2026-07-15 02:15:00,64655.29,64656.5,64470.68,64473.06,972.0,1000,0.0
2026-07-15 02:30:00,64472.99,64518.23,64430.46,64513.34,938.0,1000,0.0
2026-07-15 02:45:00,64513.33,64518.73,64440.78,64442.31,880.0,1000,0.0
2026-07-15 03:00:00,64442.52,64615.38,64441.5,64579.3,969.0,1000,0.0
2026-07-15 03:15:00,64579.88,64581.24,64525.29,64557.55,859.0,1000,0.0
2026-07-15 03:30:00,64556.58,64732.76,64552.18,64641.33,1125.0,1000,0.0
2026-07-15 03:45:00,64641.09,64794.49,64616.69,64735.81,951.0,1000,0.0
2026-07-15 04:00:00,64734.78,64838.93,64703.75,64768.95,1025.0,1000,0.0
2026-07-15 04:15:00,64768.95,64802.85,64703.98,64706.22,943.0,1000,0.0
2026-07-15 04:30:00,64708.86,64780.38,64658.53,64746.9,962.0,1000,0.0
2026-07-15 04:45:00,64747.19,64815.11,64676.4,64699.02,948.0,1000,0.0
2026-07-15 05:00:00,64700.1,64763.65,64551.78,64570.48,1109.0,1000,0.0
2026-07-15 05:15:00,64570.29,64648.28,64565.56,64592.76,912.0,1000,0.0
2026-07-15 05:30:00,64594.2,64697.73,64584.64,64655.77,976.0,1000,0.0
2026-07-15 05:45:00,64655.73,64912.19,64638.28,64891.01,1062.0,1000,0.0
2026-07-15 06:00:00,64892.37,65008.07,64815.01,64990.69,1225.0,1000,0.0
2026-07-15 06:15:00,64992.38,64996.39,64878.38,64930.77,1059.0,1000,0.0
2026-07-15 06:30:00,64935.56,65243.39,64912.65,64988.84,1627.0,1000,0.0
2026-07-15 06:45:00,64988.03,65031.25,64766.36,64766.92,1230.0,1000,0.0
2026-07-15 07:00:00,64769.29,64833.55,64698.31,64821.7,1163.0,1000,0.0
2026-07-15 07:15:00,64821.72,64838.47,64429.61,64490.87,1314.0,1000,0.0
2026-07-15 07:30:00,64490.88,64597.67,64471.08,64559.28,1101.0,1000,0.0
2026-07-15 07:45:00,64557.08,64581.51,64495.06,64499.62,990.0,1000,0.0
2026-07-15 08:00:00,64500.48,64639.9,64500.48,64533.11,1126.0,1000,0.0
2026-07-15 08:15:00,64533.25,64606.74,64518.58,64593.89,974.0,1000,0.0
2026-07-15 08:30:00,64593.93,64693.4,64568.06,64687.5,978.0,1000,0.0
2026-07-15 08:45:00,64687.24,64745.12,64674.15,64718.74,920.0,1000,0.0
2026-07-15 09:00:00,64718.73,64807.06,64700.35,64791.67,971.0,1000,0.0
2026-07-15 09:15:00,64791.88,64873.66,64771.81,64778.77,990.0,1000,0.0
2026-07-15 09:30:00,64777.32,64789.13,64640.72,64660.0,1017.0,1000,0.0
2026-07-15 09:45:00,64659.11,64687.8,64594.4,64619.34,934.0,1000,0.0
2026-07-15 10:00:00,64619.92,64800.04,64580.19,64741.65,1036.0,1000,0.0
2026-07-15 10:15:00,64742.3,64757.39,64561.98,64579.58,985.0,1000,0.0
2026-07-15 10:30:00,64580.82,64645.69,64556.61,64610.97,919.0,1000,0.0
2026-07-15 10:45:00,64610.97,64630.61,64576.89,64603.79,928.0,1000,0.0
2026-07-15 11:00:00,64603.51,64700.97,64560.82,64669.3,988.0,1000,0.0
2026-07-15 11:15:00,64669.29,64686.86,64554.14,64587.15,944.0,1000,0.0
2026-07-15 11:30:00,64587.13,64660.85,64574.16,64640.87,937.0,1000,0.0
2026-07-15 11:45:00,64638.11,64699.73,64619.09,64680.84,926.0,1000,0.0
2026-07-15 12:00:00,64680.82,64685.56,64559.91,64664.22,1063.0,1000,0.0
2026-07-15 12:15:00,64662.19,64714.31,64537.34,64626.63,981.0,1000,0.0
2026-07-15 12:30:00,64626.72,64924.26,64616.2,64736.6,2219.0,1000,0.0
2026-07-15 12:45:00,64735.14,65208.84,64731.35,65098.81,1921.0,1000,0.0
2026-07-15 13:00:00,65099.9,65395.52,65091.12,65324.65,2066.0,1000,0.0
2026-07-15 13:15:00,65323.75,65525.5,65221.51,65262.27,1897.0,1000,0.0
2026-07-15 13:30:00,65261.69,65465.59,65180.0,65217.9,2395.0,1000,0.0
2026-07-15 13:45:00,65215.9,65215.9,64821.29,65054.78,2620.0,1000,0.0
2026-07-15 14:00:00,65054.07,65351.05,64995.01,65229.38,2084.0,1000,0.0
2026-07-15 14:15:00,65231.69,65363.82,65008.83,65278.17,2182.0,1000,0.0
2026-07-15 14:30:00,65278.5,65464.62,65234.17,65316.48,1974.0,1000,0.0
2026-07-15 14:45:00,65316.68,65448.73,65259.56,65335.23,1485.0,1000,0.0
2026-07-15 15:00:00,65335.25,65435.35,65196.3,65340.68,1584.0,1000,0.0
2026-07-15 15:15:00,65340.68,65385.61,65227.74,65336.04,1401.0,1000,0.0
2026-07-15 15:30:00,65334.2,65503.25,65268.82,65423.76,1361.0,1000,0.0
2026-07-15 15:45:00,65423.77,65553.1,65301.75,65365.07,1341.0,1000,0.0
2026-07-15 16:00:00,65363.1,65409.75,65029.63,65044.7,1543.0,1000,0.0
2026-07-15 16:15:00,65044.71,65125.8,64980.26,65113.32,1241.0,1000,0.0
2026-07-15 16:30:00,65113.36,65121.73,64723.07,64877.81,1493.0,1000,0.0
2026-07-15 16:45:00,64879.91,65066.78,64863.42,65063.98,1254.0,1000,0.0
2026-07-15 17:00:00,65065.88,65105.85,64955.58,64977.86,1036.0,1000,0.0
2026-07-15 17:15:00,64977.87,65022.56,64922.66,64990.91,1044.0,1000,0.0
2026-07-15 17:30:00,64990.94,65066.33,64911.84,64981.92,1100.0,1000,0.0
2026-07-15 17:45:00,64983.41,65137.91,64924.89,65003.99,1241.0,1000,0.0
2026-07-15 18:00:00,65003.21,65100.0,64903.9,65072.22,1087.0,1000,0.0
2026-07-15 18:15:00,65073.3,65078.38,64969.18,65014.79,1118.0,1000,0.0
2026-07-15 18:30:00,65014.85,65073.08,64931.97,64932.68,1001.0,1000,0.0
2026-07-15 18:45:00,64934.17,64974.86,64791.54,64820.55,1138.0,1000,0.0
2026-07-15 19:00:00,64820.54,64903.36,64797.83,64883.09,1034.0,1000,0.0
2026-07-15 19:15:00,64883.09,64885.63,64689.94,64806.47,1139.0,1000,0.0
2026-07-15 19:30:00,64806.28,64948.43,64796.45,64942.24,1134.0,1000,0.0
2026-07-15 19:45:00,64935.46,64965.91,64849.96,64938.13,1061.0,1000,0.0
2026-07-15 20:00:00,64937.77,64951.94,64852.12,64896.44,1024.0,1000,0.0
2026-07-15 20:15:00,64895.0,64989.58,64895.0,64962.78,911.0,1000,0.0
2026-07-15 20:30:00,64962.03,65013.31,64941.11,64958.64,909.0,1000,0.0
2026-07-15 20:45:00,64958.35,64963.8,64919.49,64925.45,867.0,1000,0.0
2026-07-15 21:00:00,64925.43,64976.91,64786.02,64845.93,948.0,1000,0.0
2026-07-15 21:15:00,64846.93,64890.65,64812.42,64828.91,867.0,1000,0.0
2026-07-15 21:30:00,64829.52,64846.35,64740.82,64769.02,942.0,1000,0.0
2026-07-15 21:45:00,64768.99,64792.52,64738.94,64788.51,900.0,1000,0.0
2026-07-15 22:00:00,64786.63,64845.32,64743.5,64766.21,1025.0,1000,0.0
2026-07-15 22:15:00,64766.21,64859.13,64722.4,64852.28,934.0,1000,0.0
2026-07-15 22:30:00,64852.79,64913.7,64816.21,64839.35,974.0,1000,0.0
2026-07-15 22:45:00,64841.6,64942.22,64811.3,64820.75,973.0,1000,0.0
2026-07-15 23:00:00,64822.3,64902.06,64819.28,64873.27,959.0,1000,0.0
2026-07-15 23:15:00,64873.47,64890.38,64794.53,64811.82,923.0,1000,0.0
2026-07-15 23:30:00,64811.75,64824.27,64662.64,64695.2,970.0,1000,0.0
2026-07-15 23:45:00,64695.06,64776.31,64642.74,64715.48,971.0,1000,0.0
2026-07-16 00:00:00,64710.25,64805.16,64692.44,64782.96,1044.0,1000,0.0
2026-07-16 00:15:00,64782.91,64800.17,64517.61,64517.61,1133.0,1000,0.0
2026-07-16 00:30:00,64519.14,64566.25,64451.41,64487.09,1006.0,1000,0.0
2026-07-16 00:45:00,64488.09,64607.59,64466.29,64539.09,1042.0,1000,0.0
2026-07-16 01:00:00,64541.15,64616.83,64502.73,64560.45,1068.0,1000,0.0
2026-07-16 01:15:00,64560.45,64560.45,64341.32,64514.97,1141.0,1000,0.0
2026-07-16 01:30:00,64515.13,64695.82,64509.24,64564.32,1105.0,1000,0.0
2026-07-16 01:45:00,64563.36,64787.7,64549.11,64690.58,1067.0,1000,0.0
2026-07-16 02:00:00,64690.61,64696.41,64583.9,64605.24,999.0,1000,0.0
2026-07-16 02:15:00,64605.68,64649.81,64546.28,64626.31,1051.0,1000,0.0
2026-07-16 02:30:00,64625.88,64644.59,64530.96,64551.93,1001.0,1000,0.0
2026-07-16 02:45:00,64551.94,64618.63,64529.04,64590.87,979.0,1000,0.0
2026-07-16 03:00:00,64590.24,64674.91,64546.87,64649.55,974.0,1000,0.0
2026-07-16 03:15:00,64648.64,64654.92,64534.62,64637.61,1006.0,1000,0.0
2026-07-16 03:30:00,64638.44,64701.43,64599.89,64614.64,982.0,1000,0.0
2026-07-16 03:45:00,64612.77,64617.76,64496.74,64564.84,910.0,1000,0.0
2026-07-16 04:00:00,64567.77,64615.34,64521.56,64597.56,916.0,1000,0.0
2026-07-16 04:15:00,64597.78,64607.62,64481.3,64597.7,962.0,1000,0.0
2026-07-16 04:30:00,64599.74,64641.2,64535.12,64556.1,934.0,1000,0.0
2026-07-16 04:45:00,64554.97,64594.21,64520.96,64584.93,929.0,1000,0.0
2026-07-16 05:00:00,64584.77,64724.51,64547.46,64721.74,961.0,1000,0.0
2026-07-16 05:15:00,64723.65,64902.8,64703.33,64871.45,1100.0,1000,0.0
2026-07-16 05:30:00,64871.09,64949.34,64802.21,64859.09,1138.0,1000,0.0
2026-07-16 05:45:00,64855.28,64893.75,64815.44,64866.04,924.0,1000,0.0
2026-07-16 06:00:00,64865.39,64918.56,64790.02,64816.8,1071.0,1000,0.0
2026-07-16 06:15:00,64816.77,64845.41,64743.15,64765.6,967.0,1000,0.0
2026-07-16 06:30:00,64765.43,64777.84,64571.48,64675.48,1033.0,1000,0.0
2026-07-16 06:45:00,64675.48,64742.14,64640.55,64719.01,954.0,1000,0.0
2026-07-16 07:00:00,64719.51,64725.92,64590.87,64593.94,1000.0,1000,0.0
2026-07-16 07:15:00,64596.85,64605.7,64438.62,64452.92,1087.0,1000,0.0
2026-07-16 07:30:00,64452.92,64459.88,64138.39,64177.23,1406.0,1000,0.0
2026-07-16 07:45:00,64177.08,64234.96,64012.94,64169.18,1249.0,1000,0.0
2026-07-16 08:00:00,64168.66,64204.85,63886.64,63894.96,1677.0,1000,0.0
2026-07-16 08:15:00,63897.06,64114.05,63813.98,64101.85,1460.0,1000,0.0
2026-07-16 08:30:00,64101.67,64310.45,64064.66,64081.75,1241.0,1000,0.0
2026-07-16 08:45:00,64081.35,64167.58,64004.77,64071.16,1143.0,1000,0.0
2026-07-16 09:00:00,64071.15,64131.07,64040.27,64056.72,1042.0,1000,0.0
2026-07-16 09:15:00,64059.71,64089.23,63952.96,63976.62,1009.0,1000,0.0
2026-07-16 09:30:00,63977.63,64068.92,63957.27,64041.65,1002.0,1000,0.0
2026-07-16 09:45:00,64041.71,64078.76,63965.37,64038.01,1039.0,1000,0.0
2026-07-16 10:00:00,64039.09,64133.36,64015.86,64088.58,1003.0,1000,0.0
2026-07-16 10:15:00,64088.35,64174.48,64068.81,64170.06,942.0,1000,0.0
2026-07-16 10:30:00,64170.35,64217.53,64120.34,64128.65,969.0,1000,0.0
2026-07-16 10:45:00,64127.02,64171.55,64104.64,64157.97,904.0,1000,0.0
2026-07-16 11:00:00,64160.65,64170.81,64052.18,64117.96,1024.0,1000,0.0
2026-07-16 11:15:00,64117.93,64204.3,64027.0,64123.86,1019.0,1000,0.0
2026-07-16 11:30:00,64123.87,64212.66,64086.01,64209.63,954.0,1000,0.0
2026-07-16 11:45:00,64207.93,64218.33,64030.5,64196.42,1151.0,1000,0.0
2026-07-16 12:00:00,64196.43,64200.96,64073.53,64108.65,1042.0,1000,0.0
2026-07-16 12:15:00,64109.7,64140.13,64025.31,64140.13,1056.0,1000,0.0
2026-07-16 12:30:00,64140.17,64162.6,63824.25,63846.66,1362.0,1000,0.0
2026-07-16 12:45:00,63849.0,64006.39,63801.41,63905.32,1203.0,1000,0.0
2026-07-16 13:00:00,63906.13,64058.24,63901.03,64027.05,1185.0,1000,0.0
2026-07-16 13:15:00,64026.63,64205.78,63995.37,64198.94,1101.0,1000,0.0
2026-07-16 13:30:00,64203.25,64429.05,64093.96,64097.05,1928.0,1000,0.0
2026-07-16 13:45:00,64097.51,64343.61,64051.95,64327.88,1888.0,1000,0.0
2026-07-16 14:00:00,64326.34,64659.95,64270.2,64577.07,2002.0,1000,0.0
2026-07-16 14:15:00,64575.74,64812.21,64508.25,64701.25,1724.0,1000,0.0
2026-07-16 14:30:00,64701.6,64785.53,64602.06,64692.9,1682.0,1000,0.0
2026-07-16 14:45:00,64690.59,64695.65,64324.9,64489.18,1771.0,1000,0.0
2026-07-16 15:00:00,64491.65,64534.21,64255.47,64314.4,1685.0,1000,0.0
2026-07-16 15:15:00,64313.88,64850.43,64272.57,64770.75,1779.0,1000,0.0
2026-07-16 15:30:00,64770.72,64779.16,64622.57,64678.24,1472.0,1000,0.0
2026-07-16 15:45:00,64677.76,64782.56,64562.79,64656.61,1480.0,1000,0.0
2026-07-16 16:00:00,64658.36,64669.78,64421.45,64456.51,1481.0,1000,0.0
2026-07-16 16:15:00,64454.85,64532.75,64338.17,64485.79,1532.0,1000,0.0
2026-07-16 16:30:00,64486.43,64618.39,64319.41,64330.32,1438.0,1000,0.0
2026-07-16 16:45:00,64331.77,64487.31,64278.11,64427.73,1339.0,1000,0.0
2026-07-16 17:00:00,64427.11,64438.79,64111.83,64118.63,1358.0,1000,0.0
2026-07-16 17:15:00,64115.18,64196.36,64039.55,64182.46,1425.0,1000,0.0
2026-07-16 17:30:00,64182.42,64245.57,64072.27,64108.53,1312.0,1000,0.0
2026-07-16 17:45:00,64106.27,64112.55,63937.41,64030.3,1281.0,1000,0.0
2026-07-16 18:00:00,64031.59,64178.88,64000.48,64148.95,1185.0,1000,0.0
2026-07-16 18:15:00,64148.98,64290.85,64098.98,64167.0,1157.0,1000,0.0
2026-07-16 18:30:00,64167.46,64185.75,64043.4,64109.21,1170.0,1000,0.0
2026-07-16 18:45:00,64108.75,64283.21,64091.34,64193.01,1092.0,1000,0.0
2026-07-16 19:00:00,64189.96,64257.42,64158.76,64182.26,1052.0,1000,0.0
2026-07-16 19:15:00,64182.31,64233.85,64111.74,64209.05,1070.0,1000,0.0
2026-07-16 19:30:00,64209.04,64245.36,64141.27,64147.04,1060.0,1000,0.0
2026-07-16 19:45:00,64147.02,64235.13,64093.05,64221.45,1070.0,1000,0.0
2026-07-16 20:00:00,64220.88,64231.84,64126.76,64135.73,960.0,1000,0.0
2026-07-16 20:15:00,64135.59,64191.08,64102.85,64136.06,935.0,1000,0.0
2026-07-16 20:30:00,64136.44,64159.12,64072.53,64101.44,910.0,1000,0.0
2026-07-16 20:45:00,64101.43,64112.08,64046.64,64061.99,926.0,1000,0.0
2026-07-16 21:00:00,64060.99,64155.02,64043.94,64135.34,911.0,1000,0.0
2026-07-16 21:15:00,64135.7,64161.34,64100.97,64115.4,816.0,1000,0.0
2026-07-16 21:30:00,64115.68,64188.01,64099.72,64161.43,915.0,1000,0.0
2026-07-16 21:45:00,64162.07,64166.18,64077.73,64109.68,885.0,1000,0.0
2026-07-16 22:00:00,64111.23,64196.45,64097.58,64147.98,1054.0,1000,0.0
2026-07-16 22:15:00,64147.6,64147.6,63953.96,63979.1,1004.0,1000,0.0
2026-07-16 22:30:00,63979.09,64125.65,63972.74,64025.86,1118.0,1000,0.0
2026-07-16 22:45:00,64026.11,64038.61,63894.83,63921.3,980.0,1000,0.0
2026-07-16 23:00:00,63921.29,63956.35,63854.12,63883.46,948.0,1000,0.0
2026-07-16 23:15:00,63883.46,63883.46,63692.71,63771.51,1230.0,1000,0.0
2026-07-16 23:30:00,63771.51,63803.64,63688.66,63782.14,1106.0,1000,0.0
2026-07-16 23:45:00,63781.47,63856.33,63738.47,63775.32,1079.0,1000,0.0
2026-07-17 00:00:00,63774.65,63796.54,63691.72,63746.97,1249.0,1000,0.0
2026-07-17 00:15:00,63745.41,63860.98,63714.54,63744.2,1102.0,1000,0.0
2026-07-17 00:30:00,63744.79,63756.51,63555.05,63729.58,1447.0,1000,0.0
2026-07-17 00:45:00,63729.56,63835.53,63729.56,63834.05,1210.0,1000,0.0
2026-07-17 01:00:00,63832.74,64013.9,63807.33,63933.75,1441.0,1000,0.0
2026-07-17 01:15:00,63930.71,63968.01,63769.9,63920.4,1277.0,1000,0.0
2026-07-17 01:30:00,63918.84,63930.54,63670.04,63672.47,1165.0,1000,0.0
2026-07-17 01:45:00,63672.4,63675.81,63414.63,63492.39,1770.0,1000,0.0
2026-07-17 02:00:00,63492.41,63571.61,63373.47,63556.78,1468.0,1000,0.0
2026-07-17 02:15:00,63556.8,63602.01,63443.28,63475.03,1316.0,1000,0.0
2026-07-17 02:30:00,63475.03,63521.12,63353.1,63399.18,1261.0,1000,0.0
2026-07-17 02:45:00,63398.35,63444.22,63325.98,63430.23,1124.0,1000,0.0
2026-07-17 03:00:00,63433.45,63602.74,63418.33,63567.54,1156.0,1000,0.0
2026-07-17 03:15:00,63564.54,63669.13,63552.29,63622.89,1166.0,1000,0.0
2026-07-17 03:30:00,63623.04,63644.1,63544.47,63560.41,1009.0,1000,0.0
2026-07-17 03:45:00,63560.39,63579.16,63462.35,63513.82,1109.0,1000,0.0
2026-07-17 04:00:00,63515.32,63515.32,63421.66,63446.85,1041.0,1000,0.0
2026-07-17 04:15:00,63446.74,63479.41,63247.29,63331.7,1204.0,1000,0.0
2026-07-17 04:30:00,63331.37,63435.35,63267.54,63411.54,1153.0,1000,0.0
2026-07-17 04:45:00,63411.65,63521.46,63399.68,63421.33,1032.0,1000,0.0
2026-07-17 05:00:00,63421.23,63421.23,63305.89,63367.27,1045.0,1000,0.0
2026-07-17 05:15:00,63368.0,63379.93,63114.65,63148.85,1071.0,1000,0.0
2026-07-17 05:30:00,63146.5,63175.56,62891.21,62923.83,1365.0,1000,0.0
2026-07-17 05:45:00,62924.0,62928.59,62738.11,62783.73,1258.0,1000,0.0
2026-07-17 06:00:00,62783.52,62936.19,62702.47,62777.42,1427.0,1000,0.0
2026-07-17 06:15:00,62776.89,62887.61,62640.94,62881.31,1259.0,1000,0.0
2026-07-17 06:30:00,62879.41,62911.0,62807.3,62827.43,1073.0,1000,0.0
2026-07-17 06:45:00,62827.66,62899.05,62791.23,62891.06,1030.0,1000,0.0
2026-07-17 07:00:00,62889.9,62889.9,62807.44,62850.3,1063.0,1000,0.0
2026-07-17 07:15:00,62849.76,62884.58,62739.24,62877.42,1035.0,1000,0.0
2026-07-17 07:30:00,62877.45,62926.07,62813.91,62876.14,1038.0,1000,0.0
2026-07-17 07:45:00,62872.91,62906.36,62755.12,62772.55,1090.0,1000,0.0
2026-07-17 08:00:00,62772.62,62834.04,62696.2,62828.53,1230.0,1000,0.0
2026-07-17 08:15:00,62828.51,62836.78,62668.84,62738.55,1166.0,1000,0.0
2026-07-17 08:30:00,62741.01,62741.42,62579.28,62727.3,1129.0,1000,0.0
2026-07-17 08:45:00,62728.44,62873.42,62724.7,62830.6,1000.0,1000,0.0
2026-07-17 09:00:00,62832.82,62901.94,62798.17,62893.68,1014.0,1000,0.0
2026-07-17 09:15:00,62894.93,62906.1,62796.74,62883.83,959.0,1000,0.0
2026-07-17 09:30:00,62882.39,63000.95,62858.35,63000.75,970.0,1000,0.0
2026-07-17 09:45:00,63002.97,63006.7,62901.96,62925.9,968.0,1000,0.0
2026-07-17 10:00:00,62925.38,63078.05,62917.31,63026.0,1113.0,1000,0.0
2026-07-17 10:15:00,63025.33,63064.03,62981.97,63033.37,1026.0,1000,0.0
2026-07-17 10:30:00,63032.87,63127.89,63009.79,63111.44,915.0,1000,0.0
2026-07-17 10:45:00,63111.44,63134.61,63092.44,63108.2,885.0,1000,0.0
2026-07-17 11:00:00,63119.57,63148.76,63020.36,63020.6,951.0,1000,0.0
2026-07-17 11:15:00,63020.28,63071.91,62994.88,63063.11,970.0,1000,0.0
2026-07-17 11:30:00,63070.42,63242.14,63037.62,63234.13,998.0,1000,0.0
2026-07-17 11:45:00,63234.12,63300.81,63192.21,63243.47,1006.0,1000,0.0
2026-07-17 12:00:00,63243.44,63284.92,63164.76,63192.78,960.0,1000,0.0
2026-07-17 12:15:00,63193.31,63237.53,63096.63,63132.21,1010.0,1000,0.0
2026-07-17 12:30:00,63138.26,63145.67,63005.5,63048.63,1145.0,1000,0.0
2026-07-17 12:45:00,63048.5,63105.23,62999.48,63043.72,1092.0,1000,0.0
2026-07-17 13:00:00,63041.61,63043.16,62702.72,62755.81,1565.0,1000,0.0
2026-07-17 13:15:00,62756.7,62899.1,62742.2,62796.84,1305.0,1000,0.0
2026-07-17 13:30:00,62798.68,62880.88,62468.14,62501.79,2735.0,1000,0.0
2026-07-17 13:45:00,62501.78,63121.31,62468.57,63092.84,2493.0,1000,0.0
2026-07-17 14:00:00,63091.21,63464.91,63074.64,63330.95,2564.0,1000,0.0
2026-07-17 14:15:00,63330.94,63432.6,63129.32,63182.08,2089.0,1000,0.0
2026-07-17 14:30:00,63186.24,63299.26,63016.42,63210.2,2039.0,1000,0.0
2026-07-17 14:45:00,63211.84,63237.75,63063.52,63118.66,1770.0,1000,0.0
2026-07-17 15:00:00,63107.57,63136.07,62790.5,62868.38,1982.0,1000,0.0
2026-07-17 15:15:00,62867.71,63221.51,62848.8,63206.24,1715.0,1000,0.0
2026-07-17 15:30:00,63205.1,63254.58,63055.83,63158.95,1489.0,1000,0.0
2026-07-17 15:45:00,63159.06,63409.16,63084.4,63404.33,1329.0,1000,0.0
2026-07-17 16:00:00,63416.02,63519.07,63293.96,63413.94,1486.0,1000,0.0
2026-07-17 16:15:00,63413.63,63489.96,63245.77,63420.51,1318.0,1000,0.0
2026-07-17 16:30:00,63421.51,63495.26,63311.53,63477.39,1308.0,1000,0.0
2026-07-17 16:45:00,63478.46,63663.62,63429.05,63535.84,1444.0,1000,0.0
2026-07-17 17:00:00,63535.9,64104.17,63535.9,63916.36,1829.0,1000,0.0
2026-07-17 17:15:00,63915.63,64088.63,63868.92,63982.99,1478.0,1000,0.0
2026-07-17 17:30:00,63976.67,64065.25,63929.92,63990.62,1365.0,1000,0.0
2026-07-17 17:45:00,63990.06,64188.73,63950.2,64006.85,1447.0,1000,0.0
2026-07-17 18:00:00,63997.69,64079.6,63919.47,64044.46,1304.0,1000,0.0
2026-07-17 18:15:00,64044.59,64044.69,63841.77,63918.5,1276.0,1000,0.0
2026-07-17 18:30:00,63918.35,64111.07,63903.01,64106.85,1203.0,1000,0.0
2026-07-17 18:45:00,64101.06,64349.3,64097.07,64220.97,1431.0,1000,0.0
2026-07-17 19:00:00,64213.86,64224.78,64011.84,64027.37,1100.0,1000,0.0
2026-07-17 19:15:00,64024.1,64057.35,63931.94,64049.58,1188.0,1000,0.0
2026-07-17 19:30:00,64050.7,64144.65,64020.37,64144.65,1195.0,1000,0.0
2026-07-17 19:45:00,64139.49,64176.92,64093.39,64110.74,1130.0,1000,0.0
2026-07-17 20:00:00,64108.49,64112.26,63954.57,63966.19,1052.0,1000,0.0
2026-07-17 20:15:00,63964.22,64033.06,63940.81,63991.13,971.0,1000,0.0
2026-07-17 20:30:00,63989.39,64066.87,63911.5,64064.37,1014.0,1000,0.0
2026-07-17 20:45:00,64069.96,64157.06,63988.2,64071.24,1022.0,1000,0.0
2026-07-17 21:00:00,64069.18,64150.44,64067.6,64123.14,871.0,1000,0.0
2026-07-17 21:15:00,64123.43,64184.16,64080.6,64103.03,895.0,1000,0.0
2026-07-17 21:30:00,64102.62,64118.9,64030.29,64061.06,892.0,1000,0.0
2026-07-17 21:45:00,64061.71,64074.65,64018.79,64058.46,906.0,1000,0.0
2026-07-17 22:00:00,64055.08,64110.32,64010.52,64040.07,961.0,1000,0.0
2026-07-17 22:15:00,64038.97,64038.97,63912.85,63922.93,885.0,1000,0.0
2026-07-17 22:30:00,63921.23,63936.82,63875.78,63908.98,888.0,1000,0.0
2026-07-17 22:45:00,63908.15,63955.2,63898.79,63937.92,838.0,1000,0.0
2026-07-17 23:00:00,63937.74,63943.11,63837.81,63859.62,908.0,1000,0.0
2026-07-17 23:15:00,63860.88,63923.87,63845.41,63918.4,831.0,1000,0.0
2026-07-17 23:30:00,63920.46,63968.38,63913.94,63924.83,853.0,1000,0.0
2026-07-17 23:45:00,63924.38,63956.16,63875.58,63895.54,916.0,1000,0.0
2026-07-18 00:00:00,63890.29,63926.21,63844.44,63910.26,899.0,1000,0.0
2026-07-18 00:15:00,63910.26,63975.98,63910.04,63949.1,886.0,1000,0.0
2026-07-18 00:30:00,63948.74,63949.22,63852.11,63883.84,814.0,1000,0.0
2026-07-18 00:45:00,63877.39,63909.89,63844.35,63868.15,808.0,1000,0.0
2026-07-18 01:00:00,63860.16,63883.01,63834.41,63878.66,856.0,1000,0.0
2026-07-18 01:15:00,63879.74,63958.14,63869.34,63945.13,770.0,1000,0.0
2026-07-18 01:30:00,63945.87,63950.63,63870.45,63897.4,879.0,1000,0.0
2026-07-18 01:45:00,63899.59,63939.65,63891.93,63908.21,864.0,1000,0.0
2026-07-18 02:00:00,63908.24,63929.66,63881.28,63922.26,878.0,1000,0.0
2026-07-18 02:15:00,63922.23,63958.84,63917.4,63943.49,825.0,1000,0.0
2026-07-18 02:30:00,63944.77,63989.8,63911.55,63920.22,868.0,1000,0.0
2026-07-18 02:45:00,63920.22,63933.54,63898.02,63918.66,841.0,1000,0.0
2026-07-18 03:00:00,63916.96,63940.07,63893.52,63934.69,873.0,1000,0.0
2026-07-18 03:15:00,63931.46,63949.36,63901.29,63909.66,848.0,1000,0.0
2026-07-18 03:30:00,63909.71,63921.01,63886.26,63901.19,842.0,1000,0.0
2026-07-18 03:45:00,63901.13,63978.16,63881.79,63963.45,815.0,1000,0.0
2026-07-18 04:00:00,63963.46,63976.49,63932.46,63947.76,831.0,1000,0.0
2026-07-18 04:15:00,63947.74,63951.21,63910.68,63932.48,807.0,1000,0.0
2026-07-18 04:30:00,63932.49,63939.24,63893.98,63903.89,819.0,1000,0.0
2026-07-18 04:45:00,63903.49,63924.41,63900.3,63924.41,793.0,1000,0.0
2026-07-18 05:00:00,63922.12,63927.34,63879.49,63885.95,809.0,1000,0.0
2026-07-18 05:15:00,63885.95,63929.07,63872.44,63922.57,843.0,1000,0.0
2026-07-18 05:30:00,63922.53,63946.91,63905.36,63917.5,825.0,1000,0.0
2026-07-18 05:45:00,63917.94,63949.46,63894.59,63914.86,858.0,1000,0.0
2026-07-18 06:00:00,63913.85,63929.8,63904.54,63915.76,815.0,1000,0.0
2026-07-18 06:15:00,63916.53,63956.59,63912.53,63940.7,815.0,1000,0.0
2026-07-18 06:30:00,63940.44,63943.28,63894.75,63922.67,781.0,1000,0.0
2026-07-18 06:45:00,63924.48,63936.06,63915.62,63925.19,788.0,1000,0.0
2026-07-18 07:00:00,63925.3,63974.36,63923.73,63943.79,791.0,1000,0.0
2026-07-18 07:15:00,63944.27,63974.89,63939.19,63969.02,780.0,1000,0.0
2026-07-18 07:30:00,63969.13,63978.19,63946.54,63975.28,786.0,1000,0.0
2026-07-18 07:45:00,63973.8,63983.63,63953.18,63956.02,831.0,1000,0.0
2026-07-18 08:00:00,63956.3,63970.09,63906.87,63932.15,845.0,1000,0.0
2026-07-18 08:15:00,63933.72,63967.88,63924.13,63965.39,820.0,1000,0.0
2026-07-18 08:30:00,63969.99,63980.42,63929.24,63936.72,733.0,1000,0.0
2026-07-18 08:45:00,63936.71,63959.08,63931.83,63954.84,827.0,1000,0.0
2026-07-18 09:00:00,63954.84,63962.81,63918.65,63931.38,804.0,1000,0.0
2026-07-18 09:15:00,63930.9,63936.57,63882.74,63902.49,791.0,1000,0.0
2026-07-18 09:30:00,63902.49,63928.39,63898.63,63920.93,806.0,1000,0.0
2026-07-18 09:45:00,63924.53,63937.83,63915.45,63926.5,800.0,1000,0.0
2026-07-18 10:00:00,63926.41,63949.7,63925.71,63939.11,769.0,1000,0.0
2026-07-18 10:15:00,63939.24,63958.01,63937.7,63951.09,704.0,1000,0.0
2026-07-18 10:30:00,63951.17,63961.38,63942.23,63956.0,730.0,1000,0.0
2026-07-18 10:45:00,63955.96,63962.63,63949.68,63950.51,705.0,1000,0.0
2026-07-18 11:00:00,63951.17,63971.35,63950.9,63959.01,734.0,1000,0.0
2026-07-18 11:15:00,63959.01,63969.47,63956.44,63960.74,725.0,1000,0.0
2026-07-18 11:30:00,63959.68,63975.53,63959.68,63966.69,768.0,1000,0.0
2026-07-18 11:45:00,63966.74,64050.65,63963.93,64013.05,773.0,1000,0.0
2026-07-18 12:00:00,64011.21,64151.79,64008.43,64085.43,927.0,1000,0.0
2026-07-18 12:15:00,64085.51,64101.97,64005.45,64047.86,901.0,1000,0.0
2026-07-18 12:30:00,64047.89,64155.4,64018.28,64130.14,899.0,1000,0.0
2026-07-18 12:45:00,64130.13,64222.55,64130.09,64161.79,924.0,1000,0.0
2026-07-18 13:00:00,64160.51,64171.9,63940.07,63970.57,976.0,1000,0.0
2026-07-18 13:15:00,63971.05,64022.91,63910.58,64009.05,996.0,1000,0.0
2026-07-18 13:30:00,64009.02,64056.71,63973.88,64014.44,937.0,1000,0.0
2026-07-18 13:45:00,64010.1,64067.78,63986.09,64057.58,882.0,1000,0.0
2026-07-18 14:00:00,64057.23,64130.69,64039.59,64109.68,927.0,1000,0.0
2026-07-18 14:15:00,64108.62,64129.55,64065.8,64121.14,860.0,1000,0.0
2026-07-18 14:30:00,64121.13,64153.33,64099.63,64134.1,802.0,1000,0.0
2026-07-18 14:45:00,64134.07,64137.72,64057.02,64083.48,861.0,1000,0.0
2026-07-18 15:00:00,64083.46,64092.26,64028.53,64051.68,871.0,1000,0.0
2026-07-18 15:15:00,64050.85,64090.64,64021.71,64027.96,884.0,1000,0.0
2026-07-18 15:30:00,64026.27,64043.09,63991.25,63995.71,841.0,1000,0.0
2026-07-18 15:45:00,63997.2,64118.18,63983.48,64070.71,903.0,1000,0.0
2026-07-18 16:00:00,64072.99,64113.0,64037.92,64094.5,870.0,1000,0.0
2026-07-18 16:15:00,64094.32,64106.4,64059.11,64098.68,853.0,1000,0.0
2026-07-18 16:30:00,64098.49,64130.8,64076.86,64087.91,823.0,1000,0.0
2026-07-18 16:45:00,64087.93,64280.15,64068.7,64252.43,958.0,1000,0.0
2026-07-18 17:00:00,64252.46,64280.91,64222.58,64272.06,855.0,1000,0.0
2026-07-18 17:15:00,64271.5,64408.5,64233.87,64252.08,1028.0,1000,0.0
2026-07-18 17:30:00,64249.4,64423.75,64244.69,64388.89,962.0,1000,0.0
2026-07-18 17:45:00,64388.89,64452.33,64360.72,64434.76,1024.0,1000,0.0
2026-07-18 18:00:00,64436.57,64447.66,64406.9,64432.19,886.0,1000,0.0
2026-07-18 18:15:00,64435.17,64633.33,64416.7,64525.13,1257.0,1000,0.0
2026-07-18 18:30:00,64525.1,64527.84,64426.44,64438.38,977.0,1000,0.0
2026-07-18 18:45:00,64437.81,64492.79,64432.72,64462.97,907.0,1000,0.0
2026-07-18 19:00:00,64461.21,64513.35,64456.55,64498.03,873.0,1000,0.0
2026-07-18 19:15:00,64497.56,64559.42,64432.89,64434.09,930.0,1000,0.0
2026-07-18 19:30:00,64435.9,64494.84,64429.7,64478.0,862.0,1000,0.0
2026-07-18 19:45:00,64476.56,64533.1,64475.09,64506.9,850.0,1000,0.0
2026-07-18 20:00:00,64510.84,64602.17,64458.96,64574.74,933.0,1000,0.0
2026-07-18 20:15:00,64572.82,64705.51,64561.48,64602.44,1009.0,1000,0.0
2026-07-18 20:30:00,64602.4,64602.4,64538.25,64566.29,868.0,1000,0.0
2026-07-18 20:45:00,64565.41,64677.55,64525.66,64647.61,954.0,1000,0.0
2026-07-18 21:00:00,64650.89,64731.17,64596.29,64731.17,877.0,1000,0.0
2026-07-18 21:15:00,64725.41,64804.39,64679.02,64683.89,1063.0,1000,0.0
2026-07-18 21:30:00,64683.73,64683.73,64585.27,64612.31,873.0,1000,0.0
2026-07-18 21:45:00,64612.31,64769.38,64571.19,64681.28,1067.0,1000,0.0
2026-07-18 22:00:00,64686.89,64829.92,64676.19,64752.93,993.0,1000,0.0
2026-07-18 22:15:00,64749.43,64797.86,64689.49,64691.32,886.0,1000,0.0
2026-07-18 22:30:00,64691.35,64749.89,64664.85,64729.08,887.0,1000,0.0
2026-07-18 22:45:00,64731.17,64786.76,64699.13,64759.15,857.0,1000,0.0
2026-07-18 23:00:00,64756.5,64777.16,64670.64,64694.84,931.0,1000,0.0
2026-07-18 23:15:00,64695.17,64801.38,64685.79,64779.9,856.0,1000,0.0
2026-07-18 23:30:00,64779.7,64798.95,64750.38,64777.35,884.0,1000,0.0
2026-07-18 23:45:00,64777.35,64806.79,64761.04,64794.89,837.0,1000,0.0
2026-07-19 00:00:00,64795.85,64815.47,64763.77,64796.33,835.0,1000,0.0
2026-07-19 00:15:00,64796.56,64873.41,64741.69,64753.62,893.0,1000,0.0
2026-07-19 00:30:00,64751.76,64773.33,64726.38,64732.95,858.0,1000,0.0
2026-07-19 00:45:00,64731.89,64759.11,64724.46,64736.42,849.0,1000,0.0
2026-07-19 01:00:00,64736.68,64752.45,64723.31,64730.49,810.0,1000,0.0
2026-07-19 01:15:00,64729.99,64747.03,64716.63,64728.48,825.0,1000,0.0
2026-07-19 01:30:00,64729.71,64732.9,64716.76,64720.94,828.0,1000,0.0
2026-07-19 01:45:00,64721.7,64742.45,64717.23,64722.62,825.0,1000,0.0
2026-07-19 02:00:00,64720.58,64930.05,64640.02,64846.15,1185.0,1000,0.0
2026-07-19 02:15:00,64845.81,64875.83,64743.87,64776.29,888.0,1000,0.0
2026-07-19 02:30:00,64778.26,64906.13,64770.43,64798.52,986.0,1000,0.0
2026-07-19 02:45:00,64798.49,64823.22,64773.21,64782.41,846.0,1000,0.0
2026-07-19 03:00:00,64781.47,64801.95,64676.26,64691.0,838.0,1000,0.0
2026-07-19 03:15:00,64690.97,64690.97,64571.93,64623.78,941.0,1000,0.0
2026-07-19 03:30:00,64624.52,64651.74,64598.95,64620.18,866.0,1000,0.0
2026-07-19 03:45:00,64619.66,64667.58,64608.55,64665.72,851.0,1000,0.0
2026-07-19 04:00:00,64666.27,64669.83,64559.14,64598.8,888.0,1000,0.0
2026-07-19 04:15:00,64600.22,64674.16,64598.12,64662.16,841.0,1000,0.0
2026-07-19 04:30:00,64662.17,64753.06,64642.47,64713.98,819.0,1000,0.0
2026-07-19 04:45:00,64713.72,64744.58,64660.32,64672.79,812.0,1000,0.0
2026-07-19 05:00:00,64675.17,64747.69,64675.17,64734.79,822.0,1000,0.0
2026-07-19 05:15:00,64734.81,64771.19,64658.95,64672.82,855.0,1000,0.0
2026-07-19 05:30:00,64670.72,64675.27,64620.88,64649.59,828.0,1000,0.0
2026-07-19 05:45:00,64648.53,64705.02,64648.53,64677.86,827.0,1000,0.0
2026-07-19 06:00:00,64677.26,64685.95,64646.94,64676.05,846.0,1000,0.0
2026-07-19 06:15:00,64674.5,64712.49,64664.69,64682.46,836.0,1000,0.0
2026-07-19 06:30:00,64684.03,64723.33,64667.59,64684.28,864.0,1000,0.0
2026-07-19 06:45:00,64684.14,64692.4,64651.41,64666.1,815.0,1000,0.0
2026-07-19 07:00:00,64664.58,64680.96,64636.46,64646.59,833.0,1000,0.0
2026-07-19 07:15:00,64646.8,64678.86,64642.73,64672.38,780.0,1000,0.0
2026-07-19 07:30:00,64673.37,64734.4,64656.55,64713.28,826.0,1000,0.0
2026-07-19 07:45:00,64713.28,64726.68,64623.14,64668.8,893.0,1000,0.0
2026-07-19 08:00:00,64668.8,64686.59,64610.22,64661.68,905.0,1000,0.0
2026-07-19 08:15:00,64661.68,64661.68,64578.94,64617.26,838.0,1000,0.0
2026-07-19 08:30:00,64616.27,64635.54,64586.97,64605.5,803.0,1000,0.0
2026-07-19 08:45:00,64605.76,64697.44,64603.8,64660.77,856.0,1000,0.0
2026-07-19 09:00:00,64666.63,64678.64,64600.94,64608.79,827.0,1000,0.0
2026-07-19 09:15:00,64608.79,64608.79,64500.99,64528.43,812.0,1000,0.0
2026-07-19 09:30:00,64531.03,64559.92,64443.24,64474.28,928.0,1000,0.0
2026-07-19 09:45:00,64468.67,64500.54,64449.93,64470.12,845.0,1000,0.0
2026-07-19 10:00:00,64469.72,64544.35,64425.12,64519.72,908.0,1000,0.0
2026-07-19 10:15:00,64523.04,64585.36,64517.78,64576.72,848.0,1000,0.0
2026-07-19 10:30:00,64577.29,64636.06,64554.73,64614.78,823.0,1000,0.0
2026-07-19 10:45:00,64614.79,64654.58,64521.71,64550.77,937.0,1000,0.0
2026-07-19 11:00:00,64542.74,64586.96,64463.86,64542.97,996.0,1000,0.0
2026-07-19 11:15:00,64543.0,64593.88,64483.68,64507.73,961.0,1000,0.0
2026-07-19 11:30:00,64507.38,64520.68,64458.61,64493.27,790.0,1000,0.0
2026-07-19 11:45:00,64493.28,64503.6,64392.06,64428.83,899.0,1000,0.0
2026-07-19 12:00:00,64429.64,64429.64,64292.9,64292.9,994.0,1000,0.0
2026-07-19 12:15:00,64297.82,64405.36,64236.92,64269.43,1026.0,1000,0.0
2026-07-19 12:30:00,64268.56,64391.43,64257.03,64361.18,1033.0,1000,0.0
2026-07-19 12:45:00,64361.18,64411.54,64299.05,64395.35,916.0,1000,0.0
2026-07-19 13:00:00,64395.35,64416.78,64295.35,64312.59,905.0,1000,0.0
2026-07-19 13:15:00,64312.56,64367.98,64252.22,64356.77,947.0,1000,0.0
2026-07-19 13:30:00,64357.27,64435.05,64353.12,64373.07,944.0,1000,0.0
2026-07-19 13:45:00,64374.78,64475.97,64363.15,64428.7,943.0,1000,0.0
2026-07-19 14:00:00,64433.57,64511.43,64417.14,64487.92,939.0,1000,0.0
2026-07-19 14:15:00,64486.98,64509.08,64361.77,64415.88,947.0,1000,0.0
2026-07-19 14:30:00,64415.48,64498.54,64394.01,64474.96,960.0,1000,0.0
2026-07-19 14:45:00,64474.94,64616.28,64466.26,64543.45,1058.0,1000,0.0
2026-07-19 15:00:00,64543.5,64577.72,64476.71,64530.11,941.0,1000,0.0
2026-07-19 15:15:00,64525.62,64553.12,64446.2,64465.12,935.0,1000,0.0
2026-07-19 15:30:00,64466.66,64543.56,64443.4,64512.46,903.0,1000,0.0
2026-07-19 15:45:00,64513.14,64539.61,64484.82,64522.74,880.0,1000,0.0
2026-07-19 16:00:00,64522.79,64605.63,64449.87,64496.02,1005.0,1000,0.0
2026-07-19 16:15:00,64496.0,64581.63,64461.38,64555.71,899.0,1000,0.0
2026-07-19 16:30:00,64556.13,64570.14,64476.68,64546.73,914.0,1000,0.0
2026-07-19 16:45:00,64546.71,64566.32,64473.78,64496.03,854.0,1000,0.0
2026-07-19 17:00:00,64496.95,64649.94,64354.93,64647.85,1223.0,1000,0.0
2026-07-19 17:15:00,64644.67,64710.38,64576.6,64604.05,1059.0,1000,0.0
2026-07-19 17:30:00,64608.29,64687.22,64556.68,64575.8,972.0,1000,0.0
2026-07-19 17:45:00,64575.07,64575.64,64479.54,64506.0,829.0,1000,0.0
2026-07-19 18:00:00,64506.0,64515.76,64237.74,64428.8,1388.0,1000,0.0
2026-07-19 18:15:00,64427.65,64445.3,64343.28,64349.04,1065.0,1000,0.0
2026-07-19 18:30:00,64349.06,64403.61,64292.11,64372.76,935.0,1000,0.0
2026-07-19 18:45:00,64373.59,64402.98,64310.1,64373.7,896.0,1000,0.0
2026-07-19 19:00:00,64374.3,64413.4,64295.42,64405.68,937.0,1000,0.0
2026-07-19 19:15:00,64403.57,64420.18,64361.4,64389.67,871.0,1000,0.0
2026-07-19 19:30:00,64388.48,64409.5,64350.04,64364.35,890.0,1000,0.0
2026-07-19 19:45:00,64362.47,64413.0,64331.17,64404.1,856.0,1000,0.0
2026-07-19 20:00:00,64404.09,64511.6,64404.09,64453.63,933.0,1000,0.0
2026-07-19 20:15:00,64453.89,64479.23,64410.13,64440.6,858.0,1000,0.0
2026-07-19 20:30:00,64439.93,64487.29,64424.68,64446.84,875.0,1000,0.0
2026-07-19 20:45:00,64446.92,64488.78,64423.08,64487.0,844.0,1000,0.0
2026-07-19 21:00:00,64486.95,64516.49,64435.62,64479.32,909.0,1000,0.0
2026-07-19 21:15:00,64481.14,64492.39,64400.12,64423.93,814.0,1000,0.0
2026-07-19 21:30:00,64423.91,64423.91,64292.89,64296.7,1002.0,1000,0.0
2026-07-19 21:45:00,64298.99,64381.92,64279.59,64364.82,969.0,1000,0.0
2026-07-19 22:00:00,64359.2,64645.52,64289.33,64614.12,1864.0,1000,0.0
2026-07-19 22:15:00,64611.38,64856.81,64611.38,64714.47,1595.0,1000,0.0
2026-07-19 22:30:00,64713.1,64773.44,64635.83,64756.28,1249.0,1000,0.0
2026-07-19 22:45:00,64754.61,64766.17,64616.45,64621.2,1089.0,1000,0.0
2026-07-19 23:00:00,64626.03,64673.16,64512.79,64653.75,1214.0,1000,0.0
2026-07-19 23:15:00,64654.02,64668.38,64589.58,64620.64,1046.0,1000,0.0
2026-07-19 23:30:00,64621.79,64730.07,64590.92,64698.94,1148.0,1000,0.0
2026-07-19 23:45:00,64703.53,64732.52,64604.58,64675.36,1140.0,1000,0.0
2026-07-20 00:00:00,64678.41,65020.08,64514.93,64964.2,1727.0,1000,0.0
2026-07-20 00:15:00,64958.14,65055.85,64749.15,64822.46,1537.0,1000,0.0
2026-07-20 00:30:00,64822.16,64894.68,64736.24,64761.14,1298.0,1000,0.0
2026-07-20 00:45:00,64764.83,64765.04,64361.1,64509.8,1548.0,1000,0.0
2026-07-20 01:00:00,64512.18,64992.15,64451.74,64753.81,1722.0,1000,0.0
2026-07-20 01:15:00,64753.82,64905.16,64637.03,64803.54,1623.0,1000,0.0
2026-07-20 01:30:00,64802.85,64885.56,64651.54,64719.46,1465.0,1000,0.0
2026-07-20 01:45:00,64716.89,64742.46,64452.21,64575.08,1296.0,1000,0.0
2026-07-20 02:00:00,64574.41,64896.64,64566.13,64773.6,1560.0,1000,0.0
2026-07-20 02:15:00,64773.62,64786.56,64531.69,64619.46,1516.0,1000,0.0
2026-07-20 02:30:00,64616.68,64843.6,64606.42,64775.89,1410.0,1000,0.0
2026-07-20 02:45:00,64777.56,64923.63,64774.64,64777.62,1273.0,1000,0.0
2026-07-20 03:00:00,64777.38,64836.47,64716.52,64789.84,1233.0,1000,0.0
2026-07-20 03:15:00,64789.95,64840.93,64591.47,64633.94,1190.0,1000,0.0
2026-07-20 03:30:00,64633.93,64848.21,64609.8,64848.18,1193.0,1000,0.0
2026-07-20 03:45:00,64851.06,64865.52,64725.69,64814.28,1096.0,1000,0.0
2026-07-20 04:00:00,64812.39,64822.86,64649.63,64661.21,1025.0,1000,0.0
2026-07-20 04:15:00,64661.22,64729.83,64582.54,64712.6,1033.0,1000,0.0
2026-07-20 04:30:00,64711.01,64764.62,64645.15,64678.72,1155.0,1000,0.0
2026-07-20 04:45:00,64678.72,64683.35,64479.79,64493.34,1120.0,1000,0.0
2026-07-20 05:00:00,64495.48,64515.13,64022.09,64197.34,1740.0,1000,0.0
2026-07-20 05:15:00,64197.61,64335.58,64034.48,64139.36,1891.0,1000,0.0
2026-07-20 05:30:00,64139.38,64205.46,64054.13,64153.24,1397.0,1000,0.0
2026-07-20 05:45:00,64153.24,64160.98,64041.48,64079.68,1225.0,1000,0.0
2026-07-20 06:00:00,64079.91,64143.99,64016.18,64143.99,1350.0,1000,0.0
2026-07-20 06:15:00,64139.84,64168.99,64034.12,64075.0,1172.0,1000,0.0
2026-07-20 06:30:00,64074.17,64101.16,63698.03,63762.82,2082.0,1000,0.0
2026-07-20 06:45:00,63766.53,63887.1,63703.64,63855.31,1360.0,1000,0.0
2026-07-20 07:00:00,63856.91,63948.17,63846.28,63904.77,1173.0,1000,0.0
2026-07-20 07:15:00,63903.59,64080.45,63829.52,64067.12,1304.0,1000,0.0
2026-07-20 07:30:00,64066.44,64153.06,64029.3,64148.67,1251.0,1000,0.0
2026-07-20 07:45:00,64148.67,64250.17,64123.63,64214.04,1059.0,1000,0.0
2026-07-20 08:00:00,64213.58,64304.38,64160.91,64233.61,1055.0,1000,0.0
2026-07-20 08:15:00,64234.03,64300.8,64159.29,64172.12,1116.0,1000,0.0
2026-07-20 08:30:00,64172.42,64217.39,63820.45,63858.66,1328.0,1000,0.0
2026-07-20 08:45:00,63856.89,64049.7,63856.89,63994.33,1068.0,1000,0.0
2026-07-20 09:00:00,63991.73,64051.54,63946.26,64036.81,1035.0,1000,0.0
2026-07-20 09:15:00,64037.29,64139.16,64019.13,64129.07,1031.0,1000,0.0
2026-07-20 09:30:00,64129.58,64196.12,64109.51,64172.86,995.0,1000,0.0
2026-07-20 09:45:00,64173.01,64221.8,64130.89,64133.68,944.0,1000,0.0
2026-07-20 10:00:00,64133.0,64221.29,64090.61,64219.51,990.0,1000,0.0
2026-07-20 10:15:00,64219.38,64356.11,64181.0,64288.41,1103.0,1000,0.0
2026-07-20 10:30:00,64286.27,64286.27,64193.83,64263.33,1004.0,1000,0.0
2026-07-20 10:45:00,64265.27,64290.09,64225.09,64249.06,930.0,1000,0.0
2026-07-20 11:00:00,64247.72,64394.96,64202.5,64320.52,1203.0,1000,0.0
2026-07-20 11:15:00,64321.33,64341.09,64252.49,64279.05,924.0,1000,0.0
2026-07-20 11:30:00,64279.66,64875.14,64274.01,64764.65,2442.0,1000,0.0
2026-07-20 11:45:00,64762.55,65016.2,64762.55,64931.02,1467.0,1000,0.0
2026-07-20 12:00:00,64932.45,64948.63,64653.8,64698.38,1590.0,1000,0.0
2026-07-20 12:15:00,64699.23,64745.36,64604.16,64636.16,1230.0,1000,0.0
2026-07-20 12:30:00,64636.49,64693.35,64536.65,64538.57,1164.0,1000,0.0
2026-07-20 12:45:00,64540.8,64679.51,64538.82,64588.28,1138.0,1000,0.0
2026-07-20 13:00:00,64589.12,64692.4,64552.33,64625.37,1117.0,1000,0.0
2026-07-20 13:15:00,64627.08,64664.65,64457.24,64500.58,1083.0,1000,0.0
2026-07-20 13:30:00,64497.52,64702.71,64433.09,64590.83,2148.0,1000,0.0
2026-07-20 13:45:00,64591.43,64701.49,64131.16,64278.74,2714.0,1000,0.0
2026-07-20 14:00:00,64280.39,64433.48,64208.01,64261.35,2096.0,1000,0.0
2026-07-20 14:15:00,64261.31,64405.81,64003.53,64403.0,2110.0,1000,0.0
2026-07-20 14:30:00,64404.42,64483.39,64276.4,64355.58,1821.0,1000,0.0
2026-07-20 14:45:00,64353.82,64512.89,64224.12,64346.65,1781.0,1000,0.0
2026-07-20 15:00:00,64352.08,64933.76,64341.61,64909.83,2267.0,1000,0.0
2026-07-20 15:15:00,64904.99,64963.0,64823.77,64889.57,1707.0,1000,0.0
2026-07-20 15:30:00,64889.77,65250.61,64749.94,65184.27,1720.0,1000,0.0
2026-07-20 15:45:00,65184.33,65645.65,65183.87,65538.02,2381.0,1000,0.0
2026-07-20 16:00:00,65538.02,65587.74,65360.85,65504.71,1583.0,1000,0.0
2026-07-20 16:15:00,65505.73,65517.47,65322.63,65383.08,1233.0,1000,0.0
2026-07-20 16:30:00,65383.08,65505.6,65272.71,65331.21,1472.0,1000,0.0
2026-07-20 16:45:00,65331.23,65465.29,65314.4,65452.42,1250.0,1000,0.0
2026-07-20 17:00:00,65450.83,65500.59,65380.77,65444.4,1239.0,1000,0.0
2026-07-20 17:15:00,65444.95,65461.81,65372.3,65448.67,1098.0,1000,0.0
2026-07-20 17:30:00,65448.7,65456.65,65285.22,65305.6,1112.0,1000,0.0
2026-07-20 17:45:00,65309.21,65608.81,65308.67,65531.32,1223.0,1000,0.0
2026-07-20 18:00:00,65531.31,65761.06,65505.39,65698.98,1460.0,1000,0.0
2026-07-20 18:15:00,65688.32,65723.95,65518.49,65529.98,1255.0,1000,0.0
2026-07-20 18:30:00,65530.0,65534.11,65294.4,65306.71,1239.0,1000,0.0
2026-07-20 18:45:00,65306.39,65310.85,65145.81,65198.0,1319.0,1000,0.0
2026-07-20 19:00:00,65197.99,65231.13,65042.76,65051.51,1257.0,1000,0.0
2026-07-20 19:15:00,65048.68,65151.81,65016.02,65105.63,1225.0,1000,0.0
2026-07-20 19:30:00,65101.14,65122.4,64991.42,65056.49,1157.0,1000,0.0
2026-07-20 19:45:00,65058.39,65134.24,65011.06,65098.4,1184.0,1000,0.0
2026-07-20 20:00:00,65100.25,65180.65,65006.87,65173.94,1026.0,1000,0.0
2026-07-20 20:15:00,65174.13,65281.17,65136.17,65232.86,1094.0,1000,0.0
2026-07-20 20:30:00,65231.99,65398.37,65224.88,65269.27,1061.0,1000,0.0
2026-07-20 20:45:00,65268.03,65339.39,65265.91,65327.09,940.0,1000,0.0
2026-07-20 21:00:00,65327.4,65327.4,65233.2,65267.44,931.0,1000,0.0
2026-07-20 21:15:00,65268.64,65309.62,65252.21,65260.93,861.0,1000,0.0
2026-07-20 21:30:00,65260.31,65401.91,65259.12,65317.11,926.0,1000,0.0
2026-07-20 21:45:00,65318.37,65335.53,65217.08,65241.65,983.0,1000,0.0
2026-07-20 22:00:00,65240.93,65242.79,65087.86,65162.06,1092.0,1000,0.0
2026-07-20 22:15:00,65162.06,65209.87,65103.48,65167.6,954.0,1000,0.0
2026-07-20 22:30:00,65167.59,65192.16,65040.42,65089.54,1022.0,1000,0.0
2026-07-20 22:45:00,65089.45,65110.39,65066.54,65100.87,902.0,1000,0.0
2026-07-20 23:00:00,65101.81,65191.61,65077.43,65109.46,974.0,1000,0.0
2026-07-20 23:15:00,65109.33,65220.76,65109.33,65191.78,945.0,1000,0.0
2026-07-20 23:30:00,65191.19,65217.03,65150.93,65173.59,910.0,1000,0.0
2026-07-20 23:45:00,65173.68,65233.56,65117.12,65206.12,958.0,1000,0.0
2026-07-21 00:00:00,65205.63,65208.06,65111.71,65139.94,1245.0,1000,0.0
2026-07-21 00:15:00,65140.44,65383.5,65097.96,65309.59,1254.0,1000,0.0
2026-07-21 00:30:00,65307.18,65501.36,65302.21,65447.68,1212.0,1000,0.0
2026-07-21 00:45:00,65447.19,65545.07,65432.86,65516.72,1101.0,1000,0.0
2026-07-21 01:00:00,65515.91,65618.95,65431.62,65505.76,1285.0,1000,0.0
2026-07-21 01:15:00,65503.63,65507.33,65377.92,65400.03,1104.0,1000,0.0
2026-07-21 01:30:00,65400.01,65434.63,65273.77,65292.63,1112.0,1000,0.0
2026-07-21 01:45:00,65291.1,65302.15,65187.1,65196.55,1004.0,1000,0.0
2026-07-21 02:00:00,65198.56,65369.13,65186.72,65241.33,1207.0,1000,0.0
2026-07-21 02:15:00,65240.02,65274.66,65125.01,65218.82,1153.0,1000,0.0
2026-07-21 02:30:00,65218.58,65324.47,65215.26,65308.57,1047.0,1000,0.0
2026-07-21 02:45:00,65309.32,65456.21,65257.01,65363.07,1104.0,1000,0.0
2026-07-21 03:00:00,65364.6,65490.57,65350.98,65441.0,1220.0,1000,0.0
2026-07-21 03:15:00,65440.91,65488.89,65381.75,65440.34,1068.0,1000,0.0
2026-07-21 03:30:00,65440.31,65493.91,65391.35,65475.84,1054.0,1000,0.0
2026-07-21 03:45:00,65475.88,65545.82,65395.74,65513.1,1052.0,1000,0.0
2026-07-21 04:00:00,65513.85,65696.41,65473.87,65546.2,1209.0,1000,0.0
2026-07-21 04:15:00,65545.77,65627.83,65460.69,65469.58,1034.0,1000,0.0
2026-07-21 04:30:00,65469.06,65530.01,65444.07,65491.14,1026.0,1000,0.0
2026-07-21 04:45:00,65489.83,65504.1,65429.16,65472.38,975.0,1000,0.0
2026-07-21 05:00:00,65466.59,65519.83,65436.43,65491.32,1040.0,1000,0.0
2026-07-21 05:15:00,65491.67,65609.86,65439.77,65548.09,979.0,1000,0.0
2026-07-21 05:30:00,65548.73,65642.13,65505.68,65604.68,1000.0,1000,0.0
2026-07-21 05:45:00,65604.65,65894.69,65558.87,65697.79,1522.0,1000,0.0
2026-07-21 06:00:00,65697.77,65777.45,65579.71,65683.56,1161.0,1000,0.0
2026-07-21 06:15:00,65683.55,65802.59,65605.85,65774.62,1134.0,1000,0.0
2026-07-21 06:30:00,65777.09,65944.81,65750.71,65906.59,1192.0,1000,0.0
2026-07-21 06:45:00,65906.59,65926.62,65823.93,65867.95,1051.0,1000,0.0
2026-07-21 07:00:00,65871.04,65902.93,65810.59,65879.87,1010.0,1000,0.0
2026-07-21 07:15:00,65880.44,65974.31,65841.94,65912.21,1069.0,1000,0.0
2026-07-21 07:30:00,65912.49,66106.25,65889.78,65994.19,1269.0,1000,0.0
2026-07-21 07:45:00,65994.2,66204.7,65974.24,66138.61,1329.0,1000,0.0
2026-07-21 08:00:00,66137.81,66243.91,66072.67,66233.33,1191.0,1000,0.0
2026-07-21 08:15:00,66235.8,66312.75,66147.01,66170.11,1340.0,1000,0.0
2026-07-21 08:30:00,66173.36,66310.08,66137.49,66258.38,1174.0,1000,0.0
2026-07-21 08:45:00,66258.88,66289.62,66150.86,66178.33,1092.0,1000,0.0
2026-07-21 09:00:00,66178.15,66195.51,66083.08,66163.77,1037.0,1000,0.0
2026-07-21 09:15:00,66163.77,66201.88,66136.12,66182.31,953.0,1000,0.0
2026-07-21 09:30:00,66181.88,66294.25,66169.27,66249.97,988.0,1000,0.0
2026-07-21 09:45:00,66251.01,66308.26,66214.48,66237.5,943.0,1000,0.0
2026-07-21 10:00:00,66237.47,66359.78,66217.51,66316.24,1119.0,1000,0.0
2026-07-21 10:15:00,66316.46,66370.72,66267.69,66354.55,1011.0,1000,0.0
2026-07-21 10:30:00,66354.5,66382.42,66275.22,66305.7,1022.0,1000,0.0
2026-07-21 10:45:00,66306.52,66320.74,66123.48,66143.82,1011.0,1000,0.0
2026-07-21 11:00:00,66143.83,66214.77,66099.06,66194.26,1053.0,1000,0.0
2026-07-21 11:15:00,66194.18,66214.65,66140.06,66196.04,965.0,1000,0.0
2026-07-21 11:30:00,66196.19,66307.58,66186.78,66293.57,933.0,1000,0.0
2026-07-21 11:45:00,66292.22,66318.02,66270.75,66300.67,833.0,1000,0.0
2026-07-21 12:00:00,66301.44,66415.88,66215.0,66355.13,1054.0,1000,0.0
2026-07-21 12:15:00,66356.21,66461.6,66298.02,66415.15,1147.0,1000,0.0
2026-07-21 12:30:00,66415.19,66601.4,66378.58,66474.41,1258.0,1000,0.0
2026-07-21 12:45:00,66474.42,66543.3,66434.92,66503.57,1095.0,1000,0.0
2026-07-21 13:00:00,66503.5,66597.55,66460.47,66570.61,1072.0,1000,0.0
2026-07-21 13:15:00,66570.62,66618.31,66361.99,66393.84,1117.0,1000,0.0
2026-07-21 13:30:00,66398.37,66507.4,66266.06,66315.14,1823.0,1000,0.0
2026-07-21 13:45:00,66317.68,66767.31,66281.39,66727.11,1951.0,1000,0.0
2026-07-21 14:00:00,66727.1,66918.36,66681.76,66902.45,1719.0,1000,0.0
2026-07-21 14:15:00,66902.96,66902.96,66599.8,66693.83,1565.0,1000,0.0
2026-07-21 14:30:00,66694.37,66847.12,66615.52,66809.13,1291.0,1000,0.0
2026-07-21 14:45:00,66809.15,66892.13,66763.82,66803.23,1243.0,1000,0.0
2026-07-21 15:00:00,66802.24,66802.24,66610.16,66643.59,1421.0,1000,0.0
2026-07-21 15:15:00,66646.38,66707.3,66583.66,66586.18,1209.0,1000,0.0
2026-07-21 15:30:00,66586.22,66681.09,66485.55,66590.87,1320.0,1000,0.0
2026-07-21 15:45:00,66588.86,66692.03,66554.88,66647.44,1164.0,1000,0.0
2026-07-21 16:00:00,66647.3,66738.05,66540.78,66583.33,1160.0,1000,0.0
2026-07-21 16:15:00,66582.81,66582.94,66481.54,66503.31,1076.0,1000,0.0
2026-07-21 16:30:00,66502.1,66613.29,66461.83,66532.13,1110.0,1000,0.0
2026-07-21 16:45:00,66531.1,66579.52,66423.52,66504.32,1047.0,1000,0.0
2026-07-21 17:00:00,66504.32,66539.13,66400.53,66427.86,1076.0,1000,0.0
2026-07-21 17:15:00,66427.85,66460.4,66355.39,66415.49,1016.0,1000,0.0
2026-07-21 17:30:00,66415.6,66472.55,66354.12,66468.19,1040.0,1000,0.0
2026-07-21 17:45:00,66468.2,66470.09,65946.53,66176.51,1745.0,1000,0.0
2026-07-21 18:00:00,66176.76,66300.21,66060.7,66247.9,1307.0,1000,0.0
2026-07-21 18:15:00,66247.49,66275.67,66134.07,66194.54,1101.0,1000,0.0
2026-07-21 18:30:00,66194.28,66268.86,66060.57,66239.45,1136.0,1000,0.0
2026-07-21 18:45:00,66238.9,66328.13,66225.08,66281.78,1127.0,1000,0.0
2026-07-21 19:00:00,66283.29,66344.87,66225.35,66266.81,1055.0,1000,0.0
2026-07-21 19:15:00,66266.34,66392.16,66246.93,66370.35,972.0,1000,0.0
2026-07-21 19:30:00,66370.32,66459.48,66350.86,66426.61,992.0,1000,0.0
2026-07-21 19:45:00,66426.79,66471.66,66381.77,66405.71,1055.0,1000,0.0
2026-07-21 20:00:00,66406.47,66447.25,66324.77,66387.0,1018.0,1000,0.0
2026-07-21 20:15:00,66381.65,66381.65,66322.98,66355.37,910.0,1000,0.0
2026-07-21 20:30:00,66355.36,66466.66,66353.24,66423.21,943.0,1000,0.0
2026-07-21 20:45:00,66422.77,66434.17,66360.24,66365.81,891.0,1000,0.0
2026-07-21 21:00:00,66365.11,66380.86,66261.42,66356.16,966.0,1000,0.0
2026-07-21 21:15:00,66356.15,66361.99,66279.27,66283.73,860.0,1000,0.0
2026-07-21 21:30:00,66283.33,66323.5,66250.7,66293.33,884.0,1000,0.0
2026-07-21 21:45:00,66293.38,66360.46,66293.38,66340.8,1087.0,1000,0.0
2026-07-21 22:00:00,66340.8,66344.53,66263.27,66270.3,1066.0,1000,0.0
2026-07-21 22:15:00,66270.84,66287.72,66157.85,66244.33,978.0,1000,0.0
2026-07-21 22:30:00,66244.29,66303.83,66221.31,66267.88,980.0,1000,0.0
2026-07-21 22:45:00,66267.33,66276.4,66197.56,66259.44,948.0,1000,0.0
2026-07-21 23:00:00,66258.19,66258.36,66187.16,66234.22,1001.0,1000,0.0
2026-07-21 23:15:00,66235.12,66361.75,66231.28,66358.35,952.0,1000,0.0
2026-07-21 23:30:00,66357.43,66419.22,66335.46,66385.42,951.0,1000,0.0
2026-07-21 23:45:00,66387.98,66538.22,66379.81,66512.8,1052.0,1000,0.0
2026-07-22 00:00:00,66512.58,66654.93,66488.02,66639.7,1167.0,1000,0.0
2026-07-22 00:15:00,66640.25,66688.86,66542.5,66623.19,1179.0,1000,0.0
2026-07-22 00:30:00,66621.96,66703.41,66584.2,66668.43,1019.0,1000,0.0
2026-07-22 00:45:00,66670.1,66698.02,66567.28,66579.82,1153.0,1000,0.0
2026-07-22 01:00:00,66579.03,66625.06,66439.35,66457.68,1054.0,1000,0.0
2026-07-22 01:15:00,66457.69,66464.79,66281.94,66314.57,1084.0,1000,0.0
2026-07-22 01:30:00,66314.33,66385.92,66238.68,66326.4,1042.0,1000,0.0
2026-07-22 01:45:00,66328.24,66465.24,66310.54,66388.74,1120.0,1000,0.0
2026-07-22 02:00:00,66388.19,66447.73,66320.74,66424.58,1135.0,1000,0.0
2026-07-22 02:15:00,66423.76,66494.04,66357.84,66358.72,1103.0,1000,0.0
2026-07-22 02:30:00,66355.58,66362.17,66249.5,66331.25,1061.0,1000,0.0
2026-07-22 02:45:00,66331.23,66346.32,66248.0,66268.6,967.0,1000,0.0
2026-07-22 03:00:00,66268.17,66333.19,66125.53,66146.14,1168.0,1000,0.0
2026-07-22 03:15:00,66146.91,66272.29,66137.5,66235.77,982.0,1000,0.0
2026-07-22 03:30:00,66234.88,66270.7,66162.97,66236.89,1024.0,1000,0.0
2026-07-22 03:45:00,66235.6,66317.54,66126.29,66157.54,1013.0,1000,0.0
2026-07-22 04:00:00,66155.17,66308.14,66141.25,66297.76,954.0,1000,0.0
2026-07-22 04:15:00,66297.15,66355.93,66284.45,66318.36,982.0,1000,0.0
2026-07-22 04:30:00,66317.99,66383.17,66266.52,66369.04,1014.0,1000,0.0
2026-07-22 04:45:00,66370.07,66375.88,66288.09,66329.76,918.0,1000,0.0
2026-07-22 05:00:00,66331.24,66334.76,66195.95,66227.45,989.0,1000,0.0
2026-07-22 05:15:00,66227.45,66233.85,65995.36,66026.04,1219.0,1000,0.0
2026-07-22 05:30:00,66026.03,66085.99,65922.39,65937.28,1094.0,1000,0.0
2026-07-22 05:45:00,65929.0,65987.11,65885.79,65932.16,1102.0,1000,0.0
2026-07-22 06:00:00,65932.15,65978.53,65830.32,65942.68,1160.0,1000,0.0
2026-07-22 06:15:00,65942.71,65942.71,65784.52,65813.85,1220.0,1000,0.0
2026-07-22 06:30:00,65813.46,65952.49,65778.02,65909.77,1090.0,1000,0.0
2026-07-22 06:45:00,65909.71,65921.59,65849.31,65886.68,991.0,1000,0.0
2026-07-22 07:00:00,65890.18,65928.43,65842.03,65865.53,1037.0,1000,0.0
2026-07-22 07:15:00,65865.53,65899.99,65779.79,65861.45,1019.0,1000,0.0
2026-07-22 07:30:00,65862.54,65873.86,65644.19,65741.67,1083.0,1000,0.0
2026-07-22 07:45:00,65741.76,65813.81,65728.61,65793.2,991.0,1000,0.0
2026-07-22 08:00:00,65792.64,66033.63,65792.64,65979.58,1210.0,1000,0.0
2026-07-22 08:15:00,65979.71,66119.7,65947.02,65958.94,1056.0,1000,0.0
2026-07-22 08:30:00,65964.76,66024.9,65877.96,65881.85,981.0,1000,0.0
2026-07-22 08:45:00,65887.85,65951.05,65887.85,65937.37,936.0,1000,0.0
2026-07-22 09:00:00,65937.36,66028.04,65911.71,65965.9,1032.0,1000,0.0
2026-07-22 09:15:00,65964.02,66034.38,65934.05,65973.97,945.0,1000,0.0
2026-07-22 09:30:00,65975.58,65975.58,65800.83,65834.07,962.0,1000,0.0
2026-07-22 09:45:00,65836.15,65905.26,65791.88,65876.62,916.0,1000,0.0
2026-07-22 10:00:00,65879.18,65907.95,65841.8,65873.61,968.0,1000,0.0
2026-07-22 10:15:00,65872.46,65931.44,65857.13,65915.89,944.0,1000,0.0
2026-07-22 10:30:00,65915.99,65959.88,65895.65,65947.14,902.0,1000,0.0
2026-07-22 10:45:00,65947.14,66073.12,65941.92,66006.35,1019.0,1000,0.0
2026-07-22 11:00:00,66005.6,66040.63,65967.94,65968.97,958.0,1000,0.0
2026-07-22 11:15:00,65968.19,66042.71,65928.75,66002.75,914.0,1000,0.0
2026-07-22 11:30:00,66002.6,66024.77,65854.37,65863.26,1011.0,1000,0.0
2026-07-22 11:45:00,65862.64,66009.43,65856.64,65973.07,975.0,1000,0.0
2026-07-22 12:00:00,65970.67,65973.04,65820.55,65865.6,953.0,1000,0.0
2026-07-22 12:15:00,65865.59,65889.71,65790.91,65842.57,963.0,1000,0.0
2026-07-22 12:30:00,65842.58,65865.76,65720.93,65729.44,1057.0,1000,0.0
2026-07-22 12:45:00,65730.11,65778.44,65489.26,65581.27,1332.0,1000,0.0
2026-07-22 13:00:00,65585.06,65639.08,65527.2,65601.55,981.0,1000,0.0
2026-07-22 13:15:00,65600.41,65606.71,65515.11,65570.98,1012.0,1000,0.0
2026-07-22 13:30:00,65570.96,65875.63,65546.93,65842.3,1807.0,1000,0.0
2026-07-22 13:45:00,65843.33,65933.98,65757.17,65912.14,1622.0,1000,0.0
2026-07-22 14:00:00,65910.66,66167.65,65849.03,65865.51,1795.0,1000,0.0
2026-07-22 14:15:00,65862.63,65862.63,65544.97,65578.14,1854.0,1000,0.0
2026-07-22 14:30:00,65578.68,65831.86,65541.28,65626.33,1617.0,1000,0.0
2026-07-22 14:45:00,65621.7,65763.86,65601.67,65756.8,1361.0,1000,0.0
2026-07-22 15:00:00,65755.86,65941.31,65755.86,65894.29,1451.0,1000,0.0
2026-07-22 15:15:00,65895.3,66097.78,65847.13,66040.73,1673.0,1000,0.0
2026-07-22 15:30:00,66041.93,66084.24,65915.6,65980.37,1474.0,1000,0.0
2026-07-22 15:45:00,65980.35,66042.62,65900.34,66011.96,1265.0,1000,0.0
2026-07-22 16:00:00,66003.98,66126.17,65961.57,66087.05,1285.0,1000,0.0
2026-07-22 16:15:00,66086.24,66086.57,65879.3,65986.0,1310.0,1000,0.0
2026-07-22 16:30:00,65985.27,66367.56,65975.3,66264.12,1592.0,1000,0.0
2026-07-22 16:45:00,66263.31,66266.87,66118.41,66198.44,1148.0,1000,0.0
2026-07-22 17:00:00,66199.78,66253.92,66132.37,66133.38,1158.0,1000,0.0
2026-07-22 17:15:00,66133.93,66143.61,65903.02,65955.79,1227.0,1000,0.0
2026-07-22 17:30:00,65956.42,66153.3,65945.1,66143.63,1094.0,1000,0.0
2026-07-22 17:45:00,66143.39,66211.2,65974.91,65992.74,1182.0,1000,0.0
2026-07-22 18:00:00,65992.12,66050.04,65937.42,65951.33,1147.0,1000,0.0
2026-07-22 18:15:00,65951.61,66020.94,65802.35,65859.16,1209.0,1000,0.0
2026-07-22 18:30:00,65859.44,65859.44,65694.44,65744.43,1269.0,1000,0.0
2026-07-22 18:45:00,65744.43,65893.82,65729.19,65850.92,1037.0,1000,0.0
2026-07-22 19:00:00,65850.61,65889.09,65647.25,65730.23,1112.0,1000,0.0
2026-07-22 19:15:00,65729.59,65895.0,65703.9,65856.23,1047.0,1000,0.0
2026-07-22 19:30:00,65854.86,65915.29,65823.51,65824.25,1005.0,1000,0.0
2026-07-22 19:45:00,65823.06,65924.97,65805.67,65888.94,1137.0,1000,0.0
2026-07-22 20:00:00,65879.11,65923.75,65746.13,65892.97,1466.0,1000,0.0
2026-07-22 20:15:00,65889.97,65953.45,65851.85,65893.18,1036.0,1000,0.0
2026-07-22 20:30:00,65893.1,65915.85,65860.49,65912.5,918.0,1000,0.0
2026-07-22 20:45:00,65912.76,65912.9,65857.2,65889.43,914.0,1000,0.0
2026-07-22 21:00:00,65890.01,65907.64,65867.94,65895.37,872.0,1000,0.0
2026-07-22 21:15:00,65895.22,65912.75,65849.08,65872.87,847.0,1000,0.0
2026-07-22 21:30:00,65872.87,66104.67,65869.72,66079.72,1036.0,1000,0.0
2026-07-22 21:45:00,66079.73,66100.42,65995.2,66038.66,1007.0,1000,0.0
2026-07-22 22:00:00,66040.7,66048.53,65927.79,65974.15,1109.0,1000,0.0
2026-07-22 22:15:00,65974.71,66000.28,65893.71,65995.04,971.0,1000,0.0
2026-07-22 22:30:00,65995.15,65995.15,65894.41,65925.77,943.0,1000,0.0
2026-07-22 22:45:00,65925.76,66021.21,65910.3,66015.47,927.0,1000,0.0
2026-07-22 23:00:00,66013.94,66052.11,65822.03,65862.38,1035.0,1000,0.0
2026-07-22 23:15:00,65862.39,65965.51,65803.83,65932.28,1076.0,1000,0.0
2026-07-22 23:30:00,65932.66,65963.1,65910.99,65955.19,967.0,1000,0.0
2026-07-22 23:45:00,65955.62,66117.48,65939.79,66076.33,928.0,1000,0.0
2026-07-23 00:00:00,66076.54,66227.92,66031.01,66157.01,1108.0,1000,0.0
2026-07-23 00:15:00,66156.72,66280.76,66121.3,66217.18,1082.0,1000,0.0
2026-07-23 00:30:00,66217.19,66238.47,66107.59,66111.26,1052.0,1000,0.0
2026-07-23 00:45:00,66110.24,66168.66,66013.67,66020.41,1113.0,1000,0.0
2026-07-23 01:00:00,66019.0,66178.16,65982.68,66015.27,1153.0,1000,0.0
2026-07-23 01:15:00,66013.88,66014.95,65855.94,65891.67,1089.0,1000,0.0
2026-07-23 01:30:00,65892.06,65914.31,65717.61,65752.97,1210.0,1000,0.0
2026-07-23 01:45:00,65748.25,65836.5,65742.08,65789.32,980.0,1000,0.0
2026-07-23 02:00:00,65789.34,65811.97,65701.49,65713.85,1129.0,1000,0.0
2026-07-23 02:15:00,65705.42,65741.13,65609.44,65707.88,1110.0,1000,0.0
2026-07-23 02:30:00,65706.75,65796.04,65688.46,65748.59,980.0,1000,0.0
2026-07-23 02:45:00,65749.64,65803.95,65713.66,65779.89,1005.0,1000,0.0
2026-07-23 03:00:00,65779.98,65789.27,65554.61,65605.34,1154.0,1000,0.0
2026-07-23 03:15:00,65605.33,65656.6,65541.44,65602.18,1041.0,1000,0.0
2026-07-23 03:30:00,65603.07,65669.51,65582.08,65653.77,977.0,1000,0.0
2026-07-23 03:45:00,65653.51,65659.05,65602.52,65624.91,918.0,1000,0.0
2026-07-23 04:00:00,65625.18,65639.14,65551.76,65631.87,1035.0,1000,0.0
2026-07-23 04:15:00,65637.11,65699.62,65593.94,65657.03,974.0,1000,0.0
2026-07-23 04:30:00,65657.61,65663.65,65572.17,65593.39,925.0,1000,0.0
2026-07-23 04:45:00,65593.14,65637.56,65548.92,65573.57,914.0,1000,0.0
2026-07-23 05:00:00,65574.23,65605.98,65525.85,65604.21,948.0,1000,0.0
2026-07-23 05:15:00,65603.76,65687.91,65559.55,65687.91,942.0,1000,0.0
2026-07-23 05:30:00,65688.87,65753.94,65663.95,65700.77,924.0,1000,0.0
2026-07-23 05:45:00,65702.44,65732.37,65606.67,65653.69,926.0,1000,0.0
2026-07-23 06:00:00,65653.61,65685.6,65590.55,65632.8,969.0,1000,0.0
2026-07-23 06:15:00,65633.25,65714.81,65584.8,65713.37,990.0,1000,0.0
2026-07-23 06:30:00,65714.1,65747.84,65670.74,65731.06,924.0,1000,0.0
2026-07-23 06:45:00,65731.43,65792.24,65726.59,65756.47,876.0,1000,0.0
2026-07-23 07:00:00,65754.71,65758.01,65305.52,65421.0,1429.0,1000,0.0
2026-07-23 07:15:00,65417.41,65449.91,65357.62,65404.75,1169.0,1000,0.0
2026-07-23 07:30:00,65403.59,65425.72,65337.89,65358.34,1016.0,1000,0.0
2026-07-23 07:45:00,65358.11,65420.08,65323.08,65398.57,1007.0,1000,0.0
2026-07-23 08:00:00,65399.46,65519.37,65370.3,65496.13,999.0,1000,0.0
2026-07-23 08:15:00,65494.91,65559.36,65462.76,65548.92,950.0,1000,0.0
2026-07-23 08:30:00,65547.36,65623.26,65542.95,65589.1,955.0,1000,0.0
2026-07-23 08:45:00,65589.09,65628.9,65551.83,65594.89,923.0,1000,0.0
2026-07-23 09:00:00,65595.7,65698.36,65560.17,65627.59,1047.0,1000,0.0
2026-07-23 09:15:00,65627.62,65718.93,65627.62,65675.02,909.0,1000,0.0
2026-07-23 09:30:00,65674.99,65701.8,65638.37,65684.07,854.0,1000,0.0
2026-07-23 09:45:00,65684.04,65694.72,65583.63,65605.41,928.0,1000,0.0
2026-07-23 10:00:00,65601.09,65684.79,65546.1,65681.12,1024.0,1000,0.0
2026-07-23 10:15:00,65683.51,65732.56,65635.47,65731.02,932.0,1000,0.0
2026-07-23 10:30:00,65730.5,65751.95,65702.63,65744.37,908.0,1000,0.0
2026-07-23 10:45:00,65744.36,65755.18,65681.95,65709.59,877.0,1000,0.0
2026-07-23 11:00:00,65708.64,65710.11,65620.93,65678.27,922.0,1000,0.0
2026-07-23 11:15:00,65677.87,65686.75,65582.62,65591.91,895.0,1000,0.0
2026-07-23 11:30:00,65591.53,65614.13,65512.34,65524.56,977.0,1000,0.0
2026-07-23 11:45:00,65526.01,65597.58,65500.67,65526.11,908.0,1000,0.0
2026-07-23 12:00:00,65524.56,65556.45,65431.68,65470.75,1062.0,1000,0.0
2026-07-23 12:15:00,65470.55,65487.81,65350.99,65388.76,1147.0,1000,0.0
2026-07-23 12:30:00,65384.21,65391.78,65051.54,65078.42,1419.0,1000,0.0
2026-07-23 12:45:00,65078.41,65224.32,64936.02,65127.41,1451.0,1000,0.0
2026-07-23 13:00:00,65127.38,65190.13,64962.99,64999.03,1380.0,1000,0.0
2026-07-23 13:15:00,64998.76,65065.02,64903.99,64981.98,1257.0,1000,0.0
2026-07-23 13:30:00,64983.34,65157.25,64915.26,65045.71,2257.0,1000,0.0
2026-07-23 13:45:00,65047.49,65105.42,64812.67,64837.6,1901.0,1000,0.0
2026-07-23 14:00:00,64836.82,65033.8,64768.95,65007.83,1541.0,1000,0.0
2026-07-23 14:15:00,65007.85,65171.24,64962.94,65105.46,1439.0,1000,0.0
2026-07-23 14:30:00,65097.27,65161.82,64976.76,64976.76,1288.0,1000,0.0
2026-07-23 14:45:00,64977.11,64980.62,64794.49,64860.46,1249.0,1000,0.0
2026-07-23 15:00:00,64855.87,64878.76,64666.77,64719.84,1480.0,1000,0.0
2026-07-23 15:15:00,64715.87,64912.77,64707.63,64815.84,1364.0,1000,0.0
2026-07-23 15:30:00,64815.3,64935.54,64761.75,64851.73,1230.0,1000,0.0
2026-07-23 15:45:00,64851.3,64977.32,64807.09,64913.01,1124.0,1000,0.0
2026-07-23 16:00:00,64913.94,64913.94,64738.8,64810.79,1087.0,1000,0.0
2026-07-23 16:15:00,64812.87,64831.88,64690.42,64761.94,1046.0,1000,0.0
2026-07-23 16:30:00,64762.02,64762.02,64643.26,64684.64,1104.0,1000,0.0
2026-07-23 16:45:00,64684.78,64769.54,64663.49,64690.74,1004.0,1000,0.0
2026-07-23 17:00:00,64690.02,64755.99,64657.51,64710.48,1131.0,1000,0.0
2026-07-23 17:15:00,64708.94,64810.01,64680.2,64783.38,1137.0,1000,0.0
2026-07-23 17:30:00,64783.38,64835.62,64730.43,64769.17,1036.0,1000,0.0
2026-07-23 17:45:00,64768.74,64815.45,64592.13,64615.8,1092.0,1000,0.0
2026-07-23 18:00:00,64615.78,64713.37,64611.1,64671.83,1077.0,1000,0.0
2026-07-23 18:15:00,64671.71,64759.57,64635.59,64751.32,1092.0,1000,0.0
2026-07-23 18:30:00,64751.93,64810.61,64710.87,64751.38,1004.0,1000,0.0
2026-07-23 18:45:00,64752.73,64890.63,64752.73,64808.46,966.0,1000,0.0
2026-07-23 19:00:00,64808.6,64875.08,64693.99,64751.26,1011.0,1000,0.0
2026-07-23 19:15:00,64749.99,64839.83,64719.86,64834.83,981.0,1000,0.0
2026-07-23 19:30:00,64833.7,64866.85,64666.27,64690.95,1050.0,1000,0.0
2026-07-23 19:45:00,64691.03,64812.43,64628.67,64779.86,1219.0,1000,0.0
2026-07-23 20:00:00,64777.15,65003.7,64767.33,64983.33,1057.0,1000,0.0
2026-07-23 20:15:00,64983.31,65139.09,64980.48,65111.9,973.0,1000,0.0
2026-07-23 20:30:00,65111.23,65124.68,65050.16,65078.84,902.0,1000,0.0
2026-07-23 20:45:00,65078.5,65119.23,65048.65,65090.63,810.0,1000,0.0
2026-07-23 21:00:00,65090.61,65160.75,64953.64,65001.26,950.0,1000,0.0
2026-07-23 21:15:00,65001.25,65089.94,64951.79,65061.85,863.0,1000,0.0
2026-07-23 21:30:00,65061.86,65070.84,65005.8,65045.82,965.0,1000,0.0
2026-07-23 21:45:00,65045.33,65114.12,65044.52,65112.02,1088.0,1000,0.0
2026-07-23 22:00:00,65112.71,65169.52,65023.03,65041.68,1043.0,1000,0.0
2026-07-23 22:15:00,65041.68,65146.81,64959.9,65089.82,1037.0,1000,0.0
2026-07-23 22:30:00,65089.15,65174.81,65085.81,65153.5,929.0,1000,0.0
2026-07-23 22:45:00,65154.04,65156.01,65082.3,65135.85,876.0,1000,0.0
2026-07-23 23:00:00,65135.86,65164.02,65095.51,65129.5,965.0,1000,0.0
2026-07-23 23:15:00,65129.4,65168.09,65089.08,65123.61,870.0,1000,0.0
2026-07-23 23:30:00,65123.58,65157.82,65091.36,65116.91,902.0,1000,0.0
2026-07-23 23:45:00,65116.42,65133.98,64993.31,65042.09,925.0,1000,0.0
2026-07-24 00:00:00,65048.64,65064.11,64835.2,64882.66,1106.0,1000,0.0
2026-07-24 00:15:00,64882.66,64938.58,64819.84,64833.92,973.0,1000,0.0
2026-07-24 00:30:00,64834.37,64869.15,64702.4,64794.39,1209.0,1000,0.0
2026-07-24 00:45:00,64793.84,64926.17,64793.34,64924.62,1009.0,1000,0.0
2026-07-24 01:00:00,64924.35,65078.46,64882.35,64987.29,1131.0,1000,0.0
2026-07-24 01:15:00,64985.75,65071.89,64936.57,64974.93,1072.0,1000,0.0
2026-07-24 01:30:00,64976.63,65122.55,64970.21,65049.73,1118.0,1000,0.0
2026-07-24 01:45:00,65049.37,65080.69,65002.15,65022.38,1045.0,1000,0.0
2026-07-24 02:00:00,65022.69,65134.17,65001.11,65108.59,1015.0,1000,0.0
2026-07-24 02:15:00,65108.61,65120.22,65025.15,65101.71,983.0,1000,0.0
2026-07-24 02:30:00,65099.45,65102.97,64865.55,64997.37,1100.0,1000,0.0
2026-07-24 02:45:00,64997.36,65067.08,64876.31,65062.0,1143.0,1000,0.0
2026-07-24 03:00:00,65062.38,65265.68,65014.47,65262.14,1084.0,1000,0.0
2026-07-24 03:15:00,65262.54,65346.24,65242.35,65270.37,1187.0,1000,0.0
2026-07-24 03:30:00,65269.02,65369.01,65222.22,65350.22,1053.0,1000,0.0
2026-07-24 03:45:00,65348.8,65409.51,65326.15,65398.78,968.0,1000,0.0
2026-07-24 04:00:00,65398.8,65419.55,65334.64,65340.56,986.0,1000,0.0
2026-07-24 04:15:00,65340.28,65394.8,65276.8,65358.05,999.0,1000,0.0
2026-07-24 04:30:00,65358.21,65363.16,65244.62,65284.12,949.0,1000,0.0
2026-07-24 04:45:00,65283.63,65306.25,65207.8,65257.0,909.0,1000,0.0
2026-07-24 05:00:00,65256.75,65341.59,65185.99,65292.22,998.0,1000,0.0
2026-07-24 05:15:00,65292.39,65322.99,65272.73,65281.96,916.0,1000,0.0
2026-07-24 05:30:00,65281.66,65282.26,65205.47,65243.77,883.0,1000,0.0
2026-07-24 05:45:00,65245.67,65282.37,65223.81,65253.14,880.0,1000,0.0
2026-07-24 06:00:00,65255.14,65334.32,65220.57,65328.06,921.0,1000,0.0
2026-07-24 06:15:00,65332.44,65456.17,65301.54,65398.73,1043.0,1000,0.0
2026-07-24 06:30:00,65398.86,65467.53,65334.32,65408.29,996.0,1000,0.0
2026-07-24 06:45:00,65407.27,65428.04,65369.24,65420.81,912.0,1000,0.0
2026-07-24 07:00:00,65420.94,65720.77,65412.49,65718.48,1220.0,1000,0.0
2026-07-24 07:15:00,65721.73,65760.78,65569.86,65591.38,1209.0,1000,0.0
2026-07-24 07:30:00,65591.39,65651.28,65314.46,65328.14,1099.0,1000,0.0
2026-07-24 07:45:00,65328.12,65460.76,65311.95,65454.31,912.0,1000,0.0
2026-07-24 08:00:00,65452.54,65460.82,65369.58,65389.53,968.0,1000,0.0
2026-07-24 08:15:00,65388.55,65434.33,65257.05,65346.7,999.0,1000,0.0
2026-07-24 08:30:00,65346.69,65407.02,65335.06,65399.17,903.0,1000,0.0
2026-07-24 08:45:00,65399.81,65404.24,65250.19,65251.2,874.0,1000,0.0
2026-07-24 09:00:00,65250.15,65274.52,64992.02,64994.4,1145.0,1000,0.0
2026-07-24 09:15:00,64994.42,65030.05,64894.22,64920.24,1114.0,1000,0.0
2026-07-24 09:30:00,64917.05,65051.75,64909.44,65024.37,1038.0,1000,0.0
2026-07-24 09:45:00,65025.44,65087.27,65018.27,65067.25,931.0,1000,0.0
2026-07-24 10:00:00,65067.83,65106.35,64939.69,64945.8,1016.0,1000,0.0
2026-07-24 10:15:00,64943.96,64985.8,64909.43,64967.48,971.0,1000,0.0
2026-07-24 10:30:00,64968.39,65012.0,64940.5,64965.74,909.0,1000,0.0
2026-07-24 10:45:00,64966.03,64991.69,64851.24,64902.58,960.0,1000,0.0
2026-07-24 11:00:00,64902.24,64977.6,64860.26,64943.88,1029.0,1000,0.0
2026-07-24 11:15:00,64943.04,65018.2,64942.44,64981.16,953.0,1000,0.0
2026-07-24 11:30:00,64982.59,65006.83,64883.93,64895.86,1066.0,1000,0.0
2026-07-24 11:45:00,64896.63,65058.04,64799.25,65026.39,1171.0,1000,0.0
2026-07-24 12:00:00,65026.39,65052.45,64931.93,65021.57,1104.0,1000,0.0
2026-07-24 12:15:00,65020.76,65087.16,64960.55,64968.21,1099.0,1000,0.0
2026-07-24 12:30:00,64968.21,65007.11,64867.6,64869.43,1022.0,1000,0.0
2026-07-24 12:45:00,64868.92,64908.26,64686.37,64714.46,1172.0,1000,0.0
2026-07-24 13:00:00,64711.06,64749.05,64297.43,64313.0,2008.0,1000,0.0
2026-07-24 13:15:00,64313.0,64482.55,64291.86,64325.34,1335.0,1000,0.0
2026-07-24 13:30:00,64325.33,64360.48,64150.87,64347.41,1652.0,1000,0.0
2026-07-24 13:45:00,64342.36,64382.83,63849.66,64094.75,2029.0,1000,0.0
2026-07-24 14:00:00,64096.91,64135.44,63903.63,63913.54,1956.0,1000,0.0
2026-07-24 14:15:00,63913.79,63940.37,63644.73,63788.62,1965.0,1000,0.0
2026-07-24 14:30:00,63789.16,63816.6,63712.85,63761.07,1593.0,1000,0.0
2026-07-24 14:45:00,63760.77,63999.41,63665.15,63987.97,1536.0,1000,0.0
2026-07-24 15:00:00,63983.87,64077.18,63781.01,64063.05,1687.0,1000,0.0
2026-07-24 15:15:00,64062.03,64128.38,63895.5,64060.23,1605.0,1000,0.0
2026-07-24 15:30:00,64061.0,64260.6,63983.39,64095.4,1762.0,1000,0.0
2026-07-24 15:45:00,64090.61,64144.98,63960.57,64023.25,1384.0,1000,0.0
2026-07-24 16:00:00,64018.79,64136.81,63938.13,64080.84,1202.0,1000,0.0
2026-07-24 16:15:00,64079.29,64108.77,64010.98,64026.52,1080.0,1000,0.0
2026-07-24 16:30:00,64026.52,64026.52,63865.76,63871.13,1240.0,1000,0.0
2026-07-24 16:45:00,63869.71,63942.9,63810.27,63887.83,1025.0,1000,0.0
2026-07-24 17:00:00,63887.86,63949.85,63837.46,63892.38,1182.0,1000,0.0
2026-07-24 17:15:00,63888.53,64083.2,63876.24,64033.09,1062.0,1000,0.0
2026-07-24 17:30:00,64027.18,64128.94,64019.22,64102.84,985.0,1000,0.0
2026-07-24 17:45:00,64101.86,64138.2,64059.98,64115.83,988.0,1000,0.0
2026-07-24 18:00:00,64116.99,64144.75,64087.41,64144.63,958.0,1000,0.0
2026-07-24 18:15:00,64144.45,64156.97,64059.27,64080.58,962.0,1000,0.0
2026-07-24 18:30:00,64080.67,64123.08,64065.13,64110.4,973.0,1000,0.0
2026-07-24 18:45:00,64109.03,64232.42,64097.03,64212.42,964.0,1000,0.0
2026-07-24 19:00:00,64209.79,64237.62,64072.3,64081.54,1082.0,1000,0.0
2026-07-24 19:15:00,64079.49,64157.79,64077.03,64134.16,954.0,1000,0.0
2026-07-24 19:30:00,64133.52,64210.79,64127.13,64193.31,1007.0,1000,0.0
2026-07-24 19:45:00,64193.28,64205.28,64107.16,64163.25,1016.0,1000,0.0
2026-07-24 20:00:00,64163.12,64227.8,64125.78,64141.75,910.0,1000,0.0
2026-07-24 20:15:00,64141.47,64200.7,64124.1,64172.03,885.0,1000,0.0
2026-07-24 20:30:00,64172.85,64173.98,64065.72,64113.21,878.0,1000,0.0
2026-07-24 20:45:00,64112.65,64135.81,64070.35,64105.52,872.0,1000,0.0
2026-07-24 21:00:00,64107.28,64157.6,64072.31,64091.13,931.0,1000,0.0
2026-07-24 21:15:00,64089.8,64121.75,64079.73,64109.03,825.0,1000,0.0
2026-07-24 21:30:00,64109.07,64142.13,64068.96,64103.32,1039.0,1000,0.0
2026-07-24 21:45:00,64095.89,64124.06,64065.72,64082.97,948.0,1000,0.0
2026-07-24 22:00:00,64080.53,64107.2,64063.08,64091.1,846.0,1000,0.0
2026-07-24 22:15:00,64091.78,64113.26,64077.46,64102.03,838.0,1000,0.0
2026-07-24 22:30:00,64102.03,64152.96,64101.18,64118.28,858.0,1000,0.0
2026-07-24 22:45:00,64118.3,64131.03,64092.07,64099.96,825.0,1000,0.0
2026-07-24 23:00:00,64099.66,64117.91,64080.16,64093.04,821.0,1000,0.0
2026-07-24 23:15:00,64091.4,64110.76,64072.31,64108.71,830.0,1000,0.0
2026-07-24 23:30:00,64107.7,64116.8,64065.47,64107.82,841.0,1000,0.0
2026-07-24 23:45:00,64107.81,64109.9,64072.05,64084.28,804.0,1000,0.0
2026-07-25 00:00:00,64084.26,64119.39,64071.76,64076.34,849.0,1000,0.0
2026-07-25 00:15:00,64076.62,64103.26,64073.36,64095.47,796.0,1000,0.0
2026-07-25 00:30:00,64094.19,64106.82,64025.61,64041.1,873.0,1000,0.0
2026-07-25 00:45:00,64037.79,64042.38,63959.39,64006.03,875.0,1000,0.0
2026-07-25 01:00:00,64006.92,64097.64,63941.95,63958.15,910.0,1000,0.0
2026-07-25 01:15:00,63958.13,64012.92,63938.37,63980.89,877.0,1000,0.0
2026-07-25 01:30:00,63980.33,64061.43,63962.58,64055.51,888.0,1000,0.0
2026-07-25 01:45:00,64055.51,64079.98,63997.7,64009.86,876.0,1000,0.0
2026-07-25 02:00:00,64009.01,64039.29,63997.3,64016.24,865.0,1000,0.0
2026-07-25 02:15:00,64014.99,64014.99,63962.61,63996.75,845.0,1000,0.0
2026-07-25 02:30:00,63994.63,64002.6,63955.29,63984.19,787.0,1000,0.0
2026-07-25 02:45:00,63984.24,64000.12,63946.48,63978.65,842.0,1000,0.0
2026-07-25 03:00:00,63977.83,64018.6,63953.12,63978.62,858.0,1000,0.0
2026-07-25 03:15:00,63979.21,64038.35,63975.34,64015.54,835.0,1000,0.0
2026-07-25 03:30:00,64017.63,64037.65,63996.07,64031.18,826.0,1000,0.0
2026-07-25 03:45:00,64031.07,64034.0,63981.88,64015.58,806.0,1000,0.0
2026-07-25 04:00:00,64016.57,64062.44,64011.95,64059.03,786.0,1000,0.0
2026-07-25 04:15:00,64059.28,64072.42,64033.78,64040.59,821.0,1000,0.0
2026-07-25 04:30:00,64040.77,64126.61,64019.73,64113.45,825.0,1000,0.0
2026-07-25 04:45:00,64113.41,64144.04,64082.52,64117.09,860.0,1000,0.0
2026-07-25 05:00:00,64111.53,64136.24,64083.3,64090.13,823.0,1000,0.0
2026-07-25 05:15:00,64091.62,64097.06,64075.86,64085.59,815.0,1000,0.0
2026-07-25 05:30:00,64083.88,64089.27,63948.88,63975.9,796.0,1000,0.0
2026-07-25 05:45:00,63975.89,63978.89,63910.11,63957.92,796.0,1000,0.0
2026-07-25 06:00:00,63955.78,63995.18,63949.6,63991.22,798.0,1000,0.0
2026-07-25 06:15:00,63991.8,64002.43,63924.38,63948.17,888.0,1000,0.0
2026-07-25 06:30:00,63948.32,63967.01,63896.34,63925.95,883.0,1000,0.0
2026-07-25 06:45:00,63926.33,63950.43,63894.13,63943.72,836.0,1000,0.0
2026-07-25 07:00:00,63943.72,63967.19,63932.55,63952.65,825.0,1000,0.0
2026-07-25 07:15:00,63954.47,63977.22,63927.66,63951.23,853.0,1000,0.0
2026-07-25 07:30:00,63951.21,63974.52,63932.55,63969.53,845.0,1000,0.0
2026-07-25 07:45:00,63970.18,63974.64,63939.18,63940.67,851.0,1000,0.0
2026-07-25 08:00:00,63940.68,63944.38,63861.79,63898.62,870.0,1000,0.0
2026-07-25 08:15:00,63898.57,63938.95,63898.57,63932.81,828.0,1000,0.0
2026-07-25 08:30:00,63931.87,63944.66,63882.35,63895.23,839.0,1000,0.0
2026-07-25 08:45:00,63889.03,63897.64,63725.55,63809.17,1037.0,1000,0.0
2026-07-25 09:00:00,63813.42,63851.03,63761.6,63805.52,893.0,1000,0.0
2026-07-25 09:15:00,63806.27,63876.73,63802.84,63868.38,869.0,1000,0.0
2026-07-25 09:30:00,63868.38,63894.73,63849.79,63874.54,793.0,1000,0.0
2026-07-25 09:45:00,63876.32,63963.93,63871.35,63946.41,865.0,1000,0.0
2026-07-25 10:00:00,63941.5,63977.77,63935.29,63971.11,809.0,1000,0.0
2026-07-25 10:15:00,63971.25,63978.61,63952.37,63964.68,760.0,1000,0.0
2026-07-25 10:30:00,63965.09,63969.03,63919.4,63950.06,852.0,1000,0.0
2026-07-25 10:45:00,63950.05,64002.44,63938.44,63993.42,829.0,1000,0.0
2026-07-25 11:00:00,63993.41,64026.8,63969.69,64003.18,885.0,1000,0.0
2026-07-25 11:15:00,64003.07,64016.7,63987.29,64010.45,825.0,1000,0.0
2026-07-25 11:30:00,64014.75,64049.01,63974.98,63991.84,840.0,1000,0.0
2026-07-25 11:45:00,63992.94,64010.63,63984.7,63993.3,826.0,1000,0.0
2026-07-25 12:00:00,63993.56,64018.34,63969.71,63996.04,830.0,1000,0.0
2026-07-25 12:15:00,63996.01,64007.23,63967.99,63982.05,850.0,1000,0.0
2026-07-25 12:30:00,63980.46,64036.55,63970.02,64030.79,854.0,1000,0.0
2026-07-25 12:45:00,64030.79,64055.8,64021.52,64047.57,829.0,1000,0.0
2026-07-25 13:00:00,64049.94,64076.95,64037.35,64057.44,836.0,1000,0.0
2026-07-25 13:15:00,64057.51,64075.16,64033.67,64067.32,830.0,1000,0.0
2026-07-25 13:30:00,64062.21,64137.01,64046.02,64125.86,857.0,1000,0.0
2026-07-25 13:45:00,64125.86,64206.61,64072.4,64106.64,931.0,1000,0.0
2026-07-25 14:00:00,64104.41,64115.6,64052.47,64107.35,888.0,1000,0.0
2026-07-25 14:15:00,64107.82,64121.32,64063.33,64095.96,866.0,1000,0.0
2026-07-25 14:30:00,64097.04,64135.56,64091.54,64135.49,869.0,1000,0.0
2026-07-25 14:45:00,64132.46,64157.23,64101.72,64140.65,839.0,1000,0.0
2026-07-25 15:00:00,64138.07,64198.82,64115.58,64188.56,867.0,1000,0.0
2026-07-25 15:15:00,64183.53,64214.99,64129.49,64142.42,881.0,1000,0.0
2026-07-25 15:30:00,64142.51,64174.56,64112.61,64154.42,864.0,1000,0.0
2026-07-25 15:45:00,64151.24,64161.32,64099.33,64118.64,846.0,1000,0.0
2026-07-25 16:00:00,64118.13,64149.78,64082.06,64145.67,871.0,1000,0.0
2026-07-25 16:15:00,64148.79,64152.02,64049.9,64075.8,853.0,1000,0.0
2026-07-25 16:30:00,64075.81,64141.16,64068.65,64136.47,835.0,1000,0.0
2026-07-25 16:45:00,64137.26,64180.55,64118.3,64139.86,867.0,1000,0.0
2026-07-25 17:00:00,64140.23,64176.83,64122.27,64150.87,831.0,1000,0.0
2026-07-25 17:15:00,64150.55,64223.16,64139.68,64202.44,837.0,1000,0.0
2026-07-25 17:30:00,64202.44,64257.08,64180.11,64216.34,872.0,1000,0.0
2026-07-25 17:45:00,64216.91,64298.63,64180.14,64204.79,887.0,1000,0.0
2026-07-25 18:00:00,64207.28,64360.82,64204.86,64291.21,1062.0,1000,0.0
2026-07-25 18:15:00,64291.62,64355.36,64272.34,64351.41,875.0,1000,0.0
2026-07-25 18:30:00,64351.42,64386.23,64311.95,64329.22,873.0,1000,0.0
2026-07-25 18:45:00,64328.61,64388.16,64325.41,64364.71,845.0,1000,0.0
2026-07-25 19:00:00,64362.52,64379.85,64335.97,64368.56,839.0,1000,0.0
2026-07-25 19:15:00,64369.8,64372.13,64330.56,64346.58,813.0,1000,0.0
2026-07-25 19:30:00,64345.7,64355.4,64328.61,64338.34,831.0,1000,0.0
2026-07-25 19:45:00,64337.23,64372.13,64319.21,64327.01,818.0,1000,0.0
2026-07-25 20:00:00,64325.65,64335.61,64272.33,64307.74,865.0,1000,0.0
2026-07-25 20:15:00,64306.11,64329.67,64274.87,64303.06,871.0,1000,0.0
2026-07-25 20:30:00,64302.95,64307.07,64246.21,64256.66,836.0,1000,0.0
2026-07-25 20:45:00,64256.38,64289.14,64239.05,64271.85,840.0,1000,0.0
2026-07-25 21:00:00,64270.92,64275.8,64195.77,64215.86,829.0,1000,0.0
2026-07-25 21:15:00,64215.03,64233.67,64189.38,64232.86,806.0,1000,0.0
2026-07-25 21:30:00,64232.56,64310.8,64227.43,64276.79,880.0,1000,0.0
2026-07-25 21:45:00,64277.01,64367.88,64264.89,64285.0,897.0,1000,0.0
2026-07-25 22:00:00,64284.06,64341.75,64281.43,64341.75,861.0,1000,0.0
2026-07-25 22:15:00,64339.63,64360.91,64309.7,64328.92,812.0,1000,0.0
2026-07-25 22:30:00,64329.68,64345.03,64291.61,64340.14,826.0,1000,0.0
2026-07-25 22:45:00,64338.47,64361.88,64308.94,64343.14,760.0,1000,0.0
2026-07-25 23:00:00,64343.15,64360.95,64329.83,64346.09,804.0,1000,0.0
2026-07-25 23:15:00,64345.66,64359.2,64321.81,64332.88,781.0,1000,0.0
2026-07-25 23:30:00,64332.88,64365.98,64317.94,64319.83,785.0,1000,0.0
2026-07-25 23:45:00,64320.09,64338.19,64297.36,64304.79,828.0,1000,0.0
2026-07-26 00:00:00,64303.71,64380.06,64283.58,64369.07,856.0,1000,0.0
2026-07-26 00:15:00,64369.37,64428.44,64350.1,64410.49,850.0,1000,0.0
2026-07-26 00:30:00,64410.19,64426.05,64346.18,64355.77,813.0,1000,0.0
2026-07-26 00:45:00,64355.77,64445.09,64332.42,64444.01,831.0,1000,0.0
2026-07-26 01:00:00,64443.98,64481.86,64399.63,64440.0,883.0,1000,0.0
2026-07-26 01:15:00,64440.0,64446.2,64399.69,64411.98,830.0,1000,0.0
2026-07-26 01:30:00,64412.4,64442.45,64395.76,64419.21,848.0,1000,0.0
2026-07-26 01:45:00,64416.74,64429.86,64384.59,64402.29,846.0,1000,0.0
2026-07-26 02:00:00,64405.91,64417.52,64360.54,64410.15,820.0,1000,0.0
2026-07-26 02:15:00,64411.38,64420.1,64377.56,64410.61,838.0,1000,0.0
2026-07-26 02:30:00,64410.55,64423.36,64362.0,64380.32,824.0,1000,0.0
2026-07-26 02:45:00,64380.75,64469.08,64372.95,64454.69,789.0,1000,0.0
2026-07-26 03:00:00,64454.69,64524.64,64415.15,64508.44,887.0,1000,0.0
2026-07-26 03:15:00,64508.44,64513.66,64463.35,64494.64,859.0,1000,0.0
2026-07-26 03:30:00,64490.04,64521.5,64473.0,64477.99,811.0,1000,0.0
2026-07-26 03:45:00,64477.5,64495.58,64465.66,64489.69,805.0,1000,0.0
2026-07-26 04:00:00,64489.87,64493.87,64437.2,64438.07,812.0,1000,0.0
2026-07-26 04:15:00,64437.85,64488.55,64425.02,64484.91,746.0,1000,0.0
2026-07-26 04:30:00,64484.32,64508.77,64462.85,64508.73,827.0,1000,0.0
2026-07-26 04:45:00,64508.72,64533.15,64453.51,64466.27,860.0,1000,0.0
2026-07-26 05:00:00,64466.24,64466.24,64425.54,64449.44,793.0,1000,0.0
2026-07-26 05:15:00,64447.68,64452.82,64418.04,64430.79,805.0,1000,0.0
2026-07-26 05:30:00,64430.81,64431.37,64323.31,64410.49,875.0,1000,0.0
2026-07-26 05:45:00,64408.44,64410.6,64351.07,64353.32,805.0,1000,0.0
2026-07-26 06:00:00,64354.78,64378.09,64277.23,64290.33,808.0,1000,0.0
2026-07-26 06:15:00,64290.34,64303.08,64221.93,64237.01,840.0,1000,0.0
2026-07-26 06:30:00,64236.32,64329.16,64228.67,64309.52,832.0,1000,0.0
2026-07-26 06:45:00,64310.11,64388.46,64305.79,64373.8,853.0,1000,0.0
2026-07-26 07:00:00,64372.56,64404.94,64325.82,64360.74,866.0,1000,0.0
2026-07-26 07:15:00,64358.57,64377.22,64297.93,64303.45,797.0,1000,0.0
2026-07-26 07:30:00,64306.29,64318.55,64274.74,64285.49,820.0,1000,0.0
2026-07-26 07:45:00,64285.48,64315.34,64279.27,64301.49,806.0,1000,0.0
2026-07-26 08:00:00,64300.32,64328.98,64280.07,64324.41,850.0,1000,0.0
2026-07-26 08:15:00,64324.4,64349.66,64310.78,64329.08,848.0,1000,0.0
2026-07-26 08:30:00,64329.32,64374.67,64325.1,64374.67,842.0,1000,0.0
2026-07-26 08:45:00,64372.17,64428.99,64369.86,64411.63,770.0,1000,0.0
2026-07-26 09:00:00,64412.57,64456.91,64409.0,64430.89,803.0,1000,0.0
2026-07-26 09:15:00,64430.87,64440.18,64425.92,64432.21,81.0,1000,0.0
