time,open,high,low,close,tick_volume,spread,real_volume
2026-03-23 04:30:00,68210.52,68522.53,68189.31,68515.26,1568.0,1400,0.0
2026-03-23 05:00:00,68512.75,68855.45,68510.71,68670.02,2167.0,1400,0.0
2026-03-23 05:30:00,68669.92,68886.29,68550.15,68879.45,1911.0,1400,0.0
2026-03-23 06:00:00,68870.91,68877.97,68471.64,68550.07,1963.0,1400,0.0
2026-03-23 06:30:00,68548.96,68552.18,67665.06,67850.05,3739.0,1400,0.0
2026-03-23 07:00:00,67849.24,67980.45,67476.58,67778.42,3634.0,1400,0.0
2026-03-23 07:30:00,67777.43,68439.87,67745.71,68293.27,3050.0,1400,0.0
2026-03-23 08:00:00,68295.32,68682.6,68295.32,68439.83,3123.0,1400,0.0
2026-03-23 08:30:00,68436.89,68635.93,68285.04,68406.77,2284.0,1400,0.0
2026-03-23 09:00:00,68405.18,68447.63,68115.96,68218.81,2110.0,1400,0.0
2026-03-23 09:30:00,68217.9,68318.49,67890.44,68318.49,2033.0,1400,0.0
2026-03-23 10:00:00,68318.12,68699.66,68273.78,68443.36,2109.0,1400,0.0
2026-03-23 10:30:00,68435.62,68558.23,68267.95,68515.8,1866.0,1400,0.0
2026-03-23 11:00:00,68516.81,71483.25,68515.8,70683.86,20601.0,1400,0.0
2026-03-23 11:30:00,70696.68,71192.69,70029.42,70103.45,6707.0,1400,0.0
2026-03-23 12:00:00,70105.66,70485.04,69643.03,70317.49,6319.0,1400,0.0
2026-03-23 12:30:00,70315.4,70861.61,70143.58,70711.44,5509.0,1400,0.0
2026-03-23 13:00:00,70712.27,70899.97,70560.89,70789.93,4219.0,1400,0.0
2026-03-23 13:30:00,70789.3,71581.71,70625.5,71467.28,9445.0,1400,0.0
2026-03-23 14:00:00,71471.0,71812.36,71281.06,71340.6,6688.0,1400,0.0
2026-03-23 14:30:00,71331.43,71517.84,71101.04,71428.84,4283.0,1400,0.0
2026-03-23 15:00:00,71432.78,71653.8,70850.01,70870.71,4217.0,1400,0.0
2026-03-23 15:30:00,70871.88,70931.68,70078.32,70123.0,5286.0,1400,0.0
2026-03-23 16:00:00,70122.88,70544.18,70105.57,70191.67,5116.0,1400,0.0
2026-03-23 16:30:00,70191.02,70738.94,70113.67,70549.58,4709.0,1400,0.0
2026-03-23 17:00:00,70553.69,70725.13,70326.82,70505.09,3448.0,1400,0.0
2026-03-23 17:30:00,70505.54,71103.12,70493.78,71055.81,3570.0,1400,0.0
2026-03-23 18:00:00,71052.15,71148.07,70846.33,70862.38,2817.0,1400,0.0
2026-03-23 18:30:00,70864.36,71180.18,70864.36,71044.47,2746.0,1400,0.0
2026-03-23 19:00:00,71048.45,71234.67,70795.32,71010.37,2461.0,1400,0.0
2026-03-23 19:30:00,71013.38,71050.59,70624.01,70649.55,1741.0,1400,0.0
2026-03-23 20:00:00,70649.35,70805.76,70530.95,70786.38,1451.0,1400,0.0
2026-03-23 20:30:00,70786.01,70963.87,70763.12,70890.33,1085.0,1400,0.0
2026-03-23 21:00:00,70891.17,70980.02,70798.98,70879.17,964.0,1400,0.0
2026-03-23 21:30:00,70878.46,70986.32,70804.91,70834.38,1018.0,1400,0.0
2026-03-23 22:00:00,70835.04,70881.35,70537.15,70604.28,1757.0,1400,0.0
2026-03-23 22:30:00,70606.92,70780.82,70487.22,70746.94,1599.0,1400,0.0
2026-03-23 23:00:00,70746.66,70789.58,70368.56,70689.15,1857.0,1400,0.0
2026-03-23 23:30:00,70690.65,70976.21,70592.74,70868.28,1820.0,1400,0.0
2026-03-24 00:00:00,70872.53,71075.88,70629.41,70698.79,2696.0,1400,0.0
2026-03-24 00:30:00,70698.26,70799.86,70387.46,70653.67,2395.0,1400,0.0
2026-03-24 01:00:00,70652.43,70857.34,70474.14,70804.49,2118.0,1400,0.0
2026-03-24 01:30:00,70797.88,70850.32,70252.26,70492.35,2442.0,1400,0.0
2026-03-24 02:00:00,70493.05,70681.34,70384.11,70539.19,2178.0,1400,0.0
2026-03-24 02:30:00,70538.56,70615.0,70340.35,70418.8,1784.0,1400,0.0
2026-03-24 03:00:00,70417.29,70567.4,70365.93,70516.77,1501.0,1400,0.0
2026-03-24 03:30:00,70517.91,70542.22,70401.62,70520.66,1447.0,1400,0.0
2026-03-24 04:00:00,70518.03,70721.84,70487.86,70499.15,1706.0,1400,0.0
2026-03-24 04:30:00,70497.23,70497.23,70223.84,70353.1,1613.0,1400,0.0
2026-03-24 05:00:00,70355.66,70358.22,70091.32,70151.47,1975.0,1400,0.0
2026-03-24 05:30:00,70152.13,70354.08,70119.23,70252.65,1516.0,1400,0.0
2026-03-24 06:00:00,70254.11,70435.76,70220.26,70356.43,1481.0,1400,0.0
2026-03-24 06:30:00,70357.47,70550.56,70357.47,70513.96,1215.0,1400,0.0
2026-03-24 07:00:00,70515.46,71003.67,70442.58,70900.68,2688.0,1400,0.0
2026-03-24 07:30:00,70904.21,71389.05,70792.45,71275.6,2215.0,1400,0.0
2026-03-24 08:00:00,71268.37,71324.18,70828.19,70894.75,2360.0,1400,0.0
2026-03-24 08:30:00,70894.79,71077.88,70833.75,70936.73,1889.0,1400,0.0
2026-03-24 09:00:00,70936.36,71025.12,70822.03,70989.28,1467.0,1400,0.0
2026-03-24 09:30:00,70987.15,71351.59,70950.58,71302.15,1569.0,1400,0.0
2026-03-24 10:00:00,71302.24,71316.1,71082.11,71094.43,1356.0,1400,0.0
2026-03-24 10:30:00,71099.28,71270.69,71064.48,71253.81,1386.0,1400,0.0
2026-03-24 11:00:00,71246.6,71255.06,70927.1,71046.85,1895.0,1400,0.0
2026-03-24 11:30:00,71046.34,71313.26,71000.0,71135.2,1844.0,1400,0.0
2026-03-24 12:00:00,71137.28,71164.65,70951.64,71069.61,1581.0,1400,0.0
2026-03-24 12:30:00,71069.77,71069.77,70833.26,70943.94,1790.0,1400,0.0
2026-03-24 13:00:00,70937.13,71044.94,70547.37,70582.38,2718.0,1400,0.0
2026-03-24 13:30:00,70583.26,70765.88,69901.53,70082.33,6288.0,1400,0.0
2026-03-24 14:00:00,70082.97,70442.46,69731.68,69967.78,5280.0,1400,0.0
2026-03-24 14:30:00,69966.53,70104.66,69472.69,69840.93,6153.0,1400,0.0
2026-03-24 15:00:00,69843.16,70243.11,69812.59,70002.54,4751.0,1400,0.0
2026-03-24 15:30:00,70005.26,70168.35,69735.71,69835.82,3092.0,1400,0.0
2026-03-24 16:00:00,69833.7,69982.75,69609.53,69772.44,2784.0,1400,0.0
2026-03-24 16:30:00,69774.09,69817.66,69278.48,69449.64,3208.0,1400,0.0
2026-03-24 17:00:00,69453.94,69485.2,69071.44,69148.98,3924.0,1400,0.0
2026-03-24 17:30:00,69150.1,69301.29,68878.15,69199.26,3333.0,1400,0.0
2026-03-24 18:00:00,69206.35,69457.62,69125.0,69376.09,2672.0,1400,0.0
2026-03-24 18:30:00,69379.76,69724.08,69329.48,69398.86,2412.0,1400,0.0
2026-03-24 19:00:00,69398.22,69662.52,69385.38,69512.24,1702.0,1400,0.0
2026-03-24 19:30:00,69512.1,69512.1,69217.67,69334.46,1766.0,1400,0.0
2026-03-24 20:00:00,69326.41,70265.9,69243.86,69977.22,2998.0,1400,0.0
2026-03-24 20:30:00,69977.14,70210.25,69852.81,70068.15,2930.0,1400,0.0
2026-03-24 21:00:00,70066.98,70181.73,69862.89,70018.63,1376.0,1400,0.0
2026-03-24 21:30:00,70018.39,70378.46,69992.73,70290.66,2318.0,1400,0.0
2026-03-24 22:00:00,70288.81,70543.54,70145.34,70209.18,2315.0,1400,0.0
2026-03-24 22:30:00,70211.38,70356.89,70079.71,70276.87,1460.0,1400,0.0
2026-03-24 23:00:00,70281.22,70730.49,70217.09,70717.02,1652.0,1400,0.0
2026-03-24 23:30:00,70718.91,70804.32,70503.49,70520.38,1408.0,1400,0.0
2026-03-25 00:00:00,70528.3,70723.13,70489.35,70631.18,1576.0,1400,0.0
2026-03-25 00:30:00,70629.46,71026.38,70436.82,70804.82,2321.0,1400,0.0
2026-03-25 01:00:00,70802.52,70949.24,70651.15,70730.66,1837.0,1400,0.0
2026-03-25 01:30:00,70729.16,70787.21,70598.08,70648.05,1705.0,1400,0.0
2026-03-25 02:00:00,70648.83,70687.9,70487.7,70559.95,1486.0,1400,0.0
2026-03-25 02:30:00,70559.57,70736.04,70453.94,70491.89,1403.0,1400,0.0
2026-03-25 03:00:00,70493.68,70537.27,70366.71,70492.41,1234.0,1400,0.0
2026-03-25 03:30:00,70492.89,70773.37,70492.89,70688.23,1549.0,1400,0.0
2026-03-25 04:00:00,70685.23,70916.03,70650.81,70825.92,1279.0,1400,0.0
2026-03-25 04:30:00,70827.96,70944.39,70695.4,70935.53,1030.0,1400,0.0
2026-03-25 05:00:00,70932.19,71318.48,70894.53,71165.79,2015.0,1400,0.0
2026-03-25 05:30:00,71158.71,71221.1,71040.19,71081.7,1104.0,1400,0.0
2026-03-25 06:00:00,71082.15,71246.0,70976.46,71205.34,1177.0,1400,0.0
2026-03-25 06:30:00,71206.97,71231.26,70951.05,70975.99,1115.0,1400,0.0
2026-03-25 07:00:00,70979.14,71130.93,70928.08,71041.33,1063.0,1400,0.0
2026-03-25 07:30:00,71040.27,71243.08,70858.28,70910.23,1351.0,1400,0.0
2026-03-25 08:00:00,70911.15,71227.04,70762.29,71157.1,1638.0,1400,0.0
2026-03-25 08:30:00,71158.11,71488.66,71146.69,71214.75,2154.0,1400,0.0
2026-03-25 09:00:00,71204.81,71379.28,71129.43,71235.74,1390.0,1400,0.0
2026-03-25 09:30:00,71239.76,71397.53,71071.11,71315.57,1361.0,1400,0.0
2026-03-25 10:00:00,71323.64,71469.85,71264.12,71383.04,1346.0,1400,0.0
2026-03-25 10:30:00,71381.77,71620.52,71290.73,71483.26,1332.0,1400,0.0
2026-03-25 11:00:00,71482.95,71957.73,71436.11,71868.96,1708.0,1400,0.0
2026-03-25 11:30:00,71862.08,72038.45,71506.86,71672.36,2433.0,1400,0.0
2026-03-25 12:00:00,71673.14,71841.53,71101.16,71327.67,3000.0,1400,0.0
2026-03-25 12:30:00,71323.98,71944.13,71165.46,71694.24,2833.0,1400,0.0
2026-03-25 13:00:00,71695.48,71849.22,71559.11,71605.8,1784.0,1400,0.0
2026-03-25 13:30:00,71601.19,71948.52,71489.12,71556.97,4588.0,1400,0.0
2026-03-25 14:00:00,71557.73,71683.16,71239.66,71349.91,4068.0,1400,0.0
2026-03-25 14:30:00,71352.91,71547.08,71197.93,71210.35,2618.0,1400,0.0
2026-03-25 15:00:00,71213.18,71296.3,70550.32,70991.92,4311.0,1400,0.0
2026-03-25 15:30:00,70992.82,71069.93,70744.22,70811.56,2640.0,1400,0.0
2026-03-25 16:00:00,70799.89,71738.01,70677.48,71485.52,3414.0,1400,0.0
2026-03-25 16:30:00,71487.88,71621.85,71211.98,71300.85,2646.0,1400,0.0
2026-03-25 17:00:00,71300.27,71374.3,70932.54,71043.27,1954.0,1400,0.0
2026-03-25 17:30:00,71041.36,71041.36,70675.6,70754.25,2193.0,1400,0.0
2026-03-25 18:00:00,70755.27,71127.11,70713.77,70933.62,1853.0,1400,0.0
2026-03-25 18:30:00,70935.8,70987.72,70645.87,70791.36,1710.0,1400,0.0
2026-03-25 19:00:00,70791.54,70985.75,70741.06,70930.7,1875.0,1400,0.0
2026-03-25 19:30:00,70929.28,71079.66,70740.82,70854.73,1502.0,1400,0.0
2026-03-25 20:00:00,70860.07,70875.22,70600.65,70682.55,1250.0,1400,0.0
2026-03-25 20:30:00,70682.65,71031.42,70664.25,70977.33,1089.0,1400,0.0
2026-03-25 21:00:00,70977.93,71154.89,70913.2,70951.88,1186.0,1400,0.0
2026-03-25 21:30:00,70954.83,71082.65,70935.2,71001.03,997.0,1400,0.0
2026-03-25 22:00:00,71000.7,71107.68,70913.42,71013.79,1213.0,1400,0.0
2026-03-25 22:30:00,71013.37,71574.05,70995.99,71339.43,1726.0,1400,0.0
2026-03-25 23:00:00,71339.28,71413.74,71206.33,71337.59,1284.0,1400,0.0
2026-03-25 23:30:00,71336.06,71354.06,71148.88,71306.53,1206.0,1400,0.0
2026-03-26 00:00:00,71296.89,71351.14,71156.13,71259.39,1379.0,1400,0.0
2026-03-26 00:30:00,71260.22,71404.49,71097.18,71264.49,1422.0,1400,0.0
2026-03-26 01:00:00,71265.49,71343.02,71119.69,71283.82,1409.0,1400,0.0
2026-03-26 01:30:00,71284.93,71327.51,71156.7,71212.62,1266.0,1400,0.0
2026-03-26 02:00:00,71212.97,71256.35,70852.87,70854.59,1523.0,1400,0.0
2026-03-26 02:30:00,70854.52,70889.99,70643.12,70850.53,1582.0,1400,0.0
2026-03-26 03:00:00,70849.84,70942.94,70647.68,70686.88,1332.0,1400,0.0
2026-03-26 03:30:00,70687.82,70877.95,70676.48,70862.7,1124.0,1400,0.0
2026-03-26 04:00:00,70876.98,70879.72,70676.94,70826.65,1149.0,1400,0.0
2026-03-26 04:30:00,70826.81,70853.58,70716.0,70732.48,908.0,1400,0.0
2026-03-26 05:00:00,70732.56,70764.56,70431.74,70529.89,1640.0,1400,0.0
2026-03-26 05:30:00,70531.04,70590.52,69899.81,69976.6,2351.0,1400,0.0
2026-03-26 06:00:00,69972.81,70105.51,69802.99,70026.44,2219.0,1400,0.0
2026-03-26 06:30:00,70024.15,70120.06,69940.1,70052.07,1311.0,1400,0.0
2026-03-26 07:00:00,70059.89,70133.43,69855.94,69927.37,1626.0,1400,0.0
2026-03-26 07:30:00,69927.1,70127.27,69747.52,70059.29,1528.0,1400,0.0
2026-03-26 08:00:00,70057.41,70099.56,69778.92,69784.7,1741.0,1400,0.0
2026-03-26 08:30:00,69783.17,70012.62,69764.52,69982.92,1465.0,1400,0.0
2026-03-26 09:00:00,69980.61,70124.92,69834.78,69978.26,1642.0,1400,0.0
2026-03-26 09:30:00,69977.46,69977.46,69363.77,69531.5,2953.0,1400,0.0
2026-03-26 10:00:00,69530.87,69694.91,69457.82,69619.17,1467.0,1400,0.0
2026-03-26 10:30:00,69606.39,69630.75,69414.39,69476.86,1518.0,1400,0.0
2026-03-26 11:00:00,69478.73,69616.49,69138.98,69281.45,2058.0,1400,0.0
2026-03-26 11:30:00,69290.41,69428.9,69231.29,69240.56,1413.0,1400,0.0
2026-03-26 12:00:00,69239.54,69400.75,69182.02,69390.67,1353.0,1400,0.0
2026-03-26 12:30:00,69383.48,69433.37,69205.67,69393.06,1417.0,1400,0.0
2026-03-26 13:00:00,69393.09,69496.42,69328.18,69358.86,1250.0,1400,0.0
2026-03-26 13:30:00,69359.95,69864.75,69168.29,69601.96,4731.0,1400,0.0
2026-03-26 14:00:00,69616.53,69798.39,69370.45,69577.92,3185.0,1400,0.0
2026-03-26 14:30:00,69579.73,69745.44,69209.82,69436.87,3482.0,1400,0.0
2026-03-26 15:00:00,69444.54,69463.37,68573.09,68985.65,4073.0,1400,0.0
2026-03-26 15:30:00,68987.49,69184.03,68851.74,69039.69,2624.0,1400,0.0
2026-03-26 16:00:00,69037.32,69037.32,68798.13,68834.86,2262.0,1400,0.0
2026-03-26 16:30:00,68834.15,68958.47,68772.36,68878.25,1878.0,1400,0.0
2026-03-26 17:00:00,68877.6,69043.95,68853.16,69038.46,1529.0,1400,0.0
2026-03-26 17:30:00,69037.02,69115.55,68302.6,68439.8,2350.0,1400,0.0
2026-03-26 18:00:00,68438.66,68561.8,68098.26,68137.26,3163.0,1400,0.0
2026-03-26 18:30:00,68140.61,68455.91,68127.5,68433.45,1853.0,1400,0.0
2026-03-26 19:00:00,68441.03,68523.92,68320.48,68383.8,1386.0,1400,0.0
2026-03-26 19:30:00,68386.71,68633.96,68293.44,68480.14,1589.0,1400,0.0
2026-03-26 20:00:00,68471.46,69436.4,68369.74,69119.94,5015.0,1400,0.0
2026-03-26 20:30:00,69122.55,69260.38,68871.84,68949.18,1637.0,1400,0.0
2026-03-26 21:00:00,68947.22,69151.05,68820.83,69021.91,1360.0,1400,0.0
2026-03-26 21:30:00,69022.83,69076.42,68844.12,68864.62,1273.0,1400,0.0
2026-03-26 22:00:00,68867.99,68975.76,68534.25,68700.91,1919.0,1400,0.0
2026-03-26 22:30:00,68694.77,68841.05,68655.73,68840.33,1439.0,1400,0.0
2026-03-26 23:00:00,68843.0,68946.12,68573.81,68682.12,1417.0,1400,0.0
2026-03-26 23:30:00,68682.26,68797.18,68590.71,68769.16,1101.0,1400,0.0
2026-03-27 00:00:00,68769.61,68916.11,68652.69,68665.49,1652.0,1400,0.0
2026-03-27 00:30:00,68666.27,68737.5,68463.5,68718.64,1637.0,1400,0.0
2026-03-27 01:00:00,68718.79,68898.03,68633.76,68858.44,1403.0,1400,0.0
2026-03-27 01:30:00,68860.15,69020.03,68787.77,69003.55,1174.0,1400,0.0
2026-03-27 02:00:00,69005.69,69131.49,68901.29,68974.65,1398.0,1400,0.0
2026-03-27 02:30:00,68973.91,69028.36,68812.18,68865.81,978.0,1400,0.0
2026-03-27 03:00:00,68869.51,68880.54,68620.01,68776.61,1200.0,1400,0.0
2026-03-27 03:30:00,68783.25,68866.88,68707.97,68717.88,1047.0,1400,0.0
2026-03-27 04:00:00,68718.21,68750.01,68248.81,68486.04,2056.0,1400,0.0
2026-03-27 04:30:00,68485.02,68588.06,68446.03,68524.41,1004.0,1400,0.0
2026-03-27 05:00:00,68522.84,68817.09,68498.44,68557.34,1454.0,1400,0.0
2026-03-27 05:30:00,68553.39,68658.26,68454.97,68576.24,1204.0,1400,0.0
2026-03-27 06:00:00,68577.45,68804.22,68514.63,68739.39,1149.0,1400,0.0
2026-03-27 06:30:00,68738.38,68782.52,68583.23,68604.25,985.0,1400,0.0
2026-03-27 07:00:00,68605.26,68912.26,68555.3,68870.81,1337.0,1400,0.0
2026-03-27 07:30:00,68870.33,68906.06,68395.69,68479.56,1564.0,1400,0.0
2026-03-27 08:00:00,68484.7,68589.94,68167.32,68192.41,2096.0,1400,0.0
2026-03-27 08:30:00,68191.89,68259.45,67557.57,67864.85,3240.0,1400,0.0
2026-03-27 09:00:00,67866.13,67901.87,67490.93,67892.17,1993.0,1400,0.0
2026-03-27 09:30:00,67892.33,67893.54,67621.06,67642.46,1616.0,1400,0.0
2026-03-27 10:00:00,67642.79,67727.42,67551.44,67711.86,1590.0,1400,0.0
2026-03-27 10:30:00,67713.99,67726.98,66266.25,66465.04,5778.0,1400,0.0
2026-03-27 11:00:00,66468.31,66703.85,66188.32,66675.28,3005.0,1400,0.0
2026-03-27 11:30:00,66674.96,66812.73,66598.86,66666.13,1556.0,1400,0.0
2026-03-27 12:00:00,66668.65,66744.72,66479.32,66503.59,1682.0,1400,0.0
2026-03-27 12:30:00,66503.12,66654.29,66384.01,66578.76,1698.0,1400,0.0
2026-03-27 13:00:00,66579.48,66700.38,66445.13,66658.84,1668.0,1400,0.0
2026-03-27 13:30:00,66658.71,66699.51,65938.2,66149.26,5006.0,1400,0.0
2026-03-27 14:00:00,66148.62,66373.92,65673.34,65687.28,4374.0,1400,0.0
2026-03-27 14:30:00,65684.03,66197.79,65681.16,66157.58,3277.0,1400,0.0
2026-03-27 15:00:00,66158.92,66417.18,65908.12,66278.84,3078.0,1400,0.0
2026-03-27 15:30:00,66280.12,66594.53,66045.6,66075.08,2683.0,1400,0.0
2026-03-27 16:00:00,66074.53,66074.53,65732.45,65911.4,2818.0,1400,0.0
2026-03-27 16:30:00,65910.94,66135.13,65760.34,65932.61,2288.0,1400,0.0
2026-03-27 17:00:00,65935.85,66247.63,65807.89,65809.02,2481.0,1400,0.0
2026-03-27 17:30:00,65810.88,65884.42,65528.4,65583.93,2449.0,1400,0.0
2026-03-27 18:00:00,65586.72,65805.82,65482.78,65696.93,2608.0,1400,0.0
2026-03-27 18:30:00,65698.64,65914.79,65665.11,65779.75,2075.0,1400,0.0
2026-03-27 19:00:00,65791.27,65884.85,65637.93,65866.7,1846.0,1400,0.0
2026-03-27 19:30:00,65867.41,66098.11,65806.7,65982.03,2268.0,1400,0.0
2026-03-27 20:00:00,65979.08,66099.49,65745.84,65847.71,1585.0,1400,0.0
2026-03-27 20:30:00,65847.62,66042.18,65767.29,65965.75,1188.0,1400,0.0
2026-03-27 21:00:00,65963.58,66136.68,65947.8,66092.86,830.0,1400,0.0
2026-03-27 21:30:00,66093.66,66120.78,65972.82,66021.92,970.0,1400,0.0
2026-03-27 22:00:00,66022.89,66038.27,65884.45,65953.55,841.0,1400,0.0
2026-03-27 22:30:00,65955.24,66021.99,65858.23,65973.33,858.0,1400,0.0
2026-03-27 23:00:00,65978.68,66177.02,65911.38,66133.08,808.0,1400,0.0
2026-03-27 23:30:00,66137.3,66371.61,66102.43,66352.37,897.0,1400,0.0
2026-03-28 00:00:00,66346.96,66422.33,66228.71,66323.78,962.0,1400,0.0
2026-03-28 00:30:00,66322.48,66465.31,66322.48,66384.24,977.0,1400,0.0
2026-03-28 01:00:00,66375.34,66375.34,66041.54,66165.89,999.0,1400,0.0
2026-03-28 01:30:00,66165.83,66238.67,65993.01,66122.85,1042.0,1400,0.0
2026-03-28 02:00:00,66123.9,66203.99,65954.87,65992.53,1137.0,1400,0.0
2026-03-28 02:30:00,65992.48,66024.44,65868.06,66004.59,944.0,1400,0.0
2026-03-28 03:00:00,66006.41,66132.84,66006.0,66121.54,923.0,1400,0.0
2026-03-28 03:30:00,66120.85,66195.78,66088.44,66174.7,801.0,1400,0.0
2026-03-28 04:00:00,66179.33,66246.47,66051.6,66215.09,867.0,1400,0.0
2026-03-28 04:30:00,66217.17,66258.91,66178.28,66228.53,708.0,1400,0.0
2026-03-28 05:00:00,66228.15,66336.94,66155.58,66287.24,754.0,1400,0.0
2026-03-28 05:30:00,66287.3,66320.48,66230.67,66296.14,759.0,1400,0.0
2026-03-28 06:00:00,66295.1,66449.48,66252.57,66410.04,1024.0,1400,0.0
2026-03-28 06:30:00,66412.46,66428.49,66297.23,66341.89,643.0,1400,0.0
2026-03-28 07:00:00,66344.61,66435.31,66326.02,66418.4,676.0,1400,0.0
2026-03-28 07:30:00,66416.36,66522.16,66374.81,66500.15,715.0,1400,0.0
2026-03-28 08:00:00,66499.78,66520.68,66419.22,66505.92,732.0,1400,0.0
2026-03-28 08:30:00,66499.51,66503.98,66330.93,66361.2,826.0,1400,0.0
2026-03-28 09:00:00,66361.18,66361.18,66232.36,66296.27,752.0,1400,0.0
2026-03-28 09:30:00,66296.77,66311.0,66184.62,66255.35,709.0,1400,0.0
2026-03-28 10:00:00,66256.77,66365.02,66097.25,66117.37,790.0,1400,0.0
2026-03-28 10:30:00,66116.44,66186.8,66069.93,66168.4,757.0,1400,0.0
2026-03-28 11:00:00,66168.52,66273.96,66142.06,66273.07,589.0,1400,0.0
2026-03-28 11:30:00,66271.38,66310.84,66248.42,66273.48,545.0,1400,0.0
2026-03-28 12:00:00,66271.59,66487.82,66173.85,66387.85,835.0,1400,0.0
2026-03-28 12:30:00,66385.88,66416.79,66237.35,66409.41,830.0,1400,0.0
2026-03-28 13:00:00,66406.65,66471.04,66350.27,66420.59,738.0,1400,0.0
2026-03-28 13:30:00,66423.91,67130.58,66408.55,66795.86,2925.0,1400,0.0
2026-03-28 14:00:00,66790.5,66882.62,66658.42,66767.26,1370.0,1400,0.0
2026-03-28 14:30:00,66765.03,66921.8,66614.66,66699.87,1338.0,1400,0.0
2026-03-28 15:00:00,66694.27,67258.79,66653.05,66976.46,1960.0,1400,0.0
2026-03-28 15:30:00,66975.72,67103.02,66870.42,66958.91,1194.0,1400,0.0
2026-03-28 16:00:00,66959.03,67047.75,66874.4,67018.22,1117.0,1400,0.0
2026-03-28 16:30:00,67018.68,67019.14,66796.74,66868.75,1034.0,1400,0.0
2026-03-28 17:00:00,66862.02,66940.29,66705.99,66711.6,1092.0,1400,0.0
2026-03-28 17:30:00,66714.08,66865.98,66627.46,66796.72,1107.0,1400,0.0
2026-03-28 18:00:00,66796.65,66896.0,66789.56,66829.71,817.0,1400,0.0
2026-03-28 18:30:00,66826.89,66910.54,66779.11,66856.52,684.0,1400,0.0
2026-03-28 19:00:00,66862.59,66905.12,66750.06,66814.02,721.0,1400,0.0
2026-03-28 19:30:00,66814.11,66857.85,66775.76,66857.55,668.0,1400,0.0
2026-03-28 20:00:00,66857.49,66966.88,66848.01,66864.54,824.0,1400,0.0
2026-03-28 20:30:00,66865.15,66949.54,66846.72,66863.92,708.0,1400,0.0
2026-03-28 21:00:00,66857.65,66874.6,66728.53,66801.66,722.0,1400,0.0
2026-03-28 21:30:00,66795.27,66839.23,66522.16,66621.24,1095.0,1400,0.0
2026-03-28 22:00:00,66618.97,66731.54,66537.96,66722.86,1144.0,1400,0.0
2026-03-28 22:30:00,66727.2,66734.79,66638.26,66698.91,739.0,1400,0.0
2026-03-28 23:00:00,66697.27,66697.27,66216.3,66332.39,1536.0,1400,0.0
2026-03-28 23:30:00,66343.04,66432.17,66259.4,66318.23,953.0,1400,0.0
2026-03-29 00:00:00,66317.29,66424.96,66216.88,66333.11,1222.0,1400,0.0
2026-03-29 00:30:00,66331.59,66451.67,66298.71,66419.44,970.0,1400,0.0
2026-03-29 01:00:00,66415.87,66567.51,66414.54,66501.15,1103.0,1400,0.0
2026-03-29 01:30:00,66501.13,66540.19,66317.67,66509.41,1010.0,1400,0.0
2026-03-29 02:00:00,66508.57,66642.07,66472.82,66589.11,1026.0,1400,0.0
2026-03-29 02:30:00,66591.18,66795.2,66510.92,66743.44,1070.0,1400,0.0
2026-03-29 03:00:00,66743.77,67071.78,66693.33,66910.63,1280.0,1400,0.0
2026-03-29 03:30:00,66919.49,66949.36,66801.54,66848.88,827.0,1400,0.0
2026-03-29 04:00:00,66851.42,66881.32,66703.24,66759.07,907.0,1400,0.0
2026-03-29 04:30:00,66759.15,66793.78,66657.03,66682.29,864.0,1400,0.0
2026-03-29 05:00:00,66682.2,66699.71,66540.41,66580.68,1094.0,1400,0.0
2026-03-29 05:30:00,66579.98,66779.36,66537.65,66713.42,923.0,1400,0.0
2026-03-29 06:00:00,66710.39,66817.72,66581.88,66644.85,839.0,1400,0.0
2026-03-29 06:30:00,66636.75,66723.24,66597.17,66674.28,824.0,1400,0.0
2026-03-29 07:00:00,66672.71,66672.71,66492.91,66625.45,891.0,1400,0.0
2026-03-29 07:30:00,66626.15,66697.6,66543.23,66604.44,686.0,1400,0.0
2026-03-29 08:00:00,66602.41,66697.77,66536.62,66619.18,743.0,1400,0.0
2026-03-29 08:30:00,66620.7,66719.64,66616.58,66663.44,787.0,1400,0.0
2026-03-29 09:00:00,66663.78,66715.89,66523.68,66611.27,936.0,1400,0.0
2026-03-29 09:30:00,66611.07,66638.41,66475.25,66565.92,871.0,1400,0.0
2026-03-29 10:00:00,66563.68,66563.68,66370.51,66412.24,1021.0,1400,0.0
2026-03-29 10:30:00,66411.02,66521.27,66342.93,66452.09,962.0,1400,0.0
2026-03-29 11:00:00,66452.83,66804.51,66443.68,66777.43,1486.0,1400,0.0
2026-03-29 11:30:00,66780.09,66961.09,66709.23,66756.0,1158.0,1400,0.0
2026-03-29 12:00:00,66752.58,66794.06,66655.56,66726.47,996.0,1400,0.0
2026-03-29 12:30:00,66726.41,66813.16,66641.63,66787.32,933.0,1400,0.0
2026-03-29 13:00:00,66788.94,66816.55,66464.08,66575.68,1646.0,1400,0.0
2026-03-29 13:30:00,66574.85,66634.29,66470.81,66518.82,1087.0,1400,0.0
2026-03-29 14:00:00,66519.4,66735.92,66395.64,66477.6,1603.0,1400,0.0
2026-03-29 14:30:00,66478.01,66561.46,66432.35,66525.72,1108.0,1400,0.0
2026-03-29 15:00:00,66527.95,66664.62,66272.0,66369.15,1591.0,1400,0.0
2026-03-29 15:30:00,66374.85,66487.94,66258.74,66467.38,1238.0,1400,0.0
2026-03-29 16:00:00,66469.15,66602.87,66362.03,66554.33,1404.0,1400,0.0
2026-03-29 16:30:00,66556.93,66557.59,66415.83,66442.17,1074.0,1400,0.0
2026-03-29 17:00:00,66443.09,66485.49,66090.46,66200.48,1406.0,1400,0.0
2026-03-29 17:30:00,66190.11,66377.3,66168.09,66321.36,1105.0,1400,0.0
2026-03-29 18:00:00,66321.57,66414.48,66254.61,66338.26,942.0,1400,0.0
2026-03-29 18:30:00,66338.21,66496.63,66324.49,66361.92,883.0,1400,0.0
2026-03-29 19:00:00,66361.58,66413.96,66319.66,66364.33,778.0,1400,0.0
2026-03-29 19:30:00,66357.08,66426.04,66255.58,66288.81,750.0,1400,0.0
2026-03-29 20:00:00,66291.93,66742.26,66287.31,66647.97,1052.0,1400,0.0
2026-03-29 20:30:00,66650.55,66666.89,66505.3,66545.31,806.0,1400,0.0
2026-03-29 21:00:00,66548.8,66615.96,66452.27,66590.73,865.0,1400,0.0
2026-03-29 21:30:00,66591.19,66704.35,66541.98,66641.72,917.0,1400,0.0
2026-03-29 22:00:00,66648.25,66660.13,66158.6,66321.35,2357.0,1400,0.0
2026-03-29 22:30:00,66320.63,66369.69,64928.24,65802.24,6411.0,1400,0.0
2026-03-29 23:00:00,65802.52,66332.5,65797.95,65949.54,4214.0,1400,0.0
2026-03-29 23:30:00,65946.51,66116.16,65801.42,65958.48,2783.0,1400,0.0
2026-03-30 00:00:00,65960.82,67014.65,65726.93,66516.15,6172.0,1400,0.0
2026-03-30 00:30:00,66514.01,66684.19,66048.38,66206.93,4150.0,1400,0.0
2026-03-30 01:00:00,66211.98,66603.02,66211.98,66530.8,3427.0,1400,0.0
2026-03-30 01:30:00,66530.95,66772.94,66463.21,66595.4,2641.0,1400,0.0
2026-03-30 02:00:00,66597.71,66847.32,66506.23,66688.14,2457.0,1400,0.0
2026-03-30 02:30:00,66687.8,67434.3,66526.71,67054.69,3655.0,1400,0.0
2026-03-30 03:00:00,67053.3,67237.25,66904.98,67174.91,2216.0,1400,0.0
2026-03-30 03:30:00,67182.14,67259.81,67052.66,67103.35,1713.0,1400,0.0
2026-03-30 04:00:00,67103.32,67595.2,67089.58,67376.16,2565.0,1400,0.0
2026-03-30 04:30:00,67375.6,67586.89,67319.99,67543.82,1993.0,1400,0.0
2026-03-30 05:00:00,67549.39,67752.57,67512.77,67596.03,2213.0,1400,0.0
2026-03-30 05:30:00,67593.06,67642.39,67367.64,67435.34,1660.0,1400,0.0
2026-03-30 06:00:00,67434.62,67523.11,67204.54,67264.43,1723.0,1400,0.0
2026-03-30 06:30:00,67265.22,67367.66,67214.59,67242.22,1410.0,1400,0.0
2026-03-30 07:00:00,67238.96,67397.62,67159.62,67269.86,1345.0,1400,0.0
2026-03-30 07:30:00,67271.97,67583.09,67219.55,67560.65,1694.0,1400,0.0
2026-03-30 08:00:00,67554.24,67851.58,67534.37,67694.92,2264.0,1400,0.0
2026-03-30 08:30:00,67694.96,67886.79,67592.93,67600.91,1500.0,1400,0.0
2026-03-30 09:00:00,67599.03,67635.43,67439.75,67455.26,1269.0,1400,0.0
2026-03-30 09:30:00,67455.07,67530.17,67393.85,67428.08,1063.0,1400,0.0
2026-03-30 10:00:00,67428.43,67439.17,67331.07,67353.18,1060.0,1400,0.0
2026-03-30 10:30:00,67354.3,67460.7,67297.52,67432.64,1037.0,1400,0.0
2026-03-30 11:00:00,67436.33,67950.45,67419.34,67621.6,2132.0,1400,0.0
2026-03-30 11:30:00,67628.37,67690.98,67448.1,67622.02,1828.0,1400,0.0
2026-03-30 12:00:00,67624.05,67926.72,67597.27,67801.4,1716.0,1400,0.0
2026-03-30 12:30:00,67805.71,67914.07,67749.37,67842.08,1369.0,1400,0.0
2026-03-30 13:00:00,67846.16,68126.43,67782.81,67818.95,1969.0,1400,0.0
2026-03-30 13:30:00,67815.82,67991.02,67376.21,67467.86,3489.0,1400,0.0
2026-03-30 14:00:00,67467.97,67710.82,67172.42,67256.46,3301.0,1400,0.0
2026-03-30 14:30:00,67254.34,67824.68,67028.61,67743.58,4100.0,1400,0.0
2026-03-30 15:00:00,67735.43,67854.66,67351.01,67473.02,2996.0,1400,0.0
2026-03-30 15:30:00,67478.04,67850.7,67408.35,67575.07,2462.0,1400,0.0
2026-03-30 16:00:00,67572.46,67597.2,67227.34,67293.36,2115.0,1400,0.0
2026-03-30 16:30:00,67290.21,67447.38,67157.89,67307.47,1744.0,1400,0.0
2026-03-30 17:00:00,67308.06,67416.2,66581.89,66756.38,2657.0,1400,0.0
2026-03-30 17:30:00,66749.48,66934.16,66690.17,66773.22,2490.0,1400,0.0
2026-03-30 18:00:00,66773.76,66865.15,66510.39,66640.54,1921.0,1400,0.0
2026-03-30 18:30:00,66643.9,66760.09,66436.94,66591.07,1822.0,1400,0.0
2026-03-30 19:00:00,66588.27,66610.43,66166.73,66251.96,2224.0,1400,0.0
2026-03-30 19:30:00,66252.15,66522.98,66178.71,66480.68,1975.0,1400,0.0
2026-03-30 20:00:00,66480.31,66631.52,66453.8,66589.24,1266.0,1400,0.0
2026-03-30 20:30:00,66589.15,66619.39,66480.9,66591.45,1034.0,1400,0.0
2026-03-30 21:00:00,66586.56,66930.74,66526.48,66788.16,1382.0,1400,0.0
2026-03-30 21:30:00,66792.31,66927.76,66730.01,66743.09,1251.0,1400,0.0
2026-03-30 22:00:00,66742.72,66947.53,66640.49,66757.23,1439.0,1400,0.0
2026-03-30 22:30:00,66757.44,66809.92,66626.58,66719.54,981.0,1400,0.0
2026-03-30 23:00:00,66718.3,66730.24,66349.27,66641.04,1801.0,1400,0.0
2026-03-30 23:30:00,66640.39,66746.11,66600.4,66741.98,952.0,1400,0.0
2026-03-31 00:00:00,66736.85,66767.53,66473.7,66754.73,2048.0,1400,0.0
2026-03-31 00:30:00,66757.91,67253.32,66706.71,67161.41,3101.0,1400,0.0
2026-03-31 01:00:00,67156.91,67825.75,66987.15,67722.51,3182.0,1400,0.0
2026-03-31 01:30:00,67723.48,68352.27,67671.88,67872.9,4084.0,1400,0.0
2026-03-31 02:00:00,67869.91,68046.51,67711.5,67987.44,2122.0,1400,0.0
2026-03-31 02:30:00,67987.48,68038.89,67777.51,67886.76,1491.0,1400,0.0
2026-03-31 03:00:00,67885.05,67953.7,67746.39,67785.86,1476.0,1400,0.0
2026-03-31 03:30:00,67783.59,67872.11,67585.97,67649.08,1502.0,1400,0.0
2026-03-31 04:00:00,67649.85,67828.74,67425.47,67543.33,1741.0,1400,0.0
2026-03-31 04:30:00,67543.07,67630.46,67452.26,67484.1,1380.0,1400,0.0
2026-03-31 05:00:00,67482.99,67603.73,67331.61,67567.16,1639.0,1400,0.0
2026-03-31 05:30:00,67563.74,67734.19,67503.63,67624.94,1534.0,1400,0.0
2026-03-31 06:00:00,67625.11,67652.18,67265.64,67355.62,1645.0,1400,0.0
2026-03-31 06:30:00,67354.05,67478.56,67276.85,67430.16,1402.0,1400,0.0
2026-03-31 07:00:00,67436.81,67465.81,67037.39,67235.3,1907.0,1400,0.0
2026-03-31 07:30:00,67232.69,67379.03,67149.22,67309.52,1388.0,1400,0.0
2026-03-31 08:00:00,67309.48,67443.3,67169.95,67245.62,1564.0,1400,0.0
2026-03-31 08:30:00,67245.17,67253.73,66613.43,66709.16,2517.0,1400,0.0
2026-03-31 09:00:00,66708.61,66855.19,66279.05,66372.92,2513.0,1400,0.0
2026-03-31 09:30:00,66375.61,66458.48,65916.86,66069.88,2561.0,1400,0.0
2026-03-31 10:00:00,66070.53,66405.99,66030.53,66323.04,1683.0,1400,0.0
2026-03-31 10:30:00,66321.08,66412.94,66153.66,66306.4,1543.0,1400,0.0
2026-03-31 11:00:00,66307.91,66816.78,66174.54,66582.55,3153.0,1400,0.0
2026-03-31 11:30:00,66582.08,66775.83,66499.63,66616.84,1671.0,1400,0.0
2026-03-31 12:00:00,66625.18,66772.61,66445.98,66732.48,2120.0,1400,0.0
2026-03-31 12:30:00,66729.54,66875.18,66578.01,66583.28,1802.0,1400,0.0
2026-03-31 13:00:00,66595.56,66899.66,66593.85,66736.85,1517.0,1400,0.0
2026-03-31 13:30:00,66733.85,67356.98,66658.46,67240.43,4534.0,1400,0.0
2026-03-31 14:00:00,67230.09,67730.65,67050.68,67667.98,4379.0,1400,0.0
2026-03-31 14:30:00,67661.64,67694.65,66350.71,66521.22,4467.0,1400,0.0
2026-03-31 15:00:00,66524.06,67229.91,66524.06,66900.5,4257.0,1400,0.0
2026-03-31 15:30:00,66897.09,67101.07,66638.02,66681.13,3013.0,1400,0.0
2026-03-31 16:00:00,66683.09,67141.99,66668.6,67035.38,2423.0,1400,0.0
2026-03-31 16:30:00,67031.77,67961.62,66887.81,67606.58,7182.0,1400,0.0
2026-03-31 17:00:00,67598.45,68538.96,67507.2,67971.04,5482.0,1400,0.0
2026-03-31 17:30:00,67970.72,68061.3,67334.63,67468.37,3836.0,1400,0.0
2026-03-31 18:00:00,67470.34,67889.36,67456.48,67716.68,2483.0,1400,0.0
2026-03-31 18:30:00,67718.87,67883.1,67574.37,67780.8,1877.0,1400,0.0
2026-03-31 19:00:00,67780.14,67977.42,67767.77,67809.91,1927.0,1400,0.0
2026-03-31 19:30:00,67810.03,67904.54,67640.05,67768.37,1968.0,1400,0.0
2026-03-31 20:00:00,67763.7,68142.24,67759.63,67930.66,1787.0,1400,0.0
2026-03-31 20:30:00,67927.15,68207.62,67873.4,68194.51,1358.0,1400,0.0
2026-03-31 21:00:00,68185.58,68185.58,67819.41,67961.08,1435.0,1400,0.0
2026-03-31 21:30:00,67969.42,68355.94,67958.63,68204.57,1676.0,1400,0.0
2026-03-31 22:00:00,68204.0,68283.28,67985.74,68054.9,1490.0,1400,0.0
2026-03-31 22:30:00,68053.83,68185.92,67891.6,68108.19,1218.0,1400,0.0
2026-03-31 23:00:00,68111.59,68314.54,68026.08,68202.41,1479.0,1400,0.0
2026-03-31 23:30:00,68201.37,68302.79,68143.64,68217.7,1288.0,1400,0.0
2026-04-01 00:00:00,68208.03,68208.03,67836.13,67941.62,1983.0,1400,0.0
2026-04-01 00:30:00,67938.75,68282.67,67787.13,68261.76,1807.0,1400,0.0
2026-04-01 01:00:00,68263.52,68309.37,67950.94,67983.13,1792.0,1400,0.0
2026-04-01 01:30:00,67984.81,68036.65,67691.07,67724.22,1686.0,1400,0.0
2026-04-01 02:00:00,67724.29,67856.42,67531.4,67582.07,1773.0,1400,0.0
2026-04-01 02:30:00,67579.53,67683.7,67508.36,67605.01,1503.0,1400,0.0
2026-04-01 03:00:00,67602.17,68057.9,67602.17,67912.67,1606.0,1400,0.0
2026-04-01 03:30:00,67914.41,68183.24,67842.12,68109.8,1398.0,1400,0.0
2026-04-01 04:00:00,68105.68,68204.78,67934.93,68094.55,1474.0,1400,0.0
2026-04-01 04:30:00,68094.63,68431.28,68039.87,68253.58,1332.0,1400,0.0
2026-04-01 05:00:00,68252.27,68717.37,68091.7,68527.22,2107.0,1400,0.0
2026-04-01 05:30:00,68530.59,68603.73,68381.37,68400.67,1543.0,1400,0.0
2026-04-01 06:00:00,68396.21,68842.06,68394.53,68800.08,2068.0,1400,0.0
2026-04-01 06:30:00,68800.15,69206.32,68745.91,69061.52,2327.0,1400,0.0
2026-04-01 07:00:00,69061.99,69287.55,68824.63,68865.78,2083.0,1400,0.0
2026-04-01 07:30:00,68867.33,68964.22,68631.84,68654.56,1738.0,1400,0.0
2026-04-01 08:00:00,68640.93,68740.97,68425.32,68707.49,1941.0,1400,0.0
2026-04-01 08:30:00,68708.6,68822.16,68518.68,68627.8,1596.0,1400,0.0
2026-04-01 09:00:00,68620.37,68703.63,68355.17,68523.32,1614.0,1400,0.0
2026-04-01 09:30:00,68524.9,68674.31,68365.42,68616.52,1325.0,1400,0.0
2026-04-01 10:00:00,68616.6,68640.86,68448.79,68500.99,1264.0,1400,0.0
2026-04-01 10:30:00,68500.91,68602.25,68370.44,68550.34,1363.0,1400,0.0
2026-04-01 11:00:00,68551.49,68645.13,68476.55,68531.35,1265.0,1400,0.0
2026-04-01 11:30:00,68537.29,68716.79,68508.42,68687.01,1221.0,1400,0.0
2026-04-01 12:00:00,68682.83,68703.55,68429.79,68492.38,1363.0,1400,0.0
2026-04-01 12:30:00,68498.37,68769.07,68219.08,68370.55,3249.0,1400,0.0
2026-04-01 13:00:00,68370.41,68574.41,68123.1,68532.48,2152.0,1400,0.0
2026-04-01 13:30:00,68536.76,68656.0,67891.59,68093.83,4775.0,1400,0.0
2026-04-01 14:00:00,68080.26,68491.7,68022.46,68491.7,3626.0,1400,0.0
2026-04-01 14:30:00,68493.14,68665.31,68226.79,68566.87,3256.0,1400,0.0
2026-04-01 15:00:00,68572.79,68889.32,68391.46,68729.02,2618.0,1400,0.0
2026-04-01 15:30:00,68726.96,68945.76,68632.77,68895.08,2237.0,1400,0.0
2026-04-01 16:00:00,68894.75,68925.75,68580.03,68845.84,2007.0,1400,0.0
2026-04-01 16:30:00,68848.3,68976.27,68685.82,68794.13,2099.0,1400,0.0
2026-04-01 17:00:00,68793.28,69150.61,68467.92,68505.76,2481.0,1400,0.0
2026-04-01 17:30:00,68507.19,68524.35,68216.96,68252.22,2085.0,1400,0.0
2026-04-01 18:00:00,68251.57,68273.35,67905.87,68067.6,2676.0,1400,0.0
2026-04-01 18:30:00,68067.7,68302.03,67970.67,68062.16,2033.0,1400,0.0
2026-04-01 19:00:00,68062.67,68258.96,68003.17,68247.92,1451.0,1400,0.0
2026-04-01 19:30:00,68248.21,68276.11,68045.14,68156.92,1743.0,1400,0.0
2026-04-01 20:00:00,68142.42,68179.28,67980.86,68045.1,1276.0,1400,0.0
2026-04-01 20:30:00,68045.01,68236.29,67943.92,68183.94,1010.0,1400,0.0
2026-04-01 21:00:00,68183.86,68534.65,68154.01,68423.42,1246.0,1400,0.0
2026-04-01 21:30:00,68424.07,68504.21,68254.3,68343.85,1362.0,1400,0.0
2026-04-01 22:00:00,68341.46,68343.49,68058.92,68174.08,1660.0,1400,0.0
2026-04-01 22:30:00,68175.25,68308.47,68057.48,68109.08,1363.0,1400,0.0
2026-04-01 23:00:00,68111.68,68244.01,68073.44,68116.5,1205.0,1400,0.0
2026-04-01 23:30:00,68107.12,68169.88,67975.67,68110.81,1369.0,1400,0.0
2026-04-02 00:00:00,68109.36,68266.84,68031.36,68201.14,1797.0,1400,0.0
2026-04-02 00:30:00,68200.76,68650.13,68186.63,68581.39,2006.0,1400,0.0
2026-04-02 01:00:00,68580.09,68580.09,67253.33,67563.99,9425.0,1400,0.0
2026-04-02 01:30:00,67563.23,67579.99,67020.74,67347.73,4987.0,1400,0.0
2026-04-02 02:00:00,67341.5,67342.93,66746.43,66885.77,3632.0,1400,0.0
2026-04-02 02:30:00,66886.63,67038.17,66618.65,66841.52,2510.0,1400,0.0
2026-04-02 03:00:00,66845.36,66956.6,66613.97,66855.28,1935.0,1400,0.0
2026-04-02 03:30:00,66854.64,66875.42,66477.4,66552.79,1822.0,1400,0.0
2026-04-02 04:00:00,66553.85,66637.88,66344.57,66401.81,1711.0,1400,0.0
2026-04-02 04:30:00,66402.34,66436.82,66190.08,66315.83,1470.0,1400,0.0
2026-04-02 05:00:00,66315.18,66479.19,66286.66,66460.13,1362.0,1400,0.0
2026-04-02 05:30:00,66462.03,66634.2,66370.61,66568.56,1356.0,1400,0.0
2026-04-02 06:00:00,66578.62,66801.38,66537.11,66621.67,1249.0,1400,0.0
2026-04-02 06:30:00,66617.9,66676.38,66522.86,66661.08,1205.0,1400,0.0
2026-04-02 07:00:00,66661.32,66697.64,66533.21,66668.26,1215.0,1400,0.0
2026-04-02 07:30:00,66670.25,66916.71,66658.99,66900.35,1121.0,1400,0.0
2026-04-02 08:00:00,66901.28,66902.76,66566.12,66657.55,1190.0,1400,0.0
2026-04-02 08:30:00,66658.47,66721.48,66384.61,66429.19,1144.0,1400,0.0
2026-04-02 09:00:00,66425.97,66493.72,66258.07,66455.18,1400.0,1400,0.0
2026-04-02 09:30:00,66454.66,66490.13,66342.34,66439.81,1087.0,1400,0.0
2026-04-02 10:00:00,66448.64,66482.95,66191.36,66348.93,1479.0,1400,0.0
2026-04-02 10:30:00,66348.03,66492.99,66334.86,66441.51,1223.0,1400,0.0
2026-04-02 11:00:00,66443.65,66470.0,66095.0,66419.52,1561.0,1400,0.0
2026-04-02 11:30:00,66418.97,66460.39,66147.0,66185.03,1158.0,1400,0.0
2026-04-02 12:00:00,66188.93,66220.47,65930.74,66122.61,2282.0,1400,0.0
2026-04-02 12:30:00,66126.7,66226.94,65978.32,66034.07,1396.0,1400,0.0
2026-04-02 13:00:00,66035.69,66173.77,65859.35,66126.67,2137.0,1400,0.0
2026-04-02 13:30:00,66122.01,66264.11,65685.35,66243.4,4550.0,1400,0.0
2026-04-02 14:00:00,66247.25,66478.4,66140.04,66238.65,3344.0,1400,0.0
2026-04-02 14:30:00,66239.47,67099.36,66229.67,66842.46,6435.0,1400,0.0
2026-04-02 15:00:00,66841.47,66960.75,66620.67,66817.89,3290.0,1400,0.0
2026-04-02 15:30:00,66827.21,66980.63,66684.99,66834.9,2261.0,1400,0.0
2026-04-02 16:00:00,66829.11,66952.93,66728.85,66856.1,2264.0,1400,0.0
2026-04-02 16:30:00,66854.06,67261.54,66829.27,67077.83,2353.0,1400,0.0
2026-04-02 17:00:00,67078.01,67430.16,66834.59,67232.13,2216.0,1400,0.0
2026-04-02 17:30:00,67227.32,67261.59,66643.93,66672.9,1752.0,1400,0.0
2026-04-02 18:00:00,66672.41,66825.72,66576.8,66614.74,1832.0,1400,0.0
2026-04-02 18:30:00,66614.89,67064.32,66614.89,66964.71,1506.0,1400,0.0
2026-04-02 19:00:00,66964.79,67102.6,66910.94,67023.03,1398.0,1400,0.0
2026-04-02 19:30:00,67021.99,67051.77,66858.58,66967.25,1404.0,1400,0.0
2026-04-02 20:00:00,66970.99,67051.11,66775.96,67031.17,1116.0,1400,0.0
2026-04-02 20:30:00,67032.47,67096.32,66918.65,66924.14,955.0,1400,0.0
2026-04-02 21:00:00,66934.59,67011.19,66707.49,66828.61,1055.0,1400,0.0
2026-04-02 21:30:00,66829.97,66940.0,66750.91,66929.81,884.0,1400,0.0
2026-04-02 22:00:00,66927.7,67014.8,66807.87,66898.28,1183.0,1400,0.0
2026-04-02 22:30:00,66901.69,67032.43,66901.63,66981.88,937.0,1400,0.0
2026-04-02 23:00:00,66981.95,67094.14,66911.83,66927.76,1118.0,1400,0.0
2026-04-02 23:30:00,66925.78,66956.46,66837.51,66887.93,850.0,1400,0.0
2026-04-03 00:00:00,66890.27,66991.68,66761.16,66817.79,1179.0,1400,0.0
2026-04-03 00:30:00,66817.14,66906.19,66688.8,66775.58,1197.0,1400,0.0
2026-04-03 01:00:00,66774.18,66884.15,66718.75,66849.65,1235.0,1400,0.0
2026-04-03 01:30:00,66851.26,66895.95,66464.64,66616.61,1718.0,1400,0.0
2026-04-03 02:00:00,66607.6,66739.83,66391.76,66453.77,1779.0,1400,0.0
2026-04-03 02:30:00,66459.24,66536.28,66263.59,66523.21,1828.0,1400,0.0
2026-04-03 03:00:00,66523.14,66717.76,66475.5,66618.26,1204.0,1400,0.0
2026-04-03 03:30:00,66618.19,66694.82,66510.33,66571.76,1009.0,1400,0.0
2026-04-03 04:00:00,66571.75,66691.95,66524.41,66529.97,1043.0,1400,0.0
2026-04-03 04:30:00,66530.04,66666.74,66488.04,66597.04,1123.0,1400,0.0
2026-04-03 05:00:00,66605.77,66663.16,66397.72,66565.85,1021.0,1400,0.0
2026-04-03 05:30:00,66568.51,66806.36,66507.53,66603.07,1450.0,1400,0.0
2026-04-03 06:00:00,66598.41,66689.5,66541.08,66615.86,1264.0,1400,0.0
2026-04-03 06:30:00,66614.2,66791.27,66568.69,66785.18,1287.0,1400,0.0
2026-04-03 07:00:00,66782.99,66944.99,66743.25,66936.13,1420.0,1400,0.0
2026-04-03 07:30:00,66930.91,67261.27,66908.31,67040.71,1733.0,1400,0.0
2026-04-03 08:00:00,67036.47,67286.44,67014.44,67051.71,1389.0,1400,0.0
2026-04-03 08:30:00,67051.7,67121.04,66892.11,66960.74,1244.0,1400,0.0
2026-04-03 09:00:00,66956.09,66998.2,66732.04,66811.9,1127.0,1400,0.0
2026-04-03 09:30:00,66815.58,66913.88,66779.55,66857.41,815.0,1400,0.0
2026-04-03 10:00:00,66854.52,66871.73,66748.72,66750.75,1023.0,1400,0.0
2026-04-03 10:30:00,66751.78,66891.27,66665.27,66867.89,965.0,1400,0.0
2026-04-03 11:00:00,66870.3,66956.29,66817.56,66934.05,989.0,1400,0.0
2026-04-03 11:30:00,66928.55,67057.34,66902.97,67010.15,933.0,1400,0.0
2026-04-03 12:00:00,67012.34,67142.98,66928.67,67115.0,1148.0,1400,0.0
2026-04-03 12:30:00,67118.92,67371.51,66629.33,66709.25,2617.0,1400,0.0
2026-04-03 13:00:00,66722.17,66736.9,66550.6,66679.07,1645.0,1400,0.0
2026-04-03 13:30:00,66677.8,66680.75,66501.85,66669.62,1353.0,1400,0.0
2026-04-03 14:00:00,66664.96,66994.06,66619.62,66898.77,1450.0,1400,0.0
2026-04-03 14:30:00,66900.8,66976.23,66793.61,66926.92,1125.0,1400,0.0
2026-04-03 15:00:00,66922.63,67016.25,66853.66,66915.02,1128.0,1400,0.0
2026-04-03 15:30:00,66916.09,66970.29,66794.66,66815.77,1058.0,1400,0.0
2026-04-03 16:00:00,66822.89,66988.34,66804.63,66972.9,811.0,1400,0.0
2026-04-03 16:30:00,66971.8,67070.11,66916.54,66993.08,954.0,1400,0.0
2026-04-03 17:00:00,66994.87,67068.23,66745.85,66863.68,1139.0,1400,0.0
2026-04-03 17:30:00,66865.58,66953.52,66796.05,66833.71,843.0,1400,0.0
2026-04-03 18:00:00,66829.81,66920.1,66766.07,66869.2,757.0,1400,0.0
2026-04-03 18:30:00,66869.07,66909.05,66786.87,66809.83,614.0,1400,0.0
2026-04-03 19:00:00,66812.98,66845.39,66761.51,66781.36,819.0,1400,0.0
2026-04-03 19:30:00,66780.55,66902.95,66763.02,66869.51,732.0,1400,0.0
2026-04-03 20:00:00,66869.42,66898.71,66833.37,66868.56,651.0,1400,0.0
2026-04-03 20:30:00,66867.73,66908.22,66817.21,66819.77,599.0,1400,0.0
2026-04-03 21:00:00,66821.31,66923.31,66808.88,66876.91,698.0,1400,0.0
2026-04-03 21:30:00,66879.03,66978.53,66866.33,66951.59,659.0,1400,0.0
2026-04-03 22:00:00,66957.15,66967.82,66834.31,66902.4,855.0,1400,0.0
2026-04-03 22:30:00,66902.12,66956.62,66840.49,66879.24,694.0,1400,0.0
2026-04-03 23:00:00,66878.11,66903.16,66823.53,66848.58,548.0,1400,0.0
2026-04-03 23:30:00,66849.78,66948.17,66815.7,66947.74,653.0,1400,0.0
2026-04-04 00:00:00,66947.52,66954.1,66864.0,66908.02,650.0,1400,0.0
2026-04-04 00:30:00,66907.4,66951.97,66876.16,66891.37,588.0,1400,0.0
2026-04-04 01:00:00,66891.79,66918.2,66829.47,66829.47,609.0,1400,0.0
2026-04-04 01:30:00,66830.96,66859.39,66817.71,66843.28,466.0,1400,0.0
2026-04-04 02:00:00,66843.99,66909.57,66802.79,66821.27,627.0,1400,0.0
2026-04-04 02:30:00,66822.77,66878.39,66793.27,66833.32,576.0,1400,0.0
2026-04-04 03:00:00,66833.08,66896.25,66833.08,66843.74,540.0,1400,0.0
2026-04-04 03:30:00,66844.87,66857.79,66815.66,66819.57,418.0,1400,0.0
2026-04-04 04:00:00,66818.73,66849.2,66764.09,66849.2,489.0,1400,0.0
2026-04-04 04:30:00,66850.8,66860.65,66830.27,66852.24,376.0,1400,0.0
2026-04-04 05:00:00,66855.65,66886.99,66831.0,66863.39,646.0,1400,0.0
2026-04-04 05:30:00,66863.5,66921.87,66854.11,66894.5,546.0,1400,0.0
2026-04-04 06:00:00,66894.5,66958.41,66894.5,66939.55,599.0,1400,0.0
2026-04-04 06:30:00,66939.92,67046.59,66905.76,67001.46,583.0,1400,0.0
2026-04-04 07:00:00,67005.46,67024.22,66920.6,66944.39,505.0,1400,0.0
2026-04-04 07:30:00,66946.59,67043.93,66937.02,66997.17,488.0,1400,0.0
2026-04-04 08:00:00,67004.79,67049.93,66974.56,67028.47,588.0,1400,0.0
2026-04-04 08:30:00,67025.93,67030.05,66892.13,66929.09,527.0,1400,0.0
2026-04-04 09:00:00,66934.81,66981.54,66904.1,66964.88,598.0,1400,0.0
2026-04-04 09:30:00,66960.66,66974.41,66940.92,66972.45,454.0,1400,0.0
2026-04-04 10:00:00,66967.35,67010.53,66894.8,66922.68,555.0,1400,0.0
2026-04-04 10:30:00,66919.68,67169.84,66905.88,67151.61,700.0,1400,0.0
2026-04-04 11:00:00,67153.08,67231.57,67090.35,67110.19,744.0,1400,0.0
2026-04-04 11:30:00,67107.92,67146.44,67066.14,67146.44,530.0,1400,0.0
2026-04-04 12:00:00,67140.07,67171.81,67065.92,67097.84,641.0,1400,0.0
2026-04-04 12:30:00,67099.06,67115.93,67046.35,67079.69,594.0,1400,0.0
2026-04-04 13:00:00,67083.66,67124.12,67064.19,67100.48,575.0,1400,0.0
2026-04-04 13:30:00,67100.91,67270.33,67080.3,67187.87,779.0,1400,0.0
2026-04-04 14:00:00,67186.0,67210.12,67172.08,67178.7,505.0,1400,0.0
2026-04-04 14:30:00,67178.5,67200.06,67017.73,67191.46,601.0,1400,0.0
2026-04-04 15:00:00,67191.4,67568.78,67162.19,67318.05,1329.0,1400,0.0
2026-04-04 15:30:00,67316.41,67379.78,67262.0,67372.23,664.0,1400,0.0
2026-04-04 16:00:00,67377.4,67473.04,67306.67,67420.45,745.0,1400,0.0
2026-04-04 16:30:00,67425.34,67517.73,67330.94,67357.57,924.0,1400,0.0
2026-04-04 17:00:00,67357.5,67407.28,67268.6,67374.54,702.0,1400,0.0
2026-04-04 17:30:00,67372.69,67389.4,67304.25,67319.95,540.0,1400,0.0
2026-04-04 18:00:00,67317.51,67367.96,67268.94,67318.6,638.0,1400,0.0
2026-04-04 18:30:00,67317.57,67320.63,67238.44,67281.57,555.0,1400,0.0
2026-04-04 19:00:00,67290.43,67541.62,67289.19,67354.55,1019.0,1400,0.0
2026-04-04 19:30:00,67354.64,67366.52,67257.25,67274.28,652.0,1400,0.0
2026-04-04 20:00:00,67276.74,67278.43,67166.68,67254.24,505.0,1400,0.0
2026-04-04 20:30:00,67249.83,67291.82,67234.88,67260.26,567.0,1400,0.0
2026-04-04 21:00:00,67259.65,67279.47,67203.38,67260.8,482.0,1400,0.0
2026-04-04 21:30:00,67260.37,67470.12,67247.89,67346.99,764.0,1400,0.0
2026-04-04 22:00:00,67347.57,67432.43,67318.72,67403.72,741.0,1400,0.0
2026-04-04 22:30:00,67403.66,67456.16,67354.18,67386.03,537.0,1400,0.0
2026-04-04 23:00:00,67385.89,67389.13,67291.78,67291.84,527.0,1400,0.0
2026-04-04 23:30:00,67291.95,67318.03,67226.14,67288.25,657.0,1400,0.0
2026-04-05 00:00:00,67293.67,67296.86,67213.2,67246.49,722.0,1400,0.0
2026-04-05 00:30:00,67241.22,67256.85,67141.73,67189.85,593.0,1400,0.0
2026-04-05 01:00:00,67187.71,67221.0,67096.44,67114.86,578.0,1400,0.0
2026-04-05 01:30:00,67114.65,67117.71,67056.51,67067.64,570.0,1400,0.0
2026-04-05 02:00:00,67074.1,67143.93,66929.0,67109.39,873.0,1400,0.0
2026-04-05 02:30:00,67107.1,67166.89,67091.69,67153.5,511.0,1400,0.0
2026-04-05 03:00:00,67151.93,67179.61,67115.95,67133.46,477.0,1400,0.0
2026-04-05 03:30:00,67130.88,67136.68,67069.03,67131.02,513.0,1400,0.0
2026-04-05 04:00:00,67124.64,67171.47,67048.58,67163.87,660.0,1400,0.0
2026-04-05 04:30:00,67163.86,67177.23,67062.83,67078.82,563.0,1400,0.0
2026-04-05 05:00:00,67079.99,67137.1,67030.62,67066.4,633.0,1400,0.0
2026-04-05 05:30:00,67063.46,67088.7,66854.31,66922.73,809.0,1400,0.0
2026-04-05 06:00:00,66923.17,66936.9,66589.18,66748.13,1479.0,1400,0.0
2026-04-05 06:30:00,66750.32,66843.26,66746.74,66785.16,768.0,1400,0.0
2026-04-05 07:00:00,66786.26,66894.75,66771.46,66801.22,738.0,1400,0.0
2026-04-05 07:30:00,66801.29,66811.53,66697.98,66805.33,690.0,1400,0.0
2026-04-05 08:00:00,66803.77,66893.83,66794.19,66849.86,654.0,1400,0.0
2026-04-05 08:30:00,66846.17,66930.51,66815.48,66914.89,638.0,1400,0.0
2026-04-05 09:00:00,66922.99,67008.47,66872.01,66993.37,807.0,1400,0.0
2026-04-05 09:30:00,66993.9,67031.93,66946.21,67005.25,499.0,1400,0.0
2026-04-05 10:00:00,67002.87,67016.24,66937.63,66970.71,593.0,1400,0.0
2026-04-05 10:30:00,66970.64,67139.35,66957.61,67021.56,750.0,1400,0.0
2026-04-05 11:00:00,67022.67,67070.65,66973.62,66992.99,694.0,1400,0.0
2026-04-05 11:30:00,66997.22,67005.3,66952.46,66978.67,623.0,1400,0.0
2026-04-05 12:00:00,66977.76,66979.19,66864.66,66871.17,759.0,1400,0.0
2026-04-05 12:30:00,66871.16,66880.39,66659.65,66767.81,1361.0,1400,0.0
2026-04-05 13:00:00,66757.59,66845.82,66688.19,66696.28,864.0,1400,0.0
2026-04-05 13:30:00,66696.02,66903.52,66674.76,66875.09,886.0,1400,0.0
2026-04-05 14:00:00,66866.79,66950.52,66788.29,66884.52,763.0,1400,0.0
2026-04-05 14:30:00,66888.18,66951.51,66865.79,66905.26,585.0,1400,0.0
2026-04-05 15:00:00,66905.18,67524.27,66804.99,67480.93,1759.0,1400,0.0
2026-04-05 15:30:00,67489.48,67832.45,67245.15,67281.84,2271.0,1400,0.0
2026-04-05 16:00:00,67282.0,67376.42,67250.82,67296.08,1018.0,1400,0.0
2026-04-05 16:30:00,67295.96,67393.96,67147.59,67191.25,944.0,1400,0.0
2026-04-05 17:00:00,67192.39,67325.89,67157.86,67304.37,886.0,1400,0.0
2026-04-05 17:30:00,67304.81,67382.17,67275.86,67345.5,835.0,1400,0.0
2026-04-05 18:00:00,67330.31,67347.41,67244.87,67280.75,640.0,1400,0.0
2026-04-05 18:30:00,67277.91,67435.36,67277.91,67388.61,846.0,1400,0.0
2026-04-05 19:00:00,67384.48,67547.36,67336.07,67447.27,863.0,1400,0.0
2026-04-05 19:30:00,67449.45,67451.79,67258.51,67336.43,686.0,1400,0.0
2026-04-05 20:00:00,67337.06,67473.76,67306.03,67454.23,608.0,1400,0.0
2026-04-05 20:30:00,67454.17,67688.52,67438.8,67638.96,957.0,1400,0.0
2026-04-05 21:00:00,67638.83,67638.83,67385.55,67457.33,867.0,1400,0.0
2026-04-05 21:30:00,67459.55,67668.93,67403.48,67526.37,1209.0,1400,0.0
2026-04-05 22:00:00,67512.34,67788.15,67316.88,67416.29,2362.0,1400,0.0
2026-04-05 22:30:00,67407.91,68351.75,67385.75,68314.45,2856.0,1400,0.0
2026-04-05 23:00:00,68318.08,68958.83,68230.95,68777.29,4032.0,1400,0.0
2026-04-05 23:30:00,68776.78,69118.17,68764.87,69000.91,2046.0,1400,0.0
2026-04-06 00:00:00,69002.51,69585.18,69001.53,69151.78,3841.0,1400,0.0
2026-04-06 00:30:00,69147.73,69423.04,69040.77,69058.11,2187.0,1400,0.0
2026-04-06 01:00:00,69055.92,69112.52,68801.58,68958.45,1929.0,1400,0.0
2026-04-06 01:30:00,68957.27,68957.27,68760.02,68786.16,1680.0,1400,0.0
2026-04-06 02:00:00,68784.11,69302.18,68739.97,69199.97,2882.0,1400,0.0
2026-04-06 02:30:00,69200.83,69391.32,69152.58,69190.44,1664.0,1400,0.0
2026-04-06 03:00:00,69188.25,69234.62,69030.65,69154.09,1521.0,1400,0.0
2026-04-06 03:30:00,69155.21,69212.44,69032.63,69100.67,1120.0,1400,0.0
2026-04-06 04:00:00,69100.6,69180.87,68940.99,68976.94,1107.0,1400,0.0
2026-04-06 04:30:00,68980.5,69195.35,68966.67,69111.65,1077.0,1400,0.0
2026-04-06 05:00:00,69117.76,69201.57,69056.81,69149.66,943.0,1400,0.0
2026-04-06 05:30:00,69150.43,69226.69,69121.4,69174.1,847.0,1400,0.0
2026-04-06 06:00:00,69166.41,69341.62,68780.8,68823.68,1533.0,1400,0.0
2026-04-06 06:30:00,68824.04,69084.31,68812.58,68965.86,1491.0,1400,0.0
2026-04-06 07:00:00,68966.24,69086.87,68806.9,69051.08,1118.0,1400,0.0
2026-04-06 07:30:00,69050.45,69198.9,68928.18,69096.73,1249.0,1400,0.0
2026-04-06 08:00:00,69100.04,69237.44,69054.52,69209.19,1162.0,1400,0.0
2026-04-06 08:30:00,69209.12,69340.31,69180.87,69202.01,1128.0,1400,0.0
2026-04-06 09:00:00,69205.61,70269.91,69188.2,69929.71,3357.0,1400,0.0
2026-04-06 09:30:00,69931.03,69974.18,69680.52,69725.46,1664.0,1400,0.0
2026-04-06 10:00:00,69728.85,69873.21,69714.33,69761.49,1277.0,1400,0.0
2026-04-06 10:30:00,69758.24,69980.99,69688.8,69763.57,1475.0,1400,0.0
2026-04-06 11:00:00,69762.04,69762.04,69575.25,69617.56,1049.0,1400,0.0
2026-04-06 11:30:00,69616.58,69713.26,69552.61,69617.08,1029.0,1400,0.0
2026-04-06 12:00:00,69615.27,69633.09,69413.89,69459.22,1195.0,1400,0.0
2026-04-06 12:30:00,69459.29,69540.97,69305.93,69366.5,1197.0,1400,0.0
2026-04-06 13:00:00,69372.6,69484.15,69314.67,69467.15,976.0,1400,0.0
2026-04-06 13:30:00,69467.68,69547.75,69225.25,69420.54,3359.0,1400,0.0
2026-04-06 14:00:00,69420.56,69694.45,69119.49,69543.04,3306.0,1400,0.0
2026-04-06 14:30:00,69544.49,69815.67,69292.81,69647.78,3424.0,1400,0.0
2026-04-06 15:00:00,69650.34,69801.62,69520.48,69736.91,2488.0,1400,0.0
2026-04-06 15:30:00,69743.8,69978.33,69649.23,69966.55,2028.0,1400,0.0
2026-04-06 16:00:00,69970.06,70124.24,69853.41,69905.52,1769.0,1400,0.0
2026-04-06 16:30:00,69911.47,70366.12,69782.79,69806.23,2447.0,1400,0.0
2026-04-06 17:00:00,69803.29,69829.4,69269.64,69532.51,3344.0,1400,0.0
2026-04-06 17:30:00,69537.05,69646.7,69411.49,69569.53,1483.0,1400,0.0
2026-04-06 18:00:00,69572.27,69997.63,69464.79,69857.43,2238.0,1400,0.0
2026-04-06 18:30:00,69860.53,69935.64,69698.49,69888.28,1196.0,1400,0.0
2026-04-06 19:00:00,69889.3,69900.2,69574.89,69843.36,1285.0,1400,0.0
2026-04-06 19:30:00,69842.42,69893.44,69667.66,69751.64,1161.0,1400,0.0
2026-04-06 20:00:00,69736.57,69974.5,69603.37,69955.19,1157.0,1400,0.0
2026-04-06 20:30:00,69955.29,69992.06,69816.05,69823.03,844.0,1400,0.0
2026-04-06 21:00:00,69821.19,69831.36,69650.23,69660.27,873.0,1400,0.0
2026-04-06 21:30:00,69660.46,69671.99,69430.41,69511.66,1310.0,1400,0.0
2026-04-06 22:00:00,69505.72,69591.22,69315.5,69367.97,1476.0,1400,0.0
2026-04-06 22:30:00,69369.75,69375.51,68807.19,68809.79,1632.0,1400,0.0
2026-04-06 23:00:00,68809.26,68824.08,68265.98,68528.66,2930.0,1400,0.0
2026-04-06 23:30:00,68527.38,68902.1,68475.42,68837.0,1785.0,1400,0.0
2026-04-07 00:00:00,68834.93,69129.97,68785.69,68925.74,2226.0,1400,0.0
2026-04-07 00:30:00,68926.83,69038.87,68711.09,68769.53,1902.0,1400,0.0
2026-04-07 01:00:00,68769.46,68902.89,68521.83,68712.11,2167.0,1400,0.0
2026-04-07 01:30:00,68715.55,68801.88,68323.53,68382.74,1858.0,1400,0.0
2026-04-07 02:00:00,68384.2,68576.43,68260.15,68566.36,1835.0,1400,0.0
2026-04-07 02:30:00,68569.54,68711.06,68489.7,68656.53,1209.0,1400,0.0
2026-04-07 03:00:00,68654.07,68787.35,68609.82,68768.05,1107.0,1400,0.0
2026-04-07 03:30:00,68769.29,68800.67,68717.44,68776.76,781.0,1400,0.0
2026-04-07 04:00:00,68762.64,68780.26,68527.6,68589.25,1115.0,1400,0.0
2026-04-07 04:30:00,68589.41,68983.11,68589.41,68852.18,1201.0,1400,0.0
2026-04-07 05:00:00,68858.23,68865.29,68684.96,68697.01,928.0,1400,0.0
2026-04-07 05:30:00,68697.02,68751.61,68596.76,68657.96,955.0,1400,0.0
2026-04-07 06:00:00,68656.11,68656.11,68421.43,68564.37,1198.0,1400,0.0
2026-04-07 06:30:00,68568.14,68605.68,68466.35,68559.93,929.0,1400,0.0
2026-04-07 07:00:00,68560.17,68647.51,68487.51,68567.49,1023.0,1400,0.0
2026-04-07 07:30:00,68577.18,68698.89,68567.29,68613.37,785.0,1400,0.0
2026-04-07 08:00:00,68614.37,68857.65,68588.61,68744.47,1833.0,1400,0.0
2026-04-07 08:30:00,68743.24,68987.9,68743.24,68930.72,1135.0,1400,0.0
2026-04-07 09:00:00,68939.28,69253.34,68919.95,69052.55,1612.0,1400,0.0
2026-04-07 09:30:00,69052.56,69255.41,69044.72,69144.67,1109.0,1400,0.0
2026-04-07 10:00:00,69144.35,69207.92,68658.99,68731.31,2442.0,1400,0.0
2026-04-07 10:30:00,68731.99,68777.39,68189.87,68217.05,2359.0,1400,0.0
2026-04-07 11:00:00,68217.97,68408.31,68052.23,68356.58,1964.0,1400,0.0
2026-04-07 11:30:00,68358.78,68449.82,68270.08,68328.91,1169.0,1400,0.0
2026-04-07 12:00:00,68324.81,68462.39,68053.05,68417.33,2419.0,1400,0.0
2026-04-07 12:30:00,68417.26,68599.24,68220.05,68392.09,1551.0,1400,0.0
2026-04-07 13:00:00,68390.71,68636.39,68363.6,68461.81,1181.0,1400,0.0
2026-04-07 13:30:00,68462.22,68586.36,68181.14,68217.59,3016.0,1400,0.0
2026-04-07 14:00:00,68216.28,68249.55,67749.44,68137.96,3396.0,1400,0.0
2026-04-07 14:30:00,68135.04,68216.87,67839.16,67841.14,2529.0,1400,0.0
2026-04-07 15:00:00,67839.87,68185.01,67712.17,68162.32,2520.0,1400,0.0
2026-04-07 15:30:00,68160.25,68256.69,68048.11,68144.1,1693.0,1400,0.0
2026-04-07 16:00:00,68143.61,68443.03,68052.39,68368.64,2320.0,1400,0.0
2026-04-07 16:30:00,68367.63,68384.67,68182.19,68216.5,1330.0,1400,0.0
2026-04-07 17:00:00,68209.7,68400.3,68173.62,68400.3,1400.0,1400,0.0
2026-04-07 17:30:00,68401.11,69003.86,68401.11,68692.51,2370.0,1400,0.0
2026-04-07 18:00:00,68692.97,68768.53,68534.22,68621.45,1311.0,1400,0.0
2026-04-07 18:30:00,68621.6,68723.49,68332.73,68434.93,1427.0,1400,0.0
2026-04-07 19:00:00,68434.37,68805.07,68326.61,68569.78,2384.0,1400,0.0
2026-04-07 19:30:00,68569.68,69078.3,68433.76,68988.0,3498.0,1400,0.0
2026-04-07 20:00:00,68991.23,69525.66,68991.23,69349.47,2527.0,1400,0.0
2026-04-07 20:30:00,69357.02,69408.08,69158.1,69308.55,1629.0,1400,0.0
2026-04-07 21:00:00,69300.39,70212.08,69291.37,69571.59,3266.0,1400,0.0
2026-04-07 21:30:00,69573.62,70093.49,69573.62,69910.6,2490.0,1400,0.0
2026-04-07 22:00:00,69910.14,70585.21,69910.14,70396.06,3853.0,1400,0.0
2026-04-07 22:30:00,70395.74,71520.28,70390.73,71493.74,8382.0,1400,0.0
2026-04-07 23:00:00,71495.63,72761.47,71176.02,72761.47,7609.0,1400,0.0
2026-04-07 23:30:00,72759.54,72759.54,71863.85,71897.08,4256.0,1400,0.0
2026-04-08 00:00:00,71896.39,72110.6,71771.85,71915.52,2698.0,1400,0.0
2026-04-08 00:30:00,71917.71,71998.53,71527.19,71693.83,2424.0,1400,0.0
2026-04-08 01:00:00,71695.9,71749.34,71436.24,71474.63,1840.0,1400,0.0
2026-04-08 01:30:00,71475.51,71578.91,71438.49,71464.24,1263.0,1400,0.0
2026-04-08 02:00:00,71466.21,71720.43,71354.33,71450.8,1590.0,1400,0.0
2026-04-08 02:30:00,71455.87,71480.45,71206.88,71351.68,1533.0,1400,0.0
2026-04-08 03:00:00,71353.02,71475.67,71255.95,71473.09,1052.0,1400,0.0
2026-04-08 03:30:00,71471.11,71472.86,71274.83,71280.47,891.0,1400,0.0
2026-04-08 04:00:00,71279.58,71593.75,71271.29,71555.57,1263.0,1400,0.0
2026-04-08 04:30:00,71552.94,71679.45,71515.61,71543.49,1123.0,1400,0.0
2026-04-08 05:00:00,71545.54,71780.84,71541.68,71706.67,1035.0,1400,0.0
2026-04-08 05:30:00,71704.66,71829.22,71632.65,71726.41,1116.0,1400,0.0
2026-04-08 06:00:00,71725.91,71941.66,71562.09,71847.94,1347.0,1400,0.0
2026-04-08 06:30:00,71845.85,71861.62,71702.25,71725.78,942.0,1400,0.0
2026-04-08 07:00:00,71726.77,71900.0,71619.57,71807.63,1176.0,1400,0.0
2026-04-08 07:30:00,71806.86,71806.86,71574.98,71639.45,1022.0,1400,0.0
2026-04-08 08:00:00,71641.3,71815.71,71631.92,71740.3,1131.0,1400,0.0
2026-04-08 08:30:00,71740.03,71824.98,71632.24,71800.08,1230.0,1400,0.0
2026-04-08 09:00:00,71799.35,71957.42,71672.11,71674.03,1168.0,1400,0.0
2026-04-08 09:30:00,71672.49,71744.4,71574.72,71671.93,1040.0,1400,0.0
2026-04-08 10:00:00,71672.61,71789.07,71574.34,71638.04,1042.0,1400,0.0
2026-04-08 10:30:00,71638.81,71647.68,71434.32,71468.58,860.0,1400,0.0
2026-04-08 11:00:00,71467.35,71675.67,71441.1,71656.68,1075.0,1400,0.0
2026-04-08 11:30:00,71657.03,71724.06,71400.36,71690.62,1345.0,1400,0.0
2026-04-08 12:00:00,71692.37,71864.3,71574.79,71774.5,1796.0,1400,0.0
2026-04-08 12:30:00,71774.96,72211.75,71734.32,72064.74,1736.0,1400,0.0
2026-04-08 13:00:00,72061.6,72883.75,72061.6,72480.42,4107.0,1400,0.0
2026-04-08 13:30:00,72482.75,72612.53,71486.11,71590.37,5782.0,1400,0.0
2026-04-08 14:00:00,71587.46,71755.55,71301.31,71458.64,3633.0,1400,0.0
2026-04-08 14:30:00,71458.78,71515.92,70684.48,70905.38,4414.0,1400,0.0
2026-04-08 15:00:00,70911.11,71232.95,70810.79,71172.93,2394.0,1400,0.0
2026-04-08 15:30:00,71174.68,71358.75,71089.77,71302.19,2140.0,1400,0.0
2026-04-08 16:00:00,71301.67,71499.24,71252.27,71391.64,1984.0,1400,0.0
2026-04-08 16:30:00,71392.26,71699.1,71243.86,71594.06,1728.0,1400,0.0
2026-04-08 17:00:00,71595.54,71806.06,71485.92,71643.58,2079.0,1400,0.0
2026-04-08 17:30:00,71640.72,71971.38,71631.35,71890.0,2092.0,1400,0.0
2026-04-08 18:00:00,71890.05,71890.05,71296.19,71391.09,2765.0,1400,0.0
2026-04-08 18:30:00,71391.78,71620.68,71060.22,71097.91,2270.0,1400,0.0
2026-04-08 19:00:00,71090.4,71290.81,71004.41,71115.53,1716.0,1400,0.0
2026-04-08 19:30:00,71117.03,71380.3,71053.48,71337.58,1718.0,1400,0.0
2026-04-08 20:00:00,71329.55,71492.31,71300.46,71435.98,1032.0,1400,0.0
2026-04-08 20:30:00,71435.98,71446.76,71262.7,71376.89,817.0,1400,0.0
2026-04-08 21:00:00,71376.82,71752.2,71327.76,71666.57,961.0,1400,0.0
2026-04-08 21:30:00,71667.93,71720.29,71503.72,71554.7,1120.0,1400,0.0
2026-04-08 22:00:00,71554.33,71580.65,71137.92,71169.44,1343.0,1400,0.0
2026-04-08 22:30:00,71174.23,71370.85,71057.4,71057.89,1233.0,1400,0.0
2026-04-08 23:00:00,71052.34,71224.46,70893.68,71027.28,1742.0,1400,0.0
2026-04-08 23:30:00,71028.75,71180.1,70948.68,71072.93,1300.0,1400,0.0
2026-04-09 00:00:00,71068.58,71144.33,70870.91,70919.49,1610.0,1400,0.0
2026-04-09 00:30:00,70918.53,70945.77,70644.72,70805.51,2088.0,1400,0.0
2026-04-09 01:00:00,70805.18,70889.65,70450.42,70621.22,2406.0,1400,0.0
2026-04-09 01:30:00,70621.76,70963.26,70586.12,70932.33,1753.0,1400,0.0
2026-04-09 02:00:00,70932.24,71070.95,70802.59,71011.05,1358.0,1400,0.0
2026-04-09 02:30:00,71011.13,71201.88,70908.05,71062.11,1291.0,1400,0.0
2026-04-09 03:00:00,71055.77,71120.87,70863.59,70917.58,1090.0,1400,0.0
2026-04-09 03:30:00,70916.22,71053.46,70844.28,70992.51,1002.0,1400,0.0
2026-04-09 04:00:00,70991.28,71016.01,70799.93,70851.82,815.0,1400,0.0
2026-04-09 04:30:00,70859.89,70933.44,70736.18,70793.6,922.0,1400,0.0
2026-04-09 05:00:00,70793.5,71003.44,70689.96,70978.4,1217.0,1400,0.0
2026-04-09 05:30:00,70980.88,71095.69,70913.57,70989.78,1000.0,1400,0.0
2026-04-09 06:00:00,70994.15,71094.42,70837.6,70869.18,1093.0,1400,0.0
2026-04-09 06:30:00,70869.01,71035.91,70815.8,71032.72,904.0,1400,0.0
2026-04-09 07:00:00,71033.83,71132.87,70971.57,70998.52,913.0,1400,0.0
2026-04-09 07:30:00,70999.36,71090.66,70946.05,70983.45,904.0,1400,0.0
2026-04-09 08:00:00,70986.25,71026.95,70866.6,70983.57,879.0,1400,0.0
2026-04-09 08:30:00,70985.92,71383.43,70985.92,71251.09,1257.0,1400,0.0
2026-04-09 09:00:00,71251.7,71522.87,71102.03,71295.93,1182.0,1400,0.0
2026-04-09 09:30:00,71295.83,71583.27,71193.45,71530.78,1017.0,1400,0.0
2026-04-09 10:00:00,71531.14,71547.46,71341.17,71403.12,964.0,1400,0.0
2026-04-09 10:30:00,71400.56,71472.31,71274.92,71278.07,859.0,1400,0.0
2026-04-09 11:00:00,71276.81,71358.62,71050.82,71074.78,1169.0,1400,0.0
2026-04-09 11:30:00,71076.15,71227.71,71076.15,71144.84,828.0,1400,0.0
2026-04-09 12:00:00,71144.61,71332.44,71024.27,71271.89,1124.0,1400,0.0
2026-04-09 12:30:00,71271.14,71300.08,71092.77,71283.16,1508.0,1400,0.0
2026-04-09 13:00:00,71281.18,71355.89,71056.52,71105.2,1207.0,1400,0.0
2026-04-09 13:30:00,71107.04,71164.42,70619.23,70793.17,3719.0,1400,0.0
2026-04-09 14:00:00,70795.63,70860.8,70508.31,70631.29,2635.0,1400,0.0
2026-04-09 14:30:00,70622.36,71267.97,70595.29,71122.18,2635.0,1400,0.0
2026-04-09 15:00:00,71123.71,71651.45,70927.61,71332.47,3336.0,1400,0.0
2026-04-09 15:30:00,71333.57,72361.38,71287.02,72147.86,5873.0,1400,0.0
2026-04-09 16:00:00,72149.22,72414.79,72056.61,72066.2,3268.0,1400,0.0
2026-04-09 16:30:00,72065.53,72099.07,71726.22,72094.58,2509.0,1400,0.0
2026-04-09 17:00:00,72093.24,72566.13,72068.53,72355.3,3412.0,1400,0.0
2026-04-09 17:30:00,72354.34,72526.52,72099.05,72350.52,2266.0,1400,0.0
2026-04-09 18:00:00,72352.85,72388.01,71767.22,71899.0,2992.0,1400,0.0
2026-04-09 18:30:00,71900.13,71959.16,71736.77,71879.6,1790.0,1400,0.0
2026-04-09 19:00:00,71879.15,72137.25,71733.47,71821.03,1939.0,1400,0.0
2026-04-09 19:30:00,71819.59,72307.28,71810.47,72099.5,1710.0,1400,0.0
2026-04-09 20:00:00,72098.83,72362.22,71989.41,72306.76,1447.0,1400,0.0
2026-04-09 20:30:00,72308.57,72464.99,72259.39,72425.93,1004.0,1400,0.0
2026-04-09 21:00:00,72426.5,72710.88,72147.46,72183.7,1817.0,1400,0.0
2026-04-09 21:30:00,72180.79,72487.57,72142.69,72277.35,1769.0,1400,0.0
2026-04-09 22:00:00,72277.19,73171.85,72257.99,72629.78,2903.0,1400,0.0
2026-04-09 22:30:00,72628.38,72638.53,71940.15,71940.15,2385.0,1400,0.0
2026-04-09 23:00:00,71942.1,72038.02,71570.21,71788.58,2199.0,1400,0.0
2026-04-09 23:30:00,71784.89,71853.9,71616.32,71780.81,1914.0,1400,0.0
2026-04-10 00:00:00,71781.76,71905.65,71581.03,71841.38,2311.0,1400,0.0
2026-04-10 00:30:00,71835.95,72035.32,71786.28,71969.44,1862.0,1400,0.0
2026-04-10 01:00:00,71950.83,72088.67,71662.62,71882.72,2040.0,1400,0.0
2026-04-10 01:30:00,71880.93,72396.13,71856.81,72165.13,2132.0,1400,0.0
2026-04-10 02:00:00,72162.98,72292.81,72116.63,72177.19,1423.0,1400,0.0
2026-04-10 02:30:00,72177.73,72230.97,71917.03,71962.28,1226.0,1400,0.0
2026-04-10 03:00:00,71963.32,72030.99,71810.26,71815.82,1057.0,1400,0.0
2026-04-10 03:30:00,71813.32,71974.17,71813.32,71871.74,1041.0,1400,0.0
2026-04-10 04:00:00,71872.4,71973.34,71857.76,71870.25,1033.0,1400,0.0
2026-04-10 04:30:00,71873.32,72219.87,71815.77,72127.25,1105.0,1400,0.0
2026-04-10 05:00:00,72126.45,72284.49,72012.56,72221.77,1087.0,1400,0.0
2026-04-10 05:30:00,72221.85,72271.04,72089.16,72131.81,908.0,1400,0.0
2026-04-10 06:00:00,72141.59,72193.01,71936.74,71967.28,977.0,1400,0.0
2026-04-10 06:30:00,71968.97,72018.97,71791.61,71810.82,1201.0,1400,0.0
2026-04-10 07:00:00,71809.02,71855.82,71702.76,71733.65,1146.0,1400,0.0
2026-04-10 07:30:00,71731.7,71795.71,71420.83,71496.29,1186.0,1400,0.0
2026-04-10 08:00:00,71501.12,71698.95,71419.53,71638.96,1230.0,1400,0.0
2026-04-10 08:30:00,71638.89,71762.98,71491.74,71601.52,1009.0,1400,0.0
2026-04-10 09:00:00,71601.6,71861.06,71587.9,71766.84,1315.0,1400,0.0
2026-04-10 09:30:00,71767.01,71880.26,71734.86,71773.29,1032.0,1400,0.0
2026-04-10 10:00:00,71776.34,71825.72,71701.08,71737.65,952.0,1400,0.0
2026-04-10 10:30:00,71737.75,71944.01,71726.71,71915.33,898.0,1400,0.0
2026-04-10 11:00:00,71922.01,72230.4,71898.17,72219.33,1379.0,1400,0.0
2026-04-10 11:30:00,72219.42,72277.57,72102.31,72139.01,1069.0,1400,0.0
2026-04-10 12:00:00,72142.43,72333.59,72008.58,72203.85,1417.0,1400,0.0
2026-04-10 12:30:00,72205.61,72495.87,72046.05,72265.85,2688.0,1400,0.0
2026-04-10 13:00:00,72264.13,72311.97,72158.83,72311.97,1326.0,1400,0.0
2026-04-10 13:30:00,72314.34,72428.77,71909.97,72328.27,3334.0,1400,0.0
2026-04-10 14:00:00,72336.11,73108.57,72256.02,72987.06,4302.0,1400,0.0
2026-04-10 14:30:00,72982.95,73188.71,72726.5,72935.5,3202.0,1400,0.0
2026-04-10 15:00:00,72936.46,73332.0,72773.14,72820.13,2679.0,1400,0.0
2026-04-10 15:30:00,72822.01,72882.6,72371.95,72480.9,2754.0,1400,0.0
2026-04-10 16:00:00,72485.78,72840.18,72401.73,72788.42,2259.0,1400,0.0
2026-04-10 16:30:00,72791.58,73081.76,72610.86,73021.09,1893.0,1400,0.0
2026-04-10 17:00:00,73020.51,73052.93,72823.77,72988.16,1479.0,1400,0.0
2026-04-10 17:30:00,72989.8,73180.3,72812.93,73144.27,1433.0,1400,0.0
2026-04-10 18:00:00,73142.88,73200.29,72899.34,73008.29,1413.0,1400,0.0
2026-04-10 18:30:00,73013.09,73137.69,72936.12,73130.26,1075.0,1400,0.0
2026-04-10 19:00:00,73130.4,73299.63,73006.92,73035.39,1304.0,1400,0.0
2026-04-10 19:30:00,73035.28,73298.47,72931.27,73263.04,1326.0,1400,0.0
2026-04-10 20:00:00,73269.25,73317.33,73152.86,73278.08,1257.0,1400,0.0
2026-04-10 20:30:00,73278.2,73483.36,73072.43,73377.71,1719.0,1400,0.0
2026-04-10 21:00:00,73378.29,73388.35,73048.78,73118.51,1068.0,1400,0.0
2026-04-10 21:30:00,73116.02,73232.92,72948.69,73218.1,1150.0,1400,0.0
2026-04-10 22:00:00,73218.52,73272.75,73027.3,73039.32,918.0,1400,0.0
2026-04-10 22:30:00,73040.42,73054.04,72740.04,72901.72,980.0,1400,0.0
2026-04-10 23:00:00,72901.45,72970.82,72805.13,72920.91,859.0,1400,0.0
2026-04-10 23:30:00,72920.98,72992.98,72859.61,72984.6,650.0,1400,0.0
2026-04-11 00:00:00,72983.29,72983.29,72838.86,72919.5,889.0,1400,0.0
2026-04-11 00:30:00,72919.57,72962.41,72814.45,72860.47,713.0,1400,0.0
2026-04-11 01:00:00,72857.1,72874.09,72691.94,72867.75,839.0,1400,0.0
2026-04-11 01:30:00,72863.02,73038.77,72843.24,72987.09,767.0,1400,0.0
2026-04-11 02:00:00,72986.43,73074.44,72935.53,73025.94,806.0,1400,0.0
2026-04-11 02:30:00,73025.61,73141.93,72950.08,73001.02,771.0,1400,0.0
2026-04-11 03:00:00,72998.31,73111.8,72995.92,73023.85,622.0,1400,0.0
2026-04-11 03:30:00,73023.95,73061.94,72842.21,72906.89,786.0,1400,0.0
2026-04-11 04:00:00,72907.38,72987.53,72700.06,72752.77,880.0,1400,0.0
2026-04-11 04:30:00,72752.87,72860.42,72752.87,72839.05,667.0,1400,0.0
2026-04-11 05:00:00,72839.46,72864.91,72695.09,72840.33,730.0,1400,0.0
2026-04-11 05:30:00,72840.38,72869.57,72747.16,72759.23,640.0,1400,0.0
2026-04-11 06:00:00,72757.16,72759.12,72636.88,72720.82,907.0,1400,0.0
2026-04-11 06:30:00,72723.3,72806.3,72711.53,72799.39,615.0,1400,0.0
2026-04-11 07:00:00,72797.49,72864.21,72766.58,72831.21,660.0,1400,0.0
2026-04-11 07:30:00,72827.59,72847.41,72697.19,72777.26,445.0,1400,0.0
2026-04-11 08:00:00,72777.55,72842.87,72738.25,72767.37,539.0,1400,0.0
2026-04-11 08:30:00,72762.27,72801.51,72658.3,72696.19,639.0,1400,0.0
2026-04-11 09:00:00,72691.29,72934.93,72648.17,72885.59,1015.0,1400,0.0
2026-04-11 09:30:00,72890.04,72954.11,72784.85,72939.79,750.0,1400,0.0
2026-04-11 10:00:00,72936.16,72952.74,72798.42,72898.23,694.0,1400,0.0
2026-04-11 10:30:00,72898.44,72903.38,72794.45,72866.74,529.0,1400,0.0
2026-04-11 11:00:00,72866.64,72920.33,72849.74,72859.16,560.0,1400,0.0
2026-04-11 11:30:00,72861.97,72945.25,72850.49,72941.07,563.0,1400,0.0
2026-04-11 12:00:00,72940.97,72980.4,72830.99,72889.88,661.0,1400,0.0
2026-04-11 12:30:00,72890.7,73020.72,72873.29,72965.81,614.0,1400,0.0
2026-04-11 13:00:00,72971.78,72971.78,72538.9,72645.49,1387.0,1400,0.0
2026-04-11 13:30:00,72646.47,72741.5,72599.15,72677.48,940.0,1400,0.0
2026-04-11 14:00:00,72682.23,72793.45,72633.06,72734.16,859.0,1400,0.0
2026-04-11 14:30:00,72737.71,72761.21,72627.78,72722.92,726.0,1400,0.0
2026-04-11 15:00:00,72728.96,72936.12,72704.13,72776.57,1036.0,1400,0.0
2026-04-11 15:30:00,72773.71,72903.27,72767.23,72882.02,830.0,1400,0.0
2026-04-11 16:00:00,72880.41,72961.53,72842.76,72909.0,755.0,1400,0.0
2026-04-11 16:30:00,72910.86,73245.2,72893.22,73068.21,1532.0,1400,0.0
2026-04-11 17:00:00,73069.25,73134.8,72970.23,73112.04,866.0,1400,0.0
2026-04-11 17:30:00,73112.51,73208.86,73091.98,73124.48,895.0,1400,0.0
2026-04-11 18:00:00,73124.56,73282.26,73063.3,73221.89,801.0,1400,0.0
2026-04-11 18:30:00,73220.25,73771.08,73215.83,73582.59,2481.0,1400,0.0
2026-04-11 19:00:00,73581.15,73845.3,73494.93,73655.26,1857.0,1400,0.0
2026-04-11 19:30:00,73656.94,73844.25,73630.55,73706.38,1093.0,1400,0.0
2026-04-11 20:00:00,73706.69,73724.29,73433.08,73446.89,1063.0,1400,0.0
2026-04-11 20:30:00,73445.18,73472.48,73253.65,73327.88,1084.0,1400,0.0
2026-04-11 21:00:00,73331.26,73470.39,73225.23,73373.84,926.0,1400,0.0
2026-04-11 21:30:00,73372.72,73568.19,73341.71,73468.64,1172.0,1400,0.0
2026-04-11 22:00:00,73460.87,73605.3,73399.69,73486.31,975.0,1400,0.0
2026-04-11 22:30:00,73487.83,73501.33,73266.32,73398.76,989.0,1400,0.0
2026-04-11 23:00:00,73393.88,73393.88,72925.2,73163.51,1433.0,1400,0.0
2026-04-11 23:30:00,73162.26,73199.14,73035.25,73082.21,896.0,1400,0.0
2026-04-12 00:00:00,73081.68,73139.5,72887.89,73109.99,1328.0,1400,0.0
2026-04-12 00:30:00,73109.47,73144.83,73003.15,73095.98,941.0,1400,0.0
2026-04-12 01:00:00,73095.83,73161.79,73008.56,73048.62,988.0,1400,0.0
2026-04-12 01:30:00,73046.87,73052.36,71329.61,71668.82,5940.0,1400,0.0
2026-04-12 02:00:00,71666.57,72041.92,71362.13,71801.7,3167.0,1400,0.0
2026-04-12 02:30:00,71803.61,71963.02,71769.23,71789.55,1255.0,1400,0.0
2026-04-12 03:00:00,71789.11,71890.67,71637.46,71748.48,1290.0,1400,0.0
2026-04-12 03:30:00,71745.99,71783.18,71609.29,71625.43,1169.0,1400,0.0
2026-04-12 04:00:00,71627.16,71713.48,71508.25,71542.19,1272.0,1400,0.0
2026-04-12 04:30:00,71539.28,71617.55,71459.88,71489.63,917.0,1400,0.0
2026-04-12 05:00:00,71489.73,71701.63,71432.25,71685.89,1096.0,1400,0.0
2026-04-12 05:30:00,71687.37,71814.18,71637.48,71727.37,957.0,1400,0.0
2026-04-12 06:00:00,71722.04,71784.1,71680.65,71739.34,897.0,1400,0.0
2026-04-12 06:30:00,71733.18,71733.18,71663.78,71685.59,639.0,1400,0.0
2026-04-12 07:00:00,71680.26,71709.96,71605.16,71653.47,743.0,1400,0.0
2026-04-12 07:30:00,71650.29,71782.13,71650.22,71701.18,366.0,1400,0.0
2026-04-12 08:00:00,71701.29,71741.6,71659.8,71721.92,755.0,1400,0.0
2026-04-12 08:30:00,71723.32,71817.66,71620.27,71656.52,868.0,1400,0.0
2026-04-12 09:00:00,71654.71,71661.03,71573.94,71617.48,713.0,1400,0.0
2026-04-12 09:30:00,71622.08,71665.41,71522.55,71569.87,639.0,1400,0.0
2026-04-12 10:00:00,71562.28,71714.53,71533.06,71629.19,788.0,1400,0.0
2026-04-12 10:30:00,71629.26,71637.39,71365.96,71471.03,1096.0,1400,0.0
2026-04-12 11:00:00,71473.5,71575.17,71451.06,71548.79,806.0,1400,0.0
2026-04-12 11:30:00,71553.3,71554.74,71440.87,71491.69,579.0,1400,0.0
2026-04-12 12:00:00,71488.75,71488.75,71358.53,71433.85,925.0,1400,0.0
2026-04-12 12:30:00,71434.32,71532.08,71091.32,71104.96,1753.0,1400,0.0
2026-04-12 13:00:00,71106.36,71172.01,70942.54,71072.58,1948.0,1400,0.0
2026-04-12 13:30:00,71072.72,71115.47,70869.76,70919.59,1397.0,1400,0.0
2026-04-12 14:00:00,70919.46,71118.31,70884.11,71091.52,1268.0,1400,0.0
2026-04-12 14:30:00,71093.24,71111.78,70710.48,70776.32,1641.0,1400,0.0
2026-04-12 15:00:00,70775.05,70872.82,70731.61,70731.61,1140.0,1400,0.0
2026-04-12 15:30:00,70733.06,70958.22,70621.21,70919.31,1320.0,1400,0.0
2026-04-12 16:00:00,70920.65,70986.27,70839.94,70943.55,1126.0,1400,0.0
2026-04-12 16:30:00,70940.08,70967.87,70839.75,70954.64,788.0,1400,0.0
2026-04-12 17:00:00,70953.95,71037.15,70918.13,71011.5,904.0,1400,0.0
2026-04-12 17:30:00,71014.66,71245.89,70950.49,71163.97,1116.0,1400,0.0
2026-04-12 18:00:00,71168.02,71242.03,71077.63,71107.83,899.0,1400,0.0
2026-04-12 18:30:00,71109.16,71221.55,71109.08,71158.66,718.0,1400,0.0
2026-04-12 19:00:00,71157.59,71264.7,71145.62,71183.91,581.0,1400,0.0
2026-04-12 19:30:00,71182.26,71192.88,71090.47,71110.99,579.0,1400,0.0
2026-04-12 20:00:00,71110.42,71135.29,70972.83,71071.87,745.0,1400,0.0
2026-04-12 20:30:00,71072.47,71467.36,71072.47,71356.77,1114.0,1400,0.0
2026-04-12 21:00:00,71352.61,71482.33,71180.71,71331.73,921.0,1400,0.0
2026-04-12 21:30:00,71333.65,71389.94,71228.36,71389.94,974.0,1400,0.0
2026-04-12 22:00:00,71388.42,71388.42,70556.03,70681.84,4028.0,1400,0.0
2026-04-12 22:30:00,70681.76,70944.65,70506.54,70905.24,1765.0,1400,0.0
2026-04-12 23:00:00,70904.24,70913.1,70589.77,70716.03,1692.0,1400,0.0
2026-04-12 23:30:00,70718.35,70800.3,70567.14,70746.01,1477.0,1400,0.0
2026-04-13 00:00:00,70748.83,71101.16,70612.43,70982.75,1945.0,1400,0.0
2026-04-13 00:30:00,70978.08,71283.83,70946.67,71182.1,1602.0,1400,0.0
2026-04-13 01:00:00,71170.3,71242.53,71064.56,71112.05,1462.0,1400,0.0
2026-04-13 01:30:00,71112.0,71239.38,71031.24,71200.26,1244.0,1400,0.0
2026-04-13 02:00:00,71200.38,71284.76,70988.44,71234.96,1124.0,1400,0.0
2026-04-13 02:30:00,71232.66,71290.78,71000.35,71093.73,1190.0,1400,0.0
2026-04-13 03:00:00,71093.35,71170.89,70997.58,71035.91,1124.0,1400,0.0
2026-04-13 03:30:00,71035.17,71065.46,70920.45,70984.23,976.0,1400,0.0
2026-04-13 04:00:00,70984.38,71055.83,70905.07,71039.25,965.0,1400,0.0
2026-04-13 04:30:00,71039.0,71160.5,70857.51,70903.0,1065.0,1400,0.0
2026-04-13 05:00:00,70903.68,70942.6,70775.43,70865.23,1100.0,1400,0.0
2026-04-13 05:30:00,70863.18,70912.62,70674.89,70893.55,1079.0,1400,0.0
2026-04-13 06:00:00,70895.48,71094.68,70885.14,71040.84,1003.0,1400,0.0
2026-04-13 06:30:00,71042.93,71119.84,71009.31,71045.35,932.0,1400,0.0
2026-04-13 07:00:00,71047.3,71093.71,70691.12,70726.89,1241.0,1400,0.0
2026-04-13 07:30:00,70728.62,70859.53,70697.07,70833.68,1025.0,1400,0.0
2026-04-13 08:00:00,70834.4,70886.66,70658.17,70779.29,1189.0,1400,0.0
2026-04-13 08:30:00,70778.76,70779.92,70564.9,70689.05,1164.0,1400,0.0
2026-04-13 09:00:00,70699.04,70925.02,70680.78,70798.03,1182.0,1400,0.0
2026-04-13 09:30:00,70799.76,70840.66,70754.53,70797.54,755.0,1400,0.0
2026-04-13 10:00:00,70796.59,70859.52,70716.45,70766.72,881.0,1400,0.0
2026-04-13 10:30:00,70768.82,70844.27,70684.08,70764.0,984.0,1400,0.0
2026-04-13 11:00:00,70767.08,70916.54,70743.97,70868.88,1043.0,1400,0.0
2026-04-13 11:30:00,70872.67,71010.11,70810.11,70932.39,1139.0,1400,0.0
2026-04-13 12:00:00,70933.88,71092.44,70847.23,70863.89,1157.0,1400,0.0
2026-04-13 12:30:00,70862.08,71232.37,70756.35,71085.29,1435.0,1400,0.0
2026-04-13 13:00:00,71085.42,71282.23,71080.94,71191.3,1458.0,1400,0.0
2026-04-13 13:30:00,71193.65,71719.36,70826.0,71674.69,4196.0,1400,0.0
2026-04-13 14:00:00,71675.13,71793.64,71403.0,71671.11,3641.0,1400,0.0
2026-04-13 14:30:00,71671.59,72439.21,71623.04,72425.36,3324.0,1400,0.0
2026-04-13 15:00:00,72421.85,72516.19,71885.18,71996.0,3110.0,1400,0.0
2026-04-13 15:30:00,71993.13,71999.13,71685.75,71893.11,2635.0,1400,0.0
2026-04-13 16:00:00,71895.39,72309.66,71697.48,72261.32,2975.0,1400,0.0
2026-04-13 16:30:00,72260.2,72479.15,72093.01,72239.92,3160.0,1400,0.0
2026-04-13 17:00:00,72238.32,72476.3,72164.01,72476.3,1741.0,1400,0.0
2026-04-13 17:30:00,72478.5,72626.51,72099.8,72186.63,2205.0,1400,0.0
2026-04-13 18:00:00,72187.39,72320.11,72090.19,72213.27,1618.0,1400,0.0
2026-04-13 18:30:00,72213.28,72504.97,72206.62,72456.89,1221.0,1400,0.0
2026-04-13 19:00:00,72454.72,72943.59,72327.45,72872.85,1823.0,1400,0.0
2026-04-13 19:30:00,72872.94,73532.02,72847.74,73359.01,3159.0,1400,0.0
2026-04-13 20:00:00,73355.81,73439.5,73056.57,73146.8,2120.0,1400,0.0
2026-04-13 20:30:00,73144.42,73331.41,73104.17,73189.66,1563.0,1400,0.0
2026-04-13 21:00:00,73189.99,73345.95,73115.46,73162.69,969.0,1400,0.0
2026-04-13 21:30:00,73163.94,73400.06,73136.3,73208.83,1341.0,1400,0.0
2026-04-13 22:00:00,73208.92,74510.77,73196.27,74160.58,5221.0,1400,0.0
2026-04-13 22:30:00,74162.79,74782.64,74089.53,74657.58,4052.0,1400,0.0
2026-04-13 23:00:00,74662.01,74931.22,74472.27,74747.05,3390.0,1400,0.0
2026-04-13 23:30:00,74742.8,74918.72,74418.08,74447.09,1889.0,1400,0.0
2026-04-14 00:00:00,74445.99,74552.88,74245.7,74290.54,1698.0,1400,0.0
2026-04-14 00:30:00,74289.35,74481.4,74118.55,74182.87,1618.0,1400,0.0
2026-04-14 01:00:00,74179.83,74431.91,74000.76,74323.55,1611.0,1400,0.0
2026-04-14 01:30:00,74315.69,74467.88,74259.13,74405.31,1200.0,1400,0.0
2026-04-14 02:00:00,74419.65,74641.47,74384.21,74416.96,1497.0,1400,0.0
2026-04-14 02:30:00,74421.27,74496.38,74307.45,74363.2,1133.0,1400,0.0
2026-04-14 03:00:00,74363.07,74449.21,74272.6,74312.18,970.0,1400,0.0
2026-04-14 03:30:00,74315.11,74528.78,74300.23,74476.66,980.0,1400,0.0
2026-04-14 04:00:00,74477.6,74535.67,74404.62,74521.59,1023.0,1400,0.0
2026-04-14 04:30:00,74521.51,74544.82,74381.36,74418.56,889.0,1400,0.0
2026-04-14 05:00:00,74418.46,74464.02,74327.99,74366.66,877.0,1400,0.0
2026-04-14 05:30:00,74362.84,74394.3,74185.45,74246.55,845.0,1400,0.0
2026-04-14 06:00:00,74247.06,74485.58,74247.06,74420.46,853.0,1400,0.0
2026-04-14 06:30:00,74417.18,74593.17,74386.2,74551.98,935.0,1400,0.0
2026-04-14 07:00:00,74550.2,74971.03,74461.69,74702.03,1964.0,1400,0.0
2026-04-14 07:30:00,74698.39,74719.39,74493.29,74585.56,1240.0,1400,0.0
2026-04-14 08:00:00,74583.91,74671.88,74489.05,74671.88,1202.0,1400,0.0
2026-04-14 08:30:00,74673.83,74946.54,74640.13,74787.04,1582.0,1400,0.0
2026-04-14 09:00:00,74789.52,74871.74,74656.03,74712.38,1289.0,1400,0.0
2026-04-14 09:30:00,74712.4,74739.93,74470.3,74541.95,1055.0,1400,0.0
2026-04-14 10:00:00,74539.51,74624.19,74487.11,74592.4,963.0,1400,0.0
2026-04-14 10:30:00,74595.17,74650.94,74366.15,74375.17,1124.0,1400,0.0
2026-04-14 11:00:00,74370.64,74488.18,74342.52,74382.12,930.0,1400,0.0
2026-04-14 11:30:00,74381.38,74489.25,74322.56,74403.31,1116.0,1400,0.0
2026-04-14 12:00:00,74402.04,74458.4,74292.83,74309.25,1191.0,1400,0.0
2026-04-14 12:30:00,74311.7,74524.32,74309.58,74482.41,1367.0,1400,0.0
2026-04-14 13:00:00,74491.84,74783.45,74431.01,74538.12,1519.0,1400,0.0
2026-04-14 13:30:00,74538.51,75592.06,74538.51,75572.4,5148.0,1400,0.0
2026-04-14 14:00:00,75570.12,75926.29,75389.02,75900.26,4089.0,1400,0.0
2026-04-14 14:30:00,75901.29,76112.12,75056.91,75056.91,4750.0,1400,0.0
2026-04-14 15:00:00,75060.61,75180.45,74599.1,74845.33,3757.0,1400,0.0
2026-04-14 15:30:00,74842.21,75485.37,74829.17,75364.83,2505.0,1400,0.0
2026-04-14 16:00:00,75361.61,75749.32,75229.55,75286.6,2289.0,1400,0.0
2026-04-14 16:30:00,75282.9,75340.58,74538.1,74689.8,2456.0,1400,0.0
2026-04-14 17:00:00,74683.9,74990.39,74622.6,74663.62,1967.0,1400,0.0
2026-04-14 17:30:00,74657.11,74808.87,74284.4,74796.35,2369.0,1400,0.0
2026-04-14 18:00:00,74799.14,74856.22,74488.72,74571.32,2013.0,1400,0.0
2026-04-14 18:30:00,74566.34,74623.96,73882.87,74142.33,2397.0,1400,0.0
2026-04-14 19:00:00,74141.81,74458.91,73939.56,74219.82,2056.0,1400,0.0
2026-04-14 19:30:00,74220.88,74331.28,74086.93,74282.6,2197.0,1400,0.0
2026-04-14 20:00:00,74287.47,74484.62,74160.69,74233.58,1508.0,1400,0.0
2026-04-14 20:30:00,74231.44,74346.8,74048.21,74148.26,1169.0,1400,0.0
2026-04-14 21:00:00,74147.62,74341.24,74084.26,74162.42,1087.0,1400,0.0
2026-04-14 21:30:00,74161.41,74372.18,73976.54,74299.0,1321.0,1400,0.0
2026-04-14 22:00:00,74298.54,74422.48,73940.61,73953.98,1658.0,1400,0.0
2026-04-14 22:30:00,73947.5,74156.99,73842.65,74054.16,1663.0,1400,0.0
2026-04-14 23:00:00,74057.14,74254.96,74031.0,74143.88,1372.0,1400,0.0
2026-04-14 23:30:00,74144.49,74267.55,74068.7,74171.51,1477.0,1400,0.0
2026-04-15 00:00:00,74172.63,74717.31,74149.69,74623.1,2305.0,1400,0.0
2026-04-15 00:30:00,74623.52,74642.88,74462.95,74594.83,1459.0,1400,0.0
2026-04-15 01:00:00,74596.31,74824.53,74537.08,74709.93,1634.0,1400,0.0
2026-04-15 01:30:00,74716.15,74782.88,74523.32,74646.99,1243.0,1400,0.0
2026-04-15 02:00:00,74646.94,74731.12,74368.36,74388.28,1149.0,1400,0.0
2026-04-15 02:30:00,74389.09,74395.61,74210.87,74354.81,1462.0,1400,0.0
2026-04-15 03:00:00,74356.98,74410.73,74194.86,74324.18,1086.0,1400,0.0
2026-04-15 03:30:00,74322.86,74402.48,74230.98,74373.81,830.0,1400,0.0
2026-04-15 04:00:00,74373.9,74474.49,74324.59,74350.61,907.0,1400,0.0
2026-04-15 04:30:00,74350.24,74446.48,74280.22,74364.42,948.0,1400,0.0
2026-04-15 05:00:00,74362.74,74467.84,74027.5,74041.84,1424.0,1400,0.0
2026-04-15 05:30:00,74041.73,74077.18,73887.06,74043.22,1358.0,1400,0.0
2026-04-15 06:00:00,74044.18,74078.72,73937.09,73951.33,1035.0,1400,0.0
2026-04-15 06:30:00,73948.43,74055.23,73888.14,73919.45,928.0,1400,0.0
2026-04-15 07:00:00,73919.32,74056.53,73619.15,73738.17,1735.0,1400,0.0
2026-04-15 07:30:00,73734.79,73817.1,73535.72,73771.92,1692.0,1400,0.0
2026-04-15 08:00:00,73766.02,74021.75,73699.65,74021.75,1166.0,1400,0.0
2026-04-15 08:30:00,74021.64,74221.0,73990.4,74134.72,1203.0,1400,0.0
2026-04-15 09:00:00,74133.1,74211.23,73944.95,73973.33,1209.0,1400,0.0
2026-04-15 09:30:00,73973.1,74049.66,73923.41,74031.29,925.0,1400,0.0
2026-04-15 10:00:00,74025.86,74206.26,73904.8,73924.75,1540.0,1400,0.0
2026-04-15 10:30:00,73922.65,74282.71,73808.38,73890.22,1467.0,1400,0.0
2026-04-15 11:00:00,73893.76,74115.76,73884.17,73980.77,1158.0,1400,0.0
2026-04-15 11:30:00,73980.2,74286.91,73961.86,74224.59,1578.0,1400,0.0
2026-04-15 12:00:00,74226.48,74288.02,74064.16,74202.62,1445.0,1400,0.0
2026-04-15 12:30:00,74199.46,74537.82,74195.66,74295.83,1230.0,1400,0.0
2026-04-15 13:00:00,74296.55,74465.7,74194.73,74410.3,1243.0,1400,0.0
2026-04-15 13:30:00,74411.97,74450.35,73817.54,74070.63,3874.0,1400,0.0
2026-04-15 14:00:00,74064.12,74529.72,73831.11,74454.69,3282.0,1400,0.0
2026-04-15 14:30:00,74454.31,74496.18,73922.04,74167.68,2408.0,1400,0.0
2026-04-15 15:00:00,74169.77,74315.52,73976.89,74051.1,2153.0,1400,0.0
2026-04-15 15:30:00,74051.2,74051.2,73594.8,73849.38,2367.0,1400,0.0
2026-04-15 16:00:00,73849.1,74200.04,73766.96,74106.03,1991.0,1400,0.0
2026-04-15 16:30:00,74112.54,74179.5,73827.0,73951.5,2177.0,1400,0.0
2026-04-15 17:00:00,73951.11,74256.04,73920.45,74131.1,1839.0,1400,0.0
2026-04-15 17:30:00,74132.14,74207.62,73923.63,74153.38,1695.0,1400,0.0
2026-04-15 18:00:00,74151.39,74385.24,74079.65,74216.23,2025.0,1400,0.0
2026-04-15 18:30:00,74213.19,74430.16,74203.14,74401.77,1310.0,1400,0.0
2026-04-15 19:00:00,74400.32,74746.07,74367.6,74746.07,1733.0,1400,0.0
2026-04-15 19:30:00,74744.2,75306.12,74734.81,75038.01,2648.0,1400,0.0
2026-04-15 20:00:00,75043.74,75069.99,74524.27,74782.02,1894.0,1400,0.0
2026-04-15 20:30:00,74785.15,74934.93,74649.92,74854.8,1516.0,1400,0.0
2026-04-15 21:00:00,74855.8,74879.67,74608.35,74660.07,1123.0,1400,0.0
2026-04-15 21:30:00,74661.99,74854.65,74564.75,74767.37,1213.0,1400,0.0
2026-04-15 22:00:00,74763.35,75187.58,74752.0,74998.12,1857.0,1400,0.0
2026-04-15 22:30:00,74998.94,75464.34,74920.63,74984.65,1837.0,1400,0.0
2026-04-15 23:00:00,74990.37,74990.37,74660.93,74756.37,1442.0,1400,0.0
2026-04-15 23:30:00,74757.99,74872.26,74629.1,74832.19,1164.0,1400,0.0
2026-04-16 00:00:00,74832.03,74853.07,74446.69,74619.3,1411.0,1400,0.0
2026-04-16 00:30:00,74621.9,74890.1,74621.9,74828.89,1524.0,1400,0.0
2026-04-16 01:00:00,74819.3,74819.3,74469.49,74621.9,1510.0,1400,0.0
2026-04-16 01:30:00,74622.36,74740.13,74579.56,74672.04,1275.0,1400,0.0
2026-04-16 02:00:00,74672.91,74929.89,74604.74,74901.81,1577.0,1400,0.0
2026-04-16 02:30:00,74904.49,75292.51,74818.85,74892.86,2099.0,1400,0.0
2026-04-16 03:00:00,74892.77,75174.22,74877.4,75046.9,1545.0,1400,0.0
2026-04-16 03:30:00,75047.78,75064.45,74872.4,74906.51,1165.0,1400,0.0
2026-04-16 04:00:00,74897.99,75030.02,74848.19,74937.2,1164.0,1400,0.0
2026-04-16 04:30:00,74940.01,75189.83,74731.89,74954.54,1395.0,1400,0.0
2026-04-16 05:00:00,74954.79,75126.59,74905.0,75083.53,926.0,1400,0.0
2026-04-16 05:30:00,75083.77,75158.19,75023.34,75064.25,1034.0,1400,0.0
2026-04-16 06:00:00,75067.14,75132.79,75012.96,75032.54,964.0,1400,0.0
2026-04-16 06:30:00,75035.73,75053.78,74861.06,75040.02,947.0,1400,0.0
2026-04-16 07:00:00,75028.25,75097.44,74861.73,74912.53,1096.0,1400,0.0
2026-04-16 07:30:00,74912.08,74923.57,74638.36,74714.97,1242.0,1400,0.0
2026-04-16 08:00:00,74713.96,74762.95,74515.06,74694.21,1563.0,1400,0.0
2026-04-16 08:30:00,74693.35,74754.65,74570.46,74686.36,1050.0,1400,0.0
2026-04-16 09:00:00,74684.04,74917.07,74636.8,74832.82,1155.0,1400,0.0
2026-04-16 09:30:00,74831.89,74851.31,74599.83,74614.98,1118.0,1400,0.0
2026-04-16 10:00:00,74612.92,74673.41,74316.03,74468.38,1700.0,1400,0.0
2026-04-16 10:30:00,74464.04,74534.33,74283.13,74328.36,1328.0,1400,0.0
2026-04-16 11:00:00,74329.69,74406.55,74295.11,74386.68,1045.0,1400,0.0
2026-04-16 11:30:00,74385.61,74595.88,74351.94,74583.73,1260.0,1400,0.0
2026-04-16 12:00:00,74583.18,74878.32,74574.93,74725.37,1321.0,1400,0.0
2026-04-16 12:30:00,74725.24,74763.31,74588.15,74624.87,1081.0,1400,0.0
2026-04-16 13:00:00,74624.99,75037.65,74595.87,74988.08,1473.0,1400,0.0
2026-04-16 13:30:00,74988.51,75031.62,73305.67,73795.83,6201.0,1400,0.0
2026-04-16 14:00:00,73795.78,73973.46,73422.43,73769.2,4399.0,1400,0.0
2026-04-16 14:30:00,73769.09,74207.68,73761.2,73976.91,2683.0,1400,0.0
2026-04-16 15:00:00,73976.8,74454.93,73937.44,74194.54,2591.0,1400,0.0
2026-04-16 15:30:00,74191.68,74909.52,74172.82,74706.75,3507.0,1400,0.0
2026-04-16 16:00:00,74714.77,74956.92,74574.21,74585.24,2308.0,1400,0.0
2026-04-16 16:30:00,74582.49,74649.93,74065.76,74179.53,3470.0,1400,0.0
2026-04-16 17:00:00,74176.86,74284.45,73904.31,74219.05,2798.0,1400,0.0
2026-04-16 17:30:00,74215.36,74458.47,74100.66,74345.87,2034.0,1400,0.0
2026-04-16 18:00:00,74345.43,74545.25,74242.39,74414.11,2397.0,1400,0.0
2026-04-16 18:30:00,74417.26,75115.12,74363.58,75044.83,2300.0,1400,0.0
2026-04-16 19:00:00,75047.22,75117.95,74751.42,75020.92,2020.0,1400,0.0
2026-04-16 19:30:00,75026.01,75431.01,74976.53,75363.22,2493.0,1400,0.0
2026-04-16 20:00:00,75366.24,75555.49,75113.02,75208.53,1971.0,1400,0.0
2026-04-16 20:30:00,75208.27,75263.97,75010.17,75237.07,1602.0,1400,0.0
2026-04-16 21:00:00,75237.4,75295.98,74808.3,74936.05,1727.0,1400,0.0
2026-04-16 21:30:00,74928.72,75027.16,74846.96,74953.03,1424.0,1400,0.0
2026-04-16 22:00:00,74956.24,75139.47,74839.13,74941.17,1664.0,1400,0.0
2026-04-16 22:30:00,74941.1,75006.06,74839.69,74889.43,1175.0,1400,0.0
2026-04-16 23:00:00,74883.5,75155.17,74849.88,75046.74,1256.0,1400,0.0
2026-04-16 23:30:00,75038.91,75200.31,75022.71,75158.87,1229.0,1400,0.0
2026-04-17 00:00:00,75159.02,75177.13,74893.65,75016.29,1453.0,1400,0.0
2026-04-17 00:30:00,75017.46,75130.33,74923.2,74949.73,1078.0,1400,0.0
2026-04-17 01:00:00,74951.05,75054.71,74646.77,74775.31,1380.0,1400,0.0
2026-04-17 01:30:00,74773.77,74860.86,74583.62,74760.37,1424.0,1400,0.0
2026-04-17 02:00:00,74760.93,74823.87,74608.19,74619.4,1051.0,1400,0.0
2026-04-17 02:30:00,74619.47,74763.34,74529.56,74722.65,1024.0,1400,0.0
2026-04-17 03:00:00,74725.33,74784.15,74615.7,74749.71,1061.0,1400,0.0
2026-04-17 03:30:00,74751.56,74865.12,74617.05,74633.96,1071.0,1400,0.0
2026-04-17 04:00:00,74631.41,74806.53,74595.25,74768.4,940.0,1400,0.0
2026-04-17 04:30:00,74769.25,74869.23,74750.96,74807.42,912.0,1400,0.0
2026-04-17 05:00:00,74800.69,74822.32,74558.87,74684.78,1140.0,1400,0.0
2026-04-17 05:30:00,74683.88,74748.27,74624.52,74656.59,912.0,1400,0.0
2026-04-17 06:00:00,74651.39,74829.25,74610.25,74815.63,1011.0,1400,0.0
2026-04-17 06:30:00,74813.46,74961.46,74771.58,74953.98,998.0,1400,0.0
2026-04-17 07:00:00,74951.68,75115.76,74943.21,74996.79,1110.0,1400,0.0
2026-04-17 07:30:00,74997.71,75098.86,74949.79,75098.86,1171.0,1400,0.0
2026-04-17 08:00:00,75093.43,75179.12,75003.29,75115.39,1132.0,1400,0.0
2026-04-17 08:30:00,75114.43,75906.5,75098.24,75800.49,2427.0,1400,0.0
2026-04-17 09:00:00,75799.57,76389.21,75628.27,76286.42,2677.0,1400,0.0
2026-04-17 09:30:00,76283.27,76337.07,75520.77,75792.18,2999.0,1400,0.0
2026-04-17 10:00:00,75783.84,75907.63,75186.97,75233.52,1659.0,1400,0.0
2026-04-17 10:30:00,75230.39,75382.27,75097.71,75290.76,1975.0,1400,0.0
2026-04-17 11:00:00,75289.94,75505.57,75257.95,75476.05,1276.0,1400,0.0
2026-04-17 11:30:00,75481.31,75635.44,75389.15,75612.58,1299.0,1400,0.0
2026-04-17 12:00:00,75611.09,76018.27,75549.85,75798.39,1990.0,1400,0.0
2026-04-17 12:30:00,75800.56,76299.5,75669.0,76251.96,3758.0,1400,0.0
2026-04-17 13:00:00,76257.82,77046.02,76076.92,76611.91,7256.0,1400,0.0
2026-04-17 13:30:00,76610.57,77461.71,76118.89,77377.16,7654.0,1400,0.0
2026-04-17 14:00:00,77379.24,77810.36,77042.54,77517.45,5320.0,1400,0.0
2026-04-17 14:30:00,77517.46,78122.56,77517.46,77961.79,4240.0,1400,0.0
2026-04-17 15:00:00,77956.27,78053.76,77635.47,77791.0,4104.0,1400,0.0
2026-04-17 15:30:00,77787.67,77930.44,77474.63,77829.89,3753.0,1400,0.0
2026-04-17 16:00:00,77829.38,78400.74,77753.57,78202.07,3063.0,1400,0.0
2026-04-17 16:30:00,78199.45,78328.75,77826.46,77902.67,2510.0,1400,0.0
2026-04-17 17:00:00,77894.92,77967.28,77129.95,77273.24,4083.0,1400,0.0
2026-04-17 17:30:00,77273.54,77697.25,77273.54,77545.39,2650.0,1400,0.0
2026-04-17 18:00:00,77543.83,77611.27,77109.57,77229.5,2826.0,1400,0.0
2026-04-17 18:30:00,77235.47,77420.39,77117.39,77186.85,1994.0,1400,0.0
2026-04-17 19:00:00,77187.95,77424.07,76991.64,77297.69,2061.0,1400,0.0
2026-04-17 19:30:00,77306.2,77523.17,77237.67,77433.18,2042.0,1400,0.0
2026-04-17 20:00:00,77440.69,77657.42,77385.67,77407.84,1495.0,1400,0.0
2026-04-17 20:30:00,77405.92,77433.49,77184.4,77361.2,1238.0,1400,0.0
2026-04-17 21:00:00,77359.92,77527.92,77305.87,77460.62,978.0,1400,0.0
2026-04-17 21:30:00,77458.22,77527.71,77309.5,77468.07,1396.0,1400,0.0
2026-04-17 22:00:00,77468.49,77550.45,77326.15,77409.95,1171.0,1400,0.0
2026-04-17 22:30:00,77415.98,77510.06,77285.95,77335.67,1202.0,1400,0.0
2026-04-17 23:00:00,77335.81,77335.81,76920.3,77073.01,1422.0,1400,0.0
2026-04-17 23:30:00,77074.5,77176.58,77009.24,77095.14,974.0,1400,0.0
2026-04-18 00:00:00,77092.71,77260.72,77054.96,77241.59,1183.0,1400,0.0
2026-04-18 00:30:00,77241.67,77286.66,77000.46,77196.94,1287.0,1400,0.0
2026-04-18 01:00:00,77199.58,77363.09,77142.24,77321.15,1119.0,1400,0.0
2026-04-18 01:30:00,77329.25,77343.83,77158.95,77243.65,913.0,1400,0.0
2026-04-18 02:00:00,77242.48,77454.58,77151.09,77352.71,1051.0,1400,0.0
2026-04-18 02:30:00,77352.99,77438.97,77283.51,77317.9,846.0,1400,0.0
2026-04-18 03:00:00,77317.81,77327.94,77188.29,77213.53,803.0,1400,0.0
2026-04-18 03:30:00,77215.07,77241.0,76984.68,77041.77,1078.0,1400,0.0
2026-04-18 04:00:00,77042.28,77126.92,76962.9,77024.13,982.0,1400,0.0
2026-04-18 04:30:00,77016.54,77194.07,76901.51,77139.39,1005.0,1400,0.0
2026-04-18 05:00:00,77141.17,77307.12,77136.45,77179.68,932.0,1400,0.0
2026-04-18 05:30:00,77175.33,77229.22,77139.56,77159.59,665.0,1400,0.0
2026-04-18 06:00:00,77160.38,77243.42,77085.18,77105.78,909.0,1400,0.0
2026-04-18 06:30:00,77107.18,77184.73,77101.64,77148.73,695.0,1400,0.0
2026-04-18 07:00:00,77140.81,77159.25,77067.42,77103.08,689.0,1400,0.0
2026-04-18 07:30:00,77103.74,77114.0,76900.04,77015.11,879.0,1400,0.0
2026-04-18 08:00:00,77017.17,77068.17,76650.01,76705.58,1508.0,1400,0.0
2026-04-18 08:30:00,76702.53,76810.3,76522.88,76749.92,1614.0,1400,0.0
2026-04-18 09:00:00,76743.79,76743.79,76413.78,76602.95,1387.0,1400,0.0
2026-04-18 09:30:00,76595.49,76721.18,76550.86,76619.77,898.0,1400,0.0
2026-04-18 10:00:00,76622.12,76622.12,76231.23,76350.2,1769.0,1400,0.0
2026-04-18 10:30:00,76341.42,76341.42,76158.85,76217.02,1106.0,1400,0.0
2026-04-18 11:00:00,76216.37,76217.94,75935.44,76100.97,1658.0,1400,0.0
2026-04-18 11:30:00,76098.93,76199.34,75777.11,76058.12,1870.0,1400,0.0
2026-04-18 12:00:00,76060.25,76345.38,76060.25,76166.33,1642.0,1400,0.0
2026-04-18 12:30:00,76170.09,76310.1,76067.6,76230.73,1253.0,1400,0.0
2026-04-18 13:00:00,76228.42,76245.63,76083.42,76109.32,1085.0,1400,0.0
2026-04-18 13:30:00,76109.0,76205.14,75805.14,76144.48,1771.0,1400,0.0
2026-04-18 14:00:00,76144.58,76221.39,75995.44,76159.76,1004.0,1400,0.0
2026-04-18 14:30:00,76160.96,76318.36,76160.96,76272.34,1152.0,1400,0.0
2026-04-18 15:00:00,76274.89,76401.47,76155.85,76227.26,1152.0,1400,0.0
2026-04-18 15:30:00,76222.82,76260.21,76011.11,76189.3,876.0,1400,0.0
2026-04-18 16:00:00,76193.31,76244.94,75651.19,76107.99,1663.0,1400,0.0
2026-04-18 16:30:00,76111.73,76157.98,75886.26,75963.02,1041.0,1400,0.0
2026-04-18 17:00:00,75962.82,75995.03,75790.36,75876.39,1160.0,1400,0.0
2026-04-18 17:30:00,75878.18,75922.4,75845.11,75851.73,679.0,1400,0.0
2026-04-18 18:00:00,75851.16,75871.42,75612.59,75685.77,1415.0,1400,0.0
2026-04-18 18:30:00,75685.89,75751.01,75459.03,75664.94,1761.0,1400,0.0
2026-04-18 19:00:00,75667.05,75827.95,75634.72,75710.0,956.0,1400,0.0
2026-04-18 19:30:00,75711.18,75727.28,75595.61,75667.74,885.0,1400,0.0
2026-04-18 20:00:00,75670.86,75809.2,75623.31,75731.4,977.0,1400,0.0
2026-04-18 20:30:00,75740.39,75870.28,75722.39,75779.44,776.0,1400,0.0
2026-04-18 21:00:00,75777.59,75866.2,75626.99,75769.97,873.0,1400,0.0
2026-04-18 21:30:00,75764.47,75847.2,75693.38,75843.13,881.0,1400,0.0
2026-04-18 22:00:00,75843.22,75843.22,75635.08,75743.39,851.0,1400,0.0
2026-04-18 22:30:00,75743.47,75914.26,75743.47,75843.74,799.0,1400,0.0
2026-04-18 23:00:00,75855.32,75923.98,75832.44,75836.67,751.0,1400,0.0
2026-04-18 23:30:00,75834.49,75843.6,75721.97,75727.87,888.0,1400,0.0
2026-04-19 00:00:00,75728.19,75873.55,75596.45,75647.25,1117.0,1400,0.0
2026-04-19 00:30:00,75649.15,75711.65,75577.2,75696.24,939.0,1400,0.0
2026-04-19 01:00:00,75696.35,75828.65,75570.26,75573.29,1040.0,1400,0.0
2026-04-19 01:30:00,75576.72,75673.73,75480.34,75641.75,862.0,1400,0.0
2026-04-19 02:00:00,75640.52,75715.18,75417.4,75522.77,1023.0,1400,0.0
2026-04-19 02:30:00,75522.94,75756.61,75471.79,75524.23,1134.0,1400,0.0
2026-04-19 03:00:00,75520.32,75591.36,75388.35,75553.08,1110.0,1400,0.0
2026-04-19 03:30:00,75553.16,75673.3,75511.24,75543.49,888.0,1400,0.0
2026-04-19 04:00:00,75543.54,75819.42,75541.77,75715.85,998.0,1400,0.0
2026-04-19 04:30:00,75713.69,75742.85,75443.74,75693.28,1220.0,1400,0.0
2026-04-19 05:00:00,75693.32,75722.1,75541.0,75595.17,583.0,1400,0.0
2026-04-19 05:30:00,75595.28,75701.08,75561.08,75576.34,810.0,1400,0.0
2026-04-19 06:00:00,75576.42,75580.54,75305.85,75434.73,1264.0,1400,0.0
2026-04-19 06:30:00,75433.65,75515.36,75385.32,75433.17,712.0,1400,0.0
2026-04-19 07:00:00,75435.16,75439.21,74910.19,75018.64,2117.0,1400,0.0
2026-04-19 07:30:00,75019.57,75328.14,75019.57,75285.01,1217.0,1400,0.0
2026-04-19 08:00:00,75284.38,75330.09,75167.63,75169.91,988.0,1400,0.0
2026-04-19 08:30:00,75168.82,75305.8,75104.75,75288.39,1007.0,1400,0.0
2026-04-19 09:00:00,75286.95,75299.88,74970.59,75119.18,1016.0,1400,0.0
2026-04-19 09:30:00,75121.99,75199.09,74947.67,75047.38,1173.0,1400,0.0
2026-04-19 10:00:00,75048.51,75150.97,74960.12,75111.7,1148.0,1400,0.0
2026-04-19 10:30:00,75107.63,75266.4,75073.19,75246.24,953.0,1400,0.0
2026-04-19 11:00:00,75246.33,75579.71,75235.91,75400.86,1593.0,1400,0.0
2026-04-19 11:30:00,75403.39,75669.23,75396.35,75625.12,1199.0,1400,0.0
2026-04-19 12:00:00,75636.2,75743.04,75531.69,75549.9,1631.0,1400,0.0
2026-04-19 12:30:00,75543.3,75719.51,75455.33,75606.98,1102.0,1400,0.0
2026-04-19 13:00:00,75605.96,76276.75,75579.33,76083.59,2782.0,1400,0.0
2026-04-19 13:30:00,76085.68,76150.38,75887.72,75957.11,1424.0,1400,0.0
2026-04-19 14:00:00,75957.0,76064.16,75698.82,75995.56,1821.0,1400,0.0
2026-04-19 14:30:00,75996.94,76181.98,75818.38,76055.54,1629.0,1400,0.0
2026-04-19 15:00:00,76057.01,76196.11,75906.91,75998.93,1495.0,1400,0.0
2026-04-19 15:30:00,76001.05,76026.75,75421.22,75885.36,2514.0,1400,0.0
2026-04-19 16:00:00,75883.25,75893.39,75577.34,75594.76,1933.0,1400,0.0
2026-04-19 16:30:00,75594.87,75730.25,75317.75,75415.19,2185.0,1400,0.0
2026-04-19 17:00:00,75412.86,75415.85,75008.76,75300.27,2375.0,1400,0.0
2026-04-19 17:30:00,75301.39,75388.52,74646.91,74819.01,2685.0,1400,0.0
2026-04-19 18:00:00,74817.66,74941.7,74609.69,74826.42,2689.0,1400,0.0
2026-04-19 18:30:00,74828.46,74845.03,74626.1,74802.47,1653.0,1400,0.0
2026-04-19 19:00:00,74803.69,75060.13,74803.69,74970.95,1533.0,1400,0.0
2026-04-19 19:30:00,74970.07,75105.59,74913.0,74976.55,1192.0,1400,0.0
2026-04-19 20:00:00,74976.71,74980.79,74660.37,74783.7,1531.0,1400,0.0
2026-04-19 20:30:00,74789.01,74895.87,74441.75,74663.91,1858.0,1400,0.0
2026-04-19 21:00:00,74665.6,74801.04,74588.86,74772.92,1268.0,1400,0.0
2026-04-19 21:30:00,74771.35,74842.39,74383.2,74449.17,1882.0,1400,0.0
2026-04-19 22:00:00,74449.91,74452.62,73784.17,73970.62,6216.0,1400,0.0
2026-04-19 22:30:00,73969.73,74232.03,73945.17,74064.88,1852.0,1400,0.0
2026-04-19 23:00:00,74066.21,74084.8,73813.05,73912.65,1998.0,1400,0.0
2026-04-19 23:30:00,73915.47,74013.17,73808.28,73822.24,1613.0,1400,0.0
2026-04-20 00:00:00,73825.08,74310.57,73729.31,74255.56,2594.0,1400,0.0
2026-04-20 00:30:00,74254.11,74392.93,74165.91,74295.75,1331.0,1400,0.0
2026-04-20 01:00:00,74296.1,74395.74,74230.23,74318.57,1411.0,1400,0.0
2026-04-20 01:30:00,74318.66,74773.74,74315.75,74618.21,1759.0,1400,0.0
2026-04-20 02:00:00,74617.04,74660.64,74325.08,74480.33,1352.0,1400,0.0
2026-04-20 02:30:00,74484.53,74553.09,74427.96,74435.76,1104.0,1400,0.0
2026-04-20 03:00:00,74434.83,74629.31,74378.99,74540.57,1032.0,1400,0.0
2026-04-20 03:30:00,74540.75,74669.57,74480.94,74665.16,1131.0,1400,0.0
2026-04-20 04:00:00,74666.69,74670.78,74464.37,74530.65,950.0,1400,0.0
2026-04-20 04:30:00,74529.23,74637.69,74453.66,74585.07,809.0,1400,0.0
2026-04-20 05:00:00,74585.87,74586.2,74149.35,74162.91,1158.0,1400,0.0
2026-04-20 05:30:00,74163.84,74331.16,74117.82,74289.81,1067.0,1400,0.0
2026-04-20 06:00:00,74288.67,74471.74,74272.05,74362.49,1116.0,1400,0.0
2026-04-20 06:30:00,74364.05,74918.3,74364.05,74824.9,1920.0,1400,0.0
2026-04-20 07:00:00,74828.37,75603.16,74717.12,75249.2,3329.0,1400,0.0
2026-04-20 07:30:00,75243.99,75278.34,74680.43,74859.46,2386.0,1400,0.0
2026-04-20 08:00:00,74861.74,75028.93,74677.77,74845.78,2091.0,1400,0.0
2026-04-20 08:30:00,74848.42,74965.37,74624.57,74755.25,1444.0,1400,0.0
2026-04-20 09:00:00,74755.55,75185.48,74719.23,75060.94,1795.0,1400,0.0
2026-04-20 09:30:00,75060.49,75263.7,74997.48,75094.46,1619.0,1400,0.0
2026-04-20 10:00:00,75095.62,75439.05,75092.71,75333.04,1544.0,1400,0.0
2026-04-20 10:30:00,75331.28,75331.28,75024.28,75059.91,1211.0,1400,0.0
2026-04-20 11:00:00,75057.01,75300.1,74969.41,75191.99,1455.0,1400,0.0
2026-04-20 11:30:00,75189.09,75310.54,75102.66,75210.13,1478.0,1400,0.0
2026-04-20 12:00:00,75213.58,75685.19,75096.42,75436.57,2115.0,1400,0.0
2026-04-20 12:30:00,75437.28,75495.3,75029.51,75315.72,1904.0,1400,0.0
2026-04-20 13:00:00,75320.75,75388.25,75022.91,75225.0,2188.0,1400,0.0
2026-04-20 13:30:00,75218.0,75459.89,74872.35,75301.97,5438.0,1400,0.0
2026-04-20 14:00:00,75294.92,75809.47,75061.47,75605.44,4590.0,1400,0.0
2026-04-20 14:30:00,75605.16,75711.63,74947.28,75077.3,5022.0,1400,0.0
2026-04-20 15:00:00,75070.7,75814.07,74725.74,75784.17,5139.0,1400,0.0
2026-04-20 15:30:00,75775.84,75775.84,75546.01,75738.66,2882.0,1400,0.0
2026-04-20 16:00:00,75743.22,75754.03,75347.83,75385.31,2356.0,1400,0.0
2026-04-20 16:30:00,75384.62,75604.68,75316.47,75375.51,1897.0,1400,0.0
2026-04-20 17:00:00,75370.65,75917.86,75307.19,75743.68,2348.0,1400,0.0
2026-04-20 17:30:00,75741.95,76041.18,75631.34,75928.38,1983.0,1400,0.0
2026-04-20 18:00:00,75935.13,76352.16,75935.13,76140.4,2808.0,1400,0.0
2026-04-20 18:30:00,76141.09,76496.72,76013.49,76451.8,2145.0,1400,0.0
2026-04-20 19:00:00,76455.23,76514.31,76198.27,76229.86,1587.0,1400,0.0
2026-04-20 19:30:00,76224.54,76362.22,76172.69,76320.12,1084.0,1400,0.0
2026-04-20 20:00:00,76318.69,76611.84,76148.47,76351.88,1505.0,1400,0.0
2026-04-20 20:30:00,76349.97,76357.8,76243.41,76316.28,850.0,1400,0.0
2026-04-20 21:00:00,76316.16,76406.55,75876.4,75960.1,1366.0,1400,0.0
2026-04-20 21:30:00,75960.01,75998.02,75797.74,75981.0,1073.0,1400,0.0
2026-04-20 22:00:00,75980.07,76181.89,75923.86,75951.48,1401.0,1400,0.0
2026-04-20 22:30:00,75947.88,76101.99,75918.62,76002.27,1093.0,1400,0.0
2026-04-20 23:00:00,75994.33,75994.33,75641.92,75690.34,1247.0,1400,0.0
2026-04-20 23:30:00,75695.16,75910.7,75650.73,75865.73,929.0,1400,0.0
2026-04-21 00:00:00,75866.46,75957.22,75717.98,75924.96,1331.0,1400,0.0
2026-04-21 00:30:00,75925.91,76122.77,75877.88,76120.74,1438.0,1400,0.0
2026-04-21 01:00:00,76116.06,76292.64,76012.01,76149.67,1300.0,1400,0.0
2026-04-21 01:30:00,76151.87,76257.8,75876.56,75956.53,1238.0,1400,0.0
2026-04-21 02:00:00,75956.04,75961.43,75701.68,75742.25,1150.0,1400,0.0
2026-04-21 02:30:00,75741.9,75829.77,75591.19,75606.05,1069.0,1400,0.0
2026-04-21 03:00:00,75607.58,75694.32,75501.81,75658.9,1206.0,1400,0.0
2026-04-21 03:30:00,75660.21,75750.23,75512.08,75729.67,948.0,1400,0.0
2026-04-21 04:00:00,75725.92,75793.46,75620.2,75653.7,1001.0,1400,0.0
2026-04-21 04:30:00,75654.8,75857.38,75641.02,75839.77,807.0,1400,0.0
2026-04-21 05:00:00,75834.04,76019.61,75821.21,75930.72,1014.0,1400,0.0
2026-04-21 05:30:00,75920.51,75925.49,75798.74,75828.24,843.0,1400,0.0
2026-04-21 06:00:00,75822.4,75847.76,75723.79,75781.53,817.0,1400,0.0
2026-04-21 06:30:00,75781.48,76157.63,75779.59,76000.96,1245.0,1400,0.0
2026-04-21 07:00:00,76000.66,76341.22,75835.43,76208.35,1510.0,1400,0.0
2026-04-21 07:30:00,76210.78,76341.06,76044.07,76113.35,1323.0,1400,0.0
2026-04-21 08:00:00,76116.77,76411.63,76085.03,76367.28,1372.0,1400,0.0
2026-04-21 08:30:00,76367.69,76955.95,76272.8,76532.96,1905.0,1400,0.0
2026-04-21 09:00:00,76532.13,76613.99,76219.9,76279.54,1537.0,1400,0.0
2026-04-21 09:30:00,76281.64,76408.28,76173.81,76390.9,1487.0,1400,0.0
2026-04-21 10:00:00,76392.75,76608.98,76371.1,76542.3,1350.0,1400,0.0
2026-04-21 10:30:00,76540.76,76901.91,76489.84,76773.05,1530.0,1400,0.0
2026-04-21 11:00:00,76772.86,76791.89,76359.93,76698.47,1958.0,1400,0.0
2026-04-21 11:30:00,76698.44,76720.89,76426.14,76476.44,1171.0,1400,0.0
2026-04-21 12:00:00,76482.13,76520.26,76263.39,76394.89,1404.0,1400,0.0
2026-04-21 12:30:00,76391.98,76555.74,75699.53,76037.24,2867.0,1400,0.0
2026-04-21 13:00:00,76039.54,76165.81,75914.33,76058.76,1586.0,1400,0.0
2026-04-21 13:30:00,76056.31,76206.6,75744.35,75924.79,4118.0,1400,0.0
2026-04-21 14:00:00,75928.0,76346.48,75713.18,76133.08,3125.0,1400,0.0
2026-04-21 14:30:00,76130.9,76626.25,75625.79,75685.42,3950.0,1400,0.0
2026-04-21 15:00:00,75687.1,76003.43,75427.16,75706.25,4307.0,1400,0.0
2026-04-21 15:30:00,75696.19,75851.15,75533.02,75848.8,2693.0,1400,0.0
2026-04-21 16:00:00,75851.14,76021.75,75824.69,75877.49,2518.0,1400,0.0
2026-04-21 16:30:00,75873.82,76207.32,75756.4,75791.8,2189.0,1400,0.0
2026-04-21 17:00:00,75789.99,75841.77,75064.31,75333.11,3589.0,1400,0.0
2026-04-21 17:30:00,75333.19,75925.4,75282.24,75558.99,3616.0,1400,0.0
2026-04-21 18:00:00,75559.62,75682.12,75374.36,75471.46,2310.0,1400,0.0
2026-04-21 18:30:00,75472.92,75655.76,75311.77,75618.56,2367.0,1400,0.0
2026-04-21 19:00:00,75604.29,75934.11,75546.78,75798.19,2473.0,1400,0.0
2026-04-21 19:30:00,75799.82,75806.08,74826.34,75029.05,3889.0,1400,0.0
2026-04-21 20:00:00,75031.18,75800.66,74983.32,75667.03,3284.0,1400,0.0
2026-04-21 20:30:00,75671.37,75872.47,75588.22,75711.14,1449.0,1400,0.0
2026-04-21 21:00:00,75707.08,75787.96,75550.68,75599.14,970.0,1400,0.0
2026-04-21 21:30:00,75600.31,75658.48,75464.05,75554.68,950.0,1400,0.0
2026-04-21 22:00:00,75550.69,75614.75,75302.66,75385.1,1491.0,1400,0.0
2026-04-21 22:30:00,75388.95,75666.64,75314.86,75655.73,1085.0,1400,0.0
2026-04-21 23:00:00,75643.95,75887.67,75630.81,75793.4,1303.0,1400,0.0
2026-04-21 23:30:00,75795.37,76454.67,75791.79,76349.41,1752.0,1400,0.0
2026-04-22 00:00:00,76353.03,76526.89,76257.94,76282.16,1857.0,1400,0.0
2026-04-22 00:30:00,76282.42,76422.78,76225.05,76381.8,1330.0,1400,0.0
2026-04-22 01:00:00,76381.19,76439.73,76148.44,76176.3,1486.0,1400,0.0
2026-04-22 01:30:00,76170.62,76365.02,76143.6,76318.18,1011.0,1400,0.0
2026-04-22 02:00:00,76318.46,77281.15,76225.94,77249.38,3132.0,1400,0.0
2026-04-22 02:30:00,77249.2,77664.91,77086.44,77611.67,2874.0,1400,0.0
2026-04-22 03:00:00,77620.17,77750.32,77424.81,77536.17,2356.0,1400,0.0
2026-04-22 03:30:00,77537.29,77645.18,77416.44,77538.38,1291.0,1400,0.0
2026-04-22 04:00:00,77537.75,77641.6,77374.41,77513.98,1306.0,1400,0.0
2026-04-22 04:30:00,77521.23,77720.81,77457.74,77529.22,1230.0,1400,0.0
2026-04-22 05:00:00,77523.48,78478.49,77449.75,78259.88,2934.0,1400,0.0
2026-04-22 05:30:00,78264.59,78367.05,77948.52,77977.96,2166.0,1400,0.0
2026-04-22 06:00:00,77975.67,78049.96,77893.49,77980.51,1273.0,1400,0.0
2026-04-22 06:30:00,77980.6,78027.3,77902.09,78006.25,1108.0,1400,0.0
2026-04-22 07:00:00,78005.51,78135.6,77823.96,77905.37,1392.0,1400,0.0
2026-04-22 07:30:00,77899.29,78122.26,77847.64,78023.78,1177.0,1400,0.0
2026-04-22 08:00:00,78025.14,78221.36,77975.8,77975.8,1446.0,1400,0.0
2026-04-22 08:30:00,77975.7,78083.8,77941.19,78009.42,1201.0,1400,0.0
2026-04-22 09:00:00,78007.61,78173.43,77956.36,78164.76,1346.0,1400,0.0
2026-04-22 09:30:00,78164.68,78195.93,77983.02,78004.48,1130.0,1400,0.0
2026-04-22 10:00:00,78006.44,78086.16,77952.92,78071.84,1125.0,1400,0.0
2026-04-22 10:30:00,78071.31,78190.16,78067.73,78163.06,982.0,1400,0.0
2026-04-22 11:00:00,78168.96,78335.27,78109.7,78329.63,1411.0,1400,0.0
2026-04-22 11:30:00,78331.36,78428.36,78192.31,78317.29,1371.0,1400,0.0
2026-04-22 12:00:00,78318.8,78552.21,78167.21,78201.49,1838.0,1400,0.0
2026-04-22 12:30:00,78200.07,78366.12,78129.05,78254.08,1534.0,1400,0.0
2026-04-22 13:00:00,78253.83,78531.67,78183.9,78496.33,2207.0,1400,0.0
2026-04-22 13:30:00,78497.94,78880.51,78298.89,78873.18,4658.0,1400,0.0
2026-04-22 14:00:00,78876.78,79223.5,78729.3,79052.12,3781.0,1400,0.0
2026-04-22 14:30:00,79052.84,79120.18,78613.72,79056.33,3292.0,1400,0.0
2026-04-22 15:00:00,79069.85,79165.76,78856.79,79083.38,2858.0,1400,0.0
2026-04-22 15:30:00,79081.56,79446.57,79028.51,79315.02,2353.0,1400,0.0
2026-04-22 16:00:00,79315.68,79517.18,78909.57,78957.03,2208.0,1400,0.0
2026-04-22 16:30:00,78957.0,79058.77,78642.75,78772.5,2200.0,1400,0.0
2026-04-22 17:00:00,78774.12,79062.14,78714.32,78864.55,1989.0,1400,0.0
2026-04-22 17:30:00,78862.38,79022.96,78729.14,78936.11,1587.0,1400,0.0
2026-04-22 18:00:00,78941.17,79026.5,78843.2,78926.49,1198.0,1400,0.0
2026-04-22 18:30:00,78918.97,79194.53,78872.17,79051.67,1198.0,1400,0.0
2026-04-22 19:00:00,79058.56,79096.32,78718.51,79055.61,1695.0,1400,0.0
2026-04-22 19:30:00,79055.63,79092.07,78799.4,78871.41,1474.0,1400,0.0
2026-04-22 20:00:00,78869.98,78946.74,78484.15,78612.26,1408.0,1400,0.0
2026-04-22 20:30:00,78608.46,78643.7,78422.12,78463.79,992.0,1400,0.0
2026-04-22 21:00:00,78465.58,78629.07,78442.79,78599.38,794.0,1400,0.0
2026-04-22 21:30:00,78599.94,78859.38,78599.94,78786.69,1001.0,1400,0.0
2026-04-22 22:00:00,78777.75,78860.22,78551.35,78565.13,1165.0,1400,0.0
2026-04-22 22:30:00,78565.47,78659.55,78475.14,78628.22,1015.0,1400,0.0
2026-04-22 23:00:00,78624.56,78634.23,78220.94,78360.9,1327.0,1400,0.0
2026-04-22 23:30:00,78363.51,78363.51,78175.84,78209.06,1258.0,1400,0.0
2026-04-23 00:00:00,78208.94,78519.11,77604.73,78467.07,4108.0,1400,0.0
2026-04-23 00:30:00,78466.03,78603.53,78289.49,78458.25,2188.0,1400,0.0
2026-04-23 01:00:00,78457.77,78507.71,78082.15,78112.5,2031.0,1400,0.0
2026-04-23 01:30:00,78115.22,78460.16,78088.62,78380.12,1708.0,1400,0.0
2026-04-23 02:00:00,78385.48,78389.33,77996.14,78057.35,2112.0,1400,0.0
2026-04-23 02:30:00,78057.87,78148.13,77778.86,77966.49,2077.0,1400,0.0
2026-04-23 03:00:00,77955.13,78058.69,77651.23,77714.26,1838.0,1400,0.0
2026-04-23 03:30:00,77705.5,77788.16,77471.66,77762.85,1833.0,1400,0.0
2026-04-23 04:00:00,77756.66,77963.43,77692.41,77821.08,1559.0,1400,0.0
2026-04-23 04:30:00,77822.98,77974.78,77821.5,77926.88,1067.0,1400,0.0
2026-04-23 05:00:00,77946.19,78067.06,77899.86,77913.16,996.0,1400,0.0
2026-04-23 05:30:00,77912.52,78151.11,77787.52,78064.28,1215.0,1400,0.0
2026-04-23 06:00:00,78067.56,78369.92,78064.4,78298.72,1433.0,1400,0.0
2026-04-23 06:30:00,78302.36,78364.08,78117.14,78235.89,1110.0,1400,0.0
2026-04-23 07:00:00,78236.69,78279.65,78130.34,78178.42,1184.0,1400,0.0
2026-04-23 07:30:00,78167.5,78202.63,77993.69,78074.17,1232.0,1400,0.0
2026-04-23 08:00:00,78074.73,78210.28,77933.39,78002.0,1237.0,1400,0.0
2026-04-23 08:30:00,77999.5,78009.7,77730.34,77874.14,1395.0,1400,0.0
2026-04-23 09:00:00,77873.18,77886.09,77450.42,77641.62,1806.0,1400,0.0
2026-04-23 09:30:00,77646.49,77785.29,77555.7,77666.21,1129.0,1400,0.0
2026-04-23 10:00:00,77661.13,77737.79,76751.85,77407.72,2181.0,1400,0.0
2026-04-23 10:30:00,77400.82,77494.7,77311.07,77426.98,1166.0,1400,0.0
2026-04-23 11:00:00,77430.69,77522.83,77380.04,77494.62,1047.0,1400,0.0
2026-04-23 11:30:00,77491.66,77777.46,77402.54,77713.95,1613.0,1400,0.0
2026-04-23 12:00:00,77726.61,77907.44,77636.73,77793.82,1733.0,1400,0.0
2026-04-23 12:30:00,77796.95,77898.87,77542.07,77895.26,2002.0,1400,0.0
2026-04-23 13:00:00,77893.78,77944.3,77597.37,77619.59,1530.0,1400,0.0
2026-04-23 13:30:00,77619.29,77717.46,77397.33,77545.82,3215.0,1400,0.0
2026-04-23 14:00:00,77544.25,77984.85,77436.14,77756.99,2868.0,1400,0.0
2026-04-23 14:30:00,77772.4,78236.95,77768.99,78201.23,2820.0,1400,0.0
2026-04-23 15:00:00,78197.0,78704.26,77999.17,78415.43,2588.0,1400,0.0
2026-04-23 15:30:00,78414.32,78639.23,78273.94,78395.87,2204.0,1400,0.0
2026-04-23 16:00:00,78399.63,78540.53,78253.0,78321.28,1899.0,1400,0.0
2026-04-23 16:30:00,78323.42,78488.18,78045.04,78129.04,1767.0,1400,0.0
2026-04-23 17:00:00,78128.89,78212.97,77564.27,77626.42,3931.0,1400,0.0
2026-04-23 17:30:00,77625.3,77847.55,76974.09,77787.6,5878.0,1400,0.0
2026-04-23 18:00:00,77788.03,78175.29,77760.99,77926.16,3440.0,1400,0.0
2026-04-23 18:30:00,77926.78,78148.94,77691.15,77694.06,2024.0,1400,0.0
2026-04-23 19:00:00,77691.89,77920.75,77610.03,77873.49,1709.0,1400,0.0
2026-04-23 19:30:00,77872.76,77920.28,77614.4,77733.07,1768.0,1400,0.0
2026-04-23 20:00:00,77730.71,77932.86,77656.96,77756.75,1238.0,1400,0.0
2026-04-23 20:30:00,77756.83,78072.42,77731.28,77898.64,1140.0,1400,0.0
2026-04-23 21:00:00,77900.58,77937.41,77802.02,77937.41,796.0,1400,0.0
2026-04-23 21:30:00,77940.33,78103.76,77878.14,77878.14,886.0,1400,0.0
2026-04-23 22:00:00,77878.4,78300.53,77878.4,78189.96,1465.0,1400,0.0
2026-04-23 22:30:00,78188.69,78359.68,78183.0,78250.43,980.0,1400,0.0
2026-04-23 23:00:00,78251.76,78258.79,78037.46,78156.86,965.0,1400,0.0
2026-04-23 23:30:00,78157.44,78328.03,78144.65,78271.03,949.0,1400,0.0
2026-04-24 00:00:00,78275.31,78494.14,78180.06,78434.2,1318.0,1400,0.0
2026-04-24 00:30:00,78436.09,78524.3,78339.08,78438.56,1199.0,1400,0.0
2026-04-24 01:00:00,78445.08,78445.08,78015.76,78053.52,1327.0,1400,0.0
2026-04-24 01:30:00,78052.21,78471.88,77968.01,78436.3,1404.0,1400,0.0
2026-04-24 02:00:00,78436.97,78613.65,78259.17,78278.77,1226.0,1400,0.0
2026-04-24 02:30:00,78278.69,78459.35,78068.98,78142.96,1110.0,1400,0.0
2026-04-24 03:00:00,78143.11,78201.78,77670.62,77769.75,1517.0,1400,0.0
2026-04-24 03:30:00,77772.05,77774.89,77574.3,77749.72,1436.0,1400,0.0
2026-04-24 04:00:00,77742.94,77880.69,77620.49,77625.24,1047.0,1400,0.0
2026-04-24 04:30:00,77626.71,77770.08,77486.73,77680.77,1159.0,1400,0.0
2026-04-24 05:00:00,77679.49,77716.18,77458.32,77656.12,1132.0,1400,0.0
2026-04-24 05:30:00,77656.64,78080.48,77656.64,77977.32,1213.0,1400,0.0
2026-04-24 06:00:00,77980.48,78009.83,77828.25,77855.22,1101.0,1400,0.0
2026-04-24 06:30:00,77852.78,77936.62,77769.96,77803.31,1048.0,1400,0.0
2026-04-24 07:00:00,77800.86,77877.64,77657.2,77741.26,1010.0,1400,0.0
2026-04-24 07:30:00,77744.65,77765.04,77555.26,77678.19,999.0,1400,0.0
2026-04-24 08:00:00,77677.96,78035.57,77584.1,77878.97,1436.0,1400,0.0
2026-04-24 08:30:00,77879.3,77910.13,77743.36,77806.26,942.0,1400,0.0
2026-04-24 09:00:00,77807.47,77826.47,77422.47,77509.1,1340.0,1400,0.0
2026-04-24 09:30:00,77511.08,77606.51,77426.85,77550.87,903.0,1400,0.0
2026-04-24 10:00:00,77548.79,77765.72,77459.74,77689.32,1117.0,1400,0.0
2026-04-24 10:30:00,77691.02,77806.69,77623.48,77761.53,1038.0,1400,0.0
2026-04-24 11:00:00,77761.95,78353.81,77761.95,78350.86,3157.0,1400,0.0
2026-04-24 11:30:00,78349.84,78404.06,78179.61,78252.63,1491.0,1400,0.0
2026-04-24 12:00:00,78252.33,78367.17,78198.08,78289.37,1361.0,1400,0.0
2026-04-24 12:30:00,78290.1,78302.38,78030.11,78294.95,1464.0,1400,0.0
2026-04-24 13:00:00,78298.61,78494.55,78160.19,78192.63,1546.0,1400,0.0
2026-04-24 13:30:00,78192.94,78322.87,77923.43,78103.31,3503.0,1400,0.0
2026-04-24 14:00:00,78103.65,78103.65,77704.0,77733.02,3225.0,1400,0.0
2026-04-24 14:30:00,77737.44,78094.41,77697.07,78064.21,2015.0,1400,0.0
2026-04-24 15:00:00,78064.14,78073.31,77591.84,77839.6,2239.0,1400,0.0
2026-04-24 15:30:00,77837.79,78261.91,77734.89,78060.59,2867.0,1400,0.0
2026-04-24 16:00:00,78061.85,78091.54,77655.76,77740.62,1714.0,1400,0.0
2026-04-24 16:30:00,77740.67,77923.98,77594.38,77787.17,1683.0,1400,0.0
2026-04-24 17:00:00,77785.15,77786.57,77604.49,77687.68,1486.0,1400,0.0
2026-04-24 17:30:00,77690.52,77848.14,77469.22,77705.5,1625.0,1400,0.0
2026-04-24 18:00:00,77704.93,77740.6,77372.25,77520.82,1454.0,1400,0.0
2026-04-24 18:30:00,77521.61,77657.71,77496.25,77631.32,1122.0,1400,0.0
2026-04-24 19:00:00,77633.13,77766.76,77543.2,77588.24,1041.0,1400,0.0
2026-04-24 19:30:00,77593.75,77679.33,77556.22,77655.22,1178.0,1400,0.0
2026-04-24 20:00:00,77653.75,77671.48,77465.71,77549.83,996.0,1400,0.0
2026-04-24 20:30:00,77549.93,77786.14,77548.84,77747.67,761.0,1400,0.0
2026-04-24 21:00:00,77747.07,77783.34,77592.45,77640.68,745.0,1400,0.0
2026-04-24 21:30:00,77640.35,77660.91,77558.48,77558.48,873.0,1400,0.0
2026-04-24 22:00:00,77559.76,77648.13,77530.94,77565.56,855.0,1400,0.0
2026-04-24 22:30:00,77565.65,77565.75,77272.42,77355.85,933.0,1400,0.0
2026-04-24 23:00:00,77355.42,77444.75,77350.12,77424.58,721.0,1400,0.0
2026-04-24 23:30:00,77425.05,77476.95,77406.25,77459.53,700.0,1400,0.0
2026-04-25 00:00:00,77450.97,77526.96,77326.49,77337.13,792.0,1400,0.0
2026-04-25 00:30:00,77332.88,77475.54,77327.33,77470.96,539.0,1400,0.0
2026-04-25 01:00:00,77474.39,77560.77,77448.41,77506.74,641.0,1400,0.0
2026-04-25 01:30:00,77506.67,77644.23,77504.46,77555.94,754.0,1400,0.0
2026-04-25 02:00:00,77558.93,77658.78,77514.2,77650.04,660.0,1400,0.0
2026-04-25 02:30:00,77650.08,77668.41,77611.76,77632.68,536.0,1400,0.0
2026-04-25 03:00:00,77632.59,77726.17,77571.02,77576.87,682.0,1400,0.0
2026-04-25 03:30:00,77576.51,77738.72,77572.23,77692.87,746.0,1400,0.0
2026-04-25 04:00:00,77689.91,77720.26,77643.6,77662.73,624.0,1400,0.0
2026-04-25 04:30:00,77662.45,77670.97,77612.23,77640.19,560.0,1400,0.0
2026-04-25 05:00:00,77636.06,77636.06,77500.81,77510.47,647.0,1400,0.0
2026-04-25 05:30:00,77512.38,77574.07,77500.62,77539.19,568.0,1400,0.0
2026-04-25 06:00:00,77540.74,77579.68,77492.21,77505.06,495.0,1400,0.0
2026-04-25 06:30:00,77513.0,77600.29,77513.0,77516.2,622.0,1400,0.0
2026-04-25 07:00:00,77515.07,77558.6,77462.24,77556.98,662.0,1400,0.0
2026-04-25 07:30:00,77556.66,77585.06,77504.74,77504.74,599.0,1400,0.0
2026-04-25 08:00:00,77510.59,77603.48,77500.88,77588.42,667.0,1400,0.0
2026-04-25 08:30:00,77589.18,77676.58,77589.18,77664.4,591.0,1400,0.0
2026-04-25 09:00:00,77668.35,77693.42,77596.08,77608.43,578.0,1400,0.0
2026-04-25 09:30:00,77608.53,77800.06,77606.37,77740.23,691.0,1400,0.0
2026-04-25 10:00:00,77743.37,77862.42,77738.14,77837.08,713.0,1400,0.0
2026-04-25 10:30:00,77837.04,77905.84,77793.34,77807.12,737.0,1400,0.0
2026-04-25 11:00:00,77808.66,77808.71,77656.21,77688.53,727.0,1400,0.0
2026-04-25 11:30:00,77688.54,77717.35,77630.71,77700.42,713.0,1400,0.0
2026-04-25 12:00:00,77703.24,77735.9,77619.32,77619.32,652.0,1400,0.0
2026-04-25 12:30:00,77623.6,77637.1,77555.36,77575.4,724.0,1400,0.0
2026-04-25 13:00:00,77574.18,77664.39,77574.18,77628.54,612.0,1400,0.0
2026-04-25 13:30:00,77627.91,77731.61,77610.49,77703.89,560.0,1400,0.0
2026-04-25 14:00:00,77701.43,77772.01,77644.03,77727.98,673.0,1400,0.0
2026-04-25 14:30:00,77728.09,77771.83,77663.24,77677.03,726.0,1400,0.0
2026-04-25 15:00:00,77672.97,77738.58,77656.08,77722.83,564.0,1400,0.0
2026-04-25 15:30:00,77727.29,77736.41,77326.61,77350.95,1137.0,1400,0.0
2026-04-25 16:00:00,77350.73,77477.12,77307.06,77418.91,961.0,1400,0.0
2026-04-25 16:30:00,77421.89,77452.23,77165.6,77421.24,1152.0,1400,0.0
2026-04-25 17:00:00,77421.92,77430.41,77318.74,77353.17,827.0,1400,0.0
2026-04-25 17:30:00,77350.21,77363.69,77218.21,77273.47,687.0,1400,0.0
2026-04-25 18:00:00,77265.92,77353.52,77229.43,77332.42,616.0,1400,0.0
2026-04-25 18:30:00,77337.66,77411.13,77299.45,77312.69,694.0,1400,0.0
2026-04-25 19:00:00,77310.3,77361.76,77256.11,77276.97,645.0,1400,0.0
2026-04-25 19:30:00,77276.89,77347.57,77202.06,77326.89,627.0,1400,0.0
2026-04-25 20:00:00,77327.91,77450.71,77313.28,77434.46,752.0,1400,0.0
2026-04-25 20:30:00,77435.75,77501.46,77402.38,77488.42,538.0,1400,0.0
2026-04-25 21:00:00,77488.48,77556.6,77487.26,77539.17,728.0,1400,0.0
2026-04-25 21:30:00,77537.19,77551.73,77416.95,77548.76,761.0,1400,0.0
2026-04-25 22:00:00,77546.48,77599.31,77507.18,77575.89,623.0,1400,0.0
2026-04-25 22:30:00,77570.66,77655.8,77544.63,77574.77,642.0,1400,0.0
2026-04-25 23:00:00,77575.6,77634.54,77543.13,77608.42,590.0,1400,0.0
2026-04-25 23:30:00,77605.89,77665.45,77587.14,77640.41,648.0,1400,0.0
2026-04-26 00:00:00,77642.02,77657.91,77481.16,77496.16,693.0,1400,0.0
2026-04-26 00:30:00,77496.28,77610.23,77465.09,77511.81,756.0,1400,0.0
2026-04-26 01:00:00,77526.9,77586.68,77500.7,77525.42,669.0,1400,0.0
2026-04-26 01:30:00,77525.5,77584.69,77463.38,77478.58,635.0,1400,0.0
2026-04-26 02:00:00,77478.5,77607.51,77470.23,77572.87,576.0,1400,0.0
2026-04-26 02:30:00,77572.94,77602.89,77492.87,77542.12,513.0,1400,0.0
2026-04-26 03:00:00,77534.24,77562.27,77435.59,77447.28,522.0,1400,0.0
2026-04-26 03:30:00,77442.17,77454.6,77339.53,77401.29,797.0,1400,0.0
2026-04-26 04:00:00,77395.77,77515.13,77386.8,77489.94,539.0,1400,0.0
2026-04-26 04:30:00,77490.03,77835.65,77442.39,77777.23,1083.0,1400,0.0
2026-04-26 05:00:00,77777.34,78216.7,77726.71,78116.12,1635.0,1400,0.0
2026-04-26 05:30:00,78117.22,78212.47,77990.53,78006.86,962.0,1400,0.0
2026-04-26 06:00:00,78006.67,78065.61,77936.67,77966.9,736.0,1400,0.0
2026-04-26 06:30:00,77967.99,78061.64,77903.62,78008.76,813.0,1400,0.0
2026-04-26 07:00:00,78022.26,78051.36,77994.21,78015.94,586.0,1400,0.0
2026-04-26 07:30:00,78019.0,78142.1,77972.06,78118.45,683.0,1400,0.0
2026-04-26 08:00:00,78121.96,78150.89,78035.75,78092.65,757.0,1400,0.0
2026-04-26 08:30:00,78092.44,78240.21,78036.08,78048.06,729.0,1400,0.0
2026-04-26 09:00:00,78037.52,78066.89,77981.05,78027.19,681.0,1400,0.0
2026-04-26 09:30:00,78025.34,78029.38,77937.96,78017.46,742.0,1400,0.0
2026-04-26 10:00:00,78017.06,78071.77,77963.2,78032.02,668.0,1400,0.0
2026-04-26 10:30:00,78032.9,78034.94,77976.43,78010.08,564.0,1400,0.0
2026-04-26 11:00:00,78018.21,78170.87,78017.51,78150.97,692.0,1400,0.0
2026-04-26 11:30:00,78151.1,78163.44,78067.35,78109.58,637.0,1400,0.0
2026-04-26 12:00:00,78108.12,78126.9,77972.37,77987.88,706.0,1400,0.0
2026-04-26 12:30:00,77987.72,78004.67,77779.32,77838.72,837.0,1400,0.0
2026-04-26 13:00:00,77843.49,77956.08,77797.08,77887.77,821.0,1400,0.0
2026-04-26 13:30:00,77890.41,78004.51,77874.18,77990.84,787.0,1400,0.0
2026-04-26 14:00:00,77977.61,78187.94,77886.56,78074.91,1077.0,1400,0.0
2026-04-26 14:30:00,78075.39,78171.03,78004.87,78097.85,878.0,1400,0.0
2026-04-26 15:00:00,78104.22,78137.63,77967.71,78109.26,841.0,1400,0.0
2026-04-26 15:30:00,78109.5,78125.34,78005.54,78062.91,572.0,1400,0.0
2026-04-26 16:00:00,78063.85,78086.57,78019.93,78061.48,570.0,1400,0.0
2026-04-26 16:30:00,78062.53,78112.59,77944.44,77944.44,648.0,1400,0.0
2026-04-26 17:00:00,77940.17,78064.17,77864.6,78028.91,708.0,1400,0.0
2026-04-26 17:30:00,78024.73,78076.14,77966.4,78034.31,710.0,1400,0.0
2026-04-26 18:00:00,78035.25,78374.88,78000.04,78192.63,1305.0,1400,0.0
2026-04-26 18:30:00,78189.17,78313.13,78151.91,78285.97,789.0,1400,0.0
2026-04-26 19:00:00,78287.82,78523.52,78020.92,78210.7,1697.0,1400,0.0
2026-04-26 19:30:00,78210.59,78305.92,78063.42,78249.92,991.0,1400,0.0
2026-04-26 20:00:00,78255.58,78281.05,78168.19,78244.3,769.0,1400,0.0
2026-04-26 20:30:00,78252.05,78408.43,78204.49,78216.87,883.0,1400,0.0
2026-04-26 21:00:00,78214.86,78312.16,78196.25,78217.6,776.0,1400,0.0
2026-04-26 21:30:00,78219.2,78990.01,77857.1,78437.03,2635.0,1400,0.0
2026-04-26 22:00:00,78428.42,78881.45,78363.09,78544.83,2505.0,1400,0.0
2026-04-26 22:30:00,78543.54,78543.54,77974.61,78336.11,2172.0,1400,0.0
2026-04-26 23:00:00,78326.29,78485.43,78163.11,78166.02,1393.0,1400,0.0
2026-04-26 23:30:00,78165.1,78924.72,78041.85,78667.88,2555.0,1400,0.0
2026-04-27 00:00:00,78669.23,78898.89,78397.76,78498.42,1791.0,1400,0.0
2026-04-27 00:30:00,78497.75,79391.72,78413.78,79266.18,2770.0,1400,0.0
2026-04-27 01:00:00,79301.59,79509.09,78728.36,78915.28,3730.0,1400,0.0
2026-04-27 01:30:00,78913.47,79401.09,78857.65,79298.95,2032.0,1400,0.0
2026-04-27 02:00:00,79296.67,79323.06,79033.97,79137.5,1462.0,1400,0.0
2026-04-27 02:30:00,79136.33,79268.54,79047.42,79141.86,1249.0,1400,0.0
2026-04-27 03:00:00,79138.95,79292.73,79089.64,79263.49,1268.0,1400,0.0
2026-04-27 03:30:00,79265.9,79337.02,79084.93,79117.61,1076.0,1400,0.0
2026-04-27 04:00:00,79133.64,79145.32,79009.42,79137.58,1025.0,1400,0.0
2026-04-27 04:30:00,79133.14,79176.55,78886.2,78936.74,1162.0,1400,0.0
2026-04-27 05:00:00,78938.55,78957.84,77823.82,77842.92,3781.0,1400,0.0
2026-04-27 05:30:00,77838.93,77890.83,77578.23,77790.15,2345.0,1400,0.0
2026-04-27 06:00:00,77789.81,77889.87,77664.29,77733.27,1528.0,1400,0.0
2026-04-27 06:30:00,77727.46,77754.69,77464.98,77703.39,1547.0,1400,0.0
2026-04-27 07:00:00,77708.0,77746.66,77568.82,77702.11,1278.0,1400,0.0
2026-04-27 07:30:00,77702.02,77744.71,77588.33,77609.58,1006.0,1400,0.0
2026-04-27 08:00:00,77608.91,77739.36,77575.69,77588.96,1157.0,1400,0.0
2026-04-27 08:30:00,77581.34,77822.55,77557.18,77806.12,1171.0,1400,0.0
2026-04-27 09:00:00,77807.23,77862.51,77703.3,77777.25,976.0,1400,0.0
2026-04-27 09:30:00,77776.01,77992.23,77752.61,77896.58,910.0,1400,0.0
2026-04-27 10:00:00,77895.54,77948.06,77785.24,77819.93,803.0,1400,0.0
2026-04-27 10:30:00,77820.19,77940.3,77799.43,77853.08,751.0,1400,0.0
2026-04-27 11:00:00,77846.83,77894.16,77742.27,77857.28,895.0,1400,0.0
2026-04-27 11:30:00,77855.95,77891.77,77779.62,77840.44,694.0,1400,0.0
2026-04-27 12:00:00,77839.14,77880.28,77708.91,77755.68,828.0,1400,0.0
2026-04-27 12:30:00,77757.27,77781.56,77608.55,77671.42,1095.0,1400,0.0
2026-04-27 13:00:00,77672.22,77800.9,77635.0,77717.91,1075.0,1400,0.0
2026-04-27 13:30:00,77717.39,77968.76,77567.27,77738.45,2918.0,1400,0.0
2026-04-27 14:00:00,77742.56,77925.17,77670.82,77871.6,2170.0,1400,0.0
2026-04-27 14:30:00,77873.23,78271.21,77785.78,77823.11,2670.0,1400,0.0
2026-04-27 15:00:00,77825.19,77843.47,76553.64,76852.17,5334.0,1400,0.0
2026-04-27 15:30:00,76860.36,77098.54,76714.42,76784.4,2699.0,1400,0.0
2026-04-27 16:00:00,76775.85,76859.82,76634.54,76745.26,1900.0,1400,0.0
2026-04-27 16:30:00,76745.47,76815.96,76525.99,76613.56,1473.0,1400,0.0
2026-04-27 17:00:00,76611.75,76886.61,76599.13,76813.16,1571.0,1400,0.0
2026-04-27 17:30:00,76812.91,76927.52,76685.42,76720.53,1249.0,1400,0.0
2026-04-27 18:00:00,76718.46,76826.57,76638.65,76684.62,1043.0,1400,0.0
2026-04-27 18:30:00,76675.34,76879.9,76653.26,76811.45,985.0,1400,0.0
2026-04-27 19:00:00,76809.07,76887.13,76608.48,76615.13,1129.0,1400,0.0
2026-04-27 19:30:00,76614.0,76874.12,76427.48,76874.12,1595.0,1400,0.0
2026-04-27 20:00:00,76876.05,77002.19,76814.5,76985.46,868.0,1400,0.0
2026-04-27 20:30:00,76984.73,77070.71,76925.09,76947.36,660.0,1400,0.0
2026-04-27 21:00:00,76950.78,76950.78,76821.37,76899.6,677.0,1400,0.0
2026-04-27 21:30:00,76897.06,76984.54,76775.86,76776.17,794.0,1400,0.0
2026-04-27 22:00:00,76777.5,76972.61,76746.99,76955.98,995.0,1400,0.0
2026-04-27 22:30:00,76955.89,77071.24,76937.99,77058.02,795.0,1400,0.0
2026-04-27 23:00:00,77057.9,77242.81,77002.48,77116.15,657.0,1400,0.0
2026-04-27 23:30:00,77116.08,77450.77,77116.08,77354.6,990.0,1400,0.0
2026-04-28 00:00:00,77355.05,77434.64,77209.6,77224.51,1246.0,1400,0.0
2026-04-28 00:30:00,77226.59,77487.05,77201.35,77371.75,1294.0,1400,0.0
2026-04-28 01:00:00,77367.16,77390.84,77181.08,77240.02,1064.0,1400,0.0
2026-04-28 01:30:00,77227.99,77227.99,77018.22,77084.95,1142.0,1400,0.0
2026-04-28 02:00:00,77085.03,77223.17,76986.56,76996.54,1099.0,1400,0.0
2026-04-28 02:30:00,76990.54,77037.67,76666.48,76875.65,1640.0,1400,0.0
2026-04-28 03:00:00,76875.27,76901.21,76658.3,76766.05,1103.0,1400,0.0
2026-04-28 03:30:00,76766.13,76845.53,76737.37,76802.42,748.0,1400,0.0
2026-04-28 04:00:00,76803.14,76938.49,76685.91,76795.49,988.0,1400,0.0
2026-04-28 04:30:00,76794.26,76954.52,76734.5,76875.28,805.0,1400,0.0
2026-04-28 05:00:00,76880.78,77158.31,76880.78,77059.69,1000.0,1400,0.0
2026-04-28 05:30:00,77065.41,77070.92,76795.12,76881.91,935.0,1400,0.0
2026-04-28 06:00:00,76879.7,77021.09,76821.25,76899.29,826.0,1400,0.0
2026-04-28 06:30:00,76899.99,76938.78,76567.59,76703.13,1222.0,1400,0.0
2026-04-28 07:00:00,76691.09,76714.87,76390.28,76647.21,1399.0,1400,0.0
2026-04-28 07:30:00,76649.45,76916.53,76621.77,76868.98,1366.0,1400,0.0
2026-04-28 08:00:00,76874.05,76968.33,76769.61,76963.6,1153.0,1400,0.0
2026-04-28 08:30:00,76968.66,76997.92,76729.98,76848.85,1049.0,1400,0.0
2026-04-28 09:00:00,76839.19,76854.69,76703.92,76773.57,946.0,1400,0.0
2026-04-28 09:30:00,76773.65,76773.65,76480.83,76583.1,1073.0,1400,0.0
2026-04-28 10:00:00,76575.64,76687.86,76459.32,76521.33,994.0,1400,0.0
2026-04-28 10:30:00,76512.91,76621.56,76511.19,76608.69,753.0,1400,0.0
2026-04-28 11:00:00,76608.58,76638.12,76248.87,76337.38,1439.0,1400,0.0
2026-04-28 11:30:00,76335.83,76338.95,76104.19,76223.96,1771.0,1400,0.0
2026-04-28 12:00:00,76222.47,76357.97,76149.67,76224.86,1822.0,1400,0.0
2026-04-28 12:30:00,76223.04,76425.58,76160.73,76371.48,1253.0,1400,0.0
2026-04-28 13:00:00,76361.57,76361.57,75934.54,76178.6,2066.0,1400,0.0
2026-04-28 13:30:00,76176.78,76412.53,76022.56,76173.92,3068.0,1400,0.0
2026-04-28 14:00:00,76175.15,76193.32,75746.27,75809.7,2739.0,1400,0.0
2026-04-28 14:30:00,75809.66,75938.97,75643.14,75938.97,3176.0,1400,0.0
2026-04-28 15:00:00,75938.6,76064.72,75814.53,76003.19,2100.0,1400,0.0
2026-04-28 15:30:00,76001.2,76074.27,75864.7,76041.16,1566.0,1400,0.0
2026-04-28 16:00:00,76049.43,76093.9,75918.53,75942.42,1480.0,1400,0.0
2026-04-28 16:30:00,75942.22,76206.12,75859.1,76106.34,1624.0,1400,0.0
2026-04-28 17:00:00,76103.66,76210.43,75927.81,76070.98,1326.0,1400,0.0
2026-04-28 17:30:00,76071.67,76252.04,76071.67,76163.82,1218.0,1400,0.0
2026-04-28 18:00:00,76164.16,76270.33,76109.06,76215.92,1281.0,1400,0.0
2026-04-28 18:30:00,76216.09,76237.63,76126.26,76213.33,729.0,1400,0.0
2026-04-28 19:00:00,76213.26,76215.72,76040.91,76144.61,795.0,1400,0.0
2026-04-28 19:30:00,76145.85,76368.39,76110.5,76317.79,1043.0,1400,0.0
2026-04-28 20:00:00,76317.09,76444.41,76309.44,76352.84,824.0,1400,0.0
2026-04-28 20:30:00,76354.98,76470.82,76340.04,76451.73,632.0,1400,0.0
2026-04-28 21:00:00,76452.01,76483.32,76274.07,76290.1,745.0,1400,0.0
2026-04-28 21:30:00,76289.08,76410.12,76246.87,76351.73,771.0,1400,0.0
2026-04-28 22:00:00,76351.73,76436.8,76297.11,76321.18,899.0,1400,0.0
2026-04-28 22:30:00,76321.0,76352.45,76197.16,76223.9,707.0,1400,0.0
2026-04-28 23:00:00,76223.8,76348.26,76165.99,76265.53,833.0,1400,0.0
2026-04-28 23:30:00,76265.6,76355.37,76226.83,76312.71,761.0,1400,0.0
2026-04-29 00:00:00,76312.14,76371.02,76244.46,76291.47,939.0,1400,0.0
2026-04-29 00:30:00,76291.68,76543.29,76262.47,76495.61,1094.0,1400,0.0
2026-04-29 01:00:00,76488.5,76520.53,76185.62,76200.66,1193.0,1400,0.0
2026-04-29 01:30:00,76201.22,76657.14,76155.31,76557.1,1434.0,1400,0.0
2026-04-29 02:00:00,76558.21,76648.07,76431.04,76441.95,1113.0,1400,0.0
2026-04-29 02:30:00,76442.2,76519.78,76373.6,76512.16,706.0,1400,0.0
2026-04-29 03:00:00,76509.21,76891.13,76485.42,76860.61,1368.0,1400,0.0
2026-04-29 03:30:00,76858.86,77117.66,76774.75,76977.85,1700.0,1400,0.0
2026-04-29 04:00:00,76989.6,77047.6,76858.87,77019.81,896.0,1400,0.0
2026-04-29 04:30:00,77019.77,77447.54,76994.59,77244.81,1822.0,1400,0.0
2026-04-29 05:00:00,77242.79,77294.53,77169.88,77266.34,917.0,1400,0.0
2026-04-29 05:30:00,77262.68,77319.27,77195.32,77282.29,913.0,1400,0.0
2026-04-29 06:00:00,77279.73,77322.74,77060.9,77079.51,1059.0,1400,0.0
2026-04-29 06:30:00,77078.61,77101.92,76915.55,77012.07,867.0,1400,0.0
2026-04-29 07:00:00,77015.88,77103.73,76995.56,77040.35,782.0,1400,0.0
2026-04-29 07:30:00,77049.68,77171.26,76991.84,77021.78,889.0,1400,0.0
2026-04-29 08:00:00,77021.99,77142.4,76959.72,77083.15,944.0,1400,0.0
2026-04-29 08:30:00,77081.45,77081.45,76944.01,77018.76,693.0,1400,0.0
2026-04-29 09:00:00,77018.45,77132.11,76944.55,77114.35,761.0,1400,0.0
2026-04-29 09:30:00,77118.72,77794.67,77109.12,77639.82,2388.0,1400,0.0
2026-04-29 10:00:00,77638.91,77907.66,77623.22,77874.78,1699.0,1400,0.0
2026-04-29 10:30:00,77878.29,77888.88,77540.51,77607.12,1257.0,1400,0.0
2026-04-29 11:00:00,77609.07,77672.79,77470.05,77498.17,1141.0,1400,0.0
2026-04-29 11:30:00,77496.51,77690.12,77486.35,77576.1,956.0,1400,0.0
2026-04-29 12:00:00,77573.66,77590.24,76977.4,77137.74,1856.0,1400,0.0
2026-04-29 12:30:00,77140.0,77206.49,76970.69,77126.33,1239.0,1400,0.0
2026-04-29 13:00:00,77118.29,77246.48,76846.12,76918.59,1464.0,1400,0.0
2026-04-29 13:30:00,76918.05,76918.05,76387.88,76762.05,3460.0,1400,0.0
2026-04-29 14:00:00,76761.02,76763.45,76484.27,76702.69,2124.0,1400,0.0
2026-04-29 14:30:00,76702.23,76863.91,76450.91,76557.97,1740.0,1400,0.0
2026-04-29 15:00:00,76558.48,76624.2,76120.11,76201.8,2251.0,1400,0.0
2026-04-29 15:30:00,76201.56,76312.52,75678.61,75878.26,2756.0,1400,0.0
2026-04-29 16:00:00,75894.83,76114.25,75650.97,75810.58,1882.0,1400,0.0
2026-04-29 16:30:00,75810.04,75884.56,75660.45,75767.95,1553.0,1400,0.0
2026-04-29 17:00:00,75770.18,76073.59,75759.15,75854.74,1615.0,1400,0.0
2026-04-29 17:30:00,75855.89,76143.73,75832.61,76138.65,1369.0,1400,0.0
2026-04-29 18:00:00,76143.41,76218.0,74878.49,75127.63,4493.0,1400,0.0
2026-04-29 18:30:00,75120.84,75489.53,74916.51,75479.77,2959.0,1400,0.0
2026-04-29 19:00:00,75476.04,75573.7,75337.5,75491.19,1643.0,1400,0.0
2026-04-29 19:30:00,75495.2,75535.99,75257.44,75527.08,1444.0,1400,0.0
2026-04-29 20:00:00,75522.78,75695.83,75454.88,75641.42,2136.0,1400,0.0
2026-04-29 20:30:00,75643.04,75835.5,75548.78,75648.76,1319.0,1400,0.0
2026-04-29 21:00:00,75648.47,75872.04,75568.34,75801.25,973.0,1400,0.0
2026-04-29 21:30:00,75800.82,76070.2,75759.07,75893.06,984.0,1400,0.0
2026-04-29 22:00:00,75889.9,75979.12,75786.75,75817.3,1065.0,1400,0.0
2026-04-29 22:30:00,75809.84,75944.2,75806.38,75889.3,848.0,1400,0.0
2026-04-29 23:00:00,75889.24,75960.05,75651.77,75728.59,1093.0,1400,0.0
2026-04-29 23:30:00,75728.89,75849.72,75728.89,75752.96,958.0,1400,0.0
2026-04-30 00:00:00,75753.46,75835.43,75609.6,75782.56,1282.0,1400,0.0
2026-04-30 00:30:00,75783.1,76310.37,75783.1,76216.67,1932.0,1400,0.0
2026-04-30 01:00:00,76214.83,76391.71,76137.73,76312.6,1504.0,1400,0.0
2026-04-30 01:30:00,76313.14,76454.16,76173.91,76213.07,1257.0,1400,0.0
2026-04-30 02:00:00,76212.19,76323.92,76079.15,76097.15,1191.0,1400,0.0
2026-04-30 02:30:00,76096.66,76096.66,75457.16,75666.8,3201.0,1400,0.0
2026-04-30 03:00:00,75666.33,75873.5,75617.09,75852.82,1266.0,1400,0.0
2026-04-30 03:30:00,75849.14,75965.05,75803.58,75891.24,942.0,1400,0.0
2026-04-30 04:00:00,75889.77,75945.44,75627.94,75638.49,1458.0,1400,0.0
2026-04-30 04:30:00,75636.22,75657.82,75368.54,75455.7,1524.0,1400,0.0
2026-04-30 05:00:00,75456.79,75602.52,75278.44,75387.33,1257.0,1400,0.0
2026-04-30 05:30:00,75387.6,75724.64,75382.98,75569.82,1208.0,1400,0.0
2026-04-30 06:00:00,75561.32,75666.77,75534.83,75644.28,1186.0,1400,0.0
2026-04-30 06:30:00,75644.23,75842.53,75644.23,75721.29,1116.0,1400,0.0
2026-04-30 07:00:00,75731.97,75872.78,75680.33,75863.19,1061.0,1400,0.0
2026-04-30 07:30:00,75863.1,76151.68,75856.64,76130.03,1175.0,1400,0.0
2026-04-30 08:00:00,76137.05,76183.64,75979.17,76044.55,1134.0,1400,0.0
2026-04-30 08:30:00,76043.24,76123.91,76005.89,76025.51,799.0,1400,0.0
2026-04-30 09:00:00,76023.5,76170.84,75971.38,76170.84,996.0,1400,0.0
2026-04-30 09:30:00,76175.57,76322.15,76037.53,76059.92,1387.0,1400,0.0
2026-04-30 10:00:00,76064.07,76137.63,75937.37,75951.5,928.0,1400,0.0
2026-04-30 10:30:00,75954.13,76092.44,75954.13,75999.92,1038.0,1400,0.0
2026-04-30 11:00:00,75997.61,76228.67,75995.87,76074.22,1047.0,1400,0.0
2026-04-30 11:30:00,76074.64,76103.85,75838.91,76035.61,1238.0,1400,0.0
2026-04-30 12:00:00,76031.96,76347.9,76006.39,76309.35,1207.0,1400,0.0
2026-04-30 12:30:00,76309.63,76388.81,76209.46,76265.26,1054.0,1400,0.0
2026-04-30 13:00:00,76270.68,76336.8,76117.62,76154.99,1092.0,1400,0.0
2026-04-30 13:30:00,76156.2,76643.34,76069.93,76385.52,3435.0,1400,0.0
2026-04-30 14:00:00,76386.8,76561.19,76052.49,76310.91,2736.0,1400,0.0
2026-04-30 14:30:00,76309.15,76525.09,76169.13,76263.24,2618.0,1400,0.0
2026-04-30 15:00:00,76259.47,76475.62,76123.8,76475.62,1840.0,1400,0.0
2026-04-30 15:30:00,76474.35,76620.66,76289.28,76437.0,1667.0,1400,0.0
2026-04-30 16:00:00,76432.38,76453.52,76254.93,76328.88,1312.0,1400,0.0
2026-04-30 16:30:00,76328.38,76390.21,76179.11,76218.26,1153.0,1400,0.0
2026-04-30 17:00:00,76216.36,76298.44,76059.9,76112.94,1313.0,1400,0.0
2026-04-30 17:30:00,76115.71,76271.53,76098.06,76204.58,1070.0,1400,0.0
2026-04-30 18:00:00,76204.83,76439.97,76203.04,76254.09,1166.0,1400,0.0
2026-04-30 18:30:00,76254.0,76442.71,76159.17,76310.01,983.0,1400,0.0
2026-04-30 19:00:00,76312.85,76482.65,76270.31,76445.14,902.0,1400,0.0
2026-04-30 19:30:00,76451.31,76486.65,76344.65,76375.99,1067.0,1400,0.0
2026-04-30 20:00:00,76373.05,76530.92,76274.09,76434.86,1093.0,1400,0.0
2026-04-30 20:30:00,76425.56,76540.78,76399.43,76457.12,656.0,1400,0.0
2026-04-30 21:00:00,76444.66,76504.28,76278.88,76309.09,630.0,1400,0.0
2026-04-30 21:30:00,76310.48,76421.81,76192.66,76203.52,875.0,1400,0.0
2026-04-30 22:00:00,76203.11,76413.98,76190.21,76393.87,813.0,1400,0.0
2026-04-30 22:30:00,76394.44,76416.5,76155.85,76206.78,733.0,1400,0.0
2026-04-30 23:00:00,76207.33,76300.94,76173.43,76300.94,723.0,1400,0.0
2026-04-30 23:30:00,76300.83,76348.73,76262.41,76313.39,694.0,1400,0.0
2026-05-01 00:00:00,76314.79,76541.96,76268.61,76486.21,948.0,1400,0.0
2026-05-01 00:30:00,76486.97,76560.22,76361.86,76424.1,823.0,1400,0.0
2026-05-01 01:00:00,76423.97,76596.93,76407.56,76499.67,745.0,1400,0.0
2026-05-01 01:30:00,76497.28,76748.3,76484.35,76650.23,856.0,1400,0.0
2026-05-01 02:00:00,76659.79,76715.17,76562.98,76597.14,774.0,1400,0.0
2026-05-01 02:30:00,76597.07,76612.37,76499.57,76567.89,672.0,1400,0.0
2026-05-01 03:00:00,76566.61,77432.99,76524.69,77171.81,2539.0,1400,0.0
2026-05-01 03:30:00,77162.17,77263.88,77041.36,77093.88,1278.0,1400,0.0
2026-05-01 04:00:00,77095.29,77181.03,76911.6,76994.27,1047.0,1400,0.0
2026-05-01 04:30:00,76993.32,77090.61,76962.04,77002.77,807.0,1400,0.0
2026-05-01 05:00:00,77000.94,77163.44,76992.61,77048.52,795.0,1400,0.0
2026-05-01 05:30:00,77045.16,77150.3,77026.4,77141.56,716.0,1400,0.0
2026-05-01 06:00:00,77143.79,77160.36,77052.1,77129.92,736.0,1400,0.0
2026-05-01 06:30:00,77129.63,77148.36,76844.33,76956.51,1090.0,1400,0.0
2026-05-01 07:00:00,76961.82,77081.64,76930.46,76969.51,864.0,1400,0.0
2026-05-01 07:30:00,76967.24,77127.03,76927.14,77105.61,708.0,1400,0.0
2026-05-01 08:00:00,77105.54,77482.51,77021.89,77414.76,1320.0,1400,0.0
2026-05-01 08:30:00,77417.57,77445.98,77334.26,77348.91,728.0,1400,0.0
2026-05-01 09:00:00,77357.79,77375.23,77258.37,77327.52,709.0,1400,0.0
2026-05-01 09:30:00,77319.83,77319.83,77173.86,77254.49,652.0,1400,0.0
2026-05-01 10:00:00,77255.99,77419.54,77136.05,77327.37,851.0,1400,0.0
2026-05-01 10:30:00,77324.01,77353.78,77217.82,77276.73,621.0,1400,0.0
2026-05-01 11:00:00,77276.89,77599.55,77239.84,77365.74,999.0,1400,0.0
2026-05-01 11:30:00,77366.3,77451.04,77316.28,77446.75,815.0,1400,0.0
2026-05-01 12:00:00,77448.04,77796.86,77386.21,77737.49,1782.0,1400,0.0
2026-05-01 12:30:00,77741.47,78172.63,77737.81,77884.52,2141.0,1400,0.0
2026-05-01 13:00:00,77885.96,78433.63,77885.96,78281.62,1840.0,1400,0.0
2026-05-01 13:30:00,78278.64,78924.51,78121.6,78745.52,3437.0,1400,0.0
2026-05-01 14:00:00,78745.99,78897.63,78188.93,78277.52,2292.0,1400,0.0
2026-05-01 14:30:00,78272.34,78449.63,78041.1,78347.01,2170.0,1400,0.0
2026-05-01 15:00:00,78346.54,78617.16,78167.45,78542.41,1781.0,1400,0.0
2026-05-01 15:30:00,78542.33,78738.97,78171.65,78427.04,2108.0,1400,0.0
2026-05-01 16:00:00,78426.69,78684.97,78156.67,78326.56,2200.0,1400,0.0
2026-05-01 16:30:00,78325.96,78379.61,78148.79,78199.51,1505.0,1400,0.0
2026-05-01 17:00:00,78198.74,78340.69,78106.31,78240.25,1286.0,1400,0.0
2026-05-01 17:30:00,78241.57,78591.21,78173.28,78537.12,1480.0,1400,0.0
2026-05-01 18:00:00,78538.06,78625.95,78454.19,78586.91,1327.0,1400,0.0
2026-05-01 18:30:00,78585.33,78586.82,78366.22,78422.74,1100.0,1400,0.0
2026-05-01 19:00:00,78422.87,78550.63,78342.1,78412.17,901.0,1400,0.0
2026-05-01 19:30:00,78412.42,78466.12,78305.53,78357.46,1125.0,1400,0.0
2026-05-01 20:00:00,78358.92,78429.4,78082.65,78137.43,838.0,1400,0.0
2026-05-01 20:30:00,78131.45,78172.98,77742.77,77860.79,1212.0,1400,0.0
2026-05-01 21:00:00,77858.05,78067.42,77842.79,78013.84,881.0,1400,0.0
2026-05-01 21:30:00,78013.76,78201.75,78011.21,78197.54,998.0,1400,0.0
2026-05-01 22:00:00,78198.45,78416.62,78198.45,78349.25,918.0,1400,0.0
2026-05-01 22:30:00,78347.56,78376.67,78128.97,78135.99,737.0,1400,0.0
2026-05-01 23:00:00,78134.68,78189.96,78027.82,78042.29,739.0,1400,0.0
2026-05-01 23:30:00,78041.84,78245.68,78033.26,78229.22,638.0,1400,0.0
2026-05-02 00:00:00,78226.28,78356.16,78155.84,78279.03,855.0,1400,0.0
2026-05-02 00:30:00,78273.77,78393.5,78233.43,78341.13,837.0,1400,0.0
2026-05-02 01:00:00,78341.61,78390.34,78280.89,78332.11,689.0,1400,0.0
2026-05-02 01:30:00,78332.29,78450.05,78289.94,78336.46,742.0,1400,0.0
2026-05-02 02:00:00,78335.98,78355.47,78242.32,78267.38,678.0,1400,0.0
2026-05-02 02:30:00,78266.4,78515.63,78251.24,78353.29,761.0,1400,0.0
2026-05-02 03:00:00,78349.96,78405.99,78214.22,78364.66,712.0,1400,0.0
2026-05-02 03:30:00,78364.79,78538.85,78350.61,78405.01,745.0,1400,0.0
2026-05-02 04:00:00,78406.28,78443.74,78242.45,78271.0,753.0,1400,0.0
2026-05-02 04:30:00,78271.08,78292.9,78113.25,78173.99,679.0,1400,0.0
2026-05-02 05:00:00,78172.53,78190.39,78010.47,78093.47,776.0,1400,0.0
2026-05-02 05:30:00,78093.82,78252.34,78091.9,78173.91,604.0,1400,0.0
2026-05-02 06:00:00,78176.95,78279.38,78133.5,78133.5,588.0,1400,0.0
2026-05-02 06:30:00,78137.46,78360.64,78132.35,78308.99,603.0,1400,0.0
2026-05-02 07:00:00,78307.98,78343.79,78287.5,78310.45,498.0,1400,0.0
2026-05-02 07:30:00,78310.99,78330.35,78189.58,78221.07,522.0,1400,0.0
2026-05-02 08:00:00,78221.37,78285.22,78148.64,78270.77,586.0,1400,0.0
2026-05-02 08:30:00,78270.42,78354.32,78268.58,78305.57,550.0,1400,0.0
2026-05-02 09:00:00,78309.48,78339.45,78279.04,78303.55,433.0,1400,0.0
2026-05-02 09:30:00,78298.3,78397.54,78204.81,78291.08,641.0,1400,0.0
2026-05-02 10:00:00,78294.3,78317.25,78221.77,78251.52,501.0,1400,0.0
2026-05-02 10:30:00,78254.1,78277.05,78210.26,78238.82,440.0,1400,0.0
2026-05-02 11:00:00,78242.86,78246.64,78151.44,78205.52,536.0,1400,0.0
2026-05-02 11:30:00,78205.77,78217.99,78086.18,78136.83,575.0,1400,0.0
2026-05-02 12:00:00,78134.49,78265.82,78090.98,78240.87,502.0,1400,0.0
2026-05-02 12:30:00,78240.78,78257.63,78170.32,78198.28,487.0,1400,0.0
2026-05-02 13:00:00,78198.37,78433.39,78198.37,78293.88,726.0,1400,0.0
2026-05-02 13:30:00,78293.95,78398.7,78287.89,78368.43,472.0,1400,0.0
2026-05-02 14:00:00,78367.38,78487.91,78298.61,78416.52,698.0,1400,0.0
2026-05-02 14:30:00,78417.77,78479.78,78363.99,78402.43,608.0,1400,0.0
2026-05-02 15:00:00,78411.57,78473.6,78351.49,78371.84,480.0,1400,0.0
2026-05-02 15:30:00,78374.54,78482.82,78361.27,78482.82,599.0,1400,0.0
2026-05-02 16:00:00,78479.55,78604.89,78445.13,78496.82,840.0,1400,0.0
2026-05-02 16:30:00,78496.09,78496.09,78413.21,78442.67,597.0,1400,0.0
2026-05-02 17:00:00,78439.17,78452.47,78399.95,78409.45,529.0,1400,0.0
2026-05-02 17:30:00,78415.77,78478.34,78355.72,78381.6,487.0,1400,0.0
2026-05-02 18:00:00,78380.25,78390.75,78304.69,78382.5,609.0,1400,0.0
2026-05-02 18:30:00,78384.91,78488.27,78383.21,78453.98,484.0,1400,0.0
2026-05-02 19:00:00,78452.55,78504.26,78425.47,78440.1,430.0,1400,0.0
2026-05-02 19:30:00,78439.37,78515.56,78427.71,78473.58,491.0,1400,0.0
2026-05-02 20:00:00,78476.3,78485.63,78410.76,78422.41,412.0,1400,0.0
2026-05-02 20:30:00,78420.64,78473.23,78405.71,78448.57,423.0,1400,0.0
2026-05-02 21:00:00,78449.94,78518.19,78433.28,78488.02,506.0,1400,0.0
2026-05-02 21:30:00,78486.96,79174.04,78486.96,78725.34,1787.0,1400,0.0
2026-05-02 22:00:00,78730.38,78807.33,78599.67,78627.55,901.0,1400,0.0
2026-05-02 22:30:00,78627.46,78866.8,78617.65,78822.57,836.0,1400,0.0
2026-05-02 23:00:00,78813.99,78819.65,78685.37,78787.2,642.0,1400,0.0
2026-05-02 23:30:00,78794.87,78814.93,78617.18,78681.15,659.0,1400,0.0
2026-05-03 00:00:00,78684.87,78754.0,78478.17,78618.44,890.0,1400,0.0
2026-05-03 00:30:00,78622.47,78675.18,78477.5,78541.86,691.0,1400,0.0
2026-05-03 01:00:00,78538.86,78541.65,78213.24,78285.81,1153.0,1400,0.0
2026-05-03 01:30:00,78286.43,78289.26,78140.17,78236.19,823.0,1400,0.0
2026-05-03 02:00:00,78235.44,78311.41,78104.71,78109.55,855.0,1400,0.0
2026-05-03 02:30:00,78109.75,78199.72,78104.83,78157.49,652.0,1400,0.0
2026-05-03 03:00:00,78155.84,78188.33,78104.16,78106.59,602.0,1400,0.0
2026-05-03 03:30:00,78106.69,78210.98,78103.18,78186.69,594.0,1400,0.0
2026-05-03 04:00:00,78189.0,78226.11,78102.74,78211.83,669.0,1400,0.0
2026-05-03 04:30:00,78209.8,78232.43,78130.66,78165.19,500.0,1400,0.0
2026-05-03 05:00:00,78164.25,78256.75,78146.24,78207.18,555.0,1400,0.0
2026-05-03 05:30:00,78212.76,78242.01,78186.08,78237.01,497.0,1400,0.0
2026-05-03 06:00:00,78233.76,78233.76,78060.75,78100.71,634.0,1400,0.0
2026-05-03 06:30:00,78102.98,78342.28,78102.94,78280.41,670.0,1400,0.0
2026-05-03 07:00:00,78281.76,78445.51,78273.16,78397.9,859.0,1400,0.0
2026-05-03 07:30:00,78393.56,78441.42,78338.35,78355.81,684.0,1400,0.0
2026-05-03 08:00:00,78354.01,78495.21,78354.01,78403.52,724.0,1400,0.0
2026-05-03 08:30:00,78405.84,78448.3,78370.71,78376.38,515.0,1400,0.0
2026-05-03 09:00:00,78378.13,78523.67,78329.21,78491.62,691.0,1400,0.0
2026-05-03 09:30:00,78490.58,78608.18,78439.95,78519.72,744.0,1400,0.0
2026-05-03 10:00:00,78519.64,78530.9,78412.48,78422.64,606.0,1400,0.0
2026-05-03 10:30:00,78421.65,78467.41,78389.82,78405.53,552.0,1400,0.0
2026-05-03 11:00:00,78396.78,78555.09,78370.15,78507.16,550.0,1400,0.0
2026-05-03 11:30:00,78500.79,78846.03,78500.79,78653.81,1214.0,1400,0.0
2026-05-03 12:00:00,78655.57,78881.45,78654.81,78760.45,984.0,1400,0.0
2026-05-03 12:30:00,78766.17,78835.85,78684.87,78735.86,673.0,1400,0.0
2026-05-03 13:00:00,78744.65,78767.51,78575.67,78636.19,605.0,1400,0.0
2026-05-03 13:30:00,78636.86,78691.57,78572.41,78657.17,591.0,1400,0.0
2026-05-03 14:00:00,78656.15,78764.85,78595.06,78673.91,748.0,1400,0.0
2026-05-03 14:30:00,78676.75,78783.38,78635.39,78722.5,598.0,1400,0.0
2026-05-03 15:00:00,78728.11,78809.93,78699.3,78739.93,761.0,1400,0.0
2026-05-03 15:30:00,78739.86,78781.33,78606.15,78653.12,689.0,1400,0.0
2026-05-03 16:00:00,78653.13,78686.4,78570.61,78646.08,684.0,1400,0.0
2026-05-03 16:30:00,78643.44,78778.16,78639.33,78648.44,646.0,1400,0.0
2026-05-03 17:00:00,78645.77,78789.11,78541.34,78718.45,776.0,1400,0.0
2026-05-03 17:30:00,78715.64,78810.5,78705.4,78719.42,683.0,1400,0.0
2026-05-03 18:00:00,78724.98,78746.9,78611.03,78723.68,597.0,1400,0.0
2026-05-03 18:30:00,78725.05,78748.1,78666.14,78721.45,490.0,1400,0.0
2026-05-03 19:00:00,78719.8,78755.31,78659.74,78673.18,548.0,1400,0.0
2026-05-03 19:30:00,78673.31,78854.2,78672.64,78755.32,660.0,1400,0.0
2026-05-03 20:00:00,78750.73,79017.4,78715.37,78917.51,715.0,1400,0.0
2026-05-03 20:30:00,78918.2,79286.73,78827.25,78911.94,1392.0,1400,0.0
2026-05-03 21:00:00,78914.46,79050.46,78838.83,78911.73,853.0,1400,0.0
2026-05-03 21:30:00,78911.81,78933.08,78642.19,78820.47,1215.0,1400,0.0
2026-05-03 22:00:00,78824.49,79448.68,78820.21,79069.25,3217.0,1400,0.0
2026-05-03 22:30:00,79071.16,79370.17,78968.38,79156.21,1574.0,1400,0.0
2026-05-03 23:00:00,79160.77,79284.04,78593.56,78649.24,1825.0,1400,0.0
2026-05-03 23:30:00,78649.6,78729.09,78462.71,78564.1,1548.0,1400,0.0
2026-05-04 00:00:00,78559.5,78566.08,78258.61,78341.16,1814.0,1400,0.0
2026-05-04 00:30:00,78340.71,78554.45,78312.16,78522.37,1195.0,1400,0.0
2026-05-04 01:00:00,78523.32,78599.3,78395.18,78590.89,1168.0,1400,0.0
2026-05-04 01:30:00,78590.36,79872.3,78571.39,79770.62,3872.0,1400,0.0
2026-05-04 02:00:00,79775.29,80174.46,79509.9,79692.28,4596.0,1400,0.0
2026-05-04 02:30:00,79692.26,80425.11,79692.26,80151.84,3293.0,1400,0.0
2026-05-04 03:00:00,80165.93,80448.25,79943.19,80097.35,2215.0,1400,0.0
2026-05-04 03:30:00,80097.91,80308.81,79890.78,80299.72,1419.0,1400,0.0
2026-05-04 04:00:00,80299.5,80619.15,80218.98,80324.19,2172.0,1400,0.0
2026-05-04 04:30:00,80326.64,80424.95,80205.68,80321.16,1316.0,1400,0.0
2026-05-04 05:00:00,80329.89,80389.27,79940.49,79990.84,1337.0,1400,0.0
2026-05-04 05:30:00,79993.28,80105.76,79948.85,80007.29,905.0,1400,0.0
2026-05-04 06:00:00,80007.14,80037.28,79470.27,79698.87,1379.0,1400,0.0
2026-05-04 06:30:00,79701.55,79968.56,79620.98,79861.7,1213.0,1400,0.0
2026-05-04 07:00:00,79859.99,79942.74,79791.64,79838.09,872.0,1400,0.0
2026-05-04 07:30:00,79834.44,79899.82,79652.17,79691.64,945.0,1400,0.0
2026-05-04 08:00:00,79691.34,79792.84,79571.26,79720.98,1189.0,1400,0.0
2026-05-04 08:30:00,79718.76,79770.13,79594.18,79684.42,853.0,1400,0.0
2026-05-04 09:00:00,79684.79,79819.35,79619.9,79705.81,912.0,1400,0.0
2026-05-04 09:30:00,79703.55,79917.51,79667.77,79819.64,947.0,1400,0.0
2026-05-04 10:00:00,79826.58,79867.85,78173.65,78490.45,7060.0,1400,0.0
2026-05-04 10:30:00,78492.05,79092.62,78427.36,78919.87,3177.0,1400,0.0
2026-05-04 11:00:00,78927.62,79121.02,78886.63,78948.87,1642.0,1400,0.0
2026-05-04 11:30:00,78940.17,78940.17,78682.8,78780.33,1428.0,1400,0.0
2026-05-04 12:00:00,78768.7,79018.12,78693.78,78952.62,1507.0,1400,0.0
2026-05-04 12:30:00,78956.44,79004.66,78838.61,78842.4,1092.0,1400,0.0
2026-05-04 13:00:00,78839.25,79076.4,78558.36,78945.37,2193.0,1400,0.0
2026-05-04 13:30:00,78944.86,79121.47,78711.07,78771.28,2512.0,1400,0.0
2026-05-04 14:00:00,78769.44,79394.71,78475.87,79232.63,3022.0,1400,0.0
2026-05-04 14:30:00,79230.49,80560.94,79216.39,80212.11,4252.0,1400,0.0
2026-05-04 15:00:00,80201.98,80375.41,79309.3,79700.24,5106.0,1400,0.0
2026-05-04 15:30:00,79705.15,80155.35,79470.27,80021.98,4012.0,1400,0.0
2026-05-04 16:00:00,80023.82,80393.99,79599.0,80238.19,4198.0,1400,0.0
2026-05-04 16:30:00,80240.78,80362.56,79968.77,80012.68,2597.0,1400,0.0
2026-05-04 17:00:00,80010.97,80513.08,80008.76,80430.99,2376.0,1400,0.0
2026-05-04 17:30:00,80432.96,80786.97,80245.97,80382.98,2131.0,1400,0.0
2026-05-04 18:00:00,80383.11,80434.52,80135.78,80239.53,1580.0,1400,0.0
2026-05-04 18:30:00,80239.61,80298.65,80016.3,80102.21,1104.0,1400,0.0
2026-05-04 19:00:00,80103.68,80134.5,79862.05,79903.87,1305.0,1400,0.0
2026-05-04 19:30:00,79901.88,80092.53,79871.23,80048.54,1045.0,1400,0.0
2026-05-04 20:00:00,80041.43,80162.79,79909.86,80013.38,914.0,1400,0.0
2026-05-04 20:30:00,80014.77,80040.84,79878.22,79927.29,800.0,1400,0.0
2026-05-04 21:00:00,79934.65,80287.15,79934.65,80193.65,837.0,1400,0.0
2026-05-04 21:30:00,80194.35,80377.1,80194.35,80253.1,896.0,1400,0.0
2026-05-04 22:00:00,80252.53,80392.5,80222.41,80247.32,854.0,1400,0.0
2026-05-04 22:30:00,80252.96,80257.22,80032.18,80052.32,892.0,1400,0.0
2026-05-04 23:00:00,80049.04,80049.04,79858.39,79940.24,842.0,1400,0.0
2026-05-04 23:30:00,79941.23,79941.23,79730.07,79849.84,823.0,1400,0.0
2026-05-05 00:00:00,79848.43,80003.05,79777.68,79846.99,1117.0,1400,0.0
2026-05-05 00:30:00,79845.37,80178.7,79845.37,80157.31,1076.0,1400,0.0
2026-05-05 01:00:00,80157.23,80283.99,80058.61,80248.66,970.0,1400,0.0
2026-05-05 01:30:00,80248.13,80375.15,80151.05,80339.76,931.0,1400,0.0
2026-05-05 02:00:00,80330.19,80525.38,80280.5,80452.81,1061.0,1400,0.0
2026-05-05 02:30:00,80455.64,80901.56,80432.13,80552.53,1588.0,1400,0.0
2026-05-05 03:00:00,80552.42,80855.3,80436.56,80783.43,1259.0,1400,0.0
2026-05-05 03:30:00,80785.13,81086.93,80731.49,80870.07,1621.0,1400,0.0
2026-05-05 04:00:00,80867.27,80978.33,80768.69,80790.76,1153.0,1400,0.0
2026-05-05 04:30:00,80793.29,80944.63,80709.32,80887.78,1063.0,1400,0.0
2026-05-05 05:00:00,80885.91,81203.73,80819.65,81052.59,1418.0,1400,0.0
2026-05-05 05:30:00,81053.71,81330.13,80906.96,80965.44,1666.0,1400,0.0
2026-05-05 06:00:00,80965.02,81011.51,80787.53,80815.07,1156.0,1400,0.0
2026-05-05 06:30:00,80811.45,80973.02,80776.28,80958.66,851.0,1400,0.0
2026-05-05 07:00:00,80957.4,81084.98,80878.64,81028.83,1022.0,1400,0.0
2026-05-05 07:30:00,81034.51,81143.85,80823.13,80848.89,1233.0,1400,0.0
2026-05-05 08:00:00,80845.82,80881.54,80799.34,80835.13,758.0,1400,0.0
2026-05-05 08:30:00,80835.05,80859.64,80696.82,80812.68,822.0,1400,0.0
2026-05-05 09:00:00,80811.56,80814.58,80585.19,80645.94,963.0,1400,0.0
2026-05-05 09:30:00,80648.43,80705.91,80508.49,80577.35,840.0,1400,0.0
2026-05-05 10:00:00,80570.66,80756.29,80514.15,80735.26,851.0,1400,0.0
2026-05-05 10:30:00,80734.93,80835.48,80721.51,80834.02,870.0,1400,0.0
2026-05-05 11:00:00,80834.45,80991.55,80774.37,80942.57,1089.0,1400,0.0
2026-05-05 11:30:00,80939.15,81110.83,80871.55,81021.94,1061.0,1400,0.0
2026-05-05 12:00:00,81022.43,81248.12,80924.45,81220.75,1217.0,1400,0.0
2026-05-05 12:30:00,81222.6,81315.25,81167.21,81268.85,1132.0,1400,0.0
2026-05-05 13:00:00,81268.93,81708.19,81258.5,81464.99,2443.0,1400,0.0
2026-05-05 13:30:00,81464.75,81666.88,81189.43,81323.31,2448.0,1400,0.0
2026-05-05 14:00:00,81325.79,81457.29,80929.5,81394.96,3561.0,1400,0.0
2026-05-05 14:30:00,81403.36,81503.07,81108.17,81329.4,2029.0,1400,0.0
2026-05-05 15:00:00,81326.83,81678.98,81227.12,81619.51,1872.0,1400,0.0
2026-05-05 15:30:00,81623.36,81699.54,81522.25,81541.84,1581.0,1400,0.0
2026-05-05 16:00:00,81542.57,81633.48,81331.83,81418.49,1569.0,1400,0.0
2026-05-05 16:30:00,81415.72,81416.35,81047.91,81296.18,1789.0,1400,0.0
2026-05-05 17:00:00,81291.61,81470.72,81176.83,81405.92,1231.0,1400,0.0
2026-05-05 17:30:00,81408.61,81408.61,81243.47,81271.36,939.0,1400,0.0
2026-05-05 18:00:00,81274.92,81611.02,81274.92,81462.99,1312.0,1400,0.0
2026-05-05 18:30:00,81460.95,81561.9,81402.75,81506.82,824.0,1400,0.0
2026-05-05 19:00:00,81506.71,81592.59,81392.18,81531.29,862.0,1400,0.0
2026-05-05 19:30:00,81531.04,81680.25,81510.23,81605.71,1054.0,1400,0.0
2026-05-05 20:00:00,81589.66,81779.27,81508.47,81558.36,1366.0,1400,0.0
2026-05-05 20:30:00,81554.77,81748.13,81528.0,81641.04,982.0,1400,0.0
2026-05-05 21:00:00,81638.28,81783.29,81436.44,81473.19,1070.0,1400,0.0
2026-05-05 21:30:00,81453.51,81504.05,81296.61,81401.54,1463.0,1400,0.0
2026-05-05 22:00:00,81408.79,81607.16,81310.73,81428.49,1228.0,1400,0.0
2026-05-05 22:30:00,81429.46,81429.46,80790.44,81122.35,2602.0,1400,0.0
2026-05-05 23:00:00,81122.41,81217.02,80856.97,80883.39,1389.0,1400,0.0
2026-05-05 23:30:00,80883.3,80978.15,80765.2,80899.16,1179.0,1400,0.0
2026-05-06 00:00:00,80896.01,81260.49,80871.09,80900.55,1547.0,1400,0.0
2026-05-06 00:30:00,80903.29,81065.46,80710.47,81005.85,1393.0,1400,0.0
2026-05-06 01:00:00,81005.91,81342.43,80966.04,81229.37,1379.0,1400,0.0
2026-05-06 01:30:00,81229.65,81529.18,81216.02,81424.04,1292.0,1400,0.0
2026-05-06 02:00:00,81424.45,81436.14,81112.27,81124.52,1100.0,1400,0.0
2026-05-06 02:30:00,81124.13,81392.17,81029.99,81354.34,1152.0,1400,0.0
2026-05-06 03:00:00,81354.4,81745.27,81337.8,81602.66,1397.0,1400,0.0
2026-05-06 03:30:00,81600.53,81695.13,81468.61,81576.58,1050.0,1400,0.0
2026-05-06 04:00:00,81576.68,81633.7,81407.62,81425.66,1058.0,1400,0.0
2026-05-06 04:30:00,81425.89,81489.74,81248.08,81328.88,1241.0,1400,0.0
2026-05-06 05:00:00,81320.29,81336.94,81210.41,81249.17,987.0,1400,0.0
2026-05-06 05:30:00,81249.96,81321.38,81031.67,81314.72,1135.0,1400,0.0
2026-05-06 06:00:00,81313.24,81388.42,81192.63,81360.65,957.0,1400,0.0
2026-05-06 06:30:00,81360.04,81509.01,81324.46,81466.62,930.0,1400,0.0
2026-05-06 07:00:00,81465.46,81609.31,81444.41,81538.27,1053.0,1400,0.0
2026-05-06 07:30:00,81533.3,81533.3,81297.96,81365.89,820.0,1400,0.0
2026-05-06 08:00:00,81364.21,81628.24,81308.19,81565.49,1070.0,1400,0.0
2026-05-06 08:30:00,81565.7,81986.57,81560.96,81945.44,2471.0,1400,0.0
2026-05-06 09:00:00,81946.8,81962.4,81659.91,81765.28,1580.0,1400,0.0
2026-05-06 09:30:00,81766.08,82050.07,81744.47,81994.41,1983.0,1400,0.0
2026-05-06 10:00:00,81995.5,82263.91,81958.46,82183.76,2028.0,1400,0.0
2026-05-06 10:30:00,82183.4,82394.93,82135.09,82281.66,1948.0,1400,0.0
2026-05-06 11:00:00,82280.17,82840.03,82244.53,82661.52,2446.0,1400,0.0
2026-05-06 11:30:00,82665.39,82763.29,82464.36,82516.85,1606.0,1400,0.0
2026-05-06 12:00:00,82518.0,82539.1,82166.51,82393.55,1949.0,1400,0.0
2026-05-06 12:30:00,82391.72,82438.91,82151.81,82228.4,1303.0,1400,0.0
2026-05-06 13:00:00,82219.78,82220.96,81819.63,81937.44,2517.0,1400,0.0
2026-05-06 13:30:00,81935.79,82050.91,81571.85,81653.21,3807.0,1400,0.0
2026-05-06 14:00:00,81663.73,81753.51,81112.24,81601.88,3461.0,1400,0.0
2026-05-06 14:30:00,81600.51,81977.43,81468.9,81506.36,2415.0,1400,0.0
2026-05-06 15:00:00,81509.88,81805.06,81286.87,81650.64,1860.0,1400,0.0
2026-05-06 15:30:00,81650.76,81763.39,81459.48,81687.36,1786.0,1400,0.0
2026-05-06 16:00:00,81688.48,81888.01,81491.79,81491.79,1630.0,1400,0.0
2026-05-06 16:30:00,81491.96,81798.58,81414.86,81613.14,1615.0,1400,0.0
2026-05-06 17:00:00,81606.71,81697.09,81389.04,81462.12,1390.0,1400,0.0
2026-05-06 17:30:00,81462.66,81540.53,81368.99,81444.76,1122.0,1400,0.0
2026-05-06 18:00:00,81444.94,81556.14,81250.93,81456.78,1326.0,1400,0.0
2026-05-06 18:30:00,81454.68,81508.78,81271.48,81335.82,1325.0,1400,0.0
2026-05-06 19:00:00,81335.77,81416.67,81167.76,81312.7,1124.0,1400,0.0
2026-05-06 19:30:00,81310.05,81506.01,81237.73,81445.06,970.0,1400,0.0
2026-05-06 20:00:00,81443.93,81700.41,81441.38,81549.64,944.0,1400,0.0
2026-05-06 20:30:00,81549.72,81568.72,81288.17,81417.37,953.0,1400,0.0
2026-05-06 21:00:00,81428.14,81501.63,81288.92,81443.93,695.0,1400,0.0
2026-05-06 21:30:00,81444.62,81620.4,81416.25,81538.7,877.0,1400,0.0
2026-05-06 22:00:00,81540.4,81545.46,81231.47,81251.39,1091.0,1400,0.0
2026-05-06 22:30:00,81250.68,81401.68,81244.55,81332.85,790.0,1400,0.0
2026-05-06 23:00:00,81328.09,81394.03,80967.03,81378.2,1401.0,1400,0.0
2026-05-06 23:30:00,81380.43,81446.36,81303.98,81424.49,789.0,1400,0.0
2026-05-07 00:00:00,81425.11,81479.6,81214.08,81214.08,1212.0,1400,0.0
2026-05-07 00:30:00,81211.32,81242.93,80965.35,81009.71,1453.0,1400,0.0
2026-05-07 01:00:00,81004.82,81222.22,80822.46,81209.72,2031.0,1400,0.0
2026-05-07 01:30:00,81208.07,81287.26,81119.31,81160.14,1140.0,1400,0.0
2026-05-07 02:00:00,81165.03,81177.79,80878.17,80908.45,1338.0,1400,0.0
2026-05-07 02:30:00,80908.19,81153.78,80882.28,81116.85,1094.0,1400,0.0
2026-05-07 03:00:00,81115.97,81115.97,80853.62,80973.81,933.0,1400,0.0
2026-05-07 03:30:00,80973.72,81016.83,80820.16,80841.07,862.0,1400,0.0
2026-05-07 04:00:00,80843.89,80986.47,80712.94,80935.11,1105.0,1400,0.0
2026-05-07 04:30:00,80933.91,80987.9,80848.26,80974.28,730.0,1400,0.0
2026-05-07 05:00:00,80974.55,81170.78,80955.96,81094.7,974.0,1400,0.0
2026-05-07 05:30:00,81098.23,81150.99,80983.55,81080.02,717.0,1400,0.0
2026-05-07 06:00:00,81081.55,81083.55,80873.33,81024.56,940.0,1400,0.0
2026-05-07 06:30:00,81025.04,81438.21,81016.63,81433.53,1322.0,1400,0.0
2026-05-07 07:00:00,81435.02,81713.24,81382.44,81554.98,1422.0,1400,0.0
2026-05-07 07:30:00,81564.76,81703.54,81456.93,81513.19,1084.0,1400,0.0
2026-05-07 08:00:00,81513.29,81595.85,81315.94,81410.8,1263.0,1400,0.0
2026-05-07 08:30:00,81408.78,81481.33,81190.06,81221.17,1127.0,1400,0.0
2026-05-07 09:00:00,81220.09,81221.41,80969.57,81029.57,1025.0,1400,0.0
2026-05-07 09:30:00,81030.55,81098.83,80832.42,80915.88,1259.0,1400,0.0
2026-05-07 10:00:00,80916.14,80999.7,80549.82,80612.5,1153.0,1400,0.0
2026-05-07 10:30:00,80612.67,80901.86,80597.86,80829.04,1121.0,1400,0.0
2026-05-07 11:00:00,80831.29,81045.43,80819.0,80873.75,1039.0,1400,0.0
2026-05-07 11:30:00,80872.55,80996.74,80766.48,80859.74,902.0,1400,0.0
2026-05-07 12:00:00,80857.32,81092.9,80821.52,81047.52,1300.0,1400,0.0
2026-05-07 12:30:00,81045.82,81196.53,80985.42,81150.6,1112.0,1400,0.0
2026-05-07 13:00:00,81149.82,81160.89,80860.5,80952.4,1350.0,1400,0.0
2026-05-07 13:30:00,80954.93,80967.15,80229.16,80482.67,3966.0,1400,0.0
2026-05-07 14:00:00,80482.81,80685.36,80349.74,80405.54,2622.0,1400,0.0
2026-05-07 14:30:00,80406.61,80443.34,80034.84,80155.43,2780.0,1400,0.0
2026-05-07 15:00:00,80164.01,80264.12,79646.11,79843.41,2779.0,1400,0.0
2026-05-07 15:30:00,79843.47,80062.14,79773.79,79892.75,1862.0,1400,0.0
2026-05-07 16:00:00,79895.61,79997.49,79687.47,79976.19,2241.0,1400,0.0
2026-05-07 16:30:00,79980.41,80008.32,79729.57,79775.72,1557.0,1400,0.0
2026-05-07 17:00:00,79788.07,79926.96,79478.33,79683.79,2188.0,1400,0.0
2026-05-07 17:30:00,79684.01,80127.86,79635.91,80091.24,2058.0,1400,0.0
2026-05-07 18:00:00,80089.13,80219.22,80064.74,80117.8,1530.0,1400,0.0
2026-05-07 18:30:00,80116.0,80280.59,79992.41,80201.35,1671.0,1400,0.0
2026-05-07 19:00:00,80198.53,80198.55,79913.61,79949.06,1342.0,1400,0.0
2026-05-07 19:30:00,79949.94,80212.17,79949.94,80134.73,1239.0,1400,0.0
2026-05-07 20:00:00,80138.54,80371.14,80074.92,80164.88,1058.0,1400,0.0
2026-05-07 20:30:00,80161.06,80161.06,79837.52,79872.49,1032.0,1400,0.0
2026-05-07 21:00:00,79873.03,79910.96,79617.42,79907.91,952.0,1400,0.0
2026-05-07 21:30:00,79908.16,79921.96,79702.59,79719.11,889.0,1400,0.0
2026-05-07 22:00:00,79713.36,79979.84,79563.63,79881.31,1562.0,1400,0.0
2026-05-07 22:30:00,79880.87,79947.18,79726.46,79896.36,1016.0,1400,0.0
2026-05-07 23:00:00,79880.78,80007.7,79850.94,79931.97,906.0,1400,0.0
2026-05-07 23:30:00,79938.04,80063.07,79899.33,80009.32,726.0,1400,0.0
2026-05-08 00:00:00,80009.24,80144.48,79960.18,80007.54,1044.0,1400,0.0
2026-05-08 00:30:00,80009.01,80032.31,79708.78,79822.37,1004.0,1400,0.0
2026-05-08 01:00:00,79825.01,79889.34,79595.39,79725.19,1310.0,1400,0.0
2026-05-08 01:30:00,79725.31,79823.99,79681.14,79731.33,922.0,1400,0.0
2026-05-08 02:00:00,79731.17,79749.83,79313.58,79471.98,1846.0,1400,0.0
2026-05-08 02:30:00,79472.23,79660.32,79422.14,79467.05,1301.0,1400,0.0
2026-05-08 03:00:00,79464.87,79613.38,79159.28,79572.95,1747.0,1400,0.0
2026-05-08 03:30:00,79574.16,79662.82,79544.27,79568.12,938.0,1400,0.0
2026-05-08 04:00:00,79560.5,79746.19,79555.06,79719.86,979.0,1400,0.0
2026-05-08 04:30:00,79719.23,79727.27,79538.97,79647.18,1028.0,1400,0.0
2026-05-08 05:00:00,79645.56,79673.28,79582.91,79612.0,761.0,1400,0.0
2026-05-08 05:30:00,79612.48,79772.3,79587.76,79587.76,956.0,1400,0.0
2026-05-08 06:00:00,79590.57,79646.66,79430.96,79560.48,1137.0,1400,0.0
2026-05-08 06:30:00,79560.54,79595.33,79445.48,79505.83,1292.0,1400,0.0
2026-05-08 07:00:00,79504.54,79504.54,79230.27,79338.28,1437.0,1400,0.0
2026-05-08 07:30:00,79338.58,79719.07,79338.58,79660.8,1145.0,1400,0.0
2026-05-08 08:00:00,79662.45,79771.5,79648.55,79741.96,1214.0,1400,0.0
2026-05-08 08:30:00,79740.71,79981.77,79726.5,79875.9,1046.0,1400,0.0
2026-05-08 09:00:00,79875.62,80055.8,79814.26,79902.37,1020.0,1400,0.0
2026-05-08 09:30:00,79899.21,79930.14,79775.42,79849.76,901.0,1400,0.0
2026-05-08 10:00:00,79850.69,80013.09,79758.12,79884.41,1097.0,1400,0.0
2026-05-08 10:30:00,79884.31,80270.22,79878.87,80203.82,1349.0,1400,0.0
2026-05-08 11:00:00,80205.06,80326.65,80167.69,80291.08,1291.0,1400,0.0
2026-05-08 11:30:00,80290.8,80323.75,80116.25,80220.44,957.0,1400,0.0
2026-05-08 12:00:00,80228.03,80321.51,80122.17,80309.62,1136.0,1400,0.0
2026-05-08 12:30:00,80314.1,80507.92,79950.0,80019.88,1872.0,1400,0.0
2026-05-08 13:00:00,80025.45,80090.09,79575.91,79599.62,1835.0,1400,0.0
2026-05-08 13:30:00,79596.32,79824.79,79517.84,79623.56,2350.0,1400,0.0
2026-05-08 14:00:00,79632.83,80438.1,79623.28,80058.24,3160.0,1400,0.0
2026-05-08 14:30:00,80052.22,80288.89,79769.65,80134.26,2462.0,1400,0.0
2026-05-08 15:00:00,80131.33,80189.87,79602.84,79692.99,2270.0,1400,0.0
2026-05-08 15:30:00,79700.0,80171.09,79592.44,80125.61,1843.0,1400,0.0
2026-05-08 16:00:00,80129.45,80178.29,79883.54,79913.04,1592.0,1400,0.0
2026-05-08 16:30:00,79912.07,79927.99,79714.7,79776.08,1357.0,1400,0.0
2026-05-08 17:00:00,79777.84,80030.04,79705.35,79981.57,1379.0,1400,0.0
2026-05-08 17:30:00,79985.36,80253.0,79964.67,80060.23,1930.0,1400,0.0
2026-05-08 18:00:00,80061.31,80293.72,80055.8,80223.79,1649.0,1400,0.0
2026-05-08 18:30:00,80222.39,80281.69,80051.76,80074.14,1141.0,1400,0.0
2026-05-08 19:00:00,80069.68,80131.97,79932.51,80019.47,1032.0,1400,0.0
2026-05-08 19:30:00,80019.8,80176.82,79999.82,80163.98,1051.0,1400,0.0
2026-05-08 20:00:00,80167.96,80293.08,80126.19,80254.7,899.0,1400,0.0
2026-05-08 20:30:00,80254.76,80270.57,80068.35,80125.21,847.0,1400,0.0
2026-05-08 21:00:00,80122.87,80233.78,80099.55,80188.31,711.0,1400,0.0
2026-05-08 21:30:00,80189.2,80255.81,80148.12,80244.59,814.0,1400,0.0
2026-05-08 22:00:00,80241.15,80410.1,80217.76,80339.3,912.0,1400,0.0
2026-05-08 22:30:00,80338.58,80369.29,80260.17,80267.52,672.0,1400,0.0
2026-05-08 23:00:00,80265.6,80290.79,80136.53,80177.88,614.0,1400,0.0
2026-05-08 23:30:00,80179.09,80195.97,80098.09,80190.3,695.0,1400,0.0
2026-05-09 00:00:00,80191.18,80208.15,80113.55,80150.85,727.0,1400,0.0
2026-05-09 00:30:00,80149.97,80234.06,80149.97,80226.09,656.0,1400,0.0
2026-05-09 01:00:00,80224.64,80344.44,80206.4,80261.92,673.0,1400,0.0
2026-05-09 01:30:00,80262.0,80441.65,80254.22,80319.02,898.0,1400,0.0
2026-05-09 02:00:00,80327.66,80464.79,80311.88,80427.03,813.0,1400,0.0
2026-05-09 02:30:00,80426.02,80482.04,80357.97,80418.44,713.0,1400,0.0
2026-05-09 03:00:00,80420.91,80561.54,80360.6,80431.48,810.0,1400,0.0
2026-05-09 03:30:00,80430.29,80430.29,80303.15,80383.06,636.0,1400,0.0
2026-05-09 04:00:00,80383.58,80673.73,80383.58,80466.08,1043.0,1400,0.0
2026-05-09 04:30:00,80467.1,80473.18,80361.88,80375.51,689.0,1400,0.0
2026-05-09 05:00:00,80379.43,80460.7,80340.53,80431.53,659.0,1400,0.0
2026-05-09 05:30:00,80430.26,80478.67,80408.76,80455.2,196.0,1400,0.0
2026-05-09 06:30:00,80208.42,80264.93,80187.58,80250.15,371.0,1400,0.0
2026-05-09 07:00:00,80254.48,80261.09,80191.49,80210.62,78.0,1400,0.0
2026-05-09 09:30:00,80244.91,80247.67,80193.43,80227.52,361.0,1400,0.0
2026-05-09 10:00:00,80225.44,80248.96,80150.73,80194.77,701.0,1400,0.0
2026-05-09 10:30:00,80194.79,80337.75,80194.79,80256.86,521.0,1400,0.0
2026-05-09 11:00:00,80256.56,80374.08,80237.79,80332.87,528.0,1400,0.0
2026-05-09 11:30:00,80332.88,80357.3,80318.31,80330.15,396.0,1400,0.0
2026-05-09 12:00:00,80328.38,80415.68,80254.86,80398.1,588.0,1400,0.0
2026-05-09 12:30:00,80399.95,80401.94,80314.64,80389.28,538.0,1400,0.0
2026-05-09 13:00:00,80389.19,80415.15,80336.11,80341.8,592.0,1400,0.0
2026-05-09 13:30:00,80341.9,80390.61,80304.47,80385.59,515.0,1400,0.0
2026-05-09 14:00:00,80390.02,80433.0,80237.27,80309.83,807.0,1400,0.0
2026-05-09 14:30:00,80308.25,80368.45,80239.98,80323.95,765.0,1400,0.0
2026-05-09 15:00:00,80318.98,80404.69,80219.5,80401.39,669.0,1400,0.0
2026-05-09 15:30:00,80403.89,80595.3,80401.45,80517.21,833.0,1400,0.0
2026-05-09 16:00:00,80521.51,80794.0,80470.79,80647.21,1195.0,1400,0.0
2026-05-09 16:30:00,80644.4,80652.62,80573.24,80615.42,805.0,1400,0.0
2026-05-09 17:00:00,80616.11,80829.07,80606.18,80802.81,1130.0,1400,0.0
2026-05-09 17:30:00,80804.73,80921.7,80704.12,80798.04,842.0,1400,0.0
2026-05-09 18:00:00,80797.81,81045.63,80769.27,81019.11,876.0,1400,0.0
2026-05-09 18:30:00,81020.15,81073.77,80849.68,80896.87,806.0,1400,0.0
2026-05-09 19:00:00,80897.96,80926.5,80766.49,80819.15,675.0,1400,0.0
2026-05-09 19:30:00,80814.72,80953.13,80777.4,80923.38,679.0,1400,0.0
2026-05-09 20:00:00,80924.51,80932.78,80749.92,80778.44,675.0,1400,0.0
2026-05-09 20:30:00,80778.93,80818.62,80717.19,80795.42,568.0,1400,0.0
2026-05-09 21:00:00,80794.47,80889.51,80767.93,80806.76,593.0,1400,0.0
2026-05-09 21:30:00,80805.3,80809.0,80721.09,80767.76,566.0,1400,0.0
2026-05-09 22:00:00,80770.32,80789.3,80711.59,80745.12,601.0,1400,0.0
2026-05-09 22:30:00,80744.56,80817.91,80654.69,80757.46,639.0,1400,0.0
2026-05-09 23:00:00,80751.71,80839.3,80634.62,80650.67,649.0,1400,0.0
2026-05-09 23:30:00,80650.77,80687.01,80600.01,80652.97,613.0,1400,0.0
2026-05-10 00:00:00,80649.03,80751.97,80603.42,80689.9,801.0,1400,0.0
2026-05-10 00:30:00,80689.55,80748.41,80607.69,80657.98,701.0,1400,0.0
2026-05-10 01:00:00,80654.26,80654.26,80550.31,80582.67,697.0,1400,0.0
2026-05-10 01:30:00,80582.59,80673.78,80543.28,80671.79,580.0,1400,0.0
2026-05-10 02:00:00,80671.4,80743.22,80586.03,80711.59,708.0,1400,0.0
2026-05-10 02:30:00,80706.77,80778.5,80678.74,80764.46,722.0,1400,0.0
2026-05-10 03:00:00,80765.19,80818.07,80713.57,80734.01,641.0,1400,0.0
2026-05-10 03:30:00,80734.01,80881.31,80686.46,80755.26,721.0,1400,0.0
2026-05-10 04:00:00,80756.35,80792.68,80731.42,80779.24,660.0,1400,0.0
2026-05-10 04:30:00,80784.53,80833.86,80710.34,80765.13,499.0,1400,0.0
2026-05-10 05:00:00,80728.14,80798.54,80717.71,80749.11,485.0,1400,0.0
2026-05-10 05:30:00,80750.1,80785.52,80657.58,80684.16,621.0,1400,0.0
2026-05-10 06:00:00,80684.08,80724.04,80636.55,80642.74,563.0,1400,0.0
2026-05-10 06:30:00,80642.64,80743.19,80636.68,80725.63,574.0,1400,0.0
2026-05-10 07:00:00,80726.35,80789.3,80703.33,80766.6,666.0,1400,0.0
2026-05-10 07:30:00,80772.09,80781.93,80715.3,80720.52,315.0,1400,0.0
2026-05-10 08:00:00,80724.91,80891.48,80698.74,80851.52,750.0,1400,0.0
2026-05-10 08:30:00,80851.57,80888.61,80786.27,80826.44,650.0,1400,0.0
2026-05-10 09:00:00,80823.93,80907.0,80801.06,80804.31,662.0,1400,0.0
2026-05-10 09:30:00,80803.06,80822.51,80735.2,80796.58,502.0,1400,0.0
2026-05-10 10:00:00,80790.19,80827.86,80668.17,80791.06,774.0,1400,0.0
2026-05-10 10:30:00,80791.02,80875.84,80755.2,80853.68,552.0,1400,0.0
2026-05-10 11:00:00,80849.3,80962.26,80735.63,80781.62,838.0,1400,0.0
2026-05-10 11:30:00,80774.88,80848.15,80768.25,80808.85,620.0,1400,0.0
2026-05-10 12:00:00,80808.98,80917.29,80772.51,80911.99,824.0,1400,0.0
2026-05-10 12:30:00,80911.69,80945.25,80858.97,80914.95,722.0,1400,0.0
2026-05-10 13:00:00,80913.34,81002.32,80856.64,80964.96,870.0,1400,0.0
2026-05-10 13:30:00,80965.02,80992.04,80920.89,80954.85,740.0,1400,0.0
2026-05-10 14:00:00,80950.68,80980.34,80870.65,80909.09,712.0,1400,0.0
2026-05-10 14:30:00,80909.4,81006.73,80803.3,80972.52,926.0,1400,0.0
2026-05-10 15:00:00,80973.86,81119.94,80920.84,80951.07,1004.0,1400,0.0
2026-05-10 15:30:00,80953.77,81439.88,80939.95,81394.28,1621.0,1400,0.0
2026-05-10 16:00:00,81396.15,81492.54,81233.6,81253.74,1305.0,1400,0.0
2026-05-10 16:30:00,81253.36,81365.2,81174.19,81352.13,992.0,1400,0.0
2026-05-10 17:00:00,81352.05,81426.03,81204.27,81366.63,1106.0,1400,0.0
2026-05-10 17:30:00,81364.35,81584.92,81268.82,81465.11,1056.0,1400,0.0
2026-05-10 18:00:00,81464.58,81487.08,81313.93,81354.9,872.0,1400,0.0
2026-05-10 18:30:00,81354.11,81402.38,81211.53,81259.14,734.0,1400,0.0
2026-05-10 19:00:00,81259.25,81474.7,81133.08,81467.65,887.0,1400,0.0
2026-05-10 19:30:00,81467.56,81467.56,81312.02,81420.12,660.0,1400,0.0
2026-05-10 20:00:00,81420.18,81446.42,81027.62,81125.83,1271.0,1400,0.0
2026-05-10 20:30:00,81128.02,81128.02,80255.69,80713.23,3248.0,1400,0.0
2026-05-10 21:00:00,80712.33,80936.57,80554.71,80824.93,1799.0,1400,0.0
2026-05-10 21:30:00,80824.83,80919.86,80696.25,80703.68,1250.0,1400,0.0
2026-05-10 22:00:00,80702.75,81725.28,80640.96,81480.47,3495.0,1400,0.0
2026-05-10 22:30:00,81486.68,82163.61,81439.04,82043.54,3687.0,1400,0.0
2026-05-10 23:00:00,82043.02,82474.15,82040.14,82214.53,3218.0,1400,0.0
2026-05-10 23:30:00,82215.08,82402.23,82054.77,82198.34,1666.0,1400,0.0
2026-05-11 00:00:00,82195.3,82371.04,81378.91,81663.29,2733.0,1400,0.0
2026-05-11 00:30:00,81663.03,81820.92,81255.34,81448.8,2284.0,1400,0.0
2026-05-11 01:00:00,81450.94,81741.1,81265.29,81606.18,2327.0,1400,0.0
2026-05-11 01:30:00,81604.41,81663.27,81366.31,81483.11,1633.0,1400,0.0
2026-05-11 02:00:00,81480.38,81552.23,81110.89,81212.32,1763.0,1400,0.0
2026-05-11 02:30:00,81210.38,81260.42,81087.24,81156.66,1427.0,1400,0.0
2026-05-11 03:00:00,81159.44,81175.61,80538.34,80575.37,2445.0,1400,0.0
2026-05-11 03:30:00,80572.62,80751.85,80489.56,80714.04,1242.0,1400,0.0
2026-05-11 04:00:00,80715.01,80776.24,80616.71,80734.54,1078.0,1400,0.0
2026-05-11 04:30:00,80732.47,80863.62,80684.66,80798.6,927.0,1400,0.0
2026-05-11 05:00:00,80798.57,80945.73,80787.64,80940.15,885.0,1400,0.0
2026-05-11 05:30:00,80941.0,80964.77,80731.34,80824.37,897.0,1400,0.0
2026-05-11 06:00:00,80824.27,81035.79,80764.1,80971.41,933.0,1400,0.0
2026-05-11 06:30:00,80969.46,81010.52,80733.81,80808.1,1003.0,1400,0.0
2026-05-11 07:00:00,80808.66,80828.24,80675.27,80723.19,966.0,1400,0.0
2026-05-11 07:30:00,80725.42,80794.68,80651.68,80722.33,971.0,1400,0.0
2026-05-11 08:00:00,80712.67,80780.6,80614.19,80630.89,1146.0,1400,0.0
2026-05-11 08:30:00,80622.68,80847.29,80596.18,80741.63,890.0,1400,0.0
2026-05-11 09:00:00,80738.57,80938.35,80733.06,80894.9,822.0,1400,0.0
2026-05-11 09:30:00,80892.52,80982.01,80826.83,80936.23,880.0,1400,0.0
2026-05-11 10:00:00,80934.69,81182.55,80928.0,81162.35,1090.0,1400,0.0
2026-05-11 10:30:00,81162.91,81191.32,80911.76,80930.37,1024.0,1400,0.0
2026-05-11 11:00:00,80930.88,81144.55,80882.07,81087.0,1029.0,1400,0.0
2026-05-11 11:30:00,81090.23,81199.37,81077.98,81188.75,916.0,1400,0.0
2026-05-11 12:00:00,81190.72,81321.06,81046.73,81290.0,1267.0,1400,0.0
2026-05-11 12:30:00,81289.68,81344.86,80998.93,81029.58,1208.0,1400,0.0
2026-05-11 13:00:00,81041.88,81312.64,81028.74,81121.99,1033.0,1400,0.0
2026-05-11 13:30:00,81121.29,81228.53,80722.72,81027.15,2975.0,1400,0.0
2026-05-11 14:00:00,81027.24,81228.21,80702.14,80716.23,2081.0,1400,0.0
2026-05-11 14:30:00,80711.14,80938.8,80415.0,80905.29,2976.0,1400,0.0
2026-05-11 15:00:00,80918.39,81398.5,80786.92,81308.66,2111.0,1400,0.0
2026-05-11 15:30:00,81310.9,81442.92,81167.75,81411.45,1698.0,1400,0.0
2026-05-11 16:00:00,81425.1,81854.7,81312.96,81754.39,2269.0,1400,0.0
2026-05-11 16:30:00,81755.42,81902.36,81533.39,81541.96,2016.0,1400,0.0
2026-05-11 17:00:00,81543.67,81644.62,81330.45,81609.24,1687.0,1400,0.0
2026-05-11 17:30:00,81611.68,82053.88,81558.38,81920.85,1652.0,1400,0.0
2026-05-11 18:00:00,81930.03,82109.96,81817.11,82016.24,1468.0,1400,0.0
2026-05-11 18:30:00,82016.78,82130.82,81801.8,81849.06,1344.0,1400,0.0
2026-05-11 19:00:00,81847.37,82072.88,81712.8,81890.88,1293.0,1400,0.0
2026-05-11 19:30:00,81887.91,82085.17,81820.07,81946.66,987.0,1400,0.0
2026-05-11 20:00:00,81949.73,82068.27,81833.98,81888.85,1291.0,1400,0.0
2026-05-11 20:30:00,81891.09,81909.04,81732.68,81802.36,895.0,1400,0.0
2026-05-11 21:00:00,81803.25,81869.19,81607.78,81607.78,942.0,1400,0.0
2026-05-11 21:30:00,81608.2,81902.98,81564.72,81815.68,921.0,1400,0.0
2026-05-11 22:00:00,81815.24,81963.38,81701.86,81717.97,1171.0,1400,0.0
2026-05-11 22:30:00,81717.09,81908.47,81709.14,81807.5,809.0,1400,0.0
2026-05-11 23:00:00,81794.15,81794.15,81554.69,81605.12,819.0,1400,0.0
2026-05-11 23:30:00,81596.56,81798.15,81591.24,81718.05,724.0,1400,0.0
2026-05-12 00:00:00,81718.3,81775.81,81488.16,81550.04,1025.0,1400,0.0
2026-05-12 00:30:00,81546.25,81631.93,81446.12,81532.78,813.0,1400,0.0
2026-05-12 01:00:00,81520.47,81603.3,81227.03,81346.6,1411.0,1400,0.0
2026-05-12 01:30:00,81343.72,81343.72,80675.86,81168.29,2401.0,1400,0.0
2026-05-12 02:00:00,81167.14,81322.67,81047.95,81229.94,1206.0,1400,0.0
2026-05-12 02:30:00,81230.03,81258.6,81073.14,81234.81,860.0,1400,0.0
2026-05-12 03:00:00,81233.34,81271.42,81113.64,81139.62,757.0,1400,0.0
2026-05-12 03:30:00,81142.16,81205.99,80988.89,81033.64,931.0,1400,0.0
2026-05-12 04:00:00,81041.27,81202.88,80970.73,81179.46,968.0,1400,0.0
2026-05-12 04:30:00,81184.64,81280.86,81163.42,81207.37,638.0,1400,0.0
2026-05-12 05:00:00,81205.91,81282.68,81170.88,81254.44,647.0,1400,0.0
2026-05-12 05:30:00,81255.62,81292.58,81154.64,81198.22,665.0,1400,0.0
2026-05-12 06:00:00,81198.57,81282.89,81152.2,81193.74,647.0,1400,0.0
2026-05-12 06:30:00,81187.85,81203.41,80978.81,80999.81,810.0,1400,0.0
2026-05-12 07:00:00,80993.43,81111.93,80838.37,81001.54,1131.0,1400,0.0
2026-05-12 07:30:00,81003.78,81076.56,80768.68,80830.77,1103.0,1400,0.0
2026-05-12 08:00:00,80829.89,80912.44,80725.96,80832.83,1170.0,1400,0.0
2026-05-12 08:30:00,80829.54,80942.72,80799.47,80803.71,730.0,1400,0.0
2026-05-12 09:00:00,80812.3,80869.77,80681.41,80714.03,916.0,1400,0.0
2026-05-12 09:30:00,80718.4,80931.06,80709.66,80802.49,1017.0,1400,0.0
2026-05-12 10:00:00,80802.34,80816.56,80633.09,80694.01,776.0,1400,0.0
2026-05-12 10:30:00,80690.12,80722.13,80564.16,80646.31,887.0,1400,0.0
2026-05-12 11:00:00,80648.37,80669.0,80449.42,80605.81,1196.0,1400,0.0
2026-05-12 11:30:00,80605.88,80770.9,80605.41,80745.83,699.0,1400,0.0
2026-05-12 12:00:00,80751.79,80827.69,80665.12,80798.72,968.0,1400,0.0
2026-05-12 12:30:00,80795.52,80981.74,80578.28,80862.07,1849.0,1400,0.0
2026-05-12 13:00:00,80862.16,80910.26,80598.83,80640.64,1066.0,1400,0.0
2026-05-12 13:30:00,80642.08,80858.54,80360.22,80435.21,2493.0,1400,0.0
2026-05-12 14:00:00,80448.23,80826.7,80363.38,80622.05,2209.0,1400,0.0
2026-05-12 14:30:00,80618.84,80878.05,80389.01,80519.93,2589.0,1400,0.0
2026-05-12 15:00:00,80506.83,80643.68,80143.46,80187.18,2250.0,1400,0.0
2026-05-12 15:30:00,80202.79,80444.61,80202.79,80295.3,1684.0,1400,0.0
2026-05-12 16:00:00,80298.72,80396.12,80133.61,80247.05,1578.0,1400,0.0
2026-05-12 16:30:00,80244.2,80305.29,79800.93,79975.42,2132.0,1400,0.0
2026-05-12 17:00:00,79975.94,80414.94,79907.03,80383.08,1621.0,1400,0.0
2026-05-12 17:30:00,80383.28,80572.14,80372.29,80493.87,1104.0,1400,0.0
2026-05-12 18:00:00,80495.71,80542.0,80390.59,80466.77,1005.0,1400,0.0
2026-05-12 18:30:00,80465.69,80735.76,80451.48,80639.9,1024.0,1400,0.0
2026-05-12 19:00:00,80647.66,80810.84,80637.31,80685.99,967.0,1400,0.0
2026-05-12 19:30:00,80680.03,80851.92,80680.03,80814.46,910.0,1400,0.0
2026-05-12 20:00:00,80816.1,80871.78,80719.03,80796.81,751.0,1400,0.0
2026-05-12 20:30:00,80795.35,80795.35,80605.4,80671.84,704.0,1400,0.0
2026-05-12 21:00:00,80672.35,80718.1,80595.12,80642.83,615.0,1400,0.0
2026-05-12 21:30:00,80642.76,80651.32,80465.79,80566.69,823.0,1400,0.0
2026-05-12 22:00:00,80561.96,80782.64,80561.96,80636.13,951.0,1400,0.0
2026-05-12 22:30:00,80636.43,80708.57,80589.47,80632.74,644.0,1400,0.0
2026-05-12 23:00:00,80626.29,80699.74,80545.21,80645.19,828.0,1400,0.0
2026-05-12 23:30:00,80645.19,80649.89,80407.99,80485.09,874.0,1400,0.0
2026-05-13 00:00:00,80483.54,80735.01,80379.77,80630.87,1183.0,1400,0.0
2026-05-13 00:30:00,80630.77,80753.15,80582.63,80690.82,948.0,1400,0.0
2026-05-13 01:00:00,80694.15,81102.96,80646.52,81040.34,1449.0,1400,0.0
2026-05-13 01:30:00,81038.32,81181.2,80953.02,80980.17,1258.0,1400,0.0
2026-05-13 02:00:00,80990.19,81261.7,80906.36,81113.9,1157.0,1400,0.0
2026-05-13 02:30:00,81114.43,81125.8,80989.7,81039.17,788.0,1400,0.0
2026-05-13 03:00:00,81040.39,81090.96,80950.95,81070.8,724.0,1400,0.0
2026-05-13 03:30:00,81070.63,81289.83,81040.53,81241.29,853.0,1400,0.0
2026-05-13 04:00:00,81234.67,81249.58,81088.69,81189.69,716.0,1400,0.0
2026-05-13 04:30:00,81191.85,81271.39,81147.76,81212.41,633.0,1400,0.0
2026-05-13 05:00:00,81211.91,81224.61,81061.0,81113.2,673.0,1400,0.0
2026-05-13 05:30:00,81113.21,81133.43,80967.37,81005.65,654.0,1400,0.0
2026-05-13 06:00:00,81002.79,81141.43,80962.83,81075.51,702.0,1400,0.0
2026-05-13 06:30:00,81076.49,81100.49,80936.66,80954.67,633.0,1400,0.0
2026-05-13 07:00:00,80951.72,81031.41,80866.95,80889.77,650.0,1400,0.0
2026-05-13 07:30:00,80892.47,81008.84,80857.52,80989.12,623.0,1400,0.0
2026-05-13 08:00:00,81003.74,81099.1,80933.51,81005.71,804.0,1400,0.0
2026-05-13 08:30:00,81007.52,81172.22,80906.42,81161.34,901.0,1400,0.0
2026-05-13 09:00:00,81164.89,81280.08,81092.51,81132.28,916.0,1400,0.0
2026-05-13 09:30:00,81131.03,81265.79,81126.43,81253.61,724.0,1400,0.0
2026-05-13 10:00:00,81253.52,81264.91,80929.25,80929.25,798.0,1400,0.0
2026-05-13 10:30:00,80934.31,81015.47,80767.71,80783.8,991.0,1400,0.0
2026-05-13 11:00:00,80781.35,80830.54,80514.46,80544.87,1381.0,1400,0.0
2026-05-13 11:30:00,80544.93,80675.17,80456.76,80474.43,799.0,1400,0.0
2026-05-13 12:00:00,80473.79,80568.12,80138.17,80328.43,1236.0,1400,0.0
2026-05-13 12:30:00,80336.4,80340.46,79814.85,80173.71,2868.0,1400,0.0
2026-05-13 13:00:00,80175.71,80326.73,80104.29,80110.05,1020.0,1400,0.0
2026-05-13 13:30:00,80109.12,80186.23,79539.09,79612.99,3550.0,1400,0.0
2026-05-13 14:00:00,79610.58,79873.62,79428.2,79821.58,2610.0,1400,0.0
2026-05-13 14:30:00,79827.04,79840.53,79616.23,79736.23,1389.0,1400,0.0
2026-05-13 15:00:00,79731.83,79828.58,79195.1,79246.79,1874.0,1400,0.0
2026-05-13 15:30:00,79246.59,79316.1,78752.95,78794.19,2056.0,1400,0.0
2026-05-13 16:00:00,78796.48,79031.22,78707.08,79007.82,2257.0,1400,0.0
2026-05-13 16:30:00,79009.24,79197.64,78989.91,79064.13,1241.0,1400,0.0
2026-05-13 17:00:00,79064.25,79349.09,79064.25,79305.4,1130.0,1400,0.0
2026-05-13 17:30:00,79303.77,79546.77,79280.78,79478.09,936.0,1400,0.0
2026-05-13 18:00:00,79478.4,79780.52,79478.4,79733.86,1100.0,1400,0.0
2026-05-13 18:30:00,79736.85,79781.32,79518.64,79573.78,1045.0,1400,0.0
2026-05-13 19:00:00,79569.77,79599.73,79358.09,79460.0,1092.0,1400,0.0
2026-05-13 19:30:00,79461.2,79619.57,79414.19,79614.28,949.0,1400,0.0
2026-05-13 20:00:00,79615.52,79733.94,79571.98,79572.16,823.0,1400,0.0
2026-05-13 20:30:00,79578.15,79737.85,79572.75,79677.03,686.0,1400,0.0
2026-05-13 21:00:00,79676.8,79680.68,79291.57,79398.52,1026.0,1400,0.0
2026-05-13 21:30:00,79397.65,79493.47,79335.86,79361.61,977.0,1400,0.0
2026-05-13 22:00:00,79364.54,79422.78,79179.43,79290.45,1166.0,1400,0.0
2026-05-13 22:30:00,79292.06,79441.23,79196.18,79390.71,880.0,1400,0.0
2026-05-13 23:00:00,79389.81,79467.91,79236.86,79323.9,1119.0,1400,0.0
2026-05-13 23:30:00,79322.83,79348.59,79186.77,79292.04,849.0,1400,0.0
2026-05-14 00:00:00,79292.8,79560.61,79265.98,79428.67,1248.0,1400,0.0
2026-05-14 00:30:00,79435.41,79663.9,79435.41,79542.64,1130.0,1400,0.0
2026-05-14 01:00:00,79541.87,79660.34,79465.55,79521.65,1116.0,1400,0.0
2026-05-14 01:30:00,79521.83,79639.89,79365.41,79570.35,1172.0,1400,0.0
2026-05-14 02:00:00,79574.9,79652.11,79520.59,79629.27,804.0,1400,0.0
2026-05-14 02:30:00,79621.04,79634.22,79177.13,79324.71,1243.0,1400,0.0
2026-05-14 03:00:00,79323.93,79431.55,78954.64,79279.0,2102.0,1400,0.0
2026-05-14 03:30:00,79286.6,79372.24,78875.68,79008.36,1791.0,1400,0.0
2026-05-14 04:00:00,79009.24,79340.23,78940.18,79283.36,1355.0,1400,0.0
2026-05-14 04:30:00,79284.74,79441.65,79262.64,79406.11,1068.0,1400,0.0
2026-05-14 05:00:00,79406.19,79579.39,79330.66,79560.67,1061.0,1400,0.0
2026-05-14 05:30:00,79561.58,79972.09,79561.58,79771.89,1506.0,1400,0.0
2026-05-14 06:00:00,79767.33,79906.92,79767.22,79787.88,1141.0,1400,0.0
2026-05-14 06:30:00,79780.36,79862.07,79717.89,79775.57,879.0,1400,0.0
2026-05-14 07:00:00,79770.69,79836.68,79656.35,79757.37,906.0,1400,0.0
2026-05-14 07:30:00,79757.47,79907.96,79692.29,79712.63,867.0,1400,0.0
2026-05-14 08:00:00,79712.73,79849.22,79588.56,79737.55,1114.0,1400,0.0
2026-05-14 08:30:00,79736.65,79909.19,79731.79,79785.04,939.0,1400,0.0
2026-05-14 09:00:00,79789.77,79879.98,79679.31,79702.97,973.0,1400,0.0
2026-05-14 09:30:00,79699.94,79712.27,79535.5,79592.19,960.0,1400,0.0
2026-05-14 10:00:00,79595.43,79737.88,79520.17,79662.78,1137.0,1400,0.0
2026-05-14 10:30:00,79661.74,79661.74,79368.39,79537.75,967.0,1400,0.0
2026-05-14 11:00:00,79536.42,79580.85,79214.97,79319.37,903.0,1400,0.0
2026-05-14 11:30:00,79310.46,79364.05,79185.83,79212.04,979.0,1400,0.0
2026-05-14 12:00:00,79218.77,79424.95,79193.19,79382.51,984.0,1400,0.0
2026-05-14 12:30:00,79384.06,79753.88,79357.77,79748.54,1366.0,1400,0.0
2026-05-14 13:00:00,79743.95,80054.46,79675.28,79904.17,1752.0,1400,0.0
2026-05-14 13:30:00,79907.79,80028.43,79634.13,79677.26,2830.0,1400,0.0
2026-05-14 14:00:00,79674.73,80256.29,79518.97,80126.57,2847.0,1400,0.0
2026-05-14 14:30:00,80129.61,81009.99,80062.35,80944.62,2971.0,1400,0.0
2026-05-14 15:00:00,80948.07,81145.0,80800.89,80982.18,2661.0,1400,0.0
2026-05-14 15:30:00,80982.08,81319.87,80785.88,81281.98,1720.0,1400,0.0
2026-05-14 16:00:00,81285.41,81607.96,81285.41,81556.05,2513.0,1400,0.0
2026-05-14 16:30:00,81558.22,81897.95,81072.08,81871.73,2640.0,1400,0.0
2026-05-14 17:00:00,81876.05,82051.17,81256.46,81468.44,3511.0,1400,0.0
2026-05-14 17:30:00,81467.82,81794.24,81425.65,81676.61,1974.0,1400,0.0
2026-05-14 18:00:00,81676.97,81973.95,81467.23,81867.83,1985.0,1400,0.0
2026-05-14 18:30:00,81867.75,81886.09,81434.31,81573.37,1489.0,1400,0.0
2026-05-14 19:00:00,81589.04,81715.27,81321.76,81340.87,1418.0,1400,0.0
2026-05-14 19:30:00,81339.47,81487.43,81316.63,81425.86,1417.0,1400,0.0
2026-05-14 20:00:00,81425.59,81618.0,81209.23,81279.2,1547.0,1400,0.0
2026-05-14 20:30:00,81281.13,81451.32,81142.88,81401.64,966.0,1400,0.0
2026-05-14 21:00:00,81413.04,81478.59,81248.72,81398.53,867.0,1400,0.0
2026-05-14 21:30:00,81396.11,81521.41,81348.29,81366.44,906.0,1400,0.0
2026-05-14 22:00:00,81377.72,81503.39,81314.52,81428.52,946.0,1400,0.0
2026-05-14 22:30:00,81428.44,81553.34,81407.32,81451.69,742.0,1400,0.0
2026-05-14 23:00:00,81448.74,81449.83,81163.14,81336.52,806.0,1400,0.0
2026-05-14 23:30:00,81334.82,81355.68,81023.57,81076.87,737.0,1400,0.0
2026-05-15 00:00:00,81076.83,81483.99,81039.58,81445.08,1074.0,1400,0.0
2026-05-15 00:30:00,81446.3,81652.88,81245.22,81494.29,1592.0,1400,0.0
2026-05-15 01:00:00,81495.7,81603.96,81362.34,81362.34,1580.0,1400,0.0
2026-05-15 01:30:00,81357.82,81465.12,81087.87,81120.44,1788.0,1400,0.0
2026-05-15 02:00:00,81113.76,81181.32,80844.86,80899.74,2183.0,1400,0.0
2026-05-15 02:30:00,80900.43,81352.47,80720.08,81282.62,1836.0,1400,0.0
2026-05-15 03:00:00,81283.37,81328.58,81105.3,81239.27,1144.0,1400,0.0
2026-05-15 03:30:00,81237.62,81237.62,80909.82,81046.86,1163.0,1400,0.0
2026-05-15 04:00:00,81034.8,81090.36,80875.24,80888.62,1104.0,1400,0.0
2026-05-15 04:30:00,80880.81,81027.74,80684.33,80719.73,1122.0,1400,0.0
2026-05-15 05:00:00,80720.52,80873.58,80638.52,80788.42,1444.0,1400,0.0
2026-05-15 05:30:00,80782.4,80812.6,80290.16,80340.86,2431.0,1400,0.0
2026-05-15 06:00:00,80342.57,80514.93,80291.54,80514.93,1505.0,1400,0.0
2026-05-15 06:30:00,80511.82,80630.7,80479.6,80560.28,1069.0,1400,0.0
2026-05-15 07:00:00,80560.73,80999.38,80542.5,80892.19,1419.0,1400,0.0
2026-05-15 07:30:00,80901.31,80903.01,80722.73,80807.66,960.0,1400,0.0
2026-05-15 08:00:00,80813.54,80825.23,80501.89,80525.51,1295.0,1400,0.0
2026-05-15 08:30:00,80527.22,80712.41,80389.17,80637.01,1307.0,1400,0.0
2026-05-15 09:00:00,80640.69,80671.52,80434.86,80564.65,1077.0,1400,0.0
2026-05-15 09:30:00,80565.52,80642.59,80355.16,80469.02,1281.0,1400,0.0
2026-05-15 10:00:00,80468.96,80594.88,80384.53,80508.68,933.0,1400,0.0
2026-05-15 10:30:00,80507.25,80767.52,80426.55,80704.06,1195.0,1400,0.0
2026-05-15 11:00:00,80703.66,80755.76,80570.02,80628.03,858.0,1400,0.0
2026-05-15 11:30:00,80628.03,80707.63,80572.69,80608.56,789.0,1400,0.0
2026-05-15 12:00:00,80604.8,80632.73,80340.31,80529.52,1129.0,1400,0.0
2026-05-15 12:30:00,80530.08,80559.8,80301.61,80384.04,967.0,1400,0.0
2026-05-15 13:00:00,80383.93,80383.93,79983.78,79987.91,1556.0,1400,0.0
2026-05-15 13:30:00,79992.59,80005.4,78648.05,78712.21,6012.0,1400,0.0
2026-05-15 14:00:00,78723.46,79305.39,78590.91,79036.79,4452.0,1400,0.0
2026-05-15 14:30:00,79040.87,79285.79,78909.73,79119.86,2749.0,1400,0.0
2026-05-15 15:00:00,79122.15,79347.01,79039.95,79119.64,2197.0,1400,0.0
2026-05-15 15:30:00,79120.17,79215.82,78972.48,79119.63,1580.0,1400,0.0
2026-05-15 16:00:00,79113.03,79287.96,79090.73,79274.66,1527.0,1400,0.0
2026-05-15 16:30:00,79275.79,79362.86,79088.42,79258.38,1419.0,1400,0.0
2026-05-15 17:00:00,79256.58,79427.32,79183.65,79339.92,1378.0,1400,0.0
2026-05-15 17:30:00,79340.25,79479.15,79327.79,79430.86,1233.0,1400,0.0
2026-05-15 18:00:00,79429.53,79534.91,79156.1,79247.55,1429.0,1400,0.0
2026-05-15 18:30:00,79244.16,79300.03,79118.73,79223.43,1170.0,1400,0.0
2026-05-15 19:00:00,79223.89,79250.18,78992.63,79084.06,1194.0,1400,0.0
2026-05-15 19:30:00,79076.73,79151.44,79037.91,79095.73,1072.0,1400,0.0
2026-05-15 20:00:00,79094.44,79180.28,79024.02,79126.32,988.0,1400,0.0
2026-05-15 20:30:00,79133.41,79160.23,78939.99,79078.65,799.0,1400,0.0
2026-05-15 21:00:00,79078.73,79158.67,79053.54,79084.27,614.0,1400,0.0
2026-05-15 21:30:00,79083.98,79106.77,78845.93,78934.73,1195.0,1400,0.0
2026-05-15 22:00:00,78934.94,79049.06,78920.03,79039.49,770.0,1400,0.0
2026-05-15 22:30:00,79039.15,79108.6,79009.46,79056.9,611.0,1400,0.0
2026-05-15 23:00:00,79054.61,79128.62,79026.27,79060.04,583.0,1400,0.0
2026-05-15 23:30:00,79060.3,79089.81,79026.38,79067.09,587.0,1400,0.0
2026-05-16 00:00:00,79068.32,79166.48,79022.02,79120.31,677.0,1400,0.0
2026-05-16 00:30:00,79126.04,79188.05,79023.98,79065.41,665.0,1400,0.0
2026-05-16 01:00:00,79069.61,79119.53,78971.25,78985.05,736.0,1400,0.0
2026-05-16 01:30:00,78984.38,79139.32,78949.9,79113.43,736.0,1400,0.0
2026-05-16 02:00:00,79110.8,79162.04,79057.94,79097.14,705.0,1400,0.0
2026-05-16 02:30:00,79097.51,79112.75,79023.73,79098.44,647.0,1400,0.0
2026-05-16 03:00:00,79100.62,79143.46,79075.6,79124.36,559.0,1400,0.0
2026-05-16 03:30:00,79124.32,79136.12,79008.18,79045.4,580.0,1400,0.0
2026-05-16 04:00:00,79041.84,79089.6,78995.04,79007.1,601.0,1400,0.0
2026-05-16 04:30:00,79005.5,79015.5,78796.2,78988.19,902.0,1400,0.0
2026-05-16 05:00:00,78988.32,79000.24,78876.17,78973.13,621.0,1400,0.0
2026-05-16 05:30:00,78972.49,79003.6,78905.08,78985.17,723.0,1400,0.0
2026-05-16 06:00:00,78986.89,79018.43,78743.65,78789.93,884.0,1400,0.0
2026-05-16 06:30:00,78789.84,78862.33,78408.53,78615.25,1364.0,1400,0.0
2026-05-16 07:00:00,78614.19,78614.19,78012.99,78425.5,2658.0,1400,0.0
2026-05-16 07:30:00,78417.76,78532.98,78292.14,78330.84,1131.0,1400,0.0
2026-05-16 08:00:00,78329.21,78416.46,78281.22,78361.69,634.0,1400,0.0
2026-05-16 08:30:00,78367.64,78517.03,78325.67,78366.29,812.0,1400,0.0
2026-05-16 09:00:00,78374.87,78399.96,77840.47,78021.92,2371.0,1400,0.0
2026-05-16 09:30:00,78024.66,78171.75,77953.83,78042.39,1174.0,1400,0.0
2026-05-16 10:00:00,78043.77,78070.92,77600.45,77751.6,1882.0,1400,0.0
2026-05-16 10:30:00,77739.68,77947.31,77718.97,77929.03,1174.0,1400,0.0
2026-05-16 11:00:00,77928.37,78121.34,77928.37,78101.05,968.0,1400,0.0
2026-05-16 11:30:00,78104.46,78159.53,78027.8,78051.57,817.0,1400,0.0
2026-05-16 12:00:00,78051.08,78105.9,77879.13,77949.16,913.0,1400,0.0
2026-05-16 12:30:00,77949.28,78091.36,77949.28,77977.94,665.0,1400,0.0
2026-05-16 13:00:00,77972.9,77983.48,77819.83,77922.84,910.0,1400,0.0
2026-05-16 13:30:00,77921.21,77978.94,77800.76,77976.7,849.0,1400,0.0
2026-05-16 14:00:00,77984.39,78038.17,77847.91,77963.4,908.0,1400,0.0
2026-05-16 14:30:00,77966.87,78316.26,77961.96,78085.63,1228.0,1400,0.0
2026-05-16 15:00:00,78085.56,78194.93,78023.76,78090.59,963.0,1400,0.0
2026-05-16 15:30:00,78091.58,78250.05,78091.58,78193.82,776.0,1400,0.0
2026-05-16 16:00:00,78197.32,78344.24,78145.46,78253.28,967.0,1400,0.0
2026-05-16 16:30:00,78248.96,78281.27,78065.8,78170.57,865.0,1400,0.0
2026-05-16 17:00:00,78172.32,78293.71,78151.91,78255.74,604.0,1400,0.0
2026-05-16 17:30:00,78254.28,78295.93,78157.87,78157.87,637.0,1400,0.0
2026-05-16 18:00:00,78157.42,78217.68,78104.13,78174.73,563.0,1400,0.0
2026-05-16 18:30:00,78176.93,78295.2,78145.24,78206.56,643.0,1400,0.0
2026-05-16 19:00:00,78201.35,78264.49,78170.68,78242.49,514.0,1400,0.0
2026-05-16 19:30:00,78244.57,78281.37,78188.86,78230.01,595.0,1400,0.0
2026-05-16 20:00:00,78230.7,78300.44,78218.73,78237.28,536.0,1400,0.0
2026-05-16 20:30:00,78248.16,78248.16,78165.8,78209.01,527.0,1400,0.0
2026-05-16 21:00:00,78207.71,78273.29,78184.95,78237.22,580.0,1400,0.0
2026-05-16 21:30:00,78236.21,78273.9,78170.46,78226.86,708.0,1400,0.0
2026-05-16 22:00:00,78224.21,78252.23,78135.56,78218.15,670.0,1400,0.0
2026-05-16 22:30:00,78218.25,78248.11,78151.79,78151.91,474.0,1400,0.0
2026-05-16 23:00:00,78151.41,78242.43,78115.0,78189.68,549.0,1400,0.0
2026-05-16 23:30:00,78185.33,78223.76,78073.97,78102.21,575.0,1400,0.0
2026-05-17 00:00:00,78102.35,78200.61,78091.34,78152.48,724.0,1400,0.0
2026-05-17 00:30:00,78152.39,78193.19,77759.91,77913.01,912.0,1400,0.0
2026-05-17 01:00:00,77915.09,78078.59,77771.76,77959.21,1194.0,1400,0.0
2026-05-17 01:30:00,77958.97,77979.52,77681.72,77695.11,1425.0,1400,0.0
2026-05-17 02:00:00,77692.98,77906.13,77692.98,77867.68,971.0,1400,0.0
2026-05-17 02:30:00,77867.1,77906.46,77816.22,77856.89,805.0,1400,0.0
2026-05-17 03:00:00,77857.38,77993.11,77843.75,77965.78,770.0,1400,0.0
2026-05-17 03:30:00,77967.72,78055.91,77935.28,77983.91,642.0,1400,0.0
2026-05-17 04:00:00,77983.83,78115.54,77951.1,78058.29,697.0,1400,0.0
2026-05-17 04:30:00,78057.3,78186.49,78022.96,78122.31,691.0,1400,0.0
2026-05-17 05:00:00,78124.84,78296.79,78107.2,78152.92,734.0,1400,0.0
2026-05-17 05:30:00,78149.06,78175.21,78066.89,78091.71,579.0,1400,0.0
2026-05-17 06:00:00,78090.38,78185.67,77981.21,78055.04,688.0,1400,0.0
2026-05-17 06:30:00,78058.09,78096.61,78009.07,78076.48,467.0,1400,0.0
2026-05-17 07:00:00,78077.44,78123.59,78018.85,78086.81,571.0,1400,0.0
2026-05-17 07:30:00,78083.65,78188.49,78067.68,78144.56,697.0,1400,0.0
2026-05-17 08:00:00,78153.21,78170.0,78023.32,78048.33,689.0,1400,0.0
2026-05-17 08:30:00,78047.75,78083.5,77988.18,78060.43,664.0,1400,0.0
2026-05-17 09:00:00,78058.83,78124.0,78042.99,78101.66,627.0,1400,0.0
2026-05-17 09:30:00,78103.91,78267.81,78063.31,78210.13,631.0,1400,0.0
2026-05-17 10:00:00,78215.46,78576.53,78202.3,78478.1,1284.0,1400,0.0
2026-05-17 10:30:00,78475.92,78506.56,78380.5,78425.98,843.0,1400,0.0
2026-05-17 11:00:00,78428.73,78447.47,78268.2,78312.59,914.0,1400,0.0
2026-05-17 11:30:00,78313.94,78434.29,78245.07,78383.3,812.0,1400,0.0
2026-05-17 12:00:00,78383.34,78425.31,78302.48,78393.07,731.0,1400,0.0
2026-05-17 12:30:00,78386.37,78522.44,78280.95,78332.33,873.0,1400,0.0
2026-05-17 13:00:00,78340.38,78341.61,78126.08,78261.43,882.0,1400,0.0
2026-05-17 13:30:00,78266.25,78309.9,78143.12,78179.7,767.0,1400,0.0
2026-05-17 14:00:00,78179.79,78190.25,77800.72,78004.09,1511.0,1400,0.0
2026-05-17 14:30:00,77999.91,78067.33,77918.11,78013.86,901.0,1400,0.0
2026-05-17 15:00:00,78014.35,78098.0,77880.7,77962.56,947.0,1400,0.0
2026-05-17 15:30:00,77963.06,78041.96,77933.46,78013.41,650.0,1400,0.0
2026-05-17 16:00:00,78010.52,78112.39,77999.1,78095.35,699.0,1400,0.0
2026-05-17 16:30:00,78096.86,78168.83,77979.19,78008.55,718.0,1400,0.0
2026-05-17 17:00:00,78008.47,78022.07,77804.9,77942.48,841.0,1400,0.0
2026-05-17 17:30:00,77946.95,78062.77,77866.98,78044.24,877.0,1400,0.0
2026-05-17 18:00:00,78048.8,78222.93,77965.41,78086.34,931.0,1400,0.0
2026-05-17 18:30:00,78091.31,78238.9,78071.87,78216.25,799.0,1400,0.0
2026-05-17 19:00:00,78216.93,78269.21,78181.37,78191.14,723.0,1400,0.0
2026-05-17 19:30:00,78188.55,78433.96,78165.41,78361.55,785.0,1400,0.0
2026-05-17 20:00:00,78360.15,78395.08,78205.87,78258.62,744.0,1400,0.0
2026-05-17 20:30:00,78255.2,78335.17,78195.32,78226.96,666.0,1400,0.0
2026-05-17 21:00:00,78225.99,78398.33,78182.53,78391.33,604.0,1400,0.0
2026-05-17 21:30:00,78395.11,78453.63,78309.66,78354.93,827.0,1400,0.0
2026-05-17 22:00:00,78352.8,78373.17,77886.77,77941.46,1897.0,1400,0.0
2026-05-17 22:30:00,77938.82,78082.96,77764.71,77947.82,1519.0,1400,0.0
2026-05-17 23:00:00,77956.8,77964.82,77625.53,77789.45,2027.0,1400,0.0
2026-05-17 23:30:00,77781.48,77853.25,76671.01,77400.73,4953.0,1400,0.0
2026-05-18 00:00:00,77412.0,77434.0,76857.28,77090.57,3490.0,1400,0.0
2026-05-18 00:30:00,77082.91,77192.75,76895.43,77157.45,2682.0,1400,0.0
2026-05-18 01:00:00,77160.89,77241.09,76780.32,76846.1,2698.0,1400,0.0
2026-05-18 01:30:00,76846.22,77122.21,76685.62,77069.53,2344.0,1400,0.0
2026-05-18 02:00:00,77070.89,77172.19,76914.23,76998.42,1387.0,1400,0.0
2026-05-18 02:30:00,76991.83,77008.11,76646.86,76783.35,1395.0,1400,0.0
2026-05-18 03:00:00,76794.75,76976.98,76780.15,76912.83,1194.0,1400,0.0
2026-05-18 03:30:00,76912.93,76985.32,76756.83,76890.13,1180.0,1400,0.0
2026-05-18 04:00:00,76889.79,77003.28,76717.7,76779.94,1101.0,1400,0.0
2026-05-18 04:30:00,76770.33,77032.48,76731.65,76977.36,980.0,1400,0.0
2026-05-18 05:00:00,76981.07,77041.56,76880.66,76989.4,1079.0,1400,0.0
2026-05-18 05:30:00,76990.11,77030.6,76835.24,76875.39,1084.0,1400,0.0
2026-05-18 06:00:00,76872.8,76931.05,76517.59,76688.07,1794.0,1400,0.0
2026-05-18 06:30:00,76689.6,76905.13,76605.08,76874.63,1161.0,1400,0.0
2026-05-18 07:00:00,76877.61,77040.71,76710.05,76986.68,1289.0,1400,0.0
2026-05-18 07:30:00,76987.1,77043.88,76879.5,77020.66,1208.0,1400,0.0
2026-05-18 08:00:00,77019.6,77136.67,76898.75,76928.28,1230.0,1400,0.0
2026-05-18 08:30:00,76930.61,76982.18,76828.71,76966.14,1020.0,1400,0.0
2026-05-18 09:00:00,76973.42,77000.21,76810.51,76906.12,956.0,1400,0.0
2026-05-18 09:30:00,76900.33,76978.68,76849.51,76888.84,826.0,1400,0.0
2026-05-18 10:00:00,76889.84,76907.04,76654.56,76776.4,1101.0,1400,0.0
2026-05-18 10:30:00,76772.52,76848.5,76712.98,76729.21,823.0,1400,0.0
2026-05-18 11:00:00,76730.34,76816.26,76602.59,76764.74,905.0,1400,0.0
2026-05-18 11:30:00,76762.51,77357.72,76732.25,77240.53,2311.0,1400,0.0
2026-05-18 12:00:00,77247.08,77515.72,77231.68,77295.86,2125.0,1400,0.0
2026-05-18 12:30:00,77298.36,77758.82,77245.07,77605.43,2060.0,1400,0.0
2026-05-18 13:00:00,77606.24,77608.24,77235.92,77237.85,1587.0,1400,0.0
2026-05-18 13:30:00,77235.2,77249.47,76638.82,76892.16,4994.0,1400,0.0
2026-05-18 14:00:00,76906.48,76918.89,76362.71,76600.67,3903.0,1400,0.0
2026-05-18 14:30:00,76603.34,76675.81,76182.28,76349.78,3493.0,1400,0.0
2026-05-18 15:00:00,76347.21,76394.0,76007.48,76047.65,3542.0,1400,0.0
2026-05-18 15:30:00,76046.02,76442.51,75981.39,76373.37,1874.0,1400,0.0
2026-05-18 16:00:00,76373.7,76615.63,76137.97,76219.6,2085.0,1400,0.0
2026-05-18 16:30:00,76220.29,76486.03,76163.59,76347.03,1922.0,1400,0.0
2026-05-18 17:00:00,76361.89,76642.42,76309.47,76605.53,1769.0,1400,0.0
2026-05-18 17:30:00,76605.44,76703.62,76483.65,76640.88,1243.0,1400,0.0
2026-05-18 18:00:00,76631.45,76653.03,76073.16,76299.53,1921.0,1400,0.0
2026-05-18 18:30:00,76299.48,76364.69,76144.84,76188.05,1592.0,1400,0.0
2026-05-18 19:00:00,76189.07,76869.87,76161.84,76575.32,3573.0,1400,0.0
2026-05-18 19:30:00,76572.45,76932.25,76546.59,76861.26,1812.0,1400,0.0
2026-05-18 20:00:00,76866.41,77102.61,76812.75,77059.59,1215.0,1400,0.0
2026-05-18 20:30:00,77055.89,77127.2,76819.01,76835.04,1009.0,1400,0.0
2026-05-18 21:00:00,76836.67,77028.97,76735.73,76962.6,897.0,1400,0.0
2026-05-18 21:30:00,76973.23,77130.63,76908.52,77035.84,1105.0,1400,0.0
2026-05-18 22:00:00,77036.05,77170.8,76984.45,77086.0,1127.0,1400,0.0
2026-05-18 22:30:00,77089.38,77117.54,76866.11,77014.44,961.0,1400,0.0
2026-05-18 23:00:00,77017.18,77111.54,76954.57,76971.65,808.0,1400,0.0
2026-05-18 23:30:00,76967.12,77059.79,76879.91,76937.92,776.0,1400,0.0
2026-05-19 00:00:00,76934.12,77363.91,76888.75,77160.16,1570.0,1400,0.0
2026-05-19 00:30:00,77160.94,77254.17,77062.69,77081.91,1100.0,1400,0.0
2026-05-19 01:00:00,77077.6,77100.89,76640.42,76704.71,1540.0,1400,0.0
2026-05-19 01:30:00,76704.78,76881.15,76598.2,76609.2,1266.0,1400,0.0
2026-05-19 02:00:00,76607.17,76948.95,76415.48,76766.23,1610.0,1400,0.0
2026-05-19 02:30:00,76764.14,76787.28,76530.57,76550.1,1172.0,1400,0.0
2026-05-19 03:00:00,76553.26,76807.44,76514.43,76694.36,1037.0,1400,0.0
2026-05-19 03:30:00,76697.59,76805.75,76679.64,76723.0,837.0,1400,0.0
2026-05-19 04:00:00,76721.86,76890.49,76627.45,76675.55,1008.0,1400,0.0
2026-05-19 04:30:00,76678.69,76884.44,76669.72,76855.61,788.0,1400,0.0
2026-05-19 05:00:00,76856.36,76882.05,76560.75,76760.87,1064.0,1400,0.0
2026-05-19 05:30:00,76760.58,76956.37,76700.32,76841.88,1235.0,1400,0.0
2026-05-19 06:00:00,76842.4,76984.95,76812.42,76951.81,1048.0,1400,0.0
2026-05-19 06:30:00,76949.05,77047.15,76872.86,76961.0,998.0,1400,0.0
2026-05-19 07:00:00,76961.2,77205.94,76902.85,77083.78,1205.0,1400,0.0
2026-05-19 07:30:00,77082.78,77224.44,77059.16,77173.04,983.0,1400,0.0
2026-05-19 08:00:00,77172.39,77194.09,76902.17,77010.36,1167.0,1400,0.0
2026-05-19 08:30:00,77011.75,77260.58,76955.14,76993.64,1117.0,1400,0.0
2026-05-19 09:00:00,76992.18,77009.91,76667.27,76701.98,1212.0,1400,0.0
2026-05-19 09:30:00,76703.46,76797.68,76630.83,76748.47,1167.0,1400,0.0
2026-05-19 10:00:00,76747.32,76817.01,76671.85,76768.43,886.0,1400,0.0
2026-05-19 10:30:00,76770.63,77045.04,76624.49,76977.77,1551.0,1400,0.0
2026-05-19 11:00:00,76980.33,77013.67,76765.12,76819.12,999.0,1400,0.0
2026-05-19 11:30:00,76819.05,76833.43,76552.88,76640.95,933.0,1400,0.0
2026-05-19 12:00:00,76636.92,76783.68,76570.98,76781.92,920.0,1400,0.0
2026-05-19 12:30:00,76788.98,76917.68,76763.36,76867.63,827.0,1400,0.0
2026-05-19 13:00:00,76872.67,76922.67,76513.01,76527.14,1563.0,1400,0.0
2026-05-19 13:30:00,76529.15,76999.28,76512.88,76804.29,3480.0,1400,0.0
2026-05-19 14:00:00,76807.82,76953.35,76226.52,76385.27,3257.0,1400,0.0
2026-05-19 14:30:00,76385.35,76520.49,76069.55,76333.06,2594.0,1400,0.0
2026-05-19 15:00:00,76331.62,76611.54,76260.5,76435.62,1599.0,1400,0.0
2026-05-19 15:30:00,76435.85,76619.11,76348.01,76458.74,1437.0,1400,0.0
2026-05-19 16:00:00,76459.57,76551.62,76332.53,76543.4,1278.0,1400,0.0
2026-05-19 16:30:00,76541.61,76856.02,76534.5,76814.29,1429.0,1400,0.0
2026-05-19 17:00:00,76824.53,76955.3,76791.49,76809.24,1428.0,1400,0.0
2026-05-19 17:30:00,76811.7,76957.62,76683.96,76773.03,1320.0,1400,0.0
2026-05-19 18:00:00,76773.12,76880.81,76683.66,76707.79,1074.0,1400,0.0
2026-05-19 18:30:00,76710.53,76821.3,76668.93,76729.09,982.0,1400,0.0
2026-05-19 19:00:00,76729.17,77014.16,76689.82,76748.95,1024.0,1400,0.0
2026-05-19 19:30:00,76747.26,76847.92,76703.62,76755.58,964.0,1400,0.0
2026-05-19 20:00:00,76753.98,76890.44,76753.98,76860.15,600.0,1400,0.0
2026-05-19 20:30:00,76863.23,76972.09,76851.54,76941.4,563.0,1400,0.0
2026-05-19 21:00:00,76941.51,76977.82,76893.91,76929.16,672.0,1400,0.0
2026-05-19 21:30:00,76930.3,76976.99,76907.73,76911.53,610.0,1400,0.0
2026-05-19 22:00:00,76910.09,76910.09,76578.35,76610.27,1235.0,1400,0.0
2026-05-19 22:30:00,76605.99,76725.43,76572.61,76643.25,739.0,1400,0.0
2026-05-19 23:00:00,76635.93,76841.76,76596.74,76832.83,763.0,1400,0.0
2026-05-19 23:30:00,76832.78,76915.78,76742.69,76774.68,831.0,1400,0.0
2026-05-20 00:00:00,76771.9,76829.76,76435.7,76616.92,1385.0,1400,0.0
2026-05-20 00:30:00,76626.43,76776.75,76550.44,76709.33,1385.0,1400,0.0
2026-05-20 01:00:00,76706.85,76837.65,76486.0,76512.04,1400.0,1400,0.0
2026-05-20 01:30:00,76515.61,76858.46,76455.22,76743.29,1724.0,1400,0.0
2026-05-20 02:00:00,76739.83,76843.31,76670.56,76700.84,1039.0,1400,0.0
2026-05-20 02:30:00,76699.85,76699.85,76516.45,76616.01,1248.0,1400,0.0
2026-05-20 03:00:00,76615.05,76748.87,76526.47,76717.13,1027.0,1400,0.0
2026-05-20 03:30:00,76712.47,76727.9,76628.08,76646.55,821.0,1400,0.0
2026-05-20 04:00:00,76649.39,76769.54,76649.39,76675.03,751.0,1400,0.0
2026-05-20 04:30:00,76678.39,76738.14,76604.12,76698.71,695.0,1400,0.0
2026-05-20 05:00:00,76697.29,77199.79,76697.29,77089.28,1340.0,1400,0.0
2026-05-20 05:30:00,77097.94,77260.94,77060.99,77123.74,1021.0,1400,0.0
2026-05-20 06:00:00,77124.7,77295.51,77106.17,77205.5,860.0,1400,0.0
2026-05-20 06:30:00,77206.05,77347.5,77161.25,77333.53,864.0,1400,0.0
2026-05-20 07:00:00,77334.57,77400.79,77237.07,77317.57,861.0,1400,0.0
2026-05-20 07:30:00,77314.57,77323.39,77148.74,77198.94,712.0,1400,0.0
2026-05-20 08:00:00,77194.94,77248.19,77120.37,77200.09,771.0,1400,0.0
2026-05-20 08:30:00,77202.24,77554.21,77199.03,77376.44,1051.0,1400,0.0
2026-05-20 09:00:00,77376.21,77427.0,77275.21,77404.81,679.0,1400,0.0
2026-05-20 09:30:00,77403.83,77466.89,77356.1,77404.34,763.0,1400,0.0
2026-05-20 10:00:00,77405.61,77573.58,77405.61,77531.71,741.0,1400,0.0
2026-05-20 10:30:00,77536.1,77596.86,77423.05,77423.05,699.0,1400,0.0
2026-05-20 11:00:00,77423.07,77483.25,77364.49,77387.6,642.0,1400,0.0
2026-05-20 11:30:00,77389.57,77413.89,77237.95,77300.78,649.0,1400,0.0
2026-05-20 12:00:00,77301.23,77461.77,77275.28,77417.29,757.0,1400,0.0
2026-05-20 12:30:00,77419.58,77687.9,77411.89,77548.65,837.0,1400,0.0
2026-05-20 13:00:00,77552.15,77583.64,77198.09,77237.82,1013.0,1400,0.0
2026-05-20 13:30:00,77235.78,77292.07,76884.06,77136.34,3427.0,1400,0.0
2026-05-20 14:00:00,77138.5,77510.23,76812.58,77348.4,4071.0,1400,0.0
2026-05-20 14:30:00,77350.08,77488.86,77195.27,77371.6,2223.0,1400,0.0
2026-05-20 15:00:00,77369.27,77794.29,77224.3,77488.89,2909.0,1400,0.0
2026-05-20 15:30:00,77490.91,77586.89,77290.43,77385.47,1562.0,1400,0.0
2026-05-20 16:00:00,77382.26,77488.14,76924.91,77008.09,1728.0,1400,0.0
2026-05-20 16:30:00,77008.2,77286.24,76948.13,77254.53,1501.0,1400,0.0
2026-05-20 17:00:00,77247.32,77584.71,77148.52,77483.13,1564.0,1400,0.0
2026-05-20 17:30:00,77486.35,77643.09,77440.79,77494.73,1199.0,1400,0.0
2026-05-20 18:00:00,77492.98,77560.77,77349.62,77429.5,1357.0,1400,0.0
2026-05-20 18:30:00,77427.51,77484.66,77305.77,77337.01,1025.0,1400,0.0
2026-05-20 19:00:00,77335.69,77492.7,77267.14,77484.73,1014.0,1400,0.0
2026-05-20 19:30:00,77488.04,77641.27,77449.19,77600.91,1149.0,1400,0.0
2026-05-20 20:00:00,77593.32,77693.41,77401.24,77613.49,1396.0,1400,0.0
2026-05-20 20:30:00,77609.84,77699.56,77525.37,77636.59,871.0,1400,0.0
2026-05-20 21:00:00,77632.91,77705.86,77526.16,77540.2,682.0,1400,0.0
2026-05-20 21:30:00,77535.9,77588.13,77429.79,77432.55,746.0,1400,0.0
2026-05-20 22:00:00,77432.24,77432.24,77136.82,77356.55,1415.0,1400,0.0
2026-05-20 22:30:00,77363.52,77432.72,77300.78,77429.53,768.0,1400,0.0
2026-05-20 23:00:00,77434.5,77436.57,77298.4,77326.68,748.0,1400,0.0
2026-05-20 23:30:00,77325.19,77484.0,77308.71,77470.3,743.0,1400,0.0
2026-05-21 00:00:00,77474.39,77660.58,77426.53,77655.3,969.0,1400,0.0
2026-05-21 00:30:00,77654.48,78000.32,77614.72,77885.11,1231.0,1400,0.0
2026-05-21 01:00:00,77885.65,78117.5,77741.9,77806.66,1359.0,1400,0.0
2026-05-21 01:30:00,77806.74,77900.33,77716.38,77782.92,916.0,1400,0.0
2026-05-21 02:00:00,77782.63,78028.95,77738.84,77967.93,982.0,1400,0.0
2026-05-21 02:30:00,77967.87,78004.73,77870.23,77876.24,751.0,1400,0.0
2026-05-21 03:00:00,77874.66,77977.38,77823.18,77951.48,679.0,1400,0.0
2026-05-21 03:30:00,77955.88,78026.93,77902.53,77995.27,592.0,1400,0.0
2026-05-21 04:00:00,77988.44,78098.47,77878.48,77943.82,774.0,1400,0.0
2026-05-21 04:30:00,77947.51,77982.43,77882.0,77956.22,589.0,1400,0.0
2026-05-21 05:00:00,77952.97,78070.01,77783.0,77794.87,756.0,1400,0.0
2026-05-21 05:30:00,77790.69,77847.08,77620.14,77758.02,844.0,1400,0.0
2026-05-21 06:00:00,77756.53,77801.58,77632.31,77704.53,893.0,1400,0.0
2026-05-21 06:30:00,77703.93,77749.8,77445.62,77543.53,924.0,1400,0.0
2026-05-21 07:00:00,77543.58,77617.3,77428.87,77524.99,1028.0,1400,0.0
2026-05-21 07:30:00,77526.81,77825.65,77526.81,77796.17,799.0,1400,0.0
2026-05-21 08:00:00,77795.43,78143.8,77795.43,77971.75,1709.0,1400,0.0
2026-05-21 08:30:00,77971.78,77984.45,77803.92,77849.72,980.0,1400,0.0
2026-05-21 09:00:00,77843.73,77913.89,77800.89,77844.99,760.0,1400,0.0
2026-05-21 09:30:00,77844.1,77870.49,77543.5,77551.7,944.0,1400,0.0
2026-05-21 10:00:00,77551.85,77611.69,77093.76,77309.32,1509.0,1400,0.0
2026-05-21 10:30:00,77297.55,77377.34,77100.59,77127.26,1903.0,1400,0.0
2026-05-21 11:00:00,77129.25,77300.59,77052.99,77248.71,1242.0,1400,0.0
2026-05-21 11:30:00,77248.81,77300.72,77101.43,77121.46,850.0,1400,0.0
2026-05-21 12:00:00,77123.9,77206.25,77006.44,77041.41,944.0,1400,0.0
2026-05-21 12:30:00,77033.6,77286.46,76983.26,77201.72,1196.0,1400,0.0
2026-05-21 13:00:00,77202.31,77280.45,77114.51,77207.08,1022.0,1400,0.0
2026-05-21 13:30:00,77219.68,77239.56,76645.53,77052.18,3977.0,1400,0.0
2026-05-21 14:00:00,77048.63,77170.95,76694.77,76980.27,2578.0,1400,0.0
2026-05-21 14:30:00,76980.46,77115.51,76804.44,76900.06,1885.0,1400,0.0
2026-05-21 15:00:00,76898.81,77243.22,76808.63,77183.9,1971.0,1400,0.0
2026-05-21 15:30:00,77184.65,77337.44,76987.7,77183.81,1308.0,1400,0.0
2026-05-21 16:00:00,77185.09,77275.41,77018.55,77101.41,1278.0,1400,0.0
2026-05-21 16:30:00,77102.43,77208.91,76912.22,77113.82,1201.0,1400,0.0
2026-05-21 17:00:00,77114.19,77935.92,77088.11,77897.76,3223.0,1400,0.0
2026-05-21 17:30:00,77895.97,78023.73,77714.2,77800.29,1907.0,1400,0.0
2026-05-21 18:00:00,77794.38,77861.39,77548.73,77660.62,1857.0,1400,0.0
2026-05-21 18:30:00,77660.75,77741.38,77172.22,77307.37,2062.0,1400,0.0
2026-05-21 19:00:00,77300.71,77534.9,77284.49,77473.54,1376.0,1400,0.0
2026-05-21 19:30:00,77472.26,77727.66,77472.26,77619.71,1110.0,1400,0.0
2026-05-21 20:00:00,77624.8,77670.99,77584.17,77625.2,800.0,1400,0.0
2026-05-21 20:30:00,77623.79,77733.17,77560.93,77627.09,724.0,1400,0.0
2026-05-21 21:00:00,77627.31,77740.83,77627.31,77737.74,656.0,1400,0.0
2026-05-21 21:30:00,77735.0,77745.02,77565.68,77603.45,706.0,1400,0.0
2026-05-21 22:00:00,77606.39,77684.77,77512.87,77626.33,879.0,1400,0.0
2026-05-21 22:30:00,77626.2,77647.6,77475.04,77553.14,651.0,1400,0.0
2026-05-21 23:00:00,77554.39,77654.32,77448.67,77587.51,787.0,1400,0.0
2026-05-21 23:30:00,77584.07,77679.1,77523.33,77554.39,737.0,1400,0.0
2026-05-22 00:00:00,77554.83,77567.68,77329.09,77399.78,1029.0,1400,0.0
2026-05-22 00:30:00,77398.33,77496.06,77286.77,77309.0,992.0,1400,0.0
2026-05-22 01:00:00,77314.08,77465.41,77246.9,77384.48,965.0,1400,0.0
2026-05-22 01:30:00,77380.67,77595.26,77277.93,77544.31,844.0,1400,0.0
2026-05-22 02:00:00,77545.88,77663.01,77531.32,77589.12,876.0,1400,0.0
2026-05-22 02:30:00,77587.78,77637.22,77519.61,77592.39,748.0,1400,0.0
2026-05-22 03:00:00,77591.83,77726.75,77591.83,77721.21,689.0,1400,0.0
2026-05-22 03:30:00,77721.33,77741.97,77665.64,77708.55,641.0,1400,0.0
2026-05-22 04:00:00,77707.39,77830.04,77695.08,77731.75,700.0,1400,0.0
2026-05-22 04:30:00,77731.82,77734.37,77556.8,77574.77,650.0,1400,0.0
2026-05-22 05:00:00,77575.84,77653.05,77484.05,77526.22,657.0,1400,0.0
2026-05-22 05:30:00,77530.16,77596.57,77373.28,77413.74,749.0,1400,0.0
2026-05-22 06:00:00,77412.33,77452.93,77320.64,77372.35,928.0,1400,0.0
2026-05-22 06:30:00,77374.1,77433.34,77268.68,77344.74,833.0,1400,0.0
2026-05-22 07:00:00,77346.19,77447.63,77184.79,77430.95,847.0,1400,0.0
2026-05-22 07:30:00,77431.26,77468.4,77310.68,77320.29,727.0,1400,0.0
2026-05-22 08:00:00,77323.44,77459.61,77269.72,77403.8,927.0,1400,0.0
2026-05-22 08:30:00,77404.83,77418.36,77111.84,77188.35,1304.0,1400,0.0
2026-05-22 09:00:00,77189.44,77232.88,77109.47,77173.84,903.0,1400,0.0
2026-05-22 09:30:00,77170.99,77278.32,77110.72,77217.06,688.0,1400,0.0
2026-05-22 10:00:00,77210.91,77268.64,77166.87,77248.89,604.0,1400,0.0
2026-05-22 10:30:00,77251.2,77284.31,77181.19,77227.45,609.0,1400,0.0
2026-05-22 11:00:00,77232.53,77273.65,77083.46,77222.67,750.0,1400,0.0
2026-05-22 11:30:00,77224.73,77348.97,77197.47,77348.97,715.0,1400,0.0
2026-05-22 12:00:00,77348.01,77501.97,77295.0,77346.62,1105.0,1400,0.0
2026-05-22 12:30:00,77341.51,77451.92,77308.42,77438.0,683.0,1400,0.0
2026-05-22 13:00:00,77442.84,77474.88,77208.22,77208.22,932.0,1400,0.0
2026-05-22 13:30:00,77215.63,77282.58,77019.86,77203.88,2355.0,1400,0.0
2026-05-22 14:00:00,77201.04,77201.04,76682.92,76764.94,2348.0,1400,0.0
2026-05-22 14:30:00,76763.92,76771.38,76638.77,76673.59,1188.0,1400,0.0
2026-05-22 15:00:00,76672.31,76871.15,76471.87,76826.55,1600.0,1400,0.0
2026-05-22 15:30:00,76818.54,76932.96,76556.08,76696.23,1498.0,1400,0.0
2026-05-22 16:00:00,76688.27,76857.49,76661.09,76838.35,1265.0,1400,0.0
2026-05-22 16:30:00,76838.3,76915.91,76772.94,76861.49,960.0,1400,0.0
2026-05-22 17:00:00,76864.79,76990.3,76674.34,76960.96,1315.0,1400,0.0
2026-05-22 17:30:00,76969.65,77016.48,76655.27,76655.62,1272.0,1400,0.0
2026-05-22 18:00:00,76661.72,76814.21,76591.1,76718.45,990.0,1400,0.0
2026-05-22 18:30:00,76718.16,76734.88,75988.74,76440.5,2535.0,1400,0.0
2026-05-22 19:00:00,76440.51,76506.71,76087.35,76162.48,1963.0,1400,0.0
2026-05-22 19:30:00,76170.09,76183.12,75559.51,75780.9,3828.0,1400,0.0
2026-05-22 20:00:00,75780.49,75930.68,75736.32,75878.69,1248.0,1400,0.0
2026-05-22 20:30:00,75879.75,75998.3,75724.75,75891.38,1348.0,1400,0.0
2026-05-22 21:00:00,75893.44,75950.47,75858.44,75938.68,720.0,1400,0.0
2026-05-22 21:30:00,75938.76,75996.71,75837.64,75883.39,893.0,1400,0.0
2026-05-22 22:00:00,75884.36,75900.67,75656.99,75693.25,984.0,1400,0.0
2026-05-22 22:30:00,75695.86,75779.49,75447.14,75645.4,1076.0,1400,0.0
2026-05-22 23:00:00,75653.04,75793.41,75583.09,75583.18,749.0,1400,0.0
2026-05-22 23:30:00,75583.26,75721.91,75256.82,75453.56,1751.0,1400,0.0
2026-05-23 00:00:00,75456.84,75545.54,75302.28,75392.55,1598.0,1400,0.0
2026-05-23 00:30:00,75392.49,75401.71,75112.18,75267.59,1853.0,1400,0.0
2026-05-23 01:00:00,75272.74,75418.63,75272.7,75383.51,844.0,1400,0.0
2026-05-23 01:30:00,75376.68,75420.96,75256.18,75401.14,802.0,1400,0.0
2026-05-23 02:00:00,75409.65,75468.86,75325.19,75386.56,831.0,1400,0.0
2026-05-23 02:30:00,75389.15,75494.65,75367.38,75478.69,640.0,1400,0.0
2026-05-23 03:00:00,75474.72,75540.07,75459.78,75505.46,570.0,1400,0.0
2026-05-23 03:30:00,75503.92,75582.23,75503.92,75544.55,510.0,1400,0.0
2026-05-23 04:00:00,75540.07,75559.79,75465.78,75501.21,546.0,1400,0.0
2026-05-23 04:30:00,75505.7,75569.46,75415.19,75453.37,571.0,1400,0.0
2026-05-23 05:00:00,75453.74,75478.99,75390.97,75394.94,539.0,1400,0.0
2026-05-23 05:30:00,75394.93,75435.98,75376.49,75400.85,477.0,1400,0.0
2026-05-23 06:00:00,75402.41,75414.88,75350.07,75358.19,525.0,1400,0.0
2026-05-23 06:30:00,75359.88,75395.25,75287.47,75309.28,633.0,1400,0.0
2026-05-23 07:00:00,75312.02,75349.9,75109.9,75205.58,772.0,1400,0.0
2026-05-23 07:30:00,75204.5,75265.22,74153.81,74527.86,4188.0,1400,0.0
2026-05-23 08:00:00,74534.17,74672.7,74404.31,74530.09,1711.0,1400,0.0
2026-05-23 08:30:00,74530.67,74596.4,74254.82,74587.61,1254.0,1400,0.0
2026-05-23 09:00:00,74596.43,74614.99,74526.07,74607.51,673.0,1400,0.0
2026-05-23 09:30:00,74600.15,74683.81,74567.55,74582.45,691.0,1400,0.0
2026-05-23 10:00:00,74580.17,74673.69,74569.25,74648.52,549.0,1400,0.0
2026-05-23 10:30:00,74649.63,74706.84,74614.22,74627.9,620.0,1400,0.0
2026-05-23 11:00:00,74625.53,74787.25,74614.28,74760.7,596.0,1400,0.0
2026-05-23 11:30:00,74765.83,74772.68,74695.34,74702.45,486.0,1400,0.0
2026-05-23 12:00:00,74709.59,74717.97,74566.06,74651.07,672.0,1400,0.0
2026-05-23 12:30:00,74649.76,74694.2,74628.08,74668.21,607.0,1400,0.0
2026-05-23 13:00:00,74667.81,74966.71,74658.21,74896.83,1139.0,1400,0.0
2026-05-23 13:30:00,74901.84,75184.43,74786.99,75129.93,1274.0,1400,0.0
2026-05-23 14:00:00,75125.57,75266.28,75021.2,75234.24,867.0,1400,0.0
2026-05-23 14:30:00,75232.42,75623.62,75194.21,75434.95,1160.0,1400,0.0
2026-05-23 15:00:00,75437.67,75591.54,75387.0,75452.97,970.0,1400,0.0
2026-05-23 15:30:00,75451.65,75464.46,75305.49,75424.78,922.0,1400,0.0
2026-05-23 16:00:00,75425.0,75548.48,75313.28,75377.63,855.0,1400,0.0
2026-05-23 16:30:00,75377.55,75468.06,75320.07,75341.74,759.0,1400,0.0
2026-05-23 17:00:00,75353.56,75435.54,75315.68,75385.6,886.0,1400,0.0
2026-05-23 17:30:00,75378.43,75427.95,75265.23,75395.54,855.0,1400,0.0
2026-05-23 18:00:00,75398.11,75849.2,75367.64,75741.4,1628.0,1400,0.0
2026-05-23 18:30:00,75749.06,75933.79,75661.22,75747.92,1100.0,1400,0.0
2026-05-23 19:00:00,75747.84,75947.31,75684.22,75860.7,980.0,1400,0.0
2026-05-23 19:30:00,75860.79,75924.48,75786.86,75892.96,807.0,1400,0.0
2026-05-23 20:00:00,75886.59,76116.2,75848.14,75898.26,1056.0,1400,0.0
2026-05-23 20:30:00,75903.71,77218.94,75867.64,77178.65,5230.0,1400,0.0
2026-05-23 21:00:00,77172.96,77318.21,76639.68,76639.68,2909.0,1400,0.0
2026-05-23 21:30:00,76641.9,76832.03,76438.84,76708.05,2069.0,1400,0.0
2026-05-23 22:00:00,76718.28,76805.33,76433.87,76446.19,1107.0,1400,0.0
2026-05-23 22:30:00,76452.79,76519.73,76286.49,76475.17,1168.0,1400,0.0
2026-05-23 23:00:00,76475.08,76700.34,76430.68,76538.74,949.0,1400,0.0
2026-05-23 23:30:00,76542.52,76734.57,76537.45,76637.43,881.0,1400,0.0
2026-05-24 00:00:00,76656.93,76702.41,76520.54,76592.09,836.0,1400,0.0
2026-05-24 00:30:00,76590.61,76853.25,76578.5,76738.04,873.0,1400,0.0
2026-05-24 01:00:00,76745.56,76828.79,76644.78,76793.49,877.0,1400,0.0
2026-05-24 01:30:00,76794.34,76830.68,76688.29,76791.57,765.0,1400,0.0
2026-05-24 02:00:00,76787.82,76866.48,76589.97,76647.45,715.0,1400,0.0
2026-05-24 02:30:00,76651.71,76761.28,76651.07,76720.86,644.0,1400,0.0
2026-05-24 03:00:00,76715.53,76908.62,76684.87,76801.8,859.0,1400,0.0
2026-05-24 03:30:00,76808.45,76811.88,76597.12,76639.13,718.0,1400,0.0
2026-05-24 04:00:00,76642.64,76763.19,76642.64,76650.41,679.0,1400,0.0
2026-05-24 04:30:00,76660.08,76715.71,76620.52,76684.06,537.0,1400,0.0
2026-05-24 05:00:00,76680.94,76685.63,76559.13,76603.28,620.0,1400,0.0
2026-05-24 05:30:00,76610.28,76770.49,76540.08,76714.55,706.0,1400,0.0
2026-05-24 06:00:00,76713.45,76773.44,76623.01,76640.34,608.0,1400,0.0
2026-05-24 06:30:00,76637.49,76981.01,76628.0,76889.08,902.0,1400,0.0
2026-05-24 07:00:00,76888.99,76927.18,76759.4,76810.72,771.0,1400,0.0
2026-05-24 07:30:00,76810.79,76817.57,76680.79,76716.74,680.0,1400,0.0
2026-05-24 08:00:00,76712.78,76754.56,76623.98,76716.78,563.0,1400,0.0
2026-05-24 08:30:00,76713.77,76758.81,76683.88,76721.04,608.0,1400,0.0
2026-05-24 09:00:00,76722.03,76887.39,76708.16,76846.13,854.0,1400,0.0
2026-05-24 09:30:00,76854.65,76955.82,76805.27,76922.46,684.0,1400,0.0
2026-05-24 10:00:00,76922.86,77529.05,76815.86,77122.59,1399.0,1400,0.0
2026-05-24 10:30:00,77124.9,77136.6,76984.33,77084.1,1123.0,1400,0.0
2026-05-24 11:00:00,77079.41,77257.36,77078.08,77182.28,1005.0,1400,0.0
2026-05-24 11:30:00,77182.96,77224.68,77109.14,77218.07,798.0,1400,0.0
2026-05-24 12:00:00,77217.99,77225.87,76932.67,76972.17,898.0,1400,0.0
2026-05-24 12:30:00,76971.36,77032.16,76928.43,77014.27,737.0,1400,0.0
2026-05-24 13:00:00,77017.83,77030.1,76853.93,76874.56,820.0,1400,0.0
2026-05-24 13:30:00,76871.85,76926.4,76581.78,76694.21,1451.0,1400,0.0
2026-05-24 14:00:00,76695.92,76751.55,76091.91,76317.44,2893.0,1400,0.0
2026-05-24 14:30:00,76320.75,76452.08,76268.28,76363.78,1246.0,1400,0.0
2026-05-24 15:00:00,76360.64,76450.44,76301.09,76348.93,996.0,1400,0.0
2026-05-24 15:30:00,76349.93,76409.57,76241.04,76282.91,786.0,1400,0.0
2026-05-24 16:00:00,76285.08,76658.71,76266.2,76487.96,1377.0,1400,0.0
2026-05-24 16:30:00,76500.22,76613.04,76333.18,76574.0,974.0,1400,0.0
2026-05-24 17:00:00,76579.85,76649.05,76458.65,76510.91,913.0,1400,0.0
2026-05-24 17:30:00,76519.82,76713.6,76480.43,76596.81,893.0,1400,0.0
2026-05-24 18:00:00,76593.08,76689.33,76522.06,76584.38,896.0,1400,0.0
2026-05-24 18:30:00,76588.55,76614.88,76476.61,76555.69,840.0,1400,0.0
2026-05-24 19:00:00,76555.18,76661.21,76508.39,76562.33,908.0,1400,0.0
2026-05-24 19:30:00,76562.22,76686.38,76537.0,76667.11,696.0,1400,0.0
2026-05-24 20:00:00,76667.69,76708.08,76493.26,76578.39,946.0,1400,0.0
2026-05-24 20:30:00,76579.66,76624.78,76520.25,76560.18,967.0,1400,0.0
2026-05-24 21:00:00,76564.43,76653.28,76364.22,76436.36,804.0,1400,0.0
2026-05-24 21:30:00,76437.2,76480.61,75993.02,76046.34,2013.0,1400,0.0
2026-05-24 22:00:00,76047.78,76930.23,76025.03,76755.48,3183.0,1400,0.0
2026-05-24 22:30:00,76754.24,76908.76,76564.01,76715.84,1545.0,1400,0.0
2026-05-24 23:00:00,76716.17,76933.03,76709.0,76763.83,1332.0,1400,0.0
2026-05-24 23:30:00,76762.66,77130.01,76751.97,76981.93,1711.0,1400,0.0
2026-05-25 00:00:00,76983.33,77179.14,76974.7,77117.18,1499.0,1400,0.0
2026-05-25 00:30:00,77117.77,77201.1,76987.32,77057.73,1257.0,1400,0.0
2026-05-25 01:00:00,77060.31,77156.03,76907.5,77088.1,1203.0,1400,0.0
2026-05-25 01:30:00,77085.2,77127.95,76821.32,76857.89,1016.0,1400,0.0
2026-05-25 02:00:00,76860.52,77400.5,76860.52,77048.81,1690.0,1400,0.0
2026-05-25 02:30:00,77051.74,77096.84,76964.86,77015.42,1013.0,1400,0.0
2026-05-25 03:00:00,77013.37,77077.13,76960.26,76992.11,1070.0,1400,0.0
2026-05-25 03:30:00,76995.83,77026.19,76897.58,76929.17,758.0,1400,0.0
2026-05-25 04:00:00,76929.13,77083.82,76884.1,77077.55,870.0,1400,0.0
2026-05-25 04:30:00,77079.54,77356.8,77029.62,77297.3,934.0,1400,0.0
2026-05-25 05:00:00,77297.28,77397.59,77215.98,77287.63,926.0,1400,0.0
2026-05-25 05:30:00,77292.09,77410.59,77284.64,77315.89,773.0,1400,0.0
2026-05-25 06:00:00,77318.73,77587.39,77119.86,77183.66,1218.0,1400,0.0
2026-05-25 06:30:00,77181.3,77447.23,77177.47,77337.05,851.0,1400,0.0
2026-05-25 07:00:00,77341.26,77437.15,77075.43,77121.14,1085.0,1400,0.0
2026-05-25 07:30:00,77121.15,77313.42,77106.09,77311.3,842.0,1400,0.0
2026-05-25 08:00:00,77308.83,77335.17,77183.29,77217.89,819.0,1400,0.0
2026-05-25 08:30:00,77222.72,77380.7,77213.38,77364.7,669.0,1400,0.0
2026-05-25 09:00:00,77363.59,77453.95,77323.39,77421.01,731.0,1400,0.0
2026-05-25 09:30:00,77422.39,77626.79,77414.35,77515.01,1001.0,1400,0.0
2026-05-25 10:00:00,77508.38,77605.91,77426.35,77460.47,769.0,1400,0.0
2026-05-25 10:30:00,77457.88,77514.07,77401.34,77461.83,579.0,1400,0.0
2026-05-25 11:00:00,77462.85,77462.85,77314.55,77337.06,624.0,1400,0.0
2026-05-25 11:30:00,77339.81,77446.86,77235.93,77282.23,852.0,1400,0.0
2026-05-25 12:00:00,77281.68,77346.15,77206.49,77325.31,886.0,1400,0.0
2026-05-25 12:30:00,77326.36,77366.43,77209.94,77284.89,850.0,1400,0.0
2026-05-25 13:00:00,77286.61,77383.36,77193.65,77258.7,795.0,1400,0.0
2026-05-25 13:30:00,77265.44,77284.69,77205.5,77258.42,809.0,1400,0.0
2026-05-25 14:00:00,77258.44,77544.89,77231.6,77530.73,1196.0,1400,0.0
2026-05-25 14:30:00,77530.35,77706.15,77458.51,77634.19,973.0,1400,0.0
2026-05-25 15:00:00,77637.76,77847.75,77516.8,77525.4,1516.0,1400,0.0
2026-05-25 15:30:00,77524.08,77608.16,77473.29,77543.32,782.0,1400,0.0
2026-05-25 16:00:00,77543.07,77571.98,77434.75,77516.95,806.0,1400,0.0
2026-05-25 16:30:00,77515.17,77751.69,77499.07,77652.67,880.0,1400,0.0
2026-05-25 17:00:00,77653.29,77733.31,77515.94,77590.49,968.0,1400,0.0
2026-05-25 17:30:00,77592.45,77592.45,77464.82,77486.74,667.0,1400,0.0
2026-05-25 18:00:00,77486.5,77590.6,77459.86,77575.05,589.0,1400,0.0
2026-05-25 18:30:00,77576.31,77576.31,77476.44,77483.45,623.0,1400,0.0
2026-05-25 19:00:00,77488.85,77492.5,77342.57,77449.83,691.0,1400,0.0
2026-05-25 19:30:00,77447.91,77458.65,77268.61,77359.26,746.0,1400,0.0
2026-05-25 20:00:00,77354.33,77437.32,77334.19,77362.32,637.0,1400,0.0
2026-05-25 20:30:00,77358.54,77403.37,77136.08,77203.81,942.0,1400,0.0
2026-05-25 21:00:00,77216.37,77301.85,77193.53,77269.43,617.0,1400,0.0
2026-05-25 21:30:00,77269.53,77327.89,77204.4,77306.01,787.0,1400,0.0
2026-05-25 22:00:00,77308.46,77385.97,77191.05,77217.95,1056.0,1400,0.0
2026-05-25 22:30:00,77214.57,77214.57,76973.56,77045.81,1251.0,1400,0.0
2026-05-25 23:00:00,77044.37,77258.92,77000.1,77216.68,923.0,1400,0.0
2026-05-25 23:30:00,77208.65,77305.2,77177.15,77242.51,646.0,1400,0.0
2026-05-26 00:00:00,77243.33,77281.1,77003.28,77049.34,1184.0,1400,0.0
2026-05-26 00:30:00,77050.04,77126.09,76493.13,76712.75,1946.0,1400,0.0
2026-05-26 01:00:00,76707.55,76815.79,76535.88,76717.0,1415.0,1400,0.0
2026-05-26 01:30:00,76716.92,76723.23,76496.73,76671.4,1216.0,1400,0.0
2026-05-26 02:00:00,76686.76,76752.65,76546.76,76597.39,1120.0,1400,0.0
2026-05-26 02:30:00,76599.23,76653.88,76422.38,76590.07,1013.0,1400,0.0
2026-05-26 03:00:00,76587.18,76592.17,76381.64,76500.8,1007.0,1400,0.0
2026-05-26 03:30:00,76501.76,76636.89,76474.26,76581.49,737.0,1400,0.0
2026-05-26 04:00:00,76586.01,76684.58,76521.02,76640.36,760.0,1400,0.0
2026-05-26 04:30:00,76641.4,76743.78,76641.4,76659.11,635.0,1400,0.0
2026-05-26 05:00:00,76659.03,76810.15,76617.47,76775.95,676.0,1400,0.0
2026-05-26 05:30:00,76774.25,76904.52,76759.29,76831.77,709.0,1400,0.0
2026-05-26 06:00:00,76829.69,76835.88,76683.41,76757.48,797.0,1400,0.0
2026-05-26 06:30:00,76763.45,76983.57,76742.28,76830.84,857.0,1400,0.0
2026-05-26 07:00:00,76830.43,76847.33,76503.28,76619.65,986.0,1400,0.0
2026-05-26 07:30:00,76619.2,76673.26,76506.02,76622.69,755.0,1400,0.0
2026-05-26 08:00:00,76633.92,76730.56,76590.28,76718.3,695.0,1400,0.0
2026-05-26 08:30:00,76716.72,76763.49,76622.04,76639.3,672.0,1400,0.0
2026-05-26 09:00:00,76634.43,76729.75,76552.52,76642.27,829.0,1400,0.0
2026-05-26 09:30:00,76641.27,76700.03,76549.57,76586.98,680.0,1400,0.0
2026-05-26 10:00:00,76586.87,77183.84,76476.8,77136.04,1563.0,1400,0.0
2026-05-26 10:30:00,77131.7,77543.24,77071.57,77335.77,2585.0,1400,0.0
2026-05-26 11:00:00,77336.82,77426.73,77115.73,77144.37,1189.0,1400,0.0
2026-05-26 11:30:00,77144.41,77238.32,77078.43,77101.67,965.0,1400,0.0
2026-05-26 12:00:00,77101.16,77151.78,76791.88,76933.88,1313.0,1400,0.0
2026-05-26 12:30:00,76936.21,77070.3,76874.58,77049.31,912.0,1400,0.0
2026-05-26 13:00:00,77051.19,77073.33,76686.14,76709.56,1062.0,1400,0.0
2026-05-26 13:30:00,76706.26,77376.15,76576.87,77141.32,3005.0,1400,0.0
2026-05-26 14:00:00,77144.13,78000.96,77041.95,77867.66,3161.0,1400,0.0
2026-05-26 14:30:00,77872.26,77923.13,76622.73,76819.79,4327.0,1400,0.0
2026-05-26 15:00:00,76809.95,76923.58,76445.88,76559.04,2560.0,1400,0.0
2026-05-26 15:30:00,76559.8,76611.45,76164.4,76398.88,3059.0,1400,0.0
2026-05-26 16:00:00,76406.55,76461.97,76093.88,76427.56,2082.0,1400,0.0
2026-05-26 16:30:00,76427.71,76610.06,76290.81,76462.26,1618.0,1400,0.0
2026-05-26 17:00:00,76454.7,76545.78,75945.23,75954.55,1823.0,1400,0.0
2026-05-26 17:30:00,75950.98,76046.18,75732.78,75822.61,2251.0,1400,0.0
2026-05-26 18:00:00,75827.67,76174.09,75737.09,75976.58,1525.0,1400,0.0
2026-05-26 18:30:00,75976.4,76022.56,75631.31,75722.02,1160.0,1400,0.0
2026-05-26 19:00:00,75723.28,75812.31,75673.73,75785.21,1100.0,1400,0.0
2026-05-26 19:30:00,75785.0,75971.59,75741.69,75916.74,1001.0,1400,0.0
2026-05-26 20:00:00,75921.84,76052.47,75883.23,76052.47,924.0,1400,0.0
2026-05-26 20:30:00,76049.75,76074.03,75872.28,76007.82,884.0,1400,0.0
2026-05-26 21:00:00,76007.52,76015.8,75734.11,75935.41,756.0,1400,0.0
2026-05-26 21:30:00,75935.49,75980.18,75756.49,75794.29,734.0,1400,0.0
2026-05-26 22:00:00,75795.25,75900.33,75622.31,75686.92,1160.0,1400,0.0
2026-05-26 22:30:00,75684.42,75758.15,75550.38,75633.26,966.0,1400,0.0
2026-05-26 23:00:00,75633.45,75841.15,75633.45,75797.44,1005.0,1400,0.0
2026-05-26 23:30:00,75797.34,75884.41,75768.08,75822.51,730.0,1400,0.0
2026-05-27 00:00:00,75822.6,75905.93,75760.17,75809.44,923.0,1400,0.0
2026-05-27 00:30:00,75811.39,75983.26,75781.82,75966.0,895.0,1400,0.0
2026-05-27 01:00:00,75971.0,76003.51,75702.0,75762.74,934.0,1400,0.0
2026-05-27 01:30:00,75769.33,75870.34,75722.84,75762.2,961.0,1400,0.0
2026-05-27 02:00:00,75764.15,75791.38,75564.65,75646.13,974.0,1400,0.0
2026-05-27 02:30:00,75649.24,75762.35,75577.63,75757.88,824.0,1400,0.0
2026-05-27 03:00:00,75753.94,75844.54,75685.86,75730.81,874.0,1400,0.0
2026-05-27 03:30:00,75730.9,75752.78,75465.22,75544.38,946.0,1400,0.0
2026-05-27 04:00:00,75542.95,75589.43,75368.1,75378.81,874.0,1400,0.0
2026-05-27 04:30:00,75377.39,75484.57,75183.36,75437.99,1287.0,1400,0.0
2026-05-27 05:00:00,75440.04,75593.84,75440.04,75540.45,862.0,1400,0.0
2026-05-27 05:30:00,75537.55,75624.95,75458.27,75588.49,885.0,1400,0.0
2026-05-27 06:00:00,75587.16,75681.88,75554.81,75607.68,871.0,1400,0.0
2026-05-27 06:30:00,75606.71,75781.64,75599.28,75711.63,749.0,1400,0.0
2026-05-27 07:00:00,75711.13,75767.31,75631.44,75743.79,779.0,1400,0.0
2026-05-27 07:30:00,75744.33,75856.54,75716.59,75845.82,781.0,1400,0.0
2026-05-27 08:00:00,75837.91,75957.45,75764.19,75922.02,826.0,1400,0.0
2026-05-27 08:30:00,75921.29,75934.87,75713.92,75756.58,765.0,1400,0.0
2026-05-27 09:00:00,75752.28,75767.79,75579.28,75705.15,878.0,1400,0.0
2026-05-27 09:30:00,75706.01,75858.93,75678.36,75789.78,672.0,1400,0.0
2026-05-27 10:00:00,75798.57,75921.7,75744.5,75865.19,735.0,1400,0.0
2026-05-27 10:30:00,75864.58,75904.89,75738.38,75778.34,792.0,1400,0.0
2026-05-27 11:00:00,75777.64,75908.33,75753.16,75787.93,796.0,1400,0.0
2026-05-27 11:30:00,75791.82,75791.82,75622.07,75646.76,874.0,1400,0.0
2026-05-27 12:00:00,75648.57,76057.33,75432.81,75815.41,2122.0,1400,0.0
2026-05-27 12:30:00,75819.94,75881.4,75555.87,75569.4,1338.0,1400,0.0
2026-05-27 13:00:00,75562.9,75645.81,75047.04,75063.72,1953.0,1400,0.0
2026-05-27 13:30:00,75060.49,75195.33,74729.55,74937.95,4029.0,1400,0.0
2026-05-27 14:00:00,74939.14,75135.7,74625.62,74751.08,2857.0,1400,0.0
2026-05-27 14:30:00,74745.99,75036.92,74680.17,74893.03,2187.0,1400,0.0
2026-05-27 15:00:00,74895.52,75284.32,74837.62,75223.48,1856.0,1400,0.0
2026-05-27 15:30:00,75224.94,75391.86,75021.87,75199.2,1880.0,1400,0.0
2026-05-27 16:00:00,75201.81,75279.85,74901.26,74963.05,1576.0,1400,0.0
2026-05-27 16:30:00,74960.55,75200.42,74858.0,75169.38,1268.0,1400,0.0
2026-05-27 17:00:00,75171.47,75221.72,74760.37,74864.39,1715.0,1400,0.0
2026-05-27 17:30:00,74869.24,74908.79,74536.78,74728.68,1763.0,1400,0.0
2026-05-27 18:00:00,74728.06,74804.06,74513.63,74755.62,1772.0,1400,0.0
2026-05-27 18:30:00,74751.11,74890.17,74732.15,74888.11,1100.0,1400,0.0
2026-05-27 19:00:00,74885.18,74945.57,74810.21,74897.93,1046.0,1400,0.0
2026-05-27 19:30:00,74895.43,74962.73,74790.67,74921.74,1112.0,1400,0.0
2026-05-27 20:00:00,74921.83,75285.83,74901.01,75130.76,1105.0,1400,0.0
2026-05-27 20:30:00,75131.61,75158.89,75073.21,75126.12,658.0,1400,0.0
2026-05-27 21:00:00,75126.04,75131.94,74958.22,74958.22,885.0,1400,0.0
2026-05-27 21:30:00,74962.79,74979.56,74221.4,74366.31,3504.0,1400,0.0
2026-05-27 22:00:00,74368.98,74654.28,74138.38,74477.75,2844.0,1400,0.0
2026-05-27 22:30:00,74479.33,74549.62,74291.39,74314.0,1196.0,1400,0.0
2026-05-27 23:00:00,74314.69,74452.33,74113.98,74184.8,1366.0,1400,0.0
2026-05-27 23:30:00,74190.8,74372.76,74135.4,74322.87,1082.0,1400,0.0
2026-05-28 00:00:00,74317.44,74461.11,74233.37,74346.68,1386.0,1400,0.0
2026-05-28 00:30:00,74347.88,74451.42,74311.2,74433.19,1056.0,1400,0.0
2026-05-28 01:00:00,74436.12,74464.24,74010.96,74160.23,1830.0,1400,0.0
2026-05-28 01:30:00,74156.68,74281.01,74031.96,74219.25,1659.0,1400,0.0
2026-05-28 02:00:00,74219.62,74282.36,74041.96,74074.67,1355.0,1400,0.0
2026-05-28 02:30:00,74074.59,74230.16,73979.78,74161.09,1286.0,1400,0.0
2026-05-28 03:00:00,74168.82,74254.36,73356.78,73626.6,3343.0,1400,0.0
2026-05-28 03:30:00,73629.0,73674.17,72951.58,73138.3,3447.0,1400,0.0
2026-05-28 04:00:00,73138.24,73141.9,72582.5,72888.43,3514.0,1400,0.0
2026-05-28 04:30:00,72858.58,73088.16,72825.75,73050.41,1259.0,1400,0.0
2026-05-28 05:00:00,73055.72,73055.72,72792.78,72832.89,1203.0,1400,0.0
2026-05-28 05:30:00,72841.32,72959.05,72777.98,72873.92,1249.0,1400,0.0
2026-05-28 06:00:00,72873.76,72908.28,72736.27,72805.21,1038.0,1400,0.0
2026-05-28 06:30:00,72805.37,73090.53,72631.44,73077.64,1210.0,1400,0.0
2026-05-28 07:00:00,73081.72,73217.21,73012.81,73125.97,1037.0,1400,0.0
2026-05-28 07:30:00,73127.1,73383.06,73127.1,73355.92,993.0,1400,0.0
2026-05-28 08:00:00,73354.72,73373.12,73086.28,73139.67,975.0,1400,0.0
2026-05-28 08:30:00,73135.43,73258.03,73060.93,73196.22,945.0,1400,0.0
2026-05-28 09:00:00,73195.35,73293.03,73125.54,73268.94,877.0,1400,0.0
2026-05-28 09:30:00,73275.12,73442.15,73225.27,73406.92,838.0,1400,0.0
2026-05-28 10:00:00,73406.84,73502.92,73213.68,73301.97,910.0,1400,0.0
2026-05-28 10:30:00,73302.6,73475.39,73239.46,73265.02,830.0,1400,0.0
2026-05-28 11:00:00,73263.82,73340.6,73201.07,73233.61,961.0,1400,0.0
2026-05-28 11:30:00,73232.08,73410.66,73178.24,73379.63,770.0,1400,0.0
2026-05-28 12:00:00,73381.15,73398.37,73115.85,73245.92,917.0,1400,0.0
2026-05-28 12:30:00,73264.82,73458.64,73226.22,73400.19,1185.0,1400,0.0
2026-05-28 13:00:00,73398.36,73458.21,72842.1,73040.12,1390.0,1400,0.0
2026-05-28 13:30:00,73031.82,73047.24,72629.48,72883.76,2763.0,1400,0.0
2026-05-28 14:00:00,72884.74,73450.64,72446.29,72845.42,5312.0,1400,0.0
2026-05-28 14:30:00,72845.25,72931.74,72554.92,72895.63,2787.0,1400,0.0
2026-05-28 15:00:00,72902.12,73062.38,72555.75,72834.25,2176.0,1400,0.0
2026-05-28 15:30:00,72833.07,72930.66,72694.5,72799.29,1537.0,1400,0.0
2026-05-28 16:00:00,72797.0,73174.42,72590.3,73013.32,2077.0,1400,0.0
2026-05-28 16:30:00,73017.25,73321.32,73005.68,73318.23,1536.0,1400,0.0
2026-05-28 17:00:00,73327.76,73385.97,73179.8,73247.45,1474.0,1400,0.0
2026-05-28 17:30:00,73250.72,73639.02,73212.42,73440.18,1310.0,1400,0.0
2026-05-28 18:00:00,73439.94,73644.31,73388.21,73466.84,1267.0,1400,0.0
2026-05-28 18:30:00,73473.79,73620.89,73444.39,73533.0,1050.0,1400,0.0
2026-05-28 19:00:00,73534.01,73534.01,73288.62,73444.49,920.0,1400,0.0
2026-05-28 19:30:00,73441.27,73486.73,73251.43,73303.67,1096.0,1400,0.0
2026-05-28 20:00:00,73300.92,73561.94,73122.53,73530.31,1284.0,1400,0.0
2026-05-28 20:30:00,73530.43,73616.22,73461.65,73466.89,787.0,1400,0.0
2026-05-28 21:00:00,73471.28,73661.5,73449.83,73592.79,740.0,1400,0.0
2026-05-28 21:30:00,73593.24,73816.46,73576.11,73717.97,1074.0,1400,0.0
2026-05-28 22:00:00,73714.58,73859.1,73494.68,73506.12,973.0,1400,0.0
2026-05-28 22:30:00,73503.86,73520.79,73337.1,73378.62,662.0,1400,0.0
2026-05-28 23:00:00,73378.52,73596.65,73376.58,73579.67,679.0,1400,0.0
2026-05-28 23:30:00,73581.13,73613.98,73417.13,73510.53,669.0,1400,0.0
2026-05-29 00:00:00,73515.88,73759.15,73514.23,73678.18,1216.0,1400,0.0
2026-05-29 00:30:00,73673.73,73759.26,73572.8,73626.6,801.0,1400,0.0
2026-05-29 01:00:00,73631.36,73771.07,73458.66,73493.1,1065.0,1400,0.0
2026-05-29 01:30:00,73493.15,73529.94,73349.91,73481.95,994.0,1400,0.0
2026-05-29 02:00:00,73479.15,73545.42,73249.99,73287.59,1000.0,1400,0.0
2026-05-29 02:30:00,73285.53,73388.54,73075.65,73123.94,991.0,1400,0.0
2026-05-29 03:00:00,73125.86,73356.03,73125.86,73279.7,857.0,1400,0.0
2026-05-29 03:30:00,73279.78,73336.94,73156.16,73199.53,806.0,1400,0.0
2026-05-29 04:00:00,73199.46,73280.95,73090.92,73258.55,842.0,1400,0.0
2026-05-29 04:30:00,73257.46,73410.02,73235.05,73394.99,785.0,1400,0.0
2026-05-29 05:00:00,73394.53,73539.97,73376.49,73472.45,874.0,1400,0.0
2026-05-29 05:30:00,73467.42,73625.35,73384.97,73593.0,867.0,1400,0.0
2026-05-29 06:00:00,73594.99,73842.88,73526.98,73657.85,967.0,1400,0.0
2026-05-29 06:30:00,73656.98,73718.71,73569.35,73686.43,611.0,1400,0.0
2026-05-29 07:00:00,73687.55,73726.87,73633.95,73665.46,660.0,1400,0.0
2026-05-29 07:30:00,73665.51,73665.51,73266.89,73431.29,1106.0,1400,0.0
2026-05-29 08:00:00,73421.86,73739.07,73407.31,73670.85,1089.0,1400,0.0
2026-05-29 08:30:00,73671.08,73733.52,73531.56,73562.86,778.0,1400,0.0
2026-05-29 09:00:00,73562.79,73802.29,73540.45,73771.85,821.0,1400,0.0
2026-05-29 09:30:00,73771.77,73785.48,73608.12,73647.42,700.0,1400,0.0
2026-05-29 10:00:00,73647.24,73647.48,73511.13,73537.64,609.0,1400,0.0
2026-05-29 10:30:00,73537.54,73645.34,73481.25,73528.56,709.0,1400,0.0
2026-05-29 11:00:00,73526.5,73600.86,73447.97,73466.29,667.0,1400,0.0
2026-05-29 11:30:00,73466.96,73489.45,73235.36,73379.91,931.0,1400,0.0
2026-05-29 12:00:00,73381.39,73381.39,73196.99,73228.94,880.0,1400,0.0
2026-05-29 12:30:00,73226.35,73280.44,73092.43,73189.45,1073.0,1400,0.0
2026-05-29 13:00:00,73189.38,73201.78,72850.91,72970.74,1357.0,1400,0.0
2026-05-29 13:30:00,72970.24,73234.52,72787.01,73038.65,2623.0,1400,0.0
2026-05-29 14:00:00,73041.5,73100.38,72377.72,72607.68,2979.0,1400,0.0
2026-05-29 14:30:00,72607.61,73124.06,72442.78,72976.15,3454.0,1400,0.0
2026-05-29 15:00:00,72979.16,73657.91,72876.62,73543.64,3555.0,1400,0.0
2026-05-29 15:30:00,73540.23,74104.03,73537.81,73699.62,3762.0,1400,0.0
2026-05-29 16:00:00,73700.85,73919.35,73452.07,73529.32,2030.0,1400,0.0
2026-05-29 16:30:00,73529.99,74024.47,73526.84,73951.9,2250.0,1400,0.0
2026-05-29 17:00:00,73960.83,74227.81,73816.13,74117.68,1817.0,1400,0.0
2026-05-29 17:30:00,74122.51,74219.79,73794.43,73858.41,1478.0,1400,0.0
2026-05-29 18:00:00,73868.62,73962.87,73610.47,73680.41,1652.0,1400,0.0
2026-05-29 18:30:00,73683.27,73751.07,73062.55,73271.81,1919.0,1400,0.0
2026-05-29 19:00:00,73269.87,73408.97,73124.3,73238.18,1230.0,1400,0.0
2026-05-29 19:30:00,73241.71,73629.81,73239.32,73408.95,1487.0,1400,0.0
2026-05-29 20:00:00,73407.11,73650.16,73402.37,73598.53,1121.0,1400,0.0
2026-05-29 20:30:00,73598.55,73669.3,73516.31,73584.66,849.0,1400,0.0
2026-05-29 21:00:00,73580.6,73757.06,73429.69,73429.69,898.0,1400,0.0
2026-05-29 21:30:00,73423.6,73521.21,73286.14,73315.05,861.0,1400,0.0
2026-05-29 22:00:00,73314.96,73471.77,73261.95,73408.85,782.0,1400,0.0
2026-05-29 22:30:00,73411.93,73458.12,73304.56,73375.81,762.0,1400,0.0
2026-05-29 23:00:00,73369.44,73417.76,73209.06,73281.39,897.0,1400,0.0
2026-05-29 23:30:00,73281.31,73401.88,73212.4,73363.88,579.0,1400,0.0
2026-05-30 00:00:00,73373.48,73447.54,73318.32,73363.15,793.0,1400,0.0
2026-05-30 00:30:00,73357.65,73478.83,73297.3,73402.82,773.0,1400,0.0
2026-05-30 01:00:00,73403.01,73558.97,73360.69,73525.85,660.0,1400,0.0
2026-05-30 01:30:00,73522.19,73572.38,73478.83,73559.8,582.0,1400,0.0
2026-05-30 02:00:00,73554.5,73611.75,73505.72,73527.88,545.0,1400,0.0
2026-05-30 02:30:00,73527.68,73686.64,73523.0,73681.28,538.0,1400,0.0
2026-05-30 03:00:00,73682.26,73698.16,73557.88,73557.88,619.0,1400,0.0
2026-05-30 03:30:00,73563.13,73566.64,73413.82,73425.0,630.0,1400,0.0
2026-05-30 04:00:00,73425.34,73485.34,73188.58,73245.6,873.0,1400,0.0
2026-05-30 04:30:00,73243.63,73306.83,73081.22,73300.11,989.0,1400,0.0
2026-05-30 05:00:00,73304.27,73533.55,73243.58,73418.48,894.0,1400,0.0
2026-05-30 05:30:00,73420.09,73538.56,73416.39,73495.15,641.0,1400,0.0
2026-05-30 06:00:00,73497.93,73531.08,73420.63,73512.96,611.0,1400,0.0
2026-05-30 06:30:00,73514.58,73623.02,73451.56,73487.14,643.0,1400,0.0
2026-05-30 07:00:00,73485.98,73502.56,73426.5,73463.57,493.0,1400,0.0
2026-05-30 07:30:00,73458.6,73486.49,73376.15,73449.87,545.0,1400,0.0
2026-05-30 08:00:00,73445.52,73469.93,73404.68,73447.16,553.0,1400,0.0
2026-05-30 08:30:00,73455.09,73464.18,73391.42,73427.8,450.0,1400,0.0
2026-05-30 09:00:00,73416.87,73490.1,73398.69,73458.63,464.0,1400,0.0
2026-05-30 09:30:00,73466.09,73518.92,73438.68,73506.32,473.0,1400,0.0
2026-05-30 10:00:00,73506.75,73581.65,73484.69,73529.18,615.0,1400,0.0
2026-05-30 10:30:00,73523.34,73559.32,73495.73,73541.5,524.0,1400,0.0
2026-05-30 11:00:00,73542.34,73554.14,73452.29,73483.87,522.0,1400,0.0
2026-05-30 11:30:00,73481.68,73532.18,73468.6,73497.1,419.0,1400,0.0
2026-05-30 12:00:00,73502.17,73580.0,73480.06,73554.9,471.0,1400,0.0
2026-05-30 12:30:00,73536.0,73631.38,73536.0,73586.35,502.0,1400,0.0
2026-05-30 13:00:00,73592.79,73745.37,73580.92,73667.49,573.0,1400,0.0
2026-05-30 13:30:00,73656.31,73732.1,73560.95,73726.09,623.0,1400,0.0
2026-05-30 14:00:00,73720.15,73954.87,73694.75,73928.26,1011.0,1400,0.0
2026-05-30 14:30:00,73938.4,74006.65,73802.42,73826.32,961.0,1400,0.0
2026-05-30 15:00:00,73823.01,73938.14,73719.97,73820.97,868.0,1400,0.0
2026-05-30 15:30:00,73821.22,73865.31,73716.73,73806.82,663.0,1400,0.0
2026-05-30 16:00:00,73810.07,73873.89,73763.48,73804.12,620.0,1400,0.0
2026-05-30 16:30:00,73799.08,73876.09,73783.0,73829.44,555.0,1400,0.0
2026-05-30 17:00:00,73824.2,73922.56,73757.6,73827.46,615.0,1400,0.0
2026-05-30 17:30:00,73829.22,73907.75,73692.72,73902.76,686.0,1400,0.0
2026-05-30 18:00:00,73897.25,74001.36,73814.51,73866.62,603.0,1400,0.0
2026-05-30 18:30:00,73866.51,74036.67,73836.41,73929.1,641.0,1400,0.0
2026-05-30 19:00:00,73931.32,73954.0,73867.66,73883.6,575.0,1400,0.0
2026-05-30 19:30:00,73885.12,73960.89,73846.76,73901.62,586.0,1400,0.0
2026-05-30 20:00:00,73895.68,73907.99,73810.73,73846.07,528.0,1400,0.0
2026-05-30 20:30:00,73848.07,73875.43,73801.97,73863.61,633.0,1400,0.0
2026-05-30 21:00:00,73866.57,73900.78,73844.22,73877.46,515.0,1400,0.0
2026-05-30 21:30:00,73872.49,73953.31,73815.71,73881.18,643.0,1400,0.0
2026-05-30 22:00:00,73873.16,73873.16,73714.93,73791.85,766.0,1400,0.0
2026-05-30 22:30:00,73785.95,73792.24,73669.63,73764.24,603.0,1400,0.0
2026-05-30 23:00:00,73772.54,73894.55,73706.54,73749.43,657.0,1400,0.0
2026-05-30 23:30:00,73734.22,73777.74,73670.96,73777.74,564.0,1400,0.0
2026-05-31 00:00:00,73776.15,73929.55,73733.7,73856.83,700.0,1400,0.0
2026-05-31 00:30:00,73861.11,73932.39,73807.0,73910.23,574.0,1400,0.0
2026-05-31 01:00:00,73912.2,74171.98,73897.59,73992.13,887.0,1400,0.0
2026-05-31 01:30:00,73981.04,74115.31,73935.14,73943.77,718.0,1400,0.0
2026-05-31 02:00:00,73944.91,74136.9,73838.81,73856.69,855.0,1400,0.0
2026-05-31 02:30:00,73859.58,74005.06,73751.34,73976.46,878.0,1400,0.0
2026-05-31 03:00:00,73976.45,74113.8,73943.86,74085.89,784.0,1400,0.0
2026-05-31 03:30:00,74085.95,74114.4,74012.3,74037.7,602.0,1400,0.0
2026-05-31 04:00:00,74037.44,74111.43,73985.79,74062.5,626.0,1400,0.0
2026-05-31 04:30:00,74067.51,74110.82,74025.44,74063.77,574.0,1400,0.0
2026-05-31 05:00:00,74067.34,74099.24,74008.41,74057.77,606.0,1400,0.0
2026-05-31 05:30:00,74046.38,74070.11,73942.95,73947.0,571.0,1400,0.0
2026-05-31 06:00:00,73949.46,73958.21,73876.09,73909.02,567.0,1400,0.0
2026-05-31 06:30:00,73910.39,73998.22,73902.27,73938.35,481.0,1400,0.0
2026-05-31 07:00:00,73932.07,73936.42,73776.21,73787.09,581.0,1400,0.0
2026-05-31 07:30:00,73787.0,73805.71,73709.76,73757.88,600.0,1400,0.0
2026-05-31 08:00:00,73757.8,73874.78,73748.78,73859.88,601.0,1400,0.0
2026-05-31 08:30:00,73863.75,73865.69,73731.7,73830.83,610.0,1400,0.0
2026-05-31 09:00:00,73834.59,73869.68,73756.61,73846.85,466.0,1400,0.0
2026-05-31 09:30:00,73848.69,73921.62,73691.66,73739.54,682.0,1400,0.0
2026-05-31 10:00:00,73738.94,73762.96,73613.27,73703.94,741.0,1400,0.0
2026-05-31 10:30:00,73703.69,73789.09,73679.8,73780.98,561.0,1400,0.0
2026-05-31 11:00:00,73785.88,73865.66,73778.91,73848.83,516.0,1400,0.0
2026-05-31 11:30:00,73848.7,73869.15,73796.19,73832.55,601.0,1400,0.0
2026-05-31 12:00:00,73828.03,73899.45,73752.54,73833.66,691.0,1400,0.0
2026-05-31 12:30:00,73833.73,73875.77,73770.02,73804.08,529.0,1400,0.0
2026-05-31 13:00:00,73807.79,73914.67,73763.49,73856.35,565.0,1400,0.0
2026-05-31 13:30:00,73856.49,73870.48,73684.36,73760.41,546.0,1400,0.0
2026-05-31 14:00:00,73760.4,73760.4,73357.97,73489.37,1867.0,1400,0.0
2026-05-31 14:30:00,73491.22,73650.44,73473.73,73509.01,962.0,1400,0.0
2026-05-31 15:00:00,73509.69,73677.67,73476.44,73638.88,717.0,1400,0.0
2026-05-31 15:30:00,73637.37,73652.08,73499.64,73535.88,625.0,1400,0.0
2026-05-31 16:00:00,73543.45,73621.99,73411.15,73496.34,795.0,1400,0.0
2026-05-31 16:30:00,73498.45,73503.47,73281.45,73432.4,1095.0,1400,0.0
2026-05-31 17:00:00,73426.71,73502.16,73350.26,73489.99,621.0,1400,0.0
2026-05-31 17:30:00,73489.96,73640.47,73489.94,73608.57,622.0,1400,0.0
2026-05-31 18:00:00,73607.7,73608.53,73498.21,73524.94,618.0,1400,0.0
2026-05-31 18:30:00,73523.95,73607.01,73460.06,73500.55,603.0,1400,0.0
2026-05-31 19:00:00,73498.38,73542.72,73337.61,73428.39,674.0,1400,0.0
2026-05-31 19:30:00,73419.8,73477.76,73347.33,73442.61,582.0,1400,0.0
2026-05-31 20:00:00,73442.73,73656.66,73442.73,73582.55,778.0,1400,0.0
2026-05-31 20:30:00,73576.8,73660.73,73553.83,73633.57,505.0,1400,0.0
2026-05-31 21:00:00,73632.75,73653.33,73511.75,73544.47,616.0,1400,0.0
2026-05-31 21:30:00,73544.55,73827.04,73513.31,73782.01,1472.0,1400,0.0
2026-05-31 22:00:00,73781.56,73897.48,73571.19,73778.81,1352.0,1400,0.0
2026-05-31 22:30:00,73777.51,73893.91,73751.46,73841.9,884.0,1400,0.0
2026-05-31 23:00:00,73845.9,74107.22,73680.62,73728.6,1264.0,1400,0.0
2026-05-31 23:30:00,73728.52,73733.33,73392.01,73582.48,1248.0,1400,0.0
2026-06-01 00:00:00,73583.58,73865.74,73536.99,73850.37,1389.0,1400,0.0
2026-06-01 00:30:00,73850.15,73993.97,73720.33,73782.28,1501.0,1400,0.0
2026-06-01 01:00:00,73777.37,73820.1,73462.95,73491.82,1508.0,1400,0.0
2026-06-01 01:30:00,73493.18,73558.18,73166.84,73197.51,1549.0,1400,0.0
2026-06-01 02:00:00,73196.28,73467.48,73104.61,73410.92,1398.0,1400,0.0
2026-06-01 02:30:00,73410.0,73790.37,73349.48,73686.49,1511.0,1400,0.0
2026-06-01 03:00:00,73685.61,73928.9,73681.61,73807.05,1440.0,1400,0.0
2026-06-01 03:30:00,73808.55,73880.49,73617.51,73663.28,961.0,1400,0.0
2026-06-01 04:00:00,73664.18,73749.21,73290.28,73305.32,1207.0,1400,0.0
2026-06-01 04:30:00,73305.36,73494.95,73234.69,73424.15,1085.0,1400,0.0
2026-06-01 05:00:00,73418.87,73445.87,73247.47,73247.47,904.0,1400,0.0
2026-06-01 05:30:00,73248.42,73374.5,73211.26,73263.85,883.0,1400,0.0
2026-06-01 06:00:00,73266.85,73285.21,73038.53,73103.26,1263.0,1400,0.0
2026-06-01 06:30:00,73103.88,73150.1,72845.72,73041.33,1593.0,1400,0.0
2026-06-01 07:00:00,73037.83,73110.61,72824.43,72884.02,1273.0,1400,0.0
2026-06-01 07:30:00,72882.93,72903.02,72593.66,72710.96,1573.0,1400,0.0
2026-06-01 08:00:00,72711.02,72776.22,72509.92,72643.99,1178.0,1400,0.0
2026-06-01 08:30:00,72644.27,72840.42,72508.48,72814.49,1374.0,1400,0.0
2026-06-01 09:00:00,72813.75,73010.25,72801.71,72906.11,867.0,1400,0.0
2026-06-01 09:30:00,72906.75,72956.13,72727.9,72791.57,1200.0,1400,0.0
2026-06-01 10:00:00,72791.14,72823.06,72577.01,72621.19,958.0,1400,0.0
2026-06-01 10:30:00,72626.42,72712.05,72489.74,72667.14,970.0,1400,0.0
2026-06-01 11:00:00,72668.3,72679.2,72555.48,72571.01,790.0,1400,0.0
2026-06-01 11:30:00,72570.92,72670.17,72129.53,72393.21,1522.0,1400,0.0
2026-06-01 12:00:00,72398.17,72525.35,71794.43,72137.06,3380.0,1400,0.0
2026-06-01 12:30:00,72135.68,72244.0,72022.75,72118.66,1557.0,1400,0.0
2026-06-01 13:00:00,72117.55,72146.33,71634.45,71730.07,3441.0,1400,0.0
2026-06-01 13:30:00,71730.21,72107.19,71259.12,71604.02,5368.0,1400,0.0
2026-06-01 14:00:00,71614.0,71779.02,71353.11,71420.11,3537.0,1400,0.0
2026-06-01 14:30:00,71420.52,71499.79,71284.87,71445.28,2144.0,1400,0.0
2026-06-01 15:00:00,71450.24,71567.73,70932.16,70960.14,2339.0,1400,0.0
2026-06-01 15:30:00,70960.76,71382.35,70938.04,71008.98,2256.0,1400,0.0
2026-06-01 16:00:00,71005.85,71085.15,70563.68,70973.19,2637.0,1400,0.0
2026-06-01 16:30:00,70979.07,71513.85,70918.57,71447.73,1855.0,1400,0.0
2026-06-01 17:00:00,71448.98,71649.55,71353.76,71629.05,1765.0,1400,0.0
2026-06-01 17:30:00,71626.18,71706.59,71416.94,71547.88,2108.0,1400,0.0
2026-06-01 18:00:00,71544.81,71595.45,71274.29,71450.73,1195.0,1400,0.0
2026-06-01 18:30:00,71454.67,71587.26,71286.18,71404.7,1210.0,1400,0.0
2026-06-01 19:00:00,71399.82,71530.22,71285.11,71527.87,1096.0,1400,0.0
2026-06-01 19:30:00,71518.13,71577.32,71400.95,71495.27,1212.0,1400,0.0
2026-06-01 20:00:00,71492.88,71612.32,71411.62,71523.02,904.0,1400,0.0
2026-06-01 20:30:00,71517.85,71578.56,71309.89,71360.8,874.0,1400,0.0
2026-06-01 21:00:00,71359.65,71364.4,70989.92,71063.58,1224.0,1400,0.0
2026-06-01 21:30:00,71065.45,71077.63,70842.22,70949.14,1291.0,1400,0.0
2026-06-01 22:00:00,70947.43,71245.97,70739.69,71185.7,1519.0,1400,0.0
2026-06-01 22:30:00,71186.55,71372.16,70976.27,71305.31,1347.0,1400,0.0
2026-06-01 23:00:00,71306.11,71388.5,71142.46,71142.46,1140.0,1400,0.0
2026-06-01 23:30:00,71145.22,71493.78,71127.78,71317.12,1193.0,1400,0.0
2026-06-02 00:00:00,71322.35,71325.21,71047.53,71135.2,1396.0,1400,0.0
2026-06-02 00:30:00,71138.3,71213.02,70997.44,71191.45,1151.0,1400,0.0
2026-06-02 01:00:00,71195.4,71285.31,71086.36,71105.84,1383.0,1400,0.0
2026-06-02 01:30:00,71110.26,71136.9,70483.14,70560.7,2193.0,1400,0.0
2026-06-02 02:00:00,70556.78,70725.19,69974.42,70693.2,4034.0,1400,0.0
2026-06-02 02:30:00,70693.3,70783.5,70470.3,70752.98,1737.0,1400,0.0
2026-06-02 03:00:00,70749.77,70949.93,70690.08,70849.62,1430.0,1400,0.0
2026-06-02 03:30:00,70855.57,70911.67,70799.37,70832.31,1067.0,1400,0.0
2026-06-02 04:00:00,70833.46,70920.87,70601.62,70858.98,1286.0,1400,0.0
2026-06-02 04:30:00,70859.14,70948.87,70645.79,70708.13,1065.0,1400,0.0
2026-06-02 05:00:00,70704.84,70745.07,70456.56,70489.74,1605.0,1400,0.0
2026-06-02 05:30:00,70491.72,70616.16,70144.88,70153.38,2030.0,1400,0.0
2026-06-02 06:00:00,70168.13,70340.23,70107.43,70260.05,1517.0,1400,0.0
2026-06-02 06:30:00,70261.7,70322.57,69817.13,70002.95,2223.0,1400,0.0
2026-06-02 07:00:00,70003.48,70176.53,69610.58,69818.07,2942.0,1400,0.0
2026-06-02 07:30:00,69818.29,70155.13,69810.33,70014.37,1516.0,1400,0.0
2026-06-02 08:00:00,70011.63,70076.79,69756.08,69919.97,2047.0,1400,0.0
2026-06-02 08:30:00,69918.54,69980.76,69601.11,69728.86,1656.0,1400,0.0
2026-06-02 09:00:00,69732.95,69747.73,69206.12,69296.27,2774.0,1400,0.0
2026-06-02 09:30:00,69299.87,69462.23,69243.34,69320.63,1772.0,1400,0.0
2026-06-02 10:00:00,69322.93,69653.36,69240.09,69530.65,1662.0,1400,0.0
2026-06-02 10:30:00,69530.37,69585.95,69335.04,69526.47,1232.0,1400,0.0
2026-06-02 11:00:00,69526.25,69554.37,69314.93,69395.18,1204.0,1400,0.0
2026-06-02 11:30:00,69393.18,69514.63,69285.48,69353.39,1059.0,1400,0.0
2026-06-02 12:00:00,69354.03,69438.19,69133.39,69196.09,1874.0,1400,0.0
2026-06-02 12:30:00,69196.67,69196.67,68879.35,68898.66,2033.0,1400,0.0
2026-06-02 13:00:00,68908.31,69097.14,68752.79,68912.45,2543.0,1400,0.0
2026-06-02 13:30:00,68916.92,69014.01,68624.73,68688.49,3242.0,1400,0.0
2026-06-02 14:00:00,68691.97,68717.68,67490.38,67771.84,6599.0,1400,0.0
2026-06-02 14:30:00,67765.11,68146.08,67736.37,67891.57,4404.0,1400,0.0
2026-06-02 15:00:00,67881.68,67972.66,67225.32,67325.06,5116.0,1400,0.0
2026-06-02 15:30:00,67323.88,67389.51,66940.94,67183.68,5474.0,1400,0.0
2026-06-02 16:00:00,67183.56,68034.58,67096.25,67743.05,4251.0,1400,0.0
2026-06-02 16:30:00,67735.44,67750.55,67285.18,67309.91,2644.0,1400,0.0
2026-06-02 17:00:00,67310.79,67696.65,67246.84,67615.32,2313.0,1400,0.0
2026-06-02 17:30:00,67609.95,67736.06,67259.35,67374.57,2126.0,1400,0.0
2026-06-02 18:00:00,67376.02,67555.05,67168.57,67200.54,1928.0,1400,0.0
2026-06-02 18:30:00,67201.18,67261.66,66993.8,67218.09,1975.0,1400,0.0
2026-06-02 19:00:00,67221.48,67318.02,66807.32,66872.45,2102.0,1400,0.0
2026-06-02 19:30:00,66880.45,67405.91,66316.73,67213.72,4838.0,1400,0.0
2026-06-02 20:00:00,67220.69,67387.14,66799.45,66849.79,3079.0,1400,0.0
2026-06-02 20:30:00,66854.42,67581.58,66834.47,67482.25,2530.0,1400,0.0
2026-06-02 21:00:00,67490.68,67819.15,67305.52,67787.81,2548.0,1400,0.0
2026-06-02 21:30:00,67791.91,67831.38,67402.92,67461.43,1481.0,1400,0.0
2026-06-02 22:00:00,67460.33,67460.33,66822.47,67182.29,3415.0,1400,0.0
2026-06-02 22:30:00,67184.01,67223.35,66140.27,66300.15,5102.0,1400,0.0
2026-06-02 23:00:00,66297.17,66681.94,66084.7,66355.16,5549.0,1400,0.0
2026-06-02 23:30:00,66358.65,66776.67,66141.76,66660.68,3217.0,1400,0.0
2026-06-03 00:00:00,66658.01,67030.59,66547.46,66682.55,2633.0,1400,0.0
2026-06-03 00:30:00,66683.52,67122.18,66605.91,66834.86,1901.0,1400,0.0
2026-06-03 01:00:00,66837.28,66954.24,66577.22,66922.05,1888.0,1400,0.0
2026-06-03 01:30:00,66927.92,66958.2,66367.09,66823.71,2077.0,1400,0.0
2026-06-03 02:00:00,66823.02,66852.12,66545.89,66563.64,1909.0,1400,0.0
2026-06-03 02:30:00,66566.0,66770.13,66474.62,66518.69,1855.0,1400,0.0
2026-06-03 03:00:00,66516.88,66573.93,65986.55,66070.16,2500.0,1400,0.0
2026-06-03 03:30:00,66072.83,66182.69,65317.76,65767.21,5811.0,1400,0.0
2026-06-03 04:00:00,65761.51,66536.76,65732.13,66483.2,3648.0,1400,0.0
2026-06-03 04:30:00,66484.83,66484.83,66179.59,66384.24,1957.0,1400,0.0
2026-06-03 05:00:00,66383.8,67193.1,66371.69,67018.07,3996.0,1400,0.0
2026-06-03 05:30:00,67012.48,67312.88,66671.39,67223.09,2503.0,1400,0.0
2026-06-03 06:00:00,67220.63,67278.78,67010.28,67154.6,1802.0,1400,0.0
2026-06-03 06:30:00,67151.92,67426.7,66861.29,66897.68,2510.0,1400,0.0
2026-06-03 07:00:00,66892.31,67238.98,66767.76,67095.77,1877.0,1400,0.0
2026-06-03 07:30:00,67095.66,67246.02,66977.6,67127.31,1387.0,1400,0.0
2026-06-03 08:00:00,67126.6,67174.47,66907.12,66943.53,1453.0,1400,0.0
2026-06-03 08:30:00,66949.69,67147.93,66866.69,66927.37,1783.0,1400,0.0
2026-06-03 09:00:00,66925.42,67009.99,66705.98,66726.94,1558.0,1400,0.0
2026-06-03 09:30:00,66727.14,67226.11,66549.18,66976.36,1686.0,1400,0.0
2026-06-03 10:00:00,66977.05,67390.75,66965.44,67217.5,1842.0,1400,0.0
2026-06-03 10:30:00,67221.27,67325.33,67078.94,67193.59,1133.0,1400,0.0
2026-06-03 11:00:00,67196.32,67279.29,67103.4,67247.48,1102.0,1400,0.0
2026-06-03 11:30:00,67246.33,67246.33,66955.42,66972.81,1063.0,1400,0.0
2026-06-03 12:00:00,66974.08,67045.62,66683.69,66926.62,1758.0,1400,0.0
2026-06-03 12:30:00,66926.44,67075.94,66729.04,66990.47,1613.0,1400,0.0
2026-06-03 13:00:00,66995.26,67158.29,66730.26,66736.8,2058.0,1400,0.0
2026-06-03 13:30:00,66741.05,67095.72,66524.06,66803.08,5473.0,1400,0.0
2026-06-03 14:00:00,66796.66,66846.84,66533.56,66687.69,4366.0,1400,0.0
2026-06-03 14:30:00,66690.29,66892.48,66603.53,66762.76,3221.0,1400,0.0
2026-06-03 15:00:00,66763.73,66800.49,66147.5,66495.23,3516.0,1400,0.0
2026-06-03 15:30:00,66498.54,66579.99,65960.18,65983.01,3809.0,1400,0.0
2026-06-03 16:00:00,65986.69,66287.4,65448.45,65519.58,6355.0,1400,0.0
2026-06-03 16:30:00,65521.17,65989.78,65493.44,65964.86,3896.0,1400,0.0
2026-06-03 17:00:00,65969.33,66037.82,65603.92,65855.28,2922.0,1400,0.0
2026-06-03 17:30:00,65855.48,66098.57,65700.97,65876.07,2549.0,1400,0.0
2026-06-03 18:00:00,65876.29,66006.03,65641.44,65814.19,2262.0,1400,0.0
2026-06-03 18:30:00,65813.61,66089.94,65692.53,65941.17,2039.0,1400,0.0
2026-06-03 19:00:00,65939.14,65968.3,65490.98,65556.21,2268.0,1400,0.0
2026-06-03 19:30:00,65556.62,65754.9,65138.5,65382.79,2785.0,1400,0.0
2026-06-03 20:00:00,65373.79,65519.04,65152.49,65459.34,2920.0,1400,0.0
2026-06-03 20:30:00,65457.24,65483.55,64651.21,64910.41,4267.0,1400,0.0
2026-06-03 21:00:00,64907.76,65510.3,64855.18,65424.81,3266.0,1400,0.0
2026-06-03 21:30:00,65423.87,65766.61,65196.65,65674.96,3132.0,1400,0.0
2026-06-03 22:00:00,65673.15,65759.2,64886.89,65067.45,5126.0,1400,0.0
2026-06-03 22:30:00,65072.95,65174.87,64675.36,64817.35,4457.0,1400,0.0
2026-06-03 23:00:00,64814.94,64897.66,64256.94,64414.74,5674.0,1400,0.0
2026-06-03 23:30:00,64416.36,64544.06,63987.29,64055.82,3577.0,1400,0.0
2026-06-04 00:00:00,64049.4,64339.4,63258.98,63270.74,5613.0,1400,0.0
2026-06-04 00:30:00,63265.84,63730.59,62905.13,63252.26,9289.0,1400,0.0
2026-06-04 01:00:00,63253.91,63418.89,62490.34,62626.13,10449.0,1400,0.0
2026-06-04 01:30:00,62633.28,63098.27,62016.28,62105.6,9224.0,1400,0.0
2026-06-04 02:00:00,62103.7,63052.95,61308.32,62925.43,11566.0,1400,0.0
2026-06-04 02:30:00,62922.06,63565.78,62817.85,63146.54,6131.0,1400,0.0
2026-06-04 03:00:00,63149.66,64077.42,63138.1,63849.22,5170.0,1400,0.0
2026-06-04 03:30:00,63850.66,64450.87,63825.88,64289.06,3933.0,1400,0.0
2026-06-04 04:00:00,64292.12,64698.88,64247.89,64498.29,3384.0,1400,0.0
2026-06-04 04:30:00,64504.12,64550.16,64187.64,64333.43,2765.0,1400,0.0
2026-06-04 05:00:00,64328.48,64328.48,63577.9,63772.14,4154.0,1400,0.0
2026-06-04 05:30:00,63774.21,64276.99,63701.49,63887.72,3563.0,1400,0.0
2026-06-04 06:00:00,63885.13,64434.4,63819.97,64194.86,3023.0,1400,0.0
2026-06-04 06:30:00,64197.02,64381.83,63908.69,63976.81,2830.0,1400,0.0
2026-06-04 07:00:00,63980.41,64012.41,63415.3,63631.23,3169.0,1400,0.0
2026-06-04 07:30:00,63628.75,63985.86,63530.06,63531.45,2453.0,1400,0.0
2026-06-04 08:00:00,63532.61,63841.12,63168.0,63432.29,4746.0,1400,0.0
2026-06-04 08:30:00,63432.77,63681.57,63290.4,63538.28,3422.0,1400,0.0
2026-06-04 09:00:00,63538.63,63559.73,62716.21,62786.04,4408.0,1400,0.0
2026-06-04 09:30:00,62790.43,63194.74,62621.06,63169.45,4745.0,1400,0.0
2026-06-04 10:00:00,63181.05,63196.36,62411.71,62422.97,3690.0,1400,0.0
2026-06-04 10:30:00,62423.04,62718.88,62207.61,62343.32,4653.0,1400,0.0
2026-06-04 11:00:00,62345.5,62605.76,62152.89,62532.87,3643.0,1008,0.0
2026-06-04 11:30:00,62536.39,62771.72,62124.52,62483.62,3605.0,1008,0.0
2026-06-04 12:00:00,62481.74,63347.57,62306.6,63210.0,6345.0,1008,0.0
2026-06-04 12:30:00,63203.55,63912.75,63073.33,63704.18,7908.0,1008,0.0
2026-06-04 13:00:00,63704.97,63784.7,62995.96,63165.79,5930.0,1008,0.0
2026-06-04 13:30:00,63162.83,64196.35,63114.84,64167.97,11224.0,1008,0.0
2026-06-04 14:00:00,64169.65,64436.49,63916.6,64085.43,7113.0,1008,0.0
2026-06-04 14:30:00,64083.34,64087.73,63725.95,63887.77,4087.0,1008,0.0
2026-06-04 15:00:00,63882.98,64344.24,63721.89,63911.76,4711.0,1008,0.0
2026-06-04 15:30:00,63911.38,64022.71,63610.42,63820.84,3507.0,1008,0.0
2026-06-04 16:00:00,63825.69,63849.42,63554.5,63562.94,3564.0,1008,0.0
2026-06-04 16:30:00,63566.53,63852.44,63361.1,63477.44,4155.0,1008,0.0
2026-06-04 17:00:00,63470.93,63646.37,63027.17,63143.05,3701.0,1008,0.0
2026-06-04 17:30:00,63142.99,63579.72,62854.85,63447.87,4805.0,1008,0.0
2026-06-04 18:00:00,63448.88,63828.4,63056.35,63817.22,3743.0,1008,0.0
2026-06-04 18:30:00,63823.1,64037.65,63639.34,63724.94,3853.0,1008,0.0
2026-06-04 19:00:00,63724.81,64085.38,63526.31,64030.11,3222.0,1008,0.0
2026-06-04 19:30:00,64037.89,64052.12,63446.95,63538.09,3276.0,1008,0.0
2026-06-04 20:00:00,63541.51,63558.34,63108.43,63278.29,3973.0,1008,0.0
2026-06-04 20:30:00,63276.66,63602.86,63268.45,63573.65,2348.0,1008,0.0
2026-06-04 21:00:00,63575.9,63817.67,63374.18,63441.35,2662.0,1008,0.0
2026-06-04 21:30:00,63442.84,63483.96,63037.88,63219.31,2681.0,1008,0.0
2026-06-04 22:00:00,63216.63,63435.81,63122.39,63295.52,6361.0,1008,0.0
2026-06-04 22:30:00,63298.38,63701.92,63156.16,63661.59,3786.0,1008,0.0
2026-06-04 23:00:00,63661.55,63781.17,63297.89,63399.71,2453.0,1008,0.0
2026-06-04 23:30:00,63400.31,63855.79,63394.11,63804.36,2264.0,1008,0.0
2026-06-05 00:00:00,63801.02,63837.47,63514.49,63825.78,3536.0,1008,0.0
2026-06-05 00:30:00,63827.96,63907.63,63318.62,63354.92,3000.0,1008,0.0
2026-06-05 01:00:00,63353.15,63359.67,62964.02,63277.43,4535.0,1008,0.0
2026-06-05 01:30:00,63281.92,63504.54,63165.32,63296.94,3563.0,1008,0.0
2026-06-05 02:00:00,63300.54,63366.71,62628.81,62640.43,4219.0,1008,0.0
2026-06-05 02:30:00,62642.68,62892.87,62509.36,62551.92,4364.0,1008,0.0
2026-06-05 03:00:00,62554.45,62750.72,62261.04,62539.11,4307.0,1008,0.0
2026-06-05 03:30:00,62538.41,62826.72,62512.21,62663.03,3516.0,1008,0.0
2026-06-05 04:00:00,62659.61,63183.03,62417.72,63164.01,4340.0,1008,0.0
2026-06-05 04:30:00,63161.49,63585.18,62781.35,63541.97,3542.0,1008,0.0
2026-06-05 05:00:00,63542.71,63623.48,63194.06,63433.78,3422.0,1008,0.0
2026-06-05 05:30:00,63432.73,63505.72,62202.21,62275.45,6173.0,1008,0.0
2026-06-05 06:00:00,62268.11,62572.35,61054.4,61617.51,14016.0,1008,0.0
2026-06-05 06:30:00,61626.72,62148.86,61587.46,61889.18,9351.0,1008,0.0
2026-06-05 07:00:00,61887.08,62300.6,61312.27,62186.4,9592.0,1008,0.0
2026-06-05 07:30:00,62185.24,63065.13,62120.34,63052.98,7483.0,1008,0.0
2026-06-05 08:00:00,63058.79,63067.65,62522.92,62759.5,5089.0,1008,0.0
2026-06-05 08:30:00,62762.37,62882.04,62221.07,62406.65,3799.0,1008,0.0
2026-06-05 09:00:00,62408.05,63208.84,62382.66,63054.67,5438.0,1008,0.0
2026-06-05 09:30:00,63054.51,63073.74,62714.5,62816.71,3228.0,1008,0.0
2026-06-05 10:00:00,62819.77,62888.59,62444.21,62530.81,3111.0,1008,0.0
2026-06-05 10:30:00,62530.75,62662.36,62315.75,62493.5,2759.0,1008,0.0
2026-06-05 11:00:00,62493.07,62596.95,62174.69,62412.22,3568.0,1008,0.0
2026-06-05 11:30:00,62417.32,62471.43,61892.0,61892.0,3617.0,1008,0.0
2026-06-05 12:00:00,61893.92,62407.98,61584.27,62160.22,6255.0,1008,0.0
2026-06-05 12:30:00,62165.87,62361.06,61547.98,61913.57,7697.0,1008,0.0
2026-06-05 13:00:00,61913.94,62280.41,61831.96,62068.28,6308.0,1008,0.0
2026-06-05 13:30:00,62063.16,62287.15,60672.44,60678.37,11198.0,1008,0.0
2026-06-05 14:00:00,60680.4,61199.43,60295.43,60366.84,11979.0,1008,0.0
2026-06-05 14:30:00,60360.62,61156.85,60293.55,60833.15,9996.0,1008,0.0
2026-06-05 15:00:00,60826.05,61096.19,60457.39,60742.11,8555.0,1008,0.0
2026-06-05 15:30:00,60742.65,60813.22,60002.81,60390.49,8179.0,1008,0.0
2026-06-05 16:00:00,60388.14,61528.07,59738.84,60891.56,16423.0,1008,0.0
2026-06-05 16:30:00,60878.31,61435.85,60656.38,61347.31,9467.0,1008,0.0
2026-06-05 17:00:00,61346.18,61479.6,60602.11,60641.22,6542.0,1008,0.0
2026-06-05 17:30:00,60642.04,61105.49,60601.26,60763.87,5245.0,1008,0.0
2026-06-05 18:00:00,60766.99,60912.33,60051.9,60112.14,5624.0,1008,0.0
2026-06-05 18:30:00,60106.56,60299.1,59091.77,59359.96,10836.0,1008,0.0
2026-06-05 19:00:00,59351.51,59838.53,59073.29,59818.13,10995.0,1008,0.0
2026-06-05 19:30:00,59813.22,60430.65,59449.88,60262.83,9080.0,1008,0.0
2026-06-05 20:00:00,60260.43,61058.58,59908.25,60925.81,9072.0,1008,0.0
2026-06-05 20:30:00,60923.22,61785.14,60860.44,61605.4,6628.0,1008,0.0
2026-06-05 21:00:00,61601.03,61988.73,61527.28,61541.91,6670.0,1008,0.0
2026-06-05 21:30:00,61542.99,61912.25,61405.64,61637.79,2764.0,1008,0.0
2026-06-05 22:00:00,61635.97,61637.28,61183.99,61455.55,8123.0,1008,0.0
2026-06-05 22:30:00,61455.92,61952.79,61371.57,61567.9,6959.0,1008,0.0
2026-06-05 23:00:00,61561.28,61755.8,60798.33,60920.18,5228.0,1008,0.0
2026-06-05 23:30:00,60922.02,61064.74,60490.45,61028.97,3893.0,1008,0.0
2026-06-06 00:00:00,61031.46,61513.37,61027.04,61288.1,3679.0,1008,0.0
2026-06-06 00:30:00,61283.01,61409.09,61153.82,61250.49,2576.0,1008,0.0
2026-06-06 01:00:00,61249.57,61361.79,60954.2,61280.8,2495.0,1008,0.0
2026-06-06 01:30:00,61267.97,61279.05,60927.18,61030.4,2288.0,1008,0.0
2026-06-06 02:00:00,61037.2,61081.49,60651.21,60779.08,3171.0,1008,0.0
2026-06-06 02:30:00,60781.15,61169.32,60749.46,60926.45,2696.0,1008,0.0
2026-06-06 03:00:00,60923.37,60950.93,60691.45,60775.21,2857.0,1008,0.0
2026-06-06 03:30:00,60766.46,60782.72,60489.84,60668.97,3232.0,1008,0.0
2026-06-06 04:00:00,60659.53,60853.3,59827.79,59938.85,6556.0,1008,0.0
2026-06-06 04:30:00,59940.57,60299.71,59471.19,60084.3,8476.0,1008,0.0
2026-06-06 05:00:00,60085.64,61050.94,59595.18,60714.44,9161.0,1008,0.0
2026-06-06 05:30:00,60714.12,61033.1,60573.21,60912.69,4941.0,1008,0.0
2026-06-06 06:00:00,60913.89,61248.35,60909.97,61000.8,4638.0,1008,0.0
2026-06-06 06:30:00,61002.72,61153.28,60646.46,60763.65,3429.0,1008,0.0
2026-06-06 07:00:00,60765.63,61209.27,60696.36,60859.14,3085.0,1008,0.0
2026-06-06 07:30:00,60858.42,61082.48,60835.45,60977.8,1872.0,1008,0.0
2026-06-06 08:00:00,60977.38,61424.41,60847.81,61362.95,2637.0,1008,0.0
2026-06-06 08:30:00,61361.65,61473.2,61196.86,61239.17,2694.0,1008,0.0
2026-06-06 09:00:00,61237.05,61294.07,61061.44,61283.06,2331.0,1008,0.0
2026-06-06 09:30:00,61285.25,61285.25,60844.31,60950.39,2368.0,1008,0.0
2026-06-06 10:00:00,60953.25,60953.25,60436.99,60502.69,3580.0,1008,0.0
2026-06-06 10:30:00,60498.99,60586.57,60154.27,60555.68,4172.0,1008,0.0
2026-06-06 11:00:00,60557.47,60843.4,60520.44,60777.82,2671.0,1008,0.0
2026-06-06 11:30:00,60777.99,60946.79,60697.88,60781.81,1915.0,1008,0.0
2026-06-06 12:00:00,60778.5,61079.03,60688.84,60692.54,2431.0,1008,0.0
2026-06-06 12:30:00,60695.41,61156.99,60596.33,61004.99,2806.0,1008,0.0
2026-06-06 13:00:00,61009.21,61072.68,60830.36,60854.18,2107.0,1008,0.0
2026-06-06 13:30:00,60848.05,61027.36,60670.27,60781.86,2655.0,1008,0.0
2026-06-06 14:00:00,60765.52,60990.42,60738.12,60853.68,2554.0,1008,0.0
2026-06-06 14:30:00,60853.54,60976.03,60732.62,60768.66,2128.0,1008,0.0
2026-06-06 15:00:00,60767.52,60848.05,60359.78,60642.88,3852.0,1008,0.0
2026-06-06 15:30:00,60644.46,60905.08,60544.21,60751.55,2484.0,1008,0.0
2026-06-06 16:00:00,60746.6,60946.61,60559.47,60591.48,2703.0,1008,0.0
2026-06-06 16:30:00,60591.96,60834.51,60418.56,60751.96,2399.0,1008,0.0
2026-06-06 17:00:00,60753.61,60819.22,60553.78,60652.36,1819.0,1008,0.0
2026-06-06 17:30:00,60651.61,60781.48,60468.77,60550.86,2049.0,1008,0.0
2026-06-06 18:00:00,60549.84,60717.18,60362.15,60665.18,2267.0,1008,0.0
2026-06-06 18:30:00,60664.1,60667.74,60457.84,60608.43,1621.0,1008,0.0
2026-06-06 19:00:00,60605.17,60757.97,60528.03,60586.41,1679.0,1008,0.0
2026-06-06 19:30:00,60587.69,60653.44,60499.83,60571.2,1302.0,1008,0.0
2026-06-06 20:00:00,60566.05,60615.22,60480.23,60567.01,1521.0,1008,0.0
2026-06-06 20:30:00,60567.16,60735.67,60545.42,60686.18,1366.0,1008,0.0
2026-06-06 21:00:00,60679.59,60924.0,60669.14,60862.93,1255.0,1008,0.0
2026-06-06 21:30:00,60861.67,60978.35,60711.8,60721.29,1142.0,1008,0.0
2026-06-06 22:00:00,60723.36,60793.24,60403.12,60429.79,2564.0,1008,0.0
2026-06-06 22:30:00,60439.83,60694.48,60389.96,60510.52,1593.0,1008,0.0
2026-06-06 23:00:00,60523.83,60736.95,60511.58,60676.98,1461.0,1008,0.0
2026-06-06 23:30:00,60682.31,60912.75,60641.87,60847.7,1408.0,1008,0.0
2026-06-07 00:00:00,60845.51,60909.02,60738.76,60810.3,1375.0,1008,0.0
2026-06-07 00:30:00,60810.55,60967.94,60714.31,60749.84,1482.0,1008,0.0
2026-06-07 01:00:00,60752.22,61647.89,60722.1,61601.7,4520.0,1008,0.0
2026-06-07 01:30:00,61601.47,61624.21,61337.16,61443.83,2434.0,1008,0.0
2026-06-07 02:00:00,61446.41,61525.08,61145.35,61230.25,2104.0,1008,0.0
2026-06-07 02:30:00,61226.59,61545.09,61164.27,61476.45,1917.0,1008,0.0
2026-06-07 03:00:00,61476.64,61763.16,61380.26,61637.16,2381.0,1008,0.0
2026-06-07 03:30:00,61634.21,61713.59,61523.52,61665.53,1465.0,1008,0.0
2026-06-07 04:00:00,61663.17,61683.52,61452.27,61523.92,1459.0,1008,0.0
2026-06-07 04:30:00,61521.56,61870.35,61513.46,61853.31,1902.0,1008,0.0
2026-06-07 05:00:00,61853.49,62135.37,61693.06,61714.18,2800.0,1008,0.0
2026-06-07 05:30:00,61711.47,61849.79,61616.15,61715.24,2194.0,1008,0.0
2026-06-07 06:00:00,61715.43,61985.77,61580.77,61939.23,2203.0,1008,0.0
2026-06-07 06:30:00,61936.59,62258.79,61926.19,62082.78,2833.0,1008,0.0
2026-06-07 07:00:00,62076.18,62227.71,61945.11,62201.64,1694.0,1008,0.0
2026-06-07 07:30:00,62198.92,62390.4,62151.21,62370.13,1434.0,1008,0.0
2026-06-07 08:00:00,62370.86,62559.94,62225.95,62505.93,1830.0,1008,0.0
2026-06-07 08:30:00,62498.83,62948.26,62362.82,62818.37,3586.0,1008,0.0
2026-06-07 09:00:00,62819.14,62896.39,62573.61,62671.92,2241.0,1008,0.0
2026-06-07 09:30:00,62674.6,62674.6,62380.12,62508.3,1996.0,1008,0.0
2026-06-07 10:00:00,62513.22,62553.42,62350.24,62486.16,1829.0,1008,0.0
2026-06-07 10:30:00,62486.72,62539.54,62273.79,62348.75,1917.0,1008,0.0
2026-06-07 11:00:00,62347.71,62549.43,62337.01,62502.19,1572.0,1008,0.0
2026-06-07 11:30:00,62498.68,62740.47,62420.67,62608.03,1721.0,1008,0.0
2026-06-07 12:00:00,62602.15,62622.11,61833.95,61919.7,5492.0,1008,0.0
2026-06-07 12:30:00,61921.51,61979.03,61530.75,61871.17,4364.0,1008,0.0
2026-06-07 13:00:00,61868.95,61881.33,61629.21,61827.21,2456.0,1008,0.0
2026-06-07 13:30:00,61825.0,61885.44,61650.01,61674.1,1804.0,1008,0.0
2026-06-07 14:00:00,61678.14,62132.35,61669.89,62060.59,2610.0,1008,0.0
2026-06-07 14:30:00,62062.11,62285.4,61706.62,61873.6,3121.0,1008,0.0
2026-06-07 15:00:00,61872.36,61960.83,61638.53,61935.57,2625.0,1008,0.0
2026-06-07 15:30:00,61940.92,62203.51,61923.31,62072.38,2284.0,1008,0.0
2026-06-07 16:00:00,62071.2,62329.51,61932.03,62146.55,2600.0,1008,0.0
2026-06-07 16:30:00,62148.28,62271.39,61947.94,62056.7,1894.0,1008,0.0
2026-06-07 17:00:00,62056.61,62302.85,62016.28,62219.4,1911.0,1008,0.0
2026-06-07 17:30:00,62220.3,62292.03,62058.71,62131.63,1675.0,1008,0.0
2026-06-07 18:00:00,62132.99,62275.09,62108.09,62194.15,1264.0,1008,0.0
2026-06-07 18:30:00,62196.86,62267.67,61982.85,62004.71,1387.0,1008,0.0
2026-06-07 19:00:00,62005.49,62015.25,61233.94,61450.55,4163.0,1008,0.0
2026-06-07 19:30:00,61458.09,61464.24,61144.54,61302.62,2846.0,1008,0.0
2026-06-07 20:00:00,61300.84,61890.95,61184.06,61716.2,2935.0,1008,0.0
2026-06-07 20:30:00,61714.69,61946.83,61666.38,61842.2,1679.0,1008,0.0
2026-06-07 21:00:00,61834.36,61985.05,61669.76,61762.52,1921.0,1008,0.0
2026-06-07 21:30:00,61762.37,61823.19,61612.17,61751.35,1505.0,1008,0.0
2026-06-07 22:00:00,61754.4,64251.47,61688.06,62964.19,12970.0,1008,0.0
2026-06-07 22:30:00,62964.1,63373.04,62754.04,62846.56,5909.0,1008,0.0
2026-06-07 23:00:00,62841.37,63250.32,62763.1,63228.92,3543.0,1008,0.0
2026-06-07 23:30:00,63231.13,63439.57,63070.87,63296.14,2771.0,1008,0.0
2026-06-08 00:00:00,63297.59,63500.61,63114.67,63478.82,3438.0,1008,0.0
2026-06-08 00:30:00,63470.26,63859.52,63377.43,63601.35,4050.0,1008,0.0
2026-06-08 01:00:00,63608.72,63629.51,62718.63,62798.44,5203.0,1008,0.0
2026-06-08 01:30:00,62796.22,63233.31,62678.34,63184.02,4510.0,1008,0.0
2026-06-08 02:00:00,63187.46,63243.71,62930.59,63082.77,2658.0,1008,0.0
2026-06-08 02:30:00,63082.09,63169.96,62881.42,63091.53,2291.0,1008,0.0
2026-06-08 03:00:00,63091.83,63441.58,62942.86,63120.07,2286.0,1008,0.0
2026-06-08 03:30:00,63118.21,63202.83,63035.2,63098.47,1575.0,1008,0.0
2026-06-08 04:00:00,63101.16,63149.14,62769.59,62907.74,2399.0,1008,0.0
2026-06-08 04:30:00,62908.61,62956.57,62608.49,62648.06,2316.0,1008,0.0
2026-06-08 05:00:00,62658.03,62794.89,62450.67,62700.33,2597.0,1008,0.0
2026-06-08 05:30:00,62696.85,62755.3,62371.36,62734.18,2689.0,1008,0.0
2026-06-08 06:00:00,62733.08,63114.44,62687.06,63034.63,3033.0,1008,0.0
2026-06-08 06:30:00,63037.18,63071.78,62877.75,62958.84,1837.0,1008,0.0
2026-06-08 07:00:00,62963.45,63214.69,62768.68,63139.27,2707.0,1008,0.0
2026-06-08 07:30:00,63148.57,63305.47,63039.32,63246.72,2008.0,1008,0.0
2026-06-08 08:00:00,63247.39,63247.39,62937.64,63063.97,2312.0,1008,0.0
2026-06-08 08:30:00,63065.82,63157.4,62980.89,63084.66,1974.0,1008,0.0
2026-06-08 09:00:00,63089.51,63535.69,63070.74,63336.58,2413.0,1008,0.0
2026-06-08 09:30:00,63336.11,63457.41,63111.92,63450.33,2559.0,1008,0.0
2026-06-08 10:00:00,63446.31,63506.68,63051.71,63101.8,1919.0,1008,0.0
2026-06-08 10:30:00,63105.13,63384.84,63036.73,63113.57,2032.0,1008,0.0
2026-06-08 11:00:00,63114.1,63630.4,62996.83,63563.86,3064.0,1008,0.0
2026-06-08 11:30:00,63565.15,63842.05,63364.41,63442.13,2838.0,1008,0.0
2026-06-08 12:00:00,63446.28,63621.78,62652.34,63054.98,6105.0,1008,0.0
2026-06-08 12:30:00,63063.69,63917.01,63055.59,63815.22,3550.0,1008,0.0
2026-06-08 13:00:00,63817.04,63906.68,63523.58,63546.89,3018.0,1000,0.0
2026-06-08 13:30:00,63544.9,63841.5,63309.58,63708.1,8126.0,1000,0.0
2026-06-08 14:00:00,63714.51,63875.43,63519.92,63722.84,5693.0,1000,0.0
2026-06-08 14:30:00,63727.6,64066.55,63721.93,63940.05,3710.0,1000,0.0
2026-06-08 15:00:00,63941.07,64194.07,63846.98,63968.86,4210.0,1000,0.0
2026-06-08 15:30:00,63970.09,64000.69,63670.99,63739.92,3650.0,1000,0.0
2026-06-08 16:00:00,63740.6,64021.18,63633.62,63838.81,3035.0,1000,0.0
2026-06-08 16:30:00,63837.62,63850.27,63425.59,63491.69,2688.0,1000,0.0
2026-06-08 17:00:00,63493.36,63621.24,63269.28,63601.5,2999.0,1000,0.0
2026-06-08 17:30:00,63599.66,63601.48,63210.53,63517.1,2333.0,1000,0.0
2026-06-08 18:00:00,63515.01,63637.4,63484.33,63618.67,1903.0,1000,0.0
2026-06-08 18:30:00,63622.95,63667.82,63304.44,63444.3,1748.0,1000,0.0
2026-06-08 19:00:00,63443.54,63543.14,63332.29,63505.31,1866.0,1000,0.0
2026-06-08 19:30:00,63504.96,63575.0,63322.81,63361.33,2160.0,1000,0.0
2026-06-08 20:00:00,63360.25,63409.89,63137.19,63156.75,1852.0,1000,0.0
2026-06-08 20:30:00,63156.45,63468.76,63155.17,63468.76,1324.0,1000,0.0
2026-06-08 21:00:00,63471.05,63788.12,63458.64,63695.76,1894.0,1000,0.0
2026-06-08 21:30:00,63694.81,63844.98,63615.96,63705.75,1161.0,1000,0.0
2026-06-08 22:00:00,63707.54,63707.54,63187.86,63340.38,2040.0,1000,0.0
2026-06-08 22:30:00,63340.48,63450.29,63205.73,63427.68,1463.0,1000,0.0
2026-06-08 23:00:00,63419.68,63579.79,63053.45,63127.13,2527.0,1000,0.0
2026-06-08 23:30:00,63125.46,63181.16,62947.15,63065.32,2416.0,1000,0.0
2026-06-09 00:00:00,63064.97,63166.18,62676.8,62717.27,3622.0,1000,0.0
2026-06-09 00:30:00,62717.82,62760.91,62391.41,62525.56,3495.0,1000,0.0
2026-06-09 01:00:00,62525.58,62843.24,62518.62,62762.79,2821.0,1000,0.0
2026-06-09 01:30:00,62762.06,62859.88,62632.9,62741.52,2131.0,1000,0.0
2026-06-09 02:00:00,62742.35,62846.25,62544.51,62757.76,2053.0,1000,0.0
2026-06-09 02:30:00,62759.53,62854.2,62504.42,62845.71,2246.0,1000,0.0
2026-06-09 03:00:00,62846.65,62953.69,62744.3,62777.67,1851.0,1000,0.0
2026-06-09 03:30:00,62786.28,62870.92,62666.22,62837.8,1483.0,1000,0.0
2026-06-09 04:00:00,62838.61,62962.71,62716.62,62763.92,1487.0,1000,0.0
2026-06-09 04:30:00,62758.96,63398.67,62731.58,63202.83,2991.0,1000,0.0
2026-06-09 05:00:00,63203.99,63326.45,63079.59,63281.41,1523.0,1000,0.0
2026-06-09 05:30:00,63282.19,63499.5,63265.92,63306.76,1891.0,1000,0.0
2026-06-09 06:00:00,63308.16,63474.94,63231.54,63400.23,1605.0,1000,0.0
2026-06-09 06:30:00,63402.22,63430.21,63185.57,63262.09,1203.0,1000,0.0
2026-06-09 07:00:00,63264.8,63406.99,62963.15,63000.11,1729.0,1000,0.0
2026-06-09 07:30:00,62998.78,63180.93,62998.78,63160.49,1154.0,1000,0.0
2026-06-09 08:00:00,63163.59,63175.06,62711.93,62832.57,2181.0,1000,0.0
2026-06-09 08:30:00,62830.76,62982.25,62764.63,62811.23,1493.0,1000,0.0
2026-06-09 09:00:00,62817.72,62921.71,62664.19,62783.81,1429.0,1000,0.0
2026-06-09 09:30:00,62780.71,62780.71,62549.49,62685.19,1555.0,1000,0.0
2026-06-09 10:00:00,62685.29,62767.77,62551.88,62710.69,1610.0,1000,0.0
2026-06-09 10:30:00,62710.08,62805.27,62602.03,62744.56,1289.0,1000,0.0
2026-06-09 11:00:00,62744.48,62785.0,62458.95,62563.25,1543.0,1000,0.0
2026-06-09 11:30:00,62561.32,62697.92,62487.84,62667.03,1307.0,1000,0.0
2026-06-09 12:00:00,62664.93,62868.62,62600.18,62611.72,1769.0,1000,0.0
2026-06-09 12:30:00,62609.79,62642.79,62395.21,62600.08,1904.0,1000,0.0
2026-06-09 13:00:00,62605.14,62714.55,62214.53,62306.73,2534.0,1000,0.0
2026-06-09 13:30:00,62300.99,62500.8,62105.32,62236.7,5361.0,1000,0.0
2026-06-09 14:00:00,62226.71,62357.71,61509.37,61567.38,7850.0,1000,0.0
2026-06-09 14:30:00,61566.85,61663.86,61083.36,61492.85,7195.0,1000,0.0
2026-06-09 15:00:00,61501.24,61671.68,61249.88,61266.84,4540.0,1000,0.0
2026-06-09 15:30:00,61263.46,61388.58,60982.78,61082.04,5506.0,1000,0.0
2026-06-09 16:00:00,61079.85,61171.11,60795.8,60988.56,5780.0,1000,0.0
2026-06-09 16:30:00,60986.1,61458.63,60727.23,61349.3,7400.0,1000,0.0
2026-06-09 17:00:00,61350.11,61842.94,61341.01,61700.58,5153.0,1000,0.0
2026-06-09 17:30:00,61699.86,61806.59,61544.38,61648.6,3081.0,1000,0.0
2026-06-09 18:00:00,61648.66,61919.94,61553.04,61686.25,3411.0,1000,0.0
2026-06-09 18:30:00,61686.41,61779.52,61536.75,61733.85,2388.0,1000,0.0
2026-06-09 19:00:00,61730.26,61866.97,61660.82,61823.78,2315.0,1000,0.0
2026-06-09 19:30:00,61824.18,62059.41,61711.37,62042.72,2902.0,1000,0.0
2026-06-09 20:00:00,62043.91,62231.03,61901.25,62039.11,1922.0,1000,0.0
2026-06-09 20:30:00,62044.1,62135.4,61933.49,62110.13,1137.0,1000,0.0
2026-06-09 21:00:00,62110.15,62130.41,61718.4,61764.05,1183.0,1000,0.0
2026-06-09 21:30:00,61763.72,61864.2,61632.48,61701.99,1352.0,1000,0.0
2026-06-09 22:00:00,61707.46,61899.05,61611.25,61777.93,1462.0,1000,0.0
2026-06-09 22:30:00,61777.88,61935.23,61630.29,61682.33,1775.0,1000,0.0
2026-06-09 23:00:00,61685.81,61840.69,61598.26,61643.62,1822.0,1000,0.0
2026-06-09 23:30:00,61651.93,61712.01,61503.02,61682.23,1701.0,1000,0.0
2026-06-10 00:00:00,61687.04,61859.13,61651.84,61807.8,1837.0,1000,0.0
2026-06-10 00:30:00,61810.22,61903.4,61393.76,61879.21,2799.0,1000,0.0
2026-06-10 01:00:00,61877.74,61942.41,61628.48,61793.52,2729.0,1000,0.0
2026-06-10 01:30:00,61793.85,61859.55,61533.99,61671.74,2384.0,1000,0.0
2026-06-10 02:00:00,61670.68,61798.72,61296.08,61455.83,2493.0,1000,0.0
2026-06-10 02:30:00,61458.12,61510.46,61189.02,61261.72,2283.0,1000,0.0
2026-06-10 03:00:00,61257.3,61558.75,61235.0,61521.55,1871.0,1000,0.0
2026-06-10 03:30:00,61517.1,61547.06,61394.05,61504.71,1575.0,1000,0.0
2026-06-10 04:00:00,61501.68,61524.37,61390.01,61422.25,1381.0,1000,0.0
2026-06-10 04:30:00,61421.86,61421.86,61141.5,61254.49,2084.0,1000,0.0
2026-06-10 05:00:00,61256.31,61280.15,61032.69,61221.96,1939.0,1000,0.0
2026-06-10 05:30:00,61225.88,61354.77,61141.63,61309.55,1630.0,1000,0.0
2026-06-10 06:00:00,61308.93,61442.61,61239.25,61294.53,1646.0,1000,0.0
2026-06-10 06:30:00,61294.89,61480.36,61090.16,61416.13,1640.0,1000,0.0
2026-06-10 07:00:00,61412.86,61675.0,61380.77,61591.67,1829.0,1000,0.0
2026-06-10 07:30:00,61596.23,61758.48,61509.84,61641.23,1652.0,1000,0.0
2026-06-10 08:00:00,61642.3,61696.8,61429.84,61493.09,2177.0,1000,0.0
2026-06-10 08:30:00,61491.32,61564.61,61114.83,61218.48,2079.0,1000,0.0
2026-06-10 09:00:00,61219.01,61274.4,60677.19,61161.38,3042.0,1000,0.0
2026-06-10 09:30:00,61157.94,61381.58,61098.24,61290.81,2180.0,1000,0.0
2026-06-10 10:00:00,61293.3,61314.76,61092.3,61281.53,1885.0,1000,0.0
2026-06-10 10:30:00,61280.83,61410.87,61210.47,61331.93,1592.0,1000,0.0
2026-06-10 11:00:00,61334.27,61387.56,60806.19,60909.73,4518.0,1000,0.0
2026-06-10 11:30:00,60916.65,61059.35,60866.55,60972.29,2374.0,1000,0.0
2026-06-10 12:00:00,60978.26,61205.01,60902.45,61110.37,2659.0,1000,0.0
2026-06-10 12:30:00,61119.57,61903.71,61090.65,61510.95,6220.0,1000,0.0
2026-06-10 13:00:00,61510.57,61579.6,61379.86,61508.37,2221.0,1000,0.0
2026-06-10 13:30:00,61505.24,62414.32,61447.0,62105.42,7760.0,1000,0.0
2026-06-10 14:00:00,62092.35,62209.55,61810.18,61994.45,4687.0,1000,0.0
2026-06-10 14:30:00,61990.54,62148.89,61758.01,62144.34,4577.0,1000,0.0
2026-06-10 15:00:00,62149.64,62377.98,61786.58,62205.15,4841.0,1000,0.0
2026-06-10 15:30:00,62200.98,62816.78,62077.68,62582.83,6100.0,1000,0.0
2026-06-10 16:00:00,62588.89,62603.7,62048.75,62232.85,3711.0,1000,0.0
2026-06-10 16:30:00,62232.81,62363.5,61868.77,62169.0,4021.0,1000,0.0
2026-06-10 17:00:00,62169.25,62310.52,61836.23,61858.34,3413.0,1000,0.0
2026-06-10 17:30:00,61860.97,61996.34,61589.78,61925.88,4074.0,1000,0.0
2026-06-10 18:00:00,61926.53,62107.7,61781.21,61962.2,2899.0,1000,0.0
2026-06-10 18:30:00,61960.14,61961.75,61520.32,61825.22,2741.0,1000,0.0
2026-06-10 19:00:00,61826.61,61877.64,61608.5,61720.15,2510.0,1000,0.0
2026-06-10 19:30:00,61718.49,62005.37,61715.3,61881.33,2887.0,1000,0.0
2026-06-10 20:00:00,61874.63,61892.49,61611.86,61844.75,2295.0,1000,0.0
2026-06-10 20:30:00,61843.62,61867.06,61640.06,61735.88,1533.0,1000,0.0
2026-06-10 21:00:00,61734.65,61742.15,61436.8,61513.87,1757.0,1000,0.0
2026-06-10 21:30:00,61512.86,61664.94,61117.13,61293.43,2165.0,1000,0.0
2026-06-10 22:00:00,61293.52,61304.72,61032.12,61186.54,2935.0,1000,0.0
2026-06-10 22:30:00,61186.98,61519.43,61179.16,61324.25,2492.0,1000,0.0
2026-06-10 23:00:00,61317.2,61526.77,61099.74,61488.58,2444.0,1000,0.0
2026-06-10 23:30:00,61489.73,61556.79,61406.75,61449.09,1447.0,1000,0.0
2026-06-11 00:00:00,61450.27,61923.06,61450.27,61829.85,2558.0,1000,0.0
2026-06-11 00:30:00,61824.6,61873.58,61706.19,61760.83,1859.0,1000,0.0
2026-06-11 01:00:00,61760.65,62177.57,61759.09,62112.71,2267.0,1000,0.0
2026-06-11 01:30:00,62115.16,62319.26,62033.27,62146.74,1958.0,1000,0.0
2026-06-11 02:00:00,62146.65,62242.86,61979.79,61998.72,1868.0,1000,0.0
2026-06-11 02:30:00,61999.09,62158.38,61873.89,62068.85,1851.0,1000,0.0
2026-06-11 03:00:00,62073.81,62118.77,61932.6,62037.72,1398.0,1000,0.0
2026-06-11 03:30:00,62036.0,62827.23,62031.6,62600.09,2958.0,1000,0.0
2026-06-11 04:00:00,62605.12,62661.66,62499.17,62540.41,1804.0,1000,0.0
2026-06-11 04:30:00,62540.51,62779.66,62463.7,62646.93,1524.0,1000,0.0
2026-06-11 05:00:00,62647.28,62656.97,62485.33,62560.41,1460.0,1000,0.0
2026-06-11 05:30:00,62560.31,62639.99,62518.43,62539.79,1303.0,1000,0.0
2026-06-11 06:00:00,62545.16,62943.54,62459.71,62805.97,1972.0,1000,0.0
2026-06-11 06:30:00,62803.86,62934.34,62677.83,62687.97,1341.0,1000,0.0
2026-06-11 07:00:00,62686.04,62728.55,62538.62,62716.54,1321.0,1000,0.0
2026-06-11 07:30:00,62716.88,62767.84,62532.4,62647.16,1080.0,1000,0.0
2026-06-11 08:00:00,62642.21,62892.21,62638.33,62876.25,1247.0,1000,0.0
2026-06-11 08:30:00,62876.06,62984.93,62767.99,62882.69,1125.0,1000,0.0
2026-06-11 09:00:00,62879.97,62891.9,62706.23,62738.89,1096.0,1000,0.0
2026-06-11 09:30:00,62739.23,62924.75,62737.35,62853.04,1004.0,1000,0.0
2026-06-11 10:00:00,62853.13,62899.97,62720.73,62773.2,1233.0,1000,0.0
2026-06-11 10:30:00,62776.22,63148.91,62764.91,63074.89,1558.0,1000,0.0
2026-06-11 11:00:00,63073.46,63151.96,62977.78,63088.51,1453.0,1000,0.0
2026-06-11 11:30:00,63095.73,63201.94,63013.38,63047.39,1476.0,1000,0.0
2026-06-11 12:00:00,63047.23,63136.08,62590.84,62618.44,2840.0,1000,0.0
2026-06-11 12:30:00,62616.1,62993.13,62427.55,62934.58,3871.0,1000,0.0
2026-06-11 13:00:00,62935.84,62992.03,62715.7,62747.42,1809.0,1000,0.0
2026-06-11 13:30:00,62749.19,63174.5,62598.37,63019.4,4526.0,1000,0.0
2026-06-11 14:00:00,63016.93,63032.05,62664.16,62944.57,3787.0,1000,0.0
2026-06-11 14:30:00,62943.03,63008.4,62659.42,62662.06,2982.0,1000,0.0
2026-06-11 15:00:00,62657.85,62802.31,62453.14,62663.36,3391.0,1000,0.0
2026-06-11 15:30:00,62658.98,62821.84,62493.82,62683.06,2566.0,1000,0.0
2026-06-11 16:00:00,62682.72,62773.03,62504.65,62564.56,2208.0,1000,0.0
2026-06-11 16:30:00,62565.38,62738.16,62474.74,62502.98,2301.0,1000,0.0
2026-06-11 17:00:00,62502.19,62905.91,62267.63,62876.39,3624.0,1000,0.0
2026-06-11 17:30:00,62874.78,63600.42,62874.78,63566.23,7744.0,1000,0.0
2026-06-11 18:00:00,63563.4,63723.02,63244.06,63326.14,4159.0,1000,0.0
2026-06-11 18:30:00,63325.87,63508.26,63294.72,63388.94,1675.0,1000,0.0
2026-06-11 19:00:00,63385.92,63643.36,63309.52,63531.42,2355.0,1000,0.0
2026-06-11 19:30:00,63530.47,63873.2,63525.89,63540.16,2806.0,1000,0.0
2026-06-11 20:00:00,63567.27,63608.07,63258.74,63321.11,1425.0,1000,0.0
2026-06-11 20:30:00,63319.33,63351.23,63203.77,63328.88,1067.0,1000,0.0
2026-06-11 21:00:00,63328.56,63543.49,63325.98,63429.33,926.0,1000,0.0
2026-06-11 21:30:00,63422.26,63519.66,63390.08,63459.06,1123.0,1000,0.0
2026-06-11 22:00:00,63459.57,63618.46,63438.72,63533.56,1489.0,1000,0.0
2026-06-11 22:30:00,63536.44,63583.55,63390.92,63437.5,986.0,1000,0.0
2026-06-11 23:00:00,63439.97,63439.97,63289.7,63317.21,1204.0,1000,0.0
2026-06-11 23:30:00,63317.14,63673.62,63311.3,63562.96,1227.0,1000,0.0
2026-06-12 00:00:00,63562.21,63742.71,63449.9,63544.89,1478.0,1000,0.0
2026-06-12 00:30:00,63544.33,63674.81,63493.93,63575.65,1260.0,1000,0.0
2026-06-12 01:00:00,63576.94,63576.94,63221.56,63278.18,1690.0,1000,0.0
2026-06-12 01:30:00,63276.89,63387.96,63225.53,63348.92,1451.0,1000,0.0
2026-06-12 02:00:00,63350.35,63700.91,63349.42,63478.47,1461.0,1000,0.0
2026-06-12 02:30:00,63479.33,63560.07,63403.48,63535.83,1126.0,1000,0.0
2026-06-12 03:00:00,63540.39,63569.05,63261.38,63344.36,1095.0,1000,0.0
2026-06-12 03:30:00,63346.56,63447.31,63346.56,63429.67,1157.0,1000,0.0
2026-06-12 04:00:00,63431.81,63725.64,63334.16,63705.23,1514.0,1000,0.0
2026-06-12 04:30:00,63702.91,63784.89,63590.83,63608.52,1172.0,1000,0.0
2026-06-12 05:00:00,63614.79,63639.98,63326.62,63408.3,1310.0,1000,0.0
2026-06-12 05:30:00,63407.58,63419.44,63210.49,63261.28,1410.0,1000,0.0
2026-06-12 06:00:00,63262.26,63331.61,63000.36,63063.29,1676.0,1000,0.0
2026-06-12 06:30:00,63059.31,63062.4,62749.02,62905.84,2091.0,1000,0.0
2026-06-12 07:00:00,62907.23,63045.83,62861.29,62939.44,1555.0,1000,0.0
2026-06-12 07:30:00,62938.03,63128.88,62893.82,63019.72,1360.0,1000,0.0
2026-06-12 08:00:00,63018.37,63539.16,63011.91,63447.91,2176.0,1000,0.0
2026-06-12 08:30:00,63451.9,63461.07,63277.16,63386.37,1222.0,1000,0.0
2026-06-12 09:00:00,63385.01,63716.57,63343.53,63689.21,1723.0,1000,0.0
2026-06-12 09:30:00,63686.58,63887.4,63670.52,63685.8,1734.0,1000,0.0
2026-06-12 10:00:00,63685.1,63781.67,63500.71,63539.63,1714.0,1000,0.0
2026-06-12 10:30:00,63538.89,63685.51,63529.9,63622.42,1274.0,1000,0.0
2026-06-12 11:00:00,63622.24,63814.12,63607.38,63745.54,1461.0,1000,0.0
2026-06-12 11:30:00,63745.2,63818.67,63610.73,63684.98,1407.0,1000,0.0
2026-06-12 12:00:00,63683.3,63701.04,63382.93,63402.67,1584.0,1000,0.0
2026-06-12 12:30:00,63402.47,63498.28,63299.33,63393.25,1897.0,1000,0.0
2026-06-12 13:00:00,63392.26,63465.68,63272.21,63338.09,1559.0,1000,0.0
2026-06-12 13:30:00,63340.95,63383.26,62976.76,63153.47,4838.0,1000,0.0
2026-06-12 14:00:00,63153.23,63604.83,63113.23,63568.76,4071.0,1000,0.0
2026-06-12 14:30:00,63568.52,63963.74,63407.46,63945.84,4452.0,1000,0.0
2026-06-12 15:00:00,63952.82,64350.77,63837.67,64089.9,4472.0,1000,0.0
2026-06-12 15:30:00,64087.06,64087.06,63510.47,63551.14,3842.0,1000,0.0
2026-06-12 16:00:00,63555.22,63961.31,63471.44,63866.27,3649.0,1000,0.0
2026-06-12 16:30:00,63863.41,63970.76,63728.93,63944.23,2347.0,1000,0.0
2026-06-12 17:00:00,63945.11,64075.82,63690.28,63777.12,1917.0,1000,0.0
2026-06-12 17:30:00,63776.04,63878.63,63708.69,63822.63,1903.0,1000,0.0
2026-06-12 18:00:00,63823.46,63899.16,63641.0,63733.29,1882.0,1000,0.0
2026-06-12 18:30:00,63733.62,63881.1,63626.14,63646.95,1533.0,1000,0.0
2026-06-12 19:00:00,63654.89,63747.72,63602.42,63692.01,1161.0,1000,0.0
2026-06-12 19:30:00,63695.69,63786.6,63545.09,63550.55,1385.0,1000,0.0
2026-06-12 20:00:00,63553.48,63662.57,63460.72,63482.18,1102.0,1000,0.0
2026-06-12 20:30:00,63482.09,63527.79,63347.98,63408.85,1220.0,1000,0.0
2026-06-12 21:00:00,63410.7,63597.61,63403.11,63475.25,816.0,1000,0.0
2026-06-12 21:30:00,63475.31,63543.26,63402.71,63441.57,1020.0,1000,0.0
2026-06-12 22:00:00,63441.64,63622.54,63436.75,63558.57,1019.0,1000,0.0
2026-06-12 22:30:00,63559.15,63586.89,63422.65,63473.71,840.0,1000,0.0
2026-06-12 23:00:00,63472.39,63481.65,63378.49,63413.87,794.0,1000,0.0
2026-06-12 23:30:00,63413.94,63545.56,63397.87,63544.47,819.0,1000,0.0
2026-06-13 00:00:00,63538.58,63574.22,63486.11,63491.31,887.0,1000,0.0
2026-06-13 00:30:00,63483.11,63620.35,63466.87,63561.28,798.0,1000,0.0
2026-06-13 01:00:00,63565.05,63673.55,63564.21,63618.89,815.0,1000,0.0
2026-06-13 01:30:00,63616.28,63821.68,63597.21,63792.65,980.0,1000,0.0
2026-06-13 02:00:00,63793.71,63801.03,63638.56,63682.58,770.0,1000,0.0
2026-06-13 02:30:00,63680.38,63692.2,63511.89,63602.21,826.0,1000,0.0
2026-06-13 03:00:00,63605.92,63684.04,63359.57,63479.73,938.0,1000,0.0
2026-06-13 03:30:00,63479.39,63529.24,63443.28,63494.48,696.0,1000,0.0
2026-06-13 04:00:00,63495.94,63553.49,63441.8,63502.93,699.0,1000,0.0
2026-06-13 04:30:00,63501.84,63616.43,63464.71,63477.7,731.0,1000,0.0
2026-06-13 05:00:00,63482.63,63565.47,63449.15,63533.43,800.0,1000,0.0
2026-06-13 05:30:00,63535.39,63553.54,63459.08,63544.64,723.0,1000,0.0
2026-06-13 06:00:00,63545.36,63640.9,63512.3,63636.42,742.0,1000,0.0
2026-06-13 06:30:00,63640.81,63711.93,63604.42,63699.17,684.0,1000,0.0
2026-06-13 07:00:00,63698.81,63776.02,63631.91,63745.93,858.0,1000,0.0
2026-06-13 07:30:00,63744.99,63866.28,63704.12,63812.68,928.0,1000,0.0
2026-06-13 08:00:00,63809.98,63855.95,63718.99,63759.77,886.0,1000,0.0
2026-06-13 08:30:00,63759.77,63883.9,63753.63,63759.53,723.0,1000,0.0
2026-06-13 09:00:00,63771.33,63826.27,63739.55,63780.83,663.0,1000,0.0
2026-06-13 09:30:00,63785.06,63794.3,63698.5,63710.3,628.0,1000,0.0
2026-06-13 10:00:00,63711.33,63753.88,63673.23,63726.71,601.0,1000,0.0
2026-06-13 10:30:00,63730.95,63871.06,63730.95,63794.08,834.0,1000,0.0
2026-06-13 11:00:00,63798.92,63936.02,63795.14,63907.42,826.0,1000,0.0
2026-06-13 11:30:00,63909.19,63932.13,63851.74,63924.5,628.0,1000,0.0
2026-06-13 12:00:00,63924.51,63937.49,63876.69,63922.55,726.0,1000,0.0
2026-06-13 12:30:00,63914.95,64179.42,63914.95,64098.17,1073.0,1000,0.0
2026-06-13 13:00:00,64101.71,64201.02,64035.16,64187.14,818.0,1000,0.0
2026-06-13 13:30:00,64188.51,64218.85,64019.43,64061.9,1009.0,1000,0.0
2026-06-13 14:00:00,64058.37,64154.29,64038.16,64084.23,821.0,1000,0.0
2026-06-13 14:30:00,64090.43,64199.25,64090.43,64183.11,798.0,1000,0.0
2026-06-13 15:00:00,64182.6,64301.1,64143.5,64246.57,915.0,1000,0.0
2026-06-13 15:30:00,64246.67,64314.52,64150.07,64256.73,965.0,1000,0.0
2026-06-13 16:00:00,64260.78,64277.71,63926.17,63950.47,1439.0,1000,0.0
2026-06-13 16:30:00,63952.78,64131.25,63868.16,63980.92,1335.0,1000,0.0
2026-06-13 17:00:00,63982.23,64057.59,63900.71,64054.44,917.0,1000,0.0
2026-06-13 17:30:00,64054.93,64089.24,63903.25,63938.76,814.0,1000,0.0
2026-06-13 18:00:00,63938.13,64183.93,63934.85,64158.5,681.0,1000,0.0
2026-06-13 18:30:00,64164.27,64255.58,64018.56,64117.97,989.0,1000,0.0
2026-06-13 19:00:00,64122.3,64174.52,64109.04,64156.49,705.0,1000,0.0
2026-06-13 19:30:00,64156.17,64304.45,64113.71,64271.82,859.0,1000,0.0
2026-06-13 20:00:00,64267.4,64273.32,64199.35,64215.14,676.0,1000,0.0
2026-06-13 20:30:00,64215.21,64255.3,64198.92,64250.3,584.0,1000,0.0
2026-06-13 21:00:00,64255.12,64287.19,64185.12,64221.98,648.0,1000,0.0
2026-06-13 21:30:00,64221.95,64742.91,64221.95,64431.79,2100.0,1000,0.0
2026-06-13 22:00:00,64434.13,64516.13,64345.96,64482.26,1062.0,1000,0.0
2026-06-13 22:30:00,64482.85,64541.15,64422.35,64424.11,974.0,1000,0.0
2026-06-13 23:00:00,64423.37,64581.58,64408.06,64424.46,835.0,1000,0.0
2026-06-13 23:30:00,64423.8,64464.96,64354.94,64427.92,771.0,1000,0.0
2026-06-14 00:00:00,64417.54,64504.41,64346.29,64438.23,912.0,1000,0.0
2026-06-14 00:30:00,64438.13,64556.93,64432.73,64527.86,851.0,1000,0.0
2026-06-14 01:00:00,64528.26,64692.47,64476.57,64624.75,1146.0,1000,0.0
2026-06-14 01:30:00,64622.92,64622.92,64528.52,64541.56,847.0,1000,0.0
2026-06-14 02:00:00,64545.19,64610.39,64489.98,64517.39,839.0,1000,0.0
2026-06-14 02:30:00,64518.44,64534.43,64436.18,64458.33,745.0,1000,0.0
2026-06-14 03:00:00,64458.39,64518.92,64437.86,64491.8,651.0,1000,0.0
2026-06-14 03:30:00,64497.22,64520.94,64427.0,64513.0,789.0,1000,0.0
2026-06-14 04:00:00,64517.85,64532.14,64431.18,64442.42,578.0,1000,0.0
2026-06-14 04:30:00,64440.46,64448.88,64282.22,64308.1,744.0,1000,0.0
2026-06-14 05:00:00,64308.18,64364.42,64261.44,64284.3,702.0,1000,0.0
2026-06-14 05:30:00,64280.58,64383.88,64261.87,64322.3,674.0,1000,0.0
2026-06-14 06:00:00,64322.18,64456.44,64294.71,64360.95,794.0,1000,0.0
2026-06-14 06:30:00,64359.13,64359.13,64210.2,64258.81,867.0,1000,0.0
2026-06-14 07:00:00,64259.96,64341.87,64183.57,64316.11,680.0,1000,0.0
2026-06-14 07:30:00,64318.39,64412.39,64259.52,64389.36,676.0,1000,0.0
2026-06-14 08:00:00,64396.92,64490.05,64353.69,64448.5,767.0,1000,0.0
2026-06-14 08:30:00,64455.39,64475.72,64399.46,64425.73,649.0,1000,0.0
2026-06-14 09:00:00,64423.63,64443.7,64274.54,64315.2,745.0,1000,0.0
2026-06-14 09:30:00,64314.32,64589.15,64304.49,64575.83,947.0,1000,0.0
2026-06-14 10:00:00,64577.8,64615.01,64449.27,64556.61,826.0,1000,0.0
2026-06-14 10:30:00,64562.55,64639.49,64473.77,64485.92,719.0,1000,0.0
2026-06-14 11:00:00,64485.99,64567.7,64413.99,64538.25,811.0,1000,0.0
2026-06-14 11:30:00,64543.98,64606.55,64504.37,64517.35,602.0,1000,0.0
2026-06-14 12:00:00,64514.65,64534.49,64423.86,64424.84,714.0,1000,0.0
2026-06-14 12:30:00,64424.78,64446.69,64251.87,64293.32,914.0,1000,0.0
2026-06-14 13:00:00,64293.4,64366.11,64209.8,64246.5,828.0,1000,0.0
2026-06-14 13:30:00,64246.57,64353.49,64206.45,64290.21,962.0,1000,0.0
2026-06-14 14:00:00,64293.84,64313.59,64109.89,64120.83,1072.0,1000,0.0
2026-06-14 14:30:00,64119.07,64149.45,63822.01,63944.26,1946.0,1000,0.0
2026-06-14 15:00:00,63943.86,64118.52,63936.6,64031.44,1203.0,1000,0.0
2026-06-14 15:30:00,64027.85,64081.41,63964.08,63993.94,891.0,1000,0.0
2026-06-14 16:00:00,63988.1,64179.94,63962.7,64101.19,969.0,1000,0.0
2026-06-14 16:30:00,64098.99,64159.39,63889.31,63904.59,1008.0,1000,0.0
2026-06-14 17:00:00,63914.28,63983.9,63852.27,63867.76,856.0,1000,0.0
2026-06-14 17:30:00,63872.38,63936.94,63636.89,63697.81,1208.0,1000,0.0
2026-06-14 18:00:00,63700.1,63765.34,63633.46,63683.01,975.0,1000,0.0
2026-06-14 18:30:00,63679.81,63781.66,63679.81,63775.19,693.0,1000,0.0
2026-06-14 19:00:00,63772.73,63822.76,63686.77,63754.44,750.0,1000,0.0
2026-06-14 19:30:00,63759.6,63799.96,63701.19,63764.1,599.0,1000,0.0
2026-06-14 20:00:00,63766.97,63931.71,63749.79,63885.54,744.0,1000,0.0
2026-06-14 20:30:00,63885.75,64061.52,63872.7,63969.54,896.0,1000,0.0
2026-06-14 21:00:00,63973.94,64964.84,63958.71,64735.02,3461.0,1000,0.0
2026-06-14 21:30:00,64751.18,65644.83,64637.7,65278.55,5591.0,1000,0.0
2026-06-14 22:00:00,65286.87,65509.89,64913.51,65167.18,4758.0,1000,0.0
2026-06-14 22:30:00,65169.58,65547.08,65132.31,65382.39,2683.0,1000,0.0
2026-06-14 23:00:00,65384.98,65713.36,65216.02,65638.44,2635.0,1000,0.0
2026-06-14 23:30:00,65640.21,65772.55,65483.03,65701.62,2044.0,1000,0.0
2026-06-15 00:00:00,65693.86,65879.77,65584.89,65716.8,2488.0,1000,0.0
2026-06-15 00:30:00,65714.76,65735.68,65441.06,65591.56,1632.0,1000,0.0
2026-06-15 01:00:00,65588.5,65596.95,65309.86,65360.23,1707.0,1000,0.0
2026-06-15 01:30:00,65362.08,65704.38,65343.34,65485.73,1519.0,1000,0.0
2026-06-15 02:00:00,65484.86,65751.18,65402.95,65609.85,1483.0,1000,0.0
2026-06-15 02:30:00,65600.83,65640.64,65382.4,65422.0,1032.0,1000,0.0
2026-06-15 03:00:00,65430.03,65707.19,65393.48,65687.45,1171.0,1000,0.0
2026-06-15 03:30:00,65686.76,65986.16,65648.65,65888.95,1483.0,1000,0.0
2026-06-15 04:00:00,65883.89,65891.14,65660.25,65687.17,1123.0,1000,0.0
2026-06-15 04:30:00,65687.79,65712.29,65593.51,65605.08,983.0,1000,0.0
2026-06-15 05:00:00,65603.3,65836.67,65565.43,65793.27,1064.0,1000,0.0
2026-06-15 05:30:00,65795.35,65829.57,65663.0,65814.73,872.0,1000,0.0
2026-06-15 06:00:00,65815.22,65923.72,65776.31,65895.43,1036.0,1000,0.0
2026-06-15 06:30:00,65895.67,65914.72,65730.86,65767.54,1035.0,1000,0.0
2026-06-15 07:00:00,65762.16,65973.89,65644.71,65914.52,1273.0,1000,0.0
2026-06-15 07:30:00,65914.39,65914.39,65578.87,65635.19,1040.0,1000,0.0
2026-06-15 08:00:00,65634.15,65717.48,65567.89,65634.84,908.0,1000,0.0
2026-06-15 08:30:00,65638.86,65761.57,65584.23,65614.63,885.0,1000,0.0
2026-06-15 09:00:00,65614.74,65741.33,65607.48,65610.25,784.0,1000,0.0
2026-06-15 09:30:00,65608.47,65621.01,65459.37,65546.4,980.0,1000,0.0
2026-06-15 10:00:00,65546.2,65719.96,65534.39,65677.73,809.0,1000,0.0
2026-06-15 10:30:00,65678.92,65936.75,65658.26,65877.67,1375.0,1000,0.0
2026-06-15 11:00:00,65877.23,66350.2,65803.12,66224.13,3065.0,1000,0.0
2026-06-15 11:30:00,66224.37,66271.99,66078.59,66188.32,1683.0,1000,0.0
2026-06-15 12:00:00,66196.95,66296.3,66051.86,66234.06,1740.0,1000,0.0
2026-06-15 12:30:00,66235.21,66574.27,66143.27,66528.38,2045.0,1000,0.0
2026-06-15 13:00:00,66529.33,66916.85,66437.38,66803.2,3301.0,1000,0.0
2026-06-15 13:30:00,66801.7,66852.49,66360.62,66402.34,3755.0,1000,0.0
2026-06-15 14:00:00,66403.21,66517.3,66240.86,66515.58,2669.0,1000,0.0
2026-06-15 14:30:00,66517.35,66633.04,66372.52,66543.22,1635.0,1000,0.0
2026-06-15 15:00:00,66540.35,66690.8,66529.01,66613.85,1363.0,1000,0.0
2026-06-15 15:30:00,66617.08,67254.92,66564.04,67252.22,3079.0,1000,0.0
2026-06-15 16:00:00,67255.34,67262.82,67056.98,67155.8,2202.0,1000,0.0
2026-06-15 16:30:00,67151.85,67244.22,67051.09,67123.47,1523.0,1000,0.0
2026-06-15 17:00:00,67120.42,67120.42,66726.09,66785.76,1978.0,1000,0.0
2026-06-15 17:30:00,66785.9,66915.11,66633.99,66824.67,1480.0,1000,0.0
2026-06-15 18:00:00,66823.61,66904.63,66678.07,66790.07,1564.0,1000,0.0
2026-06-15 18:30:00,66790.2,66891.38,66710.35,66729.51,1267.0,1000,0.0
2026-06-15 19:00:00,66733.66,66862.49,66317.77,66504.9,2164.0,1000,0.0
2026-06-15 19:30:00,66504.66,66718.19,66460.11,66579.03,1782.0,1000,0.0
2026-06-15 20:00:00,66580.82,66606.05,66470.6,66544.78,1326.0,1000,0.0
2026-06-15 20:30:00,66542.18,66662.68,66445.72,66493.87,1024.0,1000,0.0
2026-06-15 21:00:00,66491.43,66530.06,66351.18,66380.79,1005.0,1000,0.0
2026-06-15 21:30:00,66379.89,66445.72,66282.89,66339.25,1172.0,1000,0.0
2026-06-15 22:00:00,66339.34,66439.62,66060.67,66123.05,1700.0,1000,0.0
2026-06-15 22:30:00,66123.69,66341.64,66063.72,66162.12,2122.0,1000,0.0
2026-06-15 23:00:00,66162.19,66258.89,66104.16,66195.82,1421.0,1000,0.0
2026-06-15 23:30:00,66197.32,66330.29,66068.76,66279.89,1249.0,1000,0.0
2026-06-16 00:00:00,66279.36,66384.69,66193.74,66213.86,1185.0,1000,0.0
2026-06-16 00:30:00,66207.16,66426.57,66192.46,66217.38,1381.0,1000,0.0
2026-06-16 01:00:00,66217.64,66341.41,66197.99,66323.25,1314.0,1000,0.0
2026-06-16 01:30:00,66322.37,66381.17,66279.41,66304.09,963.0,1000,0.0
2026-06-16 02:00:00,66304.26,66328.07,65716.74,65730.14,1885.0,1000,0.0
2026-06-16 02:30:00,65731.77,65883.85,65643.54,65705.87,1815.0,1000,0.0
2026-06-16 03:00:00,65710.0,65966.93,65591.5,65937.69,1595.0,1000,0.0
2026-06-16 03:30:00,65936.3,66126.34,65924.96,66115.86,1041.0,1000,0.0
2026-06-16 04:00:00,66122.65,66240.06,65933.06,65933.06,1121.0,1000,0.0
2026-06-16 04:30:00,65932.2,65932.2,65760.23,65804.57,1343.0,1000,0.0
2026-06-16 05:00:00,65808.27,66085.88,65805.77,66027.83,1266.0,1000,0.0
2026-06-16 05:30:00,66028.3,66112.92,65964.28,66021.54,1130.0,1000,0.0
2026-06-16 06:00:00,66018.53,66320.6,66014.72,66295.9,1160.0,1000,0.0
2026-06-16 06:30:00,66295.53,66537.3,66244.84,66400.53,1345.0,1000,0.0
2026-06-16 07:00:00,66402.25,66494.55,66269.23,66294.83,1340.0,1000,0.0
2026-06-16 07:30:00,66294.31,66392.64,66258.6,66337.29,1057.0,1000,0.0
2026-06-16 08:00:00,66337.29,66534.45,66298.88,66510.59,1271.0,1000,0.0
2026-06-16 08:30:00,66507.88,66951.57,66457.39,66860.7,2238.0,1000,0.0
2026-06-16 09:00:00,66860.22,66874.88,66510.75,66571.31,1653.0,1000,0.0
2026-06-16 09:30:00,66568.99,66697.53,66425.86,66469.29,1314.0,1000,0.0
2026-06-16 10:00:00,66467.5,66744.99,66448.72,66617.11,1268.0,1000,0.0
2026-06-16 10:30:00,66621.16,66630.55,66435.29,66459.09,1172.0,1000,0.0
2026-06-16 11:00:00,66462.04,66602.22,66342.64,66424.68,1266.0,1000,0.0
2026-06-16 11:30:00,66425.24,66445.02,66307.29,66439.19,1060.0,1000,0.0
2026-06-16 12:00:00,66438.36,66639.3,66351.7,66539.71,1884.0,1000,0.0
2026-06-16 12:30:00,66540.78,66767.25,66301.43,66371.45,2605.0,1000,0.0
2026-06-16 13:00:00,66369.29,66420.04,65955.08,65964.79,2646.0,1000,0.0
2026-06-16 13:30:00,65961.67,66153.9,65864.64,65988.37,3472.0,1000,0.0
2026-06-16 14:00:00,65987.85,66213.12,65447.0,65516.88,4220.0,1000,0.0
2026-06-16 14:30:00,65490.16,65730.12,65301.52,65606.67,3553.0,1000,0.0
2026-06-16 15:00:00,65608.01,65856.89,65554.08,65763.35,2578.0,1000,0.0
2026-06-16 15:30:00,65766.44,65955.46,65637.55,65816.9,2502.0,1000,0.0
2026-06-16 16:00:00,65814.06,65906.68,65662.08,65734.78,1793.0,1000,0.0
2026-06-16 16:30:00,65732.76,65817.53,65637.26,65700.07,1588.0,1000,0.0
2026-06-16 17:00:00,65702.13,65810.2,65643.48,65691.75,1308.0,1000,0.0
2026-06-16 17:30:00,65688.85,65961.33,65645.89,65910.77,1702.0,1000,0.0
2026-06-16 18:00:00,65914.35,66198.85,65806.56,65856.07,1880.0,1000,0.0
2026-06-16 18:30:00,65854.82,65922.24,65729.25,65791.57,1424.0,1000,0.0
2026-06-16 19:00:00,65790.21,65790.21,65491.08,65635.82,1682.0,1000,0.0
2026-06-16 19:30:00,65639.6,65724.06,65490.29,65617.77,1580.0,1000,0.0
2026-06-16 20:00:00,65616.07,65786.6,65522.71,65663.38,1153.0,1000,0.0
2026-06-16 20:30:00,65663.17,65806.78,65651.48,65789.44,782.0,1000,0.0
2026-06-16 21:00:00,65790.26,65884.4,65644.94,65669.52,920.0,1000,0.0
2026-06-16 21:30:00,65667.4,65723.08,65568.04,65711.15,864.0,1000,0.0
2026-06-16 22:00:00,65711.08,65821.63,65643.08,65707.49,980.0,1000,0.0
2026-06-16 22:30:00,65701.57,65730.28,65612.25,65710.86,844.0,1000,0.0
2026-06-16 23:00:00,65718.09,65778.48,65580.13,65668.83,895.0,1000,0.0
2026-06-16 23:30:00,65665.84,65715.17,65548.77,65614.7,919.0,1000,0.0
2026-06-17 00:00:00,65613.06,65744.59,65613.06,65668.17,1048.0,1000,0.0
2026-06-17 00:30:00,65668.93,65790.71,65627.94,65649.46,1052.0,1000,0.0
2026-06-17 01:00:00,65652.2,65768.65,65403.84,65529.48,1618.0,1000,0.0
2026-06-17 01:30:00,65530.3,65902.05,65475.63,65871.63,1508.0,1000,0.0
2026-06-17 02:00:00,65874.3,66069.63,65771.4,66045.15,1378.0,1000,0.0
2026-06-17 02:30:00,66048.14,66052.83,65724.67,65849.51,1323.0,1000,0.0
2026-06-17 03:00:00,65847.24,65850.94,65641.21,65715.98,1043.0,1000,0.0
2026-06-17 03:30:00,65713.38,65823.76,65702.1,65791.59,926.0,1000,0.0
2026-06-17 04:00:00,65793.78,65851.58,65722.61,65831.36,933.0,1000,0.0
2026-06-17 04:30:00,65830.4,65987.86,65795.17,65820.0,866.0,1000,0.0
2026-06-17 05:00:00,65821.72,65921.94,65676.3,65781.17,1012.0,1000,0.0
2026-06-17 05:30:00,65780.77,65867.23,65700.49,65765.19,898.0,1000,0.0
2026-06-17 06:00:00,65765.16,65844.23,65582.13,65585.41,915.0,1000,0.0
2026-06-17 06:30:00,65588.6,65675.94,65508.7,65563.78,1127.0,1000,0.0
2026-06-17 07:00:00,65554.27,65649.62,65405.71,65498.22,1335.0,1000,0.0
2026-06-17 07:30:00,65498.78,65538.0,65173.46,65469.59,1654.0,1000,0.0
2026-06-17 08:00:00,65465.15,65514.04,65177.74,65255.18,1645.0,1000,0.0
2026-06-17 08:30:00,65259.44,65259.44,64772.3,64867.81,2514.0,1000,0.0
2026-06-17 09:00:00,64866.52,65018.59,64840.35,64986.59,1413.0,1000,0.0
2026-06-17 09:30:00,64981.62,65008.18,64775.09,64853.13,1198.0,1000,0.0
2026-06-17 10:00:00,64854.34,64935.99,64740.27,64885.1,1436.0,1000,0.0
2026-06-17 10:30:00,64885.52,64917.57,64702.23,64748.96,1176.0,1000,0.0
2026-06-17 11:00:00,64746.31,64797.92,64494.71,64636.09,2330.0,1000,0.0
2026-06-17 11:30:00,64637.35,64823.4,64602.64,64751.03,1359.0,1000,0.0
2026-06-17 12:00:00,64750.38,64824.19,64587.12,64637.5,1827.0,1000,0.0
2026-06-17 12:30:00,64638.57,65060.37,64531.17,64980.92,1785.0,1000,0.0
2026-06-17 13:00:00,64980.07,65034.95,64805.57,64864.56,1524.0,1000,0.0
2026-06-17 13:30:00,64860.79,65320.46,64777.99,65220.06,3123.0,1000,0.0
2026-06-17 14:00:00,65217.26,65420.47,65074.39,65187.64,2656.0,1000,0.0
2026-06-17 14:30:00,65198.42,65241.01,64697.62,65053.64,3629.0,1000,0.0
2026-06-17 15:00:00,65052.74,65376.64,64922.91,65281.88,2614.0,1000,0.0
2026-06-17 15:30:00,65283.52,65809.54,65206.39,65691.47,2682.0,1000,0.0
2026-06-17 16:00:00,65691.04,66400.2,65659.94,66197.0,3131.0,1000,0.0
2026-06-17 16:30:00,66199.13,66258.03,65785.6,65816.83,2407.0,1000,0.0
2026-06-17 17:00:00,65817.45,65968.76,65733.9,65909.67,1827.0,1000,0.0
2026-06-17 17:30:00,65917.63,66149.38,65758.85,66041.32,1975.0,1000,0.0
2026-06-17 18:00:00,66045.69,66066.13,64744.83,65350.62,8483.0,1000,0.0
2026-06-17 18:30:00,65350.72,66021.38,65220.93,65463.25,7752.0,1000,0.0
2026-06-17 19:00:00,65463.73,65610.49,64285.39,64428.05,7293.0,1000,0.0
2026-06-17 19:30:00,64417.08,64630.19,63989.2,64246.03,7041.0,1000,0.0
2026-06-17 20:00:00,64248.21,64409.69,64143.75,64316.68,2788.0,1000,0.0
2026-06-17 20:30:00,64317.76,64440.59,64108.88,64377.6,1624.0,1000,0.0
2026-06-17 21:00:00,64379.74,64399.74,64197.91,64209.2,1299.0,1000,0.0
2026-06-17 21:30:00,64211.32,64357.14,64073.35,64199.51,1283.0,1000,0.0
2026-06-17 22:00:00,64199.6,64320.63,63850.94,64302.28,2202.0,1000,0.0
2026-06-17 22:30:00,64303.89,64382.44,64177.42,64239.29,1232.0,1000,0.0
2026-06-17 23:00:00,64247.32,64470.4,64185.86,64443.84,1355.0,1000,0.0
2026-06-17 23:30:00,64444.32,64469.92,64337.51,64442.86,1118.0,1000,0.0
2026-06-18 00:00:00,64445.61,64651.74,64421.13,64530.53,1464.0,1000,0.0
2026-06-18 00:30:00,64531.95,64642.89,64386.32,64398.91,1375.0,1000,0.0
2026-06-18 01:00:00,64398.21,64751.28,64393.52,64606.61,1688.0,1000,0.0
2026-06-18 01:30:00,64606.38,64697.01,64414.93,64493.16,1163.0,1000,0.0
2026-06-18 02:00:00,64496.96,64683.61,64414.15,64638.64,1366.0,1000,0.0
2026-06-18 02:30:00,64638.74,64721.66,64608.91,64621.4,1003.0,1000,0.0
2026-06-18 03:00:00,64619.33,64622.12,64241.09,64246.71,1204.0,1000,0.0
2026-06-18 03:30:00,64248.64,64343.91,64192.68,64225.06,1267.0,1000,0.0
2026-06-18 04:00:00,64223.98,64270.65,63755.11,63874.48,2722.0,1000,0.0
2026-06-18 04:30:00,63875.89,63922.07,63758.38,63811.71,1648.0,1000,0.0
2026-06-18 05:00:00,63811.8,63938.27,63616.75,63851.33,2266.0,1000,0.0
2026-06-18 05:30:00,63853.11,63961.49,63777.11,63923.31,1411.0,1000,0.0
2026-06-18 06:00:00,63923.87,64015.1,63770.75,63923.87,1407.0,1000,0.0
2026-06-18 06:30:00,63917.2,64061.19,63895.65,64010.75,1070.0,1000,0.0
2026-06-18 07:00:00,64018.07,64252.13,63941.27,64224.47,1183.0,1000,0.0
2026-06-18 07:30:00,64225.91,64450.55,64181.45,64433.77,1221.0,1000,0.0
2026-06-18 08:00:00,64441.32,64595.68,64310.11,64517.71,1584.0,1000,0.0
2026-06-18 08:30:00,64517.45,64550.28,64311.7,64337.34,1266.0,1000,0.0
2026-06-18 09:00:00,64336.54,64426.56,64176.52,64198.22,1283.0,1000,0.0
2026-06-18 09:30:00,64197.2,64275.21,64134.94,64146.94,983.0,1000,0.0
2026-06-18 10:00:00,64147.67,64149.35,63852.56,63911.84,1330.0,1000,0.0
2026-06-18 10:30:00,63911.94,64174.58,63884.57,64029.47,1297.0,1000,0.0
2026-06-18 11:00:00,64030.23,64151.27,63850.82,64013.27,1439.0,1000,0.0
2026-06-18 11:30:00,64014.46,64030.78,63819.66,63903.18,1264.0,1000,0.0
2026-06-18 12:00:00,63913.31,64140.98,63859.02,64135.63,1626.0,1000,0.0
2026-06-18 12:30:00,64146.74,64349.35,64062.1,64306.69,1545.0,1000,0.0
2026-06-18 13:00:00,64306.63,64385.66,64219.84,64285.79,1454.0,1000,0.0
2026-06-18 13:30:00,64282.18,64316.81,63709.13,63915.98,3913.0,1000,0.0
2026-06-18 14:00:00,63916.31,64138.14,63631.81,63743.65,4501.0,1000,0.0
2026-06-18 14:30:00,63743.37,64004.44,63513.08,63736.36,3543.0,1000,0.0
2026-06-18 15:00:00,63736.19,63753.08,63109.47,63167.99,4467.0,1000,0.0
2026-06-18 15:30:00,63171.79,63307.93,62211.83,62302.21,6412.0,1000,0.0
2026-06-18 16:00:00,62298.15,62694.39,62263.91,62527.94,3425.0,1000,0.0
2026-06-18 16:30:00,62529.44,62747.81,62429.69,62616.88,2286.0,1000,0.0
2026-06-18 17:00:00,62617.63,62628.63,62180.46,62488.07,2419.0,1000,0.0
2026-06-18 17:30:00,62488.37,62671.02,62423.37,62523.59,1996.0,1000,0.0
2026-06-18 18:00:00,62524.65,62880.86,62492.93,62765.71,2078.0,1000,0.0
2026-06-18 18:30:00,62764.94,62813.79,62536.74,62618.36,1863.0,1000,0.0
2026-06-18 19:00:00,62623.63,62731.8,62546.6,62692.27,1471.0,1000,0.0
2026-06-18 19:30:00,62697.88,62934.85,62684.53,62879.88,1543.0,1000,0.0
2026-06-18 20:00:00,62891.63,63205.79,62883.61,63044.15,1801.0,1000,0.0
2026-06-18 20:30:00,63046.75,63106.1,62961.01,63022.94,988.0,1000,0.0
2026-06-18 21:00:00,63021.91,63055.96,62789.21,62886.59,1131.0,1000,0.0
2026-06-18 21:30:00,62885.61,62931.34,62787.0,62893.29,971.0,1000,0.0
2026-06-18 22:00:00,62893.68,62924.63,62701.14,62771.44,1053.0,1000,0.0
2026-06-18 22:30:00,62773.06,62830.8,62665.46,62820.61,893.0,1000,0.0
2026-06-18 23:00:00,62814.16,62872.18,62676.08,62809.28,1070.0,1000,0.0
2026-06-18 23:30:00,62814.36,62921.0,62784.85,62877.01,960.0,1000,0.0
2026-06-19 00:00:00,62877.02,62933.9,62764.02,62897.49,1283.0,1000,0.0
2026-06-19 00:30:00,62895.79,63022.98,62880.91,62953.37,987.0,1000,0.0
2026-06-19 01:00:00,62952.92,63034.95,62818.17,62863.88,1278.0,1000,0.0
2026-06-19 01:30:00,62865.23,62970.6,62773.35,62955.52,916.0,1000,0.0
2026-06-19 02:00:00,62962.57,63047.61,62878.68,62887.36,1035.0,1000,0.0
2026-06-19 02:30:00,62885.39,62960.46,62816.31,62928.53,894.0,1000,0.0
2026-06-19 03:00:00,62933.72,62964.86,62306.13,62767.47,2482.0,1000,0.0
2026-06-19 03:30:00,62764.79,62767.81,62538.78,62704.47,1529.0,1000,0.0
2026-06-19 04:00:00,62706.25,62855.59,62544.8,62659.67,1450.0,1000,0.0
2026-06-19 04:30:00,62661.16,62666.95,62344.05,62391.14,1801.0,1000,0.0
2026-06-19 05:00:00,62393.34,62608.73,62384.69,62545.17,1389.0,1000,0.0
2026-06-19 05:30:00,62549.87,62687.31,62488.38,62672.15,1147.0,1000,0.0
2026-06-19 06:00:00,62671.9,62800.21,62652.9,62767.6,1065.0,1000,0.0
2026-06-19 06:30:00,62767.78,62860.71,62662.34,62828.65,1007.0,1000,0.0
2026-06-19 07:00:00,62829.78,62868.56,62641.91,62681.48,1023.0,1000,0.0
2026-06-19 07:30:00,62682.16,62769.72,62433.7,62562.58,1498.0,1000,0.0
2026-06-19 08:00:00,62565.3,62662.85,62469.69,62611.97,1150.0,1000,0.0
2026-06-19 08:30:00,62614.08,62726.32,62497.54,62543.1,1168.0,1000,0.0
2026-06-19 09:00:00,62546.45,62592.51,62239.87,62312.9,1577.0,1000,0.0
2026-06-19 09:30:00,62320.21,62433.13,62264.96,62318.85,1434.0,1000,0.0
2026-06-19 10:00:00,62313.59,62490.15,62311.57,62445.76,1297.0,1000,0.0
2026-06-19 10:30:00,62445.7,62536.32,62336.88,62469.81,1286.0,1000,0.0
2026-06-19 11:00:00,62467.57,62625.17,62381.09,62578.17,1329.0,1000,0.0
2026-06-19 11:30:00,62578.05,62626.19,62521.46,62560.09,927.0,1000,0.0
2026-06-19 12:00:00,62566.87,62628.16,62419.16,62494.75,1016.0,1000,0.0
2026-06-19 12:30:00,62489.09,62817.64,62286.08,62777.37,2840.0,1000,0.0
2026-06-19 13:00:00,62780.27,62932.8,62599.62,62730.85,2058.0,1000,0.0
2026-06-19 13:30:00,62724.6,63368.32,62682.56,63148.7,3040.0,1000,0.0
2026-06-19 14:00:00,63146.62,63234.95,62943.27,63205.85,2055.0,1000,0.0
2026-06-19 14:30:00,63221.03,63357.52,63108.45,63144.05,1712.0,1000,0.0
2026-06-19 15:00:00,63139.4,63203.87,62960.75,63003.96,1664.0,1000,0.0
2026-06-19 15:30:00,63002.45,63238.21,63002.45,63161.1,1546.0,1000,0.0
2026-06-19 16:00:00,63150.72,63336.92,63029.43,63249.0,1711.0,1000,0.0
2026-06-19 16:30:00,63245.23,63321.13,62860.01,62915.52,1612.0,1000,0.0
2026-06-19 17:00:00,62913.61,63064.67,62803.34,62867.03,1625.0,1000,0.0
2026-06-19 17:30:00,62867.54,63176.5,62848.32,63126.57,1642.0,1000,0.0
2026-06-19 18:00:00,63132.06,63144.36,63042.49,63058.05,1012.0,1000,0.0
2026-06-19 18:30:00,63063.54,63133.1,62926.93,63048.49,1157.0,1000,0.0
2026-06-19 19:00:00,63041.44,63061.17,62879.95,62932.51,1011.0,1000,0.0
2026-06-19 19:30:00,62932.99,63088.91,62899.63,62973.09,1006.0,1000,0.0
2026-06-19 20:00:00,62974.97,63028.75,62895.5,63021.18,923.0,1000,0.0
2026-06-19 20:30:00,63020.47,63221.08,62967.41,63181.68,1042.0,1000,0.0
2026-06-19 21:00:00,63184.0,63217.33,63088.77,63102.63,868.0,1000,0.0
2026-06-19 21:30:00,63103.26,63116.25,62991.85,63024.32,1093.0,1000,0.0
2026-06-19 22:00:00,63018.97,63245.47,62985.22,63208.31,773.0,1000,0.0
2026-06-19 22:30:00,63207.52,63308.69,63163.47,63259.88,820.0,1000,0.0
2026-06-19 23:00:00,63260.6,63278.92,63208.02,63254.8,582.0,1000,0.0
2026-06-19 23:30:00,63253.84,63619.17,63233.66,63480.64,1417.0,1000,0.0
2026-06-20 00:00:00,63481.02,63592.89,63399.92,63561.2,1384.0,1000,0.0
2026-06-20 00:30:00,63555.97,63722.4,63449.44,63471.24,1448.0,1000,0.0
2026-06-20 01:00:00,63468.53,63491.88,63339.64,63444.06,994.0,1000,0.0
2026-06-20 01:30:00,63442.4,63566.42,63441.89,63523.86,1016.0,1000,0.0
2026-06-20 02:00:00,63507.76,63520.97,63324.25,63356.27,965.0,1000,0.0
2026-06-20 02:30:00,63358.43,63439.97,63270.81,63277.22,994.0,1000,0.0
2026-06-20 03:00:00,63278.44,63400.16,63257.09,63393.93,795.0,1000,0.0
2026-06-20 03:30:00,63393.58,63456.77,63351.1,63412.1,674.0,1000,0.0
2026-06-20 04:00:00,63416.59,63507.11,63336.61,63493.67,779.0,1000,0.0
2026-06-20 04:30:00,63494.75,63553.19,63446.21,63516.32,828.0,1000,0.0
2026-06-20 05:00:00,63520.9,63859.07,63472.04,63574.6,1930.0,1000,0.0
2026-06-20 05:30:00,63573.59,63672.14,63523.09,63621.43,1041.0,1000,0.0
2026-06-20 06:00:00,63621.5,63694.03,63572.23,63634.46,894.0,1000,0.0
2026-06-20 06:30:00,63635.38,63699.55,63617.1,63672.22,735.0,1000,0.0
2026-06-20 07:00:00,63673.19,63734.72,63524.51,63725.59,957.0,1000,0.0
2026-06-20 07:30:00,63726.72,63744.38,63580.09,63595.68,855.0,1000,0.0
2026-06-20 08:00:00,63595.01,63600.99,63398.2,63417.82,1018.0,1000,0.0
2026-06-20 08:30:00,63416.84,63436.71,63324.85,63356.64,914.0,1000,0.0
2026-06-20 09:00:00,63361.82,63532.37,63351.71,63498.16,877.0,1000,0.0
2026-06-20 09:30:00,63497.66,63727.68,63485.97,63671.55,978.0,1000,0.0
2026-06-20 10:00:00,63674.46,63712.56,63571.47,63606.98,829.0,1000,0.0
2026-06-20 10:30:00,63603.41,63635.49,63526.0,63614.91,754.0,1000,0.0
2026-06-20 11:00:00,63618.36,63686.43,63546.71,63626.87,799.0,1000,0.0
2026-06-20 11:30:00,63633.72,63741.21,63612.48,63615.6,685.0,1000,0.0
2026-06-20 12:00:00,63614.73,63730.5,63604.29,63678.47,776.0,1000,0.0
2026-06-20 12:30:00,63680.8,63689.42,63461.2,63593.13,899.0,1000,0.0
2026-06-20 13:00:00,63599.18,63599.18,63207.98,63284.31,1385.0,1000,0.0
2026-06-20 13:30:00,63290.04,63439.23,63280.92,63335.75,1089.0,1000,0.0
2026-06-20 14:00:00,63333.83,63360.85,63108.04,63310.99,1460.0,1000,0.0
2026-06-20 14:30:00,63310.9,64108.77,63267.5,63888.34,3799.0,1000,0.0
2026-06-20 15:00:00,63889.53,64336.26,63771.83,64128.53,3274.0,1000,0.0
2026-06-20 15:30:00,64129.72,64146.24,64004.96,64088.15,1439.0,1000,0.0
2026-06-20 16:00:00,64089.54,64115.68,63905.44,63930.88,1441.0,1000,0.0
2026-06-20 16:30:00,63931.07,64001.95,63833.89,63961.07,1173.0,1000,0.0
2026-06-20 17:00:00,63961.41,63961.41,63795.07,63919.17,1045.0,1000,0.0
2026-06-20 17:30:00,63920.18,63975.33,63626.41,63770.32,1683.0,1000,0.0
2026-06-20 18:00:00,63772.69,63858.08,63716.2,63797.81,918.0,1000,0.0
2026-06-20 18:30:00,63797.51,63822.84,63702.8,63739.35,685.0,1000,0.0
2026-06-20 19:00:00,63735.77,63865.98,63719.2,63794.59,1088.0,1000,0.0
2026-06-20 19:30:00,63796.12,63905.88,63767.38,63873.88,648.0,1000,0.0
2026-06-20 20:00:00,63865.94,63915.46,63831.57,63843.24,714.0,1000,0.0
2026-06-20 20:30:00,63840.02,63866.33,63776.49,63862.79,722.0,1000,0.0
2026-06-20 21:00:00,63860.92,63991.01,63844.17,63862.75,801.0,1000,0.0
2026-06-20 21:30:00,63862.62,64029.07,63839.28,63935.96,1065.0,1000,0.0
2026-06-20 22:00:00,63938.78,64262.54,63903.14,64225.57,1318.0,1000,0.0
2026-06-20 22:30:00,64224.57,64284.95,64168.5,64196.46,992.0,1000,0.0
2026-06-20 23:00:00,64196.53,64244.08,64164.31,64192.28,825.0,1000,0.0
2026-06-20 23:30:00,64192.34,64265.24,64181.34,64224.77,811.0,1000,0.0
2026-06-21 00:00:00,64225.1,64237.08,64160.26,64181.79,679.0,1000,0.0
2026-06-21 00:30:00,64179.01,64254.45,64161.13,64211.71,772.0,1000,0.0
2026-06-21 01:00:00,64208.4,64239.95,64155.94,64162.16,625.0,1000,0.0
2026-06-21 01:30:00,64165.91,64239.53,64128.14,64164.85,785.0,1000,0.0
2026-06-21 02:00:00,64161.47,64184.45,64140.16,64145.8,656.0,1000,0.0
2026-06-21 02:30:00,64146.54,64193.49,64135.15,64167.04,562.0,1000,0.0
2026-06-21 03:00:00,64168.75,64394.63,64145.47,64273.56,1001.0,1000,0.0
2026-06-21 03:30:00,64274.55,64374.46,64219.97,64350.78,842.0,1000,0.0
2026-06-21 04:00:00,64346.21,64492.24,64290.9,64441.21,905.0,1000,0.0
2026-06-21 04:30:00,64440.31,64518.1,64176.68,64206.3,1125.0,1000,0.0
2026-06-21 05:00:00,64206.22,64233.64,64147.6,64222.51,792.0,1000,0.0
2026-06-21 05:30:00,64222.58,64289.91,64152.68,64184.19,696.0,1000,0.0
2026-06-21 06:00:00,64180.74,64226.31,64115.27,64205.11,635.0,1000,0.0
2026-06-21 06:30:00,64201.88,64250.29,64172.69,64221.95,574.0,1000,0.0
2026-06-21 07:00:00,64223.16,64227.26,64087.8,64098.39,574.0,1000,0.0
2026-06-21 07:30:00,64092.63,64186.92,64090.33,64113.56,709.0,1000,0.0
2026-06-21 08:00:00,64113.4,64154.16,63959.89,63972.26,809.0,1000,0.0
2026-06-21 08:30:00,63980.0,63997.24,63816.02,63934.09,1049.0,1000,0.0
2026-06-21 09:00:00,63934.21,64016.02,63876.46,63972.31,794.0,1000,0.0
2026-06-21 09:30:00,63972.38,64170.5,63972.38,64128.41,1049.0,1000,0.0
2026-06-21 10:00:00,64131.82,64307.21,64112.89,64223.35,981.0,1000,0.0
2026-06-21 10:30:00,64224.4,64336.11,64215.38,64284.92,896.0,1000,0.0
2026-06-21 11:00:00,64286.29,64400.66,64031.95,64299.49,1551.0,1000,0.0
2026-06-21 11:30:00,64297.54,64327.73,64025.23,64096.58,1345.0,1000,0.0
2026-06-21 12:00:00,64104.19,64163.51,63904.34,63941.94,1309.0,1000,0.0
2026-06-21 12:30:00,63941.97,64150.01,63865.54,64107.06,1191.0,1000,0.0
2026-06-21 13:00:00,64111.72,64117.24,64026.18,64083.15,922.0,1000,0.0
2026-06-21 13:30:00,64083.81,64087.0,63931.49,64069.11,961.0,1000,0.0
2026-06-21 14:00:00,64069.03,64080.79,63922.55,63960.5,892.0,1000,0.0
2026-06-21 14:30:00,63950.88,64073.97,63919.46,64067.21,792.0,1000,0.0
2026-06-21 15:00:00,64069.72,64223.67,64023.26,64170.43,1269.0,1000,0.0
2026-06-21 15:30:00,64169.19,64286.82,64110.61,64143.65,904.0,1000,0.0
2026-06-21 16:00:00,64142.57,64174.29,64020.98,64109.28,953.0,1000,0.0
2026-06-21 16:30:00,64107.69,64134.8,63954.49,64068.31,1053.0,1000,0.0
2026-06-21 17:00:00,64067.9,64148.3,64017.93,64018.5,809.0,1000,0.0
2026-06-21 17:30:00,64021.49,64109.1,63987.77,64058.25,808.0,1000,0.0
2026-06-21 18:00:00,64058.4,64079.73,63849.72,63960.45,953.0,1000,0.0
2026-06-21 18:30:00,63958.83,64163.26,63945.88,64130.15,1182.0,1000,0.0
2026-06-21 19:00:00,64129.42,64235.91,64079.43,64144.86,822.0,1000,0.0
2026-06-21 19:30:00,64144.81,64167.16,64097.03,64127.84,637.0,1000,0.0
2026-06-21 20:00:00,64124.99,64189.87,63969.48,64039.93,802.0,1000,0.0
2026-06-21 20:30:00,64037.83,64054.48,63613.27,63771.37,1507.0,1000,0.0
2026-06-21 21:00:00,63772.8,63803.11,63423.32,63617.36,2222.0,1000,0.0
2026-06-21 21:30:00,63620.6,63896.21,63620.6,63723.73,1588.0,1000,0.0
2026-06-21 22:00:00,63726.88,63786.11,63485.32,63653.6,2174.0,1000,0.0
2026-06-21 22:30:00,63651.42,63791.63,63498.34,63722.29,1396.0,1000,0.0
2026-06-21 23:00:00,63713.77,63725.34,63539.99,63561.56,1788.0,1000,0.0
2026-06-21 23:30:00,63556.3,63594.66,63184.21,63242.58,2815.0,1000,0.0
2026-06-22 00:00:00,63253.26,63689.19,63229.94,63648.79,2477.0,1000,0.0
2026-06-22 00:30:00,63648.86,64027.95,63614.2,63818.97,2627.0,1000,0.0
2026-06-22 01:00:00,63821.51,64735.89,63771.39,64565.83,4317.0,1000,0.0
2026-06-22 01:30:00,64560.25,64643.02,64295.27,64526.1,2874.0,1000,0.0
2026-06-22 02:00:00,64526.99,64597.64,64414.33,64454.92,2025.0,1000,0.0
2026-06-22 02:30:00,64456.45,64504.98,64170.86,64185.49,1601.0,1000,0.0
2026-06-22 03:00:00,64188.0,64384.04,63807.94,64209.7,2664.0,1000,0.0
2026-06-22 03:30:00,64210.23,64364.18,63832.87,63889.08,1807.0,1000,0.0
2026-06-22 04:00:00,63888.01,63949.58,63784.23,63883.53,1591.0,1000,0.0
2026-06-22 04:30:00,63885.17,64038.51,63871.07,64013.81,1264.0,1000,0.0
2026-06-22 05:00:00,64015.71,64217.75,63996.39,64155.07,1278.0,1000,0.0
2026-06-22 05:30:00,64158.65,64260.55,64091.27,64166.67,1250.0,1000,0.0
2026-06-22 06:00:00,64163.48,64248.16,63992.7,64041.7,1250.0,1000,0.0
2026-06-22 06:30:00,64033.34,64072.17,63857.61,63908.64,1126.0,1000,0.0
2026-06-22 07:00:00,63909.68,64223.29,63878.52,64183.09,1485.0,1000,0.0
2026-06-22 07:30:00,64186.65,64333.86,64079.73,64130.65,1117.0,1000,0.0
2026-06-22 08:00:00,64138.74,64282.36,64023.39,64118.84,1547.0,1000,0.0
2026-06-22 08:30:00,64118.75,64215.81,63966.29,64083.63,1351.0,1000,0.0
2026-06-22 09:00:00,64095.17,64185.27,64019.85,64041.92,1246.0,1000,0.0
2026-06-22 09:30:00,64043.54,64121.03,63977.53,64069.95,1081.0,1000,0.0
2026-06-22 10:00:00,64067.36,64202.06,64054.46,64101.95,923.0,1000,0.0
2026-06-22 10:30:00,64103.23,64140.5,63999.12,64067.5,809.0,1000,0.0
2026-06-22 11:00:00,64067.57,64400.81,64018.58,64296.61,1969.0,1000,0.0
2026-06-22 11:30:00,64298.02,64709.01,64293.94,64581.52,2553.0,1000,0.0
2026-06-22 12:00:00,64583.75,64923.38,64506.87,64882.08,2362.0,1000,0.0
2026-06-22 12:30:00,64885.99,65162.49,64771.0,65075.27,2657.0,1000,0.0
2026-06-22 13:00:00,65082.05,65135.81,64875.14,64926.08,2083.0,1000,0.0
2026-06-22 13:30:00,64928.57,65536.22,64898.39,65512.77,4906.0,1000,0.0
2026-06-22 14:00:00,65512.89,65566.57,64891.05,64891.05,3231.0,1000,0.0
2026-06-22 14:30:00,64894.98,65006.86,64754.7,64896.98,3248.0,1000,0.0
2026-06-22 15:00:00,64897.08,65073.55,64836.79,64977.59,2459.0,1000,0.0
2026-06-22 15:30:00,64980.35,65055.83,64682.52,64769.06,2466.0,1000,0.0
2026-06-22 16:00:00,64767.51,64795.11,64555.17,64618.43,2344.0,1000,0.0
2026-06-22 16:30:00,64618.27,64738.15,64435.26,64655.97,1993.0,1000,0.0
2026-06-22 17:00:00,64657.77,64702.44,64450.58,64459.31,1294.0,1000,0.0
2026-06-22 17:30:00,64458.92,64580.67,64308.82,64536.0,1831.0,1000,0.0
2026-06-22 18:00:00,64535.68,64665.79,64493.33,64523.29,1341.0,1000,0.0
2026-06-22 18:30:00,64515.7,64549.7,64232.63,64275.05,1396.0,1000,0.0
2026-06-22 19:00:00,64275.5,64364.74,64218.9,64277.44,1550.0,1000,0.0
2026-06-22 19:30:00,64283.81,64432.35,64191.31,64392.91,1519.0,1000,0.0
2026-06-22 20:00:00,64396.84,64600.52,64289.83,64345.62,1209.0,1000,0.0
2026-06-22 20:30:00,64347.62,64436.07,64320.76,64365.74,782.0,1000,0.0
2026-06-22 21:00:00,64355.03,64418.45,64170.44,64235.72,853.0,1000,0.0
2026-06-22 21:30:00,64235.67,64263.36,64066.15,64243.07,1081.0,1000,0.0
2026-06-22 22:00:00,64243.25,64328.18,63820.65,63967.68,1797.0,1000,0.0
2026-06-22 22:30:00,63968.85,64070.05,63723.8,63903.94,2465.0,1000,0.0
2026-06-22 23:00:00,63897.8,63983.73,63799.44,63964.27,1559.0,1000,0.0
2026-06-22 23:30:00,63965.72,63978.07,63870.74,63947.44,1002.0,1000,0.0
2026-06-23 00:00:00,63944.93,63962.92,63755.25,63785.57,1436.0,1000,0.0
2026-06-23 00:30:00,63788.89,64092.74,63788.89,64077.64,1332.0,1000,0.0
2026-06-23 01:00:00,64079.03,64204.55,64058.39,64133.9,1357.0,1000,0.0
2026-06-23 01:30:00,64135.24,64173.01,63816.09,64079.12,1690.0,1000,0.0
2026-06-23 02:00:00,64077.37,64153.0,63965.16,64090.84,1225.0,1000,0.0
2026-06-23 02:30:00,64091.2,64206.13,64075.45,64121.78,881.0,1000,0.0
2026-06-23 03:00:00,64117.17,64129.84,63887.1,64014.66,1151.0,1000,0.0
2026-06-23 03:30:00,64011.94,64011.94,63882.5,63985.97,947.0,1000,0.0
2026-06-23 04:00:00,63993.27,64016.92,63822.51,63900.67,955.0,1000,0.0
2026-06-23 04:30:00,63899.96,63899.96,63518.96,63548.83,1572.0,1000,0.0
2026-06-23 05:00:00,63553.29,63656.14,63315.24,63400.89,2188.0,1000,0.0
2026-06-23 05:30:00,63396.72,63449.22,63271.83,63327.46,1957.0,1000,0.0
2026-06-23 06:00:00,63330.97,63330.97,62493.36,62698.61,4705.0,1000,0.0
2026-06-23 06:30:00,62700.56,62980.03,62610.61,62865.37,2104.0,1000,0.0
2026-06-23 07:00:00,62867.81,63032.55,62805.54,62923.78,1434.0,1000,0.0
2026-06-23 07:30:00,62921.99,62963.7,62777.87,62808.96,1671.0,1000,0.0
2026-06-23 08:00:00,62805.7,62870.14,61848.71,61973.0,5664.0,1000,0.0
2026-06-23 08:30:00,61971.4,62400.86,61959.91,62321.75,2634.0,1000,0.0
2026-06-23 09:00:00,62320.58,62444.4,62272.19,62442.28,1224.0,1000,0.0
2026-06-23 09:30:00,62440.19,62441.96,62261.46,62295.19,1073.0,1000,0.0
2026-06-23 10:00:00,62306.3,62513.81,62238.36,62279.56,1248.0,1000,0.0
2026-06-23 10:30:00,62278.4,62307.96,62152.8,62241.65,1186.0,1000,0.0
2026-06-23 11:00:00,62240.59,62517.77,62233.97,62460.96,1301.0,1000,0.0
2026-06-23 11:30:00,62470.22,62555.36,62337.35,62431.41,1189.0,1000,0.0
2026-06-23 12:00:00,62431.67,62488.74,62256.19,62334.48,1053.0,1000,0.0
2026-06-23 12:30:00,62331.39,62405.39,62109.43,62191.12,1540.0,1000,0.0
2026-06-23 13:00:00,62194.05,62220.78,61930.67,61971.07,2037.0,1000,0.0
2026-06-23 13:30:00,61975.13,62466.31,61866.84,62406.67,6067.0,1000,0.0
2026-06-23 14:00:00,62405.91,62797.03,62357.99,62503.03,4218.0,1000,0.0
2026-06-23 14:30:00,62506.19,62712.28,62311.11,62416.8,4156.0,1000,0.0
2026-06-23 15:00:00,62417.22,62433.85,62108.97,62204.11,2960.0,1000,0.0
2026-06-23 15:30:00,62206.88,62422.66,62122.06,62408.31,2046.0,1000,0.0
2026-06-23 16:00:00,62403.69,62756.83,62342.28,62504.26,2537.0,1000,0.0
2026-06-23 16:30:00,62510.78,62582.65,62405.73,62470.44,1644.0,1000,0.0
2026-06-23 17:00:00,62471.45,62596.06,62298.53,62567.21,1754.0,1000,0.0
2026-06-23 17:30:00,62570.29,62619.26,62247.42,62280.54,1584.0,1000,0.0
2026-06-23 18:00:00,62283.9,62372.91,62191.5,62261.24,1528.0,1000,0.0
2026-06-23 18:30:00,62259.81,62263.86,62014.39,62152.27,1616.0,1000,0.0
2026-06-23 19:00:00,62151.29,62371.86,62143.46,62360.07,1782.0,1000,0.0
2026-06-23 19:30:00,62352.13,62416.68,62191.41,62311.54,1862.0,1000,0.0
2026-06-23 20:00:00,62313.88,62467.44,62313.22,62410.93,1215.0,1000,0.0
2026-06-23 20:30:00,62408.71,62416.37,62288.36,62381.28,912.0,1000,0.0
2026-06-23 21:00:00,62381.4,62540.99,62381.4,62490.21,1121.0,1000,0.0
2026-06-23 21:30:00,62491.56,62585.55,62464.33,62515.76,1065.0,1000,0.0
2026-06-23 22:00:00,62517.84,62708.26,62477.19,62539.31,1286.0,1000,0.0
2026-06-23 22:30:00,62539.5,62556.36,62433.31,62512.8,864.0,1000,0.0
2026-06-23 23:00:00,62513.4,62612.52,62409.18,62577.62,1219.0,1000,0.0
2026-06-23 23:30:00,62578.36,62726.24,62511.54,62654.24,1098.0,1000,0.0
2026-06-24 00:00:00,62654.3,62845.8,62643.98,62771.07,1856.0,1000,0.0
2026-06-24 00:30:00,62772.01,62954.7,62712.55,62935.92,1610.0,1000,0.0
2026-06-24 01:00:00,62938.24,62949.64,62687.92,62836.77,1894.0,1000,0.0
2026-06-24 01:30:00,62837.09,63044.46,62826.93,62853.15,1956.0,1000,0.0
2026-06-24 02:00:00,62852.53,62940.95,62595.74,62675.74,1563.0,1000,0.0
2026-06-24 02:30:00,62681.36,62722.6,62514.37,62548.84,1638.0,1000,0.0
2026-06-24 03:00:00,62548.92,62603.79,62374.93,62588.27,1626.0,1000,0.0
2026-06-24 03:30:00,62595.65,62756.64,62588.35,62654.03,1281.0,1000,0.0
2026-06-24 04:00:00,62653.28,62677.87,62443.2,62508.22,1217.0,1000,0.0
2026-06-24 04:30:00,62507.29,62723.92,62500.89,62663.89,1170.0,1000,0.0
2026-06-24 05:00:00,62663.99,62812.5,62617.27,62792.23,1264.0,1000,0.0
2026-06-24 05:30:00,62793.7,62995.77,62770.59,62799.03,1232.0,1000,0.0
2026-06-24 06:00:00,62800.13,62835.33,62681.06,62770.18,1154.0,1000,0.0
2026-06-24 06:30:00,62770.0,62794.96,62635.27,62699.06,1013.0,1000,0.0
2026-06-24 07:00:00,62697.61,62769.39,62581.96,62581.96,1424.0,1000,0.0
2026-06-24 07:30:00,62586.48,62653.59,62515.37,62571.36,1167.0,1000,0.0
2026-06-24 08:00:00,62571.29,62637.34,62513.0,62624.57,1312.0,1000,0.0
2026-06-24 08:30:00,62620.83,62723.6,62582.72,62709.96,955.0,1000,0.0
2026-06-24 09:00:00,62704.98,62709.74,62583.31,62597.71,1086.0,1000,0.0
2026-06-24 09:30:00,62596.55,62641.98,62546.68,62592.58,893.0,1000,0.0
2026-06-24 10:00:00,62590.23,62604.69,62366.58,62452.81,1375.0,1000,0.0
2026-06-24 10:30:00,62453.09,62545.33,62308.06,62355.38,1309.0,1000,0.0
2026-06-24 11:00:00,62356.45,62394.19,62214.43,62296.36,1502.0,1000,0.0
2026-06-24 11:30:00,62296.57,63146.25,62296.57,62832.35,2995.0,1000,0.0
2026-06-24 12:00:00,62838.8,62890.64,62659.92,62733.65,2438.0,1000,0.0
2026-06-24 12:30:00,62733.32,62823.93,62488.96,62529.66,1719.0,1000,0.0
2026-06-24 13:00:00,62530.42,62543.49,61601.61,61766.29,5634.0,1000,0.0
2026-06-24 13:30:00,61761.42,62069.69,61153.0,61237.56,9113.0,1000,0.0
2026-06-24 14:00:00,61233.68,61369.48,60792.87,61144.87,6383.0,1000,0.0
2026-06-24 14:30:00,61147.79,61296.06,60859.97,61028.71,4204.0,1000,0.0
2026-06-24 15:00:00,61029.55,61054.39,60729.45,60790.74,3910.0,1000,0.0
2026-06-24 15:30:00,60792.55,60797.03,60172.27,60192.67,5075.0,1000,0.0
2026-06-24 16:00:00,60192.11,60598.36,60125.8,60462.05,3856.0,1000,0.0
2026-06-24 16:30:00,60463.62,60488.36,59299.62,59765.47,6964.0,1000,0.0
2026-06-24 17:00:00,59766.81,59976.54,59252.34,59589.29,6577.0,1000,0.0
2026-06-24 17:30:00,59590.19,59674.46,59011.53,59312.88,7071.0,1000,0.0
2026-06-24 18:00:00,59314.44,59843.37,59215.75,59623.74,5887.0,1000,0.0
2026-06-24 18:30:00,59629.19,59666.33,59323.05,59511.63,3643.0,1000,0.0
2026-06-24 19:00:00,59516.32,59757.24,59432.32,59740.53,3618.0,1000,0.0
2026-06-24 19:30:00,59740.52,59909.53,59632.6,59861.65,2974.0,1000,0.0
2026-06-24 20:00:00,59857.92,60747.19,59752.62,60687.25,8067.0,1000,0.0
2026-06-24 20:30:00,60689.56,61122.92,60588.09,60869.07,3740.0,1000,0.0
2026-06-24 21:00:00,60866.2,60942.98,60566.11,60753.71,2377.0,1000,0.0
2026-06-24 21:30:00,60757.45,61051.27,60701.78,61004.85,1784.0,1000,0.0
2026-06-24 22:00:00,61006.73,61183.68,60780.01,60794.57,2176.0,1000,0.0
2026-06-24 22:30:00,60794.69,60863.33,60695.48,60788.21,1333.0,1000,0.0
2026-06-24 23:00:00,60785.15,60943.14,60728.09,60887.05,1321.0,1000,0.0
2026-06-24 23:30:00,60885.94,61017.18,60838.76,60984.45,1467.0,1000,0.0
2026-06-25 00:00:00,60983.43,61072.95,60818.69,60826.56,2080.0,1000,0.0
2026-06-25 00:30:00,60825.59,60897.28,60617.39,60716.7,1933.0,1000,0.0
2026-06-25 01:00:00,60716.77,60846.6,60619.48,60758.64,1903.0,1000,0.0
2026-06-25 01:30:00,60756.3,60900.32,60700.18,60824.42,1540.0,1000,0.0
2026-06-25 02:00:00,60823.29,60875.69,60619.4,60832.12,1375.0,1000,0.0
2026-06-25 02:30:00,60833.33,60843.79,60590.58,60696.43,1379.0,1000,0.0
2026-06-25 03:00:00,60695.95,60783.2,60578.62,60691.77,1242.0,1000,0.0
2026-06-25 03:30:00,60695.01,60811.51,60644.31,60784.69,915.0,1000,0.0
2026-06-25 04:00:00,60790.21,60823.89,60685.04,60792.55,898.0,1000,0.0
2026-06-25 04:30:00,60794.59,61321.64,60710.39,61246.48,1782.0,1000,0.0
2026-06-25 05:00:00,61246.1,61723.09,61173.14,61508.79,3572.0,1000,0.0
2026-06-25 05:30:00,61517.26,61589.71,61411.69,61502.35,1449.0,1000,0.0
2026-06-25 06:00:00,61502.62,61701.8,61498.14,61566.78,1487.0,1000,0.0
2026-06-25 06:30:00,61566.81,61767.5,61550.51,61624.92,1443.0,1000,0.0
2026-06-25 07:00:00,61631.59,61803.29,61560.87,61711.37,1713.0,1000,0.0
2026-06-25 07:30:00,61710.48,61869.93,61705.68,61816.53,1234.0,1000,0.0
2026-06-25 08:00:00,61816.46,61832.26,61607.3,61684.59,936.0,1000,0.0
2026-06-25 08:30:00,61682.12,61709.86,61577.72,61615.14,791.0,1000,0.0
2026-06-25 09:00:00,61616.22,61696.62,61507.0,61592.78,1024.0,1000,0.0
2026-06-25 09:30:00,61592.8,61688.11,61584.0,61637.04,1026.0,1000,0.0
2026-06-25 10:00:00,61636.86,61660.09,61466.56,61476.23,952.0,1000,0.0
2026-06-25 10:30:00,61478.22,61501.12,61167.01,61180.2,1293.0,1000,0.0
2026-06-25 11:00:00,61183.22,61333.93,60965.68,61143.6,2439.0,1000,0.0
2026-06-25 11:30:00,61143.22,61297.78,61055.67,61184.88,1434.0,1000,0.0
2026-06-25 12:00:00,61185.96,61285.12,60972.21,61007.06,1705.0,1000,0.0
2026-06-25 12:30:00,61007.83,61662.59,61007.83,61137.41,4899.0,1000,0.0
2026-06-25 13:00:00,61137.34,61268.04,61063.38,61132.12,2356.0,1000,0.0
2026-06-25 13:30:00,61128.71,61247.56,57997.97,58210.91,19429.0,1000,0.0
2026-06-25 14:00:00,58204.75,59658.3,58192.96,59241.17,19095.0,1000,0.0
2026-06-25 14:30:00,59239.39,60395.8,59084.16,59381.7,12543.0,1000,0.0
2026-06-25 15:00:00,59383.91,59389.51,58766.28,59173.36,8479.0,1000,0.0
2026-06-25 15:30:00,59172.86,59562.28,58981.52,59473.03,5959.0,1000,0.0
2026-06-25 16:00:00,59474.96,59971.44,59372.08,59654.89,5596.0,1000,0.0
2026-06-25 16:30:00,59645.68,59645.68,59056.86,59217.66,4617.0,1000,0.0
2026-06-25 17:00:00,59214.77,59515.42,59038.58,59453.57,4460.0,1000,0.0
2026-06-25 17:30:00,59459.85,59653.84,59341.19,59586.1,3705.0,1000,0.0
2026-06-25 18:00:00,59588.94,59699.58,59293.5,59617.25,4011.0,1000,0.0
2026-06-25 18:30:00,59618.15,59618.15,59256.57,59409.31,2754.0,1000,0.0
2026-06-25 19:00:00,59411.44,59431.39,59080.49,59249.38,2525.0,1000,0.0
2026-06-25 19:30:00,59248.53,59349.67,59088.8,59230.63,2371.0,1000,0.0
2026-06-25 20:00:00,59235.0,59655.61,59222.55,59521.99,2712.0,1000,0.0
2026-06-25 20:30:00,59523.58,59563.78,59244.76,59354.08,1808.0,1000,0.0
2026-06-25 21:00:00,59359.29,59617.95,59346.73,59616.36,1368.0,1000,0.0
2026-06-25 21:30:00,59614.78,60176.61,59596.47,60108.64,2186.0,1000,0.0
2026-06-25 22:00:00,60107.53,60111.81,59692.12,59704.9,2130.0,1000,0.0
2026-06-25 22:30:00,59699.03,59840.37,59639.17,59750.82,1470.0,1000,0.0
2026-06-25 23:00:00,59749.03,60089.68,59696.45,60007.48,1730.0,1000,0.0
2026-06-25 23:30:00,60007.5,60103.34,59642.21,59707.6,1543.0,1000,0.0
2026-06-26 00:00:00,59710.78,59817.56,59604.29,59683.16,1966.0,1000,0.0
2026-06-26 00:30:00,59682.72,59785.48,59538.05,59574.65,1943.0,1000,0.0
2026-06-26 01:00:00,59575.03,59701.72,59203.72,59212.43,2508.0,1000,0.0
2026-06-26 01:30:00,59210.62,59350.07,59133.65,59346.95,2158.0,1000,0.0
2026-06-26 02:00:00,59348.73,59365.91,58265.86,58799.51,6215.0,1000,0.0
2026-06-26 02:30:00,58800.9,58938.85,58348.45,58487.9,5217.0,1000,0.0
2026-06-26 03:00:00,58487.5,59109.16,58238.47,59006.33,5334.0,1000,0.0
2026-06-26 03:30:00,59003.16,60050.05,58920.65,59942.21,5011.0,1000,0.0
2026-06-26 04:00:00,59949.19,60169.12,59732.75,59900.65,3435.0,1000,0.0
2026-06-26 04:30:00,59888.39,59934.94,59740.08,59832.04,1637.0,1000,0.0
2026-06-26 05:00:00,59831.96,59964.41,59634.68,59864.37,2238.0,1000,0.0
2026-06-26 05:30:00,59866.3,59965.47,59690.57,59862.09,1966.0,1000,0.0
2026-06-26 06:00:00,59858.74,60019.31,59600.66,59954.48,2452.0,1000,0.0
2026-06-26 06:30:00,59951.78,60382.29,59860.29,60241.42,3065.0,1000,0.0
2026-06-26 07:00:00,60241.09,60628.72,60186.29,60496.31,2932.0,1000,0.0
2026-06-26 07:30:00,60498.53,60675.82,60401.05,60439.63,2417.0,1000,0.0
2026-06-26 08:00:00,60435.78,60481.89,60092.91,60220.15,2266.0,1000,0.0
2026-06-26 08:30:00,60221.15,60259.86,60050.74,60154.69,1686.0,1000,0.0
2026-06-26 09:00:00,60155.38,60169.64,59980.12,60043.95,1841.0,1000,0.0
2026-06-26 09:30:00,60039.35,60051.24,59482.71,59649.42,3164.0,1000,0.0
2026-06-26 10:00:00,59653.7,59780.04,59562.91,59641.11,2550.0,1000,0.0
2026-06-26 10:30:00,59641.76,59728.54,59148.9,59227.8,2865.0,1000,0.0
2026-06-26 11:00:00,59232.45,59511.31,59174.15,59340.51,2592.0,1000,0.0
2026-06-26 11:30:00,59337.92,59456.94,59193.98,59330.08,2486.0,1000,0.0
2026-06-26 12:00:00,59330.86,59652.0,59254.52,59652.0,3166.0,1000,0.0
2026-06-26 12:30:00,59652.63,59940.41,58882.5,59108.73,7575.0,1000,0.0
2026-06-26 13:00:00,59109.04,59197.0,58367.06,58823.12,7771.0,1000,0.0
2026-06-26 13:30:00,58816.88,60129.67,58739.22,60082.83,12360.0,1000,0.0
2026-06-26 14:00:00,60084.5,60216.98,59722.83,59971.52,8742.0,1000,0.0
2026-06-26 14:30:00,59978.3,59991.77,59291.29,59508.54,6253.0,1000,0.0
2026-06-26 15:00:00,59509.76,60288.02,59490.18,60102.46,5991.0,1000,0.0
2026-06-26 15:30:00,60103.7,60421.82,60045.95,60230.04,4960.0,1000,0.0
2026-06-26 16:00:00,60227.54,60505.28,59870.9,59959.33,4302.0,1000,0.0
2026-06-26 16:30:00,59960.26,60299.51,59911.04,59949.4,3057.0,1000,0.0
2026-06-26 17:00:00,59942.0,60195.48,59907.34,60087.99,3047.0,1000,0.0
2026-06-26 17:30:00,60088.15,60122.35,59844.85,59934.35,2625.0,1000,0.0
2026-06-26 18:00:00,59933.77,60078.02,59706.91,59744.06,2617.0,1000,0.0
2026-06-26 18:30:00,59745.66,59792.02,59451.94,59570.6,1993.0,1000,0.0
2026-06-26 19:00:00,59575.13,60000.17,59510.31,59840.64,2797.0,1000,0.0
2026-06-26 19:30:00,59844.42,60005.2,59636.93,59656.64,2396.0,1000,0.0
2026-06-26 20:00:00,59654.9,59905.36,59587.17,59677.85,2569.0,1000,0.0
2026-06-26 20:30:00,59681.11,59707.66,59481.71,59629.54,2121.0,1000,0.0
2026-06-26 21:00:00,59631.65,59801.09,59581.37,59774.85,1108.0,1000,0.0
2026-06-26 21:30:00,59774.71,59964.56,59763.1,59829.45,1431.0,1000,0.0
2026-06-26 22:00:00,59828.63,59895.28,59656.41,59799.95,1307.0,1000,0.0
2026-06-26 22:30:00,59804.75,60000.07,59778.0,59955.91,1015.0,1000,0.0
2026-06-26 23:00:00,59955.39,60040.67,59884.13,59888.68,966.0,1000,0.0
2026-06-26 23:30:00,59888.37,60033.56,59828.67,60017.01,851.0,1000,0.0
2026-06-27 00:00:00,60019.04,60117.07,59941.45,59964.36,981.0,1000,0.0
2026-06-27 00:30:00,59964.72,59984.43,59789.65,59976.86,997.0,1000,0.0
2026-06-27 01:00:00,59973.8,59989.8,59837.31,59905.12,778.0,1000,0.0
2026-06-27 01:30:00,59903.51,59912.74,59833.16,59854.52,716.0,1000,0.0
2026-06-27 02:00:00,59851.16,60282.75,59812.72,60206.17,1359.0,1000,0.0
2026-06-27 02:30:00,60206.06,60265.82,60103.04,60194.23,1284.0,1000,0.0
2026-06-27 03:00:00,60191.98,60327.69,60063.36,60215.05,1244.0,1000,0.0
2026-06-27 03:30:00,60218.76,60302.97,60162.68,60207.39,1019.0,1000,0.0
2026-06-27 04:00:00,60207.01,60414.0,60206.9,60299.9,1129.0,1000,0.0
2026-06-27 04:30:00,60299.48,60358.41,60122.34,60152.88,860.0,1000,0.0
2026-06-27 05:00:00,60154.54,60223.11,60063.91,60070.6,954.0,1000,0.0
2026-06-27 05:30:00,60081.3,60185.9,60038.01,60139.23,924.0,1000,0.0
2026-06-27 06:00:00,60146.98,60153.07,60008.3,60118.14,861.0,1000,0.0
2026-06-27 06:30:00,60118.04,60426.96,60116.23,60276.47,1245.0,1000,0.0
2026-06-27 07:00:00,60282.43,60355.01,60196.92,60326.77,853.0,1000,0.0
2026-06-27 07:30:00,60329.62,60490.6,60289.0,60449.39,995.0,1000,0.0
2026-06-27 08:00:00,60452.13,60455.25,60350.71,60359.17,971.0,1000,0.0
2026-06-27 08:30:00,60364.48,60427.58,60269.88,60358.26,843.0,1000,0.0
2026-06-27 09:00:00,60350.84,60410.43,60192.46,60270.75,938.0,1000,0.0
2026-06-27 09:30:00,60274.82,60349.93,60272.04,60315.77,637.0,1000,0.0
2026-06-27 10:00:00,60320.65,60397.7,60296.49,60357.73,637.0,1000,0.0
2026-06-27 10:30:00,60358.12,60359.19,60273.37,60309.96,683.0,1000,0.0
2026-06-27 11:00:00,60317.12,60353.7,60126.85,60172.79,769.0,1000,0.0
2026-06-27 11:30:00,60172.84,60335.58,60096.77,60264.01,871.0,1000,0.0
2026-06-27 12:00:00,60266.4,60267.64,60152.14,60238.08,726.0,1000,0.0
2026-06-27 12:30:00,60243.87,60342.99,60205.21,60323.12,865.0,1000,0.0
2026-06-27 13:00:00,60324.5,60398.58,60281.35,60371.87,798.0,1000,0.0
2026-06-27 13:30:00,60371.8,60576.17,60343.83,60483.89,1262.0,1000,0.0
2026-06-27 14:00:00,60482.61,60631.57,60403.85,60501.17,1284.0,1000,0.0
2026-06-27 14:30:00,60498.26,60571.93,60423.13,60511.05,985.0,1000,0.0
2026-06-27 15:00:00,60511.22,60833.15,60460.64,60710.0,1743.0,1000,0.0
2026-06-27 15:30:00,60707.77,60857.31,60645.37,60741.59,1244.0,1000,0.0
2026-06-27 16:00:00,60741.52,60765.81,60579.99,60625.66,960.0,1000,0.0
2026-06-27 16:30:00,60625.99,60725.06,60573.35,60708.18,848.0,1000,0.0
2026-06-27 17:00:00,60708.24,60727.42,60310.85,60477.36,1715.0,1000,0.0
2026-06-27 17:30:00,60483.15,60557.52,60398.18,60426.89,1007.0,1000,0.0
2026-06-27 18:00:00,60426.96,60469.37,60348.72,60415.88,1020.0,1000,0.0
2026-06-27 18:30:00,60420.36,60477.41,60401.6,60471.28,630.0,1000,0.0
2026-06-27 19:00:00,60470.93,60507.65,60153.36,60226.78,1318.0,1000,0.0
2026-06-27 19:30:00,60235.91,60237.95,59974.03,60086.98,1592.0,1000,0.0
2026-06-27 20:00:00,60081.45,60207.1,60072.45,60174.35,873.0,1000,0.0
2026-06-27 20:30:00,60171.82,60206.38,60149.89,60199.96,577.0,1000,0.0
2026-06-27 21:00:00,60204.34,60371.6,60199.49,60350.7,860.0,1000,0.0
2026-06-27 21:30:00,60350.76,60398.16,60037.9,60105.86,1167.0,1000,0.0
2026-06-27 22:00:00,60104.14,60104.14,59749.51,60033.35,2120.0,1000,0.0
2026-06-27 22:30:00,60029.73,60171.37,60025.62,60134.44,989.0,1000,0.0
2026-06-27 23:00:00,60131.48,60242.03,59853.57,59904.52,1525.0,1000,0.0
2026-06-27 23:30:00,59904.19,60014.14,59876.73,59943.44,935.0,1000,0.0
2026-06-28 00:00:00,59943.49,60105.59,59915.69,60080.19,960.0,1000,0.0
2026-06-28 00:30:00,60080.16,60112.4,59988.81,60066.2,786.0,1000,0.0
2026-06-28 01:00:00,60067.48,60151.48,59883.6,60115.3,1024.0,1000,0.0
2026-06-28 01:30:00,60116.53,60198.21,60090.03,60132.68,757.0,1000,0.0
2026-06-28 02:00:00,60131.57,60256.51,59954.56,60029.93,1096.0,1000,0.0
2026-06-28 02:30:00,60029.54,60098.04,60004.86,60063.21,721.0,1000,0.0
2026-06-28 03:00:00,60059.34,60194.51,60059.34,60174.52,708.0,1000,0.0
2026-06-28 03:30:00,60174.56,60197.9,60072.35,60114.81,617.0,1000,0.0
2026-06-28 04:00:00,60111.47,60150.11,60048.65,60120.4,661.0,1000,0.0
2026-06-28 04:30:00,60116.52,60119.78,60000.82,60052.1,747.0,1000,0.0
2026-06-28 05:00:00,60053.11,60056.02,59653.48,59748.47,1489.0,1000,0.0
2026-06-28 05:30:00,59744.69,59929.11,59707.01,59895.04,983.0,1000,0.0
2026-06-28 06:00:00,59896.34,59940.12,59710.02,59838.87,1190.0,1000,0.0
2026-06-28 06:30:00,59833.2,59953.81,59832.46,59903.67,715.0,1000,0.0
2026-06-28 07:00:00,59902.0,60101.79,59900.5,60013.81,928.0,1000,0.0
2026-06-28 07:30:00,60016.66,60182.96,60009.94,60131.53,963.0,1000,0.0
2026-06-28 08:00:00,60131.2,60168.99,60045.32,60131.5,829.0,1000,0.0
2026-06-28 08:30:00,60136.03,60469.2,60130.77,60281.72,1615.0,1000,0.0
2026-06-28 09:00:00,60276.32,60384.54,60196.65,60243.93,1059.0,1000,0.0
2026-06-28 09:30:00,60243.87,60320.25,60157.17,60165.87,932.0,1000,0.0
2026-06-28 10:00:00,60167.92,60211.77,59972.13,60020.15,1027.0,1000,0.0
2026-06-28 10:30:00,60019.12,60093.19,59977.46,60077.55,803.0,1000,0.0
2026-06-28 11:00:00,60078.77,60278.49,60026.62,60221.39,1214.0,1000,0.0
2026-06-28 11:30:00,60234.01,60290.68,60159.17,60254.7,947.0,1000,0.0
2026-06-28 12:00:00,60254.12,60320.72,60094.46,60248.2,1062.0,1000,0.0
2026-06-28 12:30:00,60248.04,60376.85,60107.31,60199.1,1262.0,1000,0.0
2026-06-28 13:00:00,60197.95,60203.05,59871.71,60031.87,1798.0,1000,0.0
2026-06-28 13:30:00,60032.13,60101.07,59944.98,59982.65,1183.0,1000,0.0
2026-06-28 14:00:00,59981.1,60169.74,59939.91,60073.5,1339.0,1000,0.0
2026-06-28 14:30:00,60062.23,60110.45,59920.31,59941.06,1293.0,1000,0.0
2026-06-28 15:00:00,59938.34,60051.23,59793.68,59953.06,1609.0,1000,0.0
2026-06-28 15:30:00,59956.87,60016.47,59725.11,59804.49,1287.0,1000,0.0
2026-06-28 16:00:00,59805.67,59864.96,59594.67,59689.08,1696.0,1000,0.0
2026-06-28 16:30:00,59686.12,59714.1,59494.94,59598.97,2327.0,1000,0.0
2026-06-28 17:00:00,59595.06,59772.71,59463.34,59519.8,1690.0,1000,0.0
2026-06-28 17:30:00,59519.74,59562.16,59313.24,59501.85,1942.0,1000,0.0
2026-06-28 18:00:00,59502.71,59623.88,59484.62,59527.01,1167.0,1000,0.0
2026-06-28 18:30:00,59519.89,59598.03,59413.0,59522.14,1117.0,1000,0.0
2026-06-28 19:00:00,59518.62,59526.06,59352.88,59461.03,1127.0,1000,0.0
2026-06-28 19:30:00,59461.27,59606.93,59174.13,59387.54,2055.0,1000,0.0
2026-06-28 20:00:00,59388.03,59687.63,59381.04,59628.55,1273.0,1000,0.0
2026-06-28 20:30:00,59621.71,59634.53,59532.22,59562.87,748.0,1000,0.0
2026-06-28 21:00:00,59564.67,59646.37,59548.09,59612.92,776.0,1000,0.0
2026-06-28 21:30:00,59608.91,59706.17,59232.41,59351.49,2256.0,1000,0.0
2026-06-28 22:00:00,59354.07,59823.78,59078.58,59291.01,5545.0,1000,0.0
2026-06-28 22:30:00,59292.2,59369.25,58821.49,58982.2,4341.0,1000,0.0
2026-06-28 23:00:00,58980.86,59503.11,58915.58,59445.04,3091.0,1000,0.0
2026-06-28 23:30:00,59442.55,59756.71,59430.81,59482.07,2567.0,1000,0.0
2026-06-29 00:00:00,59488.8,59602.31,59096.99,59113.67,3829.0,1000,0.0
2026-06-29 00:30:00,59118.17,59608.98,58905.21,59562.4,4652.0,1000,0.0
2026-06-29 01:00:00,59557.54,59602.01,59138.28,59210.84,3253.0,1000,0.0
2026-06-29 01:30:00,59202.72,59486.65,59101.1,59343.83,3189.0,1000,0.0
2026-06-29 02:00:00,59343.62,59506.05,58782.15,59449.75,4581.0,1000,0.0
2026-06-29 02:30:00,59441.24,59720.67,59395.23,59657.66,2744.0,1000,0.0
2026-06-29 03:00:00,59660.03,60144.27,59660.03,60074.8,3383.0,1000,0.0
2026-06-29 03:30:00,60075.31,60113.0,59775.95,59948.75,2265.0,1000,0.0
2026-06-29 04:00:00,59949.4,59960.0,59732.42,59857.16,1603.0,1000,0.0
2026-06-29 04:30:00,59858.48,59867.59,59642.39,59736.67,1583.0,1000,0.0
2026-06-29 05:00:00,59735.67,59770.76,59284.35,59592.3,3106.0,1000,0.0
2026-06-29 05:30:00,59584.45,60013.67,59543.65,59998.34,2208.0,1000,0.0
2026-06-29 06:00:00,60007.62,60255.52,59977.18,60077.82,2616.0,1000,0.0
2026-06-29 06:30:00,60076.86,60114.38,59952.31,59982.1,1433.0,1000,0.0
2026-06-29 07:00:00,59981.85,60101.88,59831.62,60010.44,1768.0,1000,0.0
2026-06-29 07:30:00,60007.18,60047.26,59928.31,59928.31,1156.0,1000,0.0
2026-06-29 08:00:00,59932.31,60001.66,59714.73,59731.76,2237.0,1000,0.0
2026-06-29 08:30:00,59734.79,59851.93,59646.81,59744.29,1867.0,1000,0.0
2026-06-29 09:00:00,59739.97,60029.08,59683.95,59844.55,1938.0,1000,0.0
2026-06-29 09:30:00,59847.56,59996.06,59797.72,59974.88,1882.0,1000,0.0
2026-06-29 10:00:00,59972.68,60234.18,59972.68,60125.22,1683.0,1000,0.0
2026-06-29 10:30:00,60127.5,60136.21,59978.2,60007.31,1365.0,1000,0.0
2026-06-29 11:00:00,60002.18,60016.74,59793.81,59912.39,1402.0,1000,0.0
2026-06-29 11:30:00,59911.81,60136.66,59710.08,59864.56,2119.0,1000,0.0
2026-06-29 12:00:00,59864.77,60708.31,59500.08,60354.56,8201.0,1000,0.0
2026-06-29 12:30:00,60354.73,60387.02,59691.4,59868.29,3729.0,1000,0.0
2026-06-29 13:00:00,59869.79,60256.17,59869.13,59881.61,2899.0,1000,0.0
2026-06-29 13:30:00,59879.31,60191.47,59231.4,59483.63,10184.0,1000,0.0
2026-06-29 14:00:00,59486.89,59498.96,58898.27,59401.0,8015.0,1000,0.0
2026-06-29 14:30:00,59399.24,59606.74,59143.44,59363.97,6046.0,1000,0.0
2026-06-29 15:00:00,59364.62,59394.47,58984.34,59385.37,4640.0,1000,0.0
2026-06-29 15:30:00,59388.27,59847.89,59388.27,59705.78,3770.0,1000,0.0
2026-06-29 16:00:00,59706.14,59834.61,59477.21,59496.16,2384.0,1000,0.0
2026-06-29 16:30:00,59498.28,59918.71,59495.69,59782.23,2394.0,1000,0.0
2026-06-29 17:00:00,59782.24,60548.87,59782.24,60453.97,4766.0,1000,0.0
2026-06-29 17:30:00,60449.15,60597.46,60293.07,60327.16,2622.0,1000,0.0
2026-06-29 18:00:00,60328.47,60435.03,60135.55,60193.35,1886.0,1000,0.0
2026-06-29 18:30:00,60193.03,60256.18,60091.27,60207.79,1732.0,1000,0.0
2026-06-29 19:00:00,60210.21,60397.68,60054.5,60364.15,1749.0,1000,0.0
2026-06-29 19:30:00,60370.65,60469.26,60222.19,60345.52,2176.0,1000,0.0
2026-06-29 20:00:00,60338.82,60459.3,60263.89,60310.53,1589.0,1000,0.0
2026-06-29 20:30:00,60310.91,60392.35,60196.64,60206.98,1075.0,1000,0.0
2026-06-29 21:00:00,60205.42,60331.46,60167.15,60261.8,1146.0,1000,0.0
2026-06-29 21:30:00,60261.58,60505.48,60261.58,60395.26,1010.0,1000,0.0
2026-06-29 22:00:00,60392.75,60433.96,60267.39,60351.65,1100.0,1000,0.0
2026-06-29 22:30:00,60356.55,60373.98,60250.98,60272.41,886.0,1000,0.0
2026-06-29 23:00:00,60272.94,60300.06,60086.4,60140.7,862.0,1000,0.0
2026-06-29 23:30:00,60140.51,60212.86,60123.23,60166.82,948.0,1000,0.0
2026-06-30 00:00:00,60160.64,60189.66,59832.32,59852.92,1568.0,1000,0.0
2026-06-30 00:30:00,59855.09,59856.93,59604.26,59749.77,2625.0,1000,0.0
2026-06-30 01:00:00,59750.82,59965.81,59683.72,59954.45,2382.0,1000,0.0
2026-06-30 01:30:00,59954.56,59967.4,59700.39,59852.57,1218.0,1000,0.0
2026-06-30 02:00:00,59856.89,59905.32,59649.5,59878.07,1104.0,1000,0.0
2026-06-30 02:30:00,59871.94,59952.26,59817.36,59845.51,859.0,1000,0.0
2026-06-30 03:00:00,59844.64,59932.55,59716.71,59748.85,1055.0,1000,0.0
2026-06-30 03:30:00,59751.74,59751.74,59488.88,59515.19,1062.0,1000,0.0
2026-06-30 04:00:00,59518.55,59522.88,59319.56,59446.21,1340.0,1000,0.0
2026-06-30 04:30:00,59453.35,59599.66,59340.8,59384.01,1206.0,1000,0.0
2026-06-30 05:00:00,59385.46,59436.86,59261.9,59284.27,1077.0,1000,0.0
2026-06-30 05:30:00,59283.1,59556.39,59253.59,59550.13,1245.0,1000,0.0
2026-06-30 06:00:00,59549.39,59630.51,59411.37,59598.81,1006.0,1000,0.0
2026-06-30 06:30:00,59598.0,59624.87,59442.27,59502.3,968.0,1000,0.0
2026-06-30 07:00:00,59503.2,59541.24,59348.41,59382.55,1113.0,1000,0.0
2026-06-30 07:30:00,59382.61,59473.85,59370.82,59428.78,1176.0,1000,0.0
2026-06-30 08:00:00,59429.25,59464.32,59266.19,59305.8,1262.0,1000,0.0
2026-06-30 08:30:00,59304.88,59342.19,59084.1,59212.28,2273.0,1000,0.0
2026-06-30 09:00:00,59210.48,59310.95,59163.04,59200.86,1164.0,1000,0.0
2026-06-30 09:30:00,59202.67,59329.71,59146.38,59276.58,1101.0,1000,0.0
2026-06-30 10:00:00,59279.21,59325.0,59211.62,59269.14,1009.0,1000,0.0
2026-06-30 10:30:00,59268.95,59310.61,59187.4,59232.22,978.0,1000,0.0
2026-06-30 11:00:00,59233.08,59324.84,59089.59,59129.87,1271.0,1000,0.0
2026-06-30 11:30:00,59128.03,59249.98,59025.64,59087.18,1902.0,1000,0.0
2026-06-30 12:00:00,59080.92,59092.13,58659.03,58765.03,2673.0,1000,0.0
2026-06-30 12:30:00,58764.83,58798.08,58281.03,58305.89,2990.0,1000,0.0
2026-06-30 13:00:00,58308.07,58549.87,58213.47,58412.39,2876.0,1000,0.0
2026-06-30 13:30:00,58410.96,58708.16,58132.04,58642.46,7212.0,1000,0.0
2026-06-30 14:00:00,58639.46,59176.37,58556.62,58939.03,7131.0,1000,0.0
2026-06-30 14:30:00,58932.84,59000.24,58316.62,58373.38,4627.0,1000,0.0
2026-06-30 15:00:00,58378.57,58492.47,58081.63,58281.54,4615.0,1000,0.0
2026-06-30 15:30:00,58279.87,58693.13,58152.14,58283.53,3156.0,1000,0.0
2026-06-30 16:00:00,58291.15,58540.64,58139.97,58217.27,2612.0,1000,0.0
2026-06-30 16:30:00,58220.78,58481.35,58145.24,58406.5,2173.0,1000,0.0
2026-06-30 17:00:00,58404.87,58519.78,58278.2,58305.84,1924.0,1000,0.0
2026-06-30 17:30:00,58310.28,58369.67,58220.98,58326.63,1542.0,1000,0.0
2026-06-30 18:00:00,58329.64,58605.07,58262.95,58431.46,2012.0,1000,0.0
2026-06-30 18:30:00,58431.55,58591.29,58280.51,58577.15,1642.0,1000,0.0
2026-06-30 19:00:00,58574.54,58635.12,58481.83,58576.22,1753.0,1000,0.0
2026-06-30 19:30:00,58572.61,58755.86,58552.06,58726.53,1883.0,1000,0.0
2026-06-30 20:00:00,58717.87,58785.28,58605.99,58652.66,1442.0,1000,0.0
2026-06-30 20:30:00,58652.89,58701.77,58545.79,58636.59,1090.0,1000,0.0
2026-06-30 21:00:00,58634.6,58674.06,58406.87,58502.13,1465.0,1000,0.0
2026-06-30 21:30:00,58497.86,58578.98,58423.38,58551.55,1007.0,1000,0.0
2026-06-30 22:00:00,58554.23,58722.03,58554.23,58564.21,1121.0,1000,0.0
2026-06-30 22:30:00,58565.02,58565.02,58413.61,58507.75,1070.0,1000,0.0
2026-06-30 23:00:00,58507.91,58567.04,58454.39,58519.79,965.0,1000,0.0
2026-06-30 23:30:00,58519.4,58566.19,58461.97,58538.71,996.0,1000,0.0
2026-07-01 00:00:00,58539.82,58651.13,58204.47,58295.43,1717.0,1000,0.0
2026-07-01 00:30:00,58295.07,58532.85,58290.73,58485.37,1779.0,1000,0.0
2026-07-01 01:00:00,58483.95,58492.4,57703.29,58259.19,6378.0,1000,0.0
2026-07-01 01:30:00,58260.99,58930.88,58240.84,58672.85,4817.0,1000,0.0
2026-07-01 02:00:00,58684.41,58932.64,58562.91,58857.04,2394.0,1000,0.0
2026-07-01 02:30:00,58859.57,59084.0,58819.16,58994.01,2279.0,1000,0.0
2026-07-01 03:00:00,58995.91,59034.5,58787.83,58831.53,1338.0,1000,0.0
2026-07-01 03:30:00,58831.59,59225.98,58752.26,59096.75,2243.0,1000,0.0
2026-07-01 04:00:00,59106.11,59185.06,58968.63,59185.06,1510.0,1000,0.0
2026-07-01 04:30:00,59182.0,59385.78,59103.25,59251.14,1713.0,1000,0.0
2026-07-01 05:00:00,59240.52,59288.91,59052.1,59083.07,1361.0,1000,0.0
2026-07-01 05:30:00,59083.69,59119.4,59027.71,59058.65,976.0,1000,0.0
2026-07-01 06:00:00,59060.0,59072.93,58594.91,58709.18,1804.0,1000,0.0
2026-07-01 06:30:00,58709.06,58751.19,58440.85,58668.77,1803.0,1000,0.0
2026-07-01 07:00:00,58675.09,58742.92,58510.35,58652.04,1575.0,1000,0.0
2026-07-01 07:30:00,58646.97,58723.39,58552.35,58688.91,1281.0,1000,0.0
2026-07-01 08:00:00,58687.49,58738.19,58509.51,58538.16,1588.0,1000,0.0
2026-07-01 08:30:00,58536.71,58913.3,58408.69,58898.64,2035.0,1000,0.0
2026-07-01 09:00:00,58901.77,59021.72,58793.77,58825.29,1532.0,1000,0.0
2026-07-01 09:30:00,58823.22,58899.49,58743.14,58870.83,1056.0,1000,0.0
2026-07-01 10:00:00,58871.21,58874.15,58582.14,58670.89,1287.0,1000,0.0
2026-07-01 10:30:00,58671.38,58687.13,58537.37,58579.2,1102.0,1000,0.0
2026-07-01 11:00:00,58578.79,58678.25,58499.26,58615.22,1510.0,1000,0.0
2026-07-01 11:30:00,58611.73,58666.49,58469.02,58536.86,1386.0,1000,0.0
2026-07-01 12:00:00,58537.11,58604.59,58299.1,58472.28,2165.0,1000,0.0
2026-07-01 12:30:00,58469.03,58526.06,58242.75,58450.75,2720.0,1000,0.0
2026-07-01 13:00:00,58464.69,58837.52,58445.03,58736.53,2613.0,1000,0.0
2026-07-01 13:30:00,58734.23,59450.63,58520.35,59417.44,7960.0,1000,0.0
2026-07-01 14:00:00,59413.07,60031.72,59197.87,59713.83,5712.0,1000,0.0
2026-07-01 14:30:00,59715.88,59761.19,59351.79,59484.77,3993.0,1000,0.0
2026-07-01 15:00:00,59484.68,60483.17,59444.99,60246.07,5389.0,1000,0.0
2026-07-01 15:30:00,60252.7,60317.13,60023.2,60082.29,2539.0,1000,0.0
2026-07-01 16:00:00,60089.62,60212.56,59885.79,60076.52,2184.0,1000,0.0
2026-07-01 16:30:00,60077.38,60119.42,59797.66,59866.8,1443.0,1000,0.0
2026-07-01 17:00:00,59866.3,60150.45,59720.85,60082.98,2039.0,1000,0.0
2026-07-01 17:30:00,60082.11,60184.11,60020.41,60130.33,1522.0,1000,0.0
2026-07-01 18:00:00,60125.34,60165.2,59954.89,60084.54,1537.0,1000,0.0
2026-07-01 18:30:00,60082.72,60246.33,60010.91,60103.5,1646.0,1000,0.0
2026-07-01 19:00:00,60101.05,60296.04,60041.5,60089.39,1404.0,1000,0.0
2026-07-01 19:30:00,60090.66,60224.31,59930.6,59970.55,1527.0,1000,0.0
2026-07-01 20:00:00,59970.15,60002.26,59806.63,59918.38,1392.0,1000,0.0
2026-07-01 20:30:00,59918.44,60142.21,59888.43,60071.58,1077.0,1000,0.0
2026-07-01 21:00:00,60070.96,60554.14,60056.69,60464.29,2064.0,1000,0.0
2026-07-01 21:30:00,60462.26,60785.28,60458.3,60758.38,1442.0,1000,0.0
2026-07-01 22:00:00,60759.39,61288.95,60484.37,60488.88,2884.0,1000,0.0
2026-07-01 22:30:00,60488.81,60621.54,60274.95,60409.72,2895.0,1000,0.0
2026-07-01 23:00:00,60402.58,60402.58,60129.87,60152.0,1868.0,1000,0.0
2026-07-01 23:30:00,60151.92,60201.56,59910.78,59966.8,1981.0,1000,0.0
2026-07-02 00:00:00,59972.31,59972.31,59671.66,59718.8,2155.0,1000,0.0
2026-07-02 00:30:00,59719.42,59788.41,59518.32,59683.81,1790.0,1000,0.0
2026-07-02 01:00:00,59685.17,59958.88,59650.39,59951.82,1854.0,1000,0.0
2026-07-02 01:30:00,59954.61,60259.69,59954.61,60111.06,2152.0,1000,0.0
2026-07-02 02:00:00,60114.46,60202.68,59942.87,60141.66,1814.0,1000,0.0
2026-07-02 02:30:00,60140.3,60426.33,60108.81,60348.84,1774.0,1000,0.0
2026-07-02 03:00:00,60351.68,60652.98,60220.35,60481.69,1853.0,1000,0.0
2026-07-02 03:30:00,60481.97,61061.22,60409.63,60990.3,2953.0,1000,0.0
2026-07-02 04:00:00,60988.8,60988.8,60716.61,60786.66,1805.0,1000,0.0
2026-07-02 04:30:00,60776.46,60820.87,60649.56,60704.56,1196.0,1000,0.0
2026-07-02 05:00:00,60704.49,60809.37,60571.59,60674.08,1465.0,1000,0.0
2026-07-02 05:30:00,60669.52,60802.23,60411.94,60439.19,1792.0,1000,0.0
2026-07-02 06:00:00,60435.58,60488.0,60315.58,60402.96,1482.0,1000,0.0
2026-07-02 06:30:00,60401.73,60579.85,60177.56,60193.94,1597.0,1000,0.0
2026-07-02 07:00:00,60190.92,60234.67,60079.88,60084.53,1324.0,1000,0.0
2026-07-02 07:30:00,60083.77,60155.41,60018.07,60064.67,1534.0,1000,0.0
2026-07-02 08:00:00,60061.86,60333.01,60051.9,60282.22,1742.0,1000,0.0
2026-07-02 08:30:00,60281.98,60489.2,60251.59,60430.15,1516.0,1000,0.0
2026-07-02 09:00:00,60429.52,60558.18,60293.05,60521.45,1619.0,1000,0.0
2026-07-02 09:30:00,60523.98,61357.37,60523.79,61093.25,4513.0,1000,0.0
2026-07-02 10:00:00,61091.12,61216.69,60958.21,61133.28,2515.0,1000,0.0
2026-07-02 10:30:00,61136.43,61281.47,61062.39,61185.27,2316.0,1000,0.0
2026-07-02 11:00:00,61188.19,61298.12,61125.26,61216.16,2560.0,1000,0.0
2026-07-02 11:30:00,61207.87,61317.22,61054.36,61276.61,2121.0,1000,0.0
2026-07-02 12:00:00,61274.85,61351.56,61059.26,61267.85,2281.0,1000,0.0
2026-07-02 12:30:00,61266.31,61553.48,61115.07,61460.19,5018.0,1000,0.0
2026-07-02 13:00:00,61463.8,61932.03,61427.38,61622.3,3216.0,1000,0.0
2026-07-02 13:30:00,61620.51,62003.79,61447.44,61869.96,5878.0,1000,0.0
2026-07-02 14:00:00,61870.04,62146.29,61510.61,61604.45,5431.0,1000,0.0
2026-07-02 14:30:00,61602.6,61745.98,61321.65,61627.06,5265.0,1000,0.0
2026-07-02 15:00:00,61631.07,61791.95,61361.32,61646.91,4121.0,1000,0.0
2026-07-02 15:30:00,61655.65,61763.71,61454.51,61547.81,2478.0,1000,0.0
2026-07-02 16:00:00,61547.34,61691.31,61079.84,61132.5,2954.0,1000,0.0
2026-07-02 16:30:00,61135.86,61726.52,61135.86,61621.78,2720.0,1000,0.0
2026-07-02 17:00:00,61621.72,61877.42,61564.51,61813.35,2237.0,1000,0.0
2026-07-02 17:30:00,61812.32,61812.32,61574.44,61604.89,2040.0,1000,0.0
2026-07-02 18:00:00,61599.5,61805.95,61594.68,61792.27,1671.0,1000,0.0
2026-07-02 18:30:00,61793.35,61818.22,61626.03,61700.18,1315.0,1000,0.0
2026-07-02 19:00:00,61701.64,61707.65,61448.58,61556.27,1466.0,1000,0.0
2026-07-02 19:30:00,61561.12,61633.33,61348.68,61420.59,1843.0,1000,0.0
2026-07-02 20:00:00,61415.78,61480.95,61330.81,61338.2,1135.0,1000,0.0
2026-07-02 20:30:00,61338.09,61532.18,61264.13,61503.31,1096.0,1000,0.0
2026-07-02 21:00:00,61503.98,61593.4,61450.49,61471.11,601.0,1000,0.0
2026-07-02 21:30:00,61466.14,61544.07,61442.71,61517.1,663.0,1000,0.0
2026-07-02 22:00:00,61517.0,61521.21,61445.28,61450.18,733.0,1000,0.0
2026-07-02 22:30:00,61450.85,61483.61,61318.68,61391.36,848.0,1000,0.0
2026-07-02 23:00:00,61390.53,61465.78,61271.19,61424.78,996.0,1000,0.0
2026-07-02 23:30:00,61424.41,61532.16,61360.21,61488.67,949.0,1000,0.0
2026-07-03 00:00:00,61482.8,61503.76,61217.92,61217.92,1373.0,1000,0.0
2026-07-03 00:30:00,61214.45,61333.07,61165.35,61223.02,1560.0,1000,0.0
2026-07-03 01:00:00,61220.51,61656.89,61195.01,61477.1,2316.0,1000,0.0
2026-07-03 01:30:00,61477.26,61658.37,61438.0,61516.26,1747.0,1000,0.0
2026-07-03 02:00:00,61516.38,61592.13,61322.26,61322.26,1258.0,1000,0.0
2026-07-03 02:30:00,61319.48,61384.35,61212.58,61354.88,1569.0,1000,0.0
2026-07-03 03:00:00,61354.96,61504.33,61242.49,61453.45,1308.0,1000,0.0
2026-07-03 03:30:00,61454.94,61471.27,61269.14,61345.49,923.0,1000,0.0
2026-07-03 04:00:00,61347.21,61389.03,61255.79,61358.48,940.0,1000,0.0
2026-07-03 04:30:00,61356.4,61450.04,61294.38,61364.83,1015.0,1000,0.0
2026-07-03 05:00:00,61364.22,61612.46,61347.08,61557.91,1302.0,1000,0.0
2026-07-03 05:30:00,61560.14,61736.22,61541.23,61624.75,1431.0,1000,0.0
2026-07-03 06:00:00,61627.99,61777.67,61605.78,61646.95,1080.0,1000,0.0
2026-07-03 06:30:00,61647.87,61710.92,61535.49,61634.79,1094.0,1000,0.0
2026-07-03 07:00:00,61632.87,61707.46,61582.08,61686.8,845.0,1000,0.0
2026-07-03 07:30:00,61686.74,61800.66,61665.48,61681.21,949.0,1000,0.0
2026-07-03 08:00:00,61684.27,61763.44,61645.96,61706.67,1074.0,1000,0.0
2026-07-03 08:30:00,61705.03,61833.78,61482.5,61512.74,1651.0,1000,0.0
2026-07-03 09:00:00,61511.87,61669.68,61437.87,61616.16,1483.0,1000,0.0
2026-07-03 09:30:00,61612.6,61719.92,61478.18,61640.77,1078.0,1000,0.0
2026-07-03 10:00:00,61640.08,61709.55,61595.58,61670.73,1236.0,1000,0.0
2026-07-03 10:30:00,61670.07,61980.86,61652.65,61847.73,1798.0,1000,0.0
2026-07-03 11:00:00,61846.5,62011.26,61764.43,61919.67,1683.0,1000,0.0
2026-07-03 11:30:00,61917.51,62035.76,61802.35,61939.23,1134.0,1000,0.0
2026-07-03 12:00:00,61938.56,62100.66,61836.63,61887.1,1916.0,1000,0.0
2026-07-03 12:30:00,61882.25,61928.71,61785.67,61904.52,1097.0,1000,0.0
2026-07-03 13:00:00,61904.97,62056.63,61859.29,62017.22,1382.0,1000,0.0
2026-07-03 13:30:00,62019.2,62225.76,61946.53,62042.31,1764.0,1000,0.0
2026-07-03 14:00:00,62042.49,62042.49,61617.15,61864.9,2470.0,1000,0.0
2026-07-03 14:30:00,61861.88,62213.81,61777.39,62098.98,1747.0,1000,0.0
2026-07-03 15:00:00,62103.73,62351.05,61915.56,61940.39,2337.0,1000,0.0
2026-07-03 15:30:00,61944.66,62048.52,61741.38,61868.07,1639.0,1000,0.0
2026-07-03 16:00:00,61864.34,62061.19,61842.85,62003.41,1209.0,1000,0.0
2026-07-03 16:30:00,62007.81,62073.88,61923.68,62046.22,1026.0,1000,0.0
2026-07-03 17:00:00,62046.02,62232.01,62003.74,62117.73,1234.0,1000,0.0
2026-07-03 17:30:00,62118.03,62219.93,62096.22,62144.68,930.0,1000,0.0
2026-07-03 18:00:00,62146.97,62153.27,62055.21,62119.66,811.0,1000,0.0
2026-07-03 18:30:00,62120.59,62196.84,62114.62,62146.06,943.0,1000,0.0
2026-07-03 19:00:00,62147.86,62253.13,62087.78,62161.46,1025.0,1000,0.0
2026-07-03 19:30:00,62166.64,62262.72,62093.38,62143.98,1031.0,1000,0.0
2026-07-03 20:00:00,62150.49,62631.28,62124.32,62550.07,1649.0,1000,0.0
2026-07-03 20:30:00,62552.75,62854.12,62530.6,62715.16,2116.0,1000,0.0
2026-07-03 21:00:00,62719.41,62910.96,62543.21,62559.45,1695.0,1000,0.0
2026-07-03 21:30:00,62562.09,62773.97,62438.4,62657.63,1501.0,1000,0.0
2026-07-03 22:00:00,62665.71,62687.04,62515.4,62561.59,1126.0,1000,0.0
2026-07-03 22:30:00,62561.65,62604.56,62468.23,62509.27,790.0,1000,0.0
2026-07-03 23:00:00,62511.49,62629.85,62463.42,62556.19,755.0,1000,0.0
2026-07-03 23:30:00,62556.28,62648.47,62482.73,62519.54,805.0,1000,0.0
2026-07-04 00:00:00,62522.24,62890.49,62516.34,62700.29,1428.0,1000,0.0
2026-07-04 00:30:00,62702.02,62756.18,62624.32,62693.91,870.0,1000,0.0
2026-07-04 01:00:00,62692.61,62692.61,62337.29,62429.21,1463.0,1000,0.0
2026-07-04 01:30:00,62435.11,62482.04,62358.54,62409.94,940.0,1000,0.0
2026-07-04 02:00:00,62413.63,62505.3,62384.83,62429.08,843.0,1000,0.0
2026-07-04 02:30:00,62431.78,62521.04,62362.38,62474.62,736.0,1000,0.0
2026-07-04 03:00:00,62474.49,62532.58,62422.96,62507.41,787.0,1000,0.0
2026-07-04 03:30:00,62506.33,62701.76,62448.21,62569.96,1008.0,1000,0.0
2026-07-04 04:00:00,62570.11,62657.6,62525.81,62599.04,850.0,1000,0.0
2026-07-04 04:30:00,62601.38,62701.17,62574.08,62617.68,899.0,1000,0.0
2026-07-04 05:00:00,62616.88,62621.97,62405.82,62460.78,798.0,1000,0.0
2026-07-04 05:30:00,62460.71,62533.6,62356.78,62413.86,759.0,1000,0.0
2026-07-04 06:00:00,62414.66,62497.99,62268.4,62368.46,931.0,1000,0.0
2026-07-04 06:30:00,62369.87,62473.12,62367.52,62430.77,844.0,1000,0.0
2026-07-04 07:00:00,62433.91,62577.02,62399.44,62483.31,848.0,1000,0.0
2026-07-04 07:30:00,62484.1,62531.31,62413.61,62508.13,771.0,1000,0.0
2026-07-04 08:00:00,62506.06,62522.1,62442.8,62487.26,606.0,1000,0.0
2026-07-04 08:30:00,62485.64,62623.99,62480.24,62499.74,959.0,1000,0.0
2026-07-04 09:00:00,62503.13,62529.36,62381.71,62422.9,950.0,1000,0.0
2026-07-04 09:30:00,62424.1,62453.53,62344.5,62427.87,742.0,1000,0.0
2026-07-04 10:00:00,62427.88,62468.52,62381.66,62445.01,631.0,1000,0.0
2026-07-04 10:30:00,62437.05,62488.12,62399.48,62445.22,581.0,1000,0.0
2026-07-04 11:00:00,62448.92,62497.1,62390.82,62421.87,627.0,1000,0.0
2026-07-04 11:30:00,62419.93,62511.72,62411.42,62422.7,624.0,1000,0.0
2026-07-04 12:00:00,62426.13,62567.55,62425.7,62523.95,692.0,1000,0.0
2026-07-04 12:30:00,62528.39,62644.44,62518.27,62602.05,732.0,1000,0.0
2026-07-04 13:00:00,62603.59,62732.27,62535.5,62602.93,1031.0,1000,0.0
2026-07-04 13:30:00,62603.19,62608.24,62479.94,62533.06,715.0,1000,0.0
2026-07-04 14:00:00,62532.25,62693.16,62532.25,62617.52,1082.0,1000,0.0
2026-07-04 14:30:00,62616.71,62664.34,62566.8,62641.87,829.0,1000,0.0
2026-07-04 15:00:00,62642.42,63043.93,62635.18,62869.03,2825.0,1000,0.0
2026-07-04 15:30:00,62869.86,62980.48,62795.22,62883.29,1443.0,1000,0.0
2026-07-04 16:00:00,62882.36,62913.44,62725.44,62803.7,1320.0,1000,0.0
2026-07-04 16:30:00,62805.66,62918.2,62803.59,62864.27,984.0,1000,0.0
2026-07-04 17:00:00,62865.28,62934.04,62745.7,62931.17,1054.0,1000,0.0
2026-07-04 17:30:00,62926.68,63391.96,62926.68,63222.57,2516.0,1000,0.0
2026-07-04 18:00:00,63223.6,63299.7,63084.63,63130.8,1457.0,1000,0.0
2026-07-04 18:30:00,63124.17,63126.49,63034.92,63109.26,949.0,1000,0.0
2026-07-04 19:00:00,63111.37,63330.54,63063.89,63312.63,1020.0,1000,0.0
2026-07-04 19:30:00,63312.7,63420.49,63219.64,63234.45,1104.0,1000,0.0
2026-07-04 20:00:00,63240.05,63344.46,63096.22,63118.21,1159.0,1000,0.0
2026-07-04 20:30:00,63116.34,63284.31,63101.19,63183.54,853.0,1000,0.0
2026-07-04 21:00:00,63183.61,63398.62,63143.7,63379.27,907.0,1000,0.0
2026-07-04 21:30:00,63379.97,63403.45,63215.58,63243.82,868.0,1000,0.0
2026-07-04 22:00:00,63244.85,63263.52,63141.66,63166.64,774.0,1000,0.0
2026-07-04 22:30:00,63164.56,63195.95,63096.29,63139.21,658.0,1000,0.0
2026-07-04 23:00:00,63141.77,63182.6,62869.4,63039.41,1280.0,1000,0.0
2026-07-04 23:30:00,63041.36,63181.88,63041.36,63093.3,868.0,1000,0.0
2026-07-05 00:00:00,63090.34,63091.72,62918.45,62988.89,968.0,1000,0.0
2026-07-05 00:30:00,62988.07,63065.1,62819.12,62933.38,965.0,1000,0.0
2026-07-05 01:00:00,62931.94,62993.31,62775.23,62879.11,1039.0,1000,0.0
2026-07-05 01:30:00,62874.74,62875.14,62729.28,62831.08,1150.0,1000,0.0
2026-07-05 02:00:00,62830.21,62874.91,62584.73,62700.71,1292.0,1000,0.0
2026-07-05 02:30:00,62705.54,62741.73,62533.3,62641.79,1167.0,1000,0.0
2026-07-05 03:00:00,62638.38,62737.83,62599.87,62619.8,894.0,1000,0.0
2026-07-05 03:30:00,62611.29,62738.62,62607.06,62711.43,846.0,1000,0.0
2026-07-05 04:00:00,62712.08,62829.92,62653.27,62803.6,836.0,1000,0.0
2026-07-05 04:30:00,62805.41,62897.72,62752.95,62757.02,937.0,1000,0.0
2026-07-05 05:00:00,62762.6,62764.58,62671.61,62700.98,855.0,1000,0.0
2026-07-05 05:30:00,62701.19,62756.2,62595.95,62681.53,928.0,1000,0.0
2026-07-05 06:00:00,62681.87,62744.75,62607.91,62735.93,897.0,1000,0.0
2026-07-05 06:30:00,62741.88,62771.93,62684.55,62715.79,733.0,1000,0.0
2026-07-05 07:00:00,62719.48,62784.32,62653.42,62696.86,798.0,1000,0.0
2026-07-05 07:30:00,62703.41,63002.08,62703.41,62957.04,1074.0,1000,0.0
2026-07-05 08:00:00,62959.52,63053.59,62853.58,62877.27,1026.0,1000,0.0
2026-07-05 08:30:00,62880.24,62936.65,62831.67,62859.32,804.0,1000,0.0
2026-07-05 09:00:00,62861.38,62878.97,62666.19,62677.31,844.0,1000,0.0
2026-07-05 09:30:00,62677.44,62727.74,62371.63,62559.64,1929.0,1000,0.0
2026-07-05 10:00:00,62558.74,62682.7,62471.36,62632.12,974.0,1000,0.0
2026-07-05 10:30:00,62630.99,62705.85,62600.76,62695.58,645.0,1000,0.0
2026-07-05 11:00:00,62695.51,62761.31,62548.57,62569.5,959.0,1000,0.0
2026-07-05 11:30:00,62569.93,62676.75,62554.94,62596.57,712.0,1000,0.0
2026-07-05 12:00:00,62598.09,62703.61,62497.01,62696.99,956.0,1000,0.0
2026-07-05 12:30:00,62695.32,62725.22,62590.1,62687.53,833.0,1000,0.0
2026-07-05 13:00:00,62685.09,62769.68,62582.91,62630.63,887.0,1000,0.0
2026-07-05 13:30:00,62635.26,62770.3,62616.04,62740.85,791.0,1000,0.0
2026-07-05 14:00:00,62743.39,62763.98,62610.03,62649.73,823.0,1000,0.0
2026-07-05 14:30:00,62656.68,62762.42,62592.05,62754.26,817.0,1000,0.0
2026-07-05 15:00:00,62754.32,62895.44,62671.52,62708.4,1378.0,1000,0.0
2026-07-05 15:30:00,62708.11,62857.25,62618.56,62687.13,972.0,1000,0.0
2026-07-05 16:00:00,62684.12,62721.56,62549.07,62572.51,908.0,1000,0.0
2026-07-05 16:30:00,62572.71,62614.02,62532.47,62581.08,768.0,1000,0.0
2026-07-05 17:00:00,62583.45,62767.04,62583.45,62632.6,997.0,1000,0.0
2026-07-05 17:30:00,62636.68,62661.39,62528.46,62570.15,790.0,1000,0.0
2026-07-05 18:00:00,62571.56,62666.56,62558.13,62630.23,821.0,1000,0.0
2026-07-05 18:30:00,62631.52,62837.54,62621.53,62754.86,846.0,1000,0.0
2026-07-05 19:00:00,62755.17,62822.95,62668.63,62728.65,845.0,1000,0.0
2026-07-05 19:30:00,62727.8,62780.63,62698.55,62714.11,634.0,1000,0.0
2026-07-05 20:00:00,62709.64,62789.06,62640.17,62676.56,636.0,1000,0.0
2026-07-05 20:30:00,62676.49,62710.28,62637.31,62679.26,580.0,1000,0.0
2026-07-05 21:00:00,62677.21,62889.51,62551.36,62861.29,1130.0,1000,0.0
2026-07-05 21:30:00,62863.46,63183.36,62835.89,63042.13,1617.0,1000,0.0
2026-07-05 22:00:00,63043.23,63682.51,62944.6,63653.54,2991.0,1000,0.0
2026-07-05 22:30:00,63655.09,63906.5,63477.25,63677.75,2790.0,1000,0.0
2026-07-05 23:00:00,63671.37,63951.7,63604.9,63612.61,2281.0,1000,0.0
2026-07-05 23:30:00,63615.05,63673.58,63505.56,63579.74,1338.0,1000,0.0
2026-07-06 00:00:00,63580.85,63655.27,63341.01,63350.97,2225.0,1000,0.0
2026-07-06 00:30:00,63347.49,63726.2,63276.83,63689.44,2067.0,1000,0.0
2026-07-06 01:00:00,63686.48,63802.21,63536.56,63667.48,2095.0,1000,0.0
2026-07-06 01:30:00,63667.32,63868.22,63487.46,63512.09,1865.0,1000,0.0
2026-07-06 02:00:00,63511.44,63607.73,63350.67,63467.76,1665.0,1000,0.0
2026-07-06 02:30:00,63468.29,63571.67,63304.53,63393.52,1581.0,1000,0.0
2026-07-06 03:00:00,63391.34,63445.25,63130.0,63174.0,1561.0,1000,0.0
2026-07-06 03:30:00,63164.94,63261.94,63069.85,63236.94,1599.0,1000,0.0
2026-07-06 04:00:00,63236.55,63332.12,63119.57,63168.05,1153.0,1000,0.0
2026-07-06 04:30:00,63165.01,63338.23,63129.36,63211.54,1141.0,1000,0.0
2026-07-06 05:00:00,63213.48,63213.48,62924.0,62943.92,1620.0,1000,0.0
2026-07-06 05:30:00,62949.16,63109.39,62882.83,63049.6,1318.0,1000,0.0
2026-07-06 06:00:00,63049.44,63092.44,62924.5,62969.02,1091.0,1000,0.0
2026-07-06 06:30:00,62969.09,63026.97,62904.69,62919.86,937.0,1000,0.0
2026-07-06 07:00:00,62922.48,62973.61,62819.33,62901.36,1116.0,1000,0.0
2026-07-06 07:30:00,62901.23,63068.95,62852.76,63017.4,947.0,1000,0.0
2026-07-06 08:00:00,63017.99,63180.98,62913.28,63012.12,1330.0,1000,0.0
2026-07-06 08:30:00,63011.35,63011.35,62762.42,62830.09,1019.0,1000,0.0
2026-07-06 09:00:00,62833.47,62858.74,62667.87,62693.63,998.0,1000,0.0
2026-07-06 09:30:00,62695.83,62711.86,62565.19,62605.21,1087.0,1000,0.0
2026-07-06 10:00:00,62605.24,62820.3,62592.26,62820.3,973.0,1000,0.0
2026-07-06 10:30:00,62815.85,62972.69,62735.62,62761.4,1114.0,1000,0.0
2026-07-06 11:00:00,62762.12,62862.62,62710.69,62816.48,924.0,1000,0.0
2026-07-06 11:30:00,62815.13,62945.39,62426.08,62433.37,1437.0,1000,0.0
2026-07-06 12:00:00,62432.1,62434.92,61798.71,62017.47,6225.0,1000,0.0
2026-07-06 12:30:00,62010.8,62137.82,61610.57,61694.97,2684.0,1000,0.0
2026-07-06 13:00:00,61692.92,61751.04,61362.73,61390.76,3043.0,1000,0.0
2026-07-06 13:30:00,61389.23,61985.05,61252.63,61723.8,5586.0,1000,0.0
2026-07-06 14:00:00,61724.08,62360.69,61651.5,62021.53,4827.0,1000,0.0
2026-07-06 14:30:00,62022.85,62167.01,61823.63,61991.48,3499.0,1000,0.0
2026-07-06 15:00:00,61991.84,62528.43,61990.38,62406.01,4160.0,1000,0.0
2026-07-06 15:30:00,62403.69,63505.76,62219.36,63499.87,5833.0,1000,0.0
2026-07-06 16:00:00,63498.05,63826.47,63337.41,63416.88,5100.0,1000,0.0
2026-07-06 16:30:00,63412.33,63763.84,63408.59,63691.38,2530.0,1000,0.0
2026-07-06 17:00:00,63687.79,63944.82,63622.35,63837.77,2362.0,1000,0.0
2026-07-06 17:30:00,63839.52,63898.71,63507.77,63544.96,2034.0,1000,0.0
2026-07-06 18:00:00,63546.33,63852.95,63501.19,63713.62,1630.0,1000,0.0
2026-07-06 18:30:00,63713.04,63810.81,63639.88,63656.34,1305.0,1000,0.0
2026-07-06 19:00:00,63656.33,63860.23,63600.79,63789.89,1384.0,1000,0.0
2026-07-06 19:30:00,63793.9,63833.51,63666.04,63699.01,1387.0,1000,0.0
2026-07-06 20:00:00,63697.02,63721.39,63535.81,63709.11,1300.0,1000,0.0
2026-07-06 20:30:00,63711.52,63853.65,63697.73,63781.15,1016.0,1000,0.0
2026-07-06 21:00:00,63779.04,64668.23,63758.95,64171.7,4977.0,1000,0.0
2026-07-06 21:30:00,64171.57,64492.64,64102.88,64447.36,2250.0,1000,0.0
2026-07-06 22:00:00,64447.12,64461.36,64150.06,64171.66,1619.0,1000,0.0
2026-07-06 22:30:00,64171.37,64255.75,64097.85,64202.66,1090.0,1000,0.0
2026-07-06 23:00:00,64202.03,64299.85,64042.75,64054.68,1150.0,1000,0.0
2026-07-06 23:30:00,64054.75,64135.37,63973.74,64001.94,991.0,1000,0.0
2026-07-07 00:00:00,64001.6,64279.7,63952.57,64195.1,1673.0,1000,0.0
2026-07-07 00:30:00,64195.17,64233.56,63976.99,64151.53,1843.0,1000,0.0
2026-07-07 01:00:00,64149.17,64151.19,63834.11,63909.17,2290.0,1000,0.0
2026-07-07 01:30:00,63907.18,63974.35,63729.37,63803.48,1578.0,1000,0.0
2026-07-07 02:00:00,63803.63,63867.33,63526.1,63527.74,1331.0,1000,0.0
2026-07-07 02:30:00,63529.5,63576.62,63238.29,63284.53,1976.0,1000,0.0
2026-07-07 03:00:00,63283.47,63375.07,63187.0,63248.12,1752.0,1000,0.0
2026-07-07 03:30:00,63250.88,63311.58,63097.51,63145.28,1381.0,1000,0.0
2026-07-07 04:00:00,63144.49,63237.86,63089.25,63208.27,1229.0,1000,0.0
2026-07-07 04:30:00,63212.22,63251.72,63003.4,63046.82,1050.0,1000,0.0
2026-07-07 05:00:00,63046.0,63072.13,62728.33,62896.12,1335.0,1000,0.0
2026-07-07 05:30:00,62892.81,63215.48,62892.81,63065.11,1364.0,1000,0.0
2026-07-07 06:00:00,63070.11,63179.95,62929.94,63109.2,1295.0,1000,0.0
2026-07-07 06:30:00,63109.13,63353.28,63074.81,63280.79,1251.0,1000,0.0
2026-07-07 07:00:00,63283.65,63401.32,63175.22,63185.91,1246.0,1000,0.0
2026-07-07 07:30:00,63184.3,63227.26,63016.74,63031.32,1213.0,1000,0.0
2026-07-07 08:00:00,63031.31,63138.18,62978.36,63034.04,1160.0,1000,0.0
2026-07-07 08:30:00,63034.6,63096.11,62921.45,63048.09,1078.0,1000,0.0
2026-07-07 09:00:00,63047.96,63196.74,63002.01,63101.62,942.0,1000,0.0
2026-07-07 09:30:00,63100.42,63288.22,63081.79,63199.18,985.0,1000,0.0
2026-07-07 10:00:00,63199.83,63401.44,63186.95,63242.72,1175.0,1000,0.0
2026-07-07 10:30:00,63243.69,63254.16,63157.54,63229.13,867.0,1000,0.0
2026-07-07 11:00:00,63231.24,63231.24,63041.43,63114.0,1140.0,1000,0.0
2026-07-07 11:30:00,63114.75,63400.78,63062.38,63343.02,1227.0,1000,0.0
2026-07-07 12:00:00,63345.53,63826.8,63321.25,63646.4,2482.0,1000,0.0
2026-07-07 12:30:00,63648.34,63648.34,63384.44,63420.35,1536.0,1000,0.0
2026-07-07 13:00:00,63409.78,63425.65,63005.85,63055.3,2302.0,1000,0.0
2026-07-07 13:30:00,63056.58,63353.22,62916.39,62998.62,6089.0,1000,0.0
2026-07-07 14:00:00,62995.72,63203.58,62792.17,63082.59,5876.0,1000,0.0
2026-07-07 14:30:00,63083.39,63580.44,62605.32,63495.2,6246.0,1000,0.0
2026-07-07 15:00:00,63506.95,63750.4,63311.93,63695.02,4439.0,1000,0.0
2026-07-07 15:30:00,63693.46,64063.86,63611.46,63889.14,3874.0,1000,0.0
2026-07-07 16:00:00,63891.78,64023.03,63752.73,63941.07,3001.0,1000,0.0
2026-07-07 16:30:00,63944.44,64204.76,63881.61,63937.35,2386.0,1000,0.0
2026-07-07 17:00:00,63936.6,64112.87,63839.78,64092.04,2075.0,1000,0.0
2026-07-07 17:30:00,64095.1,64183.1,64040.5,64138.08,1533.0,1000,0.0
2026-07-07 18:00:00,64142.1,64142.85,63915.03,63935.94,1417.0,1000,0.0
2026-07-07 18:30:00,63934.08,64095.22,63629.84,63636.37,2330.0,1000,0.0
2026-07-07 19:00:00,63635.82,63733.61,63332.32,63555.3,3131.0,1000,0.0
2026-07-07 19:30:00,63555.52,63863.32,63555.52,63782.2,1852.0,1000,0.0
2026-07-07 20:00:00,63777.25,63864.32,63643.48,63698.23,1379.0,1000,0.0
2026-07-07 20:30:00,63698.04,63703.52,63569.64,63651.91,832.0,1000,0.0
2026-07-07 21:00:00,63654.93,63828.76,63350.12,63486.1,1812.0,1000,0.0
2026-07-07 21:30:00,63484.92,63492.72,63264.47,63392.56,1451.0,1000,0.0
2026-07-07 22:00:00,63385.04,63481.79,63163.8,63413.52,1824.0,1000,0.0
2026-07-07 22:30:00,63414.94,63623.17,63381.12,63504.86,1060.0,1000,0.0
2026-07-07 23:00:00,63498.16,63675.56,63478.96,63609.62,955.0,1000,0.0
2026-07-07 23:30:00,63609.58,63623.04,63271.26,63314.03,1015.0,1000,0.0
2026-07-08 00:00:00,63319.14,63640.44,63255.78,63572.1,1827.0,1000,0.0
2026-07-08 00:30:00,63568.28,63725.4,63502.3,63574.08,1502.0,1000,0.0
2026-07-08 01:00:00,63575.05,63611.24,63384.29,63387.44,1316.0,1000,0.0
2026-07-08 01:30:00,63385.49,63417.19,62873.84,62989.84,2961.0,1000,0.0
2026-07-08 02:00:00,62985.61,62985.61,62763.25,62837.79,2162.0,1000,0.0
2026-07-08 02:30:00,62838.56,63022.27,62472.5,62941.6,2447.0,1000,0.0
2026-07-08 03:00:00,62943.61,63055.68,62916.97,63001.46,1250.0,1000,0.0
2026-07-08 03:30:00,63000.9,63000.9,62646.31,62725.15,1446.0,1000,0.0
2026-07-08 04:00:00,62727.52,62846.46,62677.77,62823.74,1388.0,1000,0.0
2026-07-08 04:30:00,62824.43,62857.67,62618.24,62744.13,1217.0,1000,0.0
2026-07-08 05:00:00,62743.85,62830.45,62663.5,62721.51,1171.0,1000,0.0
2026-07-08 05:30:00,62721.98,62734.04,62493.59,62594.07,1321.0,1000,0.0
2026-07-08 06:00:00,62593.64,62660.95,62413.06,62573.58,1623.0,1000,0.0
2026-07-08 06:30:00,62565.44,62696.42,62421.34,62609.18,1533.0,1000,0.0
2026-07-08 07:00:00,62609.85,62778.7,62486.34,62754.49,1645.0,1000,0.0
2026-07-08 07:30:00,62751.89,62846.53,62710.02,62826.88,963.0,1000,0.0
2026-07-08 08:00:00,62828.31,62899.31,62020.61,62025.07,5062.0,1000,0.0
2026-07-08 08:30:00,62026.25,62285.68,61792.46,61963.78,4184.0,1000,0.0
2026-07-08 09:00:00,61968.63,62061.18,61670.82,61884.14,2926.0,1000,0.0
2026-07-08 09:30:00,61875.9,62112.93,61871.47,62009.37,1626.0,1000,0.0
2026-07-08 10:00:00,62010.26,62058.56,61840.84,62058.56,1437.0,1000,0.0
2026-07-08 10:30:00,62056.37,62142.28,61994.11,62122.56,1136.0,1000,0.0
2026-07-08 11:00:00,62122.63,62136.32,61987.06,62066.85,1231.0,1000,0.0
2026-07-08 11:30:00,62065.96,62341.04,62023.96,62247.57,1844.0,1000,0.0
2026-07-08 12:00:00,62251.37,62369.83,62146.19,62217.11,1362.0,1000,0.0
2026-07-08 12:30:00,62219.9,62248.42,61892.71,61900.56,1417.0,1000,0.0
2026-07-08 13:00:00,61898.99,61938.68,61687.22,61767.27,1804.0,1000,0.0
2026-07-08 13:30:00,61768.0,62032.42,61566.46,61881.1,4574.0,1000,0.0
2026-07-08 14:00:00,61879.18,62120.68,61763.92,61935.52,4440.0,1000,0.0
2026-07-08 14:30:00,61931.69,61980.56,61640.08,61826.75,3718.0,1000,0.0
2026-07-08 15:00:00,61826.98,61865.34,61471.62,61562.55,2626.0,1000,0.0
2026-07-08 15:30:00,61558.36,61732.71,61516.76,61633.46,2100.0,1000,0.0
2026-07-08 16:00:00,61635.11,61932.77,61619.93,61851.27,1953.0,1000,0.0
2026-07-08 16:30:00,61849.93,62093.56,61722.52,62046.84,2057.0,1000,0.0
2026-07-08 17:00:00,62049.38,62258.53,61959.96,62242.37,1504.0,1000,0.0
2026-07-08 17:30:00,62242.4,62349.36,61995.6,62060.66,1526.0,1000,0.0
2026-07-08 18:00:00,62058.88,62299.92,62030.38,62132.4,1746.0,1000,0.0
2026-07-08 18:30:00,62130.14,62221.99,61979.35,62120.83,1414.0,1000,0.0
2026-07-08 19:00:00,62122.29,62213.81,62001.74,62173.3,1295.0,1000,0.0
2026-07-08 19:30:00,62184.33,62244.22,62062.16,62216.88,1549.0,1000,0.0
2026-07-08 20:00:00,62226.79,62260.86,62089.8,62216.16,1068.0,1000,0.0
2026-07-08 20:30:00,62213.78,62224.93,62023.92,62057.98,1037.0,1000,0.0
2026-07-08 21:00:00,62058.05,62094.32,61896.29,62051.8,1036.0,1000,0.0
2026-07-08 21:30:00,62053.22,62203.5,61991.2,62138.18,2008.0,1000,0.0
2026-07-08 22:00:00,62139.48,62307.05,62117.18,62255.17,1137.0,1000,0.0
2026-07-08 22:30:00,62250.95,62286.37,62187.31,62275.24,887.0,1000,0.0
2026-07-08 23:00:00,62271.73,62304.41,62155.92,62211.83,875.0,1000,0.0
2026-07-08 23:30:00,62210.0,62282.16,62115.99,62239.37,1010.0,1000,0.0
2026-07-09 00:00:00,62237.97,62265.87,62063.75,62145.47,1293.0,1000,0.0
2026-07-09 00:30:00,62143.66,62239.38,62000.62,62076.59,1403.0,1000,0.0
2026-07-09 01:00:00,62081.23,62595.83,62053.79,62345.3,2689.0,1000,0.0
2026-07-09 01:30:00,62343.26,62367.24,61773.9,61851.27,2493.0,1000,0.0
2026-07-09 02:00:00,61857.94,62073.74,61743.15,61953.32,1965.0,1000,0.0
2026-07-09 02:30:00,61948.16,61983.65,61633.42,61726.37,1757.0,1000,0.0
2026-07-09 03:00:00,61730.17,61892.73,61661.5,61857.68,1681.0,1000,0.0
2026-07-09 03:30:00,61858.75,62014.96,61816.9,61912.62,1359.0,1000,0.0
2026-07-09 04:00:00,61916.26,62066.8,61899.32,62034.74,1171.0,1000,0.0
2026-07-09 04:30:00,62036.0,62403.64,62025.27,62390.13,1411.0,1000,0.0
2026-07-09 05:00:00,62389.61,62572.66,62212.64,62251.54,1747.0,1000,0.0
2026-07-09 05:30:00,62255.18,62538.49,62173.62,62535.41,1350.0,1000,0.0
2026-07-09 06:00:00,62535.15,62807.34,62423.87,62761.97,1743.0,1000,0.0
2026-07-09 06:30:00,62762.81,62932.14,62685.07,62897.25,1456.0,1000,0.0
2026-07-09 07:00:00,62897.91,63130.92,62773.28,62855.42,2103.0,1000,0.0
2026-07-09 07:30:00,62853.51,63234.77,62738.25,62949.25,1731.0,1000,0.0
2026-07-09 08:00:00,62947.36,62997.91,62855.1,62986.63,1375.0,1000,0.0
2026-07-09 08:30:00,62986.88,63049.93,62787.04,62836.23,1049.0,1000,0.0
2026-07-09 09:00:00,62835.3,62884.57,62752.64,62864.73,985.0,1000,0.0
2026-07-09 09:30:00,62866.02,62954.75,62721.64,62900.46,1220.0,1000,0.0
2026-07-09 10:00:00,62892.84,63000.34,62813.42,62826.02,983.0,1000,0.0
2026-07-09 10:30:00,62824.39,62892.15,62616.69,62727.02,1272.0,1000,0.0
2026-07-09 11:00:00,62724.75,62774.84,62601.49,62647.83,1336.0,1000,0.0
2026-07-09 11:30:00,62649.47,62758.12,62546.2,62720.77,1285.0,1000,0.0
2026-07-09 12:00:00,62720.23,62824.8,62548.37,62750.09,2535.0,1000,0.0
2026-07-09 12:30:00,62751.24,62907.55,62393.52,62555.87,2666.0,1000,0.0
2026-07-09 13:00:00,62557.74,62865.95,62557.74,62665.5,1937.0,1000,0.0
2026-07-09 13:30:00,62664.56,63189.7,62455.22,62968.65,5033.0,1000,0.0
2026-07-09 14:00:00,62973.72,63088.65,62600.62,62822.13,4269.0,1000,0.0
2026-07-09 14:30:00,62821.77,62993.88,62680.25,62947.18,2631.0,1000,0.0
2026-07-09 15:00:00,62949.69,63208.4,62861.98,62932.49,2616.0,1000,0.0
2026-07-09 15:30:00,62937.8,63038.31,62752.84,62808.2,1794.0,1000,0.0
2026-07-09 16:00:00,62807.16,62944.3,62494.37,62651.67,1857.0,1000,0.0
2026-07-09 16:30:00,62657.14,62742.34,62544.49,62640.19,1485.0,1000,0.0
2026-07-09 17:00:00,62642.2,62800.16,62603.92,62784.22,1282.0,1000,0.0
2026-07-09 17:30:00,62780.79,63116.04,62694.99,63089.8,1496.0,1000,0.0
2026-07-09 18:00:00,63088.67,63454.16,63009.69,63332.99,2845.0,1000,0.0
2026-07-09 18:30:00,63333.37,63371.59,63124.69,63164.68,2305.0,1000,0.0
2026-07-09 19:00:00,63168.73,63230.69,63097.24,63205.52,2243.0,1000,0.0
2026-07-09 19:30:00,63204.99,63329.21,63165.33,63196.19,2335.0,1000,0.0
2026-07-09 20:00:00,63198.59,63272.86,63116.75,63228.97,2125.0,1000,0.0
2026-07-09 20:30:00,63228.56,63273.8,63185.82,63259.03,1889.0,1000,0.0
2026-07-09 21:00:00,63259.64,63348.13,63187.26,63206.52,1860.0,1000,0.0
2026-07-09 21:30:00,63206.32,63240.06,63145.69,63225.15,1955.0,1000,0.0
2026-07-09 22:00:00,63225.04,63328.59,63181.15,63294.24,2126.0,1000,0.0
2026-07-09 22:30:00,63294.32,63378.51,63156.72,63161.72,1955.0,1000,0.0
2026-07-09 23:00:00,63161.87,63277.27,63006.88,63177.3,2264.0,1000,0.0
2026-07-09 23:30:00,63175.44,63282.43,63102.7,63170.83,1997.0,1000,0.0
2026-07-10 00:00:00,63171.6,63213.88,63011.07,63048.51,2305.0,1000,0.0
2026-07-10 00:30:00,63046.2,63125.37,62866.25,63055.7,2647.0,1000,0.0
2026-07-10 01:00:00,63055.89,63353.45,62903.82,63332.94,2464.0,1000,0.0
2026-07-10 01:30:00,63332.68,63906.96,63270.92,63706.22,3616.0,1000,0.0
2026-07-10 02:00:00,63705.71,63903.14,63639.49,63762.02,2825.0,1000,0.0
2026-07-10 02:30:00,63763.42,64005.66,63717.9,63913.78,2273.0,1000,0.0
2026-07-10 03:00:00,63912.45,63940.4,63791.41,63796.88,2086.0,1000,0.0
2026-07-10 03:30:00,63796.93,63998.15,63770.87,63897.11,2082.0,1000,0.0
2026-07-10 04:00:00,63897.13,64017.8,63834.9,63839.92,2003.0,1000,0.0
2026-07-10 04:30:00,63840.63,64150.26,63806.5,64007.8,2286.0,1000,0.0
2026-07-10 05:00:00,64007.79,64007.79,63889.22,63923.24,2029.0,1000,0.0
2026-07-10 05:30:00,63921.6,64165.45,63911.84,64069.68,2144.0,1000,0.0
2026-07-10 06:00:00,64070.93,64120.51,63819.36,63862.38,1992.0,1000,0.0
2026-07-10 06:30:00,63861.45,63903.18,63781.48,63817.73,1917.0,1000,0.0
2026-07-10 07:00:00,63816.96,63963.67,63744.65,63929.79,1926.0,1000,0.0
2026-07-10 07:30:00,63929.69,63962.5,63862.61,63936.25,1727.0,1000,0.0
2026-07-10 08:00:00,63936.26,64363.32,63922.9,64279.7,2475.0,1000,0.0
2026-07-10 08:30:00,64279.69,64326.63,64084.48,64193.0,2221.0,1000,0.0
2026-07-10 09:00:00,64193.17,64374.31,64048.91,64370.25,2161.0,1000,0.0
2026-07-10 09:30:00,64370.27,64447.79,64315.7,64340.52,2315.0,1000,0.0
2026-07-10 10:00:00,64338.86,64402.62,64223.78,64385.24,2020.0,1000,0.0
2026-07-10 10:30:00,64385.23,64464.87,64323.93,64356.42,2007.0,1000,0.0
2026-07-10 11:00:00,64355.82,64436.2,64313.09,64377.47,2009.0,1000,0.0
2026-07-10 11:30:00,64377.32,64440.89,64289.03,64380.36,2057.0,1000,0.0
2026-07-10 12:00:00,64380.39,64572.33,64277.94,64446.64,2599.0,1000,0.0
2026-07-10 12:30:00,64446.59,64475.15,64216.71,64240.06,2197.0,1000,0.0
2026-07-10 13:00:00,64238.12,64299.86,64098.24,64110.02,2249.0,1000,0.0
2026-07-10 13:30:00,64112.73,64662.84,64094.6,64433.73,4169.0,1000,0.0
2026-07-10 14:00:00,64435.38,64478.26,63906.62,64083.43,3913.0,1000,0.0
2026-07-10 14:30:00,64087.11,64281.86,63738.93,63872.48,4883.0,1000,0.0
2026-07-10 15:00:00,63872.47,64166.24,63841.28,64087.51,3186.0,1000,0.0
2026-07-10 15:30:00,64087.21,64112.4,63873.98,63991.78,2478.0,1000,0.0
2026-07-10 16:00:00,63987.59,64117.24,63893.3,63957.76,2505.0,1000,0.0
2026-07-10 16:30:00,63957.76,64179.08,63766.04,64088.35,2523.0,1000,0.0
2026-07-10 17:00:00,64086.93,64116.24,63808.35,63922.48,2244.0,1000,0.0
2026-07-10 17:30:00,63922.82,63931.42,63769.06,63775.4,2184.0,1000,0.0
2026-07-10 18:00:00,63780.74,63965.6,63780.74,63871.62,2094.0,1000,0.0
2026-07-10 18:30:00,63870.25,63901.05,63688.73,63759.57,2040.0,1000,0.0
2026-07-10 19:00:00,63759.17,63877.93,63722.81,63810.95,1986.0,1000,0.0
2026-07-10 19:30:00,63810.92,64002.88,63794.73,63886.13,2216.0,1000,0.0
2026-07-10 20:00:00,63884.14,63885.16,63592.15,63684.53,2135.0,1000,0.0
2026-07-10 20:30:00,63684.07,63864.47,63664.42,63787.5,1836.0,1000,0.0
2026-07-10 21:00:00,63787.05,63973.49,63776.24,63950.41,1909.0,1000,0.0
2026-07-10 21:30:00,63951.92,64059.2,63933.31,63964.79,2011.0,1000,0.0
2026-07-10 22:00:00,63970.23,64106.82,63929.47,64085.83,1939.0,1000,0.0
2026-07-10 22:30:00,64086.42,64123.2,64021.68,64063.14,1822.0,1000,0.0
2026-07-10 23:00:00,64063.08,64168.85,63969.21,64149.29,1977.0,1000,0.0
2026-07-10 23:30:00,64149.3,64169.19,64072.15,64117.34,1749.0,1000,0.0
2026-07-11 00:00:00,64118.67,64123.61,63986.66,64069.69,1835.0,1000,0.0
2026-07-11 00:30:00,64069.73,64106.67,64005.03,64075.64,1764.0,1000,0.0
2026-07-11 01:00:00,64077.15,64274.66,64049.05,64187.48,1928.0,1000,0.0
2026-07-11 01:30:00,64184.95,64223.06,63957.06,63969.2,2066.0,1000,0.0
2026-07-11 02:00:00,63977.09,64031.18,63934.84,63991.25,1916.0,1000,0.0
2026-07-11 02:30:00,63989.85,64125.02,63985.02,64112.59,1672.0,1000,0.0
2026-07-11 03:00:00,64108.87,64155.43,64022.56,64076.19,1892.0,1000,0.0
2026-07-11 03:30:00,64075.54,64149.43,64069.58,64107.33,1731.0,1000,0.0
2026-07-11 04:00:00,64108.17,64130.34,64034.57,64096.37,1714.0,1000,0.0
2026-07-11 04:30:00,64096.73,64170.36,64069.98,64106.62,1690.0,1000,0.0
2026-07-11 05:00:00,64106.57,64151.36,64069.19,64144.83,1705.0,1000,0.0
2026-07-11 05:30:00,64144.85,64179.97,64093.78,64119.6,1696.0,1000,0.0
2026-07-11 06:00:00,64119.02,64230.39,64063.12,64178.04,1699.0,1000,0.0
2026-07-11 06:30:00,64178.41,64218.64,64143.66,64168.21,1754.0,1000,0.0
2026-07-11 07:00:00,64167.73,64203.14,64118.99,64169.52,1741.0,1000,0.0
2026-07-11 07:30:00,64174.44,64185.76,64095.42,64106.88,1614.0,1000,0.0
2026-07-11 08:00:00,64105.75,64226.17,64095.16,64194.59,1615.0,1000,0.0
2026-07-11 08:30:00,64195.01,64265.5,64183.28,64217.81,1690.0,1000,0.0
2026-07-11 09:00:00,64209.28,64231.05,64168.9,64219.99,1700.0,1000,0.0
2026-07-11 09:30:00,64219.99,64249.53,64092.4,64110.67,1678.0,1000,0.0
2026-07-11 10:00:00,64113.01,64153.27,64083.88,64123.32,1709.0,1000,0.0
2026-07-11 10:30:00,64123.33,64134.09,64076.4,64130.63,1666.0,1000,0.0
2026-07-11 11:00:00,64130.76,64165.23,64112.07,64124.18,1687.0,1000,0.0
2026-07-11 11:30:00,64124.07,64159.3,64113.96,64139.16,1641.0,1000,0.0
2026-07-11 12:00:00,64139.16,64183.61,64097.82,64125.36,1660.0,1000,0.0
2026-07-11 12:30:00,64125.34,64142.31,64075.24,64134.14,1596.0,1000,0.0
2026-07-11 13:00:00,64134.25,64164.24,64112.43,64139.82,1686.0,1000,0.0
2026-07-11 13:30:00,64141.98,64220.58,64135.64,64191.74,1649.0,1000,0.0
2026-07-11 14:00:00,64191.91,64406.81,64184.32,64329.07,1809.0,1000,0.0
2026-07-11 14:30:00,64329.07,64470.28,64293.29,64297.13,2096.0,1000,0.0
2026-07-11 15:00:00,64298.72,64441.03,64291.1,64380.54,2027.0,1000,0.0
2026-07-11 15:30:00,64384.01,64409.19,63765.6,64120.72,3312.0,1000,0.0
2026-07-11 16:00:00,64121.57,64184.48,64034.25,64172.5,2205.0,1000,0.0
2026-07-11 16:30:00,64167.08,64227.2,64050.8,64129.0,2023.0,1000,0.0
2026-07-11 17:00:00,64128.97,64259.84,64110.31,64245.25,1782.0,1000,0.0
2026-07-11 17:30:00,64245.23,64360.42,64243.73,64269.11,1953.0,1000,0.0
2026-07-11 18:00:00,64267.41,64352.54,64232.5,64291.05,1899.0,1000,0.0
2026-07-11 18:30:00,64293.89,64318.68,64241.63,64279.08,1710.0,1000,0.0
2026-07-11 19:00:00,64279.24,64296.13,64186.04,64193.82,1811.0,1000,0.0
2026-07-11 19:30:00,64193.82,64249.12,64179.6,64236.95,1692.0,1000,0.0
2026-07-11 20:00:00,64237.11,64322.43,64232.84,64300.86,1655.0,1000,0.0
2026-07-11 20:30:00,64300.84,64419.76,64291.79,64328.02,1730.0,1000,0.0
2026-07-11 21:00:00,64328.41,64389.01,64302.29,64320.86,1622.0,1000,0.0
2026-07-11 21:30:00,64319.53,64341.01,64289.18,64303.24,1697.0,1000,0.0
2026-07-11 22:00:00,64306.16,64383.4,64148.31,64207.07,2100.0,1000,0.0
2026-07-11 22:30:00,64207.06,64264.93,64088.35,64157.6,1831.0,1000,0.0
2026-07-11 23:00:00,64158.24,64207.16,63767.94,63888.92,2488.0,1000,0.0
2026-07-11 23:30:00,63887.23,63980.23,63765.6,63772.93,2432.0,1000,0.0
2026-07-12 00:00:00,63772.95,63875.27,63714.27,63785.58,2482.0,1000,0.0
2026-07-12 00:30:00,63785.99,63828.22,63643.98,63787.9,2440.0,1000,0.0
2026-07-12 01:00:00,63787.13,63960.7,63761.45,63908.87,2142.0,1000,0.0
2026-07-12 01:30:00,63907.46,64131.12,63875.2,64079.6,2057.0,1000,0.0
2026-07-12 02:00:00,64080.75,64093.4,63983.29,64073.43,2002.0,1000,0.0
2026-07-12 02:30:00,64074.9,64079.54,64018.0,64029.4,1829.0,1000,0.0
2026-07-12 03:00:00,64028.76,64113.36,63981.94,64087.95,1823.0,1000,0.0
2026-07-12 03:30:00,64087.96,64197.84,64077.73,64181.4,1918.0,1000,0.0
2026-07-12 04:00:00,64178.03,64225.89,64024.48,64035.35,1870.0,1000,0.0
2026-07-12 04:30:00,64035.32,64040.38,63889.8,63959.18,1792.0,1000,0.0
2026-07-12 05:00:00,63961.08,63987.45,63865.96,63876.78,1813.0,1000,0.0
2026-07-12 05:30:00,63876.84,63965.73,63850.14,63924.43,1777.0,1000,0.0
2026-07-12 06:00:00,63922.94,63924.1,63586.66,63628.54,2171.0,1000,0.0
2026-07-12 06:30:00,63627.84,63768.28,63597.63,63707.27,1964.0,1000,0.0
2026-07-12 07:00:00,63706.67,63837.0,63689.65,63821.93,1743.0,1000,0.0
2026-07-12 07:30:00,63821.93,63859.61,63799.36,63845.18,915.0,1000,0.0
2026-07-12 08:00:00,63957.96,64048.91,63942.17,63947.21,1115.0,1000,0.0
2026-07-12 08:30:00,63947.23,63970.84,63870.12,63940.28,1795.0,1000,0.0
2026-07-12 09:00:00,63937.41,63948.22,63710.0,63781.14,1930.0,1000,0.0
2026-07-12 09:30:00,63781.98,64003.58,63781.98,63915.57,1919.0,1000,0.0
2026-07-12 10:00:00,63915.57,63919.36,63830.71,63834.66,1799.0,1000,0.0
2026-07-12 10:30:00,63833.35,63874.8,63787.61,63821.83,1761.0,1000,0.0
2026-07-12 11:00:00,63822.38,63874.66,63770.46,63864.58,1833.0,1000,0.0
2026-07-12 11:30:00,63863.71,63990.6,63863.71,63962.34,1767.0,1000,0.0
2026-07-12 12:00:00,63961.67,64097.46,63919.09,64009.87,1985.0,1000,0.0
2026-07-12 12:30:00,64009.48,64032.54,63941.58,63982.66,1809.0,1000,0.0
2026-07-12 13:00:00,63981.88,64059.98,63953.41,64002.64,1877.0,1000,0.0
2026-07-12 13:30:00,64003.26,64053.48,63943.25,63972.43,1806.0,1000,0.0
2026-07-12 14:00:00,63971.97,63996.05,63909.98,63951.06,1789.0,1000,0.0
2026-07-12 14:30:00,63951.58,64255.35,63949.44,64151.02,2027.0,1000,0.0
2026-07-12 15:00:00,64151.04,64221.33,64087.02,64177.8,2042.0,1000,0.0
2026-07-12 15:30:00,64175.94,64207.22,64074.24,64131.62,1861.0,1000,0.0
2026-07-12 16:00:00,64130.03,64169.64,63994.48,64135.25,1912.0,1000,0.0
2026-07-12 16:30:00,64135.98,64141.41,64057.41,64123.31,1731.0,1000,0.0
2026-07-12 17:00:00,64123.21,64135.35,64082.07,64085.47,1749.0,1000,0.0
2026-07-12 17:30:00,64085.25,64136.86,63970.57,64036.76,1745.0,1000,0.0
2026-07-12 18:00:00,64040.13,64069.94,63967.46,64032.3,1756.0,1000,0.0
2026-07-12 18:30:00,64027.92,64113.5,64014.18,64102.53,1621.0,1000,0.0
2026-07-12 19:00:00,64102.5,64196.45,64101.84,64156.48,1658.0,1000,0.0
2026-07-12 19:30:00,64157.22,64240.19,64101.48,64191.25,1676.0,1000,0.0
2026-07-12 20:00:00,64192.93,64217.7,64132.63,64163.12,1700.0,1000,0.0
2026-07-12 20:30:00,64163.43,64193.24,64125.45,64156.54,1717.0,1000,0.0
2026-07-12 21:00:00,64156.56,64194.04,64033.75,64067.2,1732.0,1000,0.0
2026-07-12 21:30:00,64067.2,64067.22,63845.56,63883.53,2011.0,1000,0.0
2026-07-12 22:00:00,63883.54,63883.54,63622.93,63794.8,2910.0,1000,0.0
2026-07-12 22:30:00,63796.44,63888.24,63656.01,63842.97,2127.0,1000,0.0
2026-07-12 23:00:00,63840.49,63879.08,63695.16,63786.53,2183.0,1000,0.0
2026-07-12 23:30:00,63785.88,63828.32,63684.44,63747.81,2028.0,1000,0.0
2026-07-13 00:00:00,63746.18,64400.12,63683.78,64145.55,4390.0,1000,0.0
2026-07-13 00:30:00,64146.59,64174.02,63525.84,64020.08,4118.0,1000,0.0
2026-07-13 01:00:00,64020.09,64021.91,63609.99,63685.42,3661.0,1000,0.0
2026-07-13 01:30:00,63680.41,63730.44,63349.43,63369.43,3664.0,1000,0.0
2026-07-13 02:00:00,63371.24,63509.95,63190.0,63415.37,3846.0,1000,0.0
2026-07-13 02:30:00,63419.64,63464.51,63287.88,63324.59,2467.0,1000,0.0
2026-07-13 03:00:00,63323.24,63345.67,62744.51,63021.83,3770.0,1000,0.0
2026-07-13 03:30:00,63022.24,63025.96,62686.08,62764.56,2614.0,1000,0.0
2026-07-13 04:00:00,62764.56,62860.61,62636.53,62824.94,2466.0,1000,0.0
2026-07-13 04:30:00,62825.9,62835.91,62563.44,62635.37,2401.0,1000,0.0
2026-07-13 05:00:00,62635.44,62867.33,62429.66,62599.71,3004.0,1000,0.0
2026-07-13 05:30:00,62599.41,62791.46,62514.41,62753.79,2244.0,1000,0.0
2026-07-13 06:00:00,62755.29,62824.9,62659.13,62789.93,2205.0,1000,0.0
2026-07-13 06:30:00,62789.91,62835.85,62708.5,62754.33,2023.0,1000,0.0
2026-07-13 07:00:00,62754.32,62950.8,62696.23,62901.75,2112.0,1000,0.0
2026-07-13 07:30:00,62903.36,63010.86,62860.92,62940.39,2073.0,1000,0.0
2026-07-13 08:00:00,62940.82,63041.43,62881.47,63034.48,2228.0,1000,0.0
2026-07-13 08:30:00,63035.19,63234.48,62935.6,63152.81,2084.0,1000,0.0
2026-07-13 09:00:00,63152.91,63155.82,63038.57,63059.51,1885.0,1000,0.0
2026-07-13 09:30:00,63065.72,63065.72,63026.44,63036.19,1726.0,1000,0.0
2026-07-13 10:00:00,63035.82,63088.76,63010.2,63024.42,1778.0,1000,0.0
2026-07-13 10:30:00,63024.68,63060.39,62795.24,62809.93,2075.0,1000,0.0
2026-07-13 11:00:00,62809.93,63075.3,62809.93,62962.05,2152.0,1000,0.0
2026-07-13 11:30:00,62961.44,62967.12,62833.48,62846.55,1788.0,1000,0.0
2026-07-13 12:00:00,62846.3,62932.2,62652.21,62686.44,2482.0,1000,0.0
2026-07-13 12:30:00,62686.45,62731.53,62497.98,62572.32,2196.0,1000,0.0
2026-07-13 13:00:00,62572.27,62607.99,62310.43,62461.65,2362.0,1000,0.0
2026-07-13 13:30:00,62469.09,62714.36,62097.76,62252.36,4750.0,1000,0.0
2026-07-13 14:00:00,62251.96,62598.8,62025.09,62485.25,4511.0,1000,0.0
2026-07-13 14:30:00,62485.25,62738.21,62396.46,62721.2,3469.0,1000,0.0
2026-07-13 15:00:00,62719.16,62915.82,62610.77,62749.3,2545.0,1000,0.0
2026-07-13 15:30:00,62748.1,62791.66,62497.26,62545.77,2400.0,1000,0.0
2026-07-13 16:00:00,62549.25,62568.08,62202.34,62273.75,2323.0,1000,0.0
2026-07-13 16:30:00,62275.7,62357.52,62135.81,62216.34,2640.0,1000,0.0
2026-07-13 17:00:00,62217.44,62301.53,62101.0,62120.84,2245.0,1000,0.0
2026-07-13 17:30:00,62120.15,62156.77,61823.95,61828.83,2817.0,1000,0.0
2026-07-13 18:00:00,61830.01,61995.53,61750.99,61879.63,2670.0,1000,0.0
2026-07-13 18:30:00,61879.7,62036.39,61831.73,61951.3,2276.0,1000,0.0
2026-07-13 19:00:00,61954.66,62045.7,61911.15,61943.02,2174.0,1000,0.0
2026-07-13 19:30:00,61943.7,62219.89,61941.69,62203.63,2179.0,1000,0.0
2026-07-13 20:00:00,62203.39,62253.47,62004.43,62136.06,2107.0,1000,0.0
2026-07-13 20:30:00,62135.59,62201.86,61970.5,62130.81,1896.0,1000,0.0
2026-07-13 21:00:00,62130.44,62154.36,61915.77,61966.29,1908.0,1000,0.0
2026-07-13 21:30:00,61966.22,62062.7,61826.41,61998.18,2223.0,1000,0.0
2026-07-13 22:00:00,61997.28,62166.0,61985.79,62094.67,2196.0,1000,0.0
2026-07-13 22:30:00,62094.58,62122.06,61826.56,61842.84,2133.0,1000,0.0
2026-07-13 23:00:00,61849.28,62159.54,61796.2,62095.19,2096.0,1000,0.0
2026-07-13 23:30:00,62095.13,62284.82,62018.39,62265.85,2194.0,1000,0.0
2026-07-14 00:00:00,62262.32,62423.06,62189.11,62293.27,2703.0,1000,0.0
2026-07-14 00:30:00,62293.31,62598.04,62213.97,62479.1,2644.0,1000,0.0
2026-07-14 01:00:00,62480.16,62570.07,62380.72,62449.27,2472.0,1000,0.0
2026-07-14 01:30:00,62449.63,62496.63,62385.61,62454.41,2125.0,1000,0.0
2026-07-14 02:00:00,62455.34,62545.65,62246.41,62297.5,2143.0,1000,0.0
2026-07-14 02:30:00,62297.75,62571.56,62295.97,62477.65,2047.0,1000,0.0
2026-07-14 03:00:00,62476.26,62535.53,62236.44,62397.33,2168.0,1000,0.0
2026-07-14 03:30:00,62393.78,62508.26,62354.69,62492.23,2015.0,1000,0.0
2026-07-14 04:00:00,62492.04,62591.97,62458.9,62568.4,2017.0,1000,0.0
2026-07-14 04:30:00,62570.09,62706.02,62566.09,62672.9,2039.0,1000,0.0
2026-07-14 05:00:00,62670.01,62810.15,62626.3,62765.64,2035.0,1000,0.0
2026-07-14 05:30:00,62765.65,62804.42,62623.95,62653.41,2026.0,1000,0.0
2026-07-14 06:00:00,62650.73,62661.7,62578.02,62611.63,2023.0,1000,0.0
2026-07-14 06:30:00,62611.72,62701.15,62481.09,62548.2,2024.0,1000,0.0
2026-07-14 07:00:00,62548.54,62578.52,62459.22,62556.86,2083.0,1000,0.0
2026-07-14 07:30:00,62555.32,62572.69,62424.11,62470.84,2057.0,1000,0.0
2026-07-14 08:00:00,62468.33,62594.86,62399.97,62567.7,2058.0,1000,0.0
2026-07-14 08:30:00,62568.19,62722.55,62538.05,62624.66,2018.0,1000,0.0
2026-07-14 09:00:00,62624.76,62669.01,62567.62,62595.03,1893.0,1000,0.0
2026-07-14 09:30:00,62590.55,62603.52,62450.1,62547.78,1952.0,1000,0.0
2026-07-14 10:00:00,62547.95,62666.18,62547.95,62591.03,1809.0,1000,0.0
2026-07-14 10:30:00,62593.65,62836.39,62528.82,62724.37,2359.0,1000,0.0
2026-07-14 11:00:00,62724.37,62802.87,62633.98,62783.62,2058.0,1000,0.0
2026-07-14 11:30:00,62782.43,62855.46,62733.33,62769.81,1989.0,1000,0.0
2026-07-14 12:00:00,62769.76,63048.26,62706.1,62890.62,2511.0,1000,0.0
2026-07-14 12:30:00,62890.27,63925.53,62876.78,63899.8,6559.0,1000,0.0
2026-07-14 13:00:00,63901.38,64128.8,63693.18,63894.08,3703.0,1000,0.0
2026-07-14 13:30:00,63894.16,63925.0,63630.94,63768.98,3705.0,1000,0.0
2026-07-14 14:00:00,63777.54,63859.31,63516.06,63847.85,3515.0,1000,0.0
2026-07-14 14:30:00,63847.23,64282.24,63787.76,64238.77,3066.0,1000,0.0
2026-07-14 15:00:00,64234.12,64517.61,64133.19,64433.25,3576.0,1000,0.0
2026-07-14 15:30:00,64442.14,64923.8,64440.88,64704.93,4647.0,1000,0.0
2026-07-14 16:00:00,64701.4,64858.15,64561.23,64774.94,3164.0,1000,0.0
2026-07-14 16:30:00,64783.62,64850.79,64670.49,64694.98,2272.0,1000,0.0
2026-07-14 17:00:00,64693.99,64693.99,64185.91,64479.64,2992.0,1000,0.0
2026-07-14 17:30:00,64478.74,64679.73,64387.49,64580.71,2252.0,1000,0.0
2026-07-14 18:00:00,64580.71,64589.04,64428.91,64475.13,2136.0,1000,0.0
2026-07-14 18:30:00,64474.81,64621.8,64433.97,64529.19,2189.0,1000,0.0
2026-07-14 19:00:00,64528.7,64673.24,64500.04,64525.87,2115.0,1000,0.0
2026-07-14 19:30:00,64518.69,64627.78,64443.74,64533.43,2107.0,1000,0.0
2026-07-14 20:00:00,64538.01,64557.47,64394.34,64406.83,1995.0,1000,0.0
2026-07-14 20:30:00,64406.74,64550.44,64371.33,64510.28,1871.0,1000,0.0
2026-07-14 21:00:00,64510.32,64630.81,64470.44,64616.98,1795.0,1000,0.0
2026-07-14 21:30:00,64615.52,64859.51,64582.65,64624.34,2214.0,1000,0.0
2026-07-14 22:00:00,64624.34,65086.59,64466.39,64890.2,2731.0,1000,0.0
2026-07-14 22:30:00,64883.37,64989.58,64806.36,64808.78,2215.0,1000,0.0
2026-07-14 23:00:00,64808.78,65020.89,64725.03,64867.28,2203.0,1000,0.0
2026-07-14 23:30:00,64866.35,65005.63,64845.49,64982.9,1850.0,1000,0.0
2026-07-15 00:00:00,64995.1,65019.82,64784.48,64837.94,2230.0,1000,0.0
2026-07-15 00:30:00,64837.11,64841.22,64716.1,64776.13,1978.0,1000,0.0
2026-07-15 01:00:00,64775.13,64808.96,64642.48,64786.11,2121.0,1000,0.0
2026-07-15 01:30:00,64786.89,64802.32,64588.81,64624.24,2056.0,1000,0.0
2026-07-15 02:00:00,64624.34,64705.81,64470.68,64473.06,1997.0,1000,0.0
2026-07-15 02:30:00,64472.99,64518.73,64430.46,64442.31,1818.0,1000,0.0
2026-07-15 03:00:00,64442.52,64615.38,64441.5,64557.55,1828.0,1000,0.0
2026-07-15 03:30:00,64556.58,64794.49,64552.18,64735.81,2076.0,1000,0.0
2026-07-15 04:00:00,64734.78,64838.93,64703.75,64706.22,1968.0,1000,0.0
2026-07-15 04:30:00,64708.86,64815.11,64658.53,64699.02,1910.0,1000,0.0
2026-07-15 05:00:00,64700.1,64763.65,64551.78,64592.76,2021.0,1000,0.0
2026-07-15 05:30:00,64594.2,64912.19,64584.64,64891.01,2038.0,1000,0.0
2026-07-15 06:00:00,64892.37,65008.07,64815.01,64930.77,2284.0,1000,0.0
2026-07-15 06:30:00,64935.56,65243.39,64766.36,64766.92,2857.0,1000,0.0
2026-07-15 07:00:00,64769.29,64838.47,64429.61,64490.87,2477.0,1000,0.0
2026-07-15 07:30:00,64490.88,64597.67,64471.08,64499.62,2091.0,1000,0.0
2026-07-15 08:00:00,64500.48,64639.9,64500.48,64593.89,2100.0,1000,0.0
2026-07-15 08:30:00,64593.93,64745.12,64568.06,64718.74,1898.0,1000,0.0
2026-07-15 09:00:00,64718.73,64873.66,64700.35,64778.77,1961.0,1000,0.0
2026-07-15 09:30:00,64777.32,64789.13,64594.4,64619.34,1951.0,1000,0.0
2026-07-15 10:00:00,64619.92,64800.04,64561.98,64579.58,2021.0,1000,0.0
2026-07-15 10:30:00,64580.82,64645.69,64556.61,64603.79,1847.0,1000,0.0
2026-07-15 11:00:00,64603.51,64700.97,64554.14,64587.15,1932.0,1000,0.0
2026-07-15 11:30:00,64587.13,64699.73,64574.16,64680.84,1863.0,1000,0.0
2026-07-15 12:00:00,64680.82,64714.31,64537.34,64626.63,2044.0,1000,0.0
2026-07-15 12:30:00,64626.72,65208.84,64616.2,65098.81,4140.0,1000,0.0
2026-07-15 13:00:00,65099.9,65525.5,65091.12,65262.27,3963.0,1000,0.0
2026-07-15 13:30:00,65261.69,65465.59,64821.29,65054.78,5015.0,1000,0.0
2026-07-15 14:00:00,65054.07,65363.82,64995.01,65278.17,4266.0,1000,0.0
2026-07-15 14:30:00,65278.5,65464.62,65234.17,65335.23,3459.0,1000,0.0
2026-07-15 15:00:00,65335.25,65435.35,65196.3,65336.04,2985.0,1000,0.0
2026-07-15 15:30:00,65334.2,65553.1,65268.82,65365.07,2702.0,1000,0.0
2026-07-15 16:00:00,65363.1,65409.75,64980.26,65113.32,2784.0,1000,0.0
2026-07-15 16:30:00,65113.36,65121.73,64723.07,65063.98,2747.0,1000,0.0
2026-07-15 17:00:00,65065.88,65105.85,64922.66,64990.91,2080.0,1000,0.0
2026-07-15 17:30:00,64990.94,65137.91,64911.84,65003.99,2341.0,1000,0.0
2026-07-15 18:00:00,65003.21,65100.0,64903.9,65014.79,2205.0,1000,0.0
2026-07-15 18:30:00,65014.85,65073.08,64791.54,64820.55,2139.0,1000,0.0
2026-07-15 19:00:00,64820.54,64903.36,64689.94,64806.47,2173.0,1000,0.0
2026-07-15 19:30:00,64806.28,64965.91,64796.45,64938.13,2195.0,1000,0.0
2026-07-15 20:00:00,64937.77,64989.58,64852.12,64962.78,1935.0,1000,0.0
2026-07-15 20:30:00,64962.03,65013.31,64919.49,64925.45,1776.0,1000,0.0
2026-07-15 21:00:00,64925.43,64976.91,64786.02,64828.91,1815.0,1000,0.0
2026-07-15 21:30:00,64829.52,64846.35,64738.94,64788.51,1842.0,1000,0.0
2026-07-15 22:00:00,64786.63,64859.13,64722.4,64852.28,1959.0,1000,0.0
2026-07-15 22:30:00,64852.79,64942.22,64811.3,64820.75,1947.0,1000,0.0
2026-07-15 23:00:00,64822.3,64902.06,64794.53,64811.82,1882.0,1000,0.0
2026-07-15 23:30:00,64811.75,64824.27,64642.74,64715.48,1941.0,1000,0.0
2026-07-16 00:00:00,64710.25,64805.16,64517.61,64517.61,2177.0,1000,0.0
2026-07-16 00:30:00,64519.14,64607.59,64451.41,64539.09,2048.0,1000,0.0
2026-07-16 01:00:00,64541.15,64616.83,64341.32,64514.97,2209.0,1000,0.0
2026-07-16 01:30:00,64515.13,64787.7,64509.24,64690.58,2172.0,1000,0.0
2026-07-16 02:00:00,64690.61,64696.41,64546.28,64626.31,2050.0,1000,0.0
2026-07-16 02:30:00,64625.88,64644.59,64529.04,64590.87,1980.0,1000,0.0
2026-07-16 03:00:00,64590.24,64674.91,64534.62,64637.61,1980.0,1000,0.0
2026-07-16 03:30:00,64638.44,64701.43,64496.74,64564.84,1892.0,1000,0.0
2026-07-16 04:00:00,64567.77,64615.34,64481.3,64597.7,1878.0,1000,0.0
2026-07-16 04:30:00,64599.74,64641.2,64520.96,64584.93,1863.0,1000,0.0
2026-07-16 05:00:00,64584.77,64902.8,64547.46,64871.45,2061.0,1000,0.0
2026-07-16 05:30:00,64871.09,64949.34,64802.21,64866.04,2062.0,1000,0.0
2026-07-16 06:00:00,64865.39,64918.56,64743.15,64765.6,2038.0,1000,0.0
2026-07-16 06:30:00,64765.43,64777.84,64571.48,64719.01,1987.0,1000,0.0
2026-07-16 07:00:00,64719.51,64725.92,64438.62,64452.92,2087.0,1000,0.0
2026-07-16 07:30:00,64452.92,64459.88,64012.94,64169.18,2655.0,1000,0.0
2026-07-16 08:00:00,64168.66,64204.85,63813.98,64101.85,3137.0,1000,0.0
2026-07-16 08:30:00,64101.67,64310.45,64004.77,64071.16,2384.0,1000,0.0
2026-07-16 09:00:00,64071.15,64131.07,63952.96,63976.62,2051.0,1000,0.0
2026-07-16 09:30:00,63977.63,64078.76,63957.27,64038.01,2041.0,1000,0.0
2026-07-16 10:00:00,64039.09,64174.48,64015.86,64170.06,1945.0,1000,0.0
2026-07-16 10:30:00,64170.35,64217.53,64104.64,64157.97,1873.0,1000,0.0
2026-07-16 11:00:00,64160.65,64204.3,64027.0,64123.86,2043.0,1000,0.0
2026-07-16 11:30:00,64123.87,64218.33,64030.5,64196.42,2105.0,1000,0.0
2026-07-16 12:00:00,64196.43,64200.96,64025.31,64140.13,2098.0,1000,0.0
2026-07-16 12:30:00,64140.17,64162.6,63801.41,63905.32,2565.0,1000,0.0
2026-07-16 13:00:00,63906.13,64205.78,63901.03,64198.94,2286.0,1000,0.0
2026-07-16 13:30:00,64203.25,64429.05,64051.95,64327.88,3816.0,1000,0.0
2026-07-16 14:00:00,64326.34,64812.21,64270.2,64701.25,3726.0,1000,0.0
2026-07-16 14:30:00,64701.6,64785.53,64324.9,64489.18,3453.0,1000,0.0
2026-07-16 15:00:00,64491.65,64850.43,64255.47,64770.75,3464.0,1000,0.0
2026-07-16 15:30:00,64770.72,64782.56,64562.79,64656.61,2952.0,1000,0.0
2026-07-16 16:00:00,64658.36,64669.78,64338.17,64485.79,3013.0,1000,0.0
2026-07-16 16:30:00,64486.43,64618.39,64278.11,64427.73,2777.0,1000,0.0
2026-07-16 17:00:00,64427.11,64438.79,64039.55,64182.46,2783.0,1000,0.0
2026-07-16 17:30:00,64182.42,64245.57,63937.41,64030.3,2593.0,1000,0.0
2026-07-16 18:00:00,64031.59,64290.85,64000.48,64167.0,2342.0,1000,0.0
2026-07-16 18:30:00,64167.46,64283.21,64043.4,64193.01,2262.0,1000,0.0
2026-07-16 19:00:00,64189.96,64257.42,64111.74,64209.05,2122.0,1000,0.0
2026-07-16 19:30:00,64209.04,64245.36,64093.05,64221.45,2130.0,1000,0.0
2026-07-16 20:00:00,64220.88,64231.84,64102.85,64136.06,1895.0,1000,0.0
2026-07-16 20:30:00,64136.44,64159.12,64046.64,64061.99,1836.0,1000,0.0
2026-07-16 21:00:00,64060.99,64161.34,64043.94,64115.4,1727.0,1000,0.0
2026-07-16 21:30:00,64115.68,64188.01,64077.73,64109.68,1800.0,1000,0.0
2026-07-16 22:00:00,64111.23,64196.45,63953.96,63979.1,2058.0,1000,0.0
2026-07-16 22:30:00,63979.09,64125.65,63894.83,63921.3,2098.0,1000,0.0
2026-07-16 23:00:00,63921.29,63956.35,63692.71,63771.51,2178.0,1000,0.0
2026-07-16 23:30:00,63771.51,63856.33,63688.66,63775.32,2185.0,1000,0.0
2026-07-17 00:00:00,63774.65,63860.98,63691.72,63744.2,2351.0,1000,0.0
2026-07-17 00:30:00,63744.79,63835.53,63555.05,63834.05,2657.0,1000,0.0
2026-07-17 01:00:00,63832.74,64013.9,63769.9,63920.4,2718.0,1000,0.0
2026-07-17 01:30:00,63918.84,63930.54,63414.63,63492.39,2935.0,1000,0.0
2026-07-17 02:00:00,63492.41,63602.01,63373.47,63475.03,2784.0,1000,0.0
2026-07-17 02:30:00,63475.03,63521.12,63325.98,63430.23,2385.0,1000,0.0
2026-07-17 03:00:00,63433.45,63669.13,63418.33,63622.89,2322.0,1000,0.0
2026-07-17 03:30:00,63623.04,63644.1,63462.35,63513.82,2118.0,1000,0.0
2026-07-17 04:00:00,63515.32,63515.32,63247.29,63331.7,2245.0,1000,0.0
2026-07-17 04:30:00,63331.37,63521.46,63267.54,63421.33,2185.0,1000,0.0
2026-07-17 05:00:00,63421.23,63421.23,63114.65,63148.85,2116.0,1000,0.0
2026-07-17 05:30:00,63146.5,63175.56,62738.11,62783.73,2623.0,1000,0.0
2026-07-17 06:00:00,62783.52,62936.19,62640.94,62881.31,2686.0,1000,0.0
2026-07-17 06:30:00,62879.41,62911.0,62791.23,62891.06,2103.0,1000,0.0
2026-07-17 07:00:00,62889.9,62889.9,62739.24,62877.42,2098.0,1000,0.0
2026-07-17 07:30:00,62877.45,62926.07,62755.12,62772.55,2128.0,1000,0.0
2026-07-17 08:00:00,62772.62,62836.78,62668.84,62738.55,2396.0,1000,0.0
2026-07-17 08:30:00,62741.01,62873.42,62579.28,62830.6,2129.0,1000,0.0
2026-07-17 09:00:00,62832.82,62906.1,62796.74,62883.83,1973.0,1000,0.0
2026-07-17 09:30:00,62882.39,63006.7,62858.35,62925.9,1938.0,1000,0.0
2026-07-17 10:00:00,62925.38,63078.05,62917.31,63033.37,2139.0,1000,0.0
2026-07-17 10:30:00,63032.87,63134.61,63009.79,63108.2,1800.0,1000,0.0
2026-07-17 11:00:00,63119.57,63148.76,62994.88,63063.11,1921.0,1000,0.0
2026-07-17 11:30:00,63070.42,63300.81,63037.62,63243.47,2004.0,1000,0.0
2026-07-17 12:00:00,63243.44,63284.92,63096.63,63132.21,1970.0,1000,0.0
2026-07-17 12:30:00,63138.26,63145.67,62999.48,63043.72,2237.0,1000,0.0
2026-07-17 13:00:00,63041.61,63043.16,62702.72,62796.84,2870.0,1000,0.0
2026-07-17 13:30:00,62798.68,63121.31,62468.14,63092.84,5228.0,1000,0.0
2026-07-17 14:00:00,63091.21,63464.91,63074.64,63182.08,4653.0,1000,0.0
2026-07-17 14:30:00,63186.24,63299.26,63016.42,63118.66,3809.0,1000,0.0
2026-07-17 15:00:00,63107.57,63221.51,62790.5,63206.24,3697.0,1000,0.0
2026-07-17 15:30:00,63205.1,63409.16,63055.83,63404.33,2818.0,1000,0.0
2026-07-17 16:00:00,63416.02,63519.07,63245.77,63420.51,2804.0,1000,0.0
2026-07-17 16:30:00,63421.51,63663.62,63311.53,63535.84,2752.0,1000,0.0
2026-07-17 17:00:00,63535.9,64104.17,63535.9,63982.99,3307.0,1000,0.0
2026-07-17 17:30:00,63976.67,64188.73,63929.92,64006.85,2812.0,1000,0.0
2026-07-17 18:00:00,63997.69,64079.6,63841.77,63918.5,2580.0,1000,0.0
2026-07-17 18:30:00,63918.35,64349.3,63903.01,64220.97,2634.0,1000,0.0
2026-07-17 19:00:00,64213.86,64224.78,63931.94,64049.58,2288.0,1000,0.0
2026-07-17 19:30:00,64050.7,64176.92,64020.37,64110.74,2325.0,1000,0.0
2026-07-17 20:00:00,64108.49,64112.26,63940.81,63991.13,2023.0,1000,0.0
2026-07-17 20:30:00,63989.39,64157.06,63911.5,64071.24,2036.0,1000,0.0
2026-07-17 21:00:00,64069.18,64184.16,64067.6,64103.03,1766.0,1000,0.0
2026-07-17 21:30:00,64102.62,64118.9,64018.79,64058.46,1798.0,1000,0.0
2026-07-17 22:00:00,64055.08,64110.32,63912.85,63922.93,1846.0,1000,0.0
2026-07-17 22:30:00,63921.23,63955.2,63875.78,63937.92,1726.0,1000,0.0
2026-07-17 23:00:00,63937.74,63943.11,63837.81,63918.4,1739.0,1000,0.0
2026-07-17 23:30:00,63920.46,63968.38,63875.58,63895.54,1769.0,1000,0.0
2026-07-18 00:00:00,63890.29,63975.98,63844.44,63949.1,1785.0,1000,0.0
2026-07-18 00:30:00,63948.74,63949.22,63844.35,63868.15,1622.0,1000,0.0
2026-07-18 01:00:00,63860.16,63958.14,63834.41,63945.13,1626.0,1000,0.0
2026-07-18 01:30:00,63945.87,63950.63,63870.45,63908.21,1743.0,1000,0.0
2026-07-18 02:00:00,63908.24,63958.84,63881.28,63943.49,1703.0,1000,0.0
2026-07-18 02:30:00,63944.77,63989.8,63898.02,63918.66,1709.0,1000,0.0
2026-07-18 03:00:00,63916.96,63949.36,63893.52,63909.66,1721.0,1000,0.0
2026-07-18 03:30:00,63909.71,63978.16,63881.79,63963.45,1657.0,1000,0.0
2026-07-18 04:00:00,63963.46,63976.49,63910.68,63932.48,1638.0,1000,0.0
2026-07-18 04:30:00,63932.49,63939.24,63893.98,63924.41,1612.0,1000,0.0
2026-07-18 05:00:00,63922.12,63929.07,63872.44,63922.57,1652.0,1000,0.0
2026-07-18 05:30:00,63922.53,63949.46,63894.59,63914.86,1683.0,1000,0.0
2026-07-18 06:00:00,63913.85,63956.59,63904.54,63940.7,1630.0,1000,0.0
2026-07-18 06:30:00,63940.44,63943.28,63894.75,63925.19,1569.0,1000,0.0
2026-07-18 07:00:00,63925.3,63974.89,63923.73,63969.02,1571.0,1000,0.0
2026-07-18 07:30:00,63969.13,63983.63,63946.54,63956.02,1617.0,1000,0.0
2026-07-18 08:00:00,63956.3,63970.09,63906.87,63965.39,1665.0,1000,0.0
2026-07-18 08:30:00,63969.99,63980.42,63929.24,63954.84,1560.0,1000,0.0
2026-07-18 09:00:00,63954.84,63962.81,63882.74,63902.49,1595.0,1000,0.0
2026-07-18 09:30:00,63902.49,63937.83,63898.63,63926.5,1606.0,1000,0.0
2026-07-18 10:00:00,63926.41,63958.01,63925.71,63951.09,1473.0,1000,0.0
2026-07-18 10:30:00,63951.17,63962.63,63942.23,63950.51,1435.0,1000,0.0
2026-07-18 11:00:00,63951.17,63971.35,63950.9,63960.74,1459.0,1000,0.0
2026-07-18 11:30:00,63959.68,64050.65,63959.68,64013.05,1541.0,1000,0.0
2026-07-18 12:00:00,64011.21,64151.79,64005.45,64047.86,1828.0,1000,0.0
2026-07-18 12:30:00,64047.89,64222.55,64018.28,64161.79,1823.0,1000,0.0
2026-07-18 13:00:00,64160.51,64171.9,63910.58,64009.05,1972.0,1000,0.0
2026-07-18 13:30:00,64009.02,64067.78,63973.88,64057.58,1819.0,1000,0.0
2026-07-18 14:00:00,64057.23,64130.69,64039.59,64121.14,1787.0,1000,0.0
2026-07-18 14:30:00,64121.13,64153.33,64057.02,64083.48,1663.0,1000,0.0
2026-07-18 15:00:00,64083.46,64092.26,64021.71,64027.96,1755.0,1000,0.0
2026-07-18 15:30:00,64026.27,64118.18,63983.48,64070.71,1744.0,1000,0.0
2026-07-18 16:00:00,64072.99,64113.0,64037.92,64098.68,1723.0,1000,0.0
2026-07-18 16:30:00,64098.49,64280.15,64068.7,64252.43,1781.0,1000,0.0
2026-07-18 17:00:00,64252.46,64408.5,64222.58,64252.08,1883.0,1000,0.0
2026-07-18 17:30:00,64249.4,64452.33,64244.69,64434.76,1986.0,1000,0.0
2026-07-18 18:00:00,64436.57,64633.33,64406.9,64525.13,2143.0,1000,0.0
2026-07-18 18:30:00,64525.1,64527.84,64426.44,64462.97,1884.0,1000,0.0
2026-07-18 19:00:00,64461.21,64559.42,64432.89,64434.09,1803.0,1000,0.0
2026-07-18 19:30:00,64435.9,64533.1,64429.7,64506.9,1712.0,1000,0.0
2026-07-18 20:00:00,64510.84,64705.51,64458.96,64602.44,1942.0,1000,0.0
2026-07-18 20:30:00,64602.4,64677.55,64525.66,64647.61,1822.0,1000,0.0
2026-07-18 21:00:00,64650.89,64804.39,64596.29,64683.89,1940.0,1000,0.0
2026-07-18 21:30:00,64683.73,64769.38,64571.19,64681.28,1940.0,1000,0.0
2026-07-18 22:00:00,64686.89,64829.92,64676.19,64691.32,1879.0,1000,0.0
2026-07-18 22:30:00,64691.35,64786.76,64664.85,64759.15,1744.0,1000,0.0
2026-07-18 23:00:00,64756.5,64801.38,64670.64,64779.9,1787.0,1000,0.0
2026-07-18 23:30:00,64779.7,64806.79,64750.38,64794.89,1721.0,1000,0.0
2026-07-19 00:00:00,64795.85,64873.41,64741.69,64753.62,1728.0,1000,0.0
2026-07-19 00:30:00,64751.76,64773.33,64724.46,64736.42,1707.0,1000,0.0
2026-07-19 01:00:00,64736.68,64752.45,64716.63,64728.48,1635.0,1000,0.0
2026-07-19 01:30:00,64729.71,64742.45,64716.76,64722.62,1653.0,1000,0.0
2026-07-19 02:00:00,64720.58,64930.05,64640.02,64776.29,2073.0,1000,0.0
2026-07-19 02:30:00,64778.26,64906.13,64770.43,64782.41,1832.0,1000,0.0
2026-07-19 03:00:00,64781.47,64801.95,64571.93,64623.78,1779.0,1000,0.0
2026-07-19 03:30:00,64624.52,64667.58,64598.95,64665.72,1717.0,1000,0.0
2026-07-19 04:00:00,64666.27,64674.16,64559.14,64662.16,1729.0,1000,0.0
2026-07-19 04:30:00,64662.17,64753.06,64642.47,64672.79,1631.0,1000,0.0
2026-07-19 05:00:00,64675.17,64771.19,64658.95,64672.82,1677.0,1000,0.0
2026-07-19 05:30:00,64670.72,64705.02,64620.88,64677.86,1655.0,1000,0.0
2026-07-19 06:00:00,64677.26,64712.49,64646.94,64682.46,1682.0,1000,0.0
2026-07-19 06:30:00,64684.03,64723.33,64651.41,64666.1,1679.0,1000,0.0
2026-07-19 07:00:00,64664.58,64680.96,64636.46,64672.38,1613.0,1000,0.0
2026-07-19 07:30:00,64673.37,64734.4,64623.14,64668.8,1719.0,1000,0.0
2026-07-19 08:00:00,64668.8,64686.59,64578.94,64617.26,1743.0,1000,0.0
2026-07-19 08:30:00,64616.27,64697.44,64586.97,64660.77,1659.0,1000,0.0
2026-07-19 09:00:00,64666.63,64678.64,64500.99,64528.43,1639.0,1000,0.0
2026-07-19 09:30:00,64531.03,64559.92,64443.24,64470.12,1773.0,1000,0.0
2026-07-19 10:00:00,64469.72,64585.36,64425.12,64576.72,1756.0,1000,0.0
2026-07-19 10:30:00,64577.29,64654.58,64521.71,64550.77,1760.0,1000,0.0
2026-07-19 11:00:00,64542.74,64593.88,64463.86,64507.73,1957.0,1000,0.0
2026-07-19 11:30:00,64507.38,64520.68,64392.06,64428.83,1689.0,1000,0.0
2026-07-19 12:00:00,64429.64,64429.64,64236.92,64269.43,2020.0,1000,0.0
2026-07-19 12:30:00,64268.56,64411.54,64257.03,64395.35,1949.0,1000,0.0
2026-07-19 13:00:00,64395.35,64416.78,64252.22,64356.77,1852.0,1000,0.0
2026-07-19 13:30:00,64357.27,64475.97,64353.12,64428.7,1887.0,1000,0.0
2026-07-19 14:00:00,64433.57,64511.43,64361.77,64415.88,1886.0,1000,0.0
2026-07-19 14:30:00,64415.48,64616.28,64394.01,64543.45,2018.0,1000,0.0
2026-07-19 15:00:00,64543.5,64577.72,64446.2,64465.12,1876.0,1000,0.0
2026-07-19 15:30:00,64466.66,64543.56,64443.4,64522.74,1783.0,1000,0.0
2026-07-19 16:00:00,64522.79,64605.63,64449.87,64555.71,1904.0,1000,0.0
2026-07-19 16:30:00,64556.13,64570.14,64473.78,64496.03,1768.0,1000,0.0
2026-07-19 17:00:00,64496.95,64710.38,64354.93,64604.05,2282.0,1000,0.0
2026-07-19 17:30:00,64608.29,64687.22,64479.54,64506.0,1801.0,1000,0.0
2026-07-19 18:00:00,64506.0,64515.76,64237.74,64349.04,2453.0,1000,0.0
2026-07-19 18:30:00,64349.06,64403.61,64292.11,64373.7,1831.0,1000,0.0
2026-07-19 19:00:00,64374.3,64420.18,64295.42,64389.67,1808.0,1000,0.0
2026-07-19 19:30:00,64388.48,64413.0,64331.17,64404.1,1746.0,1000,0.0
2026-07-19 20:00:00,64404.09,64511.6,64404.09,64440.6,1791.0,1000,0.0
2026-07-19 20:30:00,64439.93,64488.78,64423.08,64487.0,1719.0,1000,0.0
2026-07-19 21:00:00,64486.95,64516.49,64400.12,64423.93,1723.0,1000,0.0
2026-07-19 21:30:00,64423.91,64423.91,64279.59,64364.82,1971.0,1000,0.0
2026-07-19 22:00:00,64359.2,64856.81,64289.33,64714.47,3459.0,1000,0.0
2026-07-19 22:30:00,64713.1,64773.44,64616.45,64621.2,2338.0,1000,0.0
2026-07-19 23:00:00,64626.03,64673.16,64512.79,64620.64,2260.0,1000,0.0
2026-07-19 23:30:00,64621.79,64732.52,64590.92,64675.36,2288.0,1000,0.0
2026-07-20 00:00:00,64678.41,65055.85,64514.93,64822.46,3264.0,1000,0.0
2026-07-20 00:30:00,64822.16,64894.68,64361.1,64509.8,2846.0,1000,0.0
2026-07-20 01:00:00,64512.18,64992.15,64451.74,64803.54,3345.0,1000,0.0
2026-07-20 01:30:00,64802.85,64885.56,64452.21,64575.08,2761.0,1000,0.0
2026-07-20 02:00:00,64574.41,64896.64,64531.69,64619.46,3076.0,1000,0.0
2026-07-20 02:30:00,64616.68,64923.63,64606.42,64777.62,2683.0,1000,0.0
2026-07-20 03:00:00,64777.38,64840.93,64591.47,64633.94,2423.0,1000,0.0
2026-07-20 03:30:00,64633.93,64865.52,64609.8,64814.28,2289.0,1000,0.0
2026-07-20 04:00:00,64812.39,64822.86,64582.54,64712.6,2058.0,1000,0.0
2026-07-20 04:30:00,64711.01,64764.62,64479.79,64493.34,2275.0,1000,0.0
2026-07-20 05:00:00,64495.48,64515.13,64022.09,64139.36,3631.0,1000,0.0
2026-07-20 05:30:00,64139.38,64205.46,64041.48,64079.68,2622.0,1000,0.0
2026-07-20 06:00:00,64079.91,64168.99,64016.18,64075.0,2522.0,1000,0.0
2026-07-20 06:30:00,64074.17,64101.16,63698.03,63855.31,3442.0,1000,0.0
2026-07-20 07:00:00,63856.91,64080.45,63829.52,64067.12,2477.0,1000,0.0
2026-07-20 07:30:00,64066.44,64250.17,64029.3,64214.04,2310.0,1000,0.0
2026-07-20 08:00:00,64213.58,64304.38,64159.29,64172.12,2171.0,1000,0.0
2026-07-20 08:30:00,64172.42,64217.39,63820.45,63994.33,2396.0,1000,0.0
2026-07-20 09:00:00,63991.73,64139.16,63946.26,64129.07,2066.0,1000,0.0
2026-07-20 09:30:00,64129.58,64221.8,64109.51,64133.68,1939.0,1000,0.0
2026-07-20 10:00:00,64133.0,64356.11,64090.61,64288.41,2093.0,1000,0.0
2026-07-20 10:30:00,64286.27,64290.09,64193.83,64249.06,1934.0,1000,0.0
2026-07-20 11:00:00,64247.72,64394.96,64202.5,64279.05,2127.0,1000,0.0
2026-07-20 11:30:00,64279.66,65016.2,64274.01,64931.02,3909.0,1000,0.0
2026-07-20 12:00:00,64932.45,64948.63,64604.16,64636.16,2820.0,1000,0.0
2026-07-20 12:30:00,64636.49,64693.35,64536.65,64588.28,2302.0,1000,0.0
2026-07-20 13:00:00,64589.12,64692.4,64457.24,64500.58,2200.0,1000,0.0
2026-07-20 13:30:00,64497.52,64702.71,64131.16,64278.74,4862.0,1000,0.0
2026-07-20 14:00:00,64280.39,64433.48,64003.53,64403.0,4206.0,1000,0.0
2026-07-20 14:30:00,64404.42,64512.89,64224.12,64346.65,3602.0,1000,0.0
2026-07-20 15:00:00,64352.08,64963.0,64341.61,64889.57,3974.0,1000,0.0
2026-07-20 15:30:00,64889.77,65645.65,64749.94,65538.02,4101.0,1000,0.0
2026-07-20 16:00:00,65538.02,65587.74,65322.63,65383.08,2816.0,1000,0.0
2026-07-20 16:30:00,65383.08,65505.6,65272.71,65452.42,2722.0,1000,0.0
2026-07-20 17:00:00,65450.83,65500.59,65372.3,65448.67,2337.0,1000,0.0
2026-07-20 17:30:00,65448.7,65608.81,65285.22,65531.32,2335.0,1000,0.0
2026-07-20 18:00:00,65531.31,65761.06,65505.39,65529.98,2715.0,1000,0.0
2026-07-20 18:30:00,65530.0,65534.11,65145.81,65198.0,2558.0,1000,0.0
2026-07-20 19:00:00,65197.99,65231.13,65016.02,65105.63,2482.0,1000,0.0
2026-07-20 19:30:00,65101.14,65134.24,64991.42,65098.4,2341.0,1000,0.0
2026-07-20 20:00:00,65100.25,65281.17,65006.87,65232.86,2120.0,1000,0.0
2026-07-20 20:30:00,65231.99,65398.37,65224.88,65327.09,2001.0,1000,0.0
2026-07-20 21:00:00,65327.4,65327.4,65233.2,65260.93,1792.0,1000,0.0
2026-07-20 21:30:00,65260.31,65401.91,65217.08,65241.65,1909.0,1000,0.0
2026-07-20 22:00:00,65240.93,65242.79,65087.86,65167.6,2046.0,1000,0.0
2026-07-20 22:30:00,65167.59,65192.16,65040.42,65100.87,1924.0,1000,0.0
2026-07-20 23:00:00,65101.81,65220.76,65077.43,65191.78,1919.0,1000,0.0
2026-07-20 23:30:00,65191.19,65233.56,65117.12,65206.12,1868.0,1000,0.0
2026-07-21 00:00:00,65205.63,65383.5,65097.96,65309.59,2499.0,1000,0.0
2026-07-21 00:30:00,65307.18,65545.07,65302.21,65516.72,2313.0,1000,0.0
2026-07-21 01:00:00,65515.91,65618.95,65377.92,65400.03,2389.0,1000,0.0
2026-07-21 01:30:00,65400.01,65434.63,65187.1,65196.55,2116.0,1000,0.0
2026-07-21 02:00:00,65198.56,65369.13,65125.01,65218.82,2360.0,1000,0.0
2026-07-21 02:30:00,65218.58,65456.21,65215.26,65363.07,2151.0,1000,0.0
2026-07-21 03:00:00,65364.6,65490.57,65350.98,65440.34,2288.0,1000,0.0
2026-07-21 03:30:00,65440.31,65545.82,65391.35,65513.1,2106.0,1000,0.0
2026-07-21 04:00:00,65513.85,65696.41,65460.69,65469.58,2243.0,1000,0.0
2026-07-21 04:30:00,65469.06,65530.01,65429.16,65472.38,2001.0,1000,0.0
2026-07-21 05:00:00,65466.59,65609.86,65436.43,65548.09,2019.0,1000,0.0
2026-07-21 05:30:00,65548.73,65894.69,65505.68,65697.79,2522.0,1000,0.0
2026-07-21 06:00:00,65697.77,65802.59,65579.71,65774.62,2295.0,1000,0.0
2026-07-21 06:30:00,65777.09,65944.81,65750.71,65867.95,2243.0,1000,0.0
2026-07-21 07:00:00,65871.04,65974.31,65810.59,65912.21,2079.0,1000,0.0
2026-07-21 07:30:00,65912.49,66204.7,65889.78,66138.61,2598.0,1000,0.0
2026-07-21 08:00:00,66137.81,66312.75,66072.67,66170.11,2531.0,1000,0.0
2026-07-21 08:30:00,66173.36,66310.08,66137.49,66178.33,2266.0,1000,0.0
2026-07-21 09:00:00,66178.15,66201.88,66083.08,66182.31,1990.0,1000,0.0
2026-07-21 09:30:00,66181.88,66308.26,66169.27,66237.5,1931.0,1000,0.0
2026-07-21 10:00:00,66237.47,66370.72,66217.51,66354.55,2130.0,1000,0.0
2026-07-21 10:30:00,66354.5,66382.42,66123.48,66143.82,2033.0,1000,0.0
2026-07-21 11:00:00,66143.83,66214.77,66099.06,66196.04,2018.0,1000,0.0
2026-07-21 11:30:00,66196.19,66318.02,66186.78,66300.67,1766.0,1000,0.0
2026-07-21 12:00:00,66301.44,66461.6,66215.0,66415.15,2201.0,1000,0.0
2026-07-21 12:30:00,66415.19,66601.4,66378.58,66503.57,2353.0,1000,0.0
2026-07-21 13:00:00,66503.5,66618.31,66361.99,66393.84,2189.0,1000,0.0
2026-07-21 13:30:00,66398.37,66767.31,66266.06,66727.11,3774.0,1000,0.0
2026-07-21 14:00:00,66727.1,66918.36,66599.8,66693.83,3284.0,1000,0.0
2026-07-21 14:30:00,66694.37,66892.13,66615.52,66803.23,2534.0,1000,0.0
2026-07-21 15:00:00,66802.24,66802.24,66583.66,66586.18,2630.0,1000,0.0
2026-07-21 15:30:00,66586.22,66692.03,66485.55,66647.44,2484.0,1000,0.0
2026-07-21 16:00:00,66647.3,66738.05,66481.54,66503.31,2236.0,1000,0.0
2026-07-21 16:30:00,66502.1,66613.29,66423.52,66504.32,2157.0,1000,0.0
2026-07-21 17:00:00,66504.32,66539.13,66355.39,66415.49,2092.0,1000,0.0
2026-07-21 17:30:00,66415.6,66472.55,65946.53,66176.51,2785.0,1000,0.0
2026-07-21 18:00:00,66176.76,66300.21,66060.7,66194.54,2408.0,1000,0.0
2026-07-21 18:30:00,66194.28,66328.13,66060.57,66281.78,2263.0,1000,0.0
2026-07-21 19:00:00,66283.29,66392.16,66225.35,66370.35,2027.0,1000,0.0
2026-07-21 19:30:00,66370.32,66471.66,66350.86,66405.71,2047.0,1000,0.0
2026-07-21 20:00:00,66406.47,66447.25,66322.98,66355.37,1928.0,1000,0.0
2026-07-21 20:30:00,66355.36,66466.66,66353.24,66365.81,1834.0,1000,0.0
2026-07-21 21:00:00,66365.11,66380.86,66261.42,66283.73,1826.0,1000,0.0
2026-07-21 21:30:00,66283.33,66360.46,66250.7,66340.8,1971.0,1000,0.0
2026-07-21 22:00:00,66340.8,66344.53,66157.85,66244.33,2044.0,1000,0.0
2026-07-21 22:30:00,66244.29,66303.83,66197.56,66259.44,1928.0,1000,0.0
2026-07-21 23:00:00,66258.19,66361.75,66187.16,66358.35,1953.0,1000,0.0
2026-07-21 23:30:00,66357.43,66538.22,66335.46,66512.8,2003.0,1000,0.0
2026-07-22 00:00:00,66512.58,66688.86,66488.02,66623.19,2346.0,1000,0.0
2026-07-22 00:30:00,66621.96,66703.41,66567.28,66579.82,2172.0,1000,0.0
2026-07-22 01:00:00,66579.03,66625.06,66281.94,66314.57,2138.0,1000,0.0
2026-07-22 01:30:00,66314.33,66465.24,66238.68,66388.74,2162.0,1000,0.0
2026-07-22 02:00:00,66388.19,66494.04,66320.74,66358.72,2238.0,1000,0.0
2026-07-22 02:30:00,66355.58,66362.17,66248.0,66268.6,2028.0,1000,0.0
2026-07-22 03:00:00,66268.17,66333.19,66125.53,66235.77,2150.0,1000,0.0
2026-07-22 03:30:00,66234.88,66317.54,66126.29,66157.54,2037.0,1000,0.0
2026-07-22 04:00:00,66155.17,66355.93,66141.25,66318.36,1936.0,1000,0.0
2026-07-22 04:30:00,66317.99,66383.17,66266.52,66329.76,1932.0,1000,0.0
2026-07-22 05:00:00,66331.24,66334.76,65995.36,66026.04,2208.0,1000,0.0
2026-07-22 05:30:00,66026.03,66085.99,65885.79,65932.16,2196.0,1000,0.0
2026-07-22 06:00:00,65932.15,65978.53,65784.52,65813.85,2380.0,1000,0.0
2026-07-22 06:30:00,65813.46,65952.49,65778.02,65886.68,2081.0,1000,0.0
2026-07-22 07:00:00,65890.18,65928.43,65779.79,65861.45,2056.0,1000,0.0
2026-07-22 07:30:00,65862.54,65873.86,65644.19,65793.2,2074.0,1000,0.0
2026-07-22 08:00:00,65792.64,66119.7,65792.64,65958.94,2266.0,1000,0.0
2026-07-22 08:30:00,65964.76,66024.9,65877.96,65937.37,1917.0,1000,0.0
2026-07-22 09:00:00,65937.36,66034.38,65911.71,65973.97,1977.0,1000,0.0
2026-07-22 09:30:00,65975.58,65975.58,65791.88,65876.62,1878.0,1000,0.0
2026-07-22 10:00:00,65879.18,65931.44,65841.8,65915.89,1912.0,1000,0.0
2026-07-22 10:30:00,65915.99,66073.12,65895.65,66006.35,1921.0,1000,0.0
2026-07-22 11:00:00,66005.6,66042.71,65928.75,66002.75,1872.0,1000,0.0
2026-07-22 11:30:00,66002.6,66024.77,65854.37,65973.07,1986.0,1000,0.0
2026-07-22 12:00:00,65970.67,65973.04,65790.91,65842.57,1916.0,1000,0.0
2026-07-22 12:30:00,65842.58,65865.76,65489.26,65581.27,2389.0,1000,0.0
2026-07-22 13:00:00,65585.06,65639.08,65515.11,65570.98,1993.0,1000,0.0
2026-07-22 13:30:00,65570.96,65933.98,65546.93,65912.14,3429.0,1000,0.0
2026-07-22 14:00:00,65910.66,66167.65,65544.97,65578.14,3649.0,1000,0.0
2026-07-22 14:30:00,65578.68,65831.86,65541.28,65756.8,2978.0,1000,0.0
2026-07-22 15:00:00,65755.86,66097.78,65755.86,66040.73,3124.0,1000,0.0
2026-07-22 15:30:00,66041.93,66084.24,65900.34,66011.96,2739.0,1000,0.0
2026-07-22 16:00:00,66003.98,66126.17,65879.3,65986.0,2595.0,1000,0.0
2026-07-22 16:30:00,65985.27,66367.56,65975.3,66198.44,2740.0,1000,0.0
2026-07-22 17:00:00,66199.78,66253.92,65903.02,65955.79,2385.0,1000,0.0
2026-07-22 17:30:00,65956.42,66211.2,65945.1,65992.74,2276.0,1000,0.0
2026-07-22 18:00:00,65992.12,66050.04,65802.35,65859.16,2356.0,1000,0.0
2026-07-22 18:30:00,65859.44,65893.82,65694.44,65850.92,2306.0,1000,0.0
2026-07-22 19:00:00,65850.61,65895.0,65647.25,65856.23,2159.0,1000,0.0
2026-07-22 19:30:00,65854.86,65924.97,65805.67,65888.94,2142.0,1000,0.0
2026-07-22 20:00:00,65879.11,65953.45,65746.13,65893.18,2502.0,1000,0.0
2026-07-22 20:30:00,65893.1,65915.85,65857.2,65889.43,1832.0,1000,0.0
2026-07-22 21:00:00,65890.01,65912.75,65849.08,65872.87,1719.0,1000,0.0
2026-07-22 21:30:00,65872.87,66104.67,65869.72,66038.66,2043.0,1000,0.0
2026-07-22 22:00:00,66040.7,66048.53,65893.71,65995.04,2080.0,1000,0.0
2026-07-22 22:30:00,65995.15,66021.21,65894.41,66015.47,1870.0,1000,0.0
2026-07-22 23:00:00,66013.94,66052.11,65803.83,65932.28,2111.0,1000,0.0
2026-07-22 23:30:00,65932.66,66117.48,65910.99,66076.33,1895.0,1000,0.0
2026-07-23 00:00:00,66076.54,66280.76,66031.01,66217.18,2190.0,1000,0.0
2026-07-23 00:30:00,66217.19,66238.47,66013.67,66020.41,2165.0,1000,0.0
2026-07-23 01:00:00,66019.0,66178.16,65855.94,65891.67,2242.0,1000,0.0
2026-07-23 01:30:00,65892.06,65914.31,65717.61,65789.32,2190.0,1000,0.0
2026-07-23 02:00:00,65789.34,65811.97,65609.44,65707.88,2239.0,1000,0.0
2026-07-23 02:30:00,65706.75,65803.95,65688.46,65779.89,1985.0,1000,0.0
2026-07-23 03:00:00,65779.98,65789.27,65541.44,65602.18,2195.0,1000,0.0
2026-07-23 03:30:00,65603.07,65669.51,65582.08,65624.91,1895.0,1000,0.0
2026-07-23 04:00:00,65625.18,65699.62,65551.76,65657.03,2009.0,1000,0.0
2026-07-23 04:30:00,65657.61,65663.65,65548.92,65573.57,1839.0,1000,0.0
2026-07-23 05:00:00,65574.23,65687.91,65525.85,65687.91,1890.0,1000,0.0
2026-07-23 05:30:00,65688.87,65753.94,65606.67,65653.69,1850.0,1000,0.0
2026-07-23 06:00:00,65653.61,65714.81,65584.8,65713.37,1959.0,1000,0.0
2026-07-23 06:30:00,65714.1,65792.24,65670.74,65756.47,1800.0,1000,0.0
2026-07-23 07:00:00,65754.71,65758.01,65305.52,65404.75,2598.0,1000,0.0
2026-07-23 07:30:00,65403.59,65425.72,65323.08,65398.57,2023.0,1000,0.0
2026-07-23 08:00:00,65399.46,65559.36,65370.3,65548.92,1949.0,1000,0.0
2026-07-23 08:30:00,65547.36,65628.9,65542.95,65594.89,1878.0,1000,0.0
2026-07-23 09:00:00,65595.7,65718.93,65560.17,65675.02,1956.0,1000,0.0
2026-07-23 09:30:00,65674.99,65701.8,65583.63,65605.41,1782.0,1000,0.0
2026-07-23 10:00:00,65601.09,65732.56,65546.1,65731.02,1956.0,1000,0.0
2026-07-23 10:30:00,65730.5,65755.18,65681.95,65709.59,1785.0,1000,0.0
2026-07-23 11:00:00,65708.64,65710.11,65582.62,65591.91,1817.0,1000,0.0
2026-07-23 11:30:00,65591.53,65614.13,65500.67,65526.11,1885.0,1000,0.0
2026-07-23 12:00:00,65524.56,65556.45,65350.99,65388.76,2209.0,1000,0.0
2026-07-23 12:30:00,65384.21,65391.78,64936.02,65127.41,2870.0,1000,0.0
2026-07-23 13:00:00,65127.38,65190.13,64903.99,64981.98,2637.0,1000,0.0
2026-07-23 13:30:00,64983.34,65157.25,64812.67,64837.6,4158.0,1000,0.0
2026-07-23 14:00:00,64836.82,65171.24,64768.95,65105.46,2980.0,1000,0.0
2026-07-23 14:30:00,65097.27,65161.82,64794.49,64860.46,2537.0,1000,0.0
2026-07-23 15:00:00,64855.87,64912.77,64666.77,64815.84,2844.0,1000,0.0
2026-07-23 15:30:00,64815.3,64977.32,64761.75,64913.01,2354.0,1000,0.0
2026-07-23 16:00:00,64913.94,64913.94,64690.42,64761.94,2133.0,1000,0.0
2026-07-23 16:30:00,64762.02,64769.54,64643.26,64690.74,2108.0,1000,0.0
2026-07-23 17:00:00,64690.02,64810.01,64657.51,64783.38,2268.0,1000,0.0
2026-07-23 17:30:00,64783.38,64835.62,64592.13,64615.8,2128.0,1000,0.0
2026-07-23 18:00:00,64615.78,64759.57,64611.1,64751.32,2169.0,1000,0.0
2026-07-23 18:30:00,64751.93,64890.63,64710.87,64808.46,1970.0,1000,0.0
2026-07-23 19:00:00,64808.6,64875.08,64693.99,64834.83,1992.0,1000,0.0
2026-07-23 19:30:00,64833.7,64866.85,64628.67,64779.86,2269.0,1000,0.0
2026-07-23 20:00:00,64777.15,65139.09,64767.33,65111.9,2030.0,1000,0.0
2026-07-23 20:30:00,65111.23,65124.68,65048.65,65090.63,1712.0,1000,0.0
2026-07-23 21:00:00,65090.61,65160.75,64951.79,65061.85,1813.0,1000,0.0
2026-07-23 21:30:00,65061.86,65114.12,65005.8,65112.02,2053.0,1000,0.0
2026-07-23 22:00:00,65112.71,65169.52,64959.9,65089.82,2080.0,1000,0.0
2026-07-23 22:30:00,65089.15,65174.81,65082.3,65135.85,1805.0,1000,0.0
2026-07-23 23:00:00,65135.86,65168.09,65089.08,65123.61,1835.0,1000,0.0
2026-07-23 23:30:00,65123.58,65157.82,64993.31,65042.09,1827.0,1000,0.0
2026-07-24 00:00:00,65048.64,65064.11,64819.84,64833.92,2079.0,1000,0.0
2026-07-24 00:30:00,64834.37,64926.17,64702.4,64924.62,2218.0,1000,0.0
2026-07-24 01:00:00,64924.35,65078.46,64882.35,64974.93,2203.0,1000,0.0
2026-07-24 01:30:00,64976.63,65122.55,64970.21,65022.38,2163.0,1000,0.0
2026-07-24 02:00:00,65022.69,65134.17,65001.11,65101.71,1998.0,1000,0.0
2026-07-24 02:30:00,65099.45,65102.97,64865.55,65062.0,2243.0,1000,0.0
2026-07-24 03:00:00,65062.38,65346.24,65014.47,65270.37,2271.0,1000,0.0
2026-07-24 03:30:00,65269.02,65409.51,65222.22,65398.78,2021.0,1000,0.0
2026-07-24 04:00:00,65398.8,65419.55,65276.8,65358.05,1985.0,1000,0.0
2026-07-24 04:30:00,65358.21,65363.16,65207.8,65257.0,1858.0,1000,0.0
2026-07-24 05:00:00,65256.75,65341.59,65185.99,65281.96,1914.0,1000,0.0
2026-07-24 05:30:00,65281.66,65282.37,65205.47,65253.14,1763.0,1000,0.0
2026-07-24 06:00:00,65255.14,65456.17,65220.57,65398.73,1964.0,1000,0.0
2026-07-24 06:30:00,65398.86,65467.53,65334.32,65420.81,1908.0,1000,0.0
2026-07-24 07:00:00,65420.94,65760.78,65412.49,65591.38,2429.0,1000,0.0
2026-07-24 07:30:00,65591.39,65651.28,65311.95,65454.31,2011.0,1000,0.0
2026-07-24 08:00:00,65452.54,65460.82,65257.05,65346.7,1967.0,1000,0.0
2026-07-24 08:30:00,65346.69,65407.02,65250.19,65251.2,1777.0,1000,0.0
2026-07-24 09:00:00,65250.15,65274.52,64894.22,64920.24,2259.0,1000,0.0
2026-07-24 09:30:00,64917.05,65087.27,64909.44,65067.25,1969.0,1000,0.0
2026-07-24 10:00:00,65067.83,65106.35,64909.43,64967.48,1987.0,1000,0.0
2026-07-24 10:30:00,64968.39,65012.0,64851.24,64902.58,1869.0,1000,0.0
2026-07-24 11:00:00,64902.24,65018.2,64860.26,64981.16,1982.0,1000,0.0
2026-07-24 11:30:00,64982.59,65058.04,64799.25,65026.39,2237.0,1000,0.0
2026-07-24 12:00:00,65026.39,65087.16,64931.93,64968.21,2203.0,1000,0.0
2026-07-24 12:30:00,64968.21,65007.11,64686.37,64714.46,2194.0,1000,0.0
2026-07-24 13:00:00,64711.06,64749.05,64291.86,64325.34,3343.0,1000,0.0
2026-07-24 13:30:00,64325.33,64382.83,63849.66,64094.75,3681.0,1000,0.0
2026-07-24 14:00:00,64096.91,64135.44,63644.73,63788.62,3921.0,1000,0.0
2026-07-24 14:30:00,63789.16,63999.41,63665.15,63987.97,3129.0,1000,0.0
2026-07-24 15:00:00,63983.87,64128.38,63781.01,64060.23,3292.0,1000,0.0
2026-07-24 15:30:00,64061.0,64260.6,63960.57,64023.25,3146.0,1000,0.0
2026-07-24 16:00:00,64018.79,64136.81,63938.13,64026.52,2282.0,1000,0.0
2026-07-24 16:30:00,64026.52,64026.52,63810.27,63887.83,2265.0,1000,0.0
2026-07-24 17:00:00,63887.86,64083.2,63837.46,64033.09,2244.0,1000,0.0
2026-07-24 17:30:00,64027.18,64138.2,64019.22,64115.83,1973.0,1000,0.0
2026-07-24 18:00:00,64116.99,64156.97,64059.27,64080.58,1920.0,1000,0.0
2026-07-24 18:30:00,64080.67,64232.42,64065.13,64212.42,1937.0,1000,0.0
2026-07-24 19:00:00,64209.79,64237.62,64072.3,64134.16,2036.0,1000,0.0
2026-07-24 19:30:00,64133.52,64210.79,64107.16,64163.25,2023.0,1000,0.0
2026-07-24 20:00:00,64163.12,64227.8,64124.1,64172.03,1795.0,1000,0.0
2026-07-24 20:30:00,64172.85,64173.98,64065.72,64105.52,1750.0,1000,0.0
2026-07-24 21:00:00,64107.28,64157.6,64072.31,64109.03,1756.0,1000,0.0
2026-07-24 21:30:00,64109.07,64142.13,64065.72,64082.97,1987.0,1000,0.0
2026-07-24 22:00:00,64080.53,64113.26,64063.08,64102.03,1684.0,1000,0.0
2026-07-24 22:30:00,64102.03,64152.96,64092.07,64099.96,1683.0,1000,0.0
2026-07-24 23:00:00,64099.66,64117.91,64072.31,64108.71,1651.0,1000,0.0
2026-07-24 23:30:00,64107.7,64116.8,64065.47,64084.28,1645.0,1000,0.0
2026-07-25 00:00:00,64084.26,64119.39,64071.76,64095.47,1645.0,1000,0.0
2026-07-25 00:30:00,64094.19,64106.82,63959.39,64006.03,1748.0,1000,0.0
2026-07-25 01:00:00,64006.92,64097.64,63938.37,63980.89,1787.0,1000,0.0
2026-07-25 01:30:00,63980.33,64079.98,63962.58,64009.86,1764.0,1000,0.0
2026-07-25 02:00:00,64009.01,64039.29,63962.61,63996.75,1710.0,1000,0.0
2026-07-25 02:30:00,63994.63,64002.6,63946.48,63978.65,1629.0,1000,0.0
2026-07-25 03:00:00,63977.83,64038.35,63953.12,64015.54,1693.0,1000,0.0
2026-07-25 03:30:00,64017.63,64037.65,63981.88,64015.58,1632.0,1000,0.0
2026-07-25 04:00:00,64016.57,64072.42,64011.95,64040.59,1607.0,1000,0.0
2026-07-25 04:30:00,64040.77,64144.04,64019.73,64117.09,1685.0,1000,0.0
2026-07-25 05:00:00,64111.53,64136.24,64075.86,64085.59,1638.0,1000,0.0
2026-07-25 05:30:00,64083.88,64089.27,63910.11,63957.92,1592.0,1000,0.0
2026-07-25 06:00:00,63955.78,64002.43,63924.38,63948.17,1686.0,1000,0.0
2026-07-25 06:30:00,63948.32,63967.01,63894.13,63943.72,1719.0,1000,0.0
2026-07-25 07:00:00,63943.72,63977.22,63927.66,63951.23,1678.0,1000,0.0
2026-07-25 07:30:00,63951.21,63974.64,63932.55,63940.67,1696.0,1000,0.0
2026-07-25 08:00:00,63940.68,63944.38,63861.79,63932.81,1698.0,1000,0.0
2026-07-25 08:30:00,63931.87,63944.66,63725.55,63809.17,1876.0,1000,0.0
2026-07-25 09:00:00,63813.42,63876.73,63761.6,63868.38,1762.0,1000,0.0
2026-07-25 09:30:00,63868.38,63963.93,63849.79,63946.41,1658.0,1000,0.0
2026-07-25 10:00:00,63941.5,63978.61,63935.29,63964.68,1569.0,1000,0.0
2026-07-25 10:30:00,63965.09,64002.44,63919.4,63993.42,1681.0,1000,0.0
2026-07-25 11:00:00,63993.41,64026.8,63969.69,64010.45,1710.0,1000,0.0
2026-07-25 11:30:00,64014.75,64049.01,63974.98,63993.3,1666.0,1000,0.0
2026-07-25 12:00:00,63993.56,64018.34,63967.99,63982.05,1680.0,1000,0.0
2026-07-25 12:30:00,63980.46,64055.8,63970.02,64047.57,1683.0,1000,0.0
2026-07-25 13:00:00,64049.94,64076.95,64033.67,64067.32,1666.0,1000,0.0
2026-07-25 13:30:00,64062.21,64206.61,64046.02,64106.64,1788.0,1000,0.0
2026-07-25 14:00:00,64104.41,64121.32,64052.47,64095.96,1754.0,1000,0.0
2026-07-25 14:30:00,64097.04,64157.23,64091.54,64140.65,1708.0,1000,0.0
2026-07-25 15:00:00,64138.07,64214.99,64115.58,64142.42,1748.0,1000,0.0
2026-07-25 15:30:00,64142.51,64174.56,64099.33,64118.64,1710.0,1000,0.0
2026-07-25 16:00:00,64118.13,64152.02,64049.9,64075.8,1724.0,1000,0.0
2026-07-25 16:30:00,64075.81,64180.55,64068.65,64139.86,1702.0,1000,0.0
2026-07-25 17:00:00,64140.23,64223.16,64122.27,64202.44,1668.0,1000,0.0
2026-07-25 17:30:00,64202.44,64298.63,64180.11,64204.79,1759.0,1000,0.0
2026-07-25 18:00:00,64207.28,64360.82,64204.86,64351.41,1937.0,1000,0.0
2026-07-25 18:30:00,64351.42,64388.16,64311.95,64364.71,1718.0,1000,0.0
2026-07-25 19:00:00,64362.52,64379.85,64330.56,64346.58,1652.0,1000,0.0
2026-07-25 19:30:00,64345.7,64372.13,64319.21,64327.01,1649.0,1000,0.0
2026-07-25 20:00:00,64325.65,64335.61,64272.33,64303.06,1736.0,1000,0.0
2026-07-25 20:30:00,64302.95,64307.07,64239.05,64271.85,1676.0,1000,0.0
2026-07-25 21:00:00,64270.92,64275.8,64189.38,64232.86,1635.0,1000,0.0
2026-07-25 21:30:00,64232.56,64367.88,64227.43,64285.0,1777.0,1000,0.0
2026-07-25 22:00:00,64284.06,64360.91,64281.43,64328.92,1673.0,1000,0.0
2026-07-25 22:30:00,64329.68,64361.88,64291.61,64343.14,1586.0,1000,0.0
2026-07-25 23:00:00,64343.15,64360.95,64321.81,64332.88,1585.0,1000,0.0
2026-07-25 23:30:00,64332.88,64365.98,64297.36,64304.79,1613.0,1000,0.0
2026-07-26 00:00:00,64303.71,64428.44,64283.58,64410.49,1706.0,1000,0.0
2026-07-26 00:30:00,64410.19,64445.09,64332.42,64444.01,1644.0,1000,0.0
2026-07-26 01:00:00,64443.98,64481.86,64399.63,64411.98,1713.0,1000,0.0
2026-07-26 01:30:00,64412.4,64442.45,64384.59,64402.29,1694.0,1000,0.0
2026-07-26 02:00:00,64405.91,64420.1,64360.54,64410.61,1658.0,1000,0.0
2026-07-26 02:30:00,64410.55,64469.08,64362.0,64454.69,1613.0,1000,0.0
2026-07-26 03:00:00,64454.69,64524.64,64415.15,64494.64,1746.0,1000,0.0
2026-07-26 03:30:00,64490.04,64521.5,64465.66,64489.69,1616.0,1000,0.0
2026-07-26 04:00:00,64489.87,64493.87,64425.02,64484.91,1558.0,1000,0.0
2026-07-26 04:30:00,64484.32,64533.15,64453.51,64466.27,1687.0,1000,0.0
2026-07-26 05:00:00,64466.24,64466.24,64418.04,64430.79,1598.0,1000,0.0
2026-07-26 05:30:00,64430.81,64431.37,64323.31,64353.32,1680.0,1000,0.0
2026-07-26 06:00:00,64354.78,64378.09,64221.93,64237.01,1648.0,1000,0.0
2026-07-26 06:30:00,64236.32,64388.46,64228.67,64373.8,1685.0,1000,0.0
2026-07-26 07:00:00,64372.56,64404.94,64297.93,64303.45,1663.0,1000,0.0
2026-07-26 07:30:00,64306.29,64318.55,64274.74,64301.49,1626.0,1000,0.0
2026-07-26 08:00:00,64300.32,64349.66,64280.07,64329.08,1698.0,1000,0.0
2026-07-26 08:30:00,64329.32,64343.51,64325.1,64329.91,526.0,1000,0.0
