time,open,high,low,close,tick_volume,spread,real_volume
2022-08-01 00:00:00,133.367,133.406,132.059,132.579,24923,11,0
2022-08-01 04:00:00,132.577,132.642,132.094,132.547,14444,8,0
2022-08-01 08:00:00,132.55,132.661,131.866,132.414,20762,8,0
2022-08-01 12:00:00,132.412,132.501,131.599,131.817,26880,8,0
2022-08-01 16:00:00,131.814,131.986,131.621,131.641,6720,8,0
2022-08-01 20:00:00,131.613,131.699,131.371,131.401,4599,11,0
2022-08-02 00:00:00,131.399,131.522,130.391,130.839,26659,8,0
2022-08-02 04:00:00,130.842,131.087,130.424,130.823,18490,8,0
2022-08-02 08:00:00,130.826,131.174,130.697,130.988,15265,8,0
2022-08-02 12:00:00,130.985,132.388,130.639,132.304,36122,8,0
2022-08-02 16:00:00,132.304,133.077,132.126,133.068,16542,8,0
2022-08-02 20:00:00,133.006,133.598,132.826,133.34,7702,11,0
2022-08-03 00:00:00,133.338,133.898,132.55,132.602,22273,11,0
2022-08-03 04:00:00,132.604,133.411,132.282,133.213,26455,8,0
2022-08-03 08:00:00,133.212,133.53,132.955,133.464,17120,8,0
2022-08-03 12:00:00,133.467,134.544,133.451,134.2,30079,8,0
2022-08-03 16:00:00,134.198,134.204,133.755,133.941,10240,8,0
2022-08-03 20:00:00,133.913,134.136,133.774,133.928,3261,11,0
2022-08-04 00:00:00,133.926,133.96,133.417,133.786,15130,11,0
2022-08-04 04:00:00,133.787,134.298,133.666,134.151,13571,8,0
2022-08-04 08:00:00,134.151,134.418,133.715,133.787,15819,8,0
2022-08-04 12:00:00,133.785,133.861,133.049,133.279,30097,8,0
2022-08-04 16:00:00,133.281,133.308,132.759,132.87,10000,8,0
2022-08-04 20:00:00,132.809,133.115,132.518,132.615,5701,11,0
2022-08-05 00:00:00,132.617,133.356,132.569,133.221,15518,11,0
2022-08-05 04:00:00,133.222,133.469,133.095,133.3,11297,8,0
2022-08-05 08:00:00,133.298,133.315,132.839,133.142,12663,8,0
2022-08-05 12:00:00,133.139,135.498,133.078,135.301,41419,8,0
2022-08-05 16:00:00,135.303,135.402,134.858,135.04,10462,8,0
2022-08-05 20:00:00,134.98,135.023,134.905,134.982,692,43,0
2022-08-07 20:00:00,134.982,135.276,134.906,135.058,3773,11,0
2022-08-08 00:00:00,135.06,135.578,135.029,135.116,15512,11,0
2022-08-08 04:00:00,135.118,135.459,134.908,134.987,11781,8,0
2022-08-08 08:00:00,134.989,135.2,134.597,134.794,12031,8,0
2022-08-08 12:00:00,134.796,134.995,134.348,134.724,17888,8,0
2022-08-08 16:00:00,134.724,135.106,134.59,135.071,4858,8,0
2022-08-08 20:00:00,135.055,135.055,134.811,134.834,2610,11,0
2022-08-09 00:00:00,134.836,135.043,134.663,134.924,9408,11,0
2022-08-09 04:00:00,134.925,135.152,134.827,134.884,7352,8,0
2022-08-09 08:00:00,134.883,135.085,134.711,135.074,10076,8,0
2022-08-09 12:00:00,135.076,135.185,134.85,134.95,10816,8,0
2022-08-09 16:00:00,134.951,135.197,134.918,135.118,3244,8,0
2022-08-09 20:00:00,135.084,135.195,135.029,135.191,2259,11,0
2022-08-10 00:00:00,135.192,135.299,134.916,134.946,7103,11,0
2022-08-10 04:00:00,134.944,135.094,134.888,134.944,5313,8,0
2022-08-10 08:00:00,134.942,135.046,134.798,134.81,6956,8,0
2022-08-10 12:00:00,134.808,135.09,132.025,132.572,58368,8,0
2022-08-10 16:00:00,132.57,133.069,132.347,132.908,13483,8,0
2022-08-10 20:00:00,132.879,132.932,132.677,132.81,2276,11,0
2022-08-11 00:00:00,132.808,133.307,132.601,133.157,9028,11,0
2022-08-11 04:00:00,133.159,133.191,132.425,132.432,12171,8,0
2022-08-11 08:00:00,132.433,132.704,132.288,132.37,10819,8,0
2022-08-11 12:00:00,132.372,132.885,131.732,132.678,32652,8,0
2022-08-11 16:00:00,132.68,133.131,132.603,133.112,8394,8,0
2022-08-11 20:00:00,133.075,133.112,132.832,133.008,2564,11,0
2022-08-12 00:00:00,133.009,133.489,132.899,133.277,10630,11,0
2022-08-12 04:00:00,133.276,133.436,133.069,133.259,10665,8,0
2022-08-12 08:00:00,133.261,133.887,133.164,133.818,13969,8,0
2022-08-12 12:00:00,133.819,133.882,133.431,133.576,25492,8,0
2022-08-12 16:00:00,133.577,133.604,133.43,133.479,3930,8,0
2022-08-12 20:00:00,133.481,133.511,133.383,133.472,454,11,0
2022-08-14 20:00:00,133.383,133.573,133.215,133.312,2480,11,0
2022-08-15 00:00:00,133.313,133.39,132.911,133.184,9484,11,0
2022-08-15 04:00:00,133.182,133.538,133.125,133.515,7238,8,0
2022-08-15 08:00:00,133.514,133.516,133.15,133.181,8885,8,0
2022-08-15 12:00:00,133.178,133.182,132.55,133.141,20739,8,0
2022-08-15 16:00:00,133.138,133.334,133.108,133.294,4149,8,0
2022-08-15 20:00:00,133.257,133.315,133.044,133.132,3198,11,0
2022-08-16 00:00:00,133.13,133.484,132.948,133.338,9701,11,0
2022-08-16 04:00:00,133.34,133.795,133.263,133.663,8167,8,0
2022-08-16 08:00:00,133.662,134.481,133.633,134.387,13111,8,0
2022-08-16 12:00:00,134.386,134.679,134.203,134.383,16625,8,0
2022-08-16 16:00:00,134.384,134.453,134.162,134.192,3841,8,0
2022-08-16 20:00:00,134.16,134.321,134.137,134.28,2205,11,0
2022-08-17 00:00:00,134.282,134.426,133.903,134.132,9689,11,0
2022-08-17 04:00:00,134.134,134.85,134.081,134.792,11160,8,0
2022-08-17 08:00:00,134.794,135.193,134.645,135.154,10300,8,0
2022-08-17 12:00:00,135.153,135.493,134.937,135.422,17272,8,0
2022-08-17 16:00:00,135.42,135.476,134.788,135.02,13260,8,0
2022-08-17 20:00:00,134.991,135.163,134.935,134.951,2499,11,0
2022-08-18 00:00:00,134.953,135.08,134.728,135.065,8870,11,0
2022-08-18 04:00:00,135.067,135.424,134.985,135.292,10666,8,0
2022-08-18 08:00:00,135.294,135.341,134.772,134.8,9894,8,0
2022-08-18 12:00:00,134.801,135.333,134.643,135.293,19404,8,0
2022-08-18 16:00:00,135.295,135.896,135.273,135.88,7863,8,0
2022-08-18 20:00:00,135.848,135.895,135.713,135.804,1780,11,0
2022-08-19 00:00:00,135.805,136.368,135.805,136.299,10960,11,0
2022-08-19 04:00:00,136.3,136.684,136.119,136.659,9834,11,0
2022-08-19 08:00:00,136.657,137.132,136.387,137.021,10694,11,0
2022-08-19 12:00:00,137.019,137.225,136.72,137.019,14128,11,0
2022-08-19 16:00:00,137.017,137.018,136.735,136.784,4257,11,0
2022-08-19 20:00:00,136.735,136.893,136.73,136.869,420,43,0
2022-08-21 20:00:00,136.812,137.073,136.784,137.023,2602,11,0
2022-08-22 00:00:00,137.021,137.43,136.946,137.238,9218,11,0
2022-08-22 04:00:00,137.237,137.298,136.765,136.84,10589,11,0
2022-08-22 08:00:00,136.839,137.096,136.682,136.975,10408,8,0
2022-08-22 12:00:00,136.976,137.643,136.976,137.568,13137,11,0
2022-08-22 16:00:00,137.57,137.581,137.348,137.438,4554,11,0
2022-08-22 20:00:00,137.406,137.608,137.384,137.573,2178,11,0
2022-08-23 00:00:00,137.575,137.698,137.076,137.197,10641,11,0
2022-08-23 04:00:00,137.199,137.413,137.034,137.27,10536,11,0
2022-08-23 08:00:00,137.268,137.54,137.171,137.367,7231,11,0
2022-08-23 12:00:00,137.365,137.638,135.805,136.362,31304,11,0
2022-08-23 16:00:00,136.364,136.88,136.334,136.793,5989,11,0
2022-08-23 20:00:00,136.763,136.845,136.565,136.74,4006,11,0
2022-08-24 00:00:00,136.741,137.036,136.648,136.804,8899,11,0
2022-08-24 04:00:00,136.806,136.847,136.357,136.542,10095,11,0
2022-08-24 08:00:00,136.544,136.862,136.17,136.711,10812,11,0
2022-08-24 12:00:00,136.71,137.239,136.55,136.923,20100,11,0
2022-08-24 16:00:00,136.92,137.206,136.91,137.097,4127,11,0
2022-08-24 20:00:00,137.066,137.14,136.925,137.093,2151,11,0
2022-08-25 00:00:00,137.095,137.195,136.581,136.814,10700,11,0
2022-08-25 04:00:00,136.813,136.842,136.396,136.478,10169,11,0
2022-08-25 08:00:00,136.475,136.595,136.316,136.395,9049,11,0
2022-08-25 12:00:00,136.393,136.949,136.373,136.832,15831,11,0
2022-08-25 16:00:00,136.831,136.884,136.395,136.51,5098,11,0
2022-08-25 20:00:00,136.481,136.622,136.381,136.562,1771,11,0
2022-08-26 00:00:00,136.56,136.788,136.49,136.655,5515,11,0
2022-08-26 04:00:00,136.653,137.12,136.649,137.02,6605,11,0
2022-08-26 08:00:00,137.018,137.041,136.807,136.974,6452,11,0
2022-08-26 12:00:00,136.976,137.449,136.203,137.068,43149,11,0
2022-08-26 16:00:00,137.066,137.48,137.034,137.448,7514,11,0
2022-08-26 20:00:00,137.419,137.513,137.334,137.498,511,43,0
2022-08-28 20:00:00,137.607,138.206,137.527,138.16,3461,11,0
2022-08-29 00:00:00,138.163,138.669,138.081,138.579,10575,11,0
2022-08-29 04:00:00,138.578,138.996,138.546,138.697,11181,11,0
2022-08-29 08:00:00,138.699,138.859,138.36,138.572,9236,11,0
2022-08-29 12:00:00,138.57,138.843,138.265,138.742,13740,11,0
2022-08-29 16:00:00,138.74,138.873,138.64,138.694,4547,11,0
2022-08-29 20:00:00,138.664,138.759,138.581,138.642,2520,11,0
2022-08-30 00:00:00,138.644,138.675,138.376,138.574,8660,11,0
2022-08-30 04:00:00,138.575,138.654,138.335,138.452,10526,11,0
2022-08-30 08:00:00,138.451,138.452,138.047,138.194,10026,11,0
2022-08-30 12:00:00,138.191,139.073,138.168,138.724,19474,11,0
2022-08-30 16:00:00,138.725,138.795,138.608,138.723,5333,11,0
2022-08-30 20:00:00,138.662,138.84,138.662,138.757,2012,11,0
2022-08-31 00:00:00,138.759,138.789,138.416,138.591,9235,11,0
2022-08-31 04:00:00,138.593,138.617,138.267,138.597,7905,11,0
2022-08-31 08:00:00,138.595,138.886,138.531,138.75,9650,11,0
2022-08-31 12:00:00,138.748,138.847,138.438,138.705,18072,11,0
2022-08-31 16:00:00,138.703,138.948,138.63,138.913,5046,11,0
2022-08-31 20:00:00,138.884,139.439,138.859,139.328,4020,11,0
2022-09-01 00:00:00,139.327,139.678,139.284,139.519,11444,11,0
2022-09-01 04:00:00,139.517,139.568,139.135,139.278,9869,11,0
2022-09-01 08:00:00,139.276,139.361,139.053,139.222,9064,11,0
2022-09-01 12:00:00,139.221,140.219,139.186,139.925,21097,11,0
2022-09-01 16:00:00,139.928,140.224,139.868,140.196,5254,11,0
2022-09-01 20:00:00,140.158,140.267,140.04,140.084,2429,11,0
2022-09-02 00:00:00,140.086,140.197,139.868,140.147,7990,11,0
2022-09-02 04:00:00,140.145,140.426,140.131,140.242,7156,11,0
2022-09-02 08:00:00,140.244,140.481,140.239,140.43,5913,11,0
2022-09-02 12:00:00,140.428,140.796,139.913,140.047,27542,11,0
2022-09-02 16:00:00,140.049,140.317,140.023,140.24,6165,11,0
2022-09-02 20:00:00,140.18,140.221,140.116,140.149,529,43,0
2022-09-04 20:00:00,140.116,140.547,140.071,140.536,2645,11,0
2022-09-05 00:00:00,140.538,140.549,140.114,140.341,8811,11,0
2022-09-05 04:00:00,140.342,140.591,140.291,140.566,8295,11,0
2022-09-05 08:00:00,140.565,140.582,140.375,140.499,6765,11,0
2022-09-05 12:00:00,140.497,140.657,140.481,140.483,4496,11,0
2022-09-05 16:00:00,140.485,140.554,140.483,140.532,572,11,0
2022-09-05 20:00:00,140.492,140.557,140.339,140.43,1989,11,0
2022-09-06 00:00:00,140.428,140.601,140.247,140.593,7407,11,0
2022-09-06 04:00:00,140.591,141.73,140.569,141.534,12803,11,0
2022-09-06 08:00:00,141.536,142.101,141.51,141.903,10715,11,0
2022-09-06 12:00:00,141.902,142.972,141.869,142.945,22055,11,0
2022-09-06 16:00:00,142.947,143.07,142.756,142.802,5575,11,0
2022-09-06 20:00:00,142.765,143.456,142.677,143.158,6844,11,0
2022-09-07 00:00:00,143.157,144.086,142.923,143.998,26440,11,0
2022-09-07 04:00:00,144.0,144.38,143.755,143.898,21487,11,0
2022-09-07 08:00:00,143.9,144.986,143.874,144.96,16483,11,0
2022-09-07 12:00:00,144.959,144.959,144.218,144.383,19068,11,0
2022-09-07 16:00:00,144.384,144.442,143.666,143.715,9275,11,0
2022-09-07 20:00:00,143.685,144.307,143.668,144.09,4279,11,0
2022-09-08 00:00:00,144.089,144.554,143.925,144.001,14550,11,0
2022-09-08 04:00:00,144.0,144.112,143.459,143.819,17494,11,0
2022-09-08 08:00:00,143.82,144.141,143.315,143.477,16191,11,0
2022-09-08 12:00:00,143.475,144.438,143.393,144.068,33563,11,0
2022-09-08 16:00:00,144.067,144.242,143.877,144.013,6680,11,0
2022-09-08 20:00:00,143.952,144.097,143.794,143.874,3229,11,0
2022-09-09 00:00:00,143.872,143.955,143.052,143.15,18140,11,0
2022-09-09 04:00:00,143.149,143.214,142.141,142.355,24223,11,0
2022-09-09 08:00:00,142.356,142.623,141.499,142.539,21360,11,0
2022-09-09 12:00:00,142.541,142.818,142.15,142.444,27396,11,0
2022-09-09 16:00:00,142.442,142.765,142.43,142.685,6353,11,0
2022-09-09 20:00:00,142.625,142.687,142.531,142.554,628,43,0
2022-09-11 20:00:00,142.108,142.752,142.105,142.561,2632,11,0
2022-09-12 00:00:00,142.563,143.034,142.328,142.947,12394,11,0
2022-09-12 04:00:00,142.944,143.49,142.619,142.764,16987,11,0
2022-09-12 08:00:00,142.763,142.956,142.412,142.547,15095,11,0
2022-09-12 12:00:00,142.549,142.869,142.229,142.438,19692,11,0
2022-09-12 16:00:00,142.439,142.836,142.156,142.819,6567,11,0
2022-09-12 20:00:00,142.77,142.831,142.49,142.58,2652,11,0
2022-09-13 00:00:00,142.578,142.735,142.315,142.5,12781,11,0
2022-09-13 04:00:00,142.498,142.592,142.04,142.251,12417,11,0
2022-09-13 08:00:00,142.25,142.407,141.871,142.032,11472,11,0
2022-09-13 12:00:00,142.031,144.68,141.628,144.315,65836,11,0
2022-09-13 16:00:00,144.317,144.505,144.11,144.47,11720,11,0
2022-09-13 20:00:00,144.442,144.932,144.311,144.452,9623,11,0
2022-09-14 00:00:00,144.451,144.847,144.066,144.405,22455,11,0
2022-09-14 04:00:00,144.404,144.44,143.26,143.31,30975,11,0
2022-09-14 08:00:00,143.308,143.72,142.893,143.379,26546,11,0
2022-09-14 12:00:00,143.381,143.513,142.547,142.926,28938,11,0
2022-09-14 16:00:00,142.928,143.217,142.83,143.184,5661,11,0
2022-09-14 20:00:00,143.156,143.186,142.793,142.918,3202,11,0
2022-09-15 00:00:00,142.916,143.488,142.905,143.409,14300,11,0
2022-09-15 04:00:00,143.41,143.796,143.286,143.563,10794,11,0
2022-09-15 08:00:00,143.562,143.672,143.216,143.506,11547,11,0
2022-09-15 12:00:00,143.504,143.718,143.148,143.568,23809,11,0
2022-09-15 16:00:00,143.566,143.6,143.33,143.456,5055,11,0
2022-09-15 20:00:00,143.415,143.491,143.297,143.335,2173,11,0
2022-09-16 00:00:00,143.333,143.489,142.825,143.363,12487,11,0
2022-09-16 04:00:00,143.362,143.688,143.215,143.45,10454,11,0
2022-09-16 08:00:00,143.448,143.488,142.95,143.073,9654,11,0
2022-09-16 12:00:00,143.071,143.351,142.86,143.033,17721,11,0
2022-09-16 16:00:00,143.035,143.057,142.851,142.904,4705,11,0
2022-09-16 20:00:00,142.859,142.964,142.859,142.899,511,43,0
2022-09-18 20:00:00,142.882,143.085,142.639,142.755,3711,11,0
2022-09-19 00:00:00,142.753,143.208,142.679,143.173,8646,11,0
2022-09-19 04:00:00,143.171,143.538,143.123,143.505,6167,11,0
2022-09-19 08:00:00,143.506,143.64,143.357,143.623,6689,11,0
2022-09-19 12:00:00,143.622,143.64,143.168,143.337,10738,11,0
2022-09-19 16:00:00,143.339,143.383,143.148,143.167,3293,11,0
2022-09-19 20:00:00,143.134,143.336,143.127,143.179,2625,11,0
2022-09-20 00:00:00,143.177,143.292,142.93,143.188,10049,11,0
2022-09-20 04:00:00,143.185,143.549,143.182,143.46,7326,11,0
2022-09-20 08:00:00,143.463,143.811,143.457,143.619,8305,11,0
2022-09-20 12:00:00,143.618,143.917,143.49,143.636,13117,11,0
2022-09-20 16:00:00,143.637,143.7,143.52,143.673,4542,11,0
2022-09-20 20:00:00,143.643,143.737,143.535,143.58,2589,11,0
2022-09-21 00:00:00,143.578,143.871,143.475,143.83,10077,11,0
2022-09-21 04:00:00,143.831,144.071,143.339,143.739,14804,11,0
2022-09-21 08:00:00,143.74,144.202,143.659,144.071,8902,11,0
2022-09-21 12:00:00,144.07,144.204,143.869,144.136,12290,11,0
2022-09-21 16:00:00,144.138,144.696,143.395,143.86,42432,11,0
2022-09-21 20:00:00,143.832,144.55,143.828,144.238,5369,11,0
2022-09-22 00:00:00,144.239,145.385,143.508,144.849,42667,11,0
2022-09-22 04:00:00,144.848,145.897,144.627,145.771,32463,11,0
2022-09-22 08:00:00,145.772,145.842,140.683,141.25,150860,11,0
2022-09-22 12:00:00,141.252,142.381,140.346,142.159,68875,11,0
2022-09-22 16:00:00,142.158,142.499,142.092,142.344,10618,11,0
2022-09-22 20:00:00,142.311,142.548,142.241,142.269,5142,11,0
2022-09-23 00:00:00,142.267,142.441,141.761,142.212,14904,11,0
2022-09-23 04:00:00,142.211,142.453,142.083,142.272,16654,11,0
2022-09-23 08:00:00,142.273,143.261,142.246,142.793,37669,11,0
2022-09-23 12:00:00,142.794,143.326,142.669,143.175,33599,11,0
2022-09-23 16:00:00,143.176,143.456,143.082,143.291,10110,11,0
2022-09-23 20:00:00,143.26,143.328,143.228,143.318,822,43,0
2022-09-25 20:00:00,143.597,143.597,143.207,143.522,5080,11,0
2022-09-26 00:00:00,143.521,144.156,143.418,143.959,27120,11,0
2022-09-26 04:00:00,143.956,144.258,143.518,143.822,28226,11,0
2022-09-26 08:00:00,143.82,144.368,143.551,144.198,20857,11,0
2022-09-26 12:00:00,144.199,144.502,143.789,144.466,26498,11,0
2022-09-26 16:00:00,144.464,144.783,144.452,144.578,12257,11,0
2022-09-26 20:00:00,144.526,144.711,144.44,144.466,4411,11,0
2022-09-27 00:00:00,144.468,144.631,144.266,144.409,12448,11,0
2022-09-27 04:00:00,144.407,144.549,144.058,144.268,14799,11,0
2022-09-27 08:00:00,144.266,144.498,144.22,144.442,12585,11,0
2022-09-27 12:00:00,144.439,144.848,144.373,144.709,22491,11,0
2022-09-27 16:00:00,144.708,144.898,144.688,144.827,7523,11,0
2022-09-27 20:00:00,144.798,144.866,144.679,144.705,3071,11,0
2022-09-28 00:00:00,144.703,144.846,144.384,144.7,13366,11,0
2022-09-28 04:00:00,144.699,144.815,144.494,144.562,11118,11,0
2022-09-28 08:00:00,144.56,144.822,144.479,144.741,22408,11,0
2022-09-28 12:00:00,144.743,144.75,144.149,144.156,25924,11,0
2022-09-28 16:00:00,144.155,144.344,143.904,144.093,11896,11,0
2022-09-28 20:00:00,144.054,144.46,144.016,144.413,4137,11,0
2022-09-29 00:00:00,144.411,144.453,144.202,144.404,9864,11,0
2022-09-29 04:00:00,144.405,144.81,144.397,144.67,16494,11,0
2022-09-29 08:00:00,144.668,144.791,144.582,144.697,13168,11,0
2022-09-29 12:00:00,144.699,144.774,144.42,144.446,19060,11,0
2022-09-29 16:00:00,144.447,144.634,144.252,144.434,6712,11,0
2022-09-29 20:00:00,144.374,144.497,144.258,144.421,3632,11,0
2022-09-30 00:00:00,144.422,144.767,144.392,144.735,9735,11,0
2022-09-30 04:00:00,144.733,144.736,144.255,144.315,12248,11,0
2022-09-30 08:00:00,144.314,144.636,144.2,144.628,9620,11,0
2022-09-30 12:00:00,144.626,144.945,144.429,144.713,19928,11,0
2022-09-30 16:00:00,144.714,144.804,144.659,144.722,5442,11,0
2022-09-30 20:00:00,144.724,144.782,144.685,144.714,752,11,0
2022-10-02 20:00:00,144.685,144.884,144.58,144.801,2809,11,0
2022-10-03 00:00:00,144.803,144.859,144.494,144.84,8267,11,0
2022-10-03 04:00:00,144.841,145.314,144.643,145.025,19093,11,0
2022-10-03 08:00:00,145.024,145.207,144.829,144.848,8447,11,0
2022-10-03 12:00:00,144.845,144.967,144.152,144.497,17601,11,0
2022-10-03 16:00:00,144.498,144.787,144.408,144.663,5586,11,0
2022-10-03 20:00:00,144.619,144.686,144.394,144.522,2799,11,0
2022-10-04 00:00:00,144.52,144.91,144.409,144.727,8958,11,0
2022-10-04 04:00:00,144.725,144.866,144.524,144.653,11325,11,0
2022-10-04 08:00:00,144.654,144.846,144.587,144.809,8763,11,0
2022-10-04 12:00:00,144.807,144.929,144.288,144.332,15438,11,0
2022-10-04 16:00:00,144.33,144.33,143.887,144.047,7729,11,0
2022-10-04 20:00:00,144.032,144.199,143.77,143.85,3573,11,0
2022-10-05 00:00:00,143.848,144.334,143.523,144.071,15813,11,0
2022-10-05 04:00:00,144.073,144.505,143.998,144.438,11274,11,0
2022-10-05 08:00:00,144.44,144.556,144.27,144.506,10132,11,0
2022-10-05 12:00:00,144.508,144.841,144.372,144.733,14831,11,0
2022-10-05 16:00:00,144.735,144.784,144.39,144.559,4932,11,0
2022-10-05 20:00:00,144.494,144.668,144.43,144.435,3204,11,0
2022-10-06 00:00:00,144.434,144.696,144.382,144.569,6493,11,0
2022-10-06 04:00:00,144.57,144.676,144.479,144.582,6478,11,0
2022-10-06 08:00:00,144.58,144.769,144.56,144.692,7043,11,0
2022-10-06 12:00:00,144.69,144.952,144.566,144.939,11665,11,0
2022-10-06 16:00:00,144.943,145.133,144.883,145.119,5867,11,0
2022-10-06 20:00:00,145.078,145.118,144.905,145.042,2288,11,0
2022-10-07 00:00:00,145.04,145.101,144.845,144.959,7666,11,0
2022-10-07 04:00:00,144.957,145.075,144.839,144.91,5351,11,0
2022-10-07 08:00:00,144.908,144.951,144.715,144.927,5468,11,0
2022-10-07 12:00:00,144.928,145.346,144.723,145.192,20910,11,0
2022-10-07 16:00:00,145.194,145.438,145.147,145.354,3103,11,0
2022-10-07 20:00:00,145.321,145.385,145.286,145.353,451,43,0
2022-10-09 20:00:00,145.277,145.485,145.277,145.463,1747,11,0
2022-10-10 00:00:00,145.46,145.662,145.334,145.435,5263,11,0
2022-10-10 04:00:00,145.436,145.475,145.232,145.429,4871,11,0
2022-10-10 08:00:00,145.427,145.588,145.419,145.536,5615,11,0
2022-10-10 12:00:00,145.538,145.799,145.439,145.722,8805,11,0
2022-10-10 16:00:00,145.72,145.786,145.604,145.717,3521,11,0
2022-10-10 20:00:00,145.701,145.728,145.62,145.666,2020,11,0
2022-10-11 00:00:00,145.665,145.775,145.546,145.728,7065,11,0
2022-10-11 04:00:00,145.726,145.857,145.536,145.62,7213,11,0
2022-10-11 08:00:00,145.621,145.759,145.496,145.562,6694,11,0
2022-10-11 12:00:00,145.561,145.786,145.534,145.544,8691,11,0
2022-10-11 16:00:00,145.545,145.893,145.424,145.824,6568,11,0
2022-10-11 20:00:00,145.808,145.941,145.677,145.888,2684,11,0
2022-10-12 00:00:00,145.885,146.383,145.813,146.207,17806,11,0
2022-10-12 04:00:00,146.205,146.277,146.002,146.169,11503,11,0
2022-10-12 08:00:00,146.17,146.627,146.147,146.597,8541,11,0
2022-10-12 12:00:00,146.595,146.955,146.577,146.873,12937,11,0
2022-10-12 16:00:00,146.872,146.965,146.653,146.838,7277,11,0
2022-10-12 20:00:00,146.822,146.902,146.667,146.77,2478,11,0
2022-10-13 00:00:00,146.772,146.88,146.706,146.799,6410,11,0
2022-10-13 04:00:00,146.801,146.9,146.748,146.828,4641,11,0
2022-10-13 08:00:00,146.83,146.873,146.633,146.697,6514,11,0
2022-10-13 12:00:00,146.696,147.665,146.469,147.156,44088,11,0
2022-10-13 16:00:00,147.155,147.279,146.832,147.256,12298,11,0
2022-10-13 20:00:00,147.194,147.32,147.065,147.305,2418,11,0
2022-10-14 00:00:00,147.303,147.448,147.088,147.355,7992,11,0
2022-10-14 04:00:00,147.353,147.606,147.342,147.479,8872,11,0
2022-10-14 08:00:00,147.48,147.873,147.472,147.798,12294,11,0
2022-10-14 12:00:00,147.8,148.492,147.636,148.454,21062,11,0
2022-10-14 16:00:00,148.456,148.856,148.373,148.615,8835,11,0
2022-10-14 20:00:00,148.555,148.754,148.505,148.72,678,43,0
2022-10-16 20:00:00,148.571,148.678,148.405,148.633,4010,11,0
2022-10-17 00:00:00,148.635,148.679,148.424,148.643,7084,11,0
2022-10-17 04:00:00,148.642,148.797,148.578,148.643,7818,11,0
2022-10-17 08:00:00,148.642,148.89,148.598,148.839,7782,11,0
2022-10-17 12:00:00,148.837,148.886,148.569,148.707,9658,11,0
2022-10-17 16:00:00,148.705,149.085,148.696,149.073,4289,11,0
2022-10-17 20:00:00,149.003,149.036,148.887,148.967,2767,11,0
2022-10-18 00:00:00,148.966,148.966,148.669,148.889,6401,11,0
2022-10-18 04:00:00,148.891,149.05,148.751,148.964,7280,11,0
2022-10-18 08:00:00,148.961,149.284,148.139,149.107,20240,11,0
2022-10-18 12:00:00,149.109,149.378,148.881,149.222,11193,11,0
2022-10-18 16:00:00,149.224,149.278,149.09,149.189,5120,11,0
2022-10-18 20:00:00,149.153,149.239,149.104,149.211,2724,11,0
2022-10-19 00:00:00,149.209,149.259,149.095,149.202,5958,11,0
2022-10-19 04:00:00,149.199,149.477,149.187,149.343,7936,11,0
2022-10-19 08:00:00,149.34,149.71,149.324,149.614,8317,11,0
2022-10-19 12:00:00,149.616,149.779,149.615,149.771,7578,11,0
2022-10-19 16:00:00,149.773,149.895,149.748,149.86,3758,11,0
2022-10-19 20:00:00,149.831,149.886,149.707,149.823,2299,11,0
2022-10-20 00:00:00,149.821,149.953,149.801,149.905,4849,11,0
2022-10-20 04:00:00,149.907,150.073,149.635,149.871,8710,11,0
2022-10-20 08:00:00,149.87,149.963,149.678,149.801,7340,11,0
2022-10-20 12:00:00,149.804,149.92,149.549,149.821,11797,11,0
2022-10-20 16:00:00,149.819,150.281,149.808,150.159,5253,11,0
2022-10-20 20:00:00,150.111,150.212,150.007,150.17,2713,11,0
2022-10-21 00:00:00,150.168,150.373,150.133,150.356,5040,11,0
2022-10-21 04:00:00,150.357,150.48,150.292,150.475,5563,11,0
2022-10-21 08:00:00,150.474,151.585,150.386,151.514,13248,11,0
2022-10-21 12:00:00,151.512,151.937,146.267,146.327,187176,11,0
2022-10-21 16:00:00,146.329,148.45,146.203,147.649,120977,11,0
2022-10-21 20:00:00,147.553,147.753,147.152,147.604,1438,43,0
2022-10-23 20:00:00,147.635,149.704,145.516,147.624,84308,11,0
2022-10-24 00:00:00,147.622,149.037,147.363,148.874,47302,11,0
2022-10-24 04:00:00,148.872,149.349,148.776,149.259,15600,11,0
2022-10-24 08:00:00,149.256,149.453,148.258,149.004,17231,11,0
2022-10-24 12:00:00,149.005,149.234,148.655,148.762,27873,11,0
2022-10-24 16:00:00,148.76,149.029,148.7,148.975,8203,11,0
2022-10-24 20:00:00,148.957,149.068,148.751,148.885,3986,11,0
2022-10-25 00:00:00,148.883,149.056,148.497,148.837,10724,11,0
2022-10-25 04:00:00,148.839,149.003,148.784,148.924,5928,11,0
2022-10-25 08:00:00,148.923,148.983,148.858,148.901,5451,11,0
2022-10-25 12:00:00,148.903,148.944,147.51,147.855,30172,11,0
2022-10-25 16:00:00,147.854,148.142,147.802,147.925,12766,11,0
2022-10-25 20:00:00,147.894,148.297,147.827,147.978,4197,11,0
2022-10-26 00:00:00,147.975,148.406,147.879,148.235,9274,11,0
2022-10-26 04:00:00,148.236,148.271,147.051,147.088,15144,11,0
2022-10-26 08:00:00,147.086,147.306,146.706,147.093,19672,11,0
2022-10-26 12:00:00,147.092,147.349,146.383,146.5,29004,11,0
2022-10-26 16:00:00,146.503,146.613,146.219,146.334,11852,11,0
2022-10-26 20:00:00,146.301,146.441,146.067,146.074,4831,11,0
2022-10-27 00:00:00,146.073,146.39,145.913,146.118,12534,11,0
2022-10-27 04:00:00,146.119,146.167,145.103,145.715,17832,11,0
2022-10-27 08:00:00,145.716,146.71,145.621,146.657,15111,11,0
2022-10-27 12:00:00,146.656,146.931,145.662,146.02,39907,11,0
2022-10-27 16:00:00,146.017,146.307,145.834,146.208,8120,11,0
2022-10-27 20:00:00,146.164,146.306,146.032,146.278,4302,11,0
2022-10-28 00:00:00,146.276,146.853,145.994,146.1,23239,11,0
2022-10-28 04:00:00,146.102,147.131,145.985,147.067,17588,11,0
2022-10-28 08:00:00,147.069,147.856,147.042,147.474,16392,11,0
2022-10-28 12:00:00,147.476,147.836,147.165,147.677,25358,11,0
2022-10-28 16:00:00,147.678,147.751,147.343,147.42,6557,11,0
2022-10-28 20:00:00,147.387,147.462,147.373,147.443,519,43,0
2022-10-30 20:00:00,147.571,147.833,147.496,147.81,3387,11,0
2022-10-31 00:00:00,147.808,148.272,147.752,147.878,8001,11,0
2022-10-31 04:00:00,147.88,148.042,147.731,148.011,6769,11,0
2022-10-31 08:00:00,148.012,148.733,147.98,148.675,12659,11,0
2022-10-31 12:00:00,148.676,148.845,148.427,148.64,12318,11,0
2022-10-31 16:00:00,148.639,148.736,148.515,148.682,7534,11,0
2022-10-31 20:00:00,148.64,148.799,148.562,148.733,3523,11,0
2022-11-01 00:00:00,148.731,148.819,148.122,148.338,10334,11,0
2022-11-01 04:00:00,148.336,148.433,147.498,147.923,14116,11,0
2022-11-01 08:00:00,147.921,147.966,146.98,147.217,19133,11,0
2022-11-01 12:00:00,147.214,148.259,146.988,148.107,24368,11,0
2022-11-01 16:00:00,148.109,148.34,147.727,148.159,11227,11,0
2022-11-01 20:00:00,148.115,148.322,147.821,147.912,4741,11,0
2022-11-02 00:00:00,147.914,147.963,147.161,147.47,18664,11,0
2022-11-02 04:00:00,147.468,147.705,147.226,147.336,9958,11,0
2022-11-02 08:00:00,147.339,147.357,146.817,147.07,15792,11,0
2022-11-02 12:00:00,147.072,147.39,146.855,147.111,14519,11,0
2022-11-02 16:00:00,147.112,147.963,145.668,147.742,49485,11,0
2022-11-02 20:00:00,147.682,147.99,147.664,147.889,3531,11,0
2022-11-03 00:00:00,147.888,147.907,147.109,147.258,11648,11,0
2022-11-03 04:00:00,147.257,148.038,147.217,147.898,9543,11,0
2022-11-03 08:00:00,147.896,148.423,147.859,148.234,15229,11,0
2022-11-03 12:00:00,148.232,148.445,147.604,148.175,29046,11,0
2022-11-03 16:00:00,148.177,148.357,148.135,148.222,7345,11,0
2022-11-03 20:00:00,148.194,148.388,147.927,148.388,2352,11,0
2022-11-04 00:00:00,148.386,148.398,148.003,148.09,7851,11,0
2022-11-04 04:00:00,148.089,148.112,147.653,147.882,9831,11,0
2022-11-04 08:00:00,147.88,147.88,147.535,147.639,12351,11,0
2022-11-04 12:00:00,147.638,148.193,146.557,147.217,41230,11,0
2022-11-04 16:00:00,147.218,147.334,146.554,146.683,10127,11,0
2022-11-04 20:00:00,146.617,146.675,146.507,146.623,867,43,0
2022-11-06 20:00:00,146.973,147.011,146.756,146.797,2108,43,0
2022-11-07 00:00:00,146.84,147.341,146.699,147.211,7815,11,0
2022-11-07 04:00:00,147.213,147.553,147.041,147.51,6854,11,0
2022-11-07 08:00:00,147.513,147.563,146.425,146.62,17524,11,0
2022-11-07 12:00:00,146.621,146.783,146.079,146.45,23967,11,0
2022-11-07 16:00:00,146.448,146.729,146.432,146.573,7850,11,0
2022-11-07 20:00:00,146.575,146.685,146.505,146.593,3358,11,0
2022-11-08 00:00:00,146.623,146.776,146.312,146.65,7685,11,0
2022-11-08 04:00:00,146.647,146.929,146.59,146.733,6663,11,0
2022-11-08 08:00:00,146.734,146.822,146.144,146.33,13742,11,0
2022-11-08 12:00:00,146.329,146.543,145.338,145.498,18092,11,0
2022-11-08 16:00:00,145.497,145.718,145.307,145.546,12573,11,0
2022-11-08 20:00:00,145.548,145.68,145.145,145.259,4425,11,0
2022-11-09 00:00:00,145.293,145.859,145.167,145.538,11346,11,0
2022-11-09 04:00:00,145.541,145.898,145.453,145.511,9008,11,0
2022-11-09 08:00:00,145.512,145.871,145.209,145.7,16080,11,0
2022-11-09 12:00:00,145.702,146.569,145.63,146.298,28149,11,0
2022-11-09 16:00:00,146.295,146.79,145.964,146.651,11272,11,0
2022-11-09 20:00:00,146.653,146.669,146.133,146.168,4638,11,0
2022-11-10 00:00:00,146.197,146.361,146.066,146.098,8124,11,0
2022-11-10 04:00:00,146.101,146.44,146.046,146.299,6097,11,0
2022-11-10 08:00:00,146.297,146.584,146.11,146.514,11451,11,0
2022-11-10 12:00:00,146.513,146.535,141.545,141.57,89623,11,0
2022-11-10 16:00:00,141.572,142.233,141.465,141.811,25730,11,0
2022-11-10 20:00:00,141.812,141.966,140.211,141.699,8960,11,0
2022-11-11 00:00:00,141.734,142.477,141.351,141.912,26697,11,0
2022-11-11 04:00:00,141.913,142.143,141.043,141.184,23790,11,0
2022-11-11 08:00:00,141.185,141.478,138.759,139.492,57341,11,0
2022-11-11 12:00:00,139.49,139.793,138.978,139.052,40767,11,0
2022-11-11 16:00:00,139.051,139.253,138.461,138.477,18759,11,0
2022-11-11 20:00:00,138.478,138.775,138.478,138.733,4157,11,0
2022-11-13 20:00:00,139.726,139.753,139.234,139.567,2637,43,0
2022-11-14 00:00:00,139.611,139.739,138.797,139.093,30181,11,0
2022-11-14 04:00:00,139.094,139.676,139.092,139.496,17316,11,0
2022-11-14 08:00:00,139.498,140.794,139.35,140.551,31700,11,0
2022-11-14 12:00:00,140.554,140.709,140.065,140.395,30416,11,0
2022-11-14 16:00:00,140.396,140.491,139.848,139.901,12168,11,0
2022-11-14 20:00:00,139.9,140.152,139.633,140.063,4012,11,0
2022-11-15 00:00:00,140.092,140.504,139.986,140.391,14151,11,0
2022-11-15 04:00:00,140.393,140.621,139.172,139.333,20234,11,0
2022-11-15 08:00:00,139.334,139.716,138.954,139.17,23153,11,0
2022-11-15 12:00:00,139.169,139.534,137.672,139.226,62198,11,0
2022-11-15 16:00:00,139.227,139.685,139.008,139.064,31103,11,0
2022-11-15 20:00:00,139.062,139.33,138.683,138.903,7397,11,0
2022-11-16 00:00:00,138.963,140.193,138.864,140.182,22919,11,0
2022-11-16 04:00:00,140.179,140.286,139.266,139.373,21159,11,0
2022-11-16 08:00:00,139.372,139.709,139.183,139.428,19419,11,0
2022-11-16 12:00:00,139.427,140.009,139.038,139.347,32583,11,0
2022-11-16 16:00:00,139.349,139.707,139.253,139.308,10906,11,0
2022-11-16 20:00:00,139.31,139.55,139.242,139.289,4687,11,0
2022-11-17 00:00:00,139.323,139.796,139.216,139.588,10783,11,0
2022-11-17 04:00:00,139.586,139.61,139.22,139.321,10433,11,0
2022-11-17 08:00:00,139.318,140.096,138.872,139.883,20191,11,0
2022-11-17 12:00:00,139.881,140.711,139.668,140.582,31574,11,0
2022-11-17 16:00:00,140.58,140.736,140.057,140.212,10745,11,0
2022-11-17 20:00:00,140.21,140.402,140.102,140.4,4137,11,0
2022-11-18 00:00:00,140.421,140.494,139.645,139.711,14352,11,0
2022-11-18 04:00:00,139.712,140.072,139.631,139.829,9774,11,0
2022-11-18 08:00:00,139.827,140.284,139.711,139.858,15153,11,0
2022-11-18 12:00:00,139.856,140.081,139.685,139.871,16442,11,0
2022-11-18 16:00:00,139.873,140.403,139.838,140.376,6211,11,0
2022-11-18 20:00:00,140.375,140.402,140.287,140.333,1716,11,0
2022-11-20 20:00:00,140.312,140.356,140.11,140.231,1451,43,0
2022-11-21 00:00:00,140.26,140.492,140.19,140.344,8096,11,0
2022-11-21 04:00:00,140.346,140.887,140.291,140.852,9121,11,0
2022-11-21 08:00:00,140.85,141.934,140.847,141.868,16560,11,0
2022-11-21 12:00:00,141.866,142.054,141.314,141.937,19334,11,0
2022-11-21 16:00:00,141.939,142.248,141.834,142.16,8270,11,0
2022-11-21 20:00:00,142.161,142.161,141.985,142.061,3268,11,0
2022-11-22 00:00:00,142.09,142.24,141.629,141.77,11832,11,0
2022-11-22 04:00:00,141.768,142.029,141.641,141.809,7668,11,0
2022-11-22 08:00:00,141.811,141.902,141.08,141.17,15890,11,0
2022-11-22 12:00:00,141.171,141.538,141.145,141.35,15424,11,0
2022-11-22 16:00:00,141.351,141.452,141.142,141.192,5656,11,0
2022-11-22 20:00:00,141.195,141.252,141.104,141.127,1855,11,0
2022-11-23 00:00:00,141.156,141.435,140.906,141.391,5541,11,0
2022-11-23 04:00:00,141.393,141.503,141.065,141.163,5624,11,0
2022-11-23 08:00:00,141.165,141.608,141.143,141.422,8573,11,0
2022-11-23 12:00:00,141.42,141.524,139.658,139.73,29302,11,0
2022-11-23 16:00:00,139.731,139.97,139.161,139.397,19636,11,0
2022-11-23 20:00:00,139.398,139.617,139.176,139.217,4371,11,0
2022-11-24 00:00:00,139.188,139.462,138.627,138.648,14294,11,0
2022-11-24 04:00:00,138.649,138.99,138.55,138.972,11744,11,0
2022-11-24 08:00:00,138.974,139.217,138.044,138.318,19932,11,0
2022-11-24 12:00:00,138.319,138.428,138.08,138.354,15481,11,0
2022-11-24 16:00:00,138.353,138.499,138.308,138.462,3045,11,0
2022-11-24 20:00:00,138.453,138.685,138.413,138.586,1435,36,0
2022-11-25 00:00:00,138.565,139.044,138.415,138.653,9654,11,0
2022-11-25 04:00:00,138.655,138.809,138.369,138.787,11438,11,0
2022-11-25 08:00:00,138.79,139.589,138.556,139.577,16991,11,0
2022-11-25 12:00:00,139.579,139.582,139.199,139.22,16585,11,0
2022-11-25 16:00:00,139.218,139.283,138.994,139.035,7406,11,0
2022-11-25 20:00:00,139.027,139.19,139.017,139.132,2351,39,0
2022-11-27 20:00:00,139.265,139.344,139.193,139.339,798,74,0
2022-11-28 00:00:00,139.336,139.336,138.331,138.655,13329,11,0
2022-11-28 04:00:00,138.653,138.703,137.799,138.309,15467,11,0
2022-11-28 08:00:00,138.306,138.392,137.493,138.145,23997,11,0
2022-11-28 12:00:00,138.143,138.865,138.13,138.772,22664,11,0
2022-11-28 16:00:00,138.77,139.004,138.639,138.863,11021,11,0
2022-11-28 20:00:00,138.866,138.965,138.684,138.684,3304,11,0
2022-11-29 00:00:00,138.673,139.348,138.417,138.601,16586,11,0
2022-11-29 04:00:00,138.602,138.707,138.146,138.286,17087,11,0
2022-11-29 08:00:00,138.284,138.404,137.864,137.93,20099,11,0
2022-11-29 12:00:00,137.933,138.847,137.898,138.315,22543,11,0
2022-11-29 16:00:00,138.313,138.679,138.21,138.641,8832,11,0
2022-11-29 20:00:00,138.644,138.793,138.566,138.71,2985,11,0
2022-11-30 00:00:00,138.69,138.882,138.44,138.761,9626,11,0
2022-11-30 04:00:00,138.759,138.759,138.326,138.528,10526,11,0
2022-11-30 08:00:00,138.529,139.045,138.444,138.748,13293,11,0
2022-11-30 12:00:00,138.745,139.889,138.471,139.492,29526,11,0
2022-11-30 16:00:00,139.494,139.625,137.94,137.959,39508,11,0
2022-11-30 20:00:00,137.96,138.143,137.304,137.324,10709,11,0
2022-12-01 00:00:00,137.313,137.463,136.492,136.74,21808,11,0
2022-12-01 04:00:00,136.742,136.911,135.83,136.533,23557,11,0
2022-12-01 08:00:00,136.531,136.661,136.164,136.232,18535,11,0
2022-12-01 12:00:00,136.231,136.332,135.524,135.919,37158,11,0
2022-12-01 16:00:00,135.917,135.953,135.253,135.26,16367,8,0
2022-12-01 20:00:00,135.258,135.38,135.018,135.099,5061,8,0
2022-12-02 00:00:00,135.1,135.557,134.999,135.153,13304,11,0
2022-12-02 04:00:00,135.155,135.241,134.539,134.637,14909,8,0
2022-12-02 08:00:00,134.638,134.799,133.619,133.998,29108,8,0
2022-12-02 12:00:00,134.0,135.98,133.936,135.467,52940,8,0
2022-12-02 16:00:00,135.465,135.532,134.413,134.438,16457,8,0
2022-12-02 20:00:00,134.439,134.473,134.235,134.319,5373,8,0
2022-12-04 20:00:00,134.467,134.527,134.256,134.458,1644,43,0
2022-12-05 00:00:00,134.441,134.734,134.128,134.298,12108,11,0
2022-12-05 04:00:00,134.297,135.24,134.252,135.126,11853,8,0
2022-12-05 08:00:00,135.124,135.536,134.859,135.278,15805,11,0
2022-12-05 12:00:00,135.28,136.397,135.013,136.316,27941,11,0
2022-12-05 16:00:00,136.314,136.855,136.201,136.67,12973,11,0
2022-12-05 20:00:00,136.668,136.831,136.543,136.544,5020,11,0
2022-12-06 00:00:00,136.532,137.17,136.242,136.915,16960,11,0
2022-12-06 04:00:00,136.912,137.422,136.711,136.94,15013,11,0
2022-12-06 08:00:00,136.938,136.998,136.248,136.297,19256,11,0
2022-12-06 12:00:00,136.298,136.768,135.959,136.663,21139,11,0
2022-12-06 16:00:00,136.661,137.068,136.306,136.915,8679,11,0
2022-12-06 20:00:00,136.917,137.081,136.808,136.857,2662,11,0
2022-12-07 00:00:00,136.838,137.357,136.743,137.132,12329,11,0
2022-12-07 04:00:00,137.134,137.854,137.134,137.418,18607,11,0
2022-12-07 08:00:00,137.42,137.801,137.33,137.649,16297,11,0
2022-12-07 12:00:00,137.647,137.728,136.39,136.687,37066,11,0
2022-12-07 16:00:00,136.689,136.791,136.213,136.292,10033,11,0
2022-12-07 20:00:00,136.294,136.61,136.21,136.361,3607,11,0
2022-12-08 00:00:00,136.346,137.082,136.219,136.827,12630,11,0
2022-12-08 04:00:00,136.829,137.24,136.569,136.706,13158,11,0
2022-12-08 08:00:00,136.707,137.145,136.694,136.798,12747,11,0
2022-12-08 12:00:00,136.8,136.89,136.305,136.504,21541,11,0
2022-12-08 16:00:00,136.506,136.742,136.392,136.665,8506,11,0
2022-12-08 20:00:00,136.666,136.703,136.476,136.583,3012,11,0
2022-12-09 00:00:00,136.584,136.831,135.761,135.868,19111,11,0
2022-12-09 04:00:00,135.867,136.385,135.837,136.347,11552,11,0
2022-12-09 08:00:00,136.349,136.455,135.673,135.845,11289,11,0
2022-12-09 12:00:00,135.843,136.901,135.597,136.59,33411,11,0
2022-12-09 16:00:00,136.591,136.622,136.24,136.47,8373,11,0
2022-12-09 20:00:00,136.472,136.709,136.443,136.591,2675,11,0
2022-12-11 20:00:00,136.507,136.762,136.456,136.686,1591,43,0
2022-12-12 00:00:00,136.68,137.089,136.649,136.822,9549,11,0
2022-12-12 04:00:00,136.819,137.13,136.652,136.69,9563,11,0
2022-12-12 08:00:00,136.688,136.965,136.614,136.813,10680,11,0
2022-12-12 12:00:00,136.81,137.437,136.776,137.398,12924,11,0
2022-12-12 16:00:00,137.399,137.845,137.325,137.76,10462,11,0
2022-12-12 20:00:00,137.762,137.8,137.394,137.479,3681,11,0
2022-12-13 00:00:00,137.477,137.836,137.434,137.719,8982,11,0
2022-12-13 04:00:00,137.722,137.963,137.317,137.411,10262,11,0
2022-12-13 08:00:00,137.409,137.83,137.353,137.552,11311,11,0
2022-12-13 12:00:00,137.553,137.56,134.652,135.187,59739,8,0
2022-12-13 16:00:00,135.186,135.593,134.912,135.476,17851,8,0
2022-12-13 20:00:00,135.475,135.677,135.392,135.545,5476,11,0
2022-12-14 00:00:00,135.53,135.67,135.282,135.512,11590,11,0
2022-12-14 04:00:00,135.511,135.611,135.235,135.474,9745,11,0
2022-12-14 08:00:00,135.473,135.597,134.511,134.944,26263,8,0
2022-12-14 12:00:00,134.943,135.13,134.745,134.85,17558,8,0
2022-12-14 16:00:00,134.852,135.987,134.568,135.414,47495,8,0
2022-12-14 20:00:00,135.413,135.492,134.8,135.32,20129,8,0
2022-12-15 00:00:00,135.313,135.619,135.28,135.547,9553,11,0
2022-12-15 04:00:00,135.546,135.89,135.515,135.862,9419,11,0
2022-12-15 08:00:00,135.861,136.921,135.728,136.521,18013,11,0
2022-12-15 12:00:00,136.522,137.663,136.175,137.604,32711,11,0
2022-12-15 16:00:00,137.602,138.169,137.464,137.755,14870,11,0
2022-12-15 20:00:00,137.753,137.868,137.621,137.731,3944,11,0
2022-12-16 00:00:00,137.717,137.736,136.95,137.314,13144,11,0
2022-12-16 04:00:00,137.313,137.406,137.129,137.228,11350,11,0
2022-12-16 08:00:00,137.227,137.275,136.812,137.023,15038,11,0
2022-12-16 12:00:00,137.024,137.347,136.556,136.625,22369,11,0
2022-12-16 16:00:00,136.623,136.698,136.29,136.546,8639,11,0
2022-12-16 20:00:00,136.548,136.761,136.459,136.74,3181,11,0
2022-12-18 20:00:00,135.915,136.553,135.914,136.53,2188,43,0
2022-12-19 00:00:00,136.531,136.567,135.767,136.261,16807,11,0
2022-12-19 04:00:00,136.259,136.259,135.803,135.846,11703,11,0
2022-12-19 08:00:00,135.844,136.352,135.748,136.318,13988,11,0
2022-12-19 12:00:00,136.319,137.004,136.29,136.974,16408,11,0
2022-12-19 16:00:00,136.972,137.157,136.713,136.974,8372,11,0
2022-12-19 20:00:00,136.972,137.046,136.663,136.953,3028,11,0
2022-12-20 00:00:00,136.94,137.471,133.101,133.449,72091,11,0
2022-12-20 04:00:00,133.451,133.698,132.272,132.588,74624,8,0
2022-12-20 08:00:00,132.59,132.651,131.992,132.449,47261,8,0
2022-12-20 12:00:00,132.449,132.9,131.357,131.377,40690,8,0
2022-12-20 16:00:00,131.376,131.603,130.563,131.512,31354,8,0
2022-12-20 20:00:00,131.512,131.994,131.512,131.889,6662,8,0
2022-12-21 00:00:00,131.887,132.312,131.488,132.062,24880,11,0
2022-12-21 04:00:00,132.063,132.368,131.72,131.78,14315,8,0
2022-12-21 08:00:00,131.777,131.958,131.541,131.833,21605,8,0
2022-12-21 12:00:00,131.831,132.525,131.73,131.972,26131,8,0
2022-12-21 16:00:00,131.97,132.5,131.911,132.16,13759,8,0
2022-12-21 20:00:00,132.163,132.464,132.161,132.393,4669,8,0
2022-12-22 00:00:00,132.392,132.458,131.64,131.748,16246,11,0
2022-12-22 04:00:00,131.747,132.048,131.698,131.945,9000,8,0
2022-12-22 08:00:00,131.946,132.188,131.84,132.103,11759,8,0
2022-12-22 12:00:00,132.102,132.716,131.903,132.26,24924,8,0
2022-12-22 16:00:00,132.261,132.503,132.172,132.407,8537,8,0
2022-12-22 20:00:00,132.408,132.483,132.142,132.375,6960,8,0
2022-12-23 00:00:00,132.376,132.805,132.287,132.659,13230,11,0
2022-12-23 04:00:00,132.657,132.753,132.436,132.519,8470,8,0
2022-12-23 08:00:00,132.52,132.768,132.5,132.706,7768,8,0
2022-12-23 12:00:00,132.707,133.133,132.496,132.839,23501,8,0
2022-12-23 16:00:00,132.842,132.938,132.725,132.857,6761,8,0
2022-12-23 20:00:00,132.855,132.888,132.772,132.816,3918,8,0
2022-12-25 20:00:00,132.747,132.821,132.694,132.767,521,41,0
2022-12-26 00:00:00,132.769,132.864,132.304,132.452,7629,36,0
2022-12-26 04:00:00,132.45,132.756,132.447,132.727,4144,28,0
2022-12-26 08:00:00,132.723,133.203,132.697,133.113,6537,26,0
2022-12-26 12:00:00,133.112,133.121,132.871,132.891,1864,26,0
2022-12-26 16:00:00,132.887,132.936,132.852,132.894,2763,48,0
2022-12-26 20:00:00,132.891,132.922,132.625,132.728,9400,50,0
2022-12-27 00:00:00,132.724,133.177,132.601,132.904,9635,11,0
2022-12-27 04:00:00,132.906,132.981,132.736,132.87,6192,8,0
2022-12-27 08:00:00,132.872,133.368,132.859,133.263,9583,8,0
2022-12-27 12:00:00,133.264,133.591,133.129,133.337,14127,8,0
2022-12-27 16:00:00,133.339,133.545,133.286,133.473,7394,8,0
2022-12-27 20:00:00,133.474,133.563,133.322,133.481,2948,8,0
2022-12-28 00:00:00,133.484,134.4,133.448,134.243,14674,11,0
2022-12-28 04:00:00,134.241,134.272,133.803,133.907,10626,8,0
2022-12-28 08:00:00,133.904,134.203,133.748,133.829,11511,8,0
2022-12-28 12:00:00,133.83,134.275,133.396,134.226,17320,8,0
2022-12-28 16:00:00,134.224,134.378,134.058,134.37,8313,8,0
2022-12-28 20:00:00,134.371,134.495,133.962,134.029,3875,8,0
2022-12-29 00:00:00,134.031,134.192,133.487,133.849,13218,11,0
2022-12-29 04:00:00,133.847,133.892,133.467,133.785,8681,8,0
2022-12-29 08:00:00,133.784,133.819,133.531,133.756,8721,8,0
2022-12-29 12:00:00,133.755,133.794,132.901,133.224,21120,8,0
2022-12-29 16:00:00,133.223,133.365,132.873,132.881,8294,8,0
2022-12-29 20:00:00,132.883,133.089,132.858,132.907,4856,8,0
2022-12-30 00:00:00,132.916,132.953,132.381,132.658,11986,11,0
2022-12-30 04:00:00,132.66,132.772,132.098,132.13,10105,8,0
2022-12-30 08:00:00,132.133,132.181,131.55,131.743,20156,8,0
2022-12-30 12:00:00,131.742,132.329,131.503,131.931,27419,8,0
2022-12-30 16:00:00,131.93,131.989,130.771,130.97,25354,8,0
2022-12-30 20:00:00,130.97,131.291,130.97,131.106,5027,8,0
2023-01-01 20:00:00,130.753,130.865,130.639,130.861,511,124,0
2023-01-02 00:00:00,130.877,130.988,130.826,130.87,1573,95,0
2023-01-02 04:00:00,130.877,130.936,130.84,130.916,1628,70,0
2023-01-02 08:00:00,130.915,130.931,130.732,130.736,2047,71,0
2023-01-02 12:00:00,130.744,130.795,130.589,130.743,4756,71,0
2023-01-02 16:00:00,130.755,130.802,130.638,130.699,5489,83,0
2023-01-02 20:00:00,130.7,131.334,130.397,130.694,3967,86,0
2023-01-03 00:00:00,130.749,130.86,129.676,129.782,26024,8,0
2023-01-03 04:00:00,129.78,130.245,129.498,130.108,19576,8,0
2023-01-03 08:00:00,130.106,130.955,130.096,130.871,35375,8,0
2023-01-03 12:00:00,130.871,131.193,130.046,130.738,29655,8,0
2023-01-03 16:00:00,130.74,131.101,130.571,130.776,13901,8,0
2023-01-03 20:00:00,130.773,131.416,130.747,131.291,6367,8,0
2023-01-04 00:00:00,131.293,131.299,130.579,130.644,17552,8,0
2023-01-04 04:00:00,130.641,130.991,130.113,130.243,15835,8,0
2023-01-04 08:00:00,130.245,130.625,129.923,130.529,24368,8,0
2023-01-04 12:00:00,130.528,132.081,130.514,132.01,37784,8,0
2023-01-04 16:00:00,132.008,132.715,131.935,132.607,23192,8,0
2023-01-04 20:00:00,132.608,132.711,132.058,132.242,6254,8,0
2023-01-05 00:00:00,132.244,132.381,131.679,132.342,21003,11,0
2023-01-05 04:00:00,132.343,132.621,132.188,132.482,16732,8,0
2023-01-05 08:00:00,132.479,132.898,132.321,132.45,18301,8,0
2023-01-05 12:00:00,132.448,134.05,132.386,133.868,36390,8,0
2023-01-05 16:00:00,133.867,133.907,132.949,133.184,19508,8,0
2023-01-05 20:00:00,133.185,133.514,133.184,133.317,5476,8,0
2023-01-06 00:00:00,133.319,133.941,133.302,133.814,11684,11,0
2023-01-06 04:00:00,133.816,134.369,133.701,134.217,19009,8,0
2023-01-06 08:00:00,134.219,134.621,134.148,134.524,17326,8,0
2023-01-06 12:00:00,134.522,134.77,132.35,132.43,64649,8,0
2023-01-06 16:00:00,132.429,132.541,131.992,132.028,19989,8,0
2023-01-06 20:00:00,132.03,132.16,132.028,132.095,2971,8,0
2023-01-08 20:00:00,131.901,132.279,131.771,131.801,3334,11,0
2023-01-09 00:00:00,131.803,132.11,131.304,131.627,16464,11,0
2023-01-09 04:00:00,131.625,132.366,131.531,132.228,16669,8,0
2023-01-09 08:00:00,132.226,132.652,131.988,132.506,22044,8,0
2023-01-09 12:00:00,132.508,132.512,131.682,131.942,27897,8,0
2023-01-09 16:00:00,131.944,131.949,131.528,131.564,13206,8,0
2023-01-09 20:00:00,131.564,131.911,131.563,131.727,5557,8,0
2023-01-10 00:00:00,131.728,132.218,131.381,131.827,20476,11,0
2023-01-10 04:00:00,131.826,132.285,131.66,132.217,13196,8,0
2023-01-10 08:00:00,132.219,132.224,131.688,132.043,17793,8,0
2023-01-10 12:00:00,132.042,132.475,131.726,132.172,32647,8,0
2023-01-10 16:00:00,132.171,132.34,132.068,132.227,11252,8,0
2023-01-10 20:00:00,132.228,132.268,132.013,132.092,4200,8,0
2023-01-11 00:00:00,132.1,132.577,132.091,132.45,12035,11,0
2023-01-11 04:00:00,132.452,132.494,132.13,132.417,7976,8,0
2023-01-11 08:00:00,132.418,132.743,132.309,132.576,15980,8,0
2023-01-11 12:00:00,132.578,132.868,132.375,132.592,18713,8,0
2023-01-11 16:00:00,132.59,132.698,132.278,132.411,10990,8,0
2023-01-11 20:00:00,132.409,132.551,131.767,131.89,7573,8,0
2023-01-12 00:00:00,131.898,132.03,131.461,131.697,21821,11,0
2023-01-12 04:00:00,131.698,131.895,131.359,131.597,14115,8,0
2023-01-12 08:00:00,131.599,131.769,130.803,130.875,25152,8,0
2023-01-12 12:00:00,130.877,131.211,129.497,129.834,78900,8,0
2023-01-12 16:00:00,129.834,129.938,128.862,129.294,28362,8,0
2023-01-12 20:00:00,129.295,129.428,129.062,129.169,7292,8,0
2023-01-13 00:00:00,129.171,129.344,128.628,129.118,31931,8,0
2023-01-13 04:00:00,129.117,129.298,128.248,128.372,24743,8,0
2023-01-13 08:00:00,128.375,128.786,128.102,128.745,29933,8,0
2023-01-13 12:00:00,128.746,128.828,127.454,127.505,34978,8,0
2023-01-13 16:00:00,127.506,127.975,127.472,127.931,13690,8,0
2023-01-13 20:00:00,127.928,127.93,127.778,127.857,2524,8,0
2023-01-15 20:00:00,127.75,128.132,127.682,128.052,2847,11,0
2023-01-16 00:00:00,128.053,128.194,127.217,127.397,26133,8,0
2023-01-16 04:00:00,127.399,128.184,127.323,127.967,18882,8,0
2023-01-16 08:00:00,127.969,128.861,127.901,128.302,29079,8,0
2023-01-16 12:00:00,128.304,128.559,128.232,128.528,14377,8,0
2023-01-16 16:00:00,128.529,128.756,128.432,128.53,4000,8,0
2023-01-16 20:00:00,128.532,128.547,128.081,128.298,3475,68,0
2023-01-17 00:00:00,128.297,129.155,128.263,128.771,18693,8,0
2023-01-17 04:00:00,128.769,129.022,128.527,128.728,17301,8,0
2023-01-17 08:00:00,128.729,129.117,128.384,128.703,22403,8,0
2023-01-17 12:00:00,128.7,128.79,128.124,128.14,36792,8,0
2023-01-17 16:00:00,128.141,128.441,127.989,128.334,12484,8,0
2023-01-17 20:00:00,128.336,128.344,128.058,128.277,4248,8,0
2023-01-18 00:00:00,128.279,131.249,128.219,131.138,74840,8,0
2023-01-18 04:00:00,131.136,131.572,130.053,130.254,57113,8,0
2023-01-18 08:00:00,130.253,130.314,128.838,128.988,49973,8,0
2023-01-18 12:00:00,128.986,129.239,127.563,128.364,58655,8,0
2023-01-18 16:00:00,128.365,128.949,128.218,128.684,19480,8,0
2023-01-18 20:00:00,128.686,128.921,128.436,128.548,6512,8,0
2023-01-19 00:00:00,128.549,128.69,128.149,128.287,19425,8,0
2023-01-19 04:00:00,128.287,128.292,127.757,128.175,20102,8,0
2023-01-19 08:00:00,128.178,128.717,128.087,128.613,20328,8,0
2023-01-19 12:00:00,128.614,128.813,128.229,128.456,28096,8,0
2023-01-19 16:00:00,128.458,128.626,128.349,128.441,10459,8,0
2023-01-19 20:00:00,128.442,128.474,128.295,128.369,3702,8,0
2023-01-20 00:00:00,128.367,128.889,128.341,128.815,13033,8,0
2023-01-20 04:00:00,128.816,129.289,128.774,128.881,15383,8,0
2023-01-20 08:00:00,128.883,129.955,128.725,129.913,24913,8,0
2023-01-20 12:00:00,129.913,130.607,129.682,129.925,28063,8,0
2023-01-20 16:00:00,129.922,129.984,129.443,129.553,12902,8,0
2023-01-20 20:00:00,129.555,129.601,129.485,129.569,2621,8,0
2023-01-22 20:00:00,129.425,129.634,129.307,129.378,2488,11,0
2023-01-23 00:00:00,129.384,129.527,129.04,129.307,11607,8,0
2023-01-23 04:00:00,129.309,130.314,129.309,130.12,19037,8,0
2023-01-23 08:00:00,130.121,130.328,129.615,130.319,17368,8,0
2023-01-23 12:00:00,130.317,130.886,130.108,130.608,25728,8,0
2023-01-23 16:00:00,130.605,130.748,130.436,130.665,9574,8,0
2023-01-23 20:00:00,130.664,130.708,130.449,130.592,3581,8,0
2023-01-24 00:00:00,130.59,130.724,130.139,130.376,9292,8,0
2023-01-24 04:00:00,130.378,130.438,129.722,129.852,11980,8,0
2023-01-24 08:00:00,129.85,130.386,129.762,130.186,15831,8,0
2023-01-24 12:00:00,130.187,131.114,130.038,130.092,26330,8,0
2023-01-24 16:00:00,130.09,130.239,129.863,130.041,11358,8,0
2023-01-24 20:00:00,130.044,130.242,130.017,130.203,3243,8,0
2023-01-25 00:00:00,130.21,130.569,130.105,130.506,10975,8,0
2023-01-25 04:00:00,130.505,130.578,130.255,130.428,10542,8,0
2023-01-25 08:00:00,130.431,130.488,129.653,129.687,16372,8,0
2023-01-25 12:00:00,129.69,130.029,129.264,129.585,23965,8,0
2023-01-25 16:00:00,129.584,129.941,129.414,129.534,10822,8,0
2023-01-25 20:00:00,129.534,129.638,129.221,129.252,4069,8,0
2023-01-26 00:00:00,129.255,129.582,129.093,129.307,12255,8,0
2023-01-26 04:00:00,129.308,129.744,129.02,129.478,13338,8,0
2023-01-26 08:00:00,129.48,129.994,129.478,129.82,18278,8,0
2023-01-26 12:00:00,129.82,130.545,129.642,130.441,32049,8,0
2023-01-26 16:00:00,130.442,130.614,130.048,130.219,10997,8,0
2023-01-26 20:00:00,130.221,130.292,129.64,129.799,5407,8,0
2023-01-27 00:00:00,129.804,129.921,129.495,129.855,13609,8,0
2023-01-27 04:00:00,129.856,130.266,129.819,129.963,10838,8,0
2023-01-27 08:00:00,129.96,129.999,129.658,129.907,12206,8,0
2023-01-27 12:00:00,129.906,130.063,129.557,129.976,20114,8,0
2023-01-27 16:00:00,129.978,129.986,129.788,129.901,7079,8,0
2023-01-27 20:00:00,129.902,129.923,129.792,129.862,3664,8,0
2023-01-29 20:00:00,129.615,129.881,129.608,129.833,1945,11,0
2023-01-30 00:00:00,129.835,130.287,129.83,129.908,11049,8,0
2023-01-30 04:00:00,129.911,129.917,129.202,129.578,28077,8,0
2023-01-30 08:00:00,129.581,130.252,129.581,130.169,15733,8,0
2023-01-30 12:00:00,130.168,130.398,129.961,130.314,16194,8,0
2023-01-30 16:00:00,130.313,130.565,130.292,130.551,6937,8,0
2023-01-30 20:00:00,130.554,130.554,130.3,130.483,2948,8,0
2023-01-31 00:00:00,130.482,130.501,130.059,130.241,10983,8,0
2023-01-31 04:00:00,130.239,130.4,130.037,130.144,9233,8,0
2023-01-31 08:00:00,130.146,130.481,130.07,130.429,11872,8,0
2023-01-31 12:00:00,130.432,130.492,129.741,130.035,28603,8,0
2023-01-31 16:00:00,130.035,130.35,129.999,130.162,9179,8,0
2023-01-31 20:00:00,130.16,130.227,130.02,130.11,3594,8,0
2023-02-01 00:00:00,130.107,130.199,129.857,130.008,7011,8,0
2023-02-01 04:00:00,130.006,130.405,130.004,130.174,7565,8,0
2023-02-01 08:00:00,130.173,130.234,129.71,129.804,13864,8,0
2023-02-01 12:00:00,129.805,129.861,129.179,129.248,24626,8,0
2023-02-01 16:00:00,129.25,129.867,128.538,128.761,40611,8,0
2023-02-01 20:00:00,128.76,129.152,128.402,128.602,20566,8,0
2023-02-02 00:00:00,128.6,128.76,128.17,128.602,15937,8,0
2023-02-02 04:00:00,128.603,128.783,128.395,128.656,11114,8,0
2023-02-02 08:00:00,128.655,129.13,128.551,128.72,17403,8,0
2023-02-02 12:00:00,128.721,128.911,128.079,128.412,41182,8,0
2023-02-02 16:00:00,128.414,128.665,128.243,128.633,11502,8,0
2023-02-02 20:00:00,128.633,128.763,128.589,128.759,4739,8,0
2023-02-03 00:00:00,128.761,128.821,128.443,128.557,11486,8,0
2023-02-03 04:00:00,128.555,128.689,128.472,128.608,9440,8,0
2023-02-03 08:00:00,128.606,128.719,128.363,128.395,7703,8,0
2023-02-03 12:00:00,128.392,131.176,128.324,131.065,53943,8,0
2023-02-03 16:00:00,131.066,131.191,130.837,131.052,12799,0,0
2023-02-03 20:00:00,131.05,131.208,131.042,131.191,2406,8,0
2023-02-05 20:00:00,132.182,132.182,131.499,132.058,4736,11,0
2023-02-06 00:00:00,132.06,132.379,131.731,131.897,20511,11,0
2023-02-06 04:00:00,131.895,131.989,131.579,131.779,12773,8,0
2023-02-06 08:00:00,131.781,132.288,131.584,132.078,20334,8,0
2023-02-06 12:00:00,132.075,132.865,131.922,132.841,22233,8,0
2023-02-06 16:00:00,132.844,132.898,132.442,132.511,11035,8,0
2023-02-06 20:00:00,132.512,132.703,132.494,132.623,3991,8,0
2023-02-07 00:00:00,132.621,132.621,132.138,132.269,8373,11,0
2023-02-07 04:00:00,132.271,132.399,131.988,132.164,9738,8,0
2023-02-07 08:00:00,132.163,132.32,131.688,132.154,23070,8,0
2023-02-07 12:00:00,132.152,132.163,131.215,131.237,24188,8,0
2023-02-07 16:00:00,131.239,131.475,130.472,131.087,53652,8,0
2023-02-07 20:00:00,131.085,131.243,130.996,131.046,5471,8,0
2023-02-08 00:00:00,131.053,131.375,130.721,131.122,10813,8,0
2023-02-08 04:00:00,131.123,131.368,130.851,130.883,10614,8,0
2023-02-08 08:00:00,130.885,131.009,130.593,130.849,15849,8,0
2023-02-08 12:00:00,130.851,131.535,130.739,131.444,19456,8,0
2023-02-08 16:00:00,131.442,131.458,131.084,131.36,11686,8,0
2023-02-08 20:00:00,131.357,131.458,131.278,131.383,3643,8,0
2023-02-09 00:00:00,131.385,131.821,131.233,131.398,10280,11,0
2023-02-09 04:00:00,131.399,131.741,130.767,131.144,18180,8,0
2023-02-09 08:00:00,131.145,131.15,130.738,130.911,17529,8,0
2023-02-09 12:00:00,130.912,130.958,130.339,130.906,23100,8,0
2023-02-09 16:00:00,130.905,131.595,130.904,131.573,16270,8,0
2023-02-09 20:00:00,131.571,131.645,131.35,131.512,4791,8,0
2023-02-10 00:00:00,131.515,131.879,131.497,131.759,10564,11,0
2023-02-10 04:00:00,131.761,131.804,130.371,130.447,33068,8,0
2023-02-10 08:00:00,130.445,131.419,129.801,130.831,53253,8,0
2023-02-10 12:00:00,130.831,131.396,130.575,131.323,28460,8,0
2023-02-10 16:00:00,131.325,131.594,131.295,131.507,11153,8,0
2023-02-10 20:00:00,131.507,131.529,131.36,131.423,2541,8,0
2023-02-12 20:00:00,131.31,131.639,131.31,131.552,1835,11,0
2023-02-13 00:00:00,131.553,132.139,131.445,132.022,10538,11,0
2023-02-13 04:00:00,132.024,132.3,132.011,132.127,12203,8,0
2023-02-13 08:00:00,132.13,132.766,132.122,132.68,17579,8,0
2023-02-13 12:00:00,132.678,132.87,132.352,132.798,22904,8,0
2023-02-13 16:00:00,132.795,132.905,132.38,132.461,8455,8,0
2023-02-13 20:00:00,132.461,132.463,132.216,132.332,4327,8,0
2023-02-14 00:00:00,132.334,132.369,131.9,132.032,11352,11,0
2023-02-14 04:00:00,132.031,132.101,131.782,132.075,12527,8,0
2023-02-14 08:00:00,132.073,132.339,131.907,132.229,16342,8,0
2023-02-14 12:00:00,132.228,133.128,131.488,132.826,67173,8,0
2023-02-14 16:00:00,132.824,133.31,132.7,133.044,20625,8,0
2023-02-14 20:00:00,133.045,133.117,132.958,132.988,3924,8,0
2023-02-15 00:00:00,132.987,133.075,132.541,133.039,9376,11,0
2023-02-15 04:00:00,133.037,133.431,132.96,133.342,11734,8,0
2023-02-15 08:00:00,133.341,133.483,133.203,133.437,14211,8,0
2023-02-15 12:00:00,133.438,134.324,133.417,134.269,31792,8,0
2023-02-15 16:00:00,134.271,134.353,134.136,134.171,10109,8,0
2023-02-15 20:00:00,134.169,134.189,133.862,133.902,4082,8,0
2023-02-16 00:00:00,133.9,134.158,133.634,133.759,12805,11,0
2023-02-16 04:00:00,133.757,134.005,133.713,133.771,8127,8,0
2023-02-16 08:00:00,133.771,133.983,133.6,133.787,10294,8,0
2023-02-16 12:00:00,133.786,134.458,133.765,134.196,24969,8,0
2023-02-16 16:00:00,134.195,134.222,133.693,133.829,10745,8,0
2023-02-16 20:00:00,133.828,134.158,133.686,134.071,8320,8,0
2023-02-17 00:00:00,134.068,134.709,134.064,134.656,7932,11,0
2023-02-17 04:00:00,134.657,134.892,134.637,134.793,6349,8,0
2023-02-17 08:00:00,134.795,135.109,134.697,135.033,11151,8,0
2023-02-17 12:00:00,135.035,135.038,134.066,134.339,20021,8,0
2023-02-17 16:00:00,134.34,134.407,134.07,134.138,9841,8,0
2023-02-17 20:00:00,134.138,134.211,134.051,134.15,2140,8,0
2023-02-19 20:00:00,134.226,134.324,134.167,134.304,1631,11,0
2023-02-20 00:00:00,134.308,134.533,134.21,134.219,7105,11,0
2023-02-20 04:00:00,134.222,134.241,133.937,134.044,7828,11,0
2023-02-20 08:00:00,134.045,134.363,133.951,133.999,6844,11,0
2023-02-20 12:00:00,133.997,134.149,133.919,134.032,7085,11,0
2023-02-20 16:00:00,134.034,134.234,134.034,134.218,1205,11,0
2023-02-20 20:00:00,134.212,134.327,134.1,134.327,847,20,0
2023-02-21 00:00:00,134.333,134.49,134.146,134.419,8545,11,0
2023-02-21 04:00:00,134.42,134.698,134.281,134.581,6165,8,0
2023-02-21 08:00:00,134.582,134.831,134.428,134.597,12185,8,0
2023-02-21 12:00:00,134.598,135.223,134.598,134.73,21146,8,0
2023-02-21 16:00:00,134.728,135.034,134.686,134.964,10005,8,0
2023-02-21 20:00:00,134.962,135.019,134.82,134.984,2987,8,0
2023-02-22 00:00:00,134.99,135.057,134.548,134.901,9505,11,0
2023-02-22 04:00:00,134.899,134.962,134.64,134.727,5352,8,0
2023-02-22 08:00:00,134.728,134.991,134.588,134.756,10201,8,0
2023-02-22 12:00:00,134.754,134.798,134.361,134.596,18332,8,0
2023-02-22 16:00:00,134.597,134.948,134.583,134.933,15175,8,0
2023-02-22 20:00:00,134.931,134.984,134.789,134.932,2797,8,0
2023-02-23 00:00:00,134.933,134.957,134.702,134.763,4437,11,0
2023-02-23 04:00:00,134.765,134.908,134.708,134.84,3520,8,0
2023-02-23 08:00:00,134.838,134.989,134.777,134.932,6462,8,0
2023-02-23 12:00:00,134.933,135.359,134.643,134.846,23890,8,0
2023-02-23 16:00:00,134.848,134.91,134.483,134.633,9197,8,0
2023-02-23 20:00:00,134.634,134.738,134.259,134.618,3729,8,0
2023-02-24 00:00:00,134.622,134.928,134.052,134.722,31379,11,0
2023-02-24 04:00:00,134.723,134.841,134.506,134.835,6900,8,0
2023-02-24 08:00:00,134.836,135.443,134.832,135.397,10497,8,0
2023-02-24 12:00:00,135.398,136.46,135.185,136.387,30617,8,0
2023-02-24 16:00:00,136.385,136.514,136.213,136.429,8504,11,0
2023-02-24 20:00:00,136.426,136.491,136.355,136.487,1801,11,0
2023-02-26 20:00:00,136.434,136.466,136.232,136.422,1332,11,0
2023-02-27 00:00:00,136.423,136.554,135.999,136.35,11135,11,0
2023-02-27 04:00:00,136.349,136.434,136.116,136.184,7649,11,0
2023-02-27 08:00:00,136.182,136.438,135.998,136.254,10773,11,0
2023-02-27 12:00:00,136.251,136.354,135.912,136.07,14709,11,0
2023-02-27 16:00:00,136.068,136.296,136.052,136.242,5365,11,0
2023-02-27 20:00:00,136.24,136.331,136.136,136.316,2287,11,0
2023-02-28 00:00:00,136.319,136.349,136.11,136.226,6726,11,0
2023-02-28 04:00:00,136.224,136.78,136.21,136.746,5855,11,0
2023-02-28 08:00:00,136.744,136.841,136.6,136.769,9802,11,0
2023-02-28 12:00:00,136.767,136.914,136.156,136.205,16526,11,0
2023-02-28 16:00:00,136.203,136.256,135.733,136.108,10745,11,0
2023-02-28 20:00:00,136.107,136.348,136.068,136.344,3425,11,0
2023-03-01 00:00:00,136.342,136.466,136.229,136.365,7496,11,0
2023-03-01 04:00:00,136.363,136.437,135.891,135.918,7070,11,0
2023-03-01 08:00:00,135.92,136.061,135.301,135.335,14903,8,0
2023-03-01 12:00:00,135.333,136.314,135.254,136.107,19520,11,0
2023-03-01 16:00:00,136.108,136.258,135.7,136.174,7676,11,0
2023-03-01 20:00:00,136.172,136.242,136.015,136.186,2617,11,0
2023-03-02 00:00:00,136.191,136.442,136.049,136.379,7800,11,0
2023-03-02 04:00:00,136.378,136.867,136.353,136.778,7222,11,0
2023-03-02 08:00:00,136.776,136.777,136.234,136.608,16647,11,0
2023-03-02 12:00:00,136.606,137.1,136.443,136.684,19907,11,0
2023-03-02 16:00:00,136.682,136.987,136.589,136.751,8035,11,0
2023-03-02 20:00:00,136.753,136.823,136.488,136.716,3952,11,0
2023-03-03 00:00:00,136.714,136.764,136.495,136.674,7836,11,0
2023-03-03 04:00:00,136.673,136.705,136.339,136.413,6404,11,0
2023-03-03 08:00:00,136.411,136.447,135.99,136.055,10669,11,0
2023-03-03 12:00:00,136.053,136.396,135.801,136.319,17750,11,0
2023-03-03 16:00:00,136.317,136.415,135.811,135.835,8123,11,0
2023-03-03 20:00:00,135.836,135.867,135.742,135.813,2339,11,0
2023-03-05 20:00:00,135.921,136.029,135.844,136.016,2743,11,0
2023-03-06 00:00:00,136.019,136.047,135.364,135.454,8574,11,0
2023-03-06 04:00:00,135.453,135.876,135.445,135.679,7152,11,0
2023-03-06 08:00:00,135.681,136.187,135.665,136.153,11030,11,0
2023-03-06 12:00:00,136.155,136.164,135.631,135.948,12816,8,0
2023-03-06 16:00:00,135.947,136.09,135.83,136.057,5963,8,0
2023-03-06 20:00:00,136.055,136.055,135.851,135.99,2030,11,0
2023-03-07 00:00:00,135.994,136.173,135.828,135.962,6548,11,0
2023-03-07 04:00:00,135.96,136.035,135.658,135.743,6488,8,0
2023-03-07 08:00:00,135.745,136.079,135.537,136.041,10769,8,0
2023-03-07 12:00:00,136.043,136.9,136.038,136.773,26304,11,0
2023-03-07 16:00:00,136.774,137.159,136.633,137.103,14212,11,0
2023-03-07 20:00:00,137.102,137.415,137.009,137.386,3317,11,0
2023-03-08 00:00:00,137.386,137.778,137.24,137.754,8418,11,0
2023-03-08 04:00:00,137.752,137.906,137.449,137.495,7103,11,0
2023-03-08 08:00:00,137.492,137.679,137.198,137.26,9739,11,0
2023-03-08 12:00:00,137.258,137.36,136.475,136.881,27381,11,0
2023-03-08 16:00:00,136.883,137.326,136.769,137.218,10474,11,0
2023-03-08 20:00:00,137.217,137.432,137.141,137.222,2909,11,0
2023-03-09 00:00:00,137.225,137.25,136.794,136.935,6380,11,0
2023-03-09 04:00:00,136.933,136.975,136.577,136.838,5668,11,0
2023-03-09 08:00:00,136.836,136.887,136.016,136.273,11943,11,0
2023-03-09 12:00:00,136.275,136.394,135.938,136.317,16267,11,0
2023-03-09 16:00:00,136.319,136.476,135.984,136.157,8818,11,0
2023-03-09 20:00:00,136.159,136.415,136.056,136.362,4968,11,0
2023-03-10 00:00:00,136.368,136.969,135.81,136.5,33719,11,0
2023-03-10 04:00:00,136.503,136.853,136.304,136.409,14452,11,0
2023-03-10 08:00:00,136.407,136.99,136.089,136.761,15487,11,0
2023-03-10 12:00:00,136.763,136.87,134.112,134.29,51248,8,0
2023-03-10 16:00:00,134.292,135.177,134.285,134.778,22705,8,0
2023-03-10 20:00:00,134.776,135.139,134.737,135.059,4552,8,0
2023-03-12 20:00:00,134.379,135.049,133.549,134.963,19267,11,0
2023-03-13 00:00:00,134.965,134.97,133.68,134.11,32521,11,0
2023-03-13 04:00:00,134.108,134.688,133.875,134.501,19918,8,0
2023-03-13 08:00:00,134.501,134.646,132.837,133.148,64104,8,0
2023-03-13 12:00:00,133.149,133.298,132.282,133.134,72179,8,0
2023-03-13 16:00:00,133.135,133.614,132.946,133.34,26907,8,0
2023-03-13 20:00:00,133.339,133.401,133.072,133.085,7000,8,0
2023-03-14 00:00:00,133.087,133.956,133.024,133.778,18450,11,0
2023-03-14 04:00:00,133.776,134.026,133.186,133.546,22955,8,0
2023-03-14 08:00:00,133.548,134.328,133.472,134.158,26198,8,0
2023-03-14 12:00:00,134.156,134.897,133.844,134.326,51436,8,0
2023-03-14 16:00:00,134.323,134.596,133.979,134.165,22047,8,0
2023-03-14 20:00:00,134.168,134.471,134.126,134.433,5574,8,0
2023-03-15 00:00:00,134.431,134.594,134.027,134.25,15401,11,0
2023-03-15 04:00:00,134.249,135.056,134.236,134.872,14730,8,0
2023-03-15 08:00:00,134.87,135.109,133.388,133.528,53208,8,0
2023-03-15 12:00:00,133.526,133.592,132.212,132.815,69584,8,0
2023-03-15 16:00:00,132.813,133.776,132.402,133.195,50342,8,0
2023-03-15 20:00:00,133.196,133.482,132.772,132.899,9053,8,0
2023-03-16 00:00:00,132.901,133.489,132.499,132.729,28145,11,0
2023-03-16 04:00:00,132.731,133.185,132.56,133.116,20901,8,0
2023-03-16 08:00:00,133.115,133.222,132.559,132.6,30981,8,0
2023-03-16 12:00:00,132.599,133.147,131.715,133.021,81309,8,0
2023-03-16 16:00:00,133.018,133.821,132.898,133.483,29672,8,0
2023-03-16 20:00:00,133.485,133.79,133.327,133.364,6141,8,0
2023-03-17 00:00:00,133.361,133.577,133.023,133.208,12889,11,0
2023-03-17 04:00:00,133.21,133.336,132.74,133.014,15904,8,0
2023-03-17 08:00:00,133.013,133.349,132.505,132.635,25296,8,0
2023-03-17 12:00:00,132.635,132.733,131.811,132.018,43838,8,0
2023-03-17 16:00:00,132.016,132.309,131.552,131.985,19557,8,0
2023-03-17 20:00:00,131.986,132.04,131.754,131.844,3014,8,0
2023-03-19 20:00:00,131.806,132.358,131.648,132.274,6575,11,0
2023-03-20 00:00:00,132.275,132.644,131.914,132.024,16135,11,0
2023-03-20 04:00:00,132.023,132.079,130.724,131.047,29620,8,0
2023-03-20 08:00:00,131.051,131.449,130.536,131.046,43120,8,0
2023-03-20 12:00:00,131.045,131.843,130.976,131.591,40866,8,0
2023-03-20 16:00:00,131.593,131.735,131.263,131.422,16199,8,0
2023-03-20 20:00:00,131.42,131.467,131.171,131.395,4072,8,0
2023-03-21 00:00:00,131.393,131.6,131.03,131.209,10037,8,0
2023-03-21 04:00:00,131.207,131.897,131.176,131.867,12119,8,0
2023-03-21 08:00:00,131.869,132.431,131.789,132.273,21164,8,0
2023-03-21 12:00:00,132.271,132.449,131.785,132.268,26409,8,0
2023-03-21 16:00:00,132.265,132.626,132.211,132.441,11353,8,0
2023-03-21 20:00:00,132.44,132.547,132.255,132.397,2582,8,0
2023-03-22 00:00:00,132.395,132.772,132.25,132.378,12431,11,0
2023-03-22 04:00:00,132.38,132.596,132.273,132.591,11353,8,0
2023-03-22 08:00:00,132.593,132.935,132.339,132.893,13974,8,0
2023-03-22 12:00:00,132.89,132.998,132.419,132.665,15001,8,0
2023-03-22 16:00:00,132.663,132.719,131.015,131.192,48704,8,0
2023-03-22 20:00:00,131.192,131.529,131.002,131.182,9211,8,0
2023-03-23 00:00:00,131.181,131.243,130.416,130.615,19809,8,0
2023-03-23 04:00:00,130.614,131.045,130.548,130.931,17974,8,0
2023-03-23 08:00:00,130.93,131.432,130.841,131.28,18173,8,0
2023-03-23 12:00:00,131.278,131.66,130.962,130.994,24710,8,0
2023-03-23 16:00:00,130.995,131.038,130.318,130.558,30137,8,0
2023-03-23 20:00:00,130.559,130.904,130.532,130.862,5415,8,0
2023-03-24 00:00:00,130.864,130.937,130.162,130.334,17512,8,0
2023-03-24 04:00:00,130.335,130.473,130.052,130.252,14347,8,0
2023-03-24 08:00:00,130.25,130.287,129.636,130.004,36408,8,0
2023-03-24 12:00:00,130.002,130.729,129.844,130.631,37833,8,0
2023-03-24 16:00:00,130.633,130.892,130.563,130.746,13998,8,0
2023-03-24 20:00:00,130.748,130.781,130.689,130.719,899,8,0
2023-03-26 20:00:00,130.552,130.96,130.474,130.847,4756,11,0
2023-03-27 00:00:00,130.844,131.049,130.535,130.585,12344,8,0
2023-03-27 04:00:00,130.586,131.362,130.492,130.922,17003,8,0
2023-03-27 08:00:00,130.922,131.574,130.883,131.46,15254,8,0
2023-03-27 12:00:00,131.462,131.743,131.323,131.497,17644,8,0
2023-03-27 16:00:00,131.495,131.753,131.425,131.587,7480,8,0
2023-03-27 20:00:00,131.587,131.595,131.19,131.236,3375,8,0
2023-03-28 00:00:00,131.235,131.235,130.547,130.577,13605,8,0
2023-03-28 04:00:00,130.576,131.241,130.499,131.158,16782,8,0
2023-03-28 08:00:00,131.159,131.292,130.777,130.806,13543,8,0
2023-03-28 12:00:00,130.805,131.18,130.402,130.973,20581,8,0
2023-03-28 16:00:00,130.971,131.029,130.566,130.793,6824,8,0
2023-03-28 20:00:00,130.796,131.076,130.751,131.045,3220,8,0
2023-03-29 00:00:00,131.043,131.794,130.922,131.673,13817,11,0
2023-03-29 04:00:00,131.675,132.048,131.541,131.961,13329,8,0
2023-03-29 08:00:00,131.962,132.203,131.595,132.187,13840,8,0
2023-03-29 12:00:00,132.186,132.715,132.162,132.698,22252,8,0
2023-03-29 16:00:00,132.696,132.852,132.547,132.822,8061,8,0
2023-03-29 20:00:00,132.819,132.888,132.547,132.547,3005,8,0
2023-03-30 00:00:00,132.545,132.806,132.457,132.665,11468,11,0
2023-03-30 04:00:00,132.663,132.684,132.197,132.399,15100,8,0
2023-03-30 08:00:00,132.398,132.887,132.377,132.567,14045,8,0
2023-03-30 12:00:00,132.57,132.962,132.552,132.709,17835,8,0
2023-03-30 16:00:00,132.707,132.707,132.314,132.613,6184,8,0
2023-03-30 20:00:00,132.612,133.266,132.579,133.197,5007,8,0
2023-03-31 00:00:00,133.198,133.503,132.755,132.756,15062,11,0
2023-03-31 04:00:00,132.757,133.239,132.684,133.127,12204,8,0
2023-03-31 08:00:00,133.128,133.588,132.804,133.181,17741,8,0
2023-03-31 12:00:00,133.181,133.311,132.745,132.747,26469,8,0
2023-03-31 16:00:00,132.749,132.958,132.618,132.752,6884,8,0
2023-03-31 20:00:00,132.754,132.844,132.734,132.802,1802,8,0
2023-04-02 20:00:00,133.234,133.377,133.051,133.352,5086,11,0
2023-04-03 00:00:00,133.35,133.46,132.815,133.441,14167,11,0
2023-04-03 04:00:00,133.443,133.751,133.334,133.535,11939,8,0
2023-04-03 08:00:00,133.535,133.648,132.865,132.884,11617,8,0
2023-04-03 12:00:00,132.888,133.163,132.201,132.355,23406,8,0
2023-04-03 16:00:00,132.357,132.565,132.274,132.449,6803,8,0
2023-04-03 20:00:00,132.446,132.452,132.169,132.317,2965,8,0
2023-04-04 00:00:00,132.319,132.881,132.208,132.847,10195,11,0
2023-04-04 04:00:00,132.849,132.976,132.5,132.607,12599,8,0
2023-04-04 08:00:00,132.608,133.165,132.589,133.03,12726,8,0
2023-04-04 12:00:00,133.032,133.074,131.551,131.596,29124,8,0
2023-04-04 16:00:00,131.599,131.754,131.519,131.642,6604,8,0
2023-04-04 20:00:00,131.641,131.77,131.357,131.432,3795,8,0
2023-04-05 00:00:00,131.43,131.84,131.302,131.673,10808,8,0
2023-04-05 04:00:00,131.674,131.806,131.316,131.406,11130,8,0
2023-04-05 08:00:00,131.407,131.777,131.231,131.475,13358,8,0
2023-04-05 12:00:00,131.472,131.516,130.616,131.112,29254,8,0
2023-04-05 16:00:00,131.111,131.343,131.061,131.306,7007,8,0
2023-04-05 20:00:00,131.304,131.406,130.817,130.932,4456,8,0
2023-04-06 00:00:00,130.934,131.29,130.774,131.198,8314,8,0
2023-04-06 04:00:00,131.196,131.49,131.108,131.364,8879,8,0
2023-04-06 08:00:00,131.364,131.572,131.174,131.475,11327,8,0
2023-04-06 12:00:00,131.476,131.9,130.963,131.673,20307,8,0
2023-04-06 16:00:00,131.672,131.846,131.569,131.778,3454,8,0
2023-04-06 20:00:00,131.78,131.874,131.564,131.63,2005,8,0
2023-04-07 00:00:00,131.628,131.779,131.523,131.664,2809,96,0
2023-04-07 04:00:00,131.661,131.902,131.601,131.859,2271,46,0
2023-04-07 08:00:00,131.863,131.873,131.513,131.648,2344,23,0
2023-04-07 12:00:00,131.646,132.362,131.567,132.114,7953,29,0
2023-04-07 16:00:00,132.113,132.256,132.111,132.216,8079,29,0
2023-04-07 20:00:00,132.221,132.229,132.116,132.139,495,33,0
2023-04-09 20:00:00,132.105,132.162,131.814,132.097,2329,11,0
2023-04-10 00:00:00,132.095,132.739,132.086,132.702,10494,11,0
2023-04-10 04:00:00,132.704,132.793,132.042,132.064,8379,8,0
2023-04-10 08:00:00,132.063,132.864,131.992,132.858,14983,8,0
2023-04-10 12:00:00,132.858,133.867,132.851,133.752,20271,8,0
2023-04-10 16:00:00,133.749,133.751,133.547,133.558,5095,8,0
2023-04-10 20:00:00,133.56,133.627,133.458,133.467,2228,8,0
2023-04-11 00:00:00,133.464,133.687,133.241,133.407,8704,11,0
2023-04-11 04:00:00,133.409,133.552,133.038,133.144,10322,8,0
2023-04-11 08:00:00,133.142,133.336,132.969,133.261,11665,8,0
2023-04-11 12:00:00,133.262,133.662,133.048,133.634,12282,8,0
2023-04-11 16:00:00,133.634,133.801,133.611,133.687,4322,8,0
2023-04-11 20:00:00,133.686,133.748,133.548,133.596,1946,8,0
2023-04-12 00:00:00,133.594,134.04,133.557,133.84,7513,11,0
2023-04-12 04:00:00,133.839,133.895,133.554,133.843,8298,8,0
2023-04-12 08:00:00,133.842,133.967,133.592,133.733,7550,8,0
2023-04-12 12:00:00,133.734,133.901,132.73,133.245,30911,8,0
2023-04-12 16:00:00,133.246,133.397,133.043,133.185,9394,8,0
2023-04-12 20:00:00,133.186,133.247,132.938,133.084,3442,8,0
2023-04-13 00:00:00,133.082,133.305,132.979,133.261,7561,11,0
2023-04-13 04:00:00,133.262,133.368,132.996,133.019,7898,8,0
2023-04-13 08:00:00,133.018,133.372,132.898,133.336,8562,8,0
2023-04-13 12:00:00,133.334,133.388,132.015,132.373,23218,8,0
2023-04-13 16:00:00,132.374,132.794,132.358,132.725,5829,8,0
2023-04-13 20:00:00,132.727,132.74,132.465,132.482,1975,8,0
2023-04-14 00:00:00,132.484,132.636,132.265,132.397,8600,11,0
2023-04-14 04:00:00,132.395,132.59,132.192,132.223,7754,8,0
2023-04-14 08:00:00,132.221,132.741,132.166,132.606,8979,8,0
2023-04-14 12:00:00,132.604,133.759,132.169,133.745,29667,8,0
2023-04-14 16:00:00,133.747,133.832,133.623,133.756,4475,8,0
2023-04-14 20:00:00,133.757,133.809,133.721,133.753,851,8,0
2023-04-16 20:00:00,133.784,133.99,133.743,133.984,2024,11,0
2023-04-17 00:00:00,133.982,134.1,133.708,133.981,7467,11,0
2023-04-17 04:00:00,133.982,134.21,133.838,134.042,10094,8,0
2023-04-17 08:00:00,134.045,134.174,133.747,133.774,9452,8,0
2023-04-17 12:00:00,133.771,134.567,133.738,134.512,16700,8,0
2023-04-17 16:00:00,134.513,134.527,134.381,134.42,3009,8,0
2023-04-17 20:00:00,134.423,134.494,134.389,134.451,1935,8,0
2023-04-18 00:00:00,134.45,134.7,134.27,134.44,8189,11,0
2023-04-18 04:00:00,134.438,134.53,134.201,134.226,7828,8,0
2023-04-18 08:00:00,134.228,134.279,133.856,133.887,9587,8,0
2023-04-18 12:00:00,133.884,134.32,133.859,134.113,13345,8,0
2023-04-18 16:00:00,134.111,134.191,134.012,134.076,3363,8,0
2023-04-18 20:00:00,134.078,134.116,133.975,134.039,1989,8,0
2023-04-19 00:00:00,134.037,134.384,133.95,134.288,6604,11,0
2023-04-19 04:00:00,134.29,134.808,134.279,134.73,8963,8,0
2023-04-19 08:00:00,134.732,135.131,134.648,134.672,12480,8,0
2023-04-19 12:00:00,134.672,134.809,134.288,134.79,12986,8,0
2023-04-19 16:00:00,134.79,134.849,134.645,134.79,4326,8,0
2023-04-19 20:00:00,134.792,134.821,134.54,134.71,2848,8,0
2023-04-20 00:00:00,134.708,134.969,134.609,134.737,8018,11,0
2023-04-20 04:00:00,134.734,134.829,134.384,134.606,7977,8,0
2023-04-20 08:00:00,134.607,134.86,134.501,134.662,8913,8,0
2023-04-20 12:00:00,134.66,134.825,134.009,134.099,17140,8,0
2023-04-20 16:00:00,134.1,134.352,134.048,134.274,3529,8,0
2023-04-20 20:00:00,134.276,134.283,133.951,133.995,2698,8,0
2023-04-21 00:00:00,133.994,134.247,133.803,133.856,7247,11,0
2023-04-21 04:00:00,133.857,134.105,133.692,133.932,8716,8,0
2023-04-21 08:00:00,133.93,134.042,133.665,133.758,8607,8,0
2023-04-21 12:00:00,133.756,134.487,133.544,134.28,17747,8,0
2023-04-21 16:00:00,134.278,134.285,134.061,134.072,3845,8,0
2023-04-21 20:00:00,134.071,134.132,134.067,134.122,671,8,0
2023-04-23 20:00:00,134.037,134.113,133.925,133.96,1946,11,0
2023-04-24 00:00:00,133.962,134.468,133.888,134.359,6786,11,0
2023-04-24 04:00:00,134.361,134.471,134.119,134.221,7399,8,0
2023-04-24 08:00:00,134.219,134.694,134.18,134.622,8178,8,0
2023-04-24 12:00:00,134.62,134.727,134.33,134.404,10447,8,0
2023-04-24 16:00:00,134.405,134.417,134.224,134.298,3021,8,0
2023-04-24 20:00:00,134.299,134.316,133.95,134.082,2997,8,0
2023-04-25 00:00:00,134.079,134.41,134.001,134.356,7892,11,0
2023-04-25 04:00:00,134.354,134.474,134.046,134.146,9620,8,0
2023-04-25 08:00:00,134.147,134.207,133.813,134.192,9104,8,0
2023-04-25 12:00:00,134.194,134.248,133.725,133.965,14840,8,0
2023-04-25 16:00:00,133.967,134.01,133.362,133.49,8808,8,0
2023-04-25 20:00:00,133.491,133.849,133.491,133.707,3566,8,0
2023-04-26 00:00:00,133.705,133.747,133.434,133.526,8437,11,0
2023-04-26 04:00:00,133.528,133.784,133.388,133.448,9575,8,0
2023-04-26 08:00:00,133.448,133.847,133.26,133.735,14511,8,0
2023-04-26 12:00:00,133.733,133.923,133.012,133.721,24570,8,0
2023-04-26 16:00:00,133.722,133.879,133.472,133.625,8625,8,0
2023-04-26 20:00:00,133.624,133.682,133.406,133.46,2501,8,0
2023-04-27 00:00:00,133.457,133.717,133.39,133.683,7335,11,0
2023-04-27 04:00:00,133.684,133.846,133.614,133.781,8930,8,0
2023-04-27 08:00:00,133.781,133.943,133.404,133.484,8671,8,0
2023-04-27 12:00:00,133.485,134.194,133.173,134.051,21583,8,0
2023-04-27 16:00:00,134.052,134.058,133.817,133.907,5778,8,0
2023-04-27 20:00:00,133.908,134.033,133.728,133.801,4473,8,0
2023-04-28 00:00:00,133.799,134.288,133.344,133.81,27030,11,0
2023-04-28 04:00:00,133.809,135.853,133.378,135.722,40940,8,0
2023-04-28 08:00:00,135.723,136.178,135.514,136.129,12706,11,0
2023-04-28 12:00:00,136.126,136.556,135.834,135.99,22599,11,0
2023-04-28 16:00:00,135.991,136.284,135.956,136.235,6038,11,0
2023-04-28 20:00:00,136.233,136.345,136.2,136.304,1165,11,0
2023-04-30 20:00:00,136.128,136.43,136.122,136.4,3376,11,0
2023-05-01 00:00:00,136.399,136.942,136.248,136.874,9895,11,0
2023-05-01 04:00:00,136.876,136.978,136.679,136.712,6312,11,0
2023-05-01 08:00:00,136.714,136.886,136.57,136.812,6761,11,0
2023-05-01 12:00:00,136.814,137.404,136.702,137.352,12509,11,0
2023-05-01 16:00:00,137.353,137.538,137.309,137.493,4136,11,0
2023-05-01 20:00:00,137.496,137.572,137.358,137.517,3084,11,0
2023-05-02 00:00:00,137.515,137.525,137.289,137.49,7197,11,0
2023-05-02 04:00:00,137.491,137.768,137.443,137.595,10379,11,0
2023-05-02 08:00:00,137.593,137.605,137.242,137.335,9661,11,0
2023-05-02 12:00:00,137.332,137.577,136.385,136.462,21831,11,0
2023-05-02 16:00:00,136.465,136.696,136.311,136.497,8147,11,0
2023-05-02 20:00:00,136.5,136.576,136.384,136.468,3304,11,0
2023-05-03 00:00:00,136.467,136.568,135.915,136.053,6361,11,0
2023-05-03 04:00:00,136.054,136.112,135.717,135.789,7843,11,0
2023-05-03 08:00:00,135.791,135.796,135.44,135.491,10011,8,0
2023-05-03 12:00:00,135.489,135.903,135.065,135.311,18505,8,0
2023-05-03 16:00:00,135.308,135.699,134.831,135.01,28663,8,0
2023-05-03 20:00:00,135.009,135.251,134.381,134.549,9842,8,0
2023-05-04 00:00:00,134.547,134.623,134.342,134.507,7775,11,0
2023-05-04 04:00:00,134.508,134.811,134.144,134.667,12784,8,0
2023-05-04 08:00:00,134.669,134.745,134.349,134.416,13747,8,0
2023-05-04 12:00:00,134.416,134.874,133.669,133.763,44195,8,0
2023-05-04 16:00:00,133.763,134.23,133.495,134.148,16890,8,0
2023-05-04 20:00:00,134.151,134.346,134.113,134.158,4372,8,0
2023-05-05 00:00:00,134.157,134.255,133.972,134.035,5470,11,0
2023-05-05 04:00:00,134.036,134.212,133.877,134.052,10357,8,0
2023-05-05 08:00:00,134.049,134.288,133.96,134.248,8943,8,0
2023-05-05 12:00:00,134.247,135.118,134.167,134.856,25815,8,0
2023-05-05 16:00:00,134.854,134.882,134.621,134.853,5011,8,0
2023-05-05 20:00:00,134.854,134.877,134.803,134.832,511,8,0
2023-05-07 20:00:00,134.845,135.295,134.792,135.19,2700,11,0
2023-05-08 00:00:00,135.187,135.187,134.758,134.859,7001,11,0
2023-05-08 04:00:00,134.856,135.032,134.639,135.022,6629,8,0
2023-05-08 08:00:00,135.023,135.205,134.921,135.184,7492,8,0
2023-05-08 12:00:00,135.183,135.222,134.754,134.826,10877,8,0
2023-05-08 16:00:00,134.824,135.173,134.65,135.121,5765,8,0
2023-05-08 20:00:00,135.121,135.148,134.948,135.083,5384,8,0
2023-05-09 00:00:00,135.081,135.32,134.921,134.933,6433,11,0
2023-05-09 04:00:00,134.931,135.041,134.719,134.794,8462,8,0
2023-05-09 08:00:00,134.794,135.101,134.76,134.929,8342,8,0
2023-05-09 12:00:00,134.928,135.354,134.92,135.148,11147,8,0
2023-05-09 16:00:00,135.145,135.27,135.098,135.223,5267,8,0
2023-05-09 20:00:00,135.192,135.333,135.122,135.288,4302,11,0
2023-05-10 00:00:00,135.287,135.293,135.061,135.144,5081,11,0
2023-05-10 04:00:00,135.146,135.463,135.13,135.237,7569,8,0
2023-05-10 08:00:00,135.236,135.338,135.114,135.31,7068,8,0
2023-05-10 12:00:00,135.308,135.408,134.272,134.525,26537,8,0
2023-05-10 16:00:00,134.523,134.532,134.108,134.347,7819,8,0
2023-05-10 20:00:00,134.319,134.369,134.016,134.096,3236,11,0
2023-05-11 00:00:00,134.098,134.246,133.888,134.185,6919,11,0
2023-05-11 04:00:00,134.182,134.559,134.149,134.548,10000,8,0
2023-05-11 08:00:00,134.55,134.84,134.081,134.149,12485,8,0
2023-05-11 12:00:00,134.148,134.634,133.74,134.459,25940,8,0
2023-05-11 16:00:00,134.459,134.583,134.326,134.551,6508,8,0
2023-05-11 20:00:00,134.522,134.575,134.42,134.489,2880,11,0
2023-05-12 00:00:00,134.486,134.687,134.398,134.543,5531,11,0
2023-05-12 04:00:00,134.542,134.9,134.518,134.858,7428,8,0
2023-05-12 08:00:00,134.855,134.94,134.628,134.923,6022,8,0
2023-05-12 12:00:00,134.925,135.643,134.713,135.625,14631,8,0
2023-05-12 16:00:00,135.628,135.749,135.59,135.694,4762,8,0
2023-05-12 20:00:00,135.655,135.717,135.625,135.705,448,43,0
2023-05-14 20:00:00,135.607,135.894,135.592,135.82,1649,11,0
2023-05-15 00:00:00,135.818,136.144,135.72,136.129,6400,11,0
2023-05-15 04:00:00,136.127,136.26,135.819,135.955,6739,8,0
2023-05-15 08:00:00,135.957,136.32,135.937,136.136,6803,8,0
2023-05-15 12:00:00,136.135,136.231,135.708,136.073,13306,8,0
2023-05-15 16:00:00,136.071,136.131,136.007,136.053,3512,8,0
2023-05-15 20:00:00,136.01,136.094,135.941,136.026,1259,11,0
2023-05-16 00:00:00,136.029,136.097,135.903,135.961,4294,11,0
2023-05-16 04:00:00,135.963,136.028,135.74,135.787,5857,8,0
2023-05-16 08:00:00,135.789,135.879,135.684,135.852,5205,8,0
2023-05-16 12:00:00,135.853,136.678,135.651,136.614,14409,8,0
2023-05-16 16:00:00,136.611,136.654,136.264,136.32,4494,11,0
2023-05-16 20:00:00,136.276,136.463,136.227,136.423,2114,11,0
2023-05-17 00:00:00,136.422,136.522,136.3,136.457,3844,11,0
2023-05-17 04:00:00,136.458,136.989,136.456,136.981,6486,11,0
2023-05-17 08:00:00,136.979,137.168,136.833,137.001,7350,11,0
2023-05-17 12:00:00,136.999,137.567,136.902,137.511,11757,11,0
2023-05-17 16:00:00,137.509,137.654,137.389,137.611,4288,11,0
2023-05-17 20:00:00,137.576,137.688,137.493,137.601,2530,11,0
2023-05-18 00:00:00,137.599,137.715,137.285,137.58,6449,11,0
2023-05-18 04:00:00,137.582,137.866,137.383,137.808,7168,11,0
2023-05-18 08:00:00,137.81,137.932,137.692,137.814,7503,11,0
2023-05-18 12:00:00,137.813,138.67,137.753,138.495,15457,11,0
2023-05-18 16:00:00,138.497,138.741,138.367,138.681,5686,11,0
2023-05-18 20:00:00,138.652,138.704,138.518,138.623,2522,11,0
2023-05-19 00:00:00,138.622,138.66,138.276,138.423,8510,11,0
2023-05-19 04:00:00,138.424,138.492,137.963,138.102,8683,11,0
2023-05-19 08:00:00,138.104,138.48,137.991,138.403,8286,11,0
2023-05-19 12:00:00,138.401,138.649,137.422,137.676,25805,11,0
2023-05-19 16:00:00,137.678,138.132,137.608,137.961,8497,11,0
2023-05-19 20:00:00,137.905,137.977,137.841,137.915,670,43,0
2023-05-21 20:00:00,137.932,137.984,137.571,137.693,2003,11,0
2023-05-22 00:00:00,137.691,137.841,137.49,137.693,6864,11,0
2023-05-22 04:00:00,137.691,138.038,137.641,137.826,7265,11,0
2023-05-22 08:00:00,137.828,138.342,137.796,138.233,8011,11,0
2023-05-22 12:00:00,138.234,138.661,137.989,138.654,18823,11,0
2023-05-22 16:00:00,138.652,138.681,138.262,138.579,7123,11,0
2023-05-22 20:00:00,138.534,138.794,138.467,138.66,2983,11,0
2023-05-23 00:00:00,138.658,138.871,138.422,138.619,7881,11,0
2023-05-23 04:00:00,138.621,138.676,138.323,138.356,9880,11,0
2023-05-23 08:00:00,138.358,138.586,138.239,138.41,8649,11,0
2023-05-23 12:00:00,138.407,138.905,138.286,138.736,17847,11,0
2023-05-23 16:00:00,138.738,138.816,138.393,138.578,7607,11,0
2023-05-23 20:00:00,138.536,138.623,138.474,138.607,1960,11,0
2023-05-24 00:00:00,138.606,138.633,138.349,138.415,4922,11,0
2023-05-24 04:00:00,138.417,138.729,138.229,138.64,8953,11,0
2023-05-24 08:00:00,138.639,138.684,138.334,138.371,9072,11,0
2023-05-24 12:00:00,138.372,139.212,138.355,139.139,15413,11,0
2023-05-24 16:00:00,139.141,139.381,138.969,139.32,9075,11,0
2023-05-24 20:00:00,139.276,139.447,138.843,139.292,4458,11,0
2023-05-25 00:00:00,139.295,139.696,139.261,139.655,8285,11,0
2023-05-25 04:00:00,139.653,139.688,139.301,139.387,9230,11,0
2023-05-25 08:00:00,139.389,139.631,139.278,139.567,7411,11,0
2023-05-25 12:00:00,139.565,139.883,139.175,139.812,23464,11,0
2023-05-25 16:00:00,139.814,140.224,139.809,140.161,6115,11,0
2023-05-25 20:00:00,140.133,140.162,139.866,140.019,2803,11,0
2023-05-26 00:00:00,140.018,140.099,139.768,139.831,7140,11,0
2023-05-26 04:00:00,139.829,139.84,139.491,139.526,7961,11,0
2023-05-26 08:00:00,139.528,139.812,139.517,139.757,6200,11,0
2023-05-26 12:00:00,139.759,140.707,139.638,140.532,18754,11,0
2023-05-26 16:00:00,140.53,140.721,140.495,140.567,4728,11,0
2023-05-26 20:00:00,140.519,140.609,140.513,140.568,486,43,0
2023-05-28 20:00:00,140.572,140.886,140.471,140.88,2819,11,0
2023-05-29 00:00:00,140.879,140.914,140.381,140.589,5874,11,0
2023-05-29 04:00:00,140.592,140.637,140.218,140.46,4820,11,0
2023-05-29 08:00:00,140.457,140.53,140.171,140.284,5008,11,0
2023-05-29 12:00:00,140.282,140.365,140.11,140.285,3026,11,0
2023-05-29 16:00:00,140.288,140.442,140.284,140.442,769,11,0
2023-05-29 20:00:00,140.382,140.508,140.28,140.467,2203,11,0
2023-05-30 00:00:00,140.47,140.526,139.959,140.242,8040,11,0
2023-05-30 04:00:00,140.241,140.927,140.114,140.253,15761,11,0
2023-05-30 08:00:00,140.255,140.645,139.649,139.652,16777,11,0
2023-05-30 12:00:00,139.653,140.105,139.567,139.831,16010,11,0
2023-05-30 16:00:00,139.832,139.943,139.709,139.751,5642,11,0
2023-05-30 20:00:00,139.721,139.833,139.664,139.791,3055,11,0
2023-05-31 00:00:00,139.789,139.916,139.612,139.781,7162,11,0
2023-05-31 04:00:00,139.78,139.853,139.309,139.74,11277,11,0
2023-05-31 08:00:00,139.741,140.055,139.649,139.693,7560,11,0
2023-05-31 12:00:00,139.692,140.393,139.509,139.769,21291,11,0
2023-05-31 16:00:00,139.772,139.93,139.23,139.343,8726,11,0
2023-05-31 20:00:00,139.274,139.363,138.955,139.135,3667,11,0
2023-06-01 00:00:00,139.133,139.548,139.076,139.498,8066,11,0
2023-06-01 04:00:00,139.496,139.945,139.404,139.909,7164,11,0
2023-06-01 08:00:00,139.911,139.942,139.329,139.377,7417,11,0
2023-06-01 12:00:00,139.381,139.851,138.41,138.741,21281,11,0
2023-06-01 16:00:00,138.74,138.862,138.704,138.794,4096,11,0
2023-06-01 20:00:00,138.778,138.833,138.659,138.738,1733,11,0
2023-06-02 00:00:00,138.736,139.049,138.602,138.737,6589,11,0
2023-06-02 04:00:00,138.736,139.025,138.728,139.002,6646,11,0
2023-06-02 08:00:00,139.003,139.1,138.738,138.927,6031,11,0
2023-06-02 12:00:00,138.925,139.812,138.731,139.756,23298,11,0
2023-06-02 16:00:00,139.757,140.064,139.741,139.972,4537,11,0
2023-06-02 20:00:00,139.941,139.966,139.877,139.938,354,43,0
2023-06-04 20:00:00,139.947,140.24,139.895,140.209,1929,11,0
2023-06-05 00:00:00,140.211,140.261,139.99,140.037,6437,11,0
2023-06-05 04:00:00,140.039,140.444,139.982,140.406,6803,11,0
2023-06-05 08:00:00,140.403,140.447,140.194,140.262,6185,11,0
2023-06-05 12:00:00,140.261,140.295,139.247,139.642,16122,11,0
2023-06-05 16:00:00,139.639,139.808,139.476,139.546,5082,11,0
2023-06-05 20:00:00,139.507,139.579,139.32,139.41,2728,11,0
2023-06-06 00:00:00,139.411,139.652,139.376,139.545,4810,11,0
2023-06-06 04:00:00,139.543,139.63,139.093,139.301,9563,11,0
2023-06-06 08:00:00,139.299,139.615,139.12,139.589,8886,11,0
2023-06-06 12:00:00,139.588,139.989,139.53,139.666,11160,11,0
2023-06-06 16:00:00,139.668,139.751,139.57,139.677,3998,11,0
2023-06-06 20:00:00,139.661,139.667,139.51,139.519,1777,11,0
2023-06-07 00:00:00,139.521,139.558,139.166,139.303,6587,11,0
2023-06-07 04:00:00,139.302,139.467,139.124,139.435,6230,11,0
2023-06-07 08:00:00,139.438,139.492,139.243,139.368,5904,11,0
2023-06-07 12:00:00,139.366,140.045,139.022,139.976,15812,11,0
2023-06-07 16:00:00,139.973,140.24,139.95,140.235,5279,11,0
2023-06-07 20:00:00,140.173,140.214,139.86,139.91,2983,11,0
2023-06-08 00:00:00,139.909,140.09,139.784,139.801,5757,11,0
2023-06-08 04:00:00,139.8,139.958,139.66,139.718,6707,11,0
2023-06-08 08:00:00,139.721,139.843,139.619,139.679,6279,11,0
2023-06-08 12:00:00,139.683,139.745,138.804,138.835,19072,11,0
2023-06-08 16:00:00,138.834,139.0,138.833,138.913,4592,11,0
2023-06-08 20:00:00,138.871,138.906,138.755,138.88,1782,11,0
2023-06-09 00:00:00,138.882,139.296,138.862,139.265,6667,11,0
2023-06-09 04:00:00,139.267,139.598,139.217,139.557,7393,11,0
2023-06-09 08:00:00,139.558,139.72,139.362,139.379,6184,11,0
2023-06-09 12:00:00,139.377,139.591,139.026,139.351,13654,11,0
2023-06-09 16:00:00,139.352,139.474,139.275,139.438,3708,11,0
2023-06-09 20:00:00,139.397,139.411,139.314,139.325,423,43,0
2023-06-11 20:00:00,139.306,139.461,139.275,139.37,1717,11,0
2023-06-12 00:00:00,139.368,139.639,139.262,139.429,4958,11,0
2023-06-12 04:00:00,139.431,139.624,139.35,139.501,6434,11,0
2023-06-12 08:00:00,139.503,139.528,139.058,139.377,8345,11,0
2023-06-12 12:00:00,139.378,139.738,139.084,139.717,13734,11,0
2023-06-12 16:00:00,139.716,139.76,139.541,139.563,4714,11,0
2023-06-12 20:00:00,139.534,139.617,139.413,139.457,1761,11,0
2023-06-13 00:00:00,139.455,139.66,139.321,139.391,5648,11,0
2023-06-13 04:00:00,139.39,139.64,139.378,139.486,7146,11,0
2023-06-13 08:00:00,139.487,139.631,139.471,139.513,5833,11,0
2023-06-13 12:00:00,139.516,140.106,139.007,139.997,25932,11,0
2023-06-13 16:00:00,139.999,140.303,139.837,140.204,5801,11,0
2023-06-13 20:00:00,140.188,140.231,140.081,140.146,1962,11,0
2023-06-14 00:00:00,140.144,140.184,139.934,140.003,5261,11,0
2023-06-14 04:00:00,140.001,140.198,139.885,139.981,6141,11,0
2023-06-14 08:00:00,139.982,140.05,139.849,139.974,6024,11,0
2023-06-14 12:00:00,139.973,139.973,139.278,139.333,13161,11,0
2023-06-14 16:00:00,139.331,140.17,139.313,139.941,24492,11,0
2023-06-14 20:00:00,139.869,140.103,139.862,139.96,3101,11,0
2023-06-15 00:00:00,139.962,141.082,139.939,141.071,11936,11,0
2023-06-15 04:00:00,141.07,141.498,141.068,141.268,12557,11,0
2023-06-15 08:00:00,141.27,141.346,140.847,141.237,10212,11,0
2023-06-15 12:00:00,141.234,141.296,140.15,140.49,24827,11,0
2023-06-15 16:00:00,140.488,140.491,140.222,140.26,4806,11,0
2023-06-15 20:00:00,140.212,140.275,140.084,140.262,2053,11,0
2023-06-16 00:00:00,140.263,140.771,139.85,140.524,15950,11,0
2023-06-16 04:00:00,140.525,141.4,140.465,141.136,14720,11,0
2023-06-16 08:00:00,141.138,141.333,140.788,140.967,11797,11,0
2023-06-16 12:00:00,140.965,141.869,140.905,141.821,20661,11,0
2023-06-16 16:00:00,141.823,141.883,141.663,141.838,5054,11,0
2023-06-16 20:00:00,141.783,141.887,141.783,141.795,513,43,0
2023-06-18 20:00:00,141.708,141.949,141.676,141.86,3134,11,0
2023-06-19 00:00:00,141.859,141.967,141.511,141.526,8327,11,0
2023-06-19 04:00:00,141.525,141.946,141.438,141.843,9061,11,0
2023-06-19 08:00:00,141.841,141.998,141.749,141.843,8099,11,0
2023-06-19 12:00:00,141.841,141.923,141.655,141.899,6983,11,0
2023-06-19 16:00:00,141.899,141.979,141.887,141.966,1594,11,0
2023-06-19 20:00:00,141.95,141.973,141.801,141.9,2498,11,0
2023-06-20 00:00:00,141.902,142.247,141.577,141.722,14987,11,0
2023-06-20 04:00:00,141.72,142.136,141.611,141.759,11866,11,0
2023-06-20 08:00:00,141.76,141.789,141.341,141.373,10555,11,0
2023-06-20 12:00:00,141.373,141.746,141.24,141.466,16355,11,0
2023-06-20 16:00:00,141.464,141.506,141.21,141.443,5640,11,0
2023-06-20 20:00:00,141.399,141.441,141.269,141.337,3474,11,0
2023-06-21 00:00:00,141.335,141.733,141.332,141.632,9225,11,0
2023-06-21 04:00:00,141.632,142.101,141.612,142.084,11857,11,0
2023-06-21 08:00:00,142.086,142.164,141.7,141.813,10483,11,0
2023-06-21 12:00:00,141.814,142.363,141.745,142.083,20090,11,0
2023-06-21 16:00:00,142.084,142.122,141.679,141.783,8514,11,0
2023-06-21 20:00:00,141.748,141.886,141.63,141.683,3608,11,0
2023-06-22 00:00:00,141.683,141.889,141.606,141.743,7669,11,0
2023-06-22 04:00:00,141.742,141.948,141.615,141.782,10250,11,0
2023-06-22 08:00:00,141.782,142.163,141.782,142.126,11348,11,0
2023-06-22 12:00:00,142.124,142.887,141.762,142.884,20586,11,0
2023-06-22 16:00:00,142.885,143.222,142.862,143.152,7074,11,0
2023-06-22 20:00:00,143.107,143.176,142.949,143.025,4205,11,0
2023-06-23 00:00:00,143.024,143.149,142.807,143.06,12242,11,0
2023-06-23 04:00:00,143.06,143.446,142.766,142.876,15393,11,0
2023-06-23 08:00:00,142.878,143.315,142.864,143.259,12085,11,0
2023-06-23 12:00:00,143.257,143.863,142.694,143.78,22213,11,0
2023-06-23 16:00:00,143.782,143.867,143.683,143.786,5753,11,0
2023-06-23 20:00:00,143.714,143.781,143.658,143.694,650,43,0
2023-06-25 20:00:00,143.491,143.673,143.398,143.534,3805,11,0
2023-06-26 00:00:00,143.534,143.656,143.23,143.431,11699,11,0
2023-06-26 04:00:00,143.431,143.562,142.934,143.18,12217,11,0
2023-06-26 08:00:00,143.18,143.246,142.986,143.195,10475,11,0
2023-06-26 12:00:00,143.196,143.707,143.047,143.548,15584,11,0
2023-06-26 16:00:00,143.548,143.598,143.429,143.499,6097,11,0
2023-06-26 20:00:00,143.483,143.502,143.34,143.458,2306,11,0
2023-06-27 00:00:00,143.458,143.567,143.279,143.427,8859,11,0
2023-06-27 04:00:00,143.427,143.654,143.395,143.514,8621,11,0
2023-06-27 08:00:00,143.512,143.938,143.49,143.549,10746,11,0
2023-06-27 12:00:00,143.547,144.169,143.294,144.003,19618,11,0
2023-06-27 16:00:00,144.001,144.081,143.869,143.998,6074,11,0
2023-06-27 20:00:00,143.954,144.06,143.786,143.873,3462,11,0
2023-06-28 00:00:00,143.873,144.044,143.726,143.985,9791,11,0
2023-06-28 04:00:00,143.985,144.191,143.859,144.072,9530,11,0
2023-06-28 08:00:00,144.072,144.252,143.819,144.186,10930,11,0
2023-06-28 12:00:00,144.186,144.612,144.092,144.222,21475,11,0
2023-06-28 16:00:00,144.224,144.434,144.12,144.434,7108,11,0
2023-06-28 20:00:00,144.365,144.504,144.19,144.385,3905,11,0
2023-06-29 00:00:00,144.387,144.488,144.129,144.426,9358,11,0
2023-06-29 04:00:00,144.427,144.693,144.155,144.344,11381,11,0
2023-06-29 08:00:00,144.342,144.404,144.144,144.289,10679,11,0
2023-06-29 12:00:00,144.29,144.894,144.157,144.717,22734,11,0
2023-06-29 16:00:00,144.719,144.889,144.718,144.834,5693,11,0
2023-06-29 20:00:00,144.785,144.825,144.678,144.791,2881,11,0
2023-06-30 00:00:00,144.791,145.062,144.692,144.769,12542,11,0
2023-06-30 04:00:00,144.769,144.866,144.438,144.84,9765,11,0
2023-06-30 08:00:00,144.842,144.9,144.582,144.72,9725,11,0
2023-06-30 12:00:00,144.719,144.738,144.201,144.469,22055,11,0
2023-06-30 16:00:00,144.467,144.547,144.231,144.27,7029,11,0
2023-06-30 20:00:00,144.24,144.328,144.217,144.268,940,43,0
2023-07-02 20:00:00,144.292,144.402,144.217,144.394,2404,11,0
2023-07-03 00:00:00,144.393,144.688,144.22,144.611,7936,11,0
2023-07-03 04:00:00,144.611,144.842,144.363,144.827,10082,11,0
2023-07-03 08:00:00,144.826,144.908,144.542,144.855,9572,11,0
2023-07-03 12:00:00,144.855,144.87,143.974,144.502,17345,11,0
2023-07-03 16:00:00,144.503,144.741,144.494,144.74,4514,11,0
2023-07-03 20:00:00,144.71,144.73,144.568,144.593,2040,11,0
2023-07-04 00:00:00,144.594,144.659,144.421,144.659,6027,11,0
2023-07-04 04:00:00,144.659,144.671,144.328,144.494,6432,11,0
2023-07-04 08:00:00,144.494,144.495,144.298,144.409,5315,11,0
2023-07-04 12:00:00,144.409,144.487,144.202,144.409,5626,11,0
2023-07-04 16:00:00,144.409,144.54,144.385,144.481,2752,11,0
2023-07-04 20:00:00,144.431,144.495,144.364,144.403,2105,11,0
2023-07-05 00:00:00,144.403,144.638,144.378,144.523,5541,11,0
2023-07-05 04:00:00,144.524,144.73,144.423,144.446,7660,11,0
2023-07-05 08:00:00,144.445,144.503,144.204,144.493,9782,11,0
2023-07-05 12:00:00,144.494,144.591,144.075,144.556,13792,11,0
2023-07-05 16:00:00,144.556,144.691,144.498,144.66,5702,11,0
2023-07-05 20:00:00,144.643,144.673,144.392,144.494,3262,11,0
2023-07-06 00:00:00,144.494,144.51,144.162,144.228,8364,11,0
2023-07-06 04:00:00,144.226,144.226,143.552,143.91,14901,11,0
2023-07-06 08:00:00,143.909,144.127,143.669,143.679,10810,11,0
2023-07-06 12:00:00,143.679,144.649,143.63,144.087,27485,11,0
2023-07-06 16:00:00,144.088,144.225,143.957,144.101,7141,11,0
2023-07-06 20:00:00,144.068,144.113,143.888,143.972,2899,11,0
2023-07-07 00:00:00,143.97,144.192,143.794,143.908,8098,11,0
2023-07-07 04:00:00,143.908,143.952,143.134,143.231,11616,11,0
2023-07-07 08:00:00,143.23,143.355,142.871,143.235,13477,11,0
2023-07-07 12:00:00,143.235,143.414,142.1,142.213,33119,11,0
2023-07-07 16:00:00,142.211,142.23,142.079,142.127,6151,11,0
2023-07-07 20:00:00,142.072,142.104,142.028,142.089,721,43,0
2023-07-09 20:00:00,142.115,142.284,142.055,142.208,3261,11,0
2023-07-10 00:00:00,142.206,142.898,142.117,142.767,13173,11,0
2023-07-10 04:00:00,142.768,143.0,142.237,142.291,12582,11,0
2023-07-10 08:00:00,142.29,142.594,142.125,142.128,8777,11,0
2023-07-10 12:00:00,142.127,142.509,141.513,141.556,18438,11,0
2023-07-10 16:00:00,141.558,141.608,141.273,141.294,5541,11,0
2023-07-10 20:00:00,141.267,141.335,141.174,141.305,3451,11,0
2023-07-11 00:00:00,141.305,141.455,140.608,140.79,13035,11,0
2023-07-11 04:00:00,140.79,140.939,140.418,140.526,13913,11,0
2023-07-11 08:00:00,140.528,140.621,140.156,140.388,11983,11,0
2023-07-11 12:00:00,140.388,140.949,140.291,140.519,14923,11,0
2023-07-11 16:00:00,140.514,140.56,140.295,140.38,5197,11,0
2023-07-11 20:00:00,140.346,140.37,140.069,140.118,3511,11,0
2023-07-12 00:00:00,140.116,140.159,139.364,139.65,16945,11,0
2023-07-12 04:00:00,139.649,139.752,139.308,139.566,12424,11,0
2023-07-12 08:00:00,139.564,139.73,139.45,139.507,8741,11,0
2023-07-12 12:00:00,139.507,139.629,138.152,138.21,28557,11,0
2023-07-12 16:00:00,138.211,138.482,138.195,138.45,7731,11,0
2023-07-12 20:00:00,138.42,138.527,138.281,138.32,4548,11,0
2023-07-13 00:00:00,138.318,138.666,138.068,138.502,14101,11,0
2023-07-13 04:00:00,138.502,138.827,138.258,138.369,12461,11,0
2023-07-13 08:00:00,138.369,138.617,138.228,138.492,11283,11,0
2023-07-13 12:00:00,138.491,138.951,138.049,138.14,22564,11,0
2023-07-13 16:00:00,138.139,138.181,137.913,138.017,7241,11,0
2023-07-13 20:00:00,137.987,138.074,137.889,138.062,3743,11,0
2023-07-14 00:00:00,138.061,138.109,137.23,137.431,17350,11,0
2023-07-14 04:00:00,137.431,138.46,137.427,138.224,13933,11,0
2023-07-14 08:00:00,138.224,138.839,138.142,138.537,13042,11,0
2023-07-14 12:00:00,138.538,139.151,138.396,138.741,24493,11,0
2023-07-14 16:00:00,138.741,138.897,138.57,138.893,5293,11,0
2023-07-14 20:00:00,138.837,138.873,138.706,138.739,617,43,0
2023-07-16 20:00:00,138.682,138.797,138.647,138.683,2666,11,0
2023-07-17 00:00:00,138.683,138.733,138.365,138.657,6747,11,0
2023-07-17 04:00:00,138.657,138.751,138.41,138.661,7485,11,0
2023-07-17 08:00:00,138.659,138.676,137.992,138.356,10668,11,0
2023-07-17 12:00:00,138.356,139.402,138.306,138.92,19236,11,0
2023-07-17 16:00:00,138.921,139.023,138.602,138.643,5330,11,0
2023-07-17 20:00:00,138.617,138.775,138.543,138.719,2885,11,0
2023-07-18 00:00:00,138.718,138.919,138.513,138.582,10271,11,0
2023-07-18 04:00:00,138.584,138.593,138.172,138.224,11243,11,0
2023-07-18 08:00:00,138.226,138.395,138.088,138.273,11519,11,0
2023-07-18 12:00:00,138.271,138.989,137.675,138.936,38133,11,0
2023-07-18 16:00:00,138.937,139.129,138.759,138.929,6265,11,0
2023-07-18 20:00:00,138.913,139.185,138.714,139.018,3539,11,0
2023-07-19 00:00:00,139.018,139.323,138.847,139.279,11839,11,0
2023-07-19 04:00:00,139.279,139.674,139.195,139.496,14051,11,0
2023-07-19 08:00:00,139.498,139.989,139.406,139.793,10877,11,0
2023-07-19 12:00:00,139.792,139.984,139.382,139.761,21063,11,0
2023-07-19 16:00:00,139.762,139.799,139.513,139.696,6525,11,0
2023-07-19 20:00:00,139.666,139.733,139.506,139.604,4033,11,0
2023-07-20 00:00:00,139.604,139.696,139.108,139.182,11342,11,0
2023-07-20 04:00:00,139.182,139.681,139.173,139.62,11248,11,0
2023-07-20 08:00:00,139.622,139.661,139.336,139.528,11738,11,0
2023-07-20 12:00:00,139.528,140.41,139.521,140.387,19175,11,0
2023-07-20 16:00:00,140.385,140.492,140.049,140.09,5740,11,0
2023-07-20 20:00:00,140.073,140.078,139.769,139.85,3535,11,0
2023-07-21 00:00:00,139.848,140.3,139.745,140.174,9694,11,0
2023-07-21 04:00:00,140.174,141.391,140.018,141.365,16655,11,0
2023-07-21 08:00:00,141.365,141.95,141.285,141.77,23806,11,0
2023-07-21 12:00:00,141.769,141.867,141.215,141.743,20411,11,0
2023-07-21 16:00:00,141.743,141.822,141.621,141.76,4782,11,0
2023-07-21 20:00:00,141.742,141.826,141.673,141.762,752,43,0
2023-07-23 20:00:00,141.655,141.763,141.602,141.751,2623,11,0
2023-07-24 00:00:00,141.749,141.808,141.339,141.405,10542,11,0
2023-07-24 04:00:00,141.406,141.628,141.225,141.41,11308,11,0
2023-07-24 08:00:00,141.413,141.58,140.842,140.992,14486,11,0
2023-07-24 12:00:00,140.994,141.414,140.74,141.188,19987,11,0
2023-07-24 16:00:00,141.188,141.541,141.18,141.511,5730,11,0
2023-07-24 20:00:00,141.483,141.591,141.356,141.538,2478,11,0
2023-07-25 00:00:00,141.538,141.615,141.201,141.28,9589,11,0
2023-07-25 04:00:00,141.281,141.571,141.24,141.366,8652,11,0
2023-07-25 08:00:00,141.366,141.732,141.203,141.378,11089,11,0
2023-07-25 12:00:00,141.378,141.596,140.905,140.912,14632,11,0
2023-07-25 16:00:00,140.912,141.189,140.852,140.965,5312,11,0
2023-07-25 20:00:00,140.934,140.977,140.695,140.909,3350,11,0
2023-07-26 00:00:00,140.909,141.181,140.848,140.979,7888,11,0
2023-07-26 04:00:00,140.979,141.09,140.6,140.652,10497,11,0
2023-07-26 08:00:00,140.651,140.699,140.176,140.371,11780,11,0
2023-07-26 12:00:00,140.372,140.556,140.154,140.412,15522,11,0
2023-07-26 16:00:00,140.411,140.692,139.923,140.2,21475,11,0
2023-07-26 20:00:00,140.153,140.483,140.119,140.366,4176,11,0
2023-07-27 00:00:00,140.364,140.48,139.379,139.822,13923,11,0
2023-07-27 04:00:00,139.822,140.256,139.802,139.973,13785,11,0
2023-07-27 08:00:00,139.973,140.316,139.842,140.123,12259,11,0
2023-07-27 12:00:00,140.124,141.316,140.116,141.034,29890,11,0
2023-07-27 16:00:00,141.032,141.149,138.765,139.062,37516,11,0
2023-07-27 20:00:00,138.998,139.53,138.701,138.866,10096,11,0
2023-07-28 00:00:00,138.868,141.079,138.484,139.718,71388,11,0
2023-07-28 04:00:00,139.72,139.853,138.059,139.765,71236,11,0
2023-07-28 08:00:00,139.763,140.065,138.848,139.27,24329,11,0
2023-07-28 12:00:00,139.268,140.775,139.188,140.718,35012,11,0
2023-07-28 16:00:00,140.717,141.148,140.67,141.085,10094,11,0
2023-07-28 20:00:00,141.039,141.157,140.982,141.147,905,43,0
2023-07-30 20:00:00,140.966,141.109,140.746,140.752,4974,11,0
2023-07-31 00:00:00,140.749,141.878,140.688,141.74,22175,11,0
2023-07-31 04:00:00,141.74,142.217,141.574,142.169,15997,11,0
2023-07-31 08:00:00,142.168,142.49,142.089,142.192,13211,11,0
2023-07-31 12:00:00,142.192,142.682,142.002,142.183,22311,11,0
2023-07-31 16:00:00,142.181,142.302,142.044,142.263,6790,11,0
2023-07-31 20:00:00,142.247,142.408,142.149,142.323,3449,11,0
2023-08-01 00:00:00,142.323,142.793,142.254,142.664,14381,11,0
2023-08-01 04:00:00,142.665,142.839,142.522,142.71,12077,11,0
2023-08-01 08:00:00,142.709,142.979,142.612,142.972,9541,11,0
2023-08-01 12:00:00,142.971,143.465,142.876,143.336,20940,11,0
2023-08-01 16:00:00,143.337,143.54,143.253,143.375,5739,11,0
2023-08-01 20:00:00,143.315,143.396,142.709,142.958,5785,11,0
2023-08-02 00:00:00,142.96,143.344,142.935,143.142,14381,11,0
2023-08-02 04:00:00,143.142,143.224,142.54,142.638,17313,11,0
2023-08-02 08:00:00,142.637,142.933,142.231,142.801,13560,11,0
2023-08-02 12:00:00,142.8,143.473,142.718,143.202,22392,11,0
2023-08-02 16:00:00,143.204,143.379,143.055,143.376,7599,11,0
2023-08-02 20:00:00,143.345,143.399,143.147,143.356,3381,11,0
2023-08-03 00:00:00,143.352,143.47,143.16,143.247,12601,11,0
2023-08-03 04:00:00,143.245,143.887,142.849,142.903,26094,11,0
2023-08-03 08:00:00,142.901,143.15,142.748,142.93,18315,11,0
2023-08-03 12:00:00,142.932,142.959,142.061,142.415,31269,11,0
2023-08-03 16:00:00,142.414,142.743,142.354,142.553,7909,11,0
2023-08-03 20:00:00,142.498,142.651,142.403,142.6,3256,11,0
2023-08-04 00:00:00,142.602,142.878,142.312,142.539,13184,11,0
2023-08-04 04:00:00,142.539,142.714,142.347,142.65,10861,11,0
2023-08-04 08:00:00,142.648,142.837,142.6,142.694,8453,11,0
2023-08-04 12:00:00,142.696,142.871,141.547,141.794,30095,11,0
2023-08-04 16:00:00,141.793,141.897,141.768,141.81,6932,11,0
2023-08-04 20:00:00,141.776,141.812,141.694,141.702,651,43,0
2023-08-06 20:00:00,141.61,141.938,141.605,141.869,3041,11,0
2023-08-07 00:00:00,141.867,142.21,141.511,142.18,10518,11,0
2023-08-07 04:00:00,142.18,142.348,142.052,142.113,10395,11,0
2023-08-07 08:00:00,142.115,142.444,142.107,142.181,7904,11,0
2023-08-07 12:00:00,142.181,142.451,141.793,142.443,11569,11,0
2023-08-07 16:00:00,142.445,142.582,142.409,142.475,5228,11,0
2023-08-07 20:00:00,142.434,142.54,142.368,142.528,2731,11,0
2023-08-08 00:00:00,142.534,143.373,142.525,143.332,12214,11,0
2023-08-08 04:00:00,143.332,143.429,142.834,143.089,12128,11,0
2023-08-08 08:00:00,143.088,143.271,142.858,143.119,12040,11,0
2023-08-08 12:00:00,143.12,143.332,142.914,143.175,16534,11,0
2023-08-08 16:00:00,143.175,143.488,143.174,143.449,5889,11,0
2023-08-08 20:00:00,143.414,143.439,143.203,143.258,3745,11,0
2023-08-09 00:00:00,143.256,143.394,143.089,143.211,8112,11,0
2023-08-09 04:00:00,143.211,143.242,142.996,143.242,7683,11,0
2023-08-09 08:00:00,143.244,143.449,143.218,143.434,8034,11,0
2023-08-09 12:00:00,143.435,143.724,143.238,143.582,14489,11,0
2023-08-09 16:00:00,143.582,143.745,143.404,143.703,5703,11,0
2023-08-09 20:00:00,143.671,143.754,143.58,143.715,2576,11,0
2023-08-10 00:00:00,143.714,143.886,143.684,143.875,7631,11,0
2023-08-10 04:00:00,143.875,144.102,143.79,143.804,9049,11,0
2023-08-10 08:00:00,143.804,143.888,143.711,143.781,8093,11,0
2023-08-10 12:00:00,143.779,144.483,143.277,144.401,28036,11,0
2023-08-10 16:00:00,144.4,144.793,144.382,144.789,7988,11,0
2023-08-10 20:00:00,144.759,144.868,144.649,144.85,2828,11,0
2023-08-11 00:00:00,144.85,144.89,144.628,144.674,5085,11,0
2023-08-11 04:00:00,144.674,144.79,144.55,144.619,6446,11,0
2023-08-11 08:00:00,144.619,144.642,144.474,144.477,5859,11,0
2023-08-11 12:00:00,144.475,144.965,144.417,144.938,16966,11,0
2023-08-11 16:00:00,144.938,144.997,144.814,144.943,5471,11,0
2023-08-11 20:00:00,144.893,144.946,144.884,144.924,571,43,0
2023-08-13 20:00:00,144.907,144.96,144.819,144.849,2457,11,0
2023-08-14 00:00:00,144.849,145.218,144.651,144.914,11497,11,0
2023-08-14 04:00:00,144.913,144.971,144.74,144.793,7508,11,0
2023-08-14 08:00:00,144.792,145.126,144.76,145.064,7310,11,0
2023-08-14 12:00:00,145.064,145.574,145.062,145.297,14502,11,0
2023-08-14 16:00:00,145.299,145.515,145.18,145.45,5242,11,0
2023-08-14 20:00:00,145.433,145.545,145.369,145.432,2336,11,0
2023-08-15 00:00:00,145.431,145.589,145.323,145.493,7998,11,0
2023-08-15 04:00:00,145.493,145.84,145.322,145.794,9295,11,0
2023-08-15 08:00:00,145.794,145.86,145.454,145.527,10150,11,0
2023-08-15 12:00:00,145.527,145.816,145.101,145.396,20244,11,0
2023-08-15 16:00:00,145.396,145.663,145.39,145.545,5575,11,0
2023-08-15 20:00:00,145.509,145.65,145.471,145.62,2610,11,0
2023-08-16 00:00:00,145.617,145.689,145.447,145.501,6586,11,0
2023-08-16 04:00:00,145.502,145.518,145.304,145.364,6887,11,0
2023-08-16 08:00:00,145.366,145.77,145.361,145.759,6852,11,0
2023-08-16 12:00:00,145.759,145.928,145.651,145.812,12978,11,0
2023-08-16 16:00:00,145.814,146.401,145.798,146.369,9723,11,0
2023-08-16 20:00:00,146.336,146.358,146.166,146.333,3147,11,0
2023-08-17 00:00:00,146.333,146.555,146.326,146.417,7412,11,0
2023-08-17 04:00:00,146.418,146.425,146.195,146.216,6732,11,0
2023-08-17 08:00:00,146.216,146.293,145.79,145.815,9635,11,0
2023-08-17 12:00:00,145.817,146.194,145.615,146.163,16941,11,0
2023-08-17 16:00:00,146.163,146.294,145.633,145.718,7805,11,0
2023-08-17 20:00:00,145.68,145.834,145.573,145.708,3184,11,0
2023-08-18 00:00:00,145.705,145.792,145.319,145.363,8959,11,0
2023-08-18 04:00:00,145.363,145.504,145.149,145.292,9261,11,0
2023-08-18 08:00:00,145.292,145.629,145.256,145.382,8769,11,0
2023-08-18 12:00:00,145.382,145.761,145.103,145.146,16057,11,0
2023-08-18 16:00:00,145.146,145.396,144.924,145.338,7598,11,0
2023-08-18 20:00:00,145.309,145.384,145.252,145.356,839,43,0
2023-08-20 20:00:00,145.3,145.412,145.222,145.322,1922,11,0
2023-08-21 00:00:00,145.321,145.622,145.142,145.417,8362,11,0
2023-08-21 04:00:00,145.418,145.535,145.311,145.451,6943,11,0
2023-08-21 08:00:00,145.45,145.963,145.43,145.831,7855,11,0
2023-08-21 12:00:00,145.832,146.397,145.822,146.259,13471,11,0
2023-08-21 16:00:00,146.261,146.279,146.064,146.225,4956,11,0
2023-08-21 20:00:00,146.197,146.243,146.079,146.242,2282,11,0
2023-08-22 00:00:00,146.244,146.394,145.841,146.009,7861,11,0
2023-08-22 04:00:00,146.009,146.102,145.742,145.763,7319,11,0
2023-08-22 08:00:00,145.761,145.849,145.492,145.771,8361,11,0
2023-08-22 12:00:00,145.773,146.128,145.706,145.79,14152,11,0
2023-08-22 16:00:00,145.79,145.902,145.703,145.88,4305,11,0
2023-08-22 20:00:00,145.863,145.908,145.719,145.775,2013,11,0
2023-08-23 00:00:00,145.773,145.81,145.574,145.647,6172,11,0
2023-08-23 04:00:00,145.648,145.753,145.352,145.394,8604,11,0
2023-08-23 08:00:00,145.394,145.538,145.239,145.429,10385,11,0
2023-08-23 12:00:00,145.429,145.589,144.576,144.623,21973,11,0
2023-08-23 16:00:00,144.622,144.903,144.537,144.865,7207,11,0
2023-08-23 20:00:00,144.849,144.896,144.598,144.677,3147,11,0
2023-08-24 00:00:00,144.677,145.062,144.613,145.008,7017,11,0
2023-08-24 04:00:00,145.009,145.348,144.936,145.325,8506,11,0
2023-08-24 08:00:00,145.324,145.675,145.188,145.656,7048,11,0
2023-08-24 12:00:00,145.656,145.954,145.428,145.748,14801,11,0
2023-08-24 16:00:00,145.75,145.932,145.75,145.847,5244,11,0
2023-08-24 20:00:00,145.812,146.072,145.705,146.049,2784,11,0
2023-08-25 00:00:00,146.05,146.206,145.907,146.088,6652,11,0
2023-08-25 04:00:00,146.086,146.252,145.902,146.052,7757,11,0
2023-08-25 08:00:00,146.052,146.148,145.922,145.991,6583,11,0
2023-08-25 12:00:00,145.991,146.628,145.719,146.378,22245,11,0
2023-08-25 16:00:00,146.376,146.393,146.199,146.371,6933,11,0
2023-08-25 20:00:00,146.343,146.438,146.317,146.389,795,43,0
2023-08-27 20:00:00,146.395,146.611,146.354,146.541,2100,11,0
2023-08-28 00:00:00,146.541,146.582,146.394,146.465,5990,11,0
2023-08-28 04:00:00,146.465,146.542,146.269,146.541,5645,11,0
2023-08-28 08:00:00,146.541,146.596,146.476,146.542,5611,11,0
2023-08-28 12:00:00,146.541,146.739,146.358,146.402,10955,11,0
2023-08-28 16:00:00,146.401,146.575,146.371,146.498,4440,11,0
2023-08-28 20:00:00,146.467,146.531,146.376,146.458,2200,11,0
2023-08-29 00:00:00,146.457,146.49,146.304,146.399,5372,11,0
2023-08-29 04:00:00,146.4,146.556,146.335,146.453,5617,11,0
2023-08-29 08:00:00,146.451,147.156,146.4,147.135,7895,11,0
2023-08-29 12:00:00,147.136,147.369,145.851,146.006,24071,11,0
2023-08-29 16:00:00,146.005,146.097,145.664,145.811,8715,11,0
2023-08-29 20:00:00,145.769,145.996,145.705,145.978,3319,11,0
2023-08-30 00:00:00,145.977,146.25,145.848,146.157,7841,11,0
2023-08-30 04:00:00,146.156,146.504,146.134,146.39,8343,11,0
2023-08-30 08:00:00,146.389,146.531,146.253,146.339,9366,11,0
2023-08-30 12:00:00,146.338,146.364,145.554,145.94,21630,11,0
2023-08-30 16:00:00,145.942,146.287,145.933,146.267,7161,11,0
2023-08-30 20:00:00,146.239,146.26,145.949,146.085,2948,11,0
2023-08-31 00:00:00,146.083,146.122,145.75,145.943,6765,11,0
2023-08-31 04:00:00,145.945,146.046,145.716,145.911,7990,11,0
2023-08-31 08:00:00,145.91,145.969,145.743,145.814,9516,11,0
2023-08-31 12:00:00,145.813,146.223,145.453,145.684,23224,11,0
2023-08-31 16:00:00,145.682,145.684,145.346,145.452,6229,11,0
2023-08-31 20:00:00,145.393,145.536,145.393,145.481,2396,11,0
2023-09-01 00:00:00,145.481,145.696,145.231,145.45,7631,11,0
2023-09-01 04:00:00,145.449,145.625,145.363,145.417,7192,11,0
2023-09-01 08:00:00,145.417,145.51,145.206,145.225,6145,11,0
2023-09-01 12:00:00,145.226,146.218,144.439,146.201,28738,11,0
2023-09-01 16:00:00,146.202,146.289,146.068,146.186,4930,11,0
2023-09-01 20:00:00,146.17,146.259,146.093,146.197,621,43,0
2023-09-03 20:00:00,146.155,146.223,146.02,146.064,1719,11,0
2023-09-04 00:00:00,146.064,146.24,146.034,146.153,5963,11,0
2023-09-04 04:00:00,146.153,146.452,146.129,146.406,5779,11,0
2023-09-04 08:00:00,146.404,146.46,146.299,146.388,5236,11,0
2023-09-04 12:00:00,146.386,146.487,146.369,146.453,4057,11,0
2023-09-04 16:00:00,146.453,146.492,146.451,146.483,863,11,0
2023-09-04 20:00:00,146.467,146.55,146.352,146.538,1504,11,0
2023-09-05 00:00:00,146.536,146.771,146.483,146.738,4985,11,0
2023-09-05 04:00:00,146.738,147.081,146.64,146.908,7460,11,0
2023-09-05 08:00:00,146.909,147.342,146.835,147.34,8048,11,0
2023-09-05 12:00:00,147.339,147.727,147.081,147.627,18338,11,0
2023-09-05 16:00:00,147.628,147.796,147.554,147.721,4719,11,0
2023-09-05 20:00:00,147.691,147.714,147.36,147.455,3020,11,0
2023-09-06 00:00:00,147.455,147.812,147.428,147.56,7165,11,0
2023-09-06 04:00:00,147.561,147.561,147.011,147.367,9761,11,0
2023-09-06 08:00:00,147.369,147.59,147.291,147.369,7757,11,0
2023-09-06 12:00:00,147.368,147.701,147.126,147.644,17738,11,0
2023-09-06 16:00:00,147.649,147.74,147.484,147.681,5096,11,0
2023-09-06 20:00:00,147.63,147.717,147.518,147.712,2911,11,0
2023-09-07 00:00:00,147.71,147.868,147.521,147.56,6167,11,0
2023-09-07 04:00:00,147.56,147.677,147.408,147.431,7228,11,0
2023-09-07 08:00:00,147.433,147.494,147.275,147.278,6643,11,0
2023-09-07 12:00:00,147.278,147.608,147.042,147.129,15922,11,0
2023-09-07 16:00:00,147.128,147.265,147.04,147.224,4489,11,0
2023-09-07 20:00:00,147.196,147.379,147.148,147.332,1905,11,0
2023-09-08 00:00:00,147.331,147.364,146.577,147.232,13586,11,0
2023-09-08 04:00:00,147.233,147.439,147.05,147.393,7864,11,0
2023-09-08 08:00:00,147.393,147.487,147.24,147.45,6940,11,0
2023-09-08 12:00:00,147.448,147.738,147.287,147.697,13778,11,0
2023-09-08 16:00:00,147.697,147.864,147.659,147.842,4472,11,0
2023-09-08 20:00:00,147.816,147.834,147.723,147.777,802,43,0
2023-09-10 20:00:00,146.986,147.257,146.619,147.124,4952,11,0
2023-09-11 00:00:00,147.125,147.142,146.365,146.46,14181,11,0
2023-09-11 04:00:00,146.461,146.71,145.898,146.171,18326,11,0
2023-09-11 08:00:00,146.171,146.979,146.129,146.77,11576,11,0
2023-09-11 12:00:00,146.768,146.795,146.194,146.465,16662,11,0
2023-09-11 16:00:00,146.464,146.594,146.329,146.531,6182,11,0
2023-09-11 20:00:00,146.495,146.68,146.405,146.668,2543,11,0
2023-09-12 00:00:00,146.668,146.798,146.434,146.676,9374,11,0
2023-09-12 04:00:00,146.674,146.939,146.616,146.805,8553,11,0
2023-09-12 08:00:00,146.805,146.995,146.656,146.892,7743,11,0
2023-09-12 12:00:00,146.892,147.229,146.892,147.12,12627,11,0
2023-09-12 16:00:00,147.12,147.221,147.053,147.127,4400,11,0
2023-09-12 20:00:00,147.093,147.162,146.926,147.156,2755,11,0
2023-09-13 00:00:00,147.154,147.444,147.093,147.35,8698,11,0
2023-09-13 04:00:00,147.35,147.405,147.213,147.26,7321,11,0
2023-09-13 08:00:00,147.262,147.432,147.204,147.392,8028,11,0
2023-09-13 12:00:00,147.392,147.721,147.177,147.456,22220,11,0
2023-09-13 16:00:00,147.456,147.503,147.163,147.448,6823,11,0
2023-09-13 20:00:00,147.421,147.457,147.266,147.326,2889,11,0
2023-09-14 00:00:00,147.327,147.385,147.017,147.083,7159,11,0
2023-09-14 04:00:00,147.081,147.289,147.037,147.275,5777,11,0
2023-09-14 08:00:00,147.276,147.387,147.243,147.334,6274,11,0
2023-09-14 12:00:00,147.333,147.56,147.012,147.169,22454,11,0
2023-09-14 16:00:00,147.169,147.485,147.046,147.445,5994,11,0
2023-09-14 20:00:00,147.416,147.502,147.373,147.458,2679,11,0
2023-09-15 00:00:00,147.456,147.515,147.335,147.463,7317,11,0
2023-09-15 04:00:00,147.464,147.797,147.365,147.751,9796,11,0
2023-09-15 08:00:00,147.75,147.945,147.698,147.788,7104,11,0
2023-09-15 12:00:00,147.788,147.941,147.6,147.83,14148,11,0
2023-09-15 16:00:00,147.83,147.887,147.716,147.852,4405,11,0
2023-09-15 20:00:00,147.802,147.865,147.781,147.833,635,43,0
2023-09-17 20:00:00,147.678,147.875,147.655,147.863,1532,11,0
2023-09-18 00:00:00,147.865,147.871,147.702,147.731,4356,11,0
2023-09-18 04:00:00,147.731,147.736,147.553,147.714,5001,11,0
2023-09-18 08:00:00,147.714,147.751,147.574,147.611,5109,11,0
2023-09-18 12:00:00,147.612,147.767,147.591,147.624,9061,11,0
2023-09-18 16:00:00,147.624,147.754,147.585,147.603,4056,11,0
2023-09-18 20:00:00,147.568,147.643,147.482,147.611,2083,11,0
2023-09-19 00:00:00,147.611,147.774,147.503,147.759,5839,11,0
2023-09-19 04:00:00,147.761,147.888,147.635,147.643,5695,11,0
2023-09-19 08:00:00,147.642,147.735,147.563,147.684,6012,11,0
2023-09-19 12:00:00,147.684,147.832,147.621,147.8,9586,11,0
2023-09-19 16:00:00,147.8,147.917,147.787,147.842,3507,11,0
2023-09-19 20:00:00,147.814,147.857,147.678,147.757,2578,11,0
2023-09-20 00:00:00,147.757,147.842,147.701,147.814,5036,11,0
2023-09-20 04:00:00,147.813,148.161,147.797,148.138,7206,11,0
2023-09-20 08:00:00,148.138,148.143,147.816,147.875,6622,11,0
2023-09-20 12:00:00,147.877,147.927,147.619,147.731,8899,11,0
2023-09-20 16:00:00,147.733,148.201,147.469,148.173,17698,11,0
2023-09-20 20:00:00,148.137,148.336,148.126,148.318,4439,11,0
2023-09-21 00:00:00,148.316,148.457,148.186,148.281,7320,11,0
2023-09-21 04:00:00,148.281,148.402,148.229,148.252,6738,11,0
2023-09-21 08:00:00,148.251,148.263,147.694,147.958,9673,11,0
2023-09-21 12:00:00,147.957,148.054,147.316,147.417,17286,11,0
2023-09-21 16:00:00,147.415,147.575,147.388,147.565,5302,11,0
2023-09-21 20:00:00,147.5,147.655,147.449,147.643,3174,11,0
2023-09-22 00:00:00,147.645,148.177,147.504,148.107,14013,11,0
2023-09-22 04:00:00,148.109,148.411,147.899,148.264,12803,11,0
2023-09-22 08:00:00,148.266,148.37,148.13,148.252,7358,11,0
2023-09-22 12:00:00,148.252,148.35,147.956,148.233,10746,11,0
2023-09-22 16:00:00,148.233,148.401,148.229,148.385,3911,11,0
2023-09-22 20:00:00,148.354,148.389,148.314,148.349,466,43,0
2023-09-24 20:00:00,148.267,148.442,148.199,148.43,2480,11,0
2023-09-25 00:00:00,148.43,148.477,148.283,148.364,4936,11,0
2023-09-25 04:00:00,148.364,148.451,148.32,148.434,4926,11,0
2023-09-25 08:00:00,148.436,148.704,148.43,148.67,5694,11,0
2023-09-25 12:00:00,148.669,148.958,148.644,148.739,9003,11,0
2023-09-25 16:00:00,148.738,148.862,148.72,148.82,3397,11,0
2023-09-25 20:00:00,148.79,148.873,148.733,148.819,2235,11,0
2023-09-26 00:00:00,148.819,148.95,148.701,148.866,5859,11,0
2023-09-26 04:00:00,148.867,149.181,148.797,148.873,7484,11,0
2023-09-26 08:00:00,148.874,148.985,148.756,148.892,7727,11,0
2023-09-26 12:00:00,148.892,148.985,148.792,148.901,10405,11,0
2023-09-26 16:00:00,148.901,149.082,148.861,149.037,4067,11,0
2023-09-26 20:00:00,149.007,149.076,148.933,149.05,2521,11,0
2023-09-27 00:00:00,149.053,149.07,148.858,149.013,5803,11,0
2023-09-27 04:00:00,149.013,149.147,148.994,149.027,5487,11,0
2023-09-27 08:00:00,149.026,149.244,148.971,149.177,5564,11,0
2023-09-27 12:00:00,149.177,149.494,149.144,149.481,10314,11,0
2023-09-27 16:00:00,149.481,149.702,149.46,149.591,7892,11,0
2023-09-27 20:00:00,149.561,149.639,149.399,149.489,2944,11,0
2023-09-28 00:00:00,149.49,149.553,149.369,149.419,5787,11,0
2023-09-28 04:00:00,149.419,149.45,149.203,149.311,6186,11,0
2023-09-28 08:00:00,149.312,149.424,149.206,149.323,6149,11,0
2023-09-28 12:00:00,149.324,149.497,149.142,149.182,14691,11,0
2023-09-28 16:00:00,149.182,149.379,149.161,149.226,5762,11,0
2023-09-28 20:00:00,149.196,149.369,149.153,149.333,2046,11,0
2023-09-29 00:00:00,149.328,149.446,149.275,149.383,5742,11,0
2023-09-29 04:00:00,149.383,149.508,148.522,148.766,10224,11,0
2023-09-29 08:00:00,148.765,149.25,148.763,149.236,9614,11,0
2023-09-29 12:00:00,149.236,149.435,148.94,149.427,16460,11,0
2023-09-29 16:00:00,149.427,149.483,149.327,149.437,6239,11,0
2023-09-29 20:00:00,149.397,149.424,149.284,149.314,872,43,0
2023-10-01 20:00:00,149.537,149.628,149.372,149.528,3465,11,0
2023-10-02 00:00:00,149.527,149.795,149.452,149.774,5228,11,0
2023-10-02 04:00:00,149.776,149.818,149.552,149.745,5906,11,0
2023-10-02 08:00:00,149.746,149.783,149.63,149.737,5854,11,0
2023-10-02 12:00:00,149.737,149.877,149.676,149.804,10495,11,0
2023-10-02 16:00:00,149.804,149.842,149.706,149.792,4615,11,0
2023-10-02 20:00:00,149.776,149.869,149.733,149.861,2060,11,0
2023-10-03 00:00:00,149.86,149.888,149.782,149.86,5061,11,0
2023-10-03 04:00:00,149.86,149.93,149.649,149.789,5907,11,0
2023-10-03 08:00:00,149.789,149.97,149.734,149.97,5680,11,0
2023-10-03 12:00:00,149.969,150.153,147.285,149.166,49653,11,0
2023-10-03 16:00:00,149.164,149.197,148.706,148.759,9726,11,0
2023-10-03 20:00:00,148.726,149.203,148.68,149.176,5071,11,0
2023-10-04 00:00:00,149.174,149.314,149.078,149.277,7773,11,0
2023-10-04 04:00:00,149.276,149.277,148.731,148.843,8524,11,0
2023-10-04 08:00:00,148.842,149.207,148.839,148.999,10260,11,0
2023-10-04 12:00:00,148.998,149.128,148.761,148.827,19336,11,0
2023-10-04 16:00:00,148.827,149.128,148.814,149.044,7116,11,0
2023-10-04 20:00:00,149.026,149.099,148.896,148.975,2771,11,0
2023-10-05 00:00:00,148.978,149.007,148.256,148.515,11707,11,0
2023-10-05 04:00:00,148.514,149.09,148.439,149.052,7595,11,0
2023-10-05 08:00:00,149.052,149.084,148.803,148.82,7540,11,0
2023-10-05 12:00:00,148.82,149.111,148.432,148.488,16919,11,0
2023-10-05 16:00:00,148.488,148.523,148.301,148.445,6965,11,0
2023-10-05 20:00:00,148.399,148.496,148.357,148.466,1964,11,0
2023-10-06 00:00:00,148.468,148.688,148.461,148.686,6472,11,0
2023-10-06 04:00:00,148.686,148.984,148.653,148.883,6051,11,0
2023-10-06 08:00:00,148.883,149.088,148.837,149.047,6629,11,0
2023-10-06 12:00:00,149.047,149.531,148.964,149.083,22941,11,0
2023-10-06 16:00:00,149.082,149.354,149.059,149.33,6580,11,0
2023-10-06 20:00:00,149.288,149.323,149.205,149.253,771,43,0
2023-10-08 20:00:00,149.037,149.206,148.927,149.148,4257,11,0
2023-10-09 00:00:00,149.148,149.198,149.074,149.153,4492,11,0
2023-10-09 04:00:00,149.152,149.22,149.103,149.164,5198,11,0
2023-10-09 08:00:00,149.164,149.178,149.079,149.148,3384,11,0
2023-10-09 12:00:00,149.148,149.171,148.514,148.7,9790,11,0
2023-10-09 16:00:00,148.699,148.776,148.432,148.436,4724,11,0
2023-10-09 20:00:00,148.379,148.515,148.286,148.328,3126,11,0
2023-10-10 00:00:00,148.328,148.662,148.158,148.611,10154,11,0
2023-10-10 04:00:00,148.613,149.065,148.516,148.956,12244,11,0
2023-10-10 08:00:00,148.954,149.093,148.735,149.061,8351,11,0
2023-10-10 12:00:00,149.063,149.089,148.57,148.619,13010,11,0
2023-10-10 16:00:00,148.62,148.771,148.54,148.68,6834,11,0
2023-10-10 20:00:00,148.664,148.713,148.548,148.625,2158,11,0
2023-10-11 00:00:00,148.623,148.833,148.42,148.814,6663,11,0
2023-10-11 04:00:00,148.812,148.967,148.577,148.756,7181,11,0
2023-10-11 08:00:00,148.756,148.833,148.603,148.829,8220,11,0
2023-10-11 12:00:00,148.829,149.181,148.818,148.998,15383,11,0
2023-10-11 16:00:00,148.998,149.319,148.989,149.197,7396,11,0
2023-10-11 20:00:00,149.164,149.201,148.948,149.032,2460,11,0
2023-10-12 00:00:00,149.031,149.269,149.016,149.127,6514,11,0
2023-10-12 04:00:00,149.125,149.193,148.951,149.175,5517,11,0
2023-10-12 08:00:00,149.174,149.2,149.053,149.146,5260,11,0
2023-10-12 12:00:00,149.145,149.791,149.035,149.713,15321,11,0
2023-10-12 16:00:00,149.711,149.824,149.655,149.809,5939,11,0
2023-10-12 20:00:00,149.779,149.796,149.718,149.783,1692,11,0
2023-10-13 00:00:00,149.783,149.822,149.72,149.76,4799,11,0
2023-10-13 04:00:00,149.76,149.762,149.569,149.651,6051,11,0
2023-10-13 08:00:00,149.65,149.772,149.554,149.609,7337,11,0
2023-10-13 12:00:00,149.607,149.739,149.449,149.615,11215,11,0
2023-10-13 16:00:00,149.613,149.618,149.464,149.504,4685,11,0
2023-10-13 20:00:00,149.473,149.575,149.473,149.526,727,43,0
2023-10-15 20:00:00,149.308,149.627,149.305,149.558,2843,11,0
2023-10-16 00:00:00,149.557,149.572,149.412,149.473,4728,11,0
2023-10-16 04:00:00,149.473,149.609,149.37,149.567,5745,11,0
2023-10-16 08:00:00,149.567,149.591,149.444,149.504,4552,11,0
2023-10-16 12:00:00,149.503,149.758,149.405,149.569,9197,11,0
2023-10-16 16:00:00,149.567,149.609,149.505,149.514,2980,11,0
2023-10-16 20:00:00,149.486,149.599,149.427,149.577,2008,11,0
2023-10-17 00:00:00,149.575,149.626,149.476,149.542,4124,11,0
2023-10-17 04:00:00,149.542,149.653,149.497,149.596,3995,11,0
2023-10-17 08:00:00,149.596,149.748,148.738,149.459,13125,11,0
2023-10-17 12:00:00,149.457,149.791,149.448,149.712,10820,11,0
2023-10-17 16:00:00,149.712,149.845,149.684,149.773,4044,11,0
2023-10-17 20:00:00,149.729,149.821,149.689,149.758,1697,11,0
2023-10-18 00:00:00,149.756,149.788,149.481,149.663,4340,11,0
2023-10-18 04:00:00,149.663,149.747,149.599,149.742,5024,11,0
2023-10-18 08:00:00,149.742,149.779,149.607,149.676,5284,11,0
2023-10-18 12:00:00,149.675,149.88,149.627,149.861,8155,11,0
2023-10-18 16:00:00,149.86,149.912,149.728,149.874,4704,11,0
2023-10-18 20:00:00,149.845,149.906,149.723,149.761,2649,11,0
2023-10-19 00:00:00,149.767,149.836,149.664,149.804,5453,11,0
2023-10-19 04:00:00,149.804,149.826,149.719,149.797,4117,11,0
2023-10-19 08:00:00,149.798,149.873,149.774,149.854,4502,11,0
2023-10-19 12:00:00,149.854,149.929,149.763,149.917,7842,11,0
2023-10-19 16:00:00,149.915,149.959,149.673,149.798,12348,11,0
2023-10-19 20:00:00,149.767,149.834,149.687,149.802,2525,11,0
2023-10-20 00:00:00,149.802,149.936,149.791,149.845,4217,11,0
2023-10-20 04:00:00,149.845,149.975,149.838,149.963,4306,11,0
2023-10-20 08:00:00,149.963,149.987,149.643,149.94,7100,11,0
2023-10-20 12:00:00,149.94,149.984,149.793,149.846,7473,11,0
2023-10-20 16:00:00,149.846,149.883,149.772,149.861,4294,11,0
2023-10-20 20:00:00,149.845,149.853,149.787,149.838,564,43,0
2023-10-22 20:00:00,149.836,149.889,149.734,149.882,1617,11,0
2023-10-23 00:00:00,149.882,149.937,149.775,149.934,3054,11,0
2023-10-23 04:00:00,149.934,149.957,149.884,149.896,2963,11,0
2023-10-23 08:00:00,149.896,149.986,149.862,149.924,3858,11,0
2023-10-23 12:00:00,149.924,149.957,149.732,149.785,6252,11,0
2023-10-23 16:00:00,149.786,149.811,149.552,149.641,4785,11,0
2023-10-23 20:00:00,149.603,149.784,149.586,149.773,2128,11,0
2023-10-24 00:00:00,149.772,149.783,149.494,149.606,4578,11,0
2023-10-24 04:00:00,149.606,149.745,149.317,149.483,6028,11,0
2023-10-24 08:00:00,149.482,149.84,149.323,149.752,6764,11,0
2023-10-24 12:00:00,149.751,149.926,149.75,149.841,7755,11,0
2023-10-24 16:00:00,149.84,149.908,149.743,149.887,3828,11,0
2023-10-24 20:00:00,149.871,149.898,149.78,149.852,1662,11,0
2023-10-25 00:00:00,149.851,149.92,149.791,149.842,3058,11,0
2023-10-25 04:00:00,149.842,149.908,149.817,149.896,2661,11,0
2023-10-25 08:00:00,149.896,149.94,149.863,149.924,3377,11,0
2023-10-25 12:00:00,149.924,149.96,149.875,149.933,5973,11,0
2023-10-25 16:00:00,149.934,150.052,149.87,150.052,4990,11,0
2023-10-25 20:00:00,150.013,150.285,149.939,150.092,3074,11,0
2023-10-26 00:00:00,150.093,150.473,150.036,150.415,5419,11,0
2023-10-26 04:00:00,150.415,150.772,149.864,150.473,11643,11,0
2023-10-26 08:00:00,150.473,150.473,150.198,150.429,6132,11,0
2023-10-26 12:00:00,150.427,150.517,150.081,150.442,13364,11,0
2023-10-26 16:00:00,150.442,150.454,150.231,150.396,5112,11,0
2023-10-26 20:00:00,150.398,150.414,150.261,150.363,2166,11,0
2023-10-27 00:00:00,150.361,150.408,150.139,150.21,4039,11,0
2023-10-27 04:00:00,150.211,150.273,150.076,150.153,4916,11,0
2023-10-27 08:00:00,150.152,150.176,149.968,150.079,4609,11,0
2023-10-27 12:00:00,150.079,150.079,149.544,149.605,11809,11,0
2023-10-27 16:00:00,149.605,149.694,149.456,149.553,4398,11,0
2023-10-27 20:00:00,149.526,149.662,149.465,149.6,949,43,0
2023-10-29 20:00:00,149.452,149.764,149.438,149.733,1726,11,0
2023-10-30 00:00:00,149.733,149.81,149.562,149.577,3309,11,0
2023-10-30 04:00:00,149.577,149.662,149.278,149.52,4686,11,0
2023-10-30 08:00:00,149.519,149.776,149.471,149.751,5522,11,0
2023-10-30 12:00:00,149.751,149.849,148.8,149.007,17583,11,0
2023-10-30 16:00:00,149.005,149.17,148.95,149.06,4590,11,0
2023-10-30 20:00:00,149.044,149.158,148.964,149.094,2180,11,0
2023-10-31 00:00:00,149.095,150.104,149.086,149.893,18088,11,0
2023-10-31 04:00:00,149.894,150.31,149.857,150.276,9136,11,0
2023-10-31 08:00:00,150.276,150.772,150.065,150.73,14409,11,0
2023-10-31 12:00:00,150.73,151.545,150.631,151.452,12943,11,0
2023-10-31 16:00:00,151.451,151.706,151.056,151.571,12829,11,0
2023-10-31 20:00:00,151.513,151.699,151.154,151.32,5824,11,0
2023-11-01 00:00:00,151.32,151.441,151.138,151.239,6617,11,0
2023-11-01 04:00:00,151.239,151.39,151.201,151.372,5229,11,0
2023-11-01 08:00:00,151.37,151.372,151.134,151.228,5947,11,0
2023-11-01 12:00:00,151.228,151.374,150.809,150.964,12457,11,0
2023-11-01 16:00:00,150.965,151.238,150.66,150.868,15013,11,0
2023-11-01 20:00:00,150.785,150.941,150.536,150.572,3389,11,0
2023-11-02 00:00:00,150.571,150.589,150.143,150.345,8393,11,0
2023-11-02 04:00:00,150.345,150.576,150.162,150.379,7041,11,0
2023-11-02 08:00:00,150.377,150.574,150.223,150.362,8224,11,0
2023-11-02 12:00:00,150.362,150.49,149.843,150.475,13466,11,0
2023-11-02 16:00:00,150.477,150.54,150.369,150.459,5546,11,0
2023-11-02 20:00:00,150.437,150.52,150.33,150.495,2237,11,0
2023-11-03 00:00:00,150.493,150.494,150.305,150.343,3716,11,0
2023-11-03 04:00:00,150.343,150.343,150.231,150.333,3086,11,0
2023-11-03 08:00:00,150.335,150.42,150.144,150.178,4553,11,0
2023-11-03 12:00:00,150.179,150.223,149.191,149.365,21410,11,0
2023-11-03 16:00:00,149.365,149.465,149.241,149.463,6421,11,0
2023-11-03 20:00:00,149.42,149.454,149.282,149.331,879,43,0
2023-11-05 20:00:00,149.314,149.455,149.254,149.428,1322,43,0
2023-11-06 00:00:00,149.452,149.67,149.438,149.576,6062,11,0
2023-11-06 04:00:00,149.576,149.727,149.461,149.72,5082,11,0
2023-11-06 08:00:00,149.722,149.724,149.371,149.617,7047,11,0
2023-11-06 12:00:00,149.619,149.833,149.598,149.726,7335,11,0
2023-11-06 16:00:00,149.727,149.976,149.673,149.975,4156,11,0
2023-11-06 20:00:00,149.973,150.05,149.874,149.95,2919,11,0
2023-11-07 00:00:00,149.983,150.221,149.957,150.19,4810,11,0
2023-11-07 04:00:00,150.19,150.489,150.19,150.479,3980,11,0
2023-11-07 08:00:00,150.479,150.492,150.242,150.399,6930,11,0
2023-11-07 12:00:00,150.4,150.688,150.378,150.495,9223,11,0
2023-11-07 16:00:00,150.496,150.616,150.312,150.434,5958,11,0
2023-11-07 20:00:00,150.432,150.471,150.152,150.376,2868,11,0
2023-11-08 00:00:00,150.394,150.613,150.346,150.49,5570,11,0
2023-11-08 04:00:00,150.49,150.752,150.456,150.677,4538,11,0
2023-11-08 08:00:00,150.678,150.793,150.595,150.735,5862,11,0
2023-11-08 12:00:00,150.735,150.981,150.722,150.843,8094,11,0
2023-11-08 16:00:00,150.841,151.051,150.725,151.026,5769,11,0
2023-11-08 20:00:00,151.027,151.055,150.659,150.827,3730,11,0
2023-11-09 00:00:00,150.852,150.995,150.824,150.934,4735,11,0
2023-11-09 04:00:00,150.933,151.088,150.769,150.91,5334,11,0
2023-11-09 08:00:00,150.91,151.182,150.876,151.134,6298,11,0
2023-11-09 12:00:00,151.134,151.162,150.828,150.947,9610,11,0
2023-11-09 16:00:00,150.947,151.383,150.933,151.324,8551,11,0
2023-11-09 20:00:00,151.322,151.374,151.201,151.291,3453,11,0
2023-11-10 00:00:00,151.343,151.368,151.219,151.321,4468,11,0
2023-11-10 04:00:00,151.321,151.448,151.285,151.37,3850,11,0
2023-11-10 08:00:00,151.372,151.486,151.324,151.47,5009,11,0
2023-11-10 12:00:00,151.47,151.549,151.318,151.47,6967,11,0
2023-11-10 16:00:00,151.469,151.595,151.444,151.585,4038,11,0
2023-11-10 20:00:00,151.585,151.593,151.477,151.497,1239,11,0
2023-11-12 20:00:00,151.416,151.488,151.393,151.418,1187,43,0
2023-11-13 00:00:00,151.456,151.695,151.439,151.662,3987,11,0
2023-11-13 04:00:00,151.662,151.796,151.662,151.737,3454,11,0
2023-11-13 08:00:00,151.739,151.852,151.678,151.726,4802,11,0
2023-11-13 12:00:00,151.726,151.905,151.202,151.683,13206,11,0
2023-11-13 16:00:00,151.684,151.686,151.494,151.593,4592,11,0
2023-11-13 20:00:00,151.594,151.704,151.551,151.603,2442,11,0
2023-11-14 00:00:00,151.643,151.779,151.609,151.697,3898,11,0
2023-11-14 04:00:00,151.697,151.73,151.568,151.627,3229,11,0
2023-11-14 08:00:00,151.627,151.741,151.602,151.73,4361,11,0
2023-11-14 12:00:00,151.732,151.789,150.681,150.818,18781,11,0
2023-11-14 16:00:00,150.817,150.863,150.343,150.347,6908,11,0
2023-11-14 20:00:00,150.347,150.458,150.149,150.456,4851,11,0
2023-11-15 00:00:00,150.482,150.786,150.438,150.57,7917,11,0
2023-11-15 04:00:00,150.571,150.75,150.505,150.684,5578,11,0
2023-11-15 08:00:00,150.683,150.697,150.249,150.276,8220,11,0
2023-11-15 12:00:00,150.274,151.238,150.042,150.901,15309,11,0
2023-11-15 16:00:00,150.902,151.4,150.859,151.372,5572,11,0
2023-11-15 20:00:00,151.372,151.404,151.021,151.181,3116,11,0
2023-11-16 00:00:00,151.206,151.314,151.116,151.25,4476,11,0
2023-11-16 04:00:00,151.25,151.424,151.24,151.367,4013,11,0
2023-11-16 08:00:00,151.369,151.428,151.14,151.217,6123,11,0
2023-11-16 12:00:00,151.218,151.295,150.282,150.406,13869,11,0
2023-11-16 16:00:00,150.406,150.65,150.296,150.604,5870,11,0
2023-11-16 20:00:00,150.605,150.748,150.563,150.665,2727,11,0
2023-11-17 00:00:00,150.698,150.77,150.42,150.547,6013,11,0
2023-11-17 04:00:00,150.548,150.691,150.43,150.44,4757,11,0
2023-11-17 08:00:00,150.44,150.451,149.223,149.504,16591,11,0
2023-11-17 12:00:00,149.504,149.788,149.196,149.555,16224,11,0
2023-11-17 16:00:00,149.554,149.868,149.528,149.642,5982,11,0
2023-11-17 20:00:00,149.644,149.689,149.531,149.534,1339,11,0
2023-11-19 20:00:00,149.573,149.924,149.468,149.921,2012,43,0
2023-11-20 00:00:00,149.956,149.988,148.85,148.903,14170,11,0
2023-11-20 04:00:00,148.903,149.206,148.684,148.902,12102,11,0
2023-11-20 08:00:00,148.901,148.966,148.099,148.202,15340,11,0
2023-11-20 12:00:00,148.202,148.683,148.19,148.368,13389,11,0
2023-11-20 16:00:00,148.369,148.42,148.135,148.313,7653,11,0
2023-11-20 20:00:00,148.312,148.416,148.176,148.35,3191,11,0
2023-11-21 00:00:00,148.381,148.415,147.342,147.378,17382,10,0
2023-11-21 04:00:00,147.378,147.831,147.242,147.512,14739,10,0
2023-11-21 08:00:00,147.511,147.795,147.149,147.714,14198,11,0
2023-11-21 12:00:00,147.717,147.807,147.348,147.788,17141,11,0
2023-11-21 16:00:00,147.787,148.591,147.731,148.312,11299,11,0
2023-11-21 20:00:00,148.311,148.426,147.959,148.109,4565,11,0
2023-11-22 00:00:00,148.146,148.353,148.031,148.208,12160,10,0
2023-11-22 04:00:00,148.209,149.048,148.198,148.955,11047,11,0
2023-11-22 08:00:00,148.957,149.35,148.7,148.765,13492,10,0
2023-11-22 12:00:00,148.766,149.745,148.585,149.677,16961,11,0
2023-11-22 16:00:00,149.677,149.745,149.541,149.578,6459,11,0
2023-11-22 20:00:00,149.578,149.617,149.318,149.438,2597,11,0
2023-11-23 00:00:00,149.461,149.461,149.028,149.123,7597,11,0
2023-11-23 04:00:00,149.123,149.195,148.884,149.141,6927,11,0
2023-11-23 08:00:00,149.141,149.338,149.04,149.24,8689,11,0
2023-11-23 12:00:00,149.241,149.685,149.232,149.492,7604,11,0
2023-11-23 16:00:00,149.492,149.638,149.488,149.563,2530,11,0
2023-11-23 20:00:00,149.563,149.6,149.288,149.55,4654,13,0
2023-11-24 00:00:00,149.628,149.708,149.405,149.499,7745,11,0
2023-11-24 04:00:00,149.497,149.498,149.194,149.421,7007,10,0
2023-11-24 08:00:00,149.424,149.658,149.365,149.562,7861,11,0
2023-11-24 12:00:00,149.562,149.667,149.439,149.495,10092,11,0
2023-11-24 16:00:00,149.496,149.623,149.42,149.467,4298,10,0
2023-11-24 20:00:00,149.466,149.469,149.277,149.32,1757,53,0
2023-11-26 20:00:00,149.408,149.553,149.351,149.545,2035,40,0
2023-11-27 00:00:00,149.575,149.672,148.89,148.978,12707,11,0
2023-11-27 04:00:00,148.979,149.15,148.768,149.019,11043,11,0
2023-11-27 08:00:00,149.02,149.324,148.938,149.024,11337,11,0
2023-11-27 12:00:00,149.022,149.043,148.648,148.912,16228,10,0
2023-11-27 16:00:00,148.912,149.075,148.541,148.602,9576,11,0
2023-11-27 20:00:00,148.603,148.669,148.314,148.386,4281,11,0
2023-11-28 00:00:00,148.413,148.413,147.967,148.21,13183,11,0
2023-11-28 04:00:00,148.209,148.542,148.126,148.505,9596,11,0
2023-11-28 08:00:00,148.507,148.826,148.402,148.584,11070,11,0
2023-11-28 12:00:00,148.584,148.692,147.697,147.868,23006,10,0
2023-11-28 16:00:00,147.869,147.911,147.319,147.42,16066,11,0
2023-11-28 20:00:00,147.42,147.541,146.948,147.039,5232,11,0
2023-11-29 00:00:00,147.063,147.316,146.667,147.286,17747,11,0
2023-11-29 04:00:00,147.289,147.361,146.943,147.341,15031,10,0
2023-11-29 08:00:00,147.341,147.815,147.177,147.616,16925,11,0
2023-11-29 12:00:00,147.619,147.901,147.116,147.389,28029,10,0
2023-11-29 16:00:00,147.392,147.471,147.074,147.237,11659,10,0
2023-11-29 20:00:00,147.237,147.36,146.775,147.023,5537,11,0
2023-11-30 00:00:00,147.056,147.187,146.881,147.087,13543,10,0
2023-11-30 04:00:00,147.086,147.261,146.861,147.058,10417,11,0
2023-11-30 08:00:00,147.057,147.744,146.952,147.703,16239,11,0
2023-11-30 12:00:00,147.702,148.513,147.205,147.831,29293,10,0
2023-11-30 16:00:00,147.832,148.266,147.715,148.204,11825,11,0
2023-11-30 20:00:00,148.207,148.297,147.853,147.968,5569,13,0
2023-12-01 00:00:00,147.996,148.18,147.596,148.118,14278,10,0
2023-12-01 04:00:00,148.12,148.312,147.992,148.298,10200,11,0
2023-12-01 08:00:00,148.297,148.297,147.687,148.128,13376,10,0
2023-12-01 12:00:00,148.128,148.342,147.333,147.588,22591,10,0
2023-12-01 16:00:00,147.589,147.841,146.655,146.843,21552,10,0
2023-12-01 20:00:00,146.842,146.893,146.739,146.78,2807,13,0
2023-12-03 20:00:00,146.662,146.747,146.151,146.308,3490,43,0
2023-12-04 00:00:00,146.359,146.742,146.221,146.731,18590,11,0
2023-12-04 04:00:00,146.73,146.973,146.574,146.954,11656,11,0
2023-12-04 08:00:00,146.952,147.109,146.456,146.535,15217,11,0
2023-12-04 12:00:00,146.538,147.16,146.464,147.098,23443,10,0
2023-12-04 16:00:00,147.1,147.449,146.949,147.288,11813,11,0
2023-12-04 20:00:00,147.289,147.351,147.049,147.26,5026,11,0
2023-12-05 00:00:00,147.299,147.376,146.966,147.164,12180,10,0
2023-12-05 04:00:00,147.165,147.176,146.743,146.834,10990,11,0
2023-12-05 08:00:00,146.836,147.179,146.674,147.016,14582,11,0
2023-12-05 12:00:00,147.015,147.273,146.556,147.099,24907,10,0
2023-12-05 16:00:00,147.099,147.387,146.979,147.25,12791,10,0
2023-12-05 20:00:00,147.25,147.275,147.005,147.15,4742,11,0
2023-12-06 00:00:00,147.182,147.395,147.084,147.271,10011,11,0
2023-12-06 04:00:00,147.271,147.318,146.925,146.965,8681,11,0
2023-12-06 08:00:00,146.968,147.496,146.892,147.392,11707,11,0
2023-12-06 12:00:00,147.392,147.424,146.996,147.216,18028,10,0
2023-12-06 16:00:00,147.215,147.374,147.094,147.34,8004,11,0
2023-12-06 20:00:00,147.338,147.409,146.985,147.138,3976,11,0
2023-12-07 00:00:00,147.182,147.186,146.686,146.854,13573,10,0
2023-12-07 04:00:00,146.856,146.893,145.514,145.709,18828,10,0
2023-12-07 08:00:00,145.708,145.712,144.539,145.02,31655,10,0
2023-12-07 12:00:00,145.02,145.296,143.935,144.027,32068,11,0
2023-12-07 16:00:00,144.026,144.311,141.623,143.448,48450,10,0
2023-12-07 20:00:00,143.446,144.271,143.428,144.137,7950,12,0
2023-12-08 00:00:00,144.234,144.286,142.493,143.77,49501,10,0
2023-12-08 04:00:00,143.773,144.392,143.586,144.084,28056,10,0
2023-12-08 08:00:00,144.086,144.664,143.716,144.443,24938,10,0
2023-12-08 12:00:00,144.445,145.204,143.754,144.499,44662,10,0
2023-12-08 16:00:00,144.501,144.974,144.386,144.962,15076,11,0
2023-12-08 20:00:00,144.963,144.998,144.865,144.909,2306,11,0
2023-12-10 20:00:00,144.914,145.032,144.747,144.935,2869,43,0
2023-12-11 00:00:00,144.985,145.571,144.868,145.417,19786,10,0
2023-12-11 04:00:00,145.418,146.449,145.321,146.369,18336,11,0
2023-12-11 08:00:00,146.373,146.455,145.967,146.158,17811,11,0
2023-12-11 12:00:00,146.155,146.499,146.05,146.414,18862,11,0
2023-12-11 16:00:00,146.415,146.587,146.067,146.145,12773,11,0
2023-12-11 20:00:00,146.148,146.245,145.976,145.989,4382,11,0
2023-12-12 00:00:00,146.044,146.123,145.528,145.597,18218,11,0
2023-12-12 04:00:00,145.594,145.679,145.22,145.439,12812,10,0
2023-12-12 08:00:00,145.437,145.625,145.054,145.173,14318,11,0
2023-12-12 12:00:00,145.171,145.849,144.725,145.641,26395,10,0
2023-12-12 16:00:00,145.637,145.725,145.399,145.59,11797,11,0
2023-12-12 20:00:00,145.588,145.613,145.122,145.268,4674,11,0
2023-12-13 00:00:00,145.294,145.661,145.272,145.619,12979,10,0
2023-12-13 04:00:00,145.619,145.991,145.483,145.808,11153,10,0
2023-12-13 08:00:00,145.809,145.948,145.595,145.62,12268,11,0
2023-12-13 12:00:00,145.619,145.731,145.035,145.151,18899,11,0
2023-12-13 16:00:00,145.154,145.272,142.876,143.136,38019,10,0
2023-12-13 20:00:00,143.134,143.269,142.094,142.747,22836,10,0
2023-12-14 00:00:00,142.787,142.911,140.95,141.404,36435,10,0
2023-12-14 04:00:00,141.401,142.173,141.347,142.011,31846,10,0
2023-12-14 08:00:00,142.007,142.049,141.226,141.417,26205,10,0
2023-12-14 12:00:00,141.414,142.274,141.347,141.676,40917,11,0
2023-12-14 16:00:00,141.679,142.005,141.394,141.916,18788,10,0
2023-12-14 20:00:00,141.912,142.259,141.743,142.227,7032,11,0
2023-12-15 00:00:00,142.275,142.463,141.786,141.888,20362,10,0
2023-12-15 04:00:00,141.891,142.131,141.561,141.971,17519,11,0
2023-12-15 08:00:00,141.97,142.057,141.467,141.741,17822,11,0
2023-12-15 12:00:00,141.744,142.449,141.425,141.739,34139,10,0
2023-12-15 16:00:00,141.74,142.309,141.659,142.175,14011,11,0
2023-12-15 20:00:00,142.177,142.274,142.028,142.134,3372,11,0
2023-12-17 20:00:00,142.038,142.325,142.025,142.304,2044,43,0
2023-12-18 00:00:00,142.327,142.455,142.067,142.169,14752,10,0
2023-12-18 04:00:00,142.169,142.41,142.117,142.378,9809,10,0
2023-12-18 08:00:00,142.376,142.824,142.239,142.743,16443,11,0
2023-12-18 12:00:00,142.742,143.154,142.674,143.111,17849,10,0
2023-12-18 16:00:00,143.109,143.111,142.835,142.881,9742,11,0
2023-12-18 20:00:00,142.884,142.955,142.586,142.667,4348,11,0
2023-12-19 00:00:00,142.691,143.785,142.243,143.514,33247,11,0
2023-12-19 04:00:00,143.514,144.259,142.474,144.167,40453,11,0
2023-12-19 08:00:00,144.169,144.954,144.138,144.79,20700,11,0
2023-12-19 12:00:00,144.792,144.795,143.683,143.8,24589,11,0
2023-12-19 16:00:00,143.8,143.919,143.525,143.902,12027,11,0
2023-12-19 20:00:00,143.9,143.965,143.715,143.86,4613,11,0
2023-12-20 00:00:00,143.919,144.097,143.634,143.689,15991,11,0
2023-12-20 04:00:00,143.688,143.764,143.301,143.539,17899,11,0
2023-12-20 08:00:00,143.54,143.642,143.257,143.366,14887,11,0
2023-12-20 12:00:00,143.367,143.71,143.301,143.675,15790,11,0
2023-12-20 16:00:00,143.678,143.936,143.653,143.801,10137,11,0
2023-12-20 20:00:00,143.797,143.872,143.234,143.494,7740,11,0
2023-12-21 00:00:00,143.528,143.559,142.804,142.91,16405,11,0
2023-12-21 04:00:00,142.912,143.282,142.81,143.254,12301,11,0
2023-12-21 08:00:00,143.255,143.397,142.64,142.727,13061,11,0
2023-12-21 12:00:00,142.724,142.997,142.067,142.161,24865,11,0
2023-12-21 16:00:00,142.161,142.435,142.039,142.233,14425,11,0
2023-12-21 20:00:00,142.231,142.297,141.946,142.047,5364,11,0
2023-12-22 00:00:00,142.071,142.545,141.86,142.531,16754,11,0
2023-12-22 04:00:00,142.528,142.556,142.124,142.228,11889,11,0
2023-12-22 08:00:00,142.23,142.37,141.922,141.993,11854,11,0
2023-12-22 12:00:00,141.995,142.466,141.884,142.363,22196,11,0
2023-12-22 16:00:00,142.361,142.66,142.324,142.487,10644,11,0
2023-12-22 20:00:00,142.489,142.548,142.366,142.429,2528,11,0
2023-12-25 20:00:00,142.233,142.381,141.976,142.071,1273,350,0
2023-12-26 00:00:00,142.192,142.319,142.043,142.163,4523,52,0
2023-12-26 04:00:00,142.163,142.359,142.148,142.292,3804,75,0
2023-12-26 08:00:00,142.292,142.487,142.279,142.346,4358,64,0
2023-12-26 12:00:00,142.346,142.585,142.221,142.579,6513,37,0
2023-12-26 16:00:00,142.581,142.615,142.383,142.459,4668,37,0
2023-12-26 20:00:00,142.458,142.463,142.159,142.399,4988,37,0
2023-12-27 00:00:00,142.474,142.83,142.421,142.552,7654,33,0
2023-12-27 04:00:00,142.553,142.823,142.512,142.769,5782,33,0
2023-12-27 08:00:00,142.764,142.795,142.433,142.531,6541,33,0
2023-12-27 12:00:00,142.528,142.633,142.182,142.189,7338,33,0
2023-12-27 16:00:00,142.192,142.224,141.546,141.884,12599,11,0
2023-12-27 20:00:00,141.88,141.896,141.309,141.407,6011,11,0
2023-12-28 00:00:00,141.437,141.666,141.167,141.307,15699,11,0
2023-12-28 04:00:00,141.307,141.32,140.707,140.818,14042,11,0
2023-12-28 08:00:00,140.815,141.071,140.647,140.811,12259,11,0
2023-12-28 12:00:00,140.814,141.134,140.247,140.881,19085,11,0
2023-12-28 16:00:00,140.882,141.583,140.858,141.452,13565,11,0
2023-12-28 20:00:00,141.452,141.458,141.19,141.404,4441,11,0
2023-12-29 00:00:00,141.437,141.664,141.339,141.48,11574,11,0
2023-12-29 04:00:00,141.481,141.485,141.136,141.408,8153,11,0
2023-12-29 08:00:00,141.405,141.911,141.326,141.542,10797,11,0
2023-12-29 12:00:00,141.542,141.879,140.895,140.991,19997,11,0
2023-12-29 16:00:00,140.995,141.105,140.79,141.018,16138,11,0
2023-12-29 20:00:00,141.016,141.048,140.917,140.993,2587,11,0
2024-01-01 20:00:00,140.699,140.96,140.643,140.952,1417,344,0
2024-01-02 00:00:00,141.064,141.651,141.047,141.488,5888,33,0
2024-01-02 04:00:00,141.49,141.592,141.322,141.531,6348,32,0
2024-01-02 08:00:00,141.527,141.883,141.277,141.822,12943,11,0
2024-01-02 12:00:00,141.824,142.213,141.496,141.924,23102,11,0
2024-01-02 16:00:00,141.922,141.998,141.71,141.944,10780,11,0
2024-01-02 20:00:00,141.944,142.141,141.771,142.141,4256,11,0
2024-01-03 00:00:00,142.172,142.172,141.855,141.887,7902,11,0
2024-01-03 04:00:00,141.887,142.465,141.856,142.416,9028,11,0
2024-01-03 08:00:00,142.417,142.976,142.394,142.929,12716,11,0
2024-01-03 12:00:00,142.928,143.723,142.786,143.596,24351,11,0
2024-01-03 16:00:00,143.594,143.729,143.136,143.232,19243,11,0
2024-01-03 20:00:00,143.236,143.282,142.898,142.959,6818,11,0
2024-01-04 00:00:00,142.994,143.482,142.85,143.34,13003,11,0
2024-01-04 04:00:00,143.34,143.889,143.175,143.37,16164,11,0
2024-01-04 08:00:00,143.368,144.291,143.359,144.252,17737,11,0
2024-01-04 12:00:00,144.252,144.848,144.059,144.657,19802,11,0
2024-01-04 16:00:00,144.655,144.709,144.455,144.577,10202,11,0
2024-01-04 20:00:00,144.573,144.741,144.44,144.741,3792,11,0
2024-01-05 00:00:00,144.77,144.951,144.656,144.923,12192,11,0
2024-01-05 04:00:00,144.922,145.365,144.654,145.073,13397,11,0
2024-01-05 08:00:00,145.076,145.372,144.848,145.265,13118,11,0
2024-01-05 12:00:00,145.265,145.967,143.804,144.126,45069,11,0
2024-01-05 16:00:00,144.125,144.89,144.062,144.658,17924,11,0
2024-01-05 20:00:00,144.657,144.762,144.516,144.592,3550,11,0
2024-01-07 20:00:00,144.39,144.88,144.39,144.689,2128,43,0
2024-01-08 00:00:00,144.718,144.794,144.312,144.487,10286,11,0
2024-01-08 04:00:00,144.486,144.534,144.086,144.414,11491,11,0
2024-01-08 08:00:00,144.416,144.61,144.181,144.574,15735,11,0
2024-01-08 12:00:00,144.576,144.68,143.849,143.928,20201,11,0
2024-01-08 16:00:00,143.927,144.179,143.657,144.104,12869,11,0
2024-01-08 20:00:00,144.1,144.267,144.044,144.186,5033,11,0
2024-01-09 00:00:00,144.218,144.255,143.417,143.622,16655,11,0
2024-01-09 04:00:00,143.622,144.149,143.567,144.061,12252,11,0
2024-01-09 08:00:00,144.058,144.311,143.738,144.071,15341,11,0
2024-01-09 12:00:00,144.069,144.36,143.647,144.306,20846,11,0
2024-01-09 16:00:00,144.31,144.62,144.243,144.543,12830,11,0
2024-01-09 20:00:00,144.541,144.541,144.277,144.397,4888,11,0
2024-01-10 00:00:00,144.428,144.932,144.411,144.844,11569,11,0
2024-01-10 04:00:00,144.847,145.15,144.665,144.936,11823,11,0
2024-01-10 08:00:00,144.934,145.127,144.758,144.991,12143,11,0
2024-01-10 12:00:00,144.992,145.671,144.979,145.611,15954,11,0
2024-01-10 16:00:00,145.608,145.824,145.509,145.687,10101,11,0
2024-01-10 20:00:00,145.683,145.83,145.412,145.707,6381,11,0
2024-01-11 00:00:00,145.724,145.777,145.301,145.307,12979,11,0
2024-01-11 04:00:00,145.307,145.542,145.273,145.403,9635,11,0
2024-01-11 08:00:00,145.4,145.589,145.327,145.39,12058,11,0
2024-01-11 12:00:00,145.388,146.413,145.085,145.948,42235,11,0
2024-01-11 16:00:00,145.949,146.186,145.437,145.479,20715,11,0
2024-01-11 20:00:00,145.477,145.542,144.877,145.073,7454,11,0
2024-01-12 00:00:00,145.096,145.402,144.841,144.912,15037,11,0
2024-01-12 04:00:00,144.912,145.283,144.892,145.145,11849,11,0
2024-01-12 08:00:00,145.144,145.277,144.863,145.233,13509,11,0
2024-01-12 12:00:00,145.23,145.563,144.346,144.703,31107,11,0
2024-01-12 16:00:00,144.706,145.014,144.561,144.868,12535,11,0
2024-01-12 20:00:00,144.868,144.94,144.785,144.895,2826,11,0
2024-01-14 20:00:00,144.86,145.141,144.806,145.111,1718,43,0
2024-01-15 00:00:00,145.146,145.23,144.929,145.13,12066,11,0
2024-01-15 04:00:00,145.131,145.551,145.096,145.447,8125,11,0
2024-01-15 08:00:00,145.444,145.821,145.311,145.666,11796,11,0
2024-01-15 12:00:00,145.669,145.938,145.661,145.784,11801,11,0
2024-01-15 16:00:00,145.787,145.852,145.675,145.781,4128,11,0
2024-01-15 20:00:00,145.781,145.835,145.631,145.767,2118,11,0
2024-01-16 00:00:00,145.792,146.193,145.581,146.094,16068,11,0
2024-01-16 04:00:00,146.091,146.268,145.99,146.154,11241,11,0
2024-01-16 08:00:00,146.155,146.748,145.999,146.601,17381,11,0
2024-01-16 12:00:00,146.602,146.794,146.281,146.702,22505,11,0
2024-01-16 16:00:00,146.698,147.308,146.691,147.244,18192,11,0
2024-01-16 20:00:00,147.245,147.269,147.009,147.201,4469,11,0
2024-01-17 00:00:00,147.242,147.485,147.093,147.328,13907,11,0
2024-01-17 04:00:00,147.327,147.966,147.282,147.864,15664,11,0
2024-01-17 08:00:00,147.866,147.924,147.564,147.66,15814,11,0
2024-01-17 12:00:00,147.662,148.527,147.583,148.442,20635,11,0
2024-01-17 16:00:00,148.444,148.516,148.162,148.265,13970,11,0
2024-01-17 20:00:00,148.265,148.287,147.813,148.109,5056,11,0
2024-01-18 00:00:00,148.134,148.248,147.868,148.018,13441,11,0
2024-01-18 04:00:00,148.018,148.062,147.686,147.785,12785,11,0
2024-01-18 08:00:00,147.782,147.96,147.651,147.819,13777,11,0
2024-01-18 12:00:00,147.816,148.299,147.748,148.171,21656,11,0
2024-01-18 16:00:00,148.173,148.259,147.998,148.224,11450,11,0
2024-01-18 20:00:00,148.221,148.274,147.962,148.082,4854,11,0
2024-01-19 00:00:00,148.12,148.475,147.934,148.219,13583,11,0
2024-01-19 04:00:00,148.221,148.801,148.189,148.267,13208,11,0
2024-01-19 08:00:00,148.264,148.351,147.835,147.976,15115,11,0
2024-01-19 12:00:00,147.976,148.528,147.955,148.099,20183,11,0
2024-01-19 16:00:00,148.101,148.306,148.019,148.186,11614,11,0
2024-01-19 20:00:00,148.187,148.196,148.029,148.123,2823,11,0
2024-01-21 20:00:00,148.112,148.218,148.03,148.09,2441,43,0
2024-01-22 00:00:00,148.121,148.228,147.729,147.915,14982,11,0
2024-01-22 04:00:00,147.914,148.13,147.827,148.032,11648,11,0
2024-01-22 08:00:00,148.035,148.3,147.853,147.882,13009,11,0
2024-01-22 12:00:00,147.882,147.951,147.612,147.841,17186,11,0
2024-01-22 16:00:00,147.844,148.139,147.842,148.029,8121,11,0
2024-01-22 20:00:00,148.028,148.123,147.738,148.11,4268,11,0
2024-01-23 00:00:00,148.142,148.547,147.849,147.893,18924,11,0
2024-01-23 04:00:00,147.895,148.204,146.977,147.581,30460,11,0
2024-01-23 08:00:00,147.578,148.154,147.251,148.02,17034,11,0
2024-01-23 12:00:00,148.018,148.539,147.87,148.477,18362,11,0
2024-01-23 16:00:00,148.477,148.691,148.32,148.376,10098,11,0
2024-01-23 20:00:00,148.375,148.408,148.159,148.2,4030,11,0
2024-01-24 00:00:00,148.243,148.259,147.748,147.801,14024,11,0
2024-01-24 04:00:00,147.798,148.01,147.696,147.79,11678,11,0
2024-01-24 08:00:00,147.787,147.787,147.374,147.513,13291,11,0
2024-01-24 12:00:00,147.51,147.518,146.643,146.938,25581,11,0
2024-01-24 16:00:00,146.936,147.589,146.882,147.56,14124,11,0
2024-01-24 20:00:00,147.56,147.62,147.22,147.55,4950,11,0
2024-01-25 00:00:00,147.585,147.851,147.54,147.651,12122,11,0
2024-01-25 04:00:00,147.648,147.876,147.529,147.666,9626,11,0
2024-01-25 08:00:00,147.669,147.839,147.471,147.513,11455,11,0
2024-01-25 12:00:00,147.51,147.946,147.078,147.573,28312,11,0
2024-01-25 16:00:00,147.574,147.896,147.503,147.836,11602,11,0
2024-01-25 20:00:00,147.833,147.846,147.454,147.693,4410,11,0
2024-01-26 00:00:00,147.716,147.846,147.476,147.663,11290,11,0
2024-01-26 04:00:00,147.663,147.879,147.644,147.768,9189,11,0
2024-01-26 08:00:00,147.77,148.087,147.591,147.711,12899,11,0
2024-01-26 12:00:00,147.711,148.163,147.411,148.069,21331,11,0
2024-01-26 16:00:00,148.072,148.204,147.879,148.094,8590,11,0
2024-01-26 20:00:00,148.093,148.125,148.012,148.08,2218,11,0
2024-01-28 20:00:00,148.068,148.153,147.96,148.152,2231,43,0
2024-01-29 00:00:00,148.18,148.331,148.023,148.135,9121,11,0
2024-01-29 04:00:00,148.132,148.132,147.747,147.802,8968,11,0
2024-01-29 08:00:00,147.799,147.921,147.705,147.873,11196,11,0
2024-01-29 12:00:00,147.872,148.089,147.619,147.662,13040,11,0
2024-01-29 16:00:00,147.662,147.733,147.58,147.647,8544,11,0
2024-01-29 20:00:00,147.644,147.644,147.249,147.451,7102,11,0
2024-01-30 00:00:00,147.484,147.484,147.189,147.392,9645,11,0
2024-01-30 04:00:00,147.392,147.403,147.154,147.22,8538,11,0
2024-01-30 08:00:00,147.223,147.548,147.202,147.375,12218,11,0
2024-01-30 12:00:00,147.376,147.889,147.093,147.843,17965,11,0
2024-01-30 16:00:00,147.842,147.924,147.577,147.599,9740,11,0
2024-01-30 20:00:00,147.599,147.664,147.259,147.259,4204,11,0
2024-01-31 00:00:00,147.332,147.745,147.186,147.728,11754,11,0
2024-01-31 04:00:00,147.729,147.896,147.574,147.652,8650,11,0
2024-01-31 08:00:00,147.653,147.878,147.398,147.841,13631,11,0
2024-01-31 12:00:00,147.838,147.879,146.135,146.178,32473,11,0
2024-01-31 16:00:00,146.18,146.864,146.011,146.376,36946,11,0
2024-01-31 20:00:00,146.378,147.444,146.299,146.971,23037,11,0
2024-02-01 00:00:00,147.004,147.079,146.47,146.702,15121,11,0
2024-02-01 04:00:00,146.702,147.045,146.616,146.8,12360,11,0
2024-02-01 08:00:00,146.803,146.908,146.586,146.836,17044,11,0
2024-02-01 12:00:00,146.838,147.11,146.242,146.306,30090,11,0
2024-02-01 16:00:00,146.309,146.476,145.89,146.265,22733,11,0
2024-02-01 20:00:00,146.268,146.476,146.163,146.423,5581,11,0
2024-02-02 00:00:00,146.457,146.49,146.239,146.377,10238,11,0
2024-02-02 04:00:00,146.378,146.633,146.314,146.618,9699,11,0
2024-02-02 08:00:00,146.621,146.796,146.458,146.526,10981,11,0
2024-02-02 12:00:00,146.525,148.341,146.506,148.273,32006,11,0
2024-02-02 16:00:00,148.273,148.582,148.192,148.324,12822,11,0
2024-02-02 20:00:00,148.325,148.378,148.231,148.335,3288,11,0
2024-02-04 20:00:00,148.365,148.626,148.246,148.439,2813,43,0
2024-02-05 00:00:00,148.509,148.818,148.349,148.397,14486,11,0
2024-02-05 04:00:00,148.4,148.499,148.264,148.473,10253,11,0
2024-02-05 08:00:00,148.473,148.601,148.303,148.431,11624,11,0
2024-02-05 12:00:00,148.428,148.871,148.39,148.87,17722,11,0
2024-02-05 16:00:00,148.867,148.889,148.501,148.694,8753,11,0
2024-02-05 20:00:00,148.696,148.761,148.53,148.618,3887,11,0
2024-02-06 00:00:00,148.66,148.668,148.461,148.626,8161,11,0
2024-02-06 04:00:00,148.626,148.626,148.357,148.509,9616,11,0
2024-02-06 08:00:00,148.509,148.785,148.488,148.678,9784,11,0
2024-02-06 12:00:00,148.681,148.78,147.995,148.087,17279,11,0
2024-02-06 16:00:00,148.09,148.186,147.818,147.96,13329,11,0
2024-02-06 20:00:00,147.957,147.961,147.688,147.792,4647,11,0
2024-02-07 00:00:00,147.817,147.988,147.706,147.896,9341,11,0
2024-02-07 04:00:00,147.899,148.061,147.744,147.819,8757,11,0
2024-02-07 08:00:00,147.816,148.152,147.808,148.08,10769,11,0
2024-02-07 12:00:00,148.079,148.255,147.613,147.942,20356,11,0
2024-02-07 16:00:00,147.944,148.186,147.873,148.129,11129,11,0
2024-02-07 20:00:00,148.131,148.193,147.854,148.055,4544,11,0
2024-02-08 00:00:00,148.084,148.401,147.928,148.348,11564,11,0
2024-02-08 04:00:00,148.348,148.804,148.323,148.729,9812,11,0
2024-02-08 08:00:00,148.727,149.247,148.643,149.158,12406,11,0
2024-02-08 12:00:00,149.155,149.474,149.083,149.427,17033,11,0
2024-02-08 16:00:00,149.427,149.452,149.121,149.384,10439,11,0
2024-02-08 20:00:00,149.381,149.388,149.151,149.243,4379,11,0
2024-02-09 00:00:00,149.26,149.488,149.234,149.432,8522,11,0
2024-02-09 04:00:00,149.429,149.463,149.212,149.393,7040,11,0
2024-02-09 08:00:00,149.393,149.571,149.257,149.395,11191,11,0
2024-02-09 12:00:00,149.394,149.534,149.006,149.321,21325,11,0
2024-02-09 16:00:00,149.32,149.411,149.271,149.349,7440,11,0
2024-02-09 20:00:00,149.349,149.361,149.183,149.24,2217,11,0
2024-02-11 20:00:00,149.242,149.261,149.032,149.149,2116,43,0
2024-02-12 00:00:00,149.177,149.247,149.105,149.245,6431,11,0
2024-02-12 04:00:00,149.244,149.249,149.042,149.092,6721,11,0
2024-02-12 08:00:00,149.092,149.192,148.984,149.019,10735,11,0
2024-02-12 12:00:00,149.019,149.472,148.923,149.455,11399,11,0
2024-02-12 16:00:00,149.455,149.474,149.233,149.407,8006,11,0
2024-02-12 20:00:00,149.407,149.408,149.191,149.365,4011,11,0
2024-02-13 00:00:00,149.401,149.53,149.279,149.526,7201,11,0
2024-02-13 04:00:00,149.529,149.648,149.442,149.583,7896,11,0
2024-02-13 08:00:00,149.583,149.689,149.371,149.373,9726,11,0
2024-02-13 12:00:00,149.372,150.603,149.201,150.587,25089,11,0
2024-02-13 16:00:00,150.587,150.882,150.508,150.865,8978,11,0
2024-02-13 20:00:00,150.867,150.874,150.414,150.697,5034,11,0
2024-02-14 00:00:00,150.721,150.774,150.493,150.514,10129,11,0
2024-02-14 04:00:00,150.514,150.55,150.34,150.449,9235,11,0
2024-02-14 08:00:00,150.445,150.678,150.393,150.572,11137,11,0
2024-02-14 12:00:00,150.574,150.749,150.486,150.612,14656,11,0
2024-02-14 16:00:00,150.611,150.617,150.347,150.556,8853,11,0
2024-02-14 20:00:00,150.555,150.598,150.261,150.515,4661,11,0
2024-02-15 00:00:00,150.554,150.554,150.138,150.269,10541,11,0
2024-02-15 04:00:00,150.268,150.268,150.049,150.198,8830,11,0
2024-02-15 08:00:00,150.198,150.214,149.918,150.068,9477,11,0
2024-02-15 12:00:00,150.07,150.132,149.53,150.048,20100,11,0
2024-02-15 16:00:00,150.051,150.244,149.851,149.951,10698,11,0
2024-02-15 20:00:00,149.953,150.004,149.768,149.915,4141,11,0
2024-02-16 00:00:00,149.957,150.362,149.923,150.306,9876,11,0
2024-02-16 04:00:00,150.306,150.345,150.134,150.23,8133,11,0
2024-02-16 08:00:00,150.229,150.304,150.139,150.173,7987,11,0
2024-02-16 12:00:00,150.174,150.642,150.107,150.239,17063,11,0
2024-02-16 16:00:00,150.236,150.39,150.081,150.228,9155,11,0
2024-02-16 20:00:00,150.23,150.282,150.107,150.175,2635,11,0
2024-02-18 20:00:00,150.158,150.179,149.967,150.102,2212,43,0
2024-02-19 00:00:00,150.15,150.15,149.871,149.932,8066,11,0
2024-02-19 04:00:00,149.932,150.037,149.926,149.972,6038,11,0
2024-02-19 08:00:00,149.969,150.0,149.888,149.983,6409,11,0
2024-02-19 12:00:00,149.984,150.159,149.933,150.156,7146,11,0
2024-02-19 16:00:00,150.156,150.187,150.127,150.132,2053,11,0
2024-02-19 20:00:00,150.132,150.258,150.029,150.21,2422,11,0
2024-02-20 00:00:00,150.267,150.365,150.189,150.317,8726,11,0
2024-02-20 04:00:00,150.318,150.435,150.286,150.355,6521,11,0
2024-02-20 08:00:00,150.354,150.383,150.102,150.223,9288,11,0
2024-02-20 12:00:00,150.22,150.222,149.678,149.78,13637,11,0
2024-02-20 16:00:00,149.781,150.026,149.737,150.016,8242,11,0
2024-02-20 20:00:00,150.016,150.066,149.815,149.925,4426,11,0
2024-02-21 00:00:00,149.962,150.089,149.849,149.868,7871,11,0
2024-02-21 04:00:00,149.868,150.147,149.862,150.14,7167,11,0
2024-02-21 08:00:00,150.143,150.185,149.974,150.063,7337,11,0
2024-02-21 12:00:00,150.063,150.258,149.928,150.246,10555,11,0
2024-02-21 16:00:00,150.243,150.39,150.127,150.195,10705,11,0
2024-02-21 20:00:00,150.193,150.341,150.019,150.303,5244,11,0
2024-02-22 00:00:00,150.337,150.457,150.293,150.422,7859,11,0
2024-02-22 04:00:00,150.424,150.449,150.077,150.129,8447,11,0
2024-02-22 08:00:00,150.126,150.285,150.012,150.214,10833,11,0
2024-02-22 12:00:00,150.212,150.641,150.202,150.5,15843,11,0
2024-02-22 16:00:00,150.498,150.684,150.471,150.55,8799,11,0
2024-02-22 20:00:00,150.547,150.567,150.396,150.445,4297,11,0
2024-02-23 00:00:00,150.472,150.556,150.367,150.478,6559,11,0
2024-02-23 04:00:00,150.478,150.645,150.454,150.553,5497,11,0
2024-02-23 08:00:00,150.553,150.766,150.52,150.652,7549,11,0
2024-02-23 12:00:00,150.65,150.65,150.316,150.524,12020,11,0
2024-02-23 16:00:00,150.524,150.532,150.289,150.454,7671,11,0
2024-02-23 20:00:00,150.454,150.522,150.409,150.517,2339,11,0
2024-02-25 20:00:00,150.319,150.523,150.208,150.461,2166,43,0
2024-02-26 00:00:00,150.496,150.496,150.289,150.471,7538,11,0
2024-02-26 04:00:00,150.471,150.515,150.361,150.449,6576,11,0
2024-02-26 08:00:00,150.446,150.694,150.402,150.683,7046,11,0
2024-02-26 12:00:00,150.683,150.805,150.518,150.743,11111,11,0
2024-02-26 16:00:00,150.743,150.835,150.718,150.762,8049,11,0
2024-02-26 20:00:00,150.759,150.759,150.45,150.534,4332,11,0
2024-02-27 00:00:00,150.571,150.606,150.418,150.418,6204,11,0
2024-02-27 04:00:00,150.416,150.534,150.317,150.349,5450,11,0
2024-02-27 08:00:00,150.35,150.373,150.112,150.308,8003,11,0
2024-02-27 12:00:00,150.307,150.545,150.071,150.431,11992,11,0
2024-02-27 16:00:00,150.432,150.579,150.294,150.525,8493,11,0
2024-02-27 20:00:00,150.525,150.532,150.331,150.465,3235,11,0
2024-02-28 00:00:00,150.51,150.538,150.368,150.525,7294,11,0
2024-02-28 04:00:00,150.527,150.747,150.511,150.737,6458,11,0
2024-02-28 08:00:00,150.735,150.795,150.606,150.628,7496,11,0
2024-02-28 12:00:00,150.63,150.84,150.527,150.807,12268,11,0
2024-02-28 16:00:00,150.807,150.811,150.637,150.692,7780,11,0
2024-02-28 20:00:00,150.691,150.719,150.401,150.628,4465,11,0
2024-02-29 00:00:00,150.656,150.656,149.707,149.81,12149,11,0
2024-02-29 04:00:00,149.81,150.102,149.617,149.661,11823,11,0
2024-02-29 08:00:00,149.663,150.101,149.606,149.968,11728,11,0
2024-02-29 12:00:00,149.967,150.145,149.204,149.638,17641,11,0
2024-02-29 16:00:00,149.636,150.042,149.63,149.963,10898,11,0
2024-02-29 20:00:00,149.96,150.138,149.81,150.053,4977,11,0
2024-03-01 00:00:00,150.062,150.41,150.056,150.32,8836,11,0
2024-03-01 04:00:00,150.32,150.495,150.319,150.491,6280,11,0
2024-03-01 08:00:00,150.491,150.684,150.304,150.387,10786,11,0
2024-03-01 12:00:00,150.386,150.717,150.08,150.118,17496,11,0
2024-03-01 16:00:00,150.118,150.263,150.049,150.107,10125,11,0
2024-03-01 20:00:00,150.111,150.158,150.029,150.081,2296,11,0
2024-03-03 20:00:00,149.987,150.127,149.899,150.112,1926,43,0
2024-03-04 00:00:00,150.126,150.205,149.836,150.157,7941,11,0
2024-03-04 04:00:00,150.157,150.394,150.137,150.306,6024,11,0
2024-03-04 08:00:00,150.303,150.462,150.169,150.417,8215,11,0
2024-03-04 12:00:00,150.418,150.565,150.308,150.48,9231,11,0
2024-03-04 16:00:00,150.482,150.559,150.427,150.546,6024,11,0
2024-03-04 20:00:00,150.548,150.553,150.304,150.424,3639,11,0
2024-03-05 00:00:00,150.451,150.534,150.349,150.494,6585,11,0
2024-03-05 04:00:00,150.493,150.541,150.342,150.415,5801,11,0
2024-03-05 08:00:00,150.415,150.483,150.338,150.414,6862,11,0
2024-03-05 12:00:00,150.414,150.437,149.698,149.979,15502,11,0
2024-03-05 16:00:00,149.978,150.223,149.923,149.933,9344,11,0
2024-03-05 20:00:00,149.93,150.047,149.764,149.997,4942,11,0
2024-03-06 00:00:00,150.049,150.08,149.89,149.974,7000,11,0
2024-03-06 04:00:00,149.974,150.018,149.318,149.529,9296,11,0
2024-03-06 08:00:00,149.532,149.859,149.525,149.709,9914,11,0
2024-03-06 12:00:00,149.708,149.74,149.255,149.363,18233,11,0
2024-03-06 16:00:00,149.364,149.444,149.089,149.339,12325,11,0
2024-03-06 20:00:00,149.341,149.466,149.089,149.235,4896,11,0
2024-03-07 00:00:00,149.261,149.261,148.556,148.664,15923,11,0
2024-03-07 04:00:00,148.665,148.677,147.932,147.938,14034,11,0
2024-03-07 08:00:00,147.94,148.105,147.765,147.835,12852,11,0
2024-03-07 12:00:00,147.832,148.296,147.578,148.134,20266,11,0
2024-03-07 16:00:00,148.131,148.232,147.884,147.999,12122,11,0
2024-03-07 20:00:00,148.001,148.105,147.724,147.832,4199,11,0
2024-03-08 00:00:00,147.861,148.114,147.517,147.81,12413,11,0
2024-03-08 04:00:00,147.809,148.042,147.769,147.877,10128,11,0
2024-03-08 08:00:00,147.877,147.964,146.868,147.093,19213,11,0
2024-03-08 12:00:00,147.091,147.487,146.476,147.028,28640,11,0
2024-03-08 16:00:00,147.028,147.253,146.986,147.042,13027,11,0
2024-03-08 20:00:00,147.043,147.101,146.977,147.053,2538,11,0
2024-03-10 20:00:00,146.956,147.099,146.704,146.765,4786,11,0
2024-03-11 00:00:00,146.793,147.086,146.532,146.933,12582,11,0
2024-03-11 04:00:00,146.933,147.079,146.726,146.744,8996,11,0
2024-03-11 08:00:00,146.745,146.854,146.482,146.639,10924,11,0
2024-03-11 12:00:00,146.642,147.145,146.613,146.857,13174,11,0
2024-03-11 16:00:00,146.857,147.05,146.739,146.948,8361,11,0
2024-03-11 20:00:00,146.936,146.958,146.714,146.729,4432,11,0
2024-03-12 00:00:00,146.731,147.431,146.615,147.384,12012,11,0
2024-03-12 04:00:00,147.386,147.594,147.206,147.331,12547,11,0
2024-03-12 08:00:00,147.33,147.568,147.277,147.431,9478,11,0
2024-03-12 12:00:00,147.433,148.165,147.063,147.692,27342,11,0
2024-03-12 16:00:00,147.69,147.793,147.638,147.66,7735,11,0
2024-03-12 20:00:00,147.663,147.674,147.512,147.642,3699,11,0
2024-03-13 00:00:00,147.618,147.633,147.227,147.378,10393,11,0
2024-03-13 04:00:00,147.378,147.786,147.37,147.672,9744,11,0
2024-03-13 08:00:00,147.67,148.044,147.638,147.967,10306,11,0
2024-03-13 12:00:00,147.969,148.011,147.68,147.732,10586,11,0
2024-03-13 16:00:00,147.734,147.854,147.457,147.817,10124,11,0
2024-03-13 20:00:00,147.775,147.826,147.417,147.633,3989,11,0
2024-03-14 00:00:00,147.586,147.923,147.526,147.852,8635,11,0
2024-03-14 04:00:00,147.853,147.969,147.811,147.864,6926,11,0
2024-03-14 08:00:00,147.866,147.912,147.665,147.694,7442,11,0
2024-03-14 12:00:00,147.692,148.317,147.429,148.188,27953,11,0
2024-03-14 16:00:00,148.187,148.354,148.097,148.207,8270,11,0
2024-03-14 20:00:00,148.177,148.332,148.112,148.297,3507,11,0
2024-03-15 00:00:00,148.297,148.654,148.263,148.372,9912,11,0
2024-03-15 04:00:00,148.372,148.599,148.029,148.566,10994,11,0
2024-03-15 08:00:00,148.568,148.829,148.568,148.645,10185,11,0
2024-03-15 12:00:00,148.645,149.139,148.617,149.134,12542,11,0
2024-03-15 16:00:00,149.135,149.161,148.973,149.051,6552,11,0
2024-03-15 20:00:00,149.03,149.081,148.984,149.033,1003,43,0
2024-03-17 20:00:00,148.929,149.05,148.842,148.953,3170,11,0
2024-03-18 00:00:00,148.948,149.326,148.903,149.086,8837,11,0
2024-03-18 04:00:00,149.086,149.304,149.063,149.119,7013,11,0
2024-03-18 08:00:00,149.116,149.243,149.013,149.026,7486,11,0
2024-03-18 12:00:00,149.025,149.296,149.006,149.13,9229,11,0
2024-03-18 16:00:00,149.131,149.209,148.914,149.167,7858,11,0
2024-03-18 20:00:00,149.143,149.167,148.98,149.157,3657,11,0
2024-03-19 00:00:00,149.149,149.924,148.996,149.7,19314,11,0
2024-03-19 04:00:00,149.702,150.482,149.666,150.253,27198,11,0
2024-03-19 08:00:00,150.255,150.695,150.194,150.386,13876,11,0
2024-03-19 12:00:00,150.384,150.849,150.34,150.729,11030,11,0
2024-03-19 16:00:00,150.729,150.959,150.706,150.87,6203,11,0
2024-03-19 20:00:00,150.862,151.062,150.692,151.045,3958,11,0
2024-03-20 00:00:00,151.018,151.34,150.997,151.311,9178,11,0
2024-03-20 04:00:00,151.311,151.58,151.31,151.482,8766,11,0
2024-03-20 08:00:00,151.482,151.761,151.419,151.704,8176,11,0
2024-03-20 12:00:00,151.702,151.814,151.528,151.657,8396,11,0
2024-03-20 16:00:00,151.654,151.704,150.715,151.187,30865,11,0
2024-03-20 20:00:00,151.125,151.375,150.678,150.738,8056,11,0
2024-03-21 00:00:00,150.739,150.865,150.261,150.484,16241,11,0
2024-03-21 04:00:00,150.484,151.221,150.444,151.214,11218,11,0
2024-03-21 08:00:00,151.215,151.454,150.867,151.106,14767,11,0
2024-03-21 12:00:00,151.104,151.667,151.009,151.588,15733,11,0
2024-03-21 16:00:00,151.585,151.751,151.566,151.678,6089,11,0
2024-03-21 20:00:00,151.643,151.696,151.503,151.641,3678,11,0
2024-03-22 00:00:00,151.626,151.86,151.414,151.563,12670,11,0
2024-03-22 04:00:00,151.563,151.601,151.255,151.411,9450,11,0
2024-03-22 08:00:00,151.412,151.647,151.297,151.462,9258,11,0
2024-03-22 12:00:00,151.46,151.488,150.999,151.345,16139,11,0
2024-03-22 16:00:00,151.345,151.48,151.328,151.407,5758,11,0
2024-03-22 20:00:00,151.407,151.43,151.299,151.427,961,43,0
2024-03-24 20:00:00,151.352,151.407,151.081,151.317,3596,11,0
2024-03-25 00:00:00,151.305,151.422,151.047,151.229,12696,11,0
2024-03-25 04:00:00,151.228,151.383,151.166,151.318,6990,11,0
2024-03-25 08:00:00,151.318,151.437,151.219,151.292,7346,11,0
2024-03-25 12:00:00,151.294,151.428,151.121,151.416,6820,11,0
2024-03-25 16:00:00,151.416,151.54,151.412,151.426,4539,11,0
2024-03-25 20:00:00,151.415,151.445,151.284,151.371,2551,11,0
2024-03-26 00:00:00,151.375,151.442,151.217,151.402,6949,11,0
2024-03-26 04:00:00,151.402,151.422,151.259,151.314,4952,11,0
2024-03-26 08:00:00,151.315,151.386,151.199,151.383,6069,11,0
2024-03-26 12:00:00,151.383,151.598,151.295,151.576,7239,11,0
2024-03-26 16:00:00,151.576,151.58,151.44,151.562,4981,11,0
2024-03-26 20:00:00,151.546,151.57,151.438,151.533,2690,11,0
2024-03-27 00:00:00,151.518,151.968,151.444,151.698,11430,11,0
2024-03-27 04:00:00,151.698,151.803,151.588,151.701,6976,11,0
2024-03-27 08:00:00,151.702,151.835,151.022,151.225,18067,11,0
2024-03-27 12:00:00,151.227,151.375,151.162,151.339,9042,11,0
2024-03-27 16:00:00,151.34,151.421,151.276,151.297,4756,11,0
2024-03-27 20:00:00,151.269,151.376,151.012,151.293,4250,11,0
2024-03-28 00:00:00,151.289,151.54,151.255,151.356,7564,11,0
2024-03-28 04:00:00,151.356,151.446,151.246,151.43,5170,11,0
2024-03-28 08:00:00,151.431,151.5,151.329,151.363,6541,11,0
2024-03-28 12:00:00,151.366,151.4,151.146,151.336,11665,11,0
2024-03-28 16:00:00,151.337,151.419,151.239,151.37,5626,11,0
2024-03-28 20:00:00,151.35,151.464,151.294,151.44,3532,13,0
2024-03-29 00:00:00,151.44,151.493,151.181,151.286,5651,13,0
2024-03-29 04:00:00,151.286,151.468,151.262,151.34,4824,13,0
2024-03-29 08:00:00,151.34,151.361,151.269,151.333,2751,13,0
2024-03-29 12:00:00,151.333,151.346,151.115,151.187,3863,40,0
2024-03-29 16:00:00,151.19,151.343,151.181,151.183,2784,107,0
2024-03-29 20:00:00,151.182,151.206,151.051,151.136,683,350,0
2024-03-31 20:00:00,151.096,151.425,151.096,151.419,3520,11,0
2024-04-01 00:00:00,151.397,151.427,151.244,151.343,6641,11,0
2024-04-01 04:00:00,151.344,151.406,151.299,151.337,4221,11,0
2024-04-01 08:00:00,151.34,151.398,151.322,151.385,2829,11,0
2024-04-01 12:00:00,151.383,151.769,151.381,151.718,8098,11,0
2024-04-01 16:00:00,151.718,151.737,151.572,151.629,3758,11,0
2024-04-01 20:00:00,151.615,151.671,151.529,151.585,2706,11,0
2024-04-02 00:00:00,151.593,151.782,151.497,151.756,6225,11,0
2024-04-02 04:00:00,151.756,151.801,151.656,151.671,5108,11,0
2024-04-02 08:00:00,151.673,151.713,151.551,151.651,4890,11,0
2024-04-02 12:00:00,151.651,151.713,151.458,151.547,8862,11,0
2024-04-02 16:00:00,151.547,151.613,151.534,151.548,3169,11,0
2024-04-02 20:00:00,151.533,151.579,151.432,151.547,2612,11,0
2024-04-03 00:00:00,151.54,151.636,151.438,151.559,5192,11,0
2024-04-03 04:00:00,151.556,151.731,151.53,151.675,4144,11,0
2024-04-03 08:00:00,151.675,151.795,151.675,151.767,3994,11,0
2024-04-03 12:00:00,151.768,151.95,151.644,151.675,11153,11,0
2024-04-03 16:00:00,151.676,151.758,151.574,151.655,4938,11,0
2024-04-03 20:00:00,151.656,151.679,151.428,151.575,2735,11,0
2024-04-04 00:00:00,151.578,151.72,151.535,151.669,4751,11,0
2024-04-04 04:00:00,151.672,151.753,151.593,151.682,4266,11,0
2024-04-04 08:00:00,151.682,151.757,151.608,151.737,4140,11,0
2024-04-04 12:00:00,151.735,151.765,151.499,151.658,6906,11,0
2024-04-04 16:00:00,151.658,151.682,151.114,151.207,9863,11,0
2024-04-04 20:00:00,151.193,151.326,151.141,151.292,4365,11,0
2024-04-05 00:00:00,151.29,151.336,150.807,151.26,11520,11,0
2024-04-05 04:00:00,151.26,151.351,151.089,151.332,6418,11,0
2024-04-05 08:00:00,151.333,151.446,151.303,151.373,5308,11,0
2024-04-05 12:00:00,151.373,151.748,151.266,151.586,13998,11,0
2024-04-05 16:00:00,151.585,151.645,151.524,151.63,4602,11,0
2024-04-05 20:00:00,151.618,151.63,151.574,151.6,580,43,0
2024-04-07 20:00:00,151.525,151.691,151.445,151.689,2950,11,0
2024-04-08 00:00:00,151.673,151.812,151.668,151.764,6712,11,0
2024-04-08 04:00:00,151.764,151.872,151.75,151.863,4687,11,0
2024-04-08 08:00:00,151.865,151.919,151.821,151.914,4381,11,0
2024-04-08 12:00:00,151.914,151.939,151.716,151.781,7034,11,0
2024-04-08 16:00:00,151.781,151.841,151.715,151.818,3501,11,0
2024-04-08 20:00:00,151.806,151.85,151.669,151.834,2528,11,0
2024-04-09 00:00:00,151.829,151.918,151.785,151.853,5328,11,0
2024-04-09 04:00:00,151.853,151.931,151.843,151.9,3801,11,0
2024-04-09 08:00:00,151.9,151.908,151.724,151.823,5556,11,0
2024-04-09 12:00:00,151.822,151.84,151.566,151.725,8177,11,0
2024-04-09 16:00:00,151.725,151.785,151.652,151.723,4360,11,0
2024-04-09 20:00:00,151.71,151.78,151.619,151.779,2626,11,0
2024-04-10 00:00:00,151.772,151.781,151.676,151.751,5719,11,0
2024-04-10 04:00:00,151.75,151.842,151.742,151.836,3608,11,0
2024-04-10 08:00:00,151.836,151.882,151.806,151.837,3498,11,0
2024-04-10 12:00:00,151.838,152.942,151.766,152.898,24368,11,0
2024-04-10 16:00:00,152.898,152.981,152.638,152.933,11119,11,0
2024-04-10 20:00:00,152.924,153.142,152.778,152.96,5957,11,0
2024-04-11 00:00:00,152.947,153.0,152.755,152.941,8948,11,0
2024-04-11 04:00:00,152.944,153.203,152.861,153.126,7361,11,0
2024-04-11 08:00:00,153.126,153.288,153.02,153.082,8294,11,0
2024-04-11 12:00:00,153.082,153.315,152.792,153.189,16080,11,0
2024-04-11 16:00:00,153.188,153.299,153.083,153.185,7242,11,0
2024-04-11 20:00:00,153.16,153.261,153.108,153.204,3052,11,0
2024-04-12 00:00:00,153.19,153.296,152.96,153.202,7586,11,0
2024-04-12 04:00:00,153.202,153.379,153.126,153.244,6926,11,0
2024-04-12 08:00:00,153.243,153.348,153.152,153.158,6488,11,0
2024-04-12 12:00:00,153.158,153.181,152.587,153.115,17963,11,0
2024-04-12 16:00:00,153.114,153.242,153.045,153.22,7329,11,0
2024-04-12 20:00:00,153.207,153.277,153.155,153.247,908,43,0
2024-04-14 20:00:00,152.919,153.317,152.791,153.298,4269,11,0
2024-04-15 00:00:00,153.3,153.739,153.275,153.668,8402,11,0
2024-04-15 04:00:00,153.667,153.967,153.661,153.9,8103,11,0
2024-04-15 08:00:00,153.901,153.947,153.693,153.907,8461,11,0
2024-04-15 12:00:00,153.907,154.44,153.856,154.254,19706,11,0
2024-04-15 16:00:00,154.252,154.32,154.11,154.206,8778,11,0
2024-04-15 20:00:00,154.194,154.253,154.046,154.223,3488,11,0
2024-04-16 00:00:00,154.216,154.415,154.128,154.347,7958,11,0
2024-04-16 04:00:00,154.347,154.601,154.23,154.387,7789,11,0
2024-04-16 08:00:00,154.388,154.703,154.372,154.616,7201,11,0
2024-04-16 12:00:00,154.615,154.765,153.894,154.568,19711,11,0
2024-04-16 16:00:00,154.569,154.782,154.533,154.612,8683,11,0
2024-04-16 20:00:00,154.588,154.717,154.527,154.707,3519,11,0
2024-04-17 00:00:00,154.694,154.729,154.595,154.643,5047,11,0
2024-04-17 04:00:00,154.643,154.673,154.45,154.606,7027,11,0
2024-04-17 08:00:00,154.609,154.653,154.466,154.625,6043,11,0
2024-04-17 12:00:00,154.625,154.707,154.524,154.61,7365,11,0
2024-04-17 16:00:00,154.611,154.611,154.155,154.316,11800,11,0
2024-04-17 20:00:00,154.3,154.375,154.082,154.355,4032,11,0
2024-04-18 00:00:00,154.332,154.404,153.951,154.234,9853,11,0
2024-04-18 04:00:00,154.234,154.351,154.063,154.262,6610,11,0
2024-04-18 08:00:00,154.262,154.506,154.25,154.366,6514,11,0
2024-04-18 12:00:00,154.369,154.643,154.315,154.61,11321,11,0
2024-04-18 16:00:00,154.611,154.675,154.545,154.593,4448,11,0
2024-04-18 20:00:00,154.579,154.648,154.494,154.604,2879,11,0
2024-04-19 00:00:00,154.609,154.667,153.586,154.304,27267,11,0
2024-04-19 04:00:00,154.306,154.527,154.205,154.468,13120,11,0
2024-04-19 08:00:00,154.471,154.605,154.338,154.594,7201,11,0
2024-04-19 12:00:00,154.595,154.629,154.454,154.546,8986,11,0
2024-04-19 16:00:00,154.545,154.637,154.537,154.587,4274,11,0
2024-04-19 20:00:00,154.589,154.635,154.573,154.617,743,43,0
2024-04-21 20:00:00,154.57,154.648,154.277,154.632,3418,11,0
2024-04-22 00:00:00,154.632,154.734,154.583,154.68,6551,11,0
2024-04-22 04:00:00,154.68,154.759,154.59,154.648,5338,11,0
2024-04-22 08:00:00,154.651,154.777,154.621,154.756,4555,11,0
2024-04-22 12:00:00,154.757,154.784,154.679,154.768,5319,11,0
2024-04-22 16:00:00,154.768,154.847,154.751,154.816,3040,11,0
2024-04-22 20:00:00,154.805,154.835,154.703,154.808,1889,11,0
2024-04-23 00:00:00,154.811,154.82,154.654,154.748,5348,11,0
2024-04-23 04:00:00,154.748,154.856,154.712,154.816,4854,11,0
2024-04-23 08:00:00,154.816,154.858,154.758,154.799,4580,11,0
2024-04-23 12:00:00,154.799,154.871,154.567,154.811,9450,11,0
2024-04-23 16:00:00,154.809,154.832,154.546,154.806,5342,11,0
2024-04-23 20:00:00,154.793,154.817,154.695,154.744,2426,11,0
2024-04-24 00:00:00,154.744,154.847,154.737,154.842,3997,11,0
2024-04-24 04:00:00,154.842,154.97,154.762,154.897,4785,11,0
2024-04-24 08:00:00,154.898,154.94,154.858,154.921,3291,11,0
2024-04-24 12:00:00,154.92,155.168,154.761,155.112,15006,11,0
2024-04-24 16:00:00,155.112,155.37,155.057,155.28,5486,11,0
2024-04-24 20:00:00,155.269,155.354,155.023,155.263,3199,11,0
2024-04-25 00:00:00,155.264,155.515,155.24,155.456,5607,11,0
2024-04-25 04:00:00,155.456,155.736,155.446,155.623,6742,11,0
2024-04-25 08:00:00,155.623,155.687,155.492,155.553,4825,11,0
2024-04-25 12:00:00,155.553,155.742,155.309,155.516,18013,11,0
2024-04-25 16:00:00,155.516,155.64,155.469,155.604,5467,11,0
2024-04-25 20:00:00,155.585,155.637,155.415,155.618,2804,11,0
2024-04-26 00:00:00,155.62,156.139,155.414,155.94,12501,11,0
2024-04-26 04:00:00,155.94,156.818,155.903,156.698,13789,11,0
2024-04-26 08:00:00,156.701,156.866,154.963,156.811,39562,11,0
2024-04-26 12:00:00,156.81,157.67,156.616,157.613,18456,11,0
2024-04-26 16:00:00,157.61,157.894,157.579,157.872,7830,11,0
2024-04-26 20:00:00,157.846,158.32,157.818,158.309,1783,43,0
2024-04-28 20:00:00,157.752,158.376,157.692,158.197,5574,11,0
2024-04-29 00:00:00,158.196,160.221,158.047,159.396,33702,11,0
2024-04-29 04:00:00,159.396,159.594,154.515,155.56,190501,11,0
2024-04-29 08:00:00,155.562,156.371,155.053,156.217,29111,11,0
2024-04-29 12:00:00,156.213,156.884,156.079,156.7,11619,27,0
2024-04-29 16:00:00,156.7,156.72,155.072,155.939,17246,27,0
2024-04-29 20:00:00,155.872,156.365,155.808,156.319,5563,44,0
2024-04-30 00:00:00,156.312,156.982,156.148,156.718,8264,44,0
2024-04-30 04:00:00,156.713,156.932,156.464,156.841,7539,44,0
2024-04-30 08:00:00,156.838,156.959,156.799,156.95,5893,18,0
2024-04-30 12:00:00,156.95,157.568,156.817,157.538,15171,18,0
2024-04-30 16:00:00,157.537,157.747,157.425,157.593,4578,18,0
2024-04-30 20:00:00,157.508,157.766,157.421,157.729,4988,44,0
2024-05-01 00:00:00,157.727,157.914,157.671,157.9,4864,44,0
2024-05-01 04:00:00,157.9,157.979,157.791,157.875,4024,18,0
2024-05-01 08:00:00,157.877,157.973,157.85,157.869,3347,18,0
2024-05-01 12:00:00,157.868,157.917,157.372,157.639,9287,18,0
2024-05-01 16:00:00,157.641,157.758,156.992,157.43,15111,18,0
2024-05-01 20:00:00,157.35,157.541,152.843,155.721,12423,18,0
2024-05-02 00:00:00,155.717,156.278,155.649,155.937,14250,18,0
2024-05-02 04:00:00,155.937,156.072,155.156,155.498,14613,18,0
2024-05-02 08:00:00,155.495,155.546,154.668,154.735,11277,18,0
2024-05-02 12:00:00,154.732,154.861,153.465,153.778,19579,18,0
2024-05-02 16:00:00,153.777,153.922,153.046,153.157,12647,18,0
2024-05-02 20:00:00,153.109,153.645,152.859,153.124,7468,33,0
2024-05-03 00:00:00,153.121,153.43,152.734,152.989,9505,33,0
2024-05-03 04:00:00,152.989,153.3,152.795,153.287,8342,18,0
2024-05-03 08:00:00,153.288,153.327,152.942,153.194,8459,18,0
2024-05-03 12:00:00,153.194,153.298,151.851,152.848,23921,18,0
2024-05-03 16:00:00,152.845,152.975,152.741,152.855,5426,18,0
2024-05-03 20:00:00,152.843,152.904,152.747,152.889,1120,73,0
2024-05-05 20:00:00,152.813,153.698,152.625,153.65,4493,18,0
2024-05-06 00:00:00,153.653,153.964,153.312,153.912,8834,18,0
2024-05-06 04:00:00,153.915,153.999,153.651,153.794,7429,18,0
2024-05-06 08:00:00,153.794,153.872,153.674,153.745,5457,18,0
2024-05-06 12:00:00,153.745,153.995,153.406,153.847,8818,18,0
2024-05-06 16:00:00,153.846,153.96,153.807,153.898,5061,18,0
2024-05-06 20:00:00,153.871,154.279,153.729,154.24,4063,11,0
2024-05-07 00:00:00,154.238,154.586,153.869,154.547,11537,11,0
2024-05-07 04:00:00,154.548,154.647,154.078,154.111,10081,11,0
2024-05-07 08:00:00,154.11,154.627,153.97,154.519,9533,11,0
2024-05-07 12:00:00,154.517,154.627,154.231,154.585,10070,11,0
2024-05-07 16:00:00,154.584,154.744,154.452,154.61,6115,11,0
2024-05-07 20:00:00,154.597,154.839,154.458,154.769,3654,11,0
2024-05-08 00:00:00,154.771,155.261,154.684,155.158,9549,11,0
2024-05-08 04:00:00,155.158,155.358,155.077,155.324,7613,11,0
2024-05-08 08:00:00,155.324,155.515,155.205,155.486,9188,11,0
2024-05-08 12:00:00,155.487,155.681,155.337,155.421,8913,11,0
2024-05-08 16:00:00,155.421,155.655,155.417,155.607,4385,11,0
2024-05-08 20:00:00,155.594,155.63,155.232,155.374,3988,11,0
2024-05-09 00:00:00,155.376,155.696,155.15,155.546,9270,11,0
2024-05-09 04:00:00,155.546,155.847,155.535,155.832,5438,11,0
2024-05-09 08:00:00,155.829,155.946,155.796,155.874,5547,11,0
2024-05-09 12:00:00,155.873,155.912,155.426,155.679,11814,11,0
2024-05-09 16:00:00,155.679,155.706,155.405,155.413,5205,11,0
2024-05-09 20:00:00,155.389,155.474,155.236,155.39,3247,11,0
2024-05-10 00:00:00,155.393,155.771,155.357,155.725,6888,11,0
2024-05-10 04:00:00,155.725,155.776,155.495,155.682,6214,11,0
2024-05-10 08:00:00,155.685,155.773,155.617,155.736,5492,11,0
2024-05-10 12:00:00,155.734,155.9,155.599,155.852,9631,11,0
2024-05-10 16:00:00,155.85,155.895,155.748,155.759,3519,11,0
2024-05-10 20:00:00,155.749,155.786,155.667,155.732,728,43,0
2024-05-12 20:00:00,155.665,155.831,155.579,155.828,2267,11,0
2024-05-13 00:00:00,155.828,155.954,155.498,155.754,8318,11,0
2024-05-13 04:00:00,155.756,155.923,155.751,155.877,5704,11,0
2024-05-13 08:00:00,155.877,155.915,155.819,155.873,4716,11,0
2024-05-13 12:00:00,155.874,156.222,155.682,156.171,8205,11,0
2024-05-13 16:00:00,156.172,156.246,156.111,156.196,3875,11,0
2024-05-13 20:00:00,156.185,156.24,156.02,156.223,2909,11,0
2024-05-14 00:00:00,156.226,156.497,156.222,156.409,5534,11,0
2024-05-14 04:00:00,156.41,156.54,156.371,156.458,4753,11,0
2024-05-14 08:00:00,156.458,156.486,156.282,156.446,3755,11,0
2024-05-14 12:00:00,156.443,156.775,156.224,156.501,13388,11,0
2024-05-14 16:00:00,156.501,156.541,156.377,156.435,3835,11,0
2024-05-14 20:00:00,156.422,156.519,156.335,156.517,2100,11,0
2024-05-15 00:00:00,156.514,156.557,156.302,156.391,5273,11,0
2024-05-15 04:00:00,156.392,156.393,155.955,156.092,7362,11,0
2024-05-15 08:00:00,156.092,156.119,155.567,155.673,9767,11,0
2024-05-15 12:00:00,155.673,155.798,154.736,155.02,27399,11,0
2024-05-15 16:00:00,155.019,155.127,154.685,154.949,9373,11,0
2024-05-15 20:00:00,154.952,154.953,154.15,154.297,7152,11,0
2024-05-16 00:00:00,154.293,154.533,153.595,153.963,21456,11,0
2024-05-16 04:00:00,153.965,154.448,153.798,154.411,13083,11,0
2024-05-16 08:00:00,154.414,154.938,154.333,154.872,10154,11,0
2024-05-16 12:00:00,154.872,155.533,154.611,155.251,15724,11,0
2024-05-16 16:00:00,155.251,155.42,155.206,155.401,5385,11,0
2024-05-16 20:00:00,155.384,155.454,155.249,155.397,3227,11,0
2024-05-17 00:00:00,155.394,155.924,155.344,155.786,9662,11,0
2024-05-17 04:00:00,155.786,155.848,155.591,155.816,7146,11,0
2024-05-17 08:00:00,155.818,155.973,155.772,155.852,5250,11,0
2024-05-17 12:00:00,155.852,155.886,155.245,155.575,10600,11,0
2024-05-17 16:00:00,155.571,155.691,155.46,155.654,4974,11,0
2024-05-17 20:00:00,155.622,155.692,155.551,155.614,865,43,0
2024-05-19 20:00:00,155.551,155.818,155.353,155.763,2924,11,0
2024-05-20 00:00:00,155.765,155.935,155.676,155.719,6740,11,0
2024-05-20 04:00:00,155.72,155.799,155.49,155.727,7115,11,0
2024-05-20 08:00:00,155.728,155.78,155.632,155.742,4697,11,0
2024-05-20 12:00:00,155.742,156.23,155.731,156.091,10517,11,0
2024-05-20 16:00:00,156.092,156.302,156.043,156.266,3486,11,0
2024-05-20 20:00:00,156.257,156.399,156.053,156.397,2930,11,0
2024-05-21 00:00:00,156.397,156.495,156.337,156.472,5751,11,0
2024-05-21 04:00:00,156.473,156.544,156.028,156.227,9096,11,0
2024-05-21 08:00:00,156.227,156.32,156.079,156.224,6686,11,0
2024-05-21 12:00:00,156.227,156.431,155.838,156.079,14706,11,0
2024-05-21 16:00:00,156.076,156.248,156.069,156.148,4758,11,0
2024-05-21 20:00:00,156.134,156.287,156.033,156.265,2741,11,0
2024-05-22 00:00:00,156.268,156.346,156.139,156.305,6032,11,0
2024-05-22 04:00:00,156.305,156.469,156.281,156.398,5359,11,0
2024-05-22 08:00:00,156.397,156.612,156.38,156.581,6737,11,0
2024-05-22 12:00:00,156.581,156.599,156.342,156.498,8784,11,0
2024-05-22 16:00:00,156.496,156.724,156.442,156.678,5736,11,0
2024-05-22 20:00:00,156.667,156.766,156.513,156.73,3855,11,0
2024-05-23 00:00:00,156.73,156.902,156.637,156.753,6368,11,0
2024-05-23 04:00:00,156.755,156.783,156.552,156.756,6707,11,0
2024-05-23 08:00:00,156.756,156.789,156.553,156.584,5388,11,0
2024-05-23 12:00:00,156.584,157.191,156.522,157.052,20086,11,0
2024-05-23 16:00:00,157.05,157.067,156.824,156.845,6421,11,0
2024-05-23 20:00:00,156.837,157.004,156.781,156.988,3598,11,0
2024-05-24 00:00:00,156.989,157.142,156.917,157.049,6644,11,0
2024-05-24 04:00:00,157.049,157.112,156.99,157.05,4596,11,0
2024-05-24 08:00:00,157.05,157.085,156.93,157.025,4465,11,0
2024-05-24 12:00:00,157.025,157.131,156.842,156.9,8428,11,0
2024-05-24 16:00:00,156.902,156.992,156.817,156.902,3890,11,0
2024-05-24 20:00:00,156.887,156.95,156.858,156.936,543,43,0
2024-05-26 20:00:00,156.927,156.983,156.685,156.865,3054,11,0
2024-05-27 00:00:00,156.865,156.922,156.659,156.701,6717,11,0
2024-05-27 04:00:00,156.701,156.955,156.684,156.906,4586,11,0
2024-05-27 08:00:00,156.906,156.945,156.816,156.875,2945,11,0
2024-05-27 12:00:00,156.875,156.891,156.702,156.863,4241,11,0
2024-05-27 16:00:00,156.862,156.909,156.84,156.863,1726,11,0
2024-05-27 20:00:00,156.852,156.942,156.719,156.834,2409,11,0
2024-05-28 00:00:00,156.834,156.926,156.619,156.652,6339,11,0
2024-05-28 04:00:00,156.652,156.92,156.615,156.887,5753,11,0
2024-05-28 08:00:00,156.888,156.99,156.766,156.795,5447,11,0
2024-05-28 12:00:00,156.795,156.955,156.573,156.9,9672,11,0
2024-05-28 16:00:00,156.901,157.152,156.87,157.117,5282,11,0
2024-05-28 20:00:00,157.107,157.285,157.009,157.267,2688,11,0
2024-05-29 00:00:00,157.268,157.403,157.203,157.309,5714,11,0
2024-05-29 04:00:00,157.308,157.342,156.889,157.146,7649,11,0
2024-05-29 08:00:00,157.146,157.29,157.061,157.265,6654,11,0
2024-05-29 12:00:00,157.265,157.636,157.152,157.621,9149,11,0
2024-05-29 16:00:00,157.624,157.704,157.608,157.661,4738,11,0
2024-05-29 20:00:00,157.646,157.683,157.376,157.625,3088,11,0
2024-05-30 00:00:00,157.623,157.623,157.257,157.374,8556,11,0
2024-05-30 04:00:00,157.374,157.379,156.53,156.963,13837,11,0
2024-05-30 08:00:00,156.965,157.109,156.674,156.727,9880,11,0
2024-05-30 12:00:00,156.728,156.85,156.366,156.637,16209,11,0
2024-05-30 16:00:00,156.635,156.853,156.632,156.815,5006,11,0
2024-05-30 20:00:00,156.796,156.992,156.658,156.985,3440,11,0
2024-05-31 00:00:00,156.983,157.022,156.568,156.799,11721,11,0
2024-05-31 04:00:00,156.799,157.149,156.669,157.139,8890,11,0
2024-05-31 08:00:00,157.141,157.362,157.057,157.164,8151,11,0
2024-05-31 12:00:00,157.164,157.275,156.552,157.186,18231,11,0
2024-05-31 16:00:00,157.187,157.344,157.144,157.24,5873,11,0
2024-05-31 20:00:00,157.209,157.309,157.179,157.228,1043,43,0
2024-06-02 20:00:00,157.077,157.297,157.005,157.178,3241,11,0
2024-06-03 00:00:00,157.178,157.469,156.99,157.416,8336,11,0
2024-06-03 04:00:00,157.414,157.458,157.107,157.133,6896,11,0
2024-06-03 08:00:00,157.134,157.142,156.63,156.855,9558,11,0
2024-06-03 12:00:00,156.851,156.935,155.944,156.035,17702,11,0
2024-06-03 16:00:00,156.035,156.282,156.015,156.21,6816,11,0
2024-06-03 20:00:00,156.196,156.235,155.976,156.089,3614,11,0
2024-06-04 00:00:00,156.089,156.482,155.977,156.384,9245,11,0
2024-06-04 04:00:00,156.384,156.413,155.356,155.387,12953,11,0
2024-06-04 08:00:00,155.383,155.466,154.698,154.867,22303,11,0
2024-06-04 12:00:00,154.865,155.248,154.546,154.869,23543,11,0
2024-06-04 16:00:00,154.867,154.867,154.544,154.744,8137,11,0
2024-06-04 20:00:00,154.721,155.177,154.686,155.113,3709,11,0
2024-06-05 00:00:00,155.113,155.589,155.091,155.484,12413,11,0
2024-06-05 04:00:00,155.486,156.183,155.438,156.135,11020,11,0
2024-06-05 08:00:00,156.139,156.298,155.954,156.14,9468,11,0
2024-06-05 12:00:00,156.142,156.481,155.717,156.205,20248,11,0
2024-06-05 16:00:00,156.205,156.241,156.055,156.065,6383,11,0
2024-06-05 20:00:00,156.069,156.14,155.791,155.912,4443,11,0
2024-06-06 00:00:00,155.909,155.923,155.348,155.566,11671,11,0
2024-06-06 04:00:00,155.566,156.305,155.557,156.274,11701,11,0
2024-06-06 08:00:00,156.271,156.375,155.889,156.188,8261,11,0
2024-06-06 12:00:00,156.185,156.443,155.886,155.979,17130,11,0
2024-06-06 16:00:00,155.975,156.065,155.467,155.587,8283,11,0
2024-06-06 20:00:00,155.559,155.714,155.468,155.675,3551,11,0
2024-06-07 00:00:00,155.676,155.933,155.574,155.748,8815,11,0
2024-06-07 04:00:00,155.748,155.758,155.114,155.413,11685,11,0
2024-06-07 08:00:00,155.416,155.635,155.307,155.586,9460,11,0
2024-06-07 12:00:00,155.586,157.07,155.427,156.594,25997,11,0
2024-06-07 16:00:00,156.591,156.76,156.51,156.727,8520,11,0
2024-06-07 20:00:00,156.7,156.741,156.628,156.724,1086,43,0
2024-06-09 20:00:00,156.611,156.91,156.551,156.82,4244,11,0
2024-06-10 00:00:00,156.819,157.188,156.715,157.148,9276,11,0
2024-06-10 04:00:00,157.148,157.18,156.926,156.995,9624,11,0
2024-06-10 08:00:00,156.996,157.035,156.739,156.877,9497,11,0
2024-06-10 12:00:00,156.878,157.004,156.794,156.933,9250,11,0
2024-06-10 16:00:00,156.933,157.093,156.905,156.984,5036,11,0
2024-06-10 20:00:00,156.972,157.068,156.853,157.04,2959,11,0
2024-06-11 00:00:00,157.039,157.329,157.028,157.216,6300,11,0
2024-06-11 04:00:00,157.215,157.363,157.141,157.336,6356,11,0
2024-06-11 08:00:00,157.335,157.39,157.046,157.095,8566,11,0
2024-06-11 12:00:00,157.093,157.381,156.801,157.32,12096,11,0
2024-06-11 16:00:00,157.318,157.4,156.932,157.07,6270,11,0
2024-06-11 20:00:00,157.018,157.175,156.965,157.105,2701,11,0
2024-06-12 00:00:00,157.103,157.24,157.039,157.175,6993,11,0
2024-06-12 04:00:00,157.175,157.351,157.125,157.263,5368,11,0
2024-06-12 08:00:00,157.263,157.368,157.248,157.328,4687,11,0
2024-06-12 12:00:00,157.328,157.347,155.716,155.879,27977,11,0
2024-06-12 16:00:00,155.878,156.871,155.714,156.812,25507,11,0
2024-06-12 20:00:00,156.814,156.872,156.402,156.799,5214,11,0
2024-06-13 00:00:00,156.797,157.055,156.69,157.002,9348,11,0
2024-06-13 04:00:00,157.002,157.301,156.988,157.269,7161,11,0
2024-06-13 08:00:00,157.267,157.307,157.118,157.206,6311,11,0
2024-06-13 12:00:00,157.208,157.266,156.576,156.769,19725,11,0
2024-06-13 16:00:00,156.769,157.073,156.686,157.043,8906,11,0
2024-06-13 20:00:00,157.022,157.139,156.881,157.121,3594,11,0
2024-06-14 00:00:00,157.119,157.976,156.8,157.816,17665,11,0
2024-06-14 04:00:00,157.816,158.252,157.622,157.669,24546,11,0
2024-06-14 08:00:00,157.671,157.785,156.877,157.061,30163,11,0
2024-06-14 12:00:00,157.06,157.491,156.947,157.282,24331,11,0
2024-06-14 16:00:00,157.281,157.348,157.219,157.278,6262,11,0
2024-06-14 20:00:00,157.258,157.419,157.229,157.35,1147,43,0
2024-06-16 20:00:00,157.339,157.659,157.089,157.553,3730,11,0
2024-06-17 00:00:00,157.553,157.558,157.286,157.364,7773,11,0
2024-06-17 04:00:00,157.364,157.555,157.151,157.547,9745,11,0
2024-06-17 08:00:00,157.548,157.863,157.535,157.842,7998,11,0
2024-06-17 12:00:00,157.84,157.955,157.778,157.806,9564,11,0
2024-06-17 16:00:00,157.804,157.811,157.676,157.713,4455,11,0
2024-06-17 20:00:00,157.69,157.731,157.57,157.692,2279,11,0
2024-06-18 00:00:00,157.692,157.726,157.511,157.636,7110,11,0
2024-06-18 04:00:00,157.635,158.129,157.575,158.122,7036,11,0
2024-06-18 08:00:00,158.122,158.225,157.991,158.078,7154,11,0
2024-06-18 12:00:00,158.077,158.123,157.621,157.812,15689,11,0
2024-06-18 16:00:00,157.812,157.895,157.638,157.842,6423,11,0
2024-06-18 20:00:00,157.795,157.861,157.755,157.861,2285,11,0
2024-06-19 00:00:00,157.862,157.92,157.72,157.85,4847,11,0
2024-06-19 04:00:00,157.85,157.866,157.598,157.74,5423,11,0
2024-06-19 08:00:00,157.741,157.904,157.73,157.898,4135,11,0
2024-06-19 12:00:00,157.898,157.945,157.861,157.927,3429,11,0
2024-06-19 16:00:00,157.927,158.042,157.89,157.99,1332,11,0
2024-06-19 20:00:00,157.979,158.066,157.779,157.951,3007,11,0
2024-06-20 00:00:00,157.95,158.135,157.95,158.077,4894,11,0
2024-06-20 04:00:00,158.077,158.276,158.048,158.269,6057,11,0
2024-06-20 08:00:00,158.268,158.466,158.267,158.427,7079,11,0
2024-06-20 12:00:00,158.427,158.777,158.242,158.769,9787,11,0
2024-06-20 16:00:00,158.769,158.908,158.692,158.891,4866,11,0
2024-06-20 20:00:00,158.869,158.947,158.807,158.932,3063,11,0
2024-06-21 00:00:00,158.931,159.122,158.821,158.882,6263,11,0
2024-06-21 04:00:00,158.882,158.996,158.664,158.772,6653,11,0
2024-06-21 08:00:00,158.769,159.013,158.672,158.897,6521,11,0
2024-06-21 12:00:00,158.895,159.622,158.847,159.445,12157,11,0
2024-06-21 16:00:00,159.448,159.599,159.41,159.588,5225,11,0
2024-06-21 20:00:00,159.554,159.799,159.514,159.771,1108,43,0
2024-06-23 20:00:00,159.694,159.903,159.488,159.893,3823,11,0
2024-06-24 00:00:00,159.893,159.926,159.615,159.695,7397,11,0
2024-06-24 04:00:00,159.695,159.813,159.643,159.686,5993,11,0
2024-06-24 08:00:00,159.686,159.804,158.738,159.459,18118,11,0
2024-06-24 12:00:00,159.461,159.752,159.319,159.705,11558,11,0
2024-06-24 16:00:00,159.705,159.752,159.535,159.625,4395,11,0
2024-06-24 20:00:00,159.61,159.7,159.497,159.695,3722,11,0
2024-06-25 00:00:00,159.695,159.696,159.183,159.476,10516,11,0
2024-06-25 04:00:00,159.477,159.546,159.267,159.481,6950,11,0
2024-06-25 08:00:00,159.482,159.515,159.287,159.456,6508,11,0
2024-06-25 12:00:00,159.455,159.751,159.424,159.68,8370,11,0
2024-06-25 16:00:00,159.679,159.742,159.596,159.604,4325,11,0
2024-06-25 20:00:00,159.586,159.704,159.529,159.697,2725,11,0
2024-06-26 00:00:00,159.699,159.899,159.661,159.83,5876,11,0
2024-06-26 04:00:00,159.83,159.928,159.737,159.892,4508,11,0
2024-06-26 08:00:00,159.892,160.388,159.854,160.299,11410,11,0
2024-06-26 12:00:00,160.301,160.819,160.008,160.678,16873,11,0
2024-06-26 16:00:00,160.678,160.841,160.588,160.77,6307,11,0
2024-06-26 20:00:00,160.775,160.812,160.475,160.627,3818,11,0
2024-06-27 00:00:00,160.626,160.713,160.375,160.427,8544,11,0
2024-06-27 04:00:00,160.427,160.556,160.298,160.543,7080,11,0
2024-06-27 08:00:00,160.543,160.604,160.389,160.542,5596,11,0
2024-06-27 12:00:00,160.543,160.722,160.277,160.695,11730,11,0
2024-06-27 16:00:00,160.694,160.815,160.661,160.801,3947,11,0
2024-06-27 20:00:00,160.782,160.782,160.621,160.701,3346,11,0
2024-06-28 00:00:00,160.7,161.282,160.647,160.981,14851,11,0
2024-06-28 04:00:00,160.981,161.127,160.831,160.924,8091,11,0
2024-06-28 08:00:00,160.926,160.958,160.431,160.645,9092,11,0
2024-06-28 12:00:00,160.645,160.96,160.259,160.877,18343,11,0
2024-06-28 16:00:00,160.877,160.901,160.702,160.844,6335,11,0
2024-06-28 20:00:00,160.836,160.909,160.781,160.858,1147,43,0
2024-06-30 20:00:00,160.646,160.932,160.626,160.921,3534,11,0
2024-07-01 00:00:00,160.92,161.183,160.733,161.045,10239,11,0
2024-07-01 04:00:00,161.045,161.117,160.865,161.008,7772,11,0
2024-07-01 08:00:00,161.011,161.145,160.947,161.097,4994,11,0
2024-07-01 12:00:00,161.097,161.725,160.966,161.554,12759,11,0
2024-07-01 16:00:00,161.554,161.597,161.399,161.442,5079,11,0
2024-07-01 20:00:00,161.422,161.511,161.298,161.506,2729,11,0
2024-07-02 00:00:00,161.506,161.677,161.451,161.652,6530,11,0
2024-07-02 04:00:00,161.653,161.741,161.586,161.652,6377,11,0
2024-07-02 08:00:00,161.651,161.693,161.554,161.622,4700,11,0
2024-07-02 12:00:00,161.619,161.62,161.263,161.531,10923,11,0
2024-07-02 16:00:00,161.531,161.598,161.418,161.44,3095,11,0
2024-07-02 20:00:00,161.39,161.519,161.326,161.483,2888,11,0
2024-07-03 00:00:00,161.484,161.652,161.44,161.625,4295,11,0
2024-07-03 04:00:00,161.625,161.936,161.605,161.765,6995,11,0
2024-07-03 08:00:00,161.766,161.946,161.755,161.916,5050,11,0
2024-07-03 12:00:00,161.915,161.931,160.765,161.477,19392,11,0
2024-07-03 16:00:00,161.477,161.735,161.398,161.67,5261,11,0
2024-07-03 20:00:00,161.659,161.728,161.366,161.586,3051,11,0
2024-07-04 00:00:00,161.583,161.602,161.132,161.525,8661,11,0
2024-07-04 04:00:00,161.525,161.571,161.261,161.279,5365,11,0
2024-07-04 08:00:00,161.276,161.323,160.941,160.999,5970,11,0
2024-07-04 12:00:00,160.999,161.191,160.942,161.138,6019,11,0
2024-07-04 16:00:00,161.139,161.252,161.109,161.197,1743,11,0
2024-07-04 20:00:00,161.187,161.392,161.071,161.354,3484,11,0
2024-07-05 00:00:00,161.353,161.39,160.524,160.613,14829,11,0
2024-07-05 04:00:00,160.613,160.851,160.527,160.766,7895,11,0
2024-07-05 08:00:00,160.766,160.877,160.61,160.817,5863,11,0
2024-07-05 12:00:00,160.816,161.328,160.331,160.729,25948,11,0
2024-07-05 16:00:00,160.729,160.945,160.701,160.751,5790,11,0
2024-07-05 20:00:00,160.711,160.813,160.677,160.764,911,43,0
2024-07-07 20:00:00,160.641,160.813,160.571,160.633,3621,11,0
2024-07-08 00:00:00,160.635,160.726,160.259,160.484,11815,11,0
2024-07-08 04:00:00,160.482,160.95,160.467,160.893,8363,11,0
2024-07-08 08:00:00,160.893,161.115,160.863,161.006,5512,11,0
2024-07-08 12:00:00,161.007,161.015,160.469,160.774,11554,11,0
2024-07-08 16:00:00,160.774,160.815,160.682,160.757,3943,11,0
2024-07-08 20:00:00,160.737,160.87,160.626,160.855,2243,11,0
2024-07-09 00:00:00,160.852,161.128,160.76,161.046,6721,11,0
2024-07-09 04:00:00,161.046,161.057,160.732,160.917,6885,11,0
2024-07-09 08:00:00,160.915,161.175,160.883,161.114,5443,11,0
2024-07-09 12:00:00,161.115,161.512,160.882,161.395,13269,11,0
2024-07-09 16:00:00,161.395,161.402,161.223,161.268,5347,11,0
2024-07-09 20:00:00,161.26,161.364,161.107,161.324,2185,11,0
2024-07-10 00:00:00,161.323,161.586,161.295,161.426,5394,11,0
2024-07-10 04:00:00,161.427,161.555,161.333,161.491,5038,11,0
2024-07-10 08:00:00,161.491,161.609,161.421,161.477,5010,11,0
2024-07-10 12:00:00,161.474,161.752,161.42,161.732,7734,11,0
2024-07-10 16:00:00,161.732,161.803,161.64,161.705,4185,11,0
2024-07-10 20:00:00,161.692,161.724,161.371,161.591,2641,11,0
2024-07-11 00:00:00,161.588,161.68,161.469,161.634,5805,11,0
2024-07-11 04:00:00,161.634,161.756,161.537,161.628,4343,11,0
2024-07-11 08:00:00,161.627,161.629,161.468,161.534,4457,11,0
2024-07-11 12:00:00,161.532,161.618,157.414,158.577,118438,11,0
2024-07-11 16:00:00,158.58,158.888,158.53,158.794,11273,11,0
2024-07-11 20:00:00,158.783,159.442,157.737,158.281,38154,11,0
2024-07-12 00:00:00,158.279,159.382,157.975,159.227,35915,11,0
2024-07-12 04:00:00,159.228,159.317,158.863,159.215,14540,11,0
2024-07-12 08:00:00,159.217,159.262,158.931,158.972,9608,11,0
2024-07-12 12:00:00,158.968,159.147,157.359,157.897,64464,11,0
2024-07-12 16:00:00,157.895,158.018,157.793,157.812,7102,11,0
2024-07-12 20:00:00,157.804,157.896,157.727,157.875,1210,43,0
2024-07-14 20:00:00,157.974,158.418,157.93,158.288,5325,11,0
2024-07-15 00:00:00,158.284,158.363,157.908,157.968,12070,11,0
2024-07-15 04:00:00,157.968,158.231,157.826,157.926,9299,11,0
2024-07-15 08:00:00,157.92,158.171,157.747,158.11,8723,11,0
2024-07-15 12:00:00,158.113,158.159,157.804,157.887,11405,11,0
2024-07-15 16:00:00,157.886,158.02,157.159,157.896,13718,11,0
2024-07-15 20:00:00,157.86,158.251,157.802,158.15,3812,11,0
2024-07-16 00:00:00,158.147,158.724,158.103,158.632,8995,11,0
2024-07-16 04:00:00,158.632,158.783,158.354,158.491,8541,11,0
2024-07-16 08:00:00,158.492,158.589,158.315,158.34,6965,11,0
2024-07-16 12:00:00,158.343,158.853,158.255,158.57,13794,11,0
2024-07-16 16:00:00,158.57,158.629,158.317,158.369,5541,11,0
2024-07-16 20:00:00,158.33,158.391,158.104,158.36,3615,11,0
2024-07-17 00:00:00,158.36,158.623,158.301,158.373,7868,11,0
2024-07-17 04:00:00,158.374,158.384,157.005,157.071,19401,11,0
2024-07-17 08:00:00,157.07,157.099,156.096,156.505,29818,11,0
2024-07-17 12:00:00,156.508,156.737,156.144,156.563,23912,11,0
2024-07-17 16:00:00,156.561,156.591,156.049,156.155,11697,11,0
2024-07-17 20:00:00,156.129,156.317,155.367,155.668,15572,11,0
2024-07-18 00:00:00,155.667,156.568,155.454,156.433,19399,11,0
2024-07-18 04:00:00,156.433,156.536,155.792,156.244,20125,11,0
2024-07-18 08:00:00,156.242,156.584,156.168,156.49,12658,11,0
2024-07-18 12:00:00,156.487,156.979,156.18,156.97,19725,11,0
2024-07-18 16:00:00,156.97,157.395,156.869,157.343,7956,11,0
2024-07-18 20:00:00,157.315,157.376,157.11,157.175,4403,11,0
2024-07-19 00:00:00,157.172,157.53,157.058,157.372,12602,11,0
2024-07-19 04:00:00,157.372,157.858,156.955,157.316,18393,11,0
2024-07-19 08:00:00,157.312,157.575,157.141,157.463,11397,11,0
2024-07-19 12:00:00,157.466,157.694,157.257,157.387,16083,11,0
2024-07-19 16:00:00,157.387,157.523,157.337,157.471,4727,11,0
2024-07-19 20:00:00,157.488,157.523,157.427,157.449,708,11,0
2024-07-21 20:00:00,157.388,157.494,157.153,157.421,5166,11,0
2024-07-22 00:00:00,157.421,157.608,157.331,157.478,8475,11,0
2024-07-22 04:00:00,157.478,157.507,156.28,156.805,22254,11,0
2024-07-22 08:00:00,156.803,156.959,156.552,156.851,14943,11,0
2024-07-22 12:00:00,156.85,157.142,156.69,157.08,14338,11,0
2024-07-22 16:00:00,157.081,157.169,157.028,157.05,4471,11,0
2024-07-22 20:00:00,157.067,157.1,156.778,156.902,3276,11,0
2024-07-23 00:00:00,156.9,156.924,156.191,156.274,16693,11,0
2024-07-23 04:00:00,156.277,156.633,155.927,156.039,16312,11,0
2024-07-23 08:00:00,156.036,156.187,155.815,156.149,15319,11,0
2024-07-23 12:00:00,156.151,156.264,155.939,156.016,13227,11,0
2024-07-23 16:00:00,156.016,156.052,155.573,155.61,8460,11,0
2024-07-23 20:00:00,155.633,155.814,155.41,155.76,3760,11,0
2024-07-24 00:00:00,155.762,155.987,155.04,155.052,21350,11,0
2024-07-24 04:00:00,155.053,155.053,154.356,154.588,26676,11,0
2024-07-24 08:00:00,154.588,154.941,154.051,154.188,18863,11,0
2024-07-24 12:00:00,154.187,154.221,153.1,153.379,32283,11,0
2024-07-24 16:00:00,153.379,154.093,153.336,153.999,11562,11,0
2024-07-24 20:00:00,153.997,154.001,153.448,153.912,7379,11,0
2024-07-25 00:00:00,153.911,153.966,152.224,152.314,37103,11,0
2024-07-25 04:00:00,152.314,152.969,152.051,152.193,25685,11,0
2024-07-25 08:00:00,152.189,152.745,151.938,152.72,23035,11,0
2024-07-25 12:00:00,152.719,154.193,152.548,153.975,49533,11,0
2024-07-25 16:00:00,153.976,154.315,153.741,153.903,18738,11,0
2024-07-25 20:00:00,153.891,154.017,153.371,153.697,9945,11,0
2024-07-26 00:00:00,153.694,154.138,153.389,153.75,22640,11,0
2024-07-26 04:00:00,153.751,154.169,153.495,153.914,17903,11,0
2024-07-26 08:00:00,153.914,154.735,153.861,154.607,17816,11,0
2024-07-26 12:00:00,154.608,154.726,153.093,153.864,38831,11,0
2024-07-26 16:00:00,153.863,153.87,153.671,153.74,8913,11,0
2024-07-26 20:00:00,153.742,153.792,153.717,153.752,707,11,0
2024-07-28 20:00:00,153.647,154.21,153.511,154.145,6525,11,0
2024-07-29 00:00:00,154.147,154.347,153.01,153.511,25972,11,0
2024-07-29 04:00:00,153.514,153.723,153.139,153.615,19975,11,0
2024-07-29 08:00:00,153.613,153.914,153.58,153.827,15186,11,0
2024-07-29 12:00:00,153.829,154.205,153.726,153.958,18717,11,0
2024-07-29 16:00:00,153.958,154.088,153.883,153.975,6628,11,0
2024-07-29 20:00:00,153.991,154.057,153.762,153.831,5523,11,0
2024-07-30 00:00:00,153.829,154.248,153.613,154.066,14758,11,0
2024-07-30 04:00:00,154.068,155.214,154.058,154.893,19896,11,0
2024-07-30 08:00:00,154.892,154.931,154.601,154.882,12281,11,0
2024-07-30 12:00:00,154.882,155.018,153.642,153.723,36634,11,0
2024-07-30 16:00:00,153.722,153.852,152.974,153.249,22049,11,0
2024-07-30 20:00:00,153.264,153.27,152.374,152.654,13567,11,0
2024-07-31 00:00:00,152.652,153.849,151.608,153.587,40873,11,0
2024-07-31 04:00:00,153.59,153.904,150.601,150.921,60772,11,0
2024-07-31 08:00:00,150.921,150.981,150.045,150.182,47942,11,0
2024-07-31 12:00:00,150.184,150.675,149.624,150.374,42921,11,0
2024-07-31 16:00:00,150.376,151.258,149.605,149.778,34822,11,0
2024-07-31 20:00:00,149.777,150.319,149.638,149.784,10171,11,0
2024-08-01 00:00:00,149.786,149.892,148.505,149.563,46318,11,0
2024-08-01 04:00:00,149.563,150.333,149.337,149.86,36069,11,0
2024-08-01 08:00:00,149.858,150.619,149.425,150.522,27447,11,0
2024-08-01 12:00:00,150.523,150.888,149.828,150.059,38337,11,0
2024-08-01 16:00:00,150.058,150.134,149.469,149.751,18601,11,0
2024-08-01 20:00:00,149.761,149.764,148.867,149.205,12239,11,0
2024-08-02 00:00:00,149.203,149.774,148.938,149.485,28941,11,0
2024-08-02 04:00:00,149.489,149.579,148.618,149.205,28973,11,0
2024-08-02 08:00:00,149.206,149.318,148.728,149.007,20512,11,0
2024-08-02 12:00:00,149.007,149.109,146.413,146.974,81075,11,0
2024-08-02 16:00:00,146.976,147.455,146.435,146.556,28752,11,0
2024-08-02 20:00:00,146.573,146.607,146.487,146.522,1792,11,0
2024-08-04 20:00:00,146.389,146.551,145.277,145.589,21793,11,0
2024-08-05 00:00:00,145.586,145.939,144.169,144.361,69811,11,0
2024-08-05 04:00:00,144.361,144.43,141.679,143.478,118708,11,0
2024-08-05 08:00:00,143.476,143.56,141.733,142.308,48408,11,0
2024-08-05 12:00:00,142.306,143.991,141.835,143.956,74148,11,0
2024-08-05 16:00:00,143.956,144.89,143.387,143.724,43750,11,0
2024-08-05 20:00:00,143.733,145.832,143.568,145.8,29200,11,0
2024-08-06 00:00:00,145.802,146.375,144.302,145.349,70296,11,0
2024-08-06 04:00:00,145.349,146.287,145.102,145.29,61504,11,0
2024-08-06 08:00:00,145.288,145.455,144.349,145.149,53508,11,0
2024-08-06 12:00:00,145.146,145.203,144.042,145.106,60611,11,0
2024-08-06 16:00:00,145.107,145.416,144.717,144.717,24233,11,0
2024-08-06 20:00:00,144.731,144.803,144.121,144.732,13073,11,0
2024-08-07 00:00:00,144.735,147.497,144.546,147.132,71711,11,0
2024-08-07 04:00:00,147.134,147.904,146.082,146.683,66236,11,0
2024-08-07 08:00:00,146.686,147.633,146.616,147.201,35257,11,0
2024-08-07 12:00:00,147.203,147.686,146.646,147.412,36135,11,0
2024-08-07 16:00:00,147.415,147.496,146.678,146.824,31806,11,0
2024-08-07 20:00:00,146.843,146.902,145.567,146.283,20636,11,0
2024-08-08 00:00:00,146.284,146.869,145.423,146.379,59818,11,0
2024-08-08 04:00:00,146.381,146.4,145.625,145.867,47864,11,0
2024-08-08 08:00:00,145.87,146.486,145.752,146.16,32384,11,0
2024-08-08 12:00:00,146.162,147.544,145.947,147.092,43258,11,0
2024-08-08 16:00:00,147.089,147.433,147.069,147.126,16328,11,0
2024-08-08 20:00:00,147.134,147.813,147.05,147.691,12667,11,0
2024-08-09 00:00:00,147.689,147.775,147.022,147.225,30414,11,0
2024-08-09 04:00:00,147.227,147.251,146.715,147.199,26103,11,0
2024-08-09 08:00:00,147.202,147.319,146.821,147.007,20642,11,0
2024-08-09 12:00:00,147.008,147.029,146.262,146.493,28592,11,0
2024-08-09 16:00:00,146.492,146.76,146.476,146.616,10379,11,0
2024-08-09 20:00:00,146.638,146.691,146.582,146.614,1202,11,0
2024-08-11 20:00:00,146.561,147.125,146.45,147.069,7301,11,0
2024-08-12 00:00:00,147.07,147.221,146.697,147.195,12608,11,0
2024-08-12 04:00:00,147.196,147.318,147.026,147.218,13103,11,0
2024-08-12 08:00:00,147.215,147.661,147.188,147.567,11444,11,0
2024-08-12 12:00:00,147.571,148.221,147.232,147.539,26166,11,0
2024-08-12 16:00:00,147.539,147.572,147.037,147.164,15981,11,0
2024-08-12 20:00:00,147.153,147.273,146.908,147.019,6932,11,0
2024-08-13 00:00:00,147.022,147.509,147.0,147.476,15650,11,0
2024-08-13 04:00:00,147.477,147.944,147.428,147.854,14699,11,0
2024-08-13 08:00:00,147.851,147.917,147.308,147.346,14677,11,0
2024-08-13 12:00:00,147.345,147.507,146.838,146.97,31899,11,0
2024-08-13 16:00:00,146.966,146.969,146.592,146.803,12709,11,0
2024-08-13 20:00:00,146.825,147.01,146.684,146.944,6661,11,0
2024-08-14 00:00:00,146.942,147.181,146.065,146.777,24660,11,0
2024-08-14 04:00:00,146.773,147.419,146.75,147.407,18497,11,0
2024-08-14 08:00:00,147.403,147.497,146.826,146.889,12709,11,0
2024-08-14 12:00:00,146.888,147.577,146.497,146.863,31072,11,0
2024-08-14 16:00:00,146.86,147.374,146.815,147.32,10240,11,0
2024-08-14 20:00:00,147.335,147.433,147.042,147.267,5580,11,0
2024-08-15 00:00:00,147.271,147.613,147.148,147.401,14935,11,0
2024-08-15 04:00:00,147.402,147.412,147.048,147.21,11371,11,0
2024-08-15 08:00:00,147.211,147.444,147.176,147.217,10215,11,0
2024-08-15 12:00:00,147.217,149.323,147.181,148.911,34189,11,0
2024-08-15 16:00:00,148.908,149.181,148.845,149.029,8005,11,0
2024-08-15 20:00:00,149.027,149.381,149.011,149.225,6013,11,0
2024-08-16 00:00:00,149.228,149.27,148.735,148.927,15708,11,0
2024-08-16 04:00:00,148.928,149.092,148.827,149.011,10606,11,0
2024-08-16 08:00:00,149.012,149.046,147.954,148.043,16121,11,0
2024-08-16 12:00:00,148.045,148.264,147.612,148.129,22425,11,0
2024-08-16 16:00:00,148.13,148.191,147.626,147.674,7126,11,0
2024-08-16 20:00:00,147.68,147.692,147.555,147.599,818,11,0
2024-08-18 20:00:00,147.519,148.048,147.438,147.959,3634,11,0
2024-08-19 00:00:00,147.962,148.002,146.31,146.457,20735,11,0
2024-08-19 04:00:00,146.459,146.623,145.184,146.102,32846,11,0
2024-08-19 08:00:00,146.1,146.522,145.9,146.038,17826,11,0
2024-08-19 12:00:00,146.037,146.712,145.928,146.421,22593,11,0
2024-08-19 16:00:00,146.422,146.688,146.383,146.609,6478,11,0
2024-08-19 20:00:00,146.621,146.866,146.459,146.709,3927,11,0
2024-08-20 00:00:00,146.711,147.16,145.843,147.065,24849,11,0
2024-08-20 04:00:00,147.062,147.343,146.326,146.555,19208,11,0
2024-08-20 08:00:00,146.551,146.583,146.229,146.371,16225,11,0
2024-08-20 12:00:00,146.369,146.487,145.513,145.694,22421,11,0
2024-08-20 16:00:00,145.697,145.742,145.314,145.317,7408,11,0
2024-08-20 20:00:00,145.336,145.355,144.938,145.32,8629,11,0
2024-08-21 00:00:00,145.317,145.586,144.925,145.473,20640,11,0
2024-08-21 04:00:00,145.475,146.224,145.389,146.139,15847,11,0
2024-08-21 08:00:00,146.142,146.223,145.876,146.055,11257,11,0
2024-08-21 12:00:00,146.053,146.893,145.029,145.193,50027,11,0
2024-08-21 16:00:00,145.195,145.239,144.45,144.983,16526,11,0
2024-08-21 20:00:00,144.989,145.265,144.841,145.12,6340,11,0
2024-08-22 00:00:00,145.118,145.638,144.937,145.263,15027,11,0
2024-08-22 04:00:00,145.265,145.471,144.981,145.241,14689,11,0
2024-08-22 08:00:00,145.243,146.148,145.243,145.987,12511,11,0
2024-08-22 12:00:00,145.984,146.523,145.816,145.971,25321,11,0
2024-08-22 16:00:00,145.973,146.489,145.96,146.28,10553,11,0
2024-08-22 20:00:00,146.29,146.369,146.018,146.208,3813,11,0
2024-08-23 00:00:00,146.211,146.333,145.289,145.667,22882,11,0
2024-08-23 04:00:00,145.67,145.974,145.286,145.821,13441,11,0
2024-08-23 08:00:00,145.822,146.174,145.743,146.026,10510,11,0
2024-08-23 12:00:00,146.03,146.477,144.594,144.862,35377,11,0
2024-08-23 16:00:00,144.86,144.975,144.041,144.207,13403,11,0
2024-08-23 20:00:00,144.224,144.394,144.212,144.36,1257,11,0
2024-08-25 20:00:00,144.185,144.333,143.553,143.919,11679,9,0
2024-08-26 00:00:00,143.922,144.09,143.443,143.966,25864,9,0
2024-08-26 04:00:00,143.969,144.214,143.597,143.883,16691,9,0
2024-08-26 08:00:00,143.887,144.226,143.77,144.129,10314,9,0
2024-08-26 12:00:00,144.132,144.604,143.852,144.507,21145,9,0
2024-08-26 16:00:00,144.504,144.65,144.315,144.586,7116,9,0
2024-08-26 20:00:00,144.59,144.604,144.228,144.501,4135,9,0
2024-08-27 00:00:00,144.504,144.969,144.449,144.83,11669,9,0
2024-08-27 04:00:00,144.828,145.17,144.572,144.997,12924,9,0
2024-08-27 08:00:00,144.993,145.145,144.505,144.529,11959,9,0
2024-08-27 12:00:00,144.526,144.602,144.149,144.263,18619,9,0
2024-08-27 16:00:00,144.262,144.289,143.913,143.963,7210,9,0
2024-08-27 20:00:00,143.969,144.002,143.67,143.96,4877,9,0
2024-08-28 00:00:00,143.963,144.488,143.906,144.406,13669,9,0
2024-08-28 04:00:00,144.408,144.6,144.286,144.558,12058,9,0
2024-08-28 08:00:00,144.559,144.573,144.06,144.321,9404,9,0
2024-08-28 12:00:00,144.318,145.037,144.305,144.47,18109,9,0
2024-08-28 16:00:00,144.468,144.81,144.463,144.677,8018,9,0
2024-08-28 20:00:00,144.692,144.762,144.215,144.435,7520,9,0
2024-08-29 00:00:00,144.432,144.694,144.269,144.525,11270,9,0
2024-08-29 04:00:00,144.522,144.858,144.457,144.726,11751,9,0
2024-08-29 08:00:00,144.722,144.738,144.44,144.589,12945,9,0
2024-08-29 12:00:00,144.586,145.553,144.537,144.985,23933,9,0
2024-08-29 16:00:00,144.983,145.044,144.72,144.897,11143,9,0
2024-08-29 20:00:00,144.896,145.069,144.83,144.887,6251,9,0
2024-08-30 00:00:00,144.888,144.942,144.648,144.792,13132,9,0
2024-08-30 04:00:00,144.792,145.09,144.769,144.928,9706,9,0
2024-08-30 08:00:00,144.927,145.454,144.846,145.421,9884,9,0
2024-08-30 12:00:00,145.419,145.969,145.248,145.951,25765,9,0
2024-08-30 16:00:00,145.952,146.245,145.904,146.167,10662,9,0
2024-08-30 20:00:00,146.179,146.209,146.082,146.176,1497,9,0
2024-09-01 20:00:00,145.997,146.599,145.933,146.398,5546,9,0
2024-09-02 00:00:00,146.398,146.545,145.823,145.945,16079,9,0
2024-09-02 04:00:00,145.947,146.474,145.77,146.47,12006,9,0
2024-09-02 08:00:00,146.468,146.986,146.428,146.983,10901,9,0
2024-09-02 12:00:00,146.983,147.174,146.83,146.948,8830,9,0
2024-09-02 16:00:00,146.95,146.987,146.804,146.867,2310,9,0
2024-09-02 20:00:00,146.876,146.959,146.708,146.746,3283,9,0
2024-09-03 00:00:00,146.748,147.205,146.443,146.54,20752,9,0
2024-09-03 04:00:00,146.541,146.591,145.886,145.946,20896,9,0
2024-09-03 08:00:00,145.947,146.236,145.607,146.17,16404,9,0
2024-09-03 12:00:00,146.173,146.285,145.123,145.819,30706,9,0
2024-09-03 16:00:00,145.821,145.921,145.561,145.613,10672,9,0
2024-09-03 20:00:00,145.622,145.704,145.087,145.364,9003,9,0
2024-09-04 00:00:00,145.365,145.551,144.885,145.31,24965,9,0
2024-09-04 04:00:00,145.311,145.539,144.748,144.978,21006,9,0
2024-09-04 08:00:00,144.981,145.268,144.856,144.883,13841,9,0
2024-09-04 12:00:00,144.886,145.214,143.993,144.304,32638,9,0
2024-09-04 16:00:00,144.304,144.368,143.788,143.8,14580,9,0
2024-09-04 20:00:00,143.816,143.861,143.181,143.333,9401,9,0
2024-09-05 00:00:00,143.33,143.902,143.296,143.759,20176,9,0
2024-09-05 04:00:00,143.762,143.852,143.042,143.61,20373,9,0
2024-09-05 08:00:00,143.609,143.748,143.41,143.45,14314,9,0
2024-09-05 12:00:00,143.446,144.229,142.845,143.432,37785,9,0
2024-09-05 16:00:00,143.43,143.542,143.188,143.437,15297,9,0
2024-09-05 20:00:00,143.446,143.479,143.316,143.385,5465,9,0
2024-09-06 00:00:00,143.382,143.417,142.981,143.03,14880,9,0
2024-09-06 04:00:00,143.03,143.03,142.051,142.516,23834,9,0
2024-09-06 08:00:00,142.519,143.125,142.478,143.056,15869,9,0
2024-09-06 12:00:00,143.059,144.045,141.764,142.131,87590,9,0
2024-09-06 16:00:00,142.135,142.69,142.07,142.398,25078,9,0
2024-09-06 20:00:00,142.406,142.422,142.246,142.297,2322,9,0
2024-09-08 20:00:00,142.221,142.526,141.954,142.488,9400,9,0
2024-09-09 00:00:00,142.487,142.984,142.417,142.758,21462,9,0
2024-09-09 04:00:00,142.756,143.357,142.736,143.156,21034,9,0
2024-09-09 08:00:00,143.155,143.796,143.091,143.606,15811,9,0
2024-09-09 12:00:00,143.603,143.696,142.648,142.922,24317,9,0
2024-09-09 16:00:00,142.923,142.951,142.712,142.948,11721,9,0
2024-09-09 20:00:00,142.942,143.295,142.844,143.181,6084,9,0
2024-09-10 00:00:00,143.181,143.544,143.114,143.233,17246,9,0
2024-09-10 04:00:00,143.233,143.61,143.024,143.599,13595,9,0
2024-09-10 08:00:00,143.601,143.708,142.946,143.121,15500,9,0
2024-09-10 12:00:00,143.12,143.188,142.255,142.285,24635,9,0
2024-09-10 16:00:00,142.283,142.565,142.188,142.291,12290,9,0
2024-09-10 20:00:00,142.307,142.485,142.207,142.229,5906,9,0
2024-09-11 00:00:00,142.231,142.421,141.249,141.394,29796,9,0
2024-09-11 04:00:00,141.393,141.545,140.706,141.385,27650,9,0
2024-09-11 08:00:00,141.382,141.82,141.287,141.685,17235,9,0
2024-09-11 12:00:00,141.688,142.545,141.242,141.724,45097,9,0
2024-09-11 16:00:00,141.721,142.408,141.721,142.35,20494,9,0
2024-09-11 20:00:00,142.35,142.674,142.097,142.632,6779,9,0
2024-09-12 00:00:00,142.634,142.946,142.251,142.59,21511,9,0
2024-09-12 04:00:00,142.591,143.041,142.464,142.761,19158,9,0
2024-09-12 08:00:00,142.758,142.775,142.361,142.563,17195,9,0
2024-09-12 12:00:00,142.56,142.661,141.907,142.239,38442,9,0
2024-09-12 16:00:00,142.24,142.653,141.747,141.865,21945,9,0
2024-09-12 20:00:00,141.865,141.914,141.423,141.506,8465,9,0
2024-09-13 00:00:00,141.509,141.557,140.772,140.973,24175,9,0
2024-09-13 04:00:00,140.976,141.409,140.639,140.911,21722,9,0
2024-09-13 08:00:00,140.91,140.973,140.356,140.832,23155,9,0
2024-09-13 12:00:00,140.829,141.018,140.278,140.659,31469,9,0
2024-09-13 16:00:00,140.663,141.004,140.588,140.905,14100,9,0
2024-09-13 20:00:00,140.925,140.934,140.802,140.806,1452,9,0
2024-09-15 20:00:00,140.747,140.897,140.435,140.845,5800,9,0
2024-09-16 00:00:00,140.845,140.845,140.043,140.121,18253,9,0
2024-09-16 04:00:00,140.123,140.299,139.576,139.873,23898,9,0
2024-09-16 08:00:00,139.87,140.271,139.73,139.884,18526,9,0
2024-09-16 12:00:00,139.882,140.906,139.749,140.797,31558,9,0
2024-09-16 16:00:00,140.795,140.88,140.599,140.689,11356,9,0
2024-09-16 20:00:00,140.694,141.245,140.5,140.797,8760,9,0
2024-09-17 00:00:00,140.796,140.843,140.315,140.595,21215,9,0
2024-09-17 04:00:00,140.595,140.802,140.346,140.597,18784,9,0
2024-09-17 08:00:00,140.596,140.739,140.437,140.6,14050,9,0
2024-09-17 12:00:00,140.6,141.9,140.541,141.769,40650,9,0
2024-09-17 16:00:00,141.772,142.295,141.687,142.201,19570,9,0
2024-09-17 20:00:00,142.211,142.453,141.892,142.005,7629,9,0
2024-09-18 00:00:00,142.005,142.02,141.287,141.394,20486,9,0
2024-09-18 04:00:00,141.391,141.929,141.218,141.873,17095,9,0
2024-09-18 08:00:00,141.877,141.994,141.546,141.843,15422,9,0
2024-09-18 12:00:00,141.845,142.064,141.671,141.932,22595,9,0
2024-09-18 16:00:00,141.931,142.711,140.434,142.432,67916,9,0
2024-09-18 20:00:00,142.438,142.757,141.867,142.698,14143,9,0
2024-09-19 00:00:00,142.7,143.942,142.699,143.166,38611,9,0
2024-09-19 04:00:00,143.168,143.294,142.038,142.504,32117,9,0
2024-09-19 08:00:00,142.507,143.251,142.452,142.917,28842,9,0
2024-09-19 12:00:00,142.918,143.764,142.704,142.881,45982,9,0
2024-09-19 16:00:00,142.879,143.132,142.526,142.605,17432,9,0
2024-09-19 20:00:00,142.612,142.928,142.492,142.862,7808,9,0
2024-09-20 00:00:00,142.859,142.896,141.95,142.287,32362,9,0
2024-09-20 04:00:00,142.287,143.644,141.731,143.627,43234,9,0
2024-09-20 08:00:00,143.629,144.425,143.474,144.215,30065,9,0
2024-09-20 12:00:00,144.211,144.494,143.462,143.903,41033,9,0
2024-09-20 16:00:00,143.905,144.154,143.646,143.907,21105,9,0
2024-09-20 20:00:00,143.904,144.04,143.866,143.917,2539,9,0
2024-09-22 20:00:00,143.82,144.088,143.671,144.078,6675,9,0
2024-09-23 00:00:00,144.08,144.457,144.023,144.315,17523,9,0
2024-09-23 04:00:00,144.315,144.349,143.54,143.665,21433,9,0
2024-09-23 08:00:00,143.663,143.744,143.161,143.606,24473,9,0
2024-09-23 12:00:00,143.609,144.343,143.452,143.591,33802,9,0
2024-09-23 16:00:00,143.59,143.626,143.248,143.465,17555,9,0
2024-09-23 20:00:00,143.481,143.778,143.409,143.633,6260,9,0
2024-09-24 00:00:00,143.63,143.908,143.37,143.769,22360,9,0
2024-09-24 04:00:00,143.769,144.675,143.746,144.449,21688,9,0
2024-09-24 08:00:00,144.446,144.631,143.825,143.974,21727,9,0
2024-09-24 12:00:00,143.974,144.204,143.424,143.771,33386,9,0
2024-09-24 16:00:00,143.772,143.791,143.206,143.217,13724,9,0
2024-09-24 20:00:00,143.228,143.25,142.875,142.946,6971,9,0
2024-09-25 00:00:00,142.948,143.492,142.905,143.295,19828,9,0
2024-09-25 04:00:00,143.295,143.906,143.173,143.876,18781,9,0
2024-09-25 08:00:00,143.877,144.439,143.877,144.301,18177,9,0
2024-09-25 12:00:00,144.301,144.602,143.854,144.4,25929,9,0
2024-09-25 16:00:00,144.401,144.763,144.37,144.742,13489,9,0
2024-09-25 20:00:00,144.752,144.838,144.482,144.709,6720,9,0
2024-09-26 00:00:00,144.707,145.037,144.44,144.925,16366,9,0
2024-09-26 04:00:00,144.925,145.168,144.611,145.024,19224,9,0
2024-09-26 08:00:00,145.023,145.197,144.154,144.164,23657,9,0
2024-09-26 12:00:00,144.161,145.211,144.104,144.676,36773,9,0
2024-09-26 16:00:00,144.675,144.899,144.503,144.639,15953,9,0
2024-09-26 20:00:00,144.66,145.142,144.649,145.081,6646,9,0
2024-09-27 00:00:00,145.08,145.576,144.932,145.248,24437,9,0
2024-09-27 04:00:00,145.251,146.496,142.77,143.192,79863,9,0
2024-09-27 08:00:00,143.19,143.767,142.944,143.106,38341,9,0
2024-09-27 12:00:00,143.104,143.237,142.381,142.598,45746,9,0
2024-09-27 16:00:00,142.597,142.701,142.063,142.128,22215,9,0
2024-09-27 20:00:00,142.134,142.261,142.122,142.204,2213,9,0
2024-09-29 20:00:00,142.214,142.947,142.057,142.785,7557,9,0
2024-09-30 00:00:00,142.79,142.842,142.267,142.45,24964,9,0
2024-09-30 04:00:00,142.45,142.501,141.641,142.364,26691,9,0
2024-09-30 08:00:00,142.365,142.799,142.339,142.557,19792,9,0
2024-09-30 12:00:00,142.554,143.366,142.541,143.259,30250,9,0
2024-09-30 16:00:00,143.257,143.913,142.923,143.708,26305,9,0
2024-09-30 20:00:00,143.724,143.735,143.368,143.712,8294,9,0
2024-10-01 00:00:00,143.71,144.329,143.655,144.273,22321,9,0
2024-10-01 04:00:00,144.275,144.53,143.876,144.17,27984,9,0
2024-10-01 08:00:00,144.168,144.223,143.556,143.751,26285,9,0
2024-10-01 12:00:00,143.754,144.069,142.963,143.667,57502,9,0
2024-10-01 16:00:00,143.666,143.918,143.27,143.541,28679,9,0
2024-10-01 20:00:00,143.556,143.759,143.405,143.722,7453,9,0
2024-10-02 00:00:00,143.72,144.186,143.56,144.13,17519,9,0
2024-10-02 04:00:00,144.129,144.185,143.526,144.06,26729,9,0
2024-10-02 08:00:00,144.058,144.889,143.945,144.694,24539,9,0
2024-10-02 12:00:00,144.692,146.264,144.674,146.045,33621,9,0
2024-10-02 16:00:00,146.044,146.476,145.906,146.419,14533,9,0
2024-10-02 20:00:00,146.434,146.797,146.159,146.569,9887,9,0
2024-10-03 00:00:00,146.568,147.24,146.459,146.849,22512,9,0
2024-10-03 04:00:00,146.848,146.93,146.298,146.447,22532,9,0
2024-10-03 08:00:00,146.45,146.992,146.387,146.663,19444,9,0
2024-10-03 12:00:00,146.665,147.178,146.462,146.827,40895,9,0
2024-10-03 16:00:00,146.828,146.927,146.573,146.834,13761,9,0
2024-10-03 20:00:00,146.83,146.962,146.719,146.84,4897,9,0
2024-10-04 00:00:00,146.837,146.929,146.353,146.374,15826,9,0
2024-10-04 04:00:00,146.373,146.384,145.915,146.3,19697,9,0
2024-10-04 08:00:00,146.302,146.627,146.243,146.586,14253,9,0
2024-10-04 12:00:00,146.589,148.806,146.468,148.693,50666,9,0
2024-10-04 16:00:00,148.691,149.004,148.665,148.754,14926,9,0
2024-10-04 20:00:00,148.766,148.766,148.63,148.687,1892,9,0
2024-10-06 20:00:00,148.658,149.113,148.555,148.795,7604,9,0
2024-10-07 00:00:00,148.792,148.792,148.217,148.405,20499,9,0
2024-10-07 04:00:00,148.404,148.614,148.149,148.268,19538,9,0
2024-10-07 08:00:00,148.27,148.683,148.057,148.268,20431,9,0
2024-10-07 12:00:00,148.265,148.274,147.838,148.12,30214,9,0
2024-10-07 16:00:00,148.122,148.192,147.879,148.062,12108,9,0
2024-10-07 20:00:00,148.068,148.202,147.549,148.125,8667,9,0
2024-10-08 00:00:00,148.126,148.192,147.506,147.912,22961,9,0
2024-10-08 04:00:00,147.911,148.16,147.34,147.59,22049,9,0
2024-10-08 08:00:00,147.591,147.997,147.526,147.851,18355,9,0
2024-10-08 12:00:00,147.851,148.36,147.851,148.224,23446,9,0
2024-10-08 16:00:00,148.225,148.38,148.036,148.266,10693,9,0
2024-10-08 20:00:00,148.276,148.32,148.105,148.14,4891,9,0
2024-10-09 00:00:00,148.14,148.431,148.005,148.317,14347,9,0
2024-10-09 04:00:00,148.316,148.651,148.259,148.541,15241,9,0
2024-10-09 08:00:00,148.541,148.757,148.478,148.72,13833,9,0
2024-10-09 12:00:00,148.717,149.263,148.667,149.195,16613,9,0
2024-10-09 16:00:00,149.196,149.362,149.15,149.297,10797,9,0
2024-10-09 20:00:00,149.308,149.352,148.963,149.161,5138,9,0
2024-10-10 00:00:00,149.158,149.29,149.0,149.22,11495,9,0
2024-10-10 04:00:00,149.219,149.543,148.897,149.015,15677,9,0
2024-10-10 08:00:00,149.016,149.208,148.772,148.953,15531,9,0
2024-10-10 12:00:00,148.953,149.595,148.242,148.564,55335,9,0
2024-10-10 16:00:00,148.566,149.078,148.435,148.54,17571,9,0
2024-10-10 20:00:00,148.564,148.743,148.449,148.705,4696,9,0
2024-10-11 00:00:00,148.705,148.795,148.397,148.708,14061,9,0
2024-10-11 04:00:00,148.706,148.856,148.601,148.772,11435,9,0
2024-10-11 08:00:00,148.771,149.14,148.665,149.0,10375,9,0
2024-10-11 12:00:00,148.997,149.282,148.777,149.117,24128,9,0
2024-10-11 16:00:00,149.117,149.146,148.95,149.126,6832,9,0
2024-10-11 20:00:00,149.132,149.17,149.083,149.091,1189,9,0
2024-10-13 20:00:00,148.997,149.392,148.942,149.302,3957,9,0
2024-10-14 00:00:00,149.302,149.367,149.14,149.323,8332,9,0
2024-10-14 04:00:00,149.322,149.394,149.165,149.352,7536,9,0
2024-10-14 08:00:00,149.353,149.726,149.322,149.637,10151,9,0
2024-10-14 12:00:00,149.635,149.957,149.624,149.821,12795,9,0
2024-10-14 16:00:00,149.821,149.979,149.705,149.748,6735,9,0
2024-10-14 20:00:00,149.759,149.835,149.641,149.712,3874,9,0
2024-10-15 00:00:00,149.712,149.741,149.439,149.706,10559,9,0
2024-10-15 04:00:00,149.706,149.756,149.164,149.23,14482,9,0
2024-10-15 08:00:00,149.232,149.368,148.844,149.348,15156,9,0
2024-10-15 12:00:00,149.348,149.414,148.933,149.219,22830,9,0
2024-10-15 16:00:00,149.219,149.54,149.16,149.215,10409,9,0
2024-10-15 20:00:00,149.234,149.335,149.063,149.082,4459,9,0
2024-10-16 00:00:00,149.084,149.298,148.855,149.169,15464,9,0
2024-10-16 04:00:00,149.168,149.485,149.131,149.447,13342,9,0
2024-10-16 08:00:00,149.445,149.486,149.142,149.169,12606,9,0
2024-10-16 12:00:00,149.167,149.743,149.141,149.713,17172,9,0
2024-10-16 16:00:00,149.712,149.802,149.69,149.694,5881,9,0
2024-10-16 20:00:00,149.703,149.711,149.358,149.562,4444,9,0
2024-10-17 00:00:00,149.56,149.615,149.233,149.551,13313,9,0
2024-10-17 04:00:00,149.553,149.79,149.391,149.771,10900,9,0
2024-10-17 08:00:00,149.769,149.868,149.483,149.524,8980,9,0
2024-10-17 12:00:00,149.524,150.148,149.454,150.124,28435,9,0
2024-10-17 16:00:00,150.121,150.32,150.115,150.206,9310,9,0
2024-10-17 20:00:00,150.205,150.283,150.015,150.1,3233,9,0
2024-10-18 00:00:00,150.102,150.146,149.85,149.891,13433,9,0
2024-10-18 04:00:00,149.89,150.133,149.764,150.089,12344,9,0
2024-10-18 08:00:00,150.089,150.154,149.579,150.0,13509,9,0
2024-10-18 12:00:00,150.002,150.079,149.51,149.58,15452,9,0
2024-10-18 16:00:00,149.58,149.649,149.362,149.499,7874,9,0
2024-10-18 20:00:00,149.501,149.535,149.446,149.528,1326,9,0
2024-10-20 20:00:00,149.449,149.632,149.347,149.6,3413,9,0
2024-10-21 00:00:00,149.599,149.612,149.08,149.22,14481,9,0
2024-10-21 04:00:00,149.22,149.854,149.194,149.83,12003,9,0
2024-10-21 08:00:00,149.832,150.09,149.817,149.918,9760,9,0
2024-10-21 12:00:00,149.918,150.481,149.744,150.467,15670,9,0
2024-10-21 16:00:00,150.467,150.835,150.437,150.751,8179,9,0
2024-10-21 20:00:00,150.76,150.879,150.552,150.619,5687,9,0
2024-10-22 00:00:00,150.619,150.981,150.492,150.92,11970,9,0
2024-10-22 04:00:00,150.92,151.103,150.657,150.998,15789,9,0
2024-10-22 08:00:00,150.998,151.031,150.744,150.859,13832,9,0
2024-10-22 12:00:00,150.858,151.143,150.6,151.104,17603,9,0
2024-10-22 16:00:00,151.103,151.191,150.897,151.105,8989,9,0
2024-10-22 20:00:00,151.105,151.157,150.929,151.149,3543,9,0
2024-10-23 00:00:00,151.147,151.83,151.132,151.744,14039,9,0
2024-10-23 04:00:00,151.741,152.552,151.725,152.367,18217,9,0
2024-10-23 08:00:00,152.365,153.079,152.313,153.051,14510,9,0
2024-10-23 12:00:00,153.053,153.183,152.758,152.816,20009,9,0
2024-10-23 16:00:00,152.817,152.932,152.468,152.579,12460,9,0
2024-10-23 20:00:00,152.584,152.822,152.485,152.771,5480,9,0
2024-10-24 00:00:00,152.769,152.792,152.335,152.393,17812,9,0
2024-10-24 04:00:00,152.394,152.395,152.024,152.13,18200,9,0
2024-10-24 08:00:00,152.123,152.245,151.761,152.047,16327,9,0
2024-10-24 12:00:00,152.05,152.328,151.778,151.866,29204,9,0
2024-10-24 16:00:00,151.866,151.9,151.547,151.809,11041,9,0
2024-10-24 20:00:00,151.819,151.863,151.579,151.785,5131,9,0
2024-10-25 00:00:00,151.787,152.102,151.731,151.849,13320,9,0
2024-10-25 04:00:00,151.848,152.038,151.446,151.949,16180,9,0
2024-10-25 08:00:00,151.952,152.094,151.693,151.79,11604,9,0
2024-10-25 12:00:00,151.789,152.163,151.788,152.079,20129,9,0
2024-10-25 16:00:00,152.081,152.377,152.049,152.241,9759,9,0
2024-10-25 20:00:00,152.251,152.342,152.166,152.301,1466,9,0
2024-10-27 20:00:00,153.007,153.189,152.598,152.953,10102,9,0
2024-10-28 00:00:00,152.955,153.879,152.766,153.63,23528,9,0
2024-10-28 04:00:00,153.627,153.743,153.158,153.33,13843,9,0
2024-10-28 08:00:00,153.332,153.426,152.456,152.728,17624,9,0
2024-10-28 12:00:00,152.729,153.233,152.403,153.208,18218,9,0
2024-10-28 16:00:00,153.211,153.372,153.126,153.21,8705,9,0
2024-10-28 20:00:00,153.219,153.338,153.136,153.136,3639,9,0
2024-10-29 00:00:00,153.14,153.243,152.847,153.04,15896,9,0
2024-10-29 04:00:00,153.039,153.277,152.75,153.163,12773,9,0
2024-10-29 08:00:00,153.166,153.674,153.154,153.674,14521,9,0
2024-10-29 12:00:00,153.676,153.862,152.982,153.488,23945,9,0
2024-10-29 16:00:00,153.491,153.596,153.305,153.409,11812,9,0
2024-10-29 20:00:00,153.414,153.435,153.156,153.262,4837,9,0
2024-10-30 00:00:00,153.265,153.439,153.069,153.339,13494,9,0
2024-10-30 04:00:00,153.338,153.462,153.187,153.326,11604,9,0
2024-10-30 08:00:00,153.328,153.359,152.773,153.027,18052,9,0
2024-10-30 12:00:00,153.029,153.494,152.865,153.15,27082,9,0
2024-10-30 16:00:00,153.148,153.429,152.999,153.275,11069,9,0
2024-10-30 20:00:00,153.292,153.378,153.111,153.235,4481,9,0
2024-10-31 00:00:00,153.235,153.615,152.941,153.048,14747,9,0
2024-10-31 04:00:00,153.05,153.084,152.05,152.248,24876,9,0
2024-10-31 08:00:00,152.247,152.843,151.917,152.718,19485,9,0
2024-10-31 12:00:00,152.716,153.047,152.077,152.354,35448,9,0
2024-10-31 16:00:00,152.35,152.509,151.832,151.914,18570,9,0
2024-10-31 20:00:00,151.928,152.137,151.781,151.98,7907,9,0
2024-11-01 00:00:00,151.977,152.422,151.87,152.411,17035,9,0
2024-11-01 04:00:00,152.411,152.649,152.2,152.542,13404,9,0
2024-11-01 08:00:00,152.54,152.845,152.519,152.67,14320,9,0
2024-11-01 12:00:00,152.668,153.067,151.786,152.938,39211,9,0
2024-11-01 16:00:00,152.941,153.067,152.824,152.949,11247,9,0
2024-11-01 20:00:00,152.961,153.084,152.931,152.974,1458,9,0
2024-11-03 20:00:00,152.264,152.488,152.163,152.286,4309,9,0
2024-11-04 00:00:00,152.29,152.29,151.593,151.736,17574,9,0
2024-11-04 04:00:00,151.734,152.275,151.685,152.174,12754,9,0
2024-11-04 08:00:00,152.174,152.226,151.528,151.549,16790,9,0
2024-11-04 12:00:00,151.551,152.099,151.541,151.989,18729,9,0
2024-11-04 16:00:00,151.987,152.196,151.889,152.144,11423,9,0
2024-11-04 20:00:00,152.145,152.285,152.014,152.273,4294,9,0
2024-11-05 00:00:00,152.274,152.443,152.11,152.381,11884,9,0
2024-11-05 04:00:00,152.381,152.541,152.177,152.27,10171,9,0
2024-11-05 08:00:00,152.267,152.383,152.082,152.152,10241,9,0
2024-11-05 12:00:00,152.151,152.336,151.769,152.04,17421,9,0
2024-11-05 16:00:00,152.044,152.093,151.33,151.452,14215,9,0
2024-11-05 20:00:00,151.449,151.899,151.376,151.435,8308,9,0
2024-11-06 00:00:00,151.436,154.335,151.282,153.938,80374,9,0
2024-11-06 04:00:00,153.935,154.379,153.127,153.937,64022,9,0
2024-11-06 08:00:00,153.934,154.253,153.794,154.21,33895,9,0
2024-11-06 12:00:00,154.214,154.476,153.979,154.349,34714,9,0
2024-11-06 16:00:00,154.347,154.696,154.205,154.442,20125,9,0
2024-11-06 20:00:00,154.44,154.638,154.187,154.304,6814,9,0
2024-11-07 00:00:00,154.306,154.71,154.222,154.316,20800,9,0
2024-11-07 04:00:00,154.318,154.371,153.646,153.997,19968,9,0
2024-11-07 08:00:00,153.997,154.131,153.814,154.061,16234,9,0
2024-11-07 12:00:00,154.061,154.106,152.847,152.96,27185,9,0
2024-11-07 16:00:00,152.962,153.468,152.857,153.078,25250,9,0
2024-11-07 20:00:00,153.081,153.184,152.687,153.17,11880,9,0
2024-11-08 00:00:00,153.168,153.365,152.728,152.811,18542,9,0
2024-11-08 04:00:00,152.811,152.952,152.546,152.638,15856,9,0
2024-11-08 08:00:00,152.639,152.744,152.136,152.42,20127,9,0
2024-11-08 12:00:00,152.419,152.854,152.327,152.418,22306,9,0
2024-11-08 16:00:00,152.42,152.814,152.404,152.671,14404,9,0
2024-11-08 20:00:00,152.674,152.75,152.43,152.585,4452,9,0
2024-11-10 20:00:00,152.612,152.94,152.53,152.908,3018,9,0
2024-11-11 00:00:00,152.91,153.459,152.868,153.445,12604,9,0
2024-11-11 04:00:00,153.445,153.667,153.313,153.636,12025,9,0
2024-11-11 08:00:00,153.638,153.852,153.551,153.751,12752,9,0
2024-11-11 12:00:00,153.751,153.948,153.642,153.857,12935,9,0
2024-11-11 16:00:00,153.856,153.909,153.722,153.764,6619,9,0
2024-11-11 20:00:00,153.764,153.767,153.462,153.513,4262,9,0
2024-11-12 00:00:00,153.522,154.06,153.481,153.653,13852,9,0
2024-11-12 04:00:00,153.651,153.888,153.4,153.816,12645,9,0
2024-11-12 08:00:00,153.819,154.163,153.7,154.068,14244,9,0
2024-11-12 12:00:00,154.069,154.548,153.994,154.511,15509,9,0
2024-11-12 16:00:00,154.515,154.922,154.457,154.747,12370,9,0
2024-11-12 20:00:00,154.747,154.782,154.46,154.656,5379,9,0
2024-11-13 00:00:00,154.658,154.937,154.534,154.801,13820,9,0
2024-11-13 04:00:00,154.8,155.153,154.746,155.108,13163,9,0
2024-11-13 08:00:00,155.111,155.235,154.788,154.817,12853,9,0
2024-11-13 12:00:00,154.814,155.138,154.337,154.984,30729,9,0
2024-11-13 16:00:00,154.983,155.62,154.977,155.543,13276,9,0
2024-11-13 20:00:00,155.54,155.597,155.204,155.414,5819,9,0
2024-11-14 00:00:00,155.415,156.06,155.402,155.942,13367,9,0
2024-11-14 04:00:00,155.941,156.133,155.699,155.836,10614,9,0
2024-11-14 08:00:00,155.834,156.238,155.737,155.919,12909,9,0
2024-11-14 12:00:00,155.92,156.194,155.519,155.951,23928,9,0
2024-11-14 16:00:00,155.95,156.04,155.669,155.917,11329,9,0
2024-11-14 20:00:00,155.919,156.51,155.893,156.475,12310,9,0
2024-11-15 00:00:00,156.476,156.746,156.274,156.498,16419,9,0
2024-11-15 04:00:00,156.501,156.547,155.756,155.775,14031,9,0
2024-11-15 08:00:00,155.777,155.778,155.214,155.49,18027,9,0
2024-11-15 12:00:00,155.492,155.781,154.837,154.946,33642,9,0
2024-11-15 16:00:00,154.949,155.015,153.858,154.211,24566,9,0
2024-11-15 20:00:00,154.213,154.471,154.171,154.354,5683,9,0
2024-11-17 20:00:00,154.279,154.739,154.178,154.634,3750,9,0
2024-11-18 00:00:00,154.636,155.142,153.837,154.649,35356,9,0
2024-11-18 04:00:00,154.65,154.764,154.29,154.566,20046,9,0
2024-11-18 08:00:00,154.567,155.123,154.497,155.051,20076,9,0
2024-11-18 12:00:00,155.051,155.354,154.581,154.988,24435,9,0
2024-11-18 16:00:00,154.99,155.067,154.568,154.735,14472,9,0
2024-11-18 20:00:00,154.737,154.74,154.421,154.611,5207,9,0
2024-11-19 00:00:00,154.611,154.615,153.95,154.173,17337,9,0
2024-11-19 04:00:00,154.171,154.653,154.111,154.523,14037,9,0
2024-11-19 08:00:00,154.525,154.572,153.274,154.078,47574,9,0
2024-11-19 12:00:00,154.077,154.234,153.403,153.957,39148,9,0
2024-11-19 16:00:00,153.956,154.796,153.912,154.692,15971,9,0
2024-11-19 20:00:00,154.693,154.738,154.475,154.717,5108,9,0
2024-11-20 00:00:00,154.721,154.987,154.583,154.951,13669,9,0
2024-11-20 04:00:00,154.95,155.68,154.941,155.652,12554,9,0
2024-11-20 08:00:00,155.655,155.861,155.575,155.83,12570,9,0
2024-11-20 12:00:00,155.83,155.886,155.053,155.527,21880,9,0
2024-11-20 16:00:00,155.524,155.61,155.18,155.364,15298,9,0
2024-11-20 20:00:00,155.366,155.527,155.126,155.271,5730,9,0
2024-11-21 00:00:00,155.272,155.301,154.873,154.92,15809,9,0
2024-11-21 04:00:00,154.921,155.262,154.556,154.909,24145,9,0
2024-11-21 08:00:00,154.902,155.033,154.079,154.529,28456,9,0
2024-11-21 12:00:00,154.526,154.712,153.903,154.315,33599,9,0
2024-11-21 16:00:00,154.316,154.696,154.302,154.502,20395,9,0
2024-11-21 20:00:00,154.502,154.588,154.101,154.149,7013,9,0
2024-11-22 00:00:00,154.155,154.493,153.963,154.261,17716,9,0
2024-11-22 04:00:00,154.263,154.952,154.263,154.723,14354,9,0
2024-11-22 08:00:00,154.727,154.865,154.248,154.311,25908,9,0
2024-11-22 12:00:00,154.309,155.023,154.187,154.893,29806,9,0
2024-11-22 16:00:00,154.894,154.918,154.657,154.8,14251,9,0
2024-11-22 20:00:00,154.8,154.888,154.739,154.742,3728,9,0
2024-11-24 20:00:00,154.17,154.36,154.047,154.146,4378,9,0
2024-11-25 00:00:00,154.147,154.234,153.546,153.939,20282,9,0
2024-11-25 04:00:00,153.941,154.556,153.935,154.536,17821,9,0
2024-11-25 08:00:00,154.538,154.72,154.313,154.503,17932,9,0
2024-11-25 12:00:00,154.504,154.561,153.622,154.363,29500,9,0
2024-11-25 16:00:00,154.366,154.517,153.99,154.13,16932,9,0
2024-11-25 20:00:00,154.132,154.447,153.869,154.374,7754,9,0
2024-11-26 00:00:00,154.382,154.415,153.719,153.739,25541,9,0
2024-11-26 04:00:00,153.736,154.217,153.541,154.035,15791,9,0
2024-11-26 08:00:00,154.033,154.119,153.702,153.774,14890,9,0
2024-11-26 12:00:00,153.775,153.802,152.978,153.457,29925,9,0
2024-11-26 16:00:00,153.455,153.679,153.078,153.109,19523,9,0
2024-11-26 20:00:00,153.108,153.228,152.921,152.921,8161,9,0
2024-11-27 00:00:00,152.927,153.029,152.378,152.45,19012,9,0
2024-11-27 04:00:00,152.45,152.475,151.836,151.947,17649,9,0
2024-11-27 08:00:00,151.947,151.954,151.22,151.484,25561,9,0
2024-11-27 12:00:00,151.485,151.8,150.926,151.101,30409,9,0
2024-11-27 16:00:00,151.103,151.371,150.448,151.022,23831,9,0
2024-11-27 20:00:00,151.019,151.372,150.819,151.34,7923,9,0
2024-11-28 00:00:00,151.34,151.744,151.277,151.623,16712,9,0
2024-11-28 04:00:00,151.62,151.774,151.356,151.75,12185,9,0
2024-11-28 08:00:00,151.752,151.949,151.69,151.832,13042,9,0
2024-11-28 12:00:00,151.83,151.845,151.401,151.513,11059,9,0
2024-11-28 16:00:00,151.514,151.568,151.446,151.475,3659,9,0
2024-11-28 20:00:00,151.476,151.532,150.971,151.179,3780,9,0
2024-11-29 00:00:00,151.181,151.204,149.844,150.1,35182,9,0
2024-11-29 04:00:00,150.097,150.269,149.526,149.981,22256,9,0
2024-11-29 08:00:00,149.986,150.36,149.827,150.036,18980,9,0
2024-11-29 12:00:00,150.037,150.344,149.871,150.172,18196,9,0
2024-11-29 16:00:00,150.171,150.526,149.455,149.591,20083,9,0
2024-11-29 20:00:00,149.597,149.69,149.517,149.653,5402,47,0
2024-12-01 20:00:00,149.557,150.062,149.363,149.854,4328,9,0
2024-12-02 00:00:00,149.858,150.742,149.801,150.524,20577,9,0
2024-12-02 04:00:00,150.522,150.749,149.987,150.244,19598,9,0
2024-12-02 08:00:00,150.246,150.439,150.042,150.147,17140,9,0
2024-12-02 12:00:00,150.147,150.348,149.716,149.87,27525,9,0
2024-12-02 16:00:00,149.869,149.945,149.077,149.522,21856,9,0
2024-12-02 20:00:00,149.521,149.804,149.223,149.507,11217,9,0
2024-12-03 00:00:00,149.512,150.133,149.492,150.089,17537,9,0
2024-12-03 04:00:00,150.089,150.235,149.869,150.002,12764,9,0
2024-12-03 08:00:00,150.001,150.182,149.675,149.729,16085,9,0
2024-12-03 12:00:00,149.729,149.869,148.638,149.146,33638,9,0
2024-12-03 16:00:00,149.148,149.536,148.96,149.502,21451,9,0
2024-12-03 20:00:00,149.503,149.693,149.4,149.606,5962,9,0
2024-12-04 00:00:00,149.61,150.081,149.516,149.93,19358,9,0
2024-12-04 04:00:00,149.932,150.435,149.855,150.378,19138,9,0
2024-12-04 08:00:00,150.379,151.046,150.294,150.885,19838,9,0
2024-12-04 12:00:00,150.886,151.229,150.277,150.39,29285,9,0
2024-12-04 16:00:00,150.388,150.594,149.987,150.438,20542,9,0
2024-12-04 20:00:00,150.434,150.757,150.302,150.543,7809,9,0
2024-12-05 00:00:00,150.545,150.677,150.182,150.286,19255,9,0
2024-12-05 04:00:00,150.286,150.424,149.656,149.782,18811,9,0
2024-12-05 08:00:00,149.78,150.35,149.649,150.154,14528,9,0
2024-12-05 12:00:00,150.153,150.694,150.141,150.244,25645,9,0
2024-12-05 16:00:00,150.242,150.347,149.915,150.015,14398,9,0
2024-12-05 20:00:00,150.015,150.227,149.923,150.112,5835,9,0
2024-12-06 00:00:00,150.117,150.274,149.763,149.876,16054,9,0
2024-12-06 04:00:00,149.875,150.168,149.768,150.088,12007,9,0
2024-12-06 08:00:00,150.09,150.697,150.088,150.507,13108,9,0
2024-12-06 12:00:00,150.507,150.654,149.355,149.866,39355,9,0
2024-12-06 16:00:00,149.867,150.129,149.672,149.967,16436,9,0
2024-12-06 20:00:00,149.963,150.051,149.934,150.04,3324,11,0
2024-12-08 20:00:00,149.883,150.039,149.805,149.884,2648,9,0
2024-12-09 00:00:00,149.887,150.05,149.688,149.975,14296,9,0
2024-12-09 04:00:00,149.977,150.348,149.832,150.34,12216,9,0
2024-12-09 08:00:00,150.341,150.519,150.31,150.485,13022,9,0
2024-12-09 12:00:00,150.487,151.241,150.436,151.02,16575,9,0
2024-12-09 16:00:00,151.022,151.345,150.966,151.236,9430,9,0
2024-12-09 20:00:00,151.234,151.424,151.02,151.386,5788,9,0
2024-12-10 00:00:00,151.389,151.546,151.03,151.069,15468,9,0
2024-12-10 04:00:00,151.067,151.581,150.895,151.549,13467,9,0
2024-12-10 08:00:00,151.553,151.783,151.409,151.7,15129,9,0
2024-12-10 12:00:00,151.7,152.171,151.526,152.121,17332,9,0
2024-12-10 16:00:00,152.119,152.18,151.839,151.929,11088,9,0
2024-12-10 20:00:00,151.929,151.972,151.77,151.832,5079,9,0
2024-12-11 00:00:00,151.84,151.869,151.412,151.543,12741,9,0
2024-12-11 04:00:00,151.543,151.791,151.417,151.673,12469,9,0
2024-12-11 08:00:00,151.649,152.795,150.998,152.549,32396,9,0
2024-12-11 12:00:00,152.547,152.858,151.911,152.453,30786,9,0
2024-12-11 16:00:00,152.452,152.715,152.238,152.64,15549,9,0
2024-12-11 20:00:00,152.638,152.645,152.159,152.257,5168,9,0
2024-12-12 00:00:00,152.257,152.409,151.947,152.351,14737,9,0
2024-12-12 04:00:00,152.351,152.771,152.178,152.567,15846,9,0
2024-12-12 08:00:00,152.57,152.656,152.158,152.184,16679,9,0
2024-12-12 12:00:00,152.184,152.397,151.796,152.285,30049,9,0
2024-12-12 16:00:00,152.283,152.544,152.035,152.536,14001,9,0
2024-12-12 20:00:00,152.535,152.685,152.41,152.585,5418,9,0
2024-12-13 00:00:00,152.588,153.047,152.55,152.899,15082,9,0
2024-12-13 04:00:00,152.899,153.083,152.671,152.795,10472,9,0
2024-12-13 08:00:00,152.792,153.622,152.792,153.622,12513,9,0
2024-12-13 12:00:00,153.622,153.687,153.258,153.659,15876,9,0
2024-12-13 16:00:00,153.659,153.799,153.555,153.685,8903,9,0
2024-12-13 20:00:00,153.682,153.725,153.59,153.633,2199,9,0
2024-12-15 20:00:00,153.621,153.677,153.391,153.45,2753,9,0
2024-12-16 00:00:00,153.451,153.969,153.323,153.815,12360,9,0
2024-12-16 04:00:00,153.815,153.889,153.475,153.524,9724,9,0
2024-12-16 08:00:00,153.522,153.857,153.438,153.799,11208,9,0
2024-12-16 12:00:00,153.799,154.475,153.778,154.234,13970,9,0
2024-12-16 16:00:00,154.236,154.309,154.005,154.125,9593,9,0
2024-12-16 20:00:00,154.123,154.258,154.012,154.088,3911,9,0
2024-12-17 00:00:00,154.096,154.34,153.797,154.04,13921,9,0
2024-12-17 04:00:00,154.04,154.257,153.919,154.064,12091,9,0
2024-12-17 08:00:00,154.066,154.163,153.683,153.905,13398,9,0
2024-12-17 12:00:00,153.908,154.0,153.418,153.508,18117,9,0
2024-12-17 16:00:00,153.506,153.639,153.156,153.336,12043,9,0
2024-12-17 20:00:00,153.336,153.592,153.294,153.561,5199,9,0
2024-12-18 00:00:00,153.568,153.783,153.539,153.614,11241,9,0
2024-12-18 04:00:00,153.616,153.652,153.331,153.577,10424,9,0
2024-12-18 08:00:00,153.579,153.74,153.515,153.658,9396,9,0
2024-12-18 12:00:00,153.658,154.053,153.631,154.017,13845,9,0
2024-12-18 16:00:00,154.018,154.659,153.717,154.642,21298,9,0
2024-12-18 20:00:00,154.647,154.813,154.325,154.658,15888,9,0
2024-12-19 00:00:00,154.661,155.436,154.46,155.254,23345,9,0
2024-12-19 04:00:00,155.253,156.778,154.911,156.474,33566,9,0
2024-12-19 08:00:00,156.476,157.144,156.432,156.694,26962,9,0
2024-12-19 12:00:00,156.694,157.732,156.393,157.709,29815,9,0
2024-12-19 16:00:00,157.709,157.804,157.346,157.418,17252,9,0
2024-12-19 20:00:00,157.415,157.663,157.288,157.643,7605,9,0
2024-12-20 00:00:00,157.647,157.923,156.829,157.068,25560,9,0
2024-12-20 04:00:00,157.067,157.313,156.761,156.826,17203,9,0
2024-12-20 08:00:00,156.826,156.961,156.621,156.766,16465,9,0
2024-12-20 12:00:00,156.769,156.815,156.315,156.502,24655,9,0
2024-12-20 16:00:00,156.504,156.584,155.948,155.999,15297,9,0
2024-12-20 20:00:00,156.003,156.458,155.995,156.424,4260,9,0
2024-12-22 20:00:00,156.348,156.561,156.255,156.557,2486,9,0
2024-12-23 00:00:00,156.565,156.688,156.332,156.516,12097,9,0
2024-12-23 04:00:00,156.517,156.81,156.482,156.79,8546,9,0
2024-12-23 08:00:00,156.792,156.879,156.457,156.845,11647,9,0
2024-12-23 12:00:00,156.845,157.265,156.845,157.129,14745,9,0
2024-12-23 16:00:00,157.128,157.21,156.98,157.097,8732,9,0
2024-12-23 20:00:00,157.098,157.231,156.987,157.176,5035,9,0
2024-12-24 00:00:00,157.181,157.389,157.046,157.084,9087,9,0
2024-12-24 04:00:00,157.081,157.143,156.885,157.136,8716,9,0
2024-12-24 08:00:00,157.136,157.176,156.983,157.139,6295,9,0
2024-12-24 12:00:00,157.14,157.344,157.068,157.33,7356,9,0
2024-12-24 16:00:00,157.331,157.374,157.214,157.283,5176,9,0
2024-12-24 20:00:00,157.284,157.286,156.972,157.119,1335,75,0
2024-12-25 20:00:00,156.994,157.261,156.962,157.117,2047,9,0
2024-12-26 00:00:00,157.123,157.475,157.07,157.369,8258,9,0
2024-12-26 04:00:00,157.368,157.463,157.304,157.369,5498,9,0
2024-12-26 08:00:00,157.372,157.586,157.302,157.584,5249,9,0
2024-12-26 12:00:00,157.586,158.07,157.579,158.067,8275,9,0
2024-12-26 16:00:00,158.069,158.08,157.866,157.983,9517,9,0
2024-12-26 20:00:00,157.98,158.022,157.667,157.762,5279,9,0
2024-12-27 00:00:00,157.767,157.95,157.502,157.646,12317,9,0
2024-12-27 04:00:00,157.646,157.852,157.547,157.811,7654,9,0
2024-12-27 08:00:00,157.815,157.912,157.619,157.649,8034,9,0
2024-12-27 12:00:00,157.651,157.892,157.527,157.567,12080,9,0
2024-12-27 16:00:00,157.569,157.941,157.347,157.938,10075,9,0
2024-12-27 20:00:00,157.938,157.942,157.824,157.873,2663,9,0
2024-12-29 20:00:00,157.687,157.889,157.592,157.885,1775,9,0
2024-12-30 00:00:00,157.899,157.984,157.695,157.811,6844,9,0
2024-12-30 04:00:00,157.811,158.072,157.755,157.886,8163,9,0
2024-12-30 08:00:00,157.885,157.983,157.558,157.634,7763,9,0
2024-12-30 12:00:00,157.633,157.648,156.668,157.172,19906,9,0
2024-12-30 16:00:00,157.174,157.35,156.916,157.089,10786,9,0
2024-12-30 20:00:00,157.089,157.112,156.705,157.006,5030,9,0
2024-12-31 00:00:00,157.007,157.045,156.325,156.439,10908,9,0
2024-12-31 04:00:00,156.438,156.459,156.061,156.199,8695,9,0
2024-12-31 08:00:00,156.199,156.958,156.018,156.796,13893,9,0
2024-12-31 12:00:00,156.796,157.19,156.55,157.155,19353,9,0
2024-12-31 16:00:00,157.157,157.546,157.098,157.308,13684,9,0
2024-12-31 20:00:00,157.306,157.373,157.192,157.208,2483,9,0
2025-01-01 20:00:00,157.014,157.768,156.999,157.678,2378,9,0
2025-01-02 00:00:00,157.697,157.771,157.127,157.154,11333,9,0
2025-01-02 04:00:00,157.154,157.208,156.434,156.668,10944,9,0
2025-01-02 08:00:00,156.672,157.283,156.462,157.198,15278,9,0
2025-01-02 12:00:00,157.199,157.237,156.63,157.145,24415,9,0
2025-01-02 16:00:00,157.144,157.85,157.132,157.616,16250,9,0
2025-01-02 20:00:00,157.614,157.653,157.319,157.353,3942,9,0
2025-01-03 00:00:00,157.355,157.458,157.174,157.305,8154,9,0
2025-01-03 04:00:00,157.305,157.386,157.035,157.134,7778,9,0
2025-01-03 08:00:00,157.131,157.421,157.088,157.237,9631,9,0
2025-01-03 12:00:00,157.152,157.491,157.018,157.391,12475,9,0
2025-01-03 16:00:00,157.394,157.4,156.867,157.201,8927,9,0
2025-01-03 20:00:00,157.2,157.372,157.137,157.302,2404,9,0
2025-01-05 20:00:00,157.152,157.524,157.085,157.498,2087,9,0
2025-01-06 00:00:00,157.505,157.825,157.485,157.711,12325,9,0
2025-01-06 04:00:00,157.711,157.804,157.527,157.659,7974,9,0
2025-01-06 08:00:00,157.66,157.959,157.16,157.198,16654,9,0
2025-01-06 12:00:00,157.2,157.655,156.238,157.533,37461,9,0
2025-01-06 16:00:00,157.529,157.669,157.345,157.541,11250,9,0
2025-01-06 20:00:00,157.538,157.8,157.392,157.733,4172,9,0
2025-01-07 00:00:00,157.736,158.412,157.732,158.12,15479,9,0
2025-01-07 04:00:00,158.12,158.153,157.453,157.492,13163,9,0
2025-01-07 08:00:00,157.494,157.848,157.362,157.712,14154,9,0
2025-01-07 12:00:00,157.711,158.425,157.531,157.942,20094,9,0
2025-01-07 16:00:00,157.938,158.04,157.583,157.777,19136,9,0
2025-01-07 20:00:00,157.776,158.233,157.736,158.209,5202,9,0
2025-01-08 00:00:00,158.227,158.231,157.901,158.195,10485,9,0
2025-01-08 04:00:00,158.197,158.262,157.922,158.109,8284,9,0
2025-01-08 08:00:00,158.112,158.551,158.051,158.37,11910,9,0
2025-01-08 12:00:00,158.372,158.546,158.142,158.369,20403,9,0
2025-01-08 16:00:00,158.371,158.496,158.269,158.464,10883,9,0
2025-01-08 20:00:00,158.461,158.461,158.031,158.188,4727,9,0
2025-01-09 00:00:00,158.192,158.322,157.91,157.971,9653,9,0
2025-01-09 04:00:00,157.971,158.199,157.758,158.189,10869,9,0
2025-01-09 08:00:00,158.187,158.281,157.818,157.902,10808,9,0
2025-01-09 12:00:00,157.903,157.973,157.57,157.968,12234,9,0
2025-01-09 16:00:00,157.965,158.161,157.919,158.11,5680,9,0
2025-01-09 20:00:00,158.111,158.154,157.983,158.034,2951,9,0
2025-01-10 00:00:00,158.04,158.279,157.93,158.231,12345,9,0
2025-01-10 04:00:00,158.23,158.443,158.223,158.387,8221,9,0
2025-01-10 08:00:00,158.385,158.423,157.617,157.991,18986,9,0
2025-01-10 12:00:00,157.991,158.876,157.22,157.549,39306,9,0
2025-01-10 16:00:00,157.552,157.98,157.537,157.869,15797,9,0
2025-01-10 20:00:00,157.869,157.929,157.675,157.722,3378,9,0
2025-01-12 20:00:00,157.703,157.912,157.605,157.902,2410,9,0
2025-01-13 00:00:00,157.907,157.964,157.267,157.413,12373,9,0
2025-01-13 04:00:00,157.414,157.594,157.241,157.458,11705,9,0
2025-01-13 08:00:00,157.456,157.666,157.007,157.315,17440,9,0
2025-01-13 12:00:00,157.312,157.583,156.909,157.512,19577,9,0
2025-01-13 16:00:00,157.516,157.816,157.291,157.81,10751,9,0
2025-01-13 20:00:00,157.81,157.81,157.062,157.302,6539,9,0
2025-01-14 00:00:00,157.305,158.027,157.056,157.555,23210,9,0
2025-01-14 04:00:00,157.552,157.719,157.291,157.521,14296,9,0
2025-01-14 08:00:00,157.519,158.027,157.387,157.936,13358,9,0
2025-01-14 12:00:00,157.934,158.149,157.4,157.962,23999,9,0
2025-01-14 16:00:00,157.962,158.194,157.83,157.937,12582,9,0
2025-01-14 20:00:00,157.935,158.064,157.807,158.039,5231,9,0
2025-01-15 00:00:00,158.043,158.083,157.823,157.887,10743,9,0
2025-01-15 04:00:00,157.886,157.933,156.838,156.88,16191,9,0
2025-01-15 08:00:00,156.877,157.211,156.705,157.009,15344,9,0
2025-01-15 12:00:00,157.009,157.086,155.931,156.29,30630,9,0
2025-01-15 16:00:00,156.287,156.731,156.284,156.461,13924,9,0
2025-01-15 20:00:00,156.461,156.546,156.137,156.219,4983,9,0
2025-01-16 00:00:00,156.219,156.524,155.204,155.773,26851,9,0
2025-01-16 04:00:00,155.773,156.309,155.602,156.179,13246,9,0
2025-01-16 08:00:00,156.183,156.234,155.607,155.779,13012,9,0
2025-01-16 12:00:00,155.78,156.359,155.385,155.424,28205,9,0
2025-01-16 16:00:00,155.423,155.548,155.096,155.288,19727,9,0
2025-01-16 20:00:00,155.288,155.393,154.977,155.36,5207,9,0
2025-01-17 00:00:00,155.363,155.481,154.971,155.441,14899,9,0
2025-01-17 04:00:00,155.443,155.772,155.358,155.611,10651,9,0
2025-01-17 08:00:00,155.612,155.846,155.404,155.689,13246,9,0
2025-01-17 12:00:00,155.689,156.192,155.553,156.101,19775,9,0
2025-01-17 16:00:00,156.098,156.372,156.095,156.144,11396,9,0
2025-01-17 20:00:00,156.144,156.304,156.096,156.285,2832,9,0
2025-01-19 20:00:00,156.195,156.568,156.153,156.3,2628,9,0
2025-01-20 00:00:00,156.307,156.359,155.704,155.74,12708,9,0
2025-01-20 04:00:00,155.74,156.282,155.727,155.985,9430,9,0
2025-01-20 08:00:00,155.988,156.457,155.943,156.342,10227,9,0
2025-01-20 12:00:00,156.341,156.467,155.408,155.687,35438,9,0
2025-01-20 16:00:00,155.689,156.061,155.591,155.63,15685,9,0
2025-01-20 20:00:00,155.633,155.709,155.16,155.268,7857,9,0
2025-01-21 00:00:00,155.27,156.235,154.77,155.181,42287,9,0
2025-01-21 04:00:00,155.182,155.747,154.949,155.67,14418,9,0
2025-01-21 08:00:00,155.673,156.05,155.61,155.909,13763,9,0
2025-01-21 12:00:00,155.91,155.95,155.249,155.323,21922,9,0
2025-01-21 16:00:00,155.326,155.593,155.301,155.552,11731,9,0
2025-01-21 20:00:00,155.553,155.793,155.349,155.741,5443,9,0
2025-01-22 00:00:00,155.744,155.956,155.35,155.921,14562,9,0
2025-01-22 04:00:00,155.921,156.07,155.676,156.043,11598,9,0
2025-01-22 08:00:00,156.042,156.113,155.542,155.87,13077,9,0
2025-01-22 12:00:00,155.87,156.42,155.739,156.398,16350,9,0
2025-01-22 16:00:00,156.396,156.707,156.372,156.516,10782,9,0
2025-01-22 20:00:00,156.516,156.585,156.213,156.416,4382,9,0
2025-01-23 00:00:00,156.432,156.607,156.28,156.495,10389,9,0
2025-01-23 04:00:00,156.495,156.751,156.471,156.605,9672,9,0
2025-01-23 08:00:00,156.603,156.629,156.199,156.544,11510,9,0
2025-01-23 12:00:00,156.544,156.594,156.098,156.166,15855,9,0
2025-01-23 16:00:00,156.165,156.39,155.738,155.801,18112,9,0
2025-01-23 20:00:00,155.801,156.171,155.75,156.135,4822,9,0
2025-01-24 00:00:00,156.134,156.414,155.425,155.48,23959,9,0
2025-01-24 04:00:00,155.483,155.738,154.837,155.381,38413,9,0
2025-01-24 08:00:00,155.38,156.106,154.933,156.092,23183,9,0
2025-01-24 12:00:00,156.093,156.573,155.628,155.726,27128,9,0
2025-01-24 16:00:00,155.726,156.021,155.511,155.817,12946,9,0
2025-01-24 20:00:00,155.818,155.991,155.813,155.984,2706,9,0
2025-01-26 20:00:00,155.624,155.808,155.556,155.711,3163,9,0
2025-01-27 00:00:00,155.718,155.872,155.283,155.792,16873,9,0
2025-01-27 04:00:00,155.792,156.245,155.679,155.881,14225,9,0
2025-01-27 08:00:00,155.88,155.907,153.709,153.958,41338,9,0
2025-01-27 12:00:00,153.957,154.68,153.86,154.342,37116,9,0
2025-01-27 16:00:00,154.341,154.72,154.096,154.54,21557,9,0
2025-01-27 20:00:00,154.54,154.971,154.349,154.911,9326,9,0
2025-01-28 00:00:00,154.915,155.742,154.796,155.732,23803,9,0
2025-01-28 04:00:00,155.733,155.977,155.515,155.859,14941,9,0
2025-01-28 08:00:00,155.859,155.93,155.204,155.434,19428,9,0
2025-01-28 12:00:00,155.434,155.741,155.043,155.71,21774,9,0
2025-01-28 16:00:00,155.713,155.756,155.502,155.533,11247,9,0
2025-01-28 20:00:00,155.532,155.608,155.434,155.559,4465,9,0
2025-01-29 00:00:00,155.561,155.788,155.32,155.422,12099,9,0
2025-01-29 04:00:00,155.422,155.433,154.997,155.283,14030,9,0
2025-01-29 08:00:00,155.286,155.519,155.004,155.419,14722,9,0
2025-01-29 12:00:00,155.417,155.495,154.936,155.006,17445,9,0
2025-01-29 16:00:00,155.005,155.606,154.968,155.241,21966,9,0
2025-01-29 20:00:00,155.243,155.384,154.953,155.177,11190,9,0
2025-01-30 00:00:00,155.176,155.199,154.278,154.523,22121,9,0
2025-01-30 04:00:00,154.528,154.73,154.353,154.494,14507,9,0
2025-01-30 08:00:00,154.498,154.646,154.312,154.588,16513,9,0
2025-01-30 12:00:00,154.585,154.593,153.786,154.13,27636,9,0
2025-01-30 16:00:00,154.133,154.493,154.067,154.109,13621,9,0
2025-01-30 20:00:00,154.107,154.492,153.992,154.086,12235,9,0
2025-01-31 00:00:00,154.087,154.42,153.909,154.351,20725,9,0
2025-01-31 04:00:00,154.354,154.93,154.311,154.648,17219,9,0
2025-01-31 08:00:00,154.65,154.853,154.48,154.84,16092,9,0
2025-01-31 12:00:00,154.84,155.018,154.524,154.814,22996,9,0
2025-01-31 16:00:00,154.817,155.218,154.659,155.138,23365,9,0
2025-01-31 20:00:00,155.136,155.207,155.015,155.199,5587,9,0
2025-02-02 20:00:00,154.714,155.424,154.682,155.337,6579,9,0
2025-02-03 00:00:00,155.346,155.883,155.346,155.648,29204,9,0
2025-02-03 04:00:00,155.648,155.743,155.278,155.622,17706,9,0
2025-02-03 08:00:00,155.624,155.714,154.591,154.606,19373,9,0
2025-02-03 12:00:00,154.608,154.863,154.001,154.723,43282,9,0
2025-02-03 16:00:00,154.724,155.008,154.512,154.891,24672,9,0
2025-02-03 20:00:00,154.889,155.288,154.511,155.257,9453,9,0
2025-02-04 00:00:00,155.264,155.401,155.037,155.209,15866,9,0
2025-02-04 04:00:00,155.208,155.389,154.823,155.323,17133,9,0
2025-02-04 08:00:00,155.32,155.52,155.062,155.309,15593,9,0
2025-02-04 12:00:00,155.31,155.393,154.53,154.672,20136,9,0
2025-02-04 16:00:00,154.672,154.672,154.168,154.285,14852,9,0
2025-02-04 20:00:00,154.284,154.456,154.009,154.126,6173,9,0
2025-02-05 00:00:00,154.129,154.355,153.076,153.218,26764,9,0
2025-02-05 04:00:00,153.217,153.565,153.068,153.3,16151,9,0
2025-02-05 08:00:00,153.3,153.391,152.547,152.869,18628,9,0
2025-02-05 12:00:00,152.869,153.202,152.107,152.137,28153,9,0
2025-02-05 16:00:00,152.137,152.539,152.109,152.519,14442,9,0
2025-02-05 20:00:00,152.522,152.765,152.299,152.644,6739,9,0
2025-02-06 00:00:00,152.648,152.685,151.808,152.233,20151,9,0
2025-02-06 04:00:00,152.234,152.672,152.127,152.579,14253,9,0
2025-02-06 08:00:00,152.579,152.894,152.354,152.429,15118,9,0
2025-02-06 12:00:00,152.427,152.527,151.656,151.685,24521,9,0
2025-02-06 16:00:00,151.688,152.055,151.231,151.381,17457,9,0
2025-02-06 20:00:00,151.384,151.535,151.142,151.163,6104,9,0
2025-02-07 00:00:00,151.167,151.737,150.954,151.579,18965,9,0
2025-02-07 04:00:00,151.579,151.885,151.539,151.82,11635,9,0
2025-02-07 08:00:00,151.82,152.18,151.664,152.151,13306,9,0
2025-02-07 12:00:00,152.151,152.42,151.274,151.385,40253,9,0
2025-02-07 16:00:00,151.386,151.853,150.925,151.38,32422,9,0
2025-02-07 20:00:00,151.377,151.449,151.25,151.402,4305,9,0
2025-02-09 20:00:00,151.182,151.876,151.09,151.865,4188,9,0
2025-02-10 00:00:00,151.872,152.208,151.623,151.918,17308,9,0
2025-02-10 04:00:00,151.917,152.188,151.764,152.164,11354,9,0
2025-02-10 08:00:00,152.166,152.534,152.006,152.119,13751,9,0
2025-02-10 12:00:00,152.118,152.241,151.564,151.606,16308,9,0
2025-02-10 16:00:00,151.605,152.068,151.568,151.972,9260,9,0
2025-02-10 20:00:00,151.974,152.032,151.74,151.781,4673,9,0
2025-02-11 00:00:00,151.788,152.061,151.68,151.978,10200,9,0
2025-02-11 04:00:00,151.978,152.044,151.829,151.947,6980,9,0
2025-02-11 08:00:00,151.95,152.374,151.646,152.334,13173,9,0
2025-02-11 12:00:00,152.337,152.592,152.217,152.489,17744,9,0
2025-02-11 16:00:00,152.488,152.553,152.246,152.485,11688,9,0
2025-02-11 20:00:00,152.487,152.753,152.243,152.753,6175,9,0
2025-02-12 00:00:00,152.754,153.679,152.723,153.63,15989,9,0
2025-02-12 04:00:00,153.63,153.732,153.411,153.675,12743,9,0
2025-02-12 08:00:00,153.678,153.882,153.409,153.548,13358,9,0
2025-02-12 12:00:00,153.549,154.614,153.305,154.435,27037,9,0
2025-02-12 16:00:00,154.434,154.801,154.278,154.426,16141,9,0
2025-02-12 20:00:00,154.423,154.461,154.099,154.231,5594,9,0
2025-02-13 00:00:00,154.23,154.666,154.118,154.24,15668,9,0
2025-02-13 04:00:00,154.239,154.487,153.951,154.276,14744,9,0
2025-02-13 08:00:00,154.272,154.338,153.729,153.842,14778,9,0
2025-02-13 12:00:00,153.842,154.01,153.072,153.133,25645,9,0
2025-02-13 16:00:00,153.135,153.344,152.765,152.93,16346,9,0
2025-02-13 20:00:00,152.93,153.144,152.65,152.984,6682,9,0
2025-02-14 00:00:00,152.987,153.099,152.441,152.836,18262,9,0
2025-02-14 04:00:00,152.836,152.891,152.382,152.724,13171,9,0
2025-02-14 08:00:00,152.726,152.838,152.462,152.702,15017,9,0
2025-02-14 12:00:00,152.701,152.821,152.06,152.137,22135,9,0
2025-02-14 16:00:00,152.139,152.388,152.018,152.206,9836,9,0
2025-02-14 20:00:00,152.208,152.35,152.208,152.297,2441,9,0
2025-02-16 20:00:00,152.16,152.38,151.956,152.005,2476,9,0
2025-02-17 00:00:00,152.004,152.114,151.503,151.615,15872,9,0
2025-02-17 04:00:00,151.616,151.888,151.47,151.861,14578,9,0
2025-02-17 08:00:00,151.862,151.94,151.491,151.503,11824,9,0
2025-02-17 12:00:00,151.503,151.534,151.335,151.362,8689,9,0
2025-02-17 16:00:00,151.364,151.45,151.336,151.399,4169,9,0
2025-02-17 20:00:00,151.398,151.614,151.216,151.434,3837,9,0
2025-02-18 00:00:00,151.435,152.09,151.413,152.077,15435,9,0
2025-02-18 04:00:00,152.079,152.219,151.79,152.052,11813,9,0
2025-02-18 08:00:00,152.051,152.1,151.673,151.781,10171,9,0
2025-02-18 12:00:00,151.782,151.878,151.524,151.654,12756,9,0
2025-02-18 16:00:00,151.651,152.042,151.643,151.92,8692,9,0
2025-02-18 20:00:00,151.922,152.119,151.854,151.919,5055,9,0
2025-02-19 00:00:00,151.919,152.309,151.741,151.892,15753,9,0
2025-02-19 04:00:00,151.892,151.934,151.582,151.66,13044,9,0
2025-02-19 08:00:00,151.657,151.952,151.543,151.841,12183,9,0
2025-02-19 12:00:00,151.844,151.927,151.239,151.416,15291,9,0
2025-02-19 16:00:00,151.417,151.826,151.389,151.519,11058,9,0
2025-02-19 20:00:00,151.52,151.568,151.115,151.22,5323,9,0
2025-02-20 00:00:00,151.221,151.234,150.386,150.429,22650,9,0
2025-02-20 04:00:00,150.426,150.479,149.943,150.168,16035,9,0
2025-02-20 08:00:00,150.166,150.432,149.981,150.221,12449,9,0
2025-02-20 12:00:00,150.221,150.23,149.464,149.508,23858,9,0
2025-02-20 16:00:00,149.51,149.81,149.393,149.773,12701,9,0
2025-02-20 20:00:00,149.773,149.824,149.268,149.475,6472,9,0
2025-02-21 00:00:00,149.479,150.734,149.464,150.307,24379,9,0
2025-02-21 04:00:00,150.307,150.652,150.115,150.542,14867,9,0
2025-02-21 08:00:00,150.545,150.613,150.184,150.268,14531,9,0
2025-02-21 12:00:00,150.266,150.509,149.504,149.548,18715,9,0
2025-02-21 16:00:00,149.547,149.618,148.919,149.069,18357,9,0
2025-02-21 20:00:00,149.07,149.336,148.994,149.281,4801,9,0
2025-02-23 20:00:00,149.126,149.394,149.084,149.394,3315,9,0
2025-02-24 00:00:00,149.402,149.496,148.841,149.159,21062,9,0
2025-02-24 04:00:00,149.159,149.545,149.128,149.453,13830,9,0
2025-02-24 08:00:00,149.45,149.79,149.228,149.731,15097,9,0
2025-02-24 12:00:00,149.728,149.872,149.184,149.293,22046,9,0
2025-02-24 16:00:00,149.294,149.798,149.293,149.673,16443,9,0
2025-02-24 20:00:00,149.674,149.905,149.497,149.905,7076,9,0
2025-02-25 00:00:00,149.91,150.296,149.61,149.664,14958,9,0
2025-02-25 04:00:00,149.664,149.865,149.188,149.28,15599,9,0
2025-02-25 08:00:00,149.28,149.95,149.215,149.803,18838,9,0
2025-02-25 12:00:00,149.805,149.816,148.555,149.063,28420,9,0
2025-02-25 16:00:00,149.061,149.252,148.773,149.074,21930,9,0
2025-02-25 20:00:00,149.072,149.179,148.838,149.046,8170,9,0
2025-02-26 00:00:00,149.047,149.516,148.614,149.391,20044,9,0
2025-02-26 04:00:00,149.389,149.629,149.279,149.524,15283,9,0
2025-02-26 08:00:00,149.527,149.59,149.222,149.54,16527,9,0
2025-02-26 12:00:00,149.541,149.885,149.286,149.483,23293,9,0
2025-02-26 16:00:00,149.482,149.527,148.807,148.833,21811,9,0
2025-02-26 20:00:00,148.835,149.174,148.729,148.869,7855,9,0
2025-02-27 00:00:00,148.877,149.401,148.78,149.22,16661,9,0
2025-02-27 04:00:00,149.217,149.422,149.074,149.264,13139,9,0
2025-02-27 08:00:00,149.267,149.969,149.153,149.792,15749,9,0
2025-02-27 12:00:00,149.793,150.136,149.355,149.941,39535,9,0
2025-02-27 16:00:00,149.94,150.161,149.762,149.86,22161,9,0
2025-02-27 20:00:00,149.861,150.094,149.532,150.081,9532,9,0
2025-02-28 00:00:00,150.087,150.143,149.096,149.6,23538,9,0
2025-02-28 04:00:00,149.601,150.566,149.512,150.433,18375,9,0
2025-02-28 08:00:00,150.432,150.683,150.183,150.387,16861,9,0
2025-02-28 12:00:00,150.385,150.983,150.278,150.681,35332,9,0
2025-02-28 16:00:00,150.682,150.79,150.232,150.539,29954,9,0
2025-02-28 20:00:00,150.541,150.621,150.438,150.617,6576,9,0
2025-03-02 20:00:00,150.663,151.011,150.544,150.801,3653,9,0
2025-03-03 00:00:00,150.807,150.946,150.239,150.449,21963,9,0
2025-03-03 04:00:00,150.448,150.53,150.146,150.169,14510,9,0
2025-03-03 08:00:00,150.167,151.234,149.941,151.203,20821,9,0
2025-03-03 12:00:00,151.201,151.3,150.075,150.234,31491,9,0
2025-03-03 16:00:00,150.236,150.371,150.043,150.245,27132,9,0
2025-03-03 20:00:00,150.248,150.256,149.073,149.298,21847,9,0
2025-03-04 00:00:00,149.304,149.531,148.594,149.162,30471,9,0
2025-03-04 04:00:00,149.162,149.575,148.92,149.348,25174,9,0
2025-03-04 08:00:00,149.345,149.453,148.287,148.361,33240,9,0
2025-03-04 12:00:00,148.359,148.706,148.091,148.348,52177,9,0
2025-03-04 16:00:00,148.347,149.368,148.301,149.315,37091,9,0
2025-03-04 20:00:00,149.313,149.962,149.006,149.825,15107,9,0
2025-03-05 00:00:00,149.82,150.182,149.571,149.969,29258,9,0
2025-03-05 04:00:00,149.97,149.97,149.411,149.443,18498,9,0
2025-03-05 08:00:00,149.445,149.639,149.095,149.391,24582,9,0
2025-03-05 12:00:00,149.393,149.736,148.39,148.91,49359,9,0
2025-03-05 16:00:00,148.909,149.14,148.471,148.784,39803,9,0
2025-03-05 20:00:00,148.783,148.992,148.559,148.883,9159,9,0
2025-03-06 00:00:00,148.881,149.332,148.856,149.232,17218,9,0
2025-03-06 04:00:00,149.23,149.306,148.263,148.368,21152,9,0
2025-03-06 08:00:00,148.366,148.412,147.696,147.826,32426,9,0
2025-03-06 12:00:00,147.824,148.312,147.308,148.233,50009,9,0
2025-03-06 16:00:00,148.236,148.39,147.566,147.687,39218,9,0
2025-03-06 20:00:00,147.69,148.139,147.659,148.136,11419,9,0
2025-03-07 00:00:00,148.14,148.163,147.438,147.605,21110,9,0
2025-03-07 04:00:00,147.605,147.751,147.384,147.651,18927,9,0
2025-03-07 08:00:00,147.652,147.752,147.198,147.691,26264,9,0
2025-03-07 12:00:00,147.689,147.961,146.935,147.514,61454,9,0
2025-03-07 16:00:00,147.514,148.201,146.956,148.032,42040,9,0
2025-03-07 20:00:00,148.03,148.114,147.828,148.04,8320,9,0
2025-03-09 20:00:00,147.886,147.931,147.382,147.588,9159,9,0
2025-03-10 00:00:00,147.585,147.753,147.087,147.64,21421,9,0
2025-03-10 04:00:00,147.639,147.789,147.492,147.563,15512,9,0
2025-03-10 08:00:00,147.566,147.636,146.855,147.122,26903,9,0
2025-03-10 12:00:00,147.123,147.302,146.626,147.148,43081,9,0
2025-03-10 16:00:00,147.146,147.463,147.031,147.295,27272,9,0
2025-03-10 20:00:00,147.296,147.355,146.775,147.074,9648,9,0
2025-03-11 00:00:00,147.076,147.191,146.538,147.113,27760,9,0
2025-03-11 04:00:00,147.11,147.399,146.755,146.937,20054,9,0
2025-03-11 08:00:00,146.935,147.725,146.873,147.602,24107,9,0
2025-03-11 12:00:00,147.601,148.117,147.264,147.494,60667,9,0
2025-03-11 16:00:00,147.491,147.912,147.018,147.753,38533,9,0
2025-03-11 20:00:00,147.75,148.065,147.678,148.046,7011,9,0
2025-03-12 00:00:00,148.043,148.154,147.842,148.071,16845,9,0
2025-03-12 04:00:00,148.068,148.597,147.956,148.587,16512,9,0
2025-03-12 08:00:00,148.59,148.769,148.256,148.732,18624,9,0
2025-03-12 12:00:00,148.731,149.193,148.117,148.314,43443,9,0
2025-03-12 16:00:00,148.312,148.43,148.103,148.347,20242,9,0
2025-03-12 20:00:00,148.347,148.362,147.976,148.289,5414,9,0
2025-03-13 00:00:00,148.291,148.369,148.013,148.038,13958,9,0
2025-03-13 04:00:00,148.041,148.114,147.571,147.784,17331,9,0
2025-03-13 08:00:00,147.786,148.234,147.678,147.992,19061,9,0
2025-03-13 12:00:00,147.99,148.353,147.638,147.706,32820,9,0
2025-03-13 16:00:00,147.705,147.83,147.408,147.694,23000,9,0
2025-03-13 20:00:00,147.68,147.969,147.629,147.936,5709,9,0
2025-03-14 00:00:00,147.937,148.429,147.847,148.332,15270,9,0
2025-03-14 04:00:00,148.329,149.02,148.322,148.75,16326,9,0
2025-03-14 08:00:00,148.749,149.001,148.601,148.724,17417,9,0
2025-03-14 12:00:00,148.724,148.894,148.346,148.513,27500,9,0
2025-03-14 16:00:00,148.512,148.659,148.254,148.638,12958,9,0
2025-03-14 20:00:00,148.635,148.648,148.552,148.63,1092,9,0
2025-03-16 20:00:00,148.726,148.795,148.459,148.602,5727,9,0
2025-03-17 00:00:00,148.604,148.894,148.462,148.728,14756,9,0
2025-03-17 04:00:00,148.727,149.095,148.717,148.835,15034,9,0
2025-03-17 08:00:00,148.837,148.977,148.41,148.452,17046,9,0
2025-03-17 12:00:00,148.455,149.094,148.243,148.553,31249,9,0
2025-03-17 16:00:00,148.552,149.282,148.518,149.153,14407,9,0
2025-03-17 20:00:00,149.149,149.395,149.041,149.395,5592,9,0
2025-03-18 00:00:00,149.392,149.723,149.252,149.685,12544,9,0
2025-03-18 04:00:00,149.685,149.873,149.51,149.825,10125,9,0
2025-03-18 08:00:00,149.829,149.899,149.56,149.741,12415,9,0
2025-03-18 12:00:00,149.742,149.932,149.412,149.493,23732,9,0
2025-03-18 16:00:00,149.49,149.647,149.093,149.272,16763,9,0
2025-03-18 20:00:00,149.265,149.472,149.132,149.439,4677,9,0
2025-03-19 00:00:00,149.437,149.642,149.203,149.319,12548,9,0
2025-03-19 04:00:00,149.32,150.019,149.137,149.275,21620,9,0
2025-03-19 08:00:00,149.273,149.882,149.273,149.825,13647,9,0
2025-03-19 12:00:00,149.825,150.145,149.592,150.031,15128,9,0
2025-03-19 16:00:00,150.028,150.03,148.657,148.84,27640,9,0
2025-03-19 20:00:00,148.84,148.89,148.412,148.455,7086,9,0
2025-03-20 00:00:00,148.458,148.517,148.178,148.363,12733,9,0
2025-03-20 04:00:00,148.363,148.641,148.169,148.582,10135,9,0
2025-03-20 08:00:00,148.585,148.778,148.391,148.453,16975,9,0
2025-03-20 12:00:00,148.453,148.958,148.399,148.845,23120,9,0
2025-03-20 16:00:00,148.844,148.957,148.71,148.782,14651,9,0
2025-03-20 20:00:00,148.767,148.813,148.553,148.618,4398,9,0
2025-03-21 00:00:00,148.62,149.248,148.588,149.208,12789,9,0
2025-03-21 04:00:00,149.207,149.662,149.2,149.309,12027,9,0
2025-03-21 08:00:00,149.309,149.531,148.852,148.884,14114,9,0
2025-03-21 12:00:00,148.885,148.991,148.599,148.981,22994,9,0
2025-03-21 16:00:00,148.982,149.342,148.93,149.33,14566,9,0
2025-03-21 20:00:00,149.324,149.358,149.277,149.298,1057,9,0
2025-03-23 20:00:00,149.32,149.688,149.288,149.66,5047,9,0
2025-03-24 00:00:00,149.66,149.949,149.45,149.808,11612,9,0
2025-03-24 04:00:00,149.807,149.863,149.531,149.643,10751,9,0
2025-03-24 08:00:00,149.644,149.798,149.487,149.747,12774,9,0
2025-03-24 12:00:00,149.75,150.753,149.699,150.735,17508,9,0
2025-03-24 16:00:00,150.733,150.752,150.478,150.641,12492,9,0
2025-03-24 20:00:00,150.635,150.859,150.512,150.775,5354,9,0
2025-03-25 00:00:00,150.775,150.94,150.579,150.62,11351,9,0
2025-03-25 04:00:00,150.617,150.74,150.413,150.718,9347,9,0
2025-03-25 08:00:00,150.719,150.762,150.055,150.176,12899,9,0
2025-03-25 12:00:00,150.17,150.171,149.543,149.761,18463,9,0
2025-03-25 16:00:00,149.759,149.937,149.699,149.852,9782,9,0
2025-03-25 20:00:00,149.855,150.005,149.777,149.938,3838,9,0
2025-03-26 00:00:00,149.939,150.467,149.836,150.429,11776,9,0
2025-03-26 04:00:00,150.427,150.621,150.361,150.391,10405,9,0
2025-03-26 08:00:00,150.394,150.407,150.014,150.206,10619,9,0
2025-03-26 12:00:00,150.206,150.743,150.109,150.677,18833,9,0
2025-03-26 16:00:00,150.676,150.717,150.31,150.573,16432,9,0
2025-03-26 20:00:00,150.565,150.593,150.283,150.469,7779,9,0
2025-03-27 00:00:00,150.466,150.619,150.082,150.15,12977,9,0
2025-03-27 04:00:00,150.15,150.544,150.055,150.53,11789,9,0
2025-03-27 08:00:00,150.53,151.023,150.488,151.02,12404,9,0
2025-03-27 12:00:00,151.023,151.089,150.577,150.964,22954,9,0
2025-03-27 16:00:00,150.965,151.155,150.909,151.037,13052,9,0
2025-03-27 20:00:00,151.031,151.111,150.763,150.848,5051,9,0
2025-03-28 00:00:00,150.846,151.209,150.699,150.803,14146,9,0
2025-03-28 04:00:00,150.802,150.94,150.38,150.392,10241,9,0
2025-03-28 08:00:00,150.392,150.863,150.355,150.799,11066,9,0
2025-03-28 12:00:00,150.801,150.933,149.903,150.254,29979,9,0
2025-03-28 16:00:00,150.252,150.291,149.74,149.75,15649,9,0
2025-03-28 20:00:00,149.747,149.878,149.671,149.82,1480,9,0
2025-03-30 20:00:00,149.763,149.817,149.297,149.616,8252,9,0
2025-03-31 00:00:00,149.613,149.633,148.719,148.922,23485,9,0
2025-03-31 04:00:00,148.919,149.243,148.696,149.14,21236,9,0
2025-03-31 08:00:00,149.14,149.427,148.959,149.371,18894,9,0
2025-03-31 12:00:00,149.374,149.956,149.342,149.904,29942,9,0
2025-03-31 16:00:00,149.906,150.264,149.797,149.962,16700,9,0
2025-03-31 20:00:00,149.958,150.139,149.816,149.944,6778,9,0
2025-04-01 00:00:00,149.941,149.982,149.631,149.659,16515,9,0
2025-04-01 04:00:00,149.656,149.986,149.53,149.615,15524,9,0
2025-04-01 08:00:00,149.616,149.72,149.114,149.197,17588,9,0
2025-04-01 12:00:00,149.194,149.542,148.97,149.402,29773,9,0
2025-04-01 16:00:00,149.4,149.738,149.234,149.613,18930,9,0
2025-04-01 20:00:00,149.615,149.871,149.394,149.746,6690,9,0
2025-04-02 00:00:00,149.744,149.949,149.685,149.744,13573,9,0
2025-04-02 04:00:00,149.744,149.997,149.625,149.667,12061,9,0
2025-04-02 08:00:00,149.669,149.716,149.187,149.217,16272,9,0
2025-04-02 12:00:00,149.216,150.085,149.097,149.985,26193,9,0
2025-04-02 16:00:00,149.984,150.252,149.916,150.025,18625,9,0
2025-04-02 20:00:00,150.02,150.376,147.682,147.879,24553,9,0
2025-04-03 00:00:00,147.876,148.333,147.114,147.269,43462,9,0
2025-04-03 04:00:00,147.268,147.633,146.802,147.261,38476,9,0
2025-04-03 08:00:00,147.26,147.359,146.014,146.04,38693,9,0
2025-04-03 12:00:00,146.037,146.359,145.186,146.045,74764,9,0
2025-04-03 16:00:00,146.047,146.516,145.962,146.248,44297,9,0
2025-04-03 20:00:00,146.247,146.3,145.535,146.251,12797,9,0
2025-04-04 00:00:00,146.25,146.403,145.619,145.663,32833,9,0
2025-04-04 04:00:00,145.662,146.299,145.298,146.268,39586,9,0
2025-04-04 08:00:00,146.272,146.549,144.546,145.393,82091,9,0
2025-04-04 12:00:00,145.391,146.223,145.017,145.925,124001,9,0
2025-04-04 16:00:00,145.923,147.429,145.852,146.825,78818,9,0
2025-04-04 20:00:00,146.803,146.988,146.749,146.931,3644,9,0
2025-04-06 20:00:00,145.451,145.652,144.814,145.433,28363,9,0
2025-04-07 00:00:00,145.435,146.846,145.18,146.283,65913,9,0
2025-04-07 04:00:00,146.286,146.465,145.07,145.786,63267,9,0
2025-04-07 08:00:00,145.788,146.621,145.697,146.377,61101,9,0
2025-04-07 12:00:00,146.378,147.981,146.378,147.96,149717,9,0
2025-04-07 16:00:00,147.958,148.147,147.523,147.935,64609,9,0
2025-04-07 20:00:00,147.938,148.126,147.614,147.791,14713,9,0
2025-04-08 00:00:00,147.788,147.968,147.248,147.591,41020,9,0
2025-04-08 04:00:00,147.591,147.798,146.963,147.39,33396,9,0
2025-04-08 08:00:00,147.392,147.516,146.767,146.904,38348,9,0
2025-04-08 12:00:00,146.904,147.664,146.658,147.02,58278,9,0
2025-04-08 16:00:00,147.022,147.097,145.96,146.276,73801,9,0
2025-04-08 20:00:00,146.268,146.455,145.595,145.846,18047,9,0
2025-04-09 00:00:00,145.844,145.942,145.127,145.327,60361,9,0
2025-04-09 04:00:00,145.325,145.636,144.573,145.526,83287,9,0
2025-04-09 08:00:00,145.528,145.779,144.641,144.648,64385,9,0
2025-04-09 12:00:00,144.647,145.097,143.987,145.095,76941,9,0
2025-04-09 16:00:00,145.097,148.28,144.565,147.938,110610,9,0
2025-04-09 20:00:00,147.942,147.995,147.25,147.399,18236,9,0
2025-04-10 00:00:00,147.397,147.46,146.603,146.825,41273,9,0
2025-04-10 04:00:00,146.826,147.142,146.237,146.268,34635,9,0
2025-04-10 08:00:00,146.269,146.425,145.332,145.528,36431,9,0
2025-04-10 12:00:00,145.529,145.596,144.004,144.341,62906,9,0
2025-04-10 16:00:00,144.34,145.13,144.063,144.656,65903,9,0
2025-04-10 20:00:00,144.654,144.828,143.709,143.746,21964,9,0
2025-04-11 00:00:00,143.75,143.781,142.873,143.188,64374,9,0
2025-04-11 04:00:00,143.19,144.141,142.799,142.831,54405,9,0
2025-04-11 08:00:00,142.832,143.217,142.046,142.598,75955,9,0
2025-04-11 12:00:00,142.6,143.72,142.216,143.574,87512,9,0
2025-04-11 16:00:00,143.576,144.197,143.509,143.592,37024,9,0
2025-04-11 20:00:00,143.579,143.636,143.443,143.49,2141,9,0
2025-04-13 20:00:00,143.756,144.043,143.492,143.694,13454,9,0
2025-04-14 00:00:00,143.691,143.744,142.247,143.02,43289,9,0
2025-04-14 04:00:00,143.019,143.273,142.224,143.075,36662,9,0
2025-04-14 08:00:00,143.075,143.354,142.759,143.24,27061,9,0
2025-04-14 12:00:00,143.238,144.079,142.887,142.972,38267,9,0
2025-04-14 16:00:00,142.971,143.35,142.776,143.025,28637,9,0
2025-04-14 20:00:00,143.021,143.33,142.836,143.21,9645,9,0
2025-04-15 00:00:00,143.212,143.592,143.044,143.125,19529,9,0
2025-04-15 04:00:00,143.127,143.506,142.841,143.301,21346,9,0
2025-04-15 08:00:00,143.302,143.303,142.676,142.896,24716,9,0
2025-04-15 12:00:00,142.893,143.262,142.591,143.102,38074,9,0
2025-04-15 16:00:00,143.098,143.248,143.038,143.184,15655,9,0
2025-04-15 20:00:00,143.182,143.28,142.913,143.157,8999,9,0
2025-04-16 00:00:00,143.156,143.17,142.493,142.52,18783,9,0
2025-04-16 04:00:00,142.519,142.672,142.033,142.096,23811,9,0
2025-04-16 08:00:00,142.097,142.953,142.065,142.655,35914,9,0
2025-04-16 12:00:00,142.652,142.858,142.315,142.574,31139,9,0
2025-04-16 16:00:00,142.572,142.693,141.636,142.107,26606,9,0
2025-04-16 20:00:00,142.067,142.189,141.493,141.927,10242,9,0
2025-04-17 00:00:00,141.923,142.862,141.844,142.608,30820,9,0
2025-04-17 04:00:00,142.608,142.911,142.486,142.891,18863,9,0
2025-04-17 08:00:00,142.888,143.086,142.456,142.595,19728,9,0
2025-04-17 12:00:00,142.596,142.695,141.894,142.33,31846,9,0
2025-04-17 16:00:00,142.332,142.714,142.184,142.39,21233,9,0
2025-04-17 20:00:00,142.389,142.494,142.202,142.338,11091,9,0
2025-04-18 00:00:00,142.346,142.413,142.179,142.297,11116,69,0
2025-04-18 04:00:00,142.299,142.376,142.253,142.357,8315,67,0
2025-04-18 08:00:00,142.357,142.368,142.236,142.289,5469,68,0
2025-04-18 12:00:00,142.288,142.326,142.188,142.209,6439,90,0
2025-04-18 16:00:00,142.206,142.257,142.075,142.132,7369,90,0
2025-04-18 20:00:00,142.13,142.136,142.001,142.09,1822,91,0
2025-04-20 20:00:00,141.987,142.114,141.492,141.589,10825,9,0
2025-04-21 00:00:00,141.587,141.587,140.612,140.757,25537,9,0
2025-04-21 04:00:00,140.759,140.974,140.54,140.553,17606,9,0
2025-04-21 08:00:00,140.553,141.075,140.466,140.791,16899,9,0
2025-04-21 12:00:00,140.788,141.038,140.562,140.811,24438,9,0
2025-04-21 16:00:00,140.81,140.972,140.549,140.857,14013,9,0
2025-04-21 20:00:00,140.85,140.968,140.647,140.873,7289,9,0
2025-04-22 00:00:00,140.869,141.171,140.093,140.202,23383,9,0
2025-04-22 04:00:00,140.202,140.509,139.879,140.282,27770,9,0
2025-04-22 08:00:00,140.28,140.627,140.168,140.251,20036,9,0
2025-04-22 12:00:00,140.249,140.92,140.205,140.868,22803,9,0
2025-04-22 16:00:00,140.87,141.631,140.788,141.608,26236,9,0
2025-04-22 20:00:00,141.602,143.162,141.329,142.698,19487,9,0
2025-04-23 00:00:00,142.701,142.717,141.66,142.189,29807,9,0
2025-04-23 04:00:00,142.189,142.243,141.526,141.87,23723,9,0
2025-04-23 08:00:00,141.867,142.185,141.573,141.648,21236,9,0
2025-04-23 12:00:00,141.651,142.793,141.572,142.638,54279,9,0
2025-04-23 16:00:00,142.637,143.492,142.563,143.388,28197,9,0
2025-04-23 20:00:00,143.388,143.555,142.873,143.192,10379,9,0
2025-04-24 00:00:00,143.189,143.336,142.596,142.862,21934,9,0
2025-04-24 04:00:00,142.861,142.958,142.542,142.576,16687,9,0
2025-04-24 08:00:00,142.577,142.735,142.302,142.591,17187,9,0
2025-04-24 12:00:00,142.59,142.774,142.273,142.652,24781,9,0
2025-04-24 16:00:00,142.65,142.831,142.483,142.691,13046,9,0
2025-04-24 20:00:00,142.666,142.925,142.485,142.849,7069,9,0
2025-04-25 00:00:00,142.85,143.664,142.818,143.64,21438,9,0
2025-04-25 04:00:00,143.64,143.85,143.221,143.397,25526,9,0
2025-04-25 08:00:00,143.398,143.733,143.219,143.372,20626,9,0
2025-04-25 12:00:00,143.368,144.028,143.3,143.749,23622,9,0
2025-04-25 16:00:00,143.751,143.847,143.438,143.646,12675,9,0
2025-04-25 20:00:00,143.629,143.775,143.62,143.649,1225,9,0
2025-04-27 20:00:00,143.499,143.873,143.395,143.848,5803,9,0
2025-04-28 00:00:00,143.85,143.858,143.341,143.583,17778,9,0
2025-04-28 04:00:00,143.582,143.894,143.285,143.629,15271,9,0
2025-04-28 08:00:00,143.63,143.706,143.326,143.37,14777,9,0
2025-04-28 12:00:00,143.373,143.436,142.594,142.703,22530,9,0
2025-04-28 16:00:00,142.702,142.711,142.035,142.061,15264,9,0
2025-04-28 20:00:00,142.057,142.314,141.916,142.182,6352,9,0
2025-04-29 00:00:00,142.18,142.487,142.064,142.426,15691,9,0
2025-04-29 04:00:00,142.425,142.574,142.297,142.387,14678,9,0
2025-04-29 08:00:00,142.384,142.756,142.323,142.737,12652,9,0
2025-04-29 12:00:00,142.734,142.754,142.008,142.293,25676,9,0
2025-04-29 16:00:00,142.295,142.379,141.959,142.312,14580,9,0
2025-04-29 20:00:00,142.315,142.429,142.087,142.253,5583,9,0
2025-04-30 00:00:00,142.251,142.545,142.167,142.511,14672,9,0
2025-04-30 04:00:00,142.511,142.886,142.414,142.798,12320,9,0
2025-04-30 08:00:00,142.8,143.152,142.718,143.012,11941,9,0
2025-04-30 12:00:00,143.012,143.044,142.502,142.629,33810,9,0
2025-04-30 16:00:00,142.626,143.005,142.589,142.907,17126,9,0
2025-04-30 20:00:00,142.898,143.182,142.746,143.018,6688,9,0
2025-05-01 00:00:00,143.019,143.748,142.875,143.684,15277,9,0
2025-05-01 04:00:00,143.687,144.738,143.686,144.366,22519,9,0
2025-05-01 08:00:00,144.366,144.552,144.122,144.477,14398,9,0
2025-05-01 12:00:00,144.477,145.653,144.148,145.474,32696,9,0
2025-05-01 16:00:00,145.475,145.733,145.347,145.536,15092,9,0
2025-05-01 20:00:00,145.532,145.611,145.214,145.404,6326,9,0
2025-05-02 00:00:00,145.407,145.924,145.144,145.221,18759,9,0
2025-05-02 04:00:00,145.22,145.421,145.037,145.122,18760,9,0
2025-05-02 08:00:00,145.122,145.206,144.36,144.554,19442,9,0
2025-05-02 12:00:00,144.556,144.946,143.726,144.521,42215,9,0
2025-05-02 16:00:00,144.52,145.082,144.485,144.978,20483,9,0
2025-05-02 20:00:00,144.977,145.051,144.842,144.951,1214,9,0
2025-05-04 20:00:00,144.647,144.99,144.506,144.648,5877,9,0
2025-05-05 00:00:00,144.648,144.794,144.06,144.292,15468,9,0
2025-05-05 04:00:00,144.291,144.422,143.963,144.358,16172,9,0
2025-05-05 08:00:00,144.36,144.366,143.744,143.849,17518,9,0
2025-05-05 12:00:00,143.849,144.028,143.535,143.975,24389,9,0
2025-05-05 16:00:00,143.975,144.232,143.694,143.764,12604,9,0
2025-05-05 20:00:00,143.757,143.803,143.551,143.7,4968,9,0
2025-05-06 00:00:00,143.699,144.273,143.65,143.786,16075,9,0
2025-05-06 04:00:00,143.787,143.927,143.197,143.325,15806,9,0
2025-05-06 08:00:00,143.326,143.353,142.743,142.777,18791,9,0
2025-05-06 12:00:00,142.777,142.96,142.351,142.766,24040,9,0
2025-05-06 16:00:00,142.764,143.032,142.353,142.393,14407,9,0
2025-05-06 20:00:00,142.394,143.307,142.306,143.084,12152,9,0
2025-05-07 00:00:00,143.087,143.301,142.742,143.104,26388,9,0
2025-05-07 04:00:00,143.104,143.323,142.823,143.17,15134,9,0
2025-05-07 08:00:00,143.171,143.45,143.152,143.386,13754,9,0
2025-05-07 12:00:00,143.383,143.473,143.113,143.471,17955,9,0
2025-05-07 16:00:00,143.469,143.975,142.902,143.806,32433,9,0
2025-05-07 20:00:00,143.8,143.985,143.487,143.86,6133,9,0
2025-05-08 00:00:00,143.858,143.953,143.443,143.597,19913,9,0
2025-05-08 04:00:00,143.598,144.517,143.546,144.32,20207,9,0
2025-05-08 08:00:00,144.318,145.003,144.257,144.642,19167,9,0
2025-05-08 12:00:00,144.643,145.589,144.43,145.458,35991,9,0
2025-05-08 16:00:00,145.46,146.173,145.448,145.915,19574,9,0
2025-05-08 20:00:00,145.896,146.066,145.657,145.948,6535,9,0
2025-05-09 00:00:00,145.946,146.186,145.456,145.653,20271,9,0
2025-05-09 04:00:00,145.655,145.655,145.13,145.169,15225,9,0
2025-05-09 08:00:00,145.168,145.403,144.927,145.124,16457,9,0
2025-05-09 12:00:00,145.126,145.35,144.82,145.145,19764,9,0
2025-05-09 16:00:00,145.148,145.369,145.051,145.294,10691,9,0
2025-05-09 20:00:00,145.291,145.372,145.29,145.365,819,9,0
2025-05-11 20:00:00,145.984,146.19,145.697,145.836,8509,9,0
2025-05-12 00:00:00,145.833,146.285,145.714,145.726,21200,9,0
2025-05-12 04:00:00,145.723,147.99,145.709,147.91,33777,9,0
2025-05-12 08:00:00,147.912,148.59,147.618,147.877,39656,9,0
2025-05-12 12:00:00,147.876,148.327,147.808,148.093,31446,9,0
2025-05-12 16:00:00,148.094,148.649,148.041,148.381,14498,9,0
2025-05-12 20:00:00,148.373,148.47,148.191,148.255,6177,9,0
2025-05-13 00:00:00,148.253,148.255,147.725,147.75,18698,9,0
2025-05-13 04:00:00,147.749,148.055,147.64,147.846,18163,9,0
2025-05-13 08:00:00,147.845,148.133,147.727,148.112,13981,9,0
2025-05-13 12:00:00,148.11,148.274,147.65,147.747,30761,9,0
2025-05-13 16:00:00,147.748,147.798,147.371,147.425,13124,9,0
2025-05-13 20:00:00,147.423,147.543,147.289,147.52,4806,9,0
2025-05-14 00:00:00,147.523,147.666,147.004,147.085,18201,9,0
2025-05-14 04:00:00,147.084,147.213,146.835,146.975,16090,9,0
2025-05-14 08:00:00,146.975,146.984,145.601,146.172,36761,9,0
2025-05-14 12:00:00,146.171,146.649,145.76,146.547,31269,9,0
2025-05-14 16:00:00,146.545,147.118,146.436,146.818,20866,9,0
2025-05-14 20:00:00,146.814,146.881,146.424,146.633,6183,9,0
2025-05-15 00:00:00,146.635,146.75,145.948,146.089,18148,9,0
2025-05-15 04:00:00,146.089,146.168,145.475,145.882,20437,9,0
2025-05-15 08:00:00,145.883,146.098,145.639,146.079,17681,9,0
2025-05-15 12:00:00,146.077,146.252,145.407,145.616,34536,9,0
2025-05-15 16:00:00,145.615,145.766,145.53,145.62,12018,9,0
2025-05-15 20:00:00,145.597,145.683,145.423,145.573,5736,9,0
2025-05-16 00:00:00,145.575,145.618,144.959,145.261,18477,9,0
2025-05-16 04:00:00,145.259,145.382,144.916,145.233,15533,9,0
2025-05-16 08:00:00,145.235,145.675,145.225,145.64,14489,9,0
2025-05-16 12:00:00,145.643,146.071,145.395,146.017,20509,9,0
2025-05-16 16:00:00,146.02,146.098,145.825,145.959,9390,9,0
2025-05-16 20:00:00,145.947,145.949,145.539,145.636,1767,9,0
2025-05-18 20:00:00,145.233,145.447,144.999,145.231,6940,9,0
2025-05-19 00:00:00,145.235,145.332,144.802,145.239,22253,9,0
2025-05-19 04:00:00,145.242,145.343,144.658,144.847,18367,9,0
2025-05-19 08:00:00,144.846,145.041,144.699,144.895,17785,9,0
2025-05-19 12:00:00,144.894,145.214,144.78,144.986,24458,9,0
2025-05-19 16:00:00,144.983,145.111,144.792,144.846,10595,9,0
2025-05-19 20:00:00,144.835,145.011,144.747,144.975,4593,9,0
2025-05-20 00:00:00,144.977,145.512,144.722,144.807,22075,9,0
2025-05-20 04:00:00,144.807,144.848,144.087,144.122,20855,9,0
2025-05-20 08:00:00,144.125,144.668,144.121,144.589,14689,9,0
2025-05-20 12:00:00,144.588,144.971,144.506,144.719,20511,9,0
2025-05-20 16:00:00,144.721,144.883,144.426,144.541,10461,9,0
2025-05-20 20:00:00,144.529,144.562,144.154,144.317,6381,9,0
2025-05-21 00:00:00,144.314,144.348,143.718,143.788,20833,9,0
2025-05-21 04:00:00,143.787,143.959,143.455,143.898,20444,9,0
2025-05-21 08:00:00,143.897,144.191,143.465,143.748,21853,9,0
2025-05-21 12:00:00,143.746,143.894,143.552,143.683,26495,9,0
2025-05-21 16:00:00,143.681,143.769,143.279,143.681,19941,9,0
2025-05-21 20:00:00,143.675,144.369,143.361,143.695,9646,9,0
2025-05-22 00:00:00,143.693,143.724,143.14,143.313,25393,9,0
2025-05-22 04:00:00,143.313,143.434,142.997,143.051,19469,9,0
2025-05-22 08:00:00,143.047,143.777,142.801,143.358,21087,9,0
2025-05-22 12:00:00,143.358,144.046,143.269,143.894,29462,9,0
2025-05-22 16:00:00,143.894,144.327,143.859,143.996,13783,9,0
2025-05-22 20:00:00,143.981,144.072,143.758,143.858,5907,9,0
2025-05-23 00:00:00,143.861,144.013,143.411,143.43,18630,9,0
2025-05-23 04:00:00,143.43,143.58,143.229,143.306,13968,9,0
2025-05-23 08:00:00,143.308,143.429,142.505,142.62,29105,9,0
2025-05-23 12:00:00,142.622,142.895,142.447,142.61,40029,9,0
2025-05-23 16:00:00,142.609,142.782,142.415,142.498,13115,9,0
2025-05-23 20:00:00,142.493,142.576,142.476,142.561,1175,9,0
2025-05-25 20:00:00,142.477,143.067,142.328,142.825,7825,9,0
2025-05-26 00:00:00,142.823,142.88,142.222,142.455,19282,9,0
2025-05-26 04:00:00,142.455,142.914,142.454,142.892,15970,9,0
2025-05-26 08:00:00,142.891,142.987,142.75,142.93,10294,9,0
2025-05-26 12:00:00,142.928,143.032,142.743,142.845,9032,9,0
2025-05-26 16:00:00,142.846,142.871,142.707,142.773,1962,9,0
2025-05-26 20:00:00,142.771,142.841,142.615,142.624,4391,9,0
2025-05-27 00:00:00,142.625,142.625,142.109,142.44,15435,9,0
2025-05-27 04:00:00,142.44,143.861,142.381,143.739,24756,9,0
2025-05-27 08:00:00,143.736,144.176,143.615,144.094,18002,9,0
2025-05-27 12:00:00,144.093,144.457,143.873,144.376,21972,9,0
2025-05-27 16:00:00,144.378,144.434,144.236,144.323,8490,9,0
2025-05-27 20:00:00,144.316,144.405,144.127,144.134,4670,9,0
2025-05-28 00:00:00,144.133,144.768,143.848,144.357,26762,9,0
2025-05-28 04:00:00,144.358,144.768,144.067,144.147,21349,9,0
2025-05-28 08:00:00,144.146,144.428,143.987,144.42,14418,9,0
2025-05-28 12:00:00,144.421,145.077,144.308,145.045,23510,9,0
2025-05-28 16:00:00,145.042,145.049,144.748,144.903,11484,9,0
2025-05-28 20:00:00,144.896,146.023,144.535,145.716,15113,9,0
2025-05-29 00:00:00,145.717,146.286,145.594,145.738,36586,9,0
2025-05-29 04:00:00,145.741,146.093,145.197,145.261,21330,9,0
2025-05-29 08:00:00,145.258,145.358,144.877,145.082,20027,9,0
2025-05-29 12:00:00,145.08,145.08,144.05,144.094,31501,9,0
2025-05-29 16:00:00,144.092,144.254,143.956,144.136,13403,9,0
2025-05-29 20:00:00,144.134,144.23,143.737,143.751,6878,9,0
2025-05-30 00:00:00,143.752,144.034,143.433,143.856,24059,9,0
2025-05-30 04:00:00,143.854,144.157,143.691,144.025,19590,9,0
2025-05-30 08:00:00,144.027,144.226,143.784,143.846,17528,9,0
2025-05-30 12:00:00,143.848,144.443,143.463,144.179,35652,9,0
2025-05-30 16:00:00,144.18,144.186,143.786,143.87,14426,9,0
2025-05-30 20:00:00,143.865,144.078,143.847,144.046,1283,9,0
2025-06-01 20:00:00,143.786,143.981,143.668,143.788,5562,9,0
2025-06-02 00:00:00,143.791,143.795,143.323,143.519,16528,9,0
2025-06-02 04:00:00,143.518,143.612,142.824,142.9,14499,9,0
2025-06-02 08:00:00,142.898,142.974,142.617,142.754,16531,9,0
2025-06-02 12:00:00,142.754,143.069,142.535,142.771,24102,9,0
2025-06-02 16:00:00,142.771,142.998,142.665,142.707,11484,9,0
2025-06-02 20:00:00,142.694,142.737,142.373,142.423,5133,9,0
2025-06-03 00:00:00,142.425,143.27,142.419,143.159,17404,9,0
2025-06-03 04:00:00,143.159,143.217,142.602,142.822,15394,9,0
2025-06-03 08:00:00,142.824,143.158,142.672,143.081,13944,9,0
2025-06-03 12:00:00,143.08,143.99,143.046,143.937,22306,9,0
2025-06-03 16:00:00,143.936,144.109,143.836,144.069,9376,9,0
2025-06-03 20:00:00,144.067,144.073,143.683,143.817,5163,9,0
2025-06-04 00:00:00,143.815,144.299,143.669,144.056,17999,9,0
2025-06-04 04:00:00,144.055,144.391,143.792,144.085,15780,9,0
2025-06-04 08:00:00,144.086,144.314,143.844,144.266,13794,9,0
2025-06-04 12:00:00,144.268,144.272,142.911,142.913,28683,9,0
2025-06-04 16:00:00,142.912,142.925,142.602,142.88,10168,9,0
2025-06-04 20:00:00,142.876,142.889,142.485,142.724,5182,9,0
2025-06-05 00:00:00,142.725,143.021,142.564,142.99,19763,9,0
2025-06-05 04:00:00,142.992,143.391,142.898,143.343,14432,9,0
2025-06-05 08:00:00,143.342,143.402,143.025,143.265,13010,9,0
2025-06-05 12:00:00,143.267,143.97,142.771,143.86,47665,9,0
2025-06-05 16:00:00,143.861,143.974,143.47,143.683,17454,9,0
2025-06-05 20:00:00,143.672,143.728,143.342,143.551,5836,9,0
2025-06-06 00:00:00,143.553,143.897,143.524,143.757,13337,9,0
2025-06-06 04:00:00,143.755,144.134,143.729,143.905,12377,9,0
2025-06-06 08:00:00,143.908,144.189,143.876,144.152,12705,9,0
2025-06-06 12:00:00,144.152,145.085,144.073,144.873,39522,9,0
2025-06-06 16:00:00,144.875,144.979,144.766,144.784,12263,9,0
2025-06-06 20:00:00,144.784,144.884,144.77,144.841,921,9,0
2025-06-08 20:00:00,144.849,144.852,144.597,144.69,3290,9,0
2025-06-09 00:00:00,144.689,144.946,144.343,144.492,13686,9,0
2025-06-09 04:00:00,144.491,144.493,144.098,144.144,11560,9,0
2025-06-09 08:00:00,144.142,144.526,143.969,144.487,12635,9,0
2025-06-09 12:00:00,144.489,144.769,144.343,144.37,16095,9,0
2025-06-09 16:00:00,144.369,144.596,144.36,144.558,7564,9,0
2025-06-09 20:00:00,144.558,144.648,144.387,144.559,3830,9,0
2025-06-10 00:00:00,144.56,145.289,144.397,144.823,17923,9,0
2025-06-10 04:00:00,144.823,144.947,144.42,144.74,18783,9,0
2025-06-10 08:00:00,144.74,144.771,144.477,144.583,11348,9,0
2025-06-10 12:00:00,144.582,144.947,144.437,144.909,15188,9,0
2025-06-10 16:00:00,144.907,145.038,144.781,144.899,8166,9,0
2025-06-10 20:00:00,144.887,145.16,144.727,144.84,7772,9,0
2025-06-11 00:00:00,144.838,145.147,144.65,145.003,16890,9,0
2025-06-11 04:00:00,145.004,145.244,144.885,145.12,12715,9,0
2025-06-11 08:00:00,145.12,145.333,144.917,145.281,11099,9,0
2025-06-11 12:00:00,145.279,145.462,144.32,144.485,30541,9,0
2025-06-11 16:00:00,144.483,144.651,144.323,144.625,13724,9,0
2025-06-11 20:00:00,144.622,144.683,144.113,144.179,7413,9,0
2025-06-12 00:00:00,144.177,144.342,143.721,143.892,19706,9,0
2025-06-12 04:00:00,143.892,144.139,143.628,143.875,15866,9,0
2025-06-12 08:00:00,143.876,143.941,143.396,143.617,19525,9,0
2025-06-12 12:00:00,143.617,143.903,143.181,143.646,26904,9,0
2025-06-12 16:00:00,143.646,143.735,143.468,143.573,13045,9,0
2025-06-12 20:00:00,143.553,143.585,143.071,143.092,6015,9,0
2025-06-13 00:00:00,143.093,143.741,142.787,143.494,42323,9,0
2025-06-13 04:00:00,143.494,143.869,143.376,143.793,23922,9,0
2025-06-13 08:00:00,143.794,144.441,143.661,144.128,22704,9,0
2025-06-13 12:00:00,144.126,144.481,143.951,144.042,23697,9,0
2025-06-13 16:00:00,144.04,144.194,143.848,143.934,14982,9,0
2025-06-13 20:00:00,143.924,144.135,143.917,144.1,2312,9,0
2025-06-15 20:00:00,143.981,144.749,143.783,144.567,8830,9,0
2025-06-16 00:00:00,144.567,144.603,144.158,144.476,15490,9,0
2025-06-16 04:00:00,144.477,144.48,143.968,144.177,15212,9,0
2025-06-16 08:00:00,144.179,144.35,143.973,144.113,12849,9,0
2025-06-16 12:00:00,144.111,144.281,143.648,144.131,22360,9,0
2025-06-16 16:00:00,144.13,144.873,144.086,144.856,9980,9,0
2025-06-16 20:00:00,144.844,144.855,144.563,144.682,7176,9,0
2025-06-17 00:00:00,144.679,145.108,144.616,144.657,17754,9,0
2025-06-17 04:00:00,144.656,145.02,144.398,144.524,19021,9,0
2025-06-17 08:00:00,144.526,144.939,144.465,144.612,16117,9,0
2025-06-17 12:00:00,144.612,145.289,144.383,145.034,20580,9,0
2025-06-17 16:00:00,145.033,145.378,144.905,145.212,14887,9,0
2025-06-17 20:00:00,145.209,145.432,145.114,145.382,5528,9,0
2025-06-18 00:00:00,145.384,145.44,145.037,145.067,13757,9,0
2025-06-18 04:00:00,145.067,145.11,144.851,144.952,12448,9,0
2025-06-18 08:00:00,144.951,145.126,144.797,144.844,11369,9,0
2025-06-18 12:00:00,144.842,144.962,144.547,144.579,17570,9,0
2025-06-18 16:00:00,144.577,145.223,144.326,145.121,27196,9,0
2025-06-18 20:00:00,145.118,145.176,144.81,144.951,6552,9,0
2025-06-19 00:00:00,144.954,145.217,144.734,145.07,14829,9,0
2025-06-19 04:00:00,145.071,145.401,145.02,145.382,12786,9,0
2025-06-19 08:00:00,145.385,145.766,145.246,145.667,12928,9,0
2025-06-19 12:00:00,145.668,145.757,145.347,145.637,12503,9,0
2025-06-19 16:00:00,145.635,145.729,145.341,145.434,5735,9,0
2025-06-19 20:00:00,145.414,145.548,145.192,145.23,6512,9,0
2025-06-20 00:00:00,145.227,145.362,145.119,145.274,12848,9,0
2025-06-20 04:00:00,145.274,145.484,145.239,145.407,10497,9,0
2025-06-20 08:00:00,145.405,145.61,145.247,145.586,9481,9,0
2025-06-20 12:00:00,145.588,145.952,145.446,145.923,17428,9,0
2025-06-20 16:00:00,145.925,146.195,145.775,146.173,8270,9,0
2025-06-20 20:00:00,146.168,146.199,146.054,146.096,1390,9,0
2025-06-22 20:00:00,146.595,146.677,146.203,146.21,7278,9,0
2025-06-23 00:00:00,146.208,146.764,146.141,146.696,15281,9,0
2025-06-23 04:00:00,146.695,147.394,146.693,147.327,17939,9,0
2025-06-23 08:00:00,147.326,148.03,147.322,147.587,16796,9,0
2025-06-23 12:00:00,147.589,147.633,146.328,146.466,25982,9,0
2025-06-23 16:00:00,146.464,146.538,146.007,146.141,18935,9,0
2025-06-23 20:00:00,146.135,146.175,145.694,145.918,9962,9,0
2025-06-24 00:00:00,145.918,145.936,145.284,145.411,18726,9,0
2025-06-24 04:00:00,145.411,145.512,144.99,145.316,17928,9,0
2025-06-24 08:00:00,145.316,145.329,144.846,144.959,15617,9,0
2025-06-24 12:00:00,144.96,145.189,144.51,144.896,23496,9,0
2025-06-24 16:00:00,144.897,144.959,144.555,144.767,10421,9,0
2025-06-24 20:00:00,144.763,144.972,144.728,144.929,5043,9,0
2025-06-25 00:00:00,144.927,145.044,144.603,144.969,15433,9,0
2025-06-25 04:00:00,144.969,145.368,144.861,145.308,12808,9,0
2025-06-25 08:00:00,145.31,145.797,145.236,145.746,10698,9,0
2025-06-25 12:00:00,145.748,145.947,145.52,145.594,16130,9,0
2025-06-25 16:00:00,145.593,145.602,145.1,145.237,9427,9,0
2025-06-25 20:00:00,145.221,145.327,144.874,144.912,5991,9,0
2025-06-26 00:00:00,144.909,144.944,144.562,144.783,14298,9,0
2025-06-26 04:00:00,144.781,144.962,143.925,144.062,17344,9,0
2025-06-26 08:00:00,144.061,144.439,143.747,144.383,16086,9,0
2025-06-26 12:00:00,144.385,144.535,144.13,144.334,25274,9,0
2025-06-26 16:00:00,144.334,144.418,144.051,144.364,12079,9,0
2025-06-26 20:00:00,144.362,144.738,144.153,144.676,6192,9,0
2025-06-27 00:00:00,144.673,144.805,144.191,144.454,16538,9,0
2025-06-27 04:00:00,144.452,144.589,144.172,144.477,14139,9,0
2025-06-27 08:00:00,144.476,144.679,144.256,144.491,12050,9,0
2025-06-27 12:00:00,144.487,144.943,144.36,144.735,21995,9,0
2025-06-27 16:00:00,144.736,144.9,144.536,144.75,14309,9,0
2025-06-27 20:00:00,144.748,144.758,144.622,144.644,1390,9,0
2025-06-29 20:00:00,144.339,144.661,144.245,144.503,5464,9,0
2025-06-30 00:00:00,144.502,144.76,144.084,144.217,14515,9,0
2025-06-30 04:00:00,144.217,144.231,143.775,144.122,15277,9,0
2025-06-30 08:00:00,144.123,144.34,144.012,144.327,11923,9,0
2025-06-30 12:00:00,144.327,144.508,144.151,144.16,20722,9,0
2025-06-30 16:00:00,144.161,144.385,143.99,144.035,13053,9,0
2025-06-30 20:00:00,144.029,144.05,143.769,143.805,4956,9,0
2025-07-01 00:00:00,143.806,143.888,143.431,143.876,14327,9,0
2025-07-01 04:00:00,143.876,143.932,143.065,143.065,13488,9,0
2025-07-01 08:00:00,143.066,143.165,142.702,142.731,17751,9,0
2025-07-01 12:00:00,142.733,143.664,142.678,143.576,26758,9,0
2025-07-01 16:00:00,143.574,143.8,143.572,143.766,12115,9,0
2025-07-01 20:00:00,143.761,143.767,143.277,143.37,4698,9,0
2025-07-02 00:00:00,143.368,143.744,143.313,143.526,14135,9,0
2025-07-02 04:00:00,143.525,144.049,143.456,143.894,12439,9,0
2025-07-02 08:00:00,143.896,144.243,143.775,144.179,11781,9,0
2025-07-02 12:00:00,144.18,144.207,143.482,143.756,28342,9,0
2025-07-02 16:00:00,143.756,143.803,143.565,143.615,9936,9,0
2025-07-02 20:00:00,143.603,143.684,143.42,143.517,4216,9,0
2025-07-03 00:00:00,143.516,143.876,143.44,143.848,11924,9,0
2025-07-03 04:00:00,143.848,143.93,143.667,143.856,10398,9,0
2025-07-03 08:00:00,143.856,143.893,143.731,143.86,10122,9,0
2025-07-03 12:00:00,143.859,145.23,143.801,144.965,35257,9,0
2025-07-03 16:00:00,144.963,145.211,144.943,145.035,6013,9,0
2025-07-03 20:00:00,145.024,145.066,144.682,144.703,3894,9,0
2025-07-04 00:00:00,144.704,144.788,144.458,144.52,9839,9,0
2025-07-04 04:00:00,144.521,144.523,144.18,144.405,11153,9,0
2025-07-04 08:00:00,144.403,144.414,144.271,144.392,9106,9,0
2025-07-04 12:00:00,144.392,144.565,144.351,144.53,8172,9,0
2025-07-04 16:00:00,144.532,144.579,144.436,144.565,5219,9,0
2025-07-04 20:00:00,144.558,144.578,144.45,144.496,2338,9,0
2025-07-06 20:00:00,144.329,144.628,144.276,144.485,4090,9,0
2025-07-07 00:00:00,144.488,144.848,144.221,144.831,13459,9,0
2025-07-07 04:00:00,144.831,145.198,144.779,145.192,13090,9,0
2025-07-07 08:00:00,145.193,145.53,145.106,145.489,11891,9,0
2025-07-07 12:00:00,145.487,145.891,145.474,145.865,12327,9,0
2025-07-07 16:00:00,145.863,146.238,145.732,146.055,15942,9,0
2025-07-07 20:00:00,146.044,146.148,145.834,145.878,6293,9,0
2025-07-08 00:00:00,145.875,146.443,145.827,146.068,16463,9,0
2025-07-08 04:00:00,146.07,146.28,145.879,146.034,14097,9,0
2025-07-08 08:00:00,146.034,146.648,146.031,146.585,11758,9,0
2025-07-08 12:00:00,146.585,146.973,146.454,146.808,16182,9,0
2025-07-08 16:00:00,146.808,146.861,146.611,146.618,11387,9,0
2025-07-08 20:00:00,146.616,146.874,146.423,146.866,5249,9,0
2025-07-09 00:00:00,146.864,147.18,146.728,147.1,13953,9,0
2025-07-09 04:00:00,147.1,147.145,146.679,146.836,11085,9,0
2025-07-09 08:00:00,146.839,146.864,146.534,146.761,10969,9,0
2025-07-09 12:00:00,146.762,146.763,146.266,146.529,17300,9,0
2025-07-09 16:00:00,146.529,146.529,146.245,146.312,8930,9,0
2025-07-09 20:00:00,146.313,146.479,146.064,146.104,4803,9,0
2025-07-10 00:00:00,146.101,146.254,145.75,146.251,13598,9,0
2025-07-10 04:00:00,146.251,146.46,146.063,146.28,11740,9,0
2025-07-10 08:00:00,146.278,146.408,146.077,146.248,10745,9,0
2025-07-10 12:00:00,146.25,146.784,146.2,146.464,18199,9,0
2025-07-10 16:00:00,146.465,146.506,146.164,146.235,9382,9,0
2025-07-10 20:00:00,146.22,146.297,146.128,146.275,4269,9,0
2025-07-11 00:00:00,146.276,147.04,146.242,146.946,15740,9,0
2025-07-11 04:00:00,146.946,147.181,146.717,146.848,12971,9,0
2025-07-11 08:00:00,146.849,147.081,146.749,147.02,11641,9,0
2025-07-11 12:00:00,147.022,147.522,146.785,147.288,17026,9,0
2025-07-11 16:00:00,147.288,147.477,147.249,147.369,8282,9,0
2025-07-11 20:00:00,147.367,147.463,147.335,147.417,1224,9,0
2025-07-13 20:00:00,147.056,147.569,147.032,147.292,6744,9,0
2025-07-14 00:00:00,147.294,147.381,146.843,147.298,15175,9,0
2025-07-14 04:00:00,147.299,147.483,147.196,147.369,13886,9,0
2025-07-14 08:00:00,147.369,147.462,147.151,147.407,11672,9,0
2025-07-14 12:00:00,147.41,147.698,147.213,147.687,15622,9,0
2025-07-14 16:00:00,147.689,147.762,147.657,147.719,8403,9,0
2025-07-14 20:00:00,147.721,147.886,147.627,147.78,3767,9,0
2025-07-15 00:00:00,147.781,147.82,147.55,147.666,10491,9,0
2025-07-15 04:00:00,147.667,147.785,147.546,147.729,8435,9,0
2025-07-15 08:00:00,147.732,147.945,147.605,147.909,8440,9,0
2025-07-15 12:00:00,147.908,149.024,147.655,148.754,25272,9,0
2025-07-15 16:00:00,148.753,148.994,148.71,148.843,9885,9,0
2025-07-15 20:00:00,148.84,148.935,148.719,148.774,4821,9,0
2025-07-16 00:00:00,148.774,149.087,148.702,149.035,10642,9,0
2025-07-16 04:00:00,149.032,149.185,148.613,148.881,11411,9,0
2025-07-16 08:00:00,148.884,148.896,148.62,148.761,9469,9,0
2025-07-16 12:00:00,148.76,148.926,146.907,148.109,63732,9,0
2025-07-16 16:00:00,148.111,148.374,147.485,147.842,26578,9,0
2025-07-16 20:00:00,147.84,148.07,147.582,147.988,5835,9,0
2025-07-17 00:00:00,147.992,148.658,147.981,148.544,12695,9,0
2025-07-17 04:00:00,148.541,148.799,148.364,148.717,12062,9,0
2025-07-17 08:00:00,148.716,148.831,148.52,148.761,11551,9,0
2025-07-17 12:00:00,148.761,149.085,148.375,148.55,23654,9,0
2025-07-17 16:00:00,148.547,148.75,148.466,148.583,9269,9,0
2025-07-17 20:00:00,148.573,148.615,148.285,148.44,4652,9,0
2025-07-18 00:00:00,148.438,148.667,148.326,148.664,12469,9,0
2025-07-18 04:00:00,148.665,148.88,148.613,148.777,9934,9,0
2025-07-18 08:00:00,148.776,148.776,148.449,148.501,10419,9,0
2025-07-18 12:00:00,148.499,148.561,148.182,148.548,16958,9,0
2025-07-18 16:00:00,148.548,148.806,148.506,148.742,9315,9,0
2025-07-18 20:00:00,148.741,148.843,148.688,148.821,1330,9,0
2025-07-20 20:00:00,147.846,148.658,147.82,148.453,6352,9,0
2025-07-21 00:00:00,148.449,148.558,148.238,148.458,10121,9,0
2025-07-21 04:00:00,148.458,148.52,147.77,148.1,13100,9,0
2025-07-21 08:00:00,148.098,148.131,147.504,147.545,12431,9,0
2025-07-21 12:00:00,147.547,147.718,147.25,147.265,16266,9,0
2025-07-21 16:00:00,147.266,147.379,147.081,147.351,9107,9,0
2025-07-21 20:00:00,147.338,147.493,147.127,147.397,4149,9,0
2025-07-22 00:00:00,147.395,147.71,147.388,147.573,11732,9,0
2025-07-22 04:00:00,147.573,147.943,147.537,147.703,9675,9,0
2025-07-22 08:00:00,147.705,147.761,147.153,147.193,11068,9,0
2025-07-22 12:00:00,147.194,147.253,146.32,146.365,23105,9,0
2025-07-22 16:00:00,146.366,146.601,146.305,146.557,9484,9,0
2025-07-22 20:00:00,146.554,146.942,146.243,146.758,11637,9,0
2025-07-23 00:00:00,146.761,147.203,146.194,146.918,30577,9,0
2025-07-23 04:00:00,146.92,147.212,146.594,146.749,18469,9,0
2025-07-23 08:00:00,146.748,146.9,146.104,146.205,13420,9,0
2025-07-23 12:00:00,146.203,146.727,146.156,146.547,19936,9,0
2025-07-23 16:00:00,146.548,146.618,146.367,146.527,13182,9,0
2025-07-23 20:00:00,146.525,146.53,146.235,146.342,5198,9,0
2025-07-24 00:00:00,146.342,146.489,145.852,146.004,16106,9,0
2025-07-24 04:00:00,146.004,146.456,145.927,146.414,14381,9,0
2025-07-24 08:00:00,146.413,146.657,146.306,146.481,11877,9,0
2025-07-24 12:00:00,146.481,146.943,146.351,146.924,22375,9,0
2025-07-24 16:00:00,146.922,146.966,146.749,146.932,9871,9,0
2025-07-24 20:00:00,146.927,147.226,146.869,147.002,5943,9,0
2025-07-25 00:00:00,147.002,147.491,146.982,147.216,14000,9,0
2025-07-25 04:00:00,147.214,147.411,146.808,147.377,14568,9,0
2025-07-25 08:00:00,147.376,147.936,147.355,147.675,13219,9,0
2025-07-25 12:00:00,147.673,147.934,147.526,147.778,24508,9,0
2025-07-25 16:00:00,147.777,147.834,147.527,147.614,7714,9,0
2025-07-25 20:00:00,147.604,147.679,147.603,147.652,1199,9,0
2025-07-27 20:00:00,147.607,147.876,147.577,147.783,4556,9,0
2025-07-28 00:00:00,147.781,148.018,147.514,147.712,13430,9,0
2025-07-28 04:00:00,147.71,148.333,147.622,148.287,14191,9,0
2025-07-28 08:00:00,148.289,148.444,148.07,148.14,15462,9,0
2025-07-28 12:00:00,148.137,148.492,147.936,148.454,18980,9,0
2025-07-28 16:00:00,148.453,148.575,148.388,148.544,7929,9,0
2025-07-28 20:00:00,148.542,148.633,148.319,148.454,3949,9,0
2025-07-29 00:00:00,148.457,148.711,148.285,148.355,12694,9,0
2025-07-29 04:00:00,148.354,148.749,148.152,148.575,14171,9,0
2025-07-29 08:00:00,148.577,148.752,148.35,148.711,12593,9,0
2025-07-29 12:00:00,148.71,148.802,148.347,148.569,19486,9,0
2025-07-29 16:00:00,148.571,148.601,148.333,148.499,10814,9,0
2025-07-29 20:00:00,148.482,148.525,148.357,148.422,3274,9,0
2025-07-30 00:00:00,148.422,148.445,147.838,147.969,12436,9,0
2025-07-30 04:00:00,147.968,148.169,147.798,148.079,13148,9,0
2025-07-30 08:00:00,148.079,148.355,147.851,148.306,12719,9,0
2025-07-30 12:00:00,148.304,149.112,148.26,149.071,20473,9,0
2025-07-30 16:00:00,149.069,149.437,148.519,149.413,27905,9,0
2025-07-30 20:00:00,149.41,149.494,149.207,149.223,5535,9,0
2025-07-31 00:00:00,149.224,149.392,148.585,148.744,16042,9,0
2025-07-31 04:00:00,148.744,149.719,148.68,149.395,18902,9,0
2025-07-31 08:00:00,149.393,150.101,149.297,149.871,16548,9,0
2025-07-31 12:00:00,149.874,150.63,149.808,150.597,22297,9,0
2025-07-31 16:00:00,150.598,150.799,150.554,150.79,11790,9,0
2025-07-31 20:00:00,150.793,150.877,150.58,150.806,6729,9,0
2025-08-01 00:00:00,150.804,150.916,150.548,150.584,14700,9,0
2025-08-01 04:00:00,150.586,150.655,150.41,150.533,11093,9,0
2025-08-01 08:00:00,150.531,150.626,150.278,150.513,11434,9,0
2025-08-01 12:00:00,150.513,150.594,147.481,148.051,71474,9,0
2025-08-01 16:00:00,148.052,148.105,147.32,147.436,21568,9,0
2025-08-01 20:00:00,147.42,147.43,147.286,147.392,2221,9,0
2025-08-03 20:00:00,147.107,147.38,147.043,147.343,6272,9,0
2025-08-04 00:00:00,147.339,147.906,147.265,147.688,17056,9,0
2025-08-04 04:00:00,147.688,148.043,147.528,147.882,14812,9,0
2025-08-04 08:00:00,147.88,148.084,147.339,147.34,15178,9,0
2025-08-04 12:00:00,147.34,147.437,146.86,147.094,24603,9,0
2025-08-04 16:00:00,147.095,147.212,146.902,147.023,10776,9,0
2025-08-04 20:00:00,147.025,147.107,146.689,146.79,5782,9,0
2025-08-05 00:00:00,146.79,147.258,146.617,147.211,13636,9,0
2025-08-05 04:00:00,147.214,147.481,146.999,147.384,12125,9,0
2025-08-05 08:00:00,147.386,147.774,147.331,147.629,12034,9,0
2025-08-05 12:00:00,147.629,147.832,147.303,147.491,26187,9,0
2025-08-05 16:00:00,147.492,147.701,147.423,147.606,9477,9,0
2025-08-05 20:00:00,147.599,147.643,147.4,147.521,4251,9,0
2025-08-06 00:00:00,147.521,147.746,147.332,147.396,10998,9,0
2025-08-06 04:00:00,147.398,147.688,147.301,147.56,9615,9,0
2025-08-06 08:00:00,147.558,147.882,147.437,147.535,11438,9,0
2025-08-06 12:00:00,147.538,147.657,147.205,147.252,18290,9,0
2025-08-06 16:00:00,147.25,147.417,146.973,147.177,11537,9,0
2025-08-06 20:00:00,147.168,147.5,147.118,147.196,5884,9,0
2025-08-07 00:00:00,147.192,147.709,147.166,147.508,12441,9,0
2025-08-07 04:00:00,147.51,147.532,146.685,146.801,13438,9,0
2025-08-07 08:00:00,146.803,147.492,146.776,147.306,15733,9,0
2025-08-07 12:00:00,147.306,147.584,147.015,147.361,25900,9,0
2025-08-07 16:00:00,147.359,147.567,146.938,147.077,13046,9,0
2025-08-07 20:00:00,147.072,147.146,146.757,146.798,6767,9,0
2025-08-08 00:00:00,146.796,147.373,146.717,147.187,12340,9,0
2025-08-08 04:00:00,147.187,147.448,147.111,147.318,10864,9,0
2025-08-08 08:00:00,147.316,147.847,147.157,147.808,13362,9,0
2025-08-08 12:00:00,147.808,147.903,147.632,147.704,17164,9,0
2025-08-08 16:00:00,147.704,147.832,147.627,147.749,10059,9,0
2025-08-08 20:00:00,147.74,147.797,147.712,147.722,1492,9,0
2025-08-10 20:00:00,147.396,147.782,147.38,147.654,4231,10,0
2025-08-11 00:00:00,147.652,147.74,147.425,147.477,8211,10,0
2025-08-11 04:00:00,147.476,147.659,147.351,147.386,8114,10,0
2025-08-11 08:00:00,147.383,147.944,147.345,147.859,9484,10,0
2025-08-11 12:00:00,147.862,148.108,147.78,147.991,13715,10,0
2025-08-11 16:00:00,147.989,148.237,147.907,148.226,7166,10,0
2025-08-11 20:00:00,148.227,148.243,147.891,148.147,3713,10,0
2025-08-12 00:00:00,148.149,148.442,148.127,148.412,9538,10,0
2025-08-12 04:00:00,148.412,148.441,148.144,148.258,11028,10,0
2025-08-12 08:00:00,148.259,148.491,148.257,148.437,8550,10,0
2025-08-12 12:00:00,148.436,148.517,147.575,147.802,39416,10,0
2025-08-12 16:00:00,147.802,147.858,147.654,147.755,11418,10,0
2025-08-12 20:00:00,147.748,147.866,147.624,147.771,3800,10,0
2025-08-13 00:00:00,147.77,148.166,147.698,147.998,10725,10,0
2025-08-13 04:00:00,148.0,148.099,147.397,147.527,10908,10,0
2025-08-13 08:00:00,147.53,147.564,147.172,147.277,11993,10,0
2025-08-13 12:00:00,147.277,147.489,147.081,147.245,16575,10,0
2025-08-13 16:00:00,147.243,147.509,147.21,147.443,7381,10,0
2025-08-13 20:00:00,147.438,147.447,147.11,147.12,3258,10,0
2025-08-14 00:00:00,147.118,147.118,146.369,146.544,16025,10,0
2025-08-14 04:00:00,146.544,146.58,146.212,146.545,15921,10,0
2025-08-14 08:00:00,146.546,146.665,146.42,146.491,13406,10,0
2025-08-14 12:00:00,146.489,147.8,146.42,147.687,28521,10,0
2025-08-14 16:00:00,147.685,147.96,147.685,147.776,9107,10,0
2025-08-14 20:00:00,147.774,147.864,147.607,147.679,4225,10,0
2025-08-15 00:00:00,147.682,147.724,147.175,147.224,10698,10,0
2025-08-15 04:00:00,147.224,147.229,146.973,147.002,10302,10,0
2025-08-15 08:00:00,147.003,147.051,146.753,146.981,9938,10,0
2025-08-15 12:00:00,146.978,147.271,146.734,147.002,22329,10,0
2025-08-15 16:00:00,147.0,147.329,146.998,147.234,8303,10,0
2025-08-15 20:00:00,147.234,147.251,147.127,147.154,1365,10,0
2025-08-17 20:00:00,147.164,147.382,147.063,147.23,3817,10,0
2025-08-18 00:00:00,147.229,147.579,147.223,147.382,10603,10,0
2025-08-18 04:00:00,147.385,147.503,147.117,147.45,10866,10,0
2025-08-18 08:00:00,147.451,147.57,147.249,147.548,10976,10,0
2025-08-18 12:00:00,147.547,147.982,147.513,147.756,12855,10,0
2025-08-18 16:00:00,147.758,147.883,147.655,147.821,6895,10,0
2025-08-18 20:00:00,147.818,147.979,147.638,147.917,3686,10,0
2025-08-19 00:00:00,147.916,148.109,147.618,147.828,13067,10,0
2025-08-19 04:00:00,147.83,147.87,147.528,147.701,10472,10,0
2025-08-19 08:00:00,147.701,147.819,147.595,147.708,9022,10,0
2025-08-19 12:00:00,147.706,147.896,147.547,147.722,14182,10,0
2025-08-19 16:00:00,147.72,147.72,147.44,147.581,8272,10,0
2025-08-19 20:00:00,147.57,147.752,147.471,147.735,3736,10,0
2025-08-20 00:00:00,147.737,147.814,147.417,147.524,12978,10,0
2025-08-20 04:00:00,147.525,147.693,147.138,147.622,11141,10,0
2025-08-20 08:00:00,147.622,147.645,147.364,147.536,8589,10,0
2025-08-20 12:00:00,147.534,147.536,146.867,147.192,18068,10,0
2025-08-20 16:00:00,147.188,147.352,147.007,147.337,7521,10,0
2025-08-20 20:00:00,147.331,147.483,147.072,147.301,4254,10,0
2025-08-21 00:00:00,147.304,147.502,147.252,147.413,11299,10,0
2025-08-21 04:00:00,147.414,147.637,147.338,147.591,9483,10,0
2025-08-21 08:00:00,147.591,147.929,147.478,147.919,9024,10,0
2025-08-21 12:00:00,147.917,148.401,147.576,148.353,21135,10,0
2025-08-21 16:00:00,148.354,148.404,148.166,148.374,7244,10,0
2025-08-21 20:00:00,148.373,148.451,148.1,148.381,4247,10,0
2025-08-22 00:00:00,148.384,148.714,148.278,148.672,10350,10,0
2025-08-22 04:00:00,148.672,148.775,148.406,148.599,8725,10,0
2025-08-22 08:00:00,148.601,148.738,148.539,148.706,7816,10,0
2025-08-22 12:00:00,148.705,148.719,146.57,146.824,34193,10,0
2025-08-22 16:00:00,146.826,146.997,146.573,146.958,12026,10,0
2025-08-22 20:00:00,146.955,146.972,146.872,146.924,1245,10,0
2025-08-24 20:00:00,146.674,147.299,146.673,147.263,5820,10,0
2025-08-25 00:00:00,147.26,147.523,147.244,147.338,11563,10,0
2025-08-25 04:00:00,147.338,147.374,147.094,147.332,8889,10,0
2025-08-25 08:00:00,147.332,147.444,147.218,147.316,7779,10,0
2025-08-25 12:00:00,147.314,147.671,147.286,147.607,12779,10,0
2025-08-25 16:00:00,147.608,147.935,147.496,147.817,10017,10,0
2025-08-25 20:00:00,147.814,147.85,147.58,147.811,4363,10,0
2025-08-26 00:00:00,147.812,147.876,146.986,147.792,26514,10,0
2025-08-26 04:00:00,147.79,147.904,147.633,147.693,14020,10,0
2025-08-26 08:00:00,147.691,147.698,147.395,147.46,12381,10,0
2025-08-26 12:00:00,147.458,147.72,147.291,147.314,16708,10,0
2025-08-26 16:00:00,147.312,147.541,147.097,147.429,8792,10,0
2025-08-26 20:00:00,147.415,147.505,147.151,147.469,4179,10,0
2025-08-27 00:00:00,147.469,147.849,147.4,147.827,10225,10,0
2025-08-27 04:00:00,147.827,147.965,147.652,147.752,9260,10,0
2025-08-27 08:00:00,147.754,148.179,147.74,148.137,10147,10,0
2025-08-27 12:00:00,148.137,148.144,147.688,147.743,14983,10,0
2025-08-27 16:00:00,147.743,147.751,147.29,147.47,9436,10,0
2025-08-27 20:00:00,147.464,147.511,147.12,147.334,6002,10,0
2025-08-28 00:00:00,147.333,147.485,147.077,147.095,12125,10,0
2025-08-28 04:00:00,147.094,147.401,146.992,147.163,11172,10,0
2025-08-28 08:00:00,147.164,147.366,146.803,146.923,11776,10,0
2025-08-28 12:00:00,146.922,147.229,146.854,146.989,19419,10,0
2025-08-28 16:00:00,146.987,146.993,146.654,146.914,8053,10,0
2025-08-28 20:00:00,146.909,147.074,146.735,146.828,4872,10,0
2025-08-29 00:00:00,146.827,147.108,146.76,146.982,11462,10,0
2025-08-29 04:00:00,146.983,147.194,146.897,147.002,8903,10,0
2025-08-29 08:00:00,147.003,147.26,146.864,147.245,9041,10,0
2025-08-29 12:00:00,147.245,147.405,146.766,146.902,18407,10,0
2025-08-29 16:00:00,146.901,147.042,146.849,146.956,7192,10,0
2025-08-29 20:00:00,146.955,147.091,146.912,147.035,1189,10,0
2025-08-31 20:00:00,146.92,147.185,146.885,147.117,4028,10,0
2025-09-01 00:00:00,147.119,147.375,146.839,146.889,11686,10,0
2025-09-01 04:00:00,146.889,147.199,146.783,147.069,10656,10,0
2025-09-01 08:00:00,147.07,147.199,146.935,147.153,10159,10,0
2025-09-01 12:00:00,147.153,147.303,147.147,147.266,8207,10,0
2025-09-01 16:00:00,147.266,147.282,147.153,147.184,3332,10,0
2025-09-01 20:00:00,147.172,147.198,147.036,147.091,3416,10,0
2025-09-02 00:00:00,147.09,147.746,147.084,147.7,14660,10,0
2025-09-02 04:00:00,147.7,148.738,147.683,148.65,17195,10,0
2025-09-02 08:00:00,148.648,148.79,148.22,148.616,19333,10,0
2025-09-02 12:00:00,148.614,148.942,147.935,148.227,25443,10,0
2025-09-02 16:00:00,148.227,148.531,148.196,148.355,9186,10,0
2025-09-02 20:00:00,148.35,148.587,148.142,148.582,4578,10,0
2025-09-03 00:00:00,148.577,148.916,148.507,148.908,10690,10,0
2025-09-03 04:00:00,148.908,149.134,148.485,148.734,13836,10,0
2025-09-03 08:00:00,148.735,148.77,148.427,148.613,13398,10,0
2025-09-03 12:00:00,148.615,148.795,147.926,147.969,22153,10,0
2025-09-03 16:00:00,147.966,148.131,147.875,148.131,9382,10,0
2025-09-03 20:00:00,148.116,148.148,147.824,147.974,4156,10,0
2025-09-04 00:00:00,147.972,148.261,147.784,148.239,15421,10,0
2025-09-04 04:00:00,148.239,148.411,148.106,148.362,11405,10,0
2025-09-04 08:00:00,148.363,148.403,148.133,148.341,11385,10,0
2025-09-04 12:00:00,148.339,148.775,148.007,148.627,22166,10,0
2025-09-04 16:00:00,148.625,148.738,148.451,148.484,6909,10,0
2025-09-04 20:00:00,148.478,148.537,148.243,148.42,4936,10,0
2025-09-05 00:00:00,148.418,148.435,148.075,148.173,10821,10,0
2025-09-05 04:00:00,148.173,148.27,148.143,148.21,8032,10,0
2025-09-05 08:00:00,148.212,148.251,148.075,148.194,7813,10,0
2025-09-05 12:00:00,148.193,148.196,146.813,146.839,41946,10,0
2025-09-05 16:00:00,146.838,147.497,146.82,147.461,11588,10,0
2025-09-05 20:00:00,147.447,147.49,147.324,147.394,1538,10,0
2025-09-07 20:00:00,147.976,148.464,147.81,148.316,9206,10,0
2025-09-08 00:00:00,148.314,148.575,148.001,148.197,15753,10,0
2025-09-08 04:00:00,148.197,148.251,147.513,147.529,12411,10,0
2025-09-08 08:00:00,147.529,147.875,147.46,147.775,10660,10,0
2025-09-08 12:00:00,147.776,147.88,147.535,147.586,14617,10,0
2025-09-08 16:00:00,147.587,147.774,147.336,147.415,7662,10,0
2025-09-08 20:00:00,147.39,147.532,147.21,147.37,5123,10,0
2025-09-09 00:00:00,147.371,147.431,147.15,147.362,10566,10,0
2025-09-09 04:00:00,147.361,147.373,146.813,147.201,11499,10,0
2025-09-09 08:00:00,147.203,147.335,146.304,146.728,21138,10,0
2025-09-09 12:00:00,146.726,147.349,146.523,147.231,25803,10,0
2025-09-09 16:00:00,147.231,147.459,147.176,147.44,8694,10,0
2025-09-09 20:00:00,147.438,147.462,147.14,147.39,4010,10,0
2025-09-10 00:00:00,147.39,147.569,147.266,147.393,9768,10,0
2025-09-10 04:00:00,147.392,147.584,147.276,147.492,10436,10,0
2025-09-10 08:00:00,147.494,147.554,147.393,147.511,9272,10,0
2025-09-10 12:00:00,147.511,147.645,147.101,147.367,19515,10,0
2025-09-10 16:00:00,147.369,147.465,147.243,147.403,7042,10,0
2025-09-10 20:00:00,147.405,147.448,147.164,147.347,3375,10,0
2025-09-11 00:00:00,147.348,147.476,147.318,147.44,7091,10,0
2025-09-11 04:00:00,147.441,147.828,147.41,147.773,8289,10,0
2025-09-11 08:00:00,147.771,147.989,147.767,147.964,7977,10,0
2025-09-11 12:00:00,147.962,148.189,146.989,147.167,30184,10,0
2025-09-11 16:00:00,147.166,147.305,146.982,147.161,9528,10,0
2025-09-11 20:00:00,147.159,147.236,147.09,147.226,4238,10,0
2025-09-12 00:00:00,147.224,147.478,147.163,147.441,7783,10,0
2025-09-12 04:00:00,147.442,147.552,147.239,147.449,9051,10,0
2025-09-12 08:00:00,147.452,147.978,147.449,147.835,11619,10,0
2025-09-12 12:00:00,147.836,148.071,147.581,147.853,14135,10,0
2025-09-12 16:00:00,147.853,147.872,147.461,147.581,6288,10,0
2025-09-12 20:00:00,147.574,147.712,147.57,147.653,1226,10,0
2025-09-14 20:00:00,147.544,147.751,147.458,147.672,3322,10,0
2025-09-15 00:00:00,147.674,147.687,147.399,147.424,6337,10,0
2025-09-15 04:00:00,147.426,147.604,147.336,147.463,7680,10,0
2025-09-15 08:00:00,147.465,147.481,147.244,147.411,8412,10,0
2025-09-15 12:00:00,147.414,147.467,147.226,147.271,11817,10,0
2025-09-15 16:00:00,147.27,147.412,147.237,147.384,6843,10,0
2025-09-15 20:00:00,147.385,147.426,147.154,147.399,3683,10,0
2025-09-16 00:00:00,147.401,147.536,147.013,147.097,10783,10,0
2025-09-16 04:00:00,147.097,147.126,146.686,146.885,13023,10,0
2025-09-16 08:00:00,146.887,147.112,146.864,146.953,12786,10,0
2025-09-16 12:00:00,146.953,147.259,146.498,146.556,20880,10,0
2025-09-16 16:00:00,146.556,146.561,146.273,146.491,9215,10,0
2025-09-16 20:00:00,146.475,146.511,146.308,146.408,4459,10,0
2025-09-17 00:00:00,146.406,146.602,146.203,146.529,11318,10,0
2025-09-17 04:00:00,146.529,146.676,146.367,146.661,8636,10,0
2025-09-17 08:00:00,146.662,146.681,146.199,146.336,10259,10,0
2025-09-17 12:00:00,146.336,146.473,146.204,146.357,12473,10,0
2025-09-17 16:00:00,146.359,146.853,145.478,146.777,45947,10,0
2025-09-17 20:00:00,146.774,147.038,146.722,146.881,7005,10,0
2025-09-18 00:00:00,146.881,147.143,146.841,147.049,12911,10,0
2025-09-18 04:00:00,147.05,147.531,147.025,147.111,13825,10,0
2025-09-18 08:00:00,147.111,147.486,147.095,147.381,16054,10,0
2025-09-18 12:00:00,147.381,148.264,147.363,148.019,25376,10,0
2025-09-18 16:00:00,148.017,148.039,147.801,147.947,9153,10,0
2025-09-18 20:00:00,147.933,148.006,147.79,147.959,3878,10,0
2025-09-19 00:00:00,147.959,148.11,147.372,147.623,16236,10,0
2025-09-19 04:00:00,147.625,147.983,147.192,147.933,27195,10,0
2025-09-19 08:00:00,147.93,148.194,147.748,148.161,12304,10,0
2025-09-19 12:00:00,148.162,148.282,147.785,147.832,18670,10,0
2025-09-19 16:00:00,147.833,147.991,147.791,147.939,6262,10,0
2025-09-19 20:00:00,147.939,147.988,147.925,147.96,1588,10,0
2025-09-21 20:00:00,147.858,148.109,147.801,148.098,2965,10,0
2025-09-22 00:00:00,148.101,148.374,148.084,148.334,9818,10,0
2025-09-22 04:00:00,148.333,148.369,147.89,148.111,10011,10,0
2025-09-22 08:00:00,148.113,148.126,147.738,147.838,11119,10,0
2025-09-22 12:00:00,147.837,147.981,147.725,147.837,15124,10,0
2025-09-22 16:00:00,147.837,147.882,147.653,147.734,7123,10,0
2025-09-22 20:00:00,147.715,147.774,147.591,147.729,3081,10,0
2025-09-23 00:00:00,147.729,147.862,147.596,147.758,7430,10,0
2025-09-23 04:00:00,147.758,147.839,147.634,147.726,9090,10,0
2025-09-23 08:00:00,147.724,147.792,147.502,147.76,10195,10,0
2025-09-23 12:00:00,147.758,147.925,147.612,147.836,15870,10,0
2025-09-23 16:00:00,147.834,147.924,147.456,147.629,12938,10,0
2025-09-23 20:00:00,147.604,147.669,147.485,147.599,4030,10,0
2025-09-24 00:00:00,147.596,147.873,147.513,147.868,9670,10,0
2025-09-24 04:00:00,147.869,148.103,147.816,148.04,8767,10,0
2025-09-24 08:00:00,148.04,148.515,148.011,148.496,9705,10,0
2025-09-24 12:00:00,148.496,148.778,148.427,148.707,14437,10,0
2025-09-24 16:00:00,148.706,148.885,148.681,148.857,6816,10,0
2025-09-24 20:00:00,148.849,148.901,148.581,148.779,3803,10,0
2025-09-25 00:00:00,148.78,148.857,148.556,148.667,9220,10,0
2025-09-25 04:00:00,148.667,148.86,148.594,148.818,9232,10,0
2025-09-25 08:00:00,148.819,148.892,148.661,148.834,9085,10,0
2025-09-25 12:00:00,148.836,149.839,148.798,149.781,22215,10,0
2025-09-25 16:00:00,149.784,149.926,149.705,149.769,11077,10,0
2025-09-25 20:00:00,149.767,149.951,149.643,149.87,5264,10,0
2025-09-26 00:00:00,149.872,149.94,149.627,149.699,9734,10,0
2025-09-26 04:00:00,149.699,149.882,149.612,149.844,8751,10,0
2025-09-26 08:00:00,149.845,149.949,149.646,149.784,8790,10,0
2025-09-26 12:00:00,149.784,149.837,149.418,149.517,18867,10,0
2025-09-26 16:00:00,149.518,149.594,149.402,149.505,7689,10,0
2025-09-26 20:00:00,149.497,149.545,149.467,149.505,1076,10,0
2025-09-28 20:00:00,149.474,149.509,149.336,149.412,3317,10,0
2025-09-29 00:00:00,149.41,149.418,148.879,148.933,10230,10,0
2025-09-29 04:00:00,148.931,148.977,148.516,148.572,11461,10,0
2025-09-29 08:00:00,148.569,148.794,148.466,148.627,9683,10,0
2025-09-29 12:00:00,148.627,148.811,148.474,148.566,14549,10,0
2025-09-29 16:00:00,148.566,148.671,148.541,148.623,6319,10,0
2025-09-29 20:00:00,148.624,148.685,148.45,148.616,3828,10,0
2025-09-30 00:00:00,148.616,148.841,148.509,148.513,11363,10,0
2025-09-30 04:00:00,148.511,148.59,147.938,148.048,13075,10,0
2025-09-30 08:00:00,148.047,148.098,147.826,147.968,11406,10,0
2025-09-30 12:00:00,147.964,148.058,147.651,147.963,18558,10,0
2025-09-30 16:00:00,147.963,147.964,147.646,147.86,9802,10,0
2025-09-30 20:00:00,147.853,148.024,147.682,148.021,4375,10,0
2025-10-01 00:00:00,148.02,148.221,147.864,147.923,9946,10,0
2025-10-01 04:00:00,147.923,147.955,147.017,147.123,16772,10,0
2025-10-01 08:00:00,147.121,147.26,146.893,147.001,14858,10,0
2025-10-01 12:00:00,146.998,147.208,146.585,147.144,34103,10,0
2025-10-01 16:00:00,147.148,147.251,147.017,147.093,9795,10,0
2025-10-01 20:00:00,147.093,147.159,146.821,147.105,3266,10,0
2025-10-02 00:00:00,147.108,147.321,146.935,147.082,10172,10,0
2025-10-02 04:00:00,147.083,147.381,146.892,147.077,14524,10,0
2025-10-02 08:00:00,147.075,147.078,146.595,146.794,13227,10,0
2025-10-02 12:00:00,146.793,147.511,146.741,147.348,17983,10,0
2025-10-02 16:00:00,147.35,147.364,147.124,147.232,6840,10,0
2025-10-02 20:00:00,147.219,147.282,147.089,147.152,3539,10,0
2025-10-03 00:00:00,147.151,147.764,147.151,147.624,13078,10,0
2025-10-03 04:00:00,147.624,147.814,147.406,147.407,11471,10,0
2025-10-03 08:00:00,147.409,147.438,147.216,147.273,8869,10,0
2025-10-03 12:00:00,147.272,147.516,147.073,147.334,19088,10,0
2025-10-03 16:00:00,147.335,147.543,147.324,147.454,7150,10,0
2025-10-03 20:00:00,147.456,147.497,147.374,147.48,1121,10,0
2025-10-05 20:00:00,149.177,149.656,149.026,149.58,11437,10,0
2025-10-06 00:00:00,149.578,150.102,149.449,150.059,20228,10,0
2025-10-06 04:00:00,150.059,150.432,149.847,150.026,21834,10,0
2025-10-06 08:00:00,150.025,150.475,149.992,150.368,14561,10,0
2025-10-06 12:00:00,150.37,150.386,149.748,150.021,26552,10,0
2025-10-06 16:00:00,150.018,150.332,149.95,150.318,7048,10,0
2025-10-06 20:00:00,150.319,150.393,150.11,150.361,4984,10,0
2025-10-07 00:00:00,150.358,150.616,150.337,150.359,10612,10,0
2025-10-07 04:00:00,150.36,150.709,150.244,150.617,11075,10,0
2025-10-07 08:00:00,150.62,150.948,150.522,150.892,9064,10,0
2025-10-07 12:00:00,150.895,151.202,150.73,151.171,16621,10,0
2025-10-07 16:00:00,151.172,151.95,151.095,151.902,12278,10,0
2025-10-07 20:00:00,151.901,152.091,151.733,152.053,6552,10,0
2025-10-08 00:00:00,152.055,152.644,152.052,152.41,15916,10,0
2025-10-08 04:00:00,152.41,152.552,152.248,152.541,14907,10,0
2025-10-08 08:00:00,152.542,152.996,152.371,152.689,16495,10,0
2025-10-08 12:00:00,152.687,152.787,152.369,152.716,16899,10,0
2025-10-08 16:00:00,152.715,152.941,152.636,152.701,9459,10,0
2025-10-08 20:00:00,152.696,152.727,152.425,152.708,6204,10,0
2025-10-09 00:00:00,152.71,152.763,152.403,152.508,14328,10,0
2025-10-09 04:00:00,152.508,153.216,152.443,153.064,14167,10,0
2025-10-09 08:00:00,153.061,153.137,152.466,152.793,17672,10,0
2025-10-09 12:00:00,152.791,153.231,152.103,153.046,33783,10,0
2025-10-09 16:00:00,153.049,153.209,152.904,153.065,13140,10,0
2025-10-09 20:00:00,153.063,153.272,152.833,153.025,5698,10,0
2025-10-10 00:00:00,153.023,153.159,152.644,152.664,13003,10,0
2025-10-10 04:00:00,152.664,152.948,152.376,152.843,21521,10,0
2025-10-10 08:00:00,152.844,152.933,152.541,152.629,13032,10,0
2025-10-10 12:00:00,152.63,152.709,151.5,151.942,29565,10,0
2025-10-10 16:00:00,151.941,152.184,151.527,151.589,20056,10,0
2025-10-10 20:00:00,151.585,151.716,151.15,151.17,2235,10,0
2025-10-12 20:00:00,151.693,152.257,151.682,152.066,11902,10,0
2025-10-13 00:00:00,152.068,152.074,151.796,151.928,15255,10,0
2025-10-13 04:00:00,151.927,152.374,151.716,152.295,13884,10,0
2025-10-13 08:00:00,152.297,152.449,151.974,152.102,12706,10,0
2025-10-13 12:00:00,152.102,152.446,152.047,152.257,13632,10,0
2025-10-13 16:00:00,152.255,152.346,152.191,152.323,6252,10,0
2025-10-13 20:00:00,152.31,152.46,152.047,152.455,4963,10,0
2025-10-14 00:00:00,152.458,152.611,152.045,152.145,12901,10,0
2025-10-14 04:00:00,152.144,152.146,151.615,151.953,22957,10,0
2025-10-14 08:00:00,151.955,152.149,151.909,152.088,14544,10,0
2025-10-14 12:00:00,152.087,152.162,151.739,151.779,23748,10,0
2025-10-14 16:00:00,151.779,151.916,151.601,151.68,14495,10,0
2025-10-14 20:00:00,151.678,151.868,151.662,151.7,5236,10,0
2025-10-15 00:00:00,151.703,151.832,150.999,151.132,15300,10,0
2025-10-15 04:00:00,151.132,151.296,150.895,151.243,12208,10,0
2025-10-15 08:00:00,151.244,151.508,151.12,151.496,12885,10,0
2025-10-15 12:00:00,151.494,151.736,151.035,151.215,19826,10,0
2025-10-15 16:00:00,151.218,151.388,151.063,151.251,11889,10,0
2025-10-15 20:00:00,151.244,151.264,150.733,150.985,5992,10,0
2025-10-16 00:00:00,150.987,151.088,150.507,150.867,16612,10,0
2025-10-16 04:00:00,150.867,151.38,150.861,151.238,15433,10,0
2025-10-16 08:00:00,151.24,151.396,151.054,151.238,12439,10,0
2025-10-16 12:00:00,151.237,151.284,150.718,150.75,20981,10,0
2025-10-16 16:00:00,150.749,150.792,150.206,150.396,25618,10,0
2025-10-16 20:00:00,150.383,150.438,150.046,150.147,6760,10,0
2025-10-17 00:00:00,150.145,150.384,149.889,150.008,15791,10,0
2025-10-17 04:00:00,150.008,150.137,149.37,149.699,25640,10,0
2025-10-17 08:00:00,149.701,150.328,149.579,150.232,27144,10,0
2025-10-17 12:00:00,150.23,150.589,150.155,150.334,26685,10,0
2025-10-17 16:00:00,150.335,150.53,150.334,150.479,11915,10,0
2025-10-17 20:00:00,150.476,150.626,150.465,150.622,1520,10,0
2025-10-19 20:00:00,150.373,150.964,150.261,150.914,6979,10,0
2025-10-20 00:00:00,150.914,151.199,150.652,150.72,13664,10,0
2025-10-20 04:00:00,150.719,150.827,150.494,150.74,12754,10,0
2025-10-20 08:00:00,150.738,150.853,150.271,150.699,14554,10,0
2025-10-20 12:00:00,150.699,150.851,150.405,150.587,16398,10,0
2025-10-20 16:00:00,150.589,150.825,150.525,150.693,7343,10,0
2025-10-20 20:00:00,150.69,150.82,150.602,150.819,3990,10,0
2025-10-21 00:00:00,150.821,151.148,150.465,151.043,15208,10,0
2025-10-21 04:00:00,151.041,151.604,150.856,151.152,23271,10,0
2025-10-21 08:00:00,151.154,152.046,151.059,151.946,18768,10,0
2025-10-21 12:00:00,151.945,152.172,151.452,151.724,25294,10,0
2025-10-21 16:00:00,151.722,151.97,151.65,151.91,9477,10,0
2025-10-21 20:00:00,151.907,151.955,151.808,151.876,3298,10,0
2025-10-22 00:00:00,151.874,151.874,151.485,151.791,11921,10,0
2025-10-22 04:00:00,151.791,151.948,151.615,151.824,11468,10,0
2025-10-22 08:00:00,151.826,151.909,151.625,151.785,12994,10,0
2025-10-22 12:00:00,151.784,152.043,151.748,151.791,17937,10,0
2025-10-22 16:00:00,151.789,152.003,151.5,151.977,15319,10,0
2025-10-22 20:00:00,151.976,152.004,151.718,151.983,3983,10,0
2025-10-23 00:00:00,151.983,152.5,151.967,152.469,9601,10,0
2025-10-23 04:00:00,152.468,152.644,152.314,152.492,10244,10,0
2025-10-23 08:00:00,152.493,152.789,152.449,152.668,9252,10,0
2025-10-23 12:00:00,152.666,152.761,152.454,152.723,14604,10,0
2025-10-23 16:00:00,152.72,152.795,152.49,152.559,7124,10,0
2025-10-23 20:00:00,152.549,152.671,152.494,152.606,3560,10,0
2025-10-24 00:00:00,152.609,152.913,152.47,152.767,9638,10,0
2025-10-24 04:00:00,152.77,153.06,152.75,152.828,9929,10,0
2025-10-24 08:00:00,152.826,153.015,152.807,152.931,8329,10,0
2025-10-24 12:00:00,152.929,153.019,152.26,152.817,22891,10,0
2025-10-24 16:00:00,152.817,152.893,152.746,152.825,6060,10,0
2025-10-24 20:00:00,152.818,152.885,152.749,152.874,1281,10,0
2025-10-26 20:00:00,152.758,153.175,152.715,153.068,5696,10,0
2025-10-27 00:00:00,153.07,153.15,152.652,153.042,10486,10,0
2025-10-27 04:00:00,153.043,153.255,152.831,153.014,9877,10,0
2025-10-27 08:00:00,153.013,153.073,152.591,152.635,12054,10,0
2025-10-27 12:00:00,152.633,153.194,152.562,153.082,13323,10,0
2025-10-27 16:00:00,153.083,153.089,152.756,152.903,7012,10,0
2025-10-27 20:00:00,152.895,152.906,152.629,152.692,3382,10,0
2025-10-28 00:00:00,152.693,152.732,152.161,152.271,11739,10,0
2025-10-28 04:00:00,152.272,152.351,151.756,152.138,15925,10,0
2025-10-28 08:00:00,152.14,152.16,151.821,152.032,13822,10,0
2025-10-28 12:00:00,152.031,152.371,151.848,152.14,15505,10,0
2025-10-28 16:00:00,152.139,152.306,151.943,152.053,10352,10,0
2025-10-28 20:00:00,152.041,152.193,151.719,151.734,4512,10,0
2025-10-29 00:00:00,151.736,152.141,151.531,152.05,17511,10,0
2025-10-29 04:00:00,152.051,152.541,151.955,152.058,11287,10,0
2025-10-29 08:00:00,152.06,152.464,152.044,152.239,10477,10,0
2025-10-29 12:00:00,152.236,152.295,151.858,151.909,14118,10,0
2025-10-29 16:00:00,151.908,153.056,151.892,152.814,34269,10,0
2025-10-29 20:00:00,152.81,152.866,152.44,152.722,5942,10,0
2025-10-30 00:00:00,152.724,153.134,152.158,152.961,23216,10,0
2025-10-30 04:00:00,152.961,153.546,152.558,153.4,27484,10,0
2025-10-30 08:00:00,153.4,154.171,153.4,154.115,15103,10,0
2025-10-30 12:00:00,154.113,154.443,154.04,154.169,19946,10,0
2025-10-30 16:00:00,154.171,154.229,154.017,154.073,8951,10,0
2025-10-30 20:00:00,154.05,154.165,153.839,153.905,4581,10,0
2025-10-31 00:00:00,153.903,154.065,153.649,154.034,12199,10,0
2025-10-31 04:00:00,154.033,154.391,153.827,154.307,12138,10,0
2025-10-31 08:00:00,154.308,154.415,154.048,154.101,10733,10,0
2025-10-31 12:00:00,154.098,154.25,153.888,154.033,17627,10,0
2025-10-31 16:00:00,154.037,154.176,153.963,154.107,9078,10,0
2025-10-31 20:00:00,154.105,154.114,153.98,154.009,1301,10,0
2025-11-02 20:00:00,154.073,154.25,154.006,154.193,3537,10,0
2025-11-03 00:00:00,154.196,154.212,154.03,154.064,5647,10,0
2025-11-03 04:00:00,154.064,154.283,153.987,154.109,5999,10,0
2025-11-03 08:00:00,154.106,154.205,154.047,154.147,7704,10,0
2025-11-03 12:00:00,154.147,154.296,153.909,154.095,11253,10,0
2025-11-03 16:00:00,154.096,154.248,154.056,154.186,7615,10,0
2025-11-03 20:00:00,154.189,154.244,154.143,154.208,3210,10,0
2025-11-04 00:00:00,154.208,154.48,154.048,154.082,10624,10,0
2025-11-04 04:00:00,154.082,154.098,153.326,153.577,13280,10,0
2025-11-04 08:00:00,153.58,153.752,153.313,153.571,14150,10,0
2025-11-04 12:00:00,153.568,153.624,153.311,153.38,13971,10,0
2025-11-04 16:00:00,153.382,153.659,153.335,153.63,8453,10,0
2025-11-04 20:00:00,153.613,153.691,153.507,153.546,4040,10,0
2025-11-05 00:00:00,153.544,153.744,152.955,153.507,18893,10,0
2025-11-05 04:00:00,153.505,153.74,153.388,153.554,11160,10,0
2025-11-05 08:00:00,153.553,153.845,153.414,153.615,10758,10,0
2025-11-05 12:00:00,153.617,154.309,153.562,154.301,15110,10,0
2025-11-05 16:00:00,154.303,154.353,154.001,154.106,7802,10,0
2025-11-05 20:00:00,154.104,154.127,153.877,154.085,3556,10,0
2025-11-06 00:00:00,154.085,154.139,153.788,153.866,9193,10,0
2025-11-06 04:00:00,153.866,154.024,153.768,153.863,7129,10,0
2025-11-06 08:00:00,153.866,153.866,153.528,153.643,8598,10,0
2025-11-06 12:00:00,153.644,153.739,153.04,153.04,14381,10,0
2025-11-06 16:00:00,153.041,153.167,152.826,153.14,12783,10,0
2025-11-06 20:00:00,153.14,153.142,152.804,152.946,5092,10,0
2025-11-07 00:00:00,152.949,153.303,152.857,153.056,12977,10,0
2025-11-07 04:00:00,153.056,153.537,153.011,153.386,8564,10,0
2025-11-07 08:00:00,153.385,153.519,153.006,153.126,10956,10,0
2025-11-07 12:00:00,153.126,153.472,153.002,153.132,18718,10,0
2025-11-07 16:00:00,153.133,153.579,153.009,153.553,12350,10,0
2025-11-07 20:00:00,153.555,153.591,153.358,153.415,4638,10,0
2025-11-09 20:00:00,153.619,153.861,153.462,153.82,3386,10,0
2025-11-10 00:00:00,153.822,154.025,153.396,153.931,13776,10,0
2025-11-10 04:00:00,153.931,154.154,153.784,154.042,9322,10,0
2025-11-10 08:00:00,154.044,154.247,153.945,154.126,10224,10,0
2025-11-10 12:00:00,154.124,154.164,153.978,154.024,11126,10,0
2025-11-10 16:00:00,154.022,154.072,153.889,154.047,8844,10,0
2025-11-10 20:00:00,154.049,154.162,153.917,154.147,4518,10,0
2025-11-11 00:00:00,154.144,154.495,154.1,154.263,10056,10,0
2025-11-11 04:00:00,154.261,154.35,154.084,154.189,7599,10,0
2025-11-11 08:00:00,154.186,154.447,154.163,154.25,7756,10,0
2025-11-11 12:00:00,154.25,154.265,153.662,153.967,14873,10,0
2025-11-11 16:00:00,153.964,154.143,153.94,154.115,6713,10,0
2025-11-11 20:00:00,154.115,154.17,154.024,154.078,4091,10,0
2025-11-12 00:00:00,154.075,154.411,154.044,154.339,9286,10,0
2025-11-12 04:00:00,154.34,154.791,154.337,154.617,11610,10,0
2025-11-12 08:00:00,154.615,154.903,154.615,154.8,10646,10,0
2025-11-12 12:00:00,154.8,155.044,154.701,154.738,13490,10,0
2025-11-12 16:00:00,154.737,154.771,154.494,154.714,8612,10,0
2025-11-12 20:00:00,154.712,154.848,154.562,154.705,4238,10,0
2025-11-13 00:00:00,154.702,155.015,154.619,154.731,11044,10,0
2025-11-13 04:00:00,154.731,155.004,154.64,154.711,8415,10,0
2025-11-13 08:00:00,154.713,154.772,154.319,154.736,12363,10,0
2025-11-13 12:00:00,154.737,154.751,154.124,154.197,14915,10,0
2025-11-13 16:00:00,154.195,154.484,154.154,154.466,15121,10,0
2025-11-13 20:00:00,154.467,154.679,154.368,154.624,5571,10,0
2025-11-14 00:00:00,154.627,154.739,154.305,154.539,12024,10,0
2025-11-14 04:00:00,154.538,154.684,154.364,154.676,9831,10,0
2025-11-14 08:00:00,154.678,154.761,154.45,154.654,11897,10,0
2025-11-14 12:00:00,154.654,154.658,153.613,154.423,30981,10,0
2025-11-14 16:00:00,154.426,154.741,154.345,154.555,11761,10,0
2025-11-14 20:00:00,154.555,154.592,154.496,154.528,2664,10,0
2025-11-16 20:00:00,154.486,154.627,154.44,154.587,2170,10,0
2025-11-17 00:00:00,154.589,154.783,154.412,154.71,10560,10,0
2025-11-17 04:00:00,154.71,154.812,154.586,154.688,6593,10,0
2025-11-17 08:00:00,154.688,154.869,154.621,154.79,9084,10,0
2025-11-17 12:00:00,154.79,155.306,154.733,155.193,11665,10,0
2025-11-17 16:00:00,155.192,155.25,155.054,155.243,8694,10,0
2025-11-17 20:00:00,155.242,155.282,155.153,155.276,4806,10,0
2025-11-18 00:00:00,155.278,155.377,155.107,155.171,10696,10,0
2025-11-18 04:00:00,155.172,155.217,154.81,154.995,18046,10,0
2025-11-18 08:00:00,154.993,155.438,154.905,155.425,12547,10,0
2025-11-18 12:00:00,155.423,155.435,155.046,155.269,19821,10,0
2025-11-18 16:00:00,155.271,155.731,155.254,155.52,13937,10,0
2025-11-18 20:00:00,155.523,155.582,155.332,155.529,4617,10,0
2025-11-19 00:00:00,155.528,155.578,155.209,155.29,14120,10,0
2025-11-19 04:00:00,155.29,155.527,155.258,155.512,10343,10,0
2025-11-19 08:00:00,155.51,156.292,155.473,156.105,14814,10,0
2025-11-19 12:00:00,156.102,156.718,156.035,156.503,15847,10,0
2025-11-19 16:00:00,156.503,157.039,156.46,157.024,13712,10,0
2025-11-19 20:00:00,157.025,157.171,156.864,156.992,6327,10,0
2025-11-20 00:00:00,156.992,157.471,156.876,157.414,17437,10,0
2025-11-20 04:00:00,157.414,157.778,157.258,157.455,13142,10,0
2025-11-20 08:00:00,157.457,157.537,157.107,157.506,12817,10,0
2025-11-20 12:00:00,157.509,157.893,157.225,157.677,27924,10,0
2025-11-20 16:00:00,157.675,157.693,157.261,157.534,24952,10,0
2025-11-20 20:00:00,157.536,157.645,157.178,157.379,7952,10,0
2025-11-21 00:00:00,157.386,157.541,157.202,157.299,15302,10,0
2025-11-21 04:00:00,157.297,157.304,156.607,156.729,15483,10,0
2025-11-21 08:00:00,156.733,156.949,156.551,156.849,18963,10,0
2025-11-21 12:00:00,156.849,156.964,156.199,156.531,30826,10,0
2025-11-21 16:00:00,156.533,156.752,156.258,156.325,18707,10,0
2025-11-21 20:00:00,156.328,156.479,156.316,156.397,4187,10,0
2025-11-23 20:00:00,156.354,156.697,156.289,156.684,2664,10,0
2025-11-24 00:00:00,156.683,156.797,156.585,156.639,8140,10,0
2025-11-24 04:00:00,156.639,156.885,156.494,156.838,7246,10,0
2025-11-24 08:00:00,156.835,156.931,156.642,156.831,11514,10,0
2025-11-24 12:00:00,156.829,157.183,156.734,156.79,13625,10,0
2025-11-24 16:00:00,156.794,156.979,156.706,156.736,8806,10,0
2025-11-24 20:00:00,156.737,156.952,156.726,156.905,4441,10,0
2025-11-25 00:00:00,156.902,156.981,156.551,156.773,11080,10,0
2025-11-25 04:00:00,156.773,156.847,156.519,156.614,7718,10,0
2025-11-25 08:00:00,156.616,156.697,156.139,156.436,11530,10,0
2025-11-25 12:00:00,156.437,156.509,155.888,156.142,21427,10,0
2025-11-25 16:00:00,156.145,156.332,155.799,155.824,14630,10,0
2025-11-25 20:00:00,155.823,156.224,155.815,156.19,5151,10,0
2025-11-26 00:00:00,156.196,156.37,155.648,155.878,18790,10,0
2025-11-26 04:00:00,155.877,156.458,155.873,156.379,12058,10,0
2025-11-26 08:00:00,156.377,156.575,156.312,156.472,13101,10,0
2025-11-26 12:00:00,156.474,156.732,156.329,156.413,18033,10,0
2025-11-26 16:00:00,156.41,156.507,156.283,156.454,7903,10,0
2025-11-26 20:00:00,156.455,156.491,156.209,156.219,3994,10,0
2025-11-27 00:00:00,156.219,156.234,155.719,156.078,12757,10,0
2025-11-27 04:00:00,156.078,156.298,155.812,156.108,9681,10,0
2025-11-27 08:00:00,156.109,156.405,156.075,156.306,8411,10,0
2025-11-27 12:00:00,156.308,156.387,156.227,156.302,6533,10,0
2025-11-27 16:00:00,156.304,156.366,156.257,156.332,2663,10,0
2025-11-27 20:00:00,156.334,156.336,156.176,156.285,2217,10,0
2025-11-28 00:00:00,156.286,156.578,156.09,156.268,30425,10,0
2025-11-28 04:00:00,156.267,156.434,156.177,156.299,41440,10,0
2025-11-28 08:00:00,156.298,156.383,156.127,156.181,19639,10,0
2025-11-28 12:00:00,156.188,156.365,155.953,156.011,8732,29,0
2025-11-28 16:00:00,156.008,156.234,155.973,156.098,5822,59,0
2025-11-28 20:00:00,156.098,156.148,155.979,156.105,2197,59,0
2025-11-30 20:00:00,156.026,156.144,155.871,155.906,2572,10,0
2025-12-01 00:00:00,155.906,155.989,155.408,155.458,16977,10,0
2025-12-01 04:00:00,155.458,155.692,155.301,155.358,9352,10,0
2025-12-01 08:00:00,155.361,155.557,155.096,155.102,12450,10,0
2025-12-01 12:00:00,155.101,155.195,154.66,155.093,16558,10,0
2025-12-01 16:00:00,155.096,155.519,155.091,155.473,7872,10,0
2025-12-01 20:00:00,155.476,155.564,155.358,155.557,3352,10,0
2025-12-02 00:00:00,155.558,155.772,155.457,155.628,7889,10,0
2025-12-02 04:00:00,155.628,155.834,155.547,155.762,6435,10,0
2025-12-02 08:00:00,155.764,156.082,155.764,155.923,8517,10,0
2025-12-02 12:00:00,155.92,156.177,155.816,155.869,11323,10,0
2025-12-02 16:00:00,155.869,156.084,155.746,155.894,9114,10,0
2025-12-02 20:00:00,155.892,155.899,155.713,155.758,3679,10,0
2025-12-03 00:00:00,155.758,155.808,155.604,155.653,7076,10,0
2025-12-03 04:00:00,155.653,155.751,155.507,155.68,6287,10,0
2025-12-03 08:00:00,155.681,155.753,155.406,155.413,7965,10,0
2025-12-03 12:00:00,155.411,155.597,155.206,155.215,16077,10,0
2025-12-03 16:00:00,155.216,155.244,155.006,155.144,8586,10,0
2025-12-03 20:00:00,155.145,155.304,154.966,155.107,3755,10,0
2025-12-04 00:00:00,155.11,155.538,155.019,155.389,9292,10,0
2025-12-04 04:00:00,155.389,155.502,155.183,155.241,9874,10,0
2025-12-04 08:00:00,155.242,155.248,154.52,154.527,12985,10,0
2025-12-04 12:00:00,154.524,155.048,154.504,154.633,14647,10,0
2025-12-04 16:00:00,154.631,155.036,154.63,155.013,7687,10,0
2025-12-04 20:00:00,155.016,155.157,154.855,155.129,4066,10,0
2025-12-05 00:00:00,155.131,155.229,154.914,155.116,7836,10,0
2025-12-05 04:00:00,155.116,155.123,154.339,154.624,12581,10,0
2025-12-05 08:00:00,154.627,155.22,154.602,155.142,9442,10,0
2025-12-05 12:00:00,155.14,155.352,155.078,155.249,12560,10,0
2025-12-05 16:00:00,155.246,155.49,155.205,155.289,8003,10,0
2025-12-05 20:00:00,155.289,155.369,155.267,155.354,1921,10,0
2025-12-07 20:00:00,155.107,155.374,155.059,155.304,2156,10,0
2025-12-08 00:00:00,155.307,155.321,154.898,155.098,9249,10,0
2025-12-08 04:00:00,155.1,155.349,155.053,155.348,7193,10,0
2025-12-08 08:00:00,155.351,155.588,155.256,155.582,8644,10,0
2025-12-08 12:00:00,155.585,155.98,155.388,155.854,12661,10,0
2025-12-08 16:00:00,155.853,155.952,155.7,155.906,7639,10,0
2025-12-08 20:00:00,155.905,155.97,155.739,155.838,3438,10,0
2025-12-09 00:00:00,155.842,156.033,155.738,155.821,7698,10,0
2025-12-09 04:00:00,155.821,156.194,155.808,156.187,8827,10,0
2025-12-09 08:00:00,156.187,156.425,155.972,156.182,10717,10,0
2025-12-09 12:00:00,156.185,156.913,156.181,156.861,15447,10,0
2025-12-09 16:00:00,156.861,156.953,156.803,156.829,7475,10,0
2025-12-09 20:00:00,156.832,156.933,156.687,156.793,3699,10,0
2025-12-10 00:00:00,156.799,156.934,156.556,156.586,8707,10,0
2025-12-10 04:00:00,156.587,156.761,156.577,156.649,5486,10,0
2025-12-10 08:00:00,156.651,156.886,156.573,156.707,8393,10,0
2025-12-10 12:00:00,156.703,156.754,156.351,156.476,10163,10,0
2025-12-10 16:00:00,156.477,156.676,156.102,156.257,22412,10,0
2025-12-10 20:00:00,156.259,156.306,155.619,155.746,11087,10,0
2025-12-11 00:00:00,155.747,155.882,155.485,155.693,13521,10,0
2025-12-11 04:00:00,155.692,156.159,155.614,156.027,9683,10,0
2025-12-11 08:00:00,156.028,156.064,155.752,155.763,11321,10,0
2025-12-11 12:00:00,155.759,155.818,154.942,155.167,17164,10,0
2025-12-11 16:00:00,155.163,155.594,155.066,155.587,10287,10,0
2025-12-11 20:00:00,155.588,155.67,155.436,155.5,5313,10,0
2025-12-12 00:00:00,155.497,155.768,155.454,155.707,9989,10,0
2025-12-12 04:00:00,155.707,155.825,155.533,155.642,6954,10,0
2025-12-12 08:00:00,155.645,155.992,155.616,155.91,8932,10,0
2025-12-12 12:00:00,155.907,156.127,155.772,155.882,13974,10,0
2025-12-12 16:00:00,155.881,155.936,155.67,155.896,9782,10,0
2025-12-12 20:00:00,155.896,155.908,155.772,155.816,3262,10,0
2025-12-14 20:00:00,155.901,155.902,155.712,155.863,1881,10,0
2025-12-15 00:00:00,155.863,155.983,155.298,155.419,11026,10,0
2025-12-15 04:00:00,155.418,155.418,154.943,155.255,9919,10,0
2025-12-15 08:00:00,155.259,155.281,154.847,154.918,10535,10,0
2025-12-15 12:00:00,154.92,155.223,154.83,155.154,15094,10,0
2025-12-15 16:00:00,155.151,155.396,155.144,155.24,7404,10,0
2025-12-15 20:00:00,155.241,155.264,154.971,155.029,4004,10,0
2025-12-16 00:00:00,155.033,155.118,154.701,154.888,15374,10,0
2025-12-16 04:00:00,154.888,154.975,154.678,154.884,9260,10,0
2025-12-16 08:00:00,154.882,154.94,154.768,154.814,9826,10,0
2025-12-16 12:00:00,154.814,154.994,154.392,154.771,26113,10,0
2025-12-16 16:00:00,154.771,154.928,154.566,154.663,13026,10,0
2025-12-16 20:00:00,154.665,154.824,154.567,154.764,4849,10,0
2025-12-17 00:00:00,154.768,155.028,154.507,154.885,12968,10,0
2025-12-17 04:00:00,154.885,155.564,154.871,155.498,10915,10,0
2025-12-17 08:00:00,155.5,155.595,155.425,155.54,9468,10,0
2025-12-17 12:00:00,155.54,155.635,155.345,155.4,14621,10,0
2025-12-17 16:00:00,155.399,155.687,155.381,155.638,8914,10,0
2025-12-17 20:00:00,155.639,155.747,155.445,155.484,3718,10,0
2025-12-18 00:00:00,155.489,155.806,155.422,155.759,10690,10,0
2025-12-18 04:00:00,155.762,155.95,155.697,155.918,7680,10,0
2025-12-18 08:00:00,155.92,155.973,155.717,155.788,8427,10,0
2025-12-18 12:00:00,155.788,155.863,155.278,155.519,21090,10,0
2025-12-18 16:00:00,155.52,155.709,155.36,155.511,9234,10,0
2025-12-18 20:00:00,155.515,155.637,155.36,155.567,3856,10,0
2025-12-19 00:00:00,155.575,156.173,155.557,155.873,15233,10,0
2025-12-19 04:00:00,155.872,156.738,155.73,156.728,21595,10,0
2025-12-19 08:00:00,156.727,157.395,156.716,157.313,17729,10,0
2025-12-19 12:00:00,157.316,157.491,156.93,157.465,18705,10,0
2025-12-19 16:00:00,157.467,157.667,157.395,157.525,9316,10,0
2025-12-19 20:00:00,157.527,157.769,157.473,157.708,3264,10,0
2025-12-21 20:00:00,157.373,157.7,157.319,157.624,3214,10,0
2025-12-22 00:00:00,157.625,157.657,157.226,157.329,13494,10,0
2025-12-22 04:00:00,157.331,157.561,157.256,157.487,8575,10,0
2025-12-22 08:00:00,157.485,157.568,157.333,157.411,8902,10,0
2025-12-22 12:00:00,157.412,157.428,156.871,156.971,17636,10,0
2025-12-22 16:00:00,156.972,157.039,156.698,156.899,9327,10,0
2025-12-22 20:00:00,156.896,157.044,156.81,156.91,4614,10,0
2025-12-23 00:00:00,156.916,156.923,156.188,156.189,11971,10,0
2025-12-23 04:00:00,156.189,156.189,155.907,156.072,12964,10,0
2025-12-23 08:00:00,156.071,156.114,155.647,155.968,13433,10,0
2025-12-23 12:00:00,155.97,156.54,155.868,156.383,16762,10,0
2025-12-23 16:00:00,156.383,156.432,156.175,156.192,8079,10,0
2025-12-23 20:00:00,156.195,156.31,156.077,156.17,4568,10,0
2025-12-24 00:00:00,156.17,156.279,155.549,155.977,16408,10,0
2025-12-24 04:00:00,155.979,156.061,155.658,155.826,10768,10,0
2025-12-24 08:00:00,155.826,155.974,155.68,155.926,11346,10,0
2025-12-24 12:00:00,155.923,156.07,155.673,155.812,12185,10,0
2025-12-24 16:00:00,155.813,156.023,155.749,155.826,7169,10,0
2025-12-24 20:00:00,155.826,155.919,155.711,155.726,1094,107,0
2025-12-25 20:00:00,155.868,156.125,155.735,156.096,2843,10,0
2025-12-26 00:00:00,156.104,156.489,156.041,156.053,13458,10,0
2025-12-26 04:00:00,156.05,156.442,155.984,156.373,10170,10,0
2025-12-26 08:00:00,156.372,156.467,156.297,156.4,7738,10,0
2025-12-26 12:00:00,156.397,156.533,156.223,156.424,10989,10,0
2025-12-26 16:00:00,156.425,156.73,156.366,156.501,9090,10,0
2025-12-26 20:00:00,156.498,156.6,156.441,156.566,2917,10,0
2025-12-28 20:00:00,156.394,156.553,156.337,156.482,2790,10,0
2025-12-29 00:00:00,156.483,156.508,156.052,156.375,14302,10,0
2025-12-29 04:00:00,156.376,156.469,156.044,156.078,9717,10,0
2025-12-29 08:00:00,156.08,156.41,156.073,156.396,9800,10,0
2025-12-29 12:00:00,156.397,156.423,155.914,155.934,13716,10,0
2025-12-29 16:00:00,155.936,156.244,155.925,156.03,8221,10,0
2025-12-29 20:00:00,156.033,156.126,155.914,155.972,4641,10,0
2025-12-30 00:00:00,155.975,156.335,155.919,156.265,10898,10,0
2025-12-30 04:00:00,156.265,156.283,155.912,155.981,8998,10,0
2025-12-30 08:00:00,155.977,156.025,155.738,155.89,9665,10,0
2025-12-30 12:00:00,155.889,156.563,155.881,156.324,11602,10,0
2025-12-30 16:00:00,156.323,156.519,156.218,156.492,7747,10,0
2025-12-30 20:00:00,156.489,156.497,156.254,156.393,3378,10,0
2025-12-31 00:00:00,156.393,156.494,156.326,156.491,6457,10,0
2025-12-31 04:00:00,156.491,156.651,156.491,156.566,5294,10,0
2025-12-31 08:00:00,156.563,156.672,156.5,156.605,6168,10,0
2025-12-31 12:00:00,156.605,156.991,156.547,156.739,11674,10,0
2025-12-31 16:00:00,156.736,156.912,156.641,156.744,8664,10,0
2025-12-31 20:00:00,156.744,156.746,156.562,156.567,2389,10,0
2026-01-01 20:00:00,156.644,156.877,156.575,156.716,1678,10,0
2026-01-02 00:00:00,156.719,156.764,156.515,156.714,6319,10,0
2026-01-02 04:00:00,156.713,156.995,156.713,156.859,5752,10,0
2026-01-02 08:00:00,156.861,156.995,156.764,156.915,8246,10,0
2026-01-02 12:00:00,156.914,157.0,156.559,156.588,10818,10,0
2026-01-02 16:00:00,156.585,156.951,156.558,156.852,7541,10,0
2026-01-02 20:00:00,156.853,156.904,156.805,156.832,2408,10,0
2026-01-04 20:00:00,156.64,157.001,156.578,156.989,2656,10,0
2026-01-05 00:00:00,156.99,157.25,156.917,157.227,14201,10,0
2026-01-05 04:00:00,157.23,157.295,156.971,156.987,8812,10,0
2026-01-05 08:00:00,156.986,157.037,156.525,156.619,13372,10,0
2026-01-05 12:00:00,156.619,156.976,156.451,156.575,16694,10,0
2026-01-05 16:00:00,156.574,156.583,156.113,156.229,9903,10,0
2026-01-05 20:00:00,156.227,156.637,156.178,156.607,4346,10,0
2026-01-06 00:00:00,156.609,156.792,156.268,156.357,11914,10,0
2026-01-06 04:00:00,156.359,156.473,156.227,156.33,9229,10,0
2026-01-06 08:00:00,156.33,156.535,156.159,156.447,11521,10,0
2026-01-06 12:00:00,156.444,156.687,156.29,156.574,15505,10,0
2026-01-06 16:00:00,156.577,156.746,156.566,156.629,7388,10,0
2026-01-06 20:00:00,156.628,156.701,156.529,156.662,3645,10,0
2026-01-07 00:00:00,156.664,156.806,156.503,156.557,9831,10,0
2026-01-07 04:00:00,156.558,156.581,156.29,156.482,8297,10,0
2026-01-07 08:00:00,156.485,156.585,156.428,156.509,7623,10,0
2026-01-07 12:00:00,156.507,156.72,156.357,156.676,14401,10,0
2026-01-07 16:00:00,156.676,156.797,156.571,156.734,8216,10,0
2026-01-07 20:00:00,156.735,156.795,156.457,156.693,3393,10,0
2026-01-08 00:00:00,156.695,156.95,156.625,156.716,8317,10,0
2026-01-08 04:00:00,156.714,156.729,156.463,156.463,8507,10,0
2026-01-08 08:00:00,156.461,156.78,156.454,156.755,8235,10,0
2026-01-08 12:00:00,156.758,157.068,156.657,156.859,10873,10,0
2026-01-08 16:00:00,156.857,156.981,156.769,156.962,6594,10,0
2026-01-08 20:00:00,156.96,156.99,156.647,156.847,3795,10,0
2026-01-09 00:00:00,156.856,157.257,156.856,157.231,8710,10,0
2026-01-09 04:00:00,157.234,157.569,157.186,157.478,7845,10,0
2026-01-09 08:00:00,157.475,157.733,157.452,157.573,8262,10,0
2026-01-09 12:00:00,157.573,158.185,157.366,157.866,28282,10,0
2026-01-09 16:00:00,157.869,158.126,157.825,157.88,10270,10,0
2026-01-09 20:00:00,157.878,157.955,157.851,157.924,2168,10,0
2026-01-11 20:00:00,158.019,158.175,157.952,158.131,1961,10,0
2026-01-12 00:00:00,158.133,158.203,157.514,158.114,14697,10,0
2026-01-12 04:00:00,158.114,158.18,157.799,157.844,7340,10,0
2026-01-12 08:00:00,157.841,157.958,157.671,157.891,9936,10,0
2026-01-12 12:00:00,157.891,158.043,157.704,157.971,12224,10,0
2026-01-12 16:00:00,157.969,158.17,157.942,158.137,6785,10,0
2026-01-12 20:00:00,158.136,158.199,157.866,157.974,4774,10,0
2026-01-13 00:00:00,157.976,158.824,157.958,158.808,10736,10,0
2026-01-13 04:00:00,158.81,158.969,158.622,158.938,13222,10,0
2026-01-13 08:00:00,158.936,159.046,158.797,158.853,10439,10,0
2026-01-13 12:00:00,158.853,159.087,158.575,158.921,17507,10,0
2026-01-13 16:00:00,158.924,159.19,158.901,159.11,8588,10,0
2026-01-13 20:00:00,159.108,159.197,158.946,159.191,3543,10,0
2026-01-14 00:00:00,159.198,159.45,159.076,159.157,11049,10,0
2026-01-14 04:00:00,159.16,159.349,159.102,159.174,7746,10,0
2026-01-14 08:00:00,159.172,159.19,158.566,158.709,16867,10,0
2026-01-14 12:00:00,158.708,158.737,158.1,158.121,26396,10,0
2026-01-14 16:00:00,158.12,158.513,158.091,158.501,9240,10,0
2026-01-14 20:00:00,158.499,158.596,158.064,158.417,5507,10,0
2026-01-15 00:00:00,158.417,158.641,158.223,158.511,12140,10,0
2026-01-15 04:00:00,158.509,158.729,158.377,158.579,10081,10,0
2026-01-15 08:00:00,158.579,158.709,158.296,158.561,13411,10,0
2026-01-15 12:00:00,158.565,158.874,158.469,158.533,13594,10,0
2026-01-15 16:00:00,158.534,158.566,158.409,158.523,7824,10,0
2026-01-15 20:00:00,158.522,158.664,158.509,158.58,3615,10,0
2026-01-16 00:00:00,158.59,158.703,157.955,158.105,14893,10,0
2026-01-16 04:00:00,158.105,158.447,158.093,158.168,9996,10,0
2026-01-16 08:00:00,158.166,158.249,158.01,158.089,12496,10,0
2026-01-16 12:00:00,158.091,158.266,157.817,158.058,17048,10,0
2026-01-16 16:00:00,158.056,158.24,157.932,158.119,9255,10,0
2026-01-16 20:00:00,158.116,158.133,158.036,158.073,2234,10,0
2026-01-18 20:00:00,157.882,157.942,157.492,157.547,4560,10,0
2026-01-19 00:00:00,157.549,157.943,157.42,157.875,15203,10,0
2026-01-19 04:00:00,157.875,158.119,157.738,158.074,9530,10,0
2026-01-19 08:00:00,158.074,158.162,157.822,158.036,15175,10,0
2026-01-19 12:00:00,158.039,158.077,157.856,158.056,9187,10,0
2026-01-19 16:00:00,158.054,158.136,158.001,158.081,3956,10,0
2026-01-19 20:00:00,158.079,158.216,157.968,158.153,2032,10,0
2026-01-20 00:00:00,158.159,158.279,157.842,157.968,13502,10,0
2026-01-20 04:00:00,157.969,158.598,157.89,158.369,14043,10,0
2026-01-20 08:00:00,158.367,158.391,157.551,157.745,23124,10,0
2026-01-20 12:00:00,157.743,158.106,157.461,157.92,28915,10,0
2026-01-20 16:00:00,157.923,158.295,157.851,158.284,10259,10,0
2026-01-20 20:00:00,158.285,158.286,158.032,158.144,5149,10,0
2026-01-21 00:00:00,158.151,158.279,157.854,158.084,13148,10,0
2026-01-21 04:00:00,158.084,158.255,157.87,157.924,9884,10,0
2026-01-21 08:00:00,157.923,158.083,157.815,157.913,10287,10,0
2026-01-21 12:00:00,157.911,158.308,157.743,158.208,18868,10,0
2026-01-21 16:00:00,158.21,158.528,158.036,158.382,14147,10,0
2026-01-21 20:00:00,158.379,158.495,158.131,158.448,5546,10,0
2026-01-22 00:00:00,158.454,158.586,158.174,158.553,10814,10,0
2026-01-22 04:00:00,158.555,158.889,158.551,158.775,9661,10,0
2026-01-22 08:00:00,158.777,158.851,158.531,158.591,10913,10,0
2026-01-22 12:00:00,158.593,158.864,158.346,158.389,14567,10,0
2026-01-22 16:00:00,158.388,158.505,158.232,158.404,10181,10,0
2026-01-22 20:00:00,158.402,158.522,158.26,158.479,4152,10,0
2026-01-23 00:00:00,158.482,158.739,158.435,158.628,11471,10,0
2026-01-23 04:00:00,158.628,159.224,157.295,158.386,31116,10,0
2026-01-23 08:00:00,158.388,158.49,157.859,158.134,25372,10,0
2026-01-23 12:00:00,158.133,158.337,158.087,158.109,11356,10,0
2026-01-23 16:00:00,158.11,158.221,155.666,155.888,50636,10,0
2026-01-23 20:00:00,155.89,155.957,155.597,155.73,7429,10,0
2026-01-25 20:00:00,154.677,155.242,154.096,155.138,5930,10,0
2026-01-26 00:00:00,155.143,155.344,153.883,154.208,38774,10,0
2026-01-26 04:00:00,154.208,154.414,153.807,154.243,23353,10,0
2026-01-26 08:00:00,154.246,154.344,153.301,153.732,33790,10,0
2026-01-26 12:00:00,153.73,154.339,153.612,153.811,21929,10,0
2026-01-26 16:00:00,153.813,154.274,153.712,154.038,15654,10,0
2026-01-26 20:00:00,154.04,154.417,153.854,154.385,7810,10,0
2026-01-27 00:00:00,154.382,154.467,154.083,154.412,15205,10,0
2026-01-27 04:00:00,154.415,154.761,154.366,154.728,12260,10,0
2026-01-27 08:00:00,154.725,154.876,153.17,153.725,36992,10,0
2026-01-27 12:00:00,153.724,153.792,152.87,153.239,37846,10,0
2026-01-27 16:00:00,153.242,153.267,152.564,152.713,19803,10,0
2026-01-27 20:00:00,152.715,152.84,152.087,152.488,21176,10,0
2026-01-28 00:00:00,152.493,153.065,152.43,152.716,21628,10,0
2026-01-28 04:00:00,152.715,152.835,152.279,152.645,17429,10,0
2026-01-28 08:00:00,152.644,152.804,152.343,152.602,22551,10,0
2026-01-28 12:00:00,152.603,153.734,152.389,153.459,37452,10,0
2026-01-28 16:00:00,153.461,154.043,153.409,153.486,26331,10,0
2026-01-28 20:00:00,153.484,153.572,153.025,153.076,10543,10,0
2026-01-29 00:00:00,153.077,153.39,152.762,152.925,21947,10,0
2026-01-29 04:00:00,152.925,153.423,152.896,153.308,14538,10,0
2026-01-29 08:00:00,153.311,153.532,153.135,153.459,17213,10,0
2026-01-29 12:00:00,153.459,153.508,152.676,152.807,30033,10,0
2026-01-29 16:00:00,152.808,153.168,152.716,153.07,20294,10,0
2026-01-29 20:00:00,153.073,153.209,152.838,153.137,6767,10,0
2026-01-30 00:00:00,153.139,153.978,153.077,153.951,27213,10,0
2026-01-30 04:00:00,153.949,154.138,153.709,153.8,18774,10,0
2026-01-30 08:00:00,153.801,154.386,153.702,153.855,23050,10,0
2026-01-30 12:00:00,153.856,154.757,153.791,154.218,26630,10,0
2026-01-30 16:00:00,154.216,154.686,154.16,154.529,24941,10,0
2026-01-30 20:00:00,154.532,154.784,154.524,154.762,6588,10,0
2026-02-01 20:00:00,154.787,155.504,154.739,155.215,5321,10,0
2026-02-02 00:00:00,155.216,155.386,154.819,154.972,26784,10,0
2026-02-02 04:00:00,154.969,154.989,154.546,154.901,23242,10,0
2026-02-02 08:00:00,154.898,155.069,154.718,154.749,19167,10,0
2026-02-02 12:00:00,154.752,155.7,154.704,155.665,22017,10,0
2026-02-02 16:00:00,155.661,155.782,155.411,155.626,14317,10,0
2026-02-02 20:00:00,155.623,155.665,155.407,155.461,6078,10,0
2026-02-03 00:00:00,155.469,155.616,155.374,155.467,15115,10,0
2026-02-03 04:00:00,155.468,155.524,155.287,155.403,11033,10,0
2026-02-03 08:00:00,155.4,155.98,155.365,155.945,13288,10,0
2026-02-03 12:00:00,155.945,156.081,155.698,155.71,15498,10,0
2026-02-03 16:00:00,155.708,155.802,155.521,155.77,12654,10,0
2026-02-03 20:00:00,155.768,155.851,155.653,155.796,5339,10,0
2026-02-04 00:00:00,155.801,156.388,155.801,156.314,12310,10,0
2026-02-04 04:00:00,156.314,156.46,156.23,156.421,8346,10,0
2026-02-04 08:00:00,156.424,156.854,156.39,156.818,10663,10,0
2026-02-04 12:00:00,156.82,156.82,156.349,156.65,18576,10,0
2026-02-04 16:00:00,156.652,156.889,156.457,156.816,13186,10,0
2026-02-04 20:00:00,156.816,156.939,156.617,156.905,5175,10,0
2026-02-05 00:00:00,156.905,156.983,156.678,156.79,12934,10,0
2026-02-05 04:00:00,156.79,157.197,156.789,157.096,10445,10,0
2026-02-05 08:00:00,157.099,157.333,156.995,157.144,12038,10,0
2026-02-05 12:00:00,157.146,157.285,156.521,156.828,28584,10,0
2026-02-05 16:00:00,156.826,157.018,156.762,156.896,10911,10,0
2026-02-05 20:00:00,156.894,157.091,156.708,156.794,6065,10,0
2026-02-06 00:00:00,156.802,156.833,156.505,156.732,17119,10,0
2026-02-06 04:00:00,156.73,156.9,156.59,156.888,10285,10,0
2026-02-06 08:00:00,156.886,157.153,156.788,157.039,10159,10,0
2026-02-06 12:00:00,157.04,157.128,156.775,156.836,13373,10,0
2026-02-06 16:00:00,156.835,157.134,156.832,157.099,8201,10,0
2026-02-06 20:00:00,157.099,157.251,157.069,157.236,2971,10,0
2026-02-08 20:00:00,157.275,157.652,156.929,157.242,4801,10,0
2026-02-09 00:00:00,157.247,157.29,156.204,156.866,28633,10,0
2026-02-09 04:00:00,156.865,156.882,156.287,156.594,15857,10,0
2026-02-09 08:00:00,156.594,156.777,156.39,156.465,17491,10,0
2026-02-09 12:00:00,156.462,156.552,155.517,155.845,24733,10,0
2026-02-09 16:00:00,155.848,156.139,155.636,155.705,10080,10,0
2026-02-09 20:00:00,155.708,156.141,155.649,156.124,5330,10,0
2026-02-10 00:00:00,156.126,156.289,155.146,155.324,17748,10,0
2026-02-10 04:00:00,155.323,155.607,155.082,155.555,12645,10,0
2026-02-10 08:00:00,155.558,155.632,155.044,155.265,12803,10,0
2026-02-10 12:00:00,155.263,155.305,154.065,154.205,25474,10,0
2026-02-10 16:00:00,154.202,154.584,154.049,154.311,12185,10,0
2026-02-10 20:00:00,154.312,154.502,154.241,154.498,4103,10,0
2026-02-11 00:00:00,154.498,154.515,153.54,153.557,15229,10,0
2026-02-11 04:00:00,153.557,153.58,152.794,153.102,16259,10,0
2026-02-11 08:00:00,153.101,153.52,153.019,153.491,14740,10,0
2026-02-11 12:00:00,153.488,154.649,152.83,153.615,53344,10,0
2026-02-11 16:00:00,153.614,153.681,152.549,152.939,21280,10,0
2026-02-11 20:00:00,152.939,153.295,152.916,153.267,6515,10,0
2026-02-12 00:00:00,153.265,153.445,152.264,152.555,22333,10,0
2026-02-12 04:00:00,152.555,153.547,152.426,153.032,25422,10,0
2026-02-12 08:00:00,153.03,153.329,152.798,153.309,16417,10,0
2026-02-12 12:00:00,153.306,153.754,152.623,152.647,23266,10,0
2026-02-12 16:00:00,152.644,152.987,152.359,152.897,24907,10,0
2026-02-12 20:00:00,152.899,152.924,152.538,152.787,6191,10,0
2026-02-13 00:00:00,152.788,153.343,152.727,152.947,18354,10,0
2026-02-13 04:00:00,152.947,153.594,152.839,153.396,15057,10,0
2026-02-13 08:00:00,153.395,153.663,153.227,153.357,14731,10,0
2026-02-13 12:00:00,153.355,153.395,152.78,153.126,26807,10,0
2026-02-13 16:00:00,153.124,153.222,152.591,152.777,11860,10,0
2026-02-13 20:00:00,152.779,152.837,152.614,152.683,3464,10,0
2026-02-15 20:00:00,152.604,152.847,152.532,152.797,2195,10,0
2026-02-16 00:00:00,152.797,153.163,152.762,153.063,10938,10,0
2026-02-16 04:00:00,153.064,153.384,152.981,153.338,7325,10,0
2026-02-16 08:00:00,153.336,153.634,153.213,153.367,9834,10,0
2026-02-16 12:00:00,153.365,153.478,153.25,153.459,7350,10,0
2026-02-16 16:00:00,153.456,153.571,153.399,153.479,3876,10,0
2026-02-16 20:00:00,153.479,153.721,153.353,153.552,2838,10,0
2026-02-17 00:00:00,153.554,153.583,153.015,153.174,17782,10,0
2026-02-17 04:00:00,153.177,153.221,152.824,153.081,14277,10,0
2026-02-17 08:00:00,153.081,153.18,152.695,153.128,12211,10,0
2026-02-17 12:00:00,153.129,153.922,153.02,153.793,19123,10,0
2026-02-17 16:00:00,153.795,153.844,153.228,153.252,10764,10,0
2026-02-17 20:00:00,153.253,153.299,153.06,153.126,4762,10,0
2026-02-18 00:00:00,153.122,153.701,153.064,153.6,12142,10,0
2026-02-18 04:00:00,153.6,153.713,153.387,153.665,8352,10,0
2026-02-18 08:00:00,153.665,153.857,153.572,153.706,8867,10,0
2026-02-18 12:00:00,153.707,154.438,153.545,154.277,16712,10,0
2026-02-18 16:00:00,154.279,154.868,154.229,154.718,14754,10,0
2026-02-18 20:00:00,154.72,154.842,154.554,154.679,5051,10,0
2026-02-19 00:00:00,154.678,155.265,154.615,155.136,14110,10,0
2026-02-19 04:00:00,155.133,155.341,154.928,154.973,11389,10,0
2026-02-19 08:00:00,154.97,155.025,154.569,154.622,13059,10,0
2026-02-19 12:00:00,154.622,155.28,154.536,154.993,17677,10,0
2026-02-19 16:00:00,154.997,155.126,154.824,155.079,9896,10,0
2026-02-19 20:00:00,155.078,155.201,154.792,155.189,4809,10,0
2026-02-20 00:00:00,155.194,155.314,154.893,155.137,13622,10,0
2026-02-20 04:00:00,155.138,155.502,154.942,155.493,11465,10,0
2026-02-20 08:00:00,155.495,155.642,155.121,155.219,12686,10,0
2026-02-20 12:00:00,155.221,155.533,154.765,154.85,26395,10,0
2026-02-20 16:00:00,154.849,155.2,154.711,155.125,17114,10,0
2026-02-20 20:00:00,155.125,155.16,154.94,155.067,3309,10,0
2026-02-22 20:00:00,154.783,154.939,154.3,154.343,3315,10,0
2026-02-23 00:00:00,154.343,154.468,153.989,154.257,15959,10,0
2026-02-23 04:00:00,154.256,154.607,154.218,154.48,9823,10,0
2026-02-23 08:00:00,154.477,154.943,154.452,154.918,10755,10,0
2026-02-23 12:00:00,154.92,155.042,154.35,154.425,15725,10,0
2026-02-23 16:00:00,154.427,154.665,154.218,154.612,10299,10,0
2026-02-23 20:00:00,154.612,154.758,154.498,154.656,4631,10,0
2026-02-24 00:00:00,154.658,155.133,154.62,155.113,12960,10,0
2026-02-24 04:00:00,155.111,156.165,154.942,156.092,20160,10,0
2026-02-24 08:00:00,156.093,156.279,155.675,155.881,16518,10,0
2026-02-24 12:00:00,155.879,156.171,155.767,155.907,14990,10,0
2026-02-24 16:00:00,155.91,155.928,155.581,155.774,8766,10,0
2026-02-24 20:00:00,155.774,155.922,155.738,155.902,4207,10,0
2026-02-25 00:00:00,155.907,156.04,155.343,155.82,20361,10,0
2026-02-25 04:00:00,155.82,156.042,155.525,155.917,12313,10,0
2026-02-25 08:00:00,155.917,156.823,155.906,156.79,15796,10,0
2026-02-25 12:00:00,156.791,156.793,156.332,156.369,13677,10,0
2026-02-25 16:00:00,156.367,156.538,156.234,156.44,8336,10,0
2026-02-25 20:00:00,156.44,156.464,156.085,156.167,5132,10,0
2026-02-26 00:00:00,156.166,156.232,155.75,155.937,13355,10,0
2026-02-26 04:00:00,155.934,156.167,155.692,156.049,12574,10,0
2026-02-26 08:00:00,156.047,156.172,155.911,156.073,9252,10,0
2026-02-26 12:00:00,156.073,156.249,155.827,156.037,15724,10,0
2026-02-26 16:00:00,156.039,156.429,156.036,156.128,10813,10,0
2026-02-26 20:00:00,156.127,156.145,155.822,155.856,5107,10,0
2026-02-27 00:00:00,155.856,155.985,155.666,155.769,15115,10,0
2026-02-27 04:00:00,155.77,156.119,155.533,156.078,10899,10,0
2026-02-27 08:00:00,156.077,156.23,155.861,155.908,9895,10,0
2026-02-27 12:00:00,155.905,156.225,155.831,156.069,16457,10,0
2026-02-27 16:00:00,156.067,156.139,155.881,156.013,10180,10,0
2026-02-27 20:00:00,156.011,156.18,155.958,156.055,3051,10,0
2026-03-01 20:00:00,155.975,156.653,155.96,156.627,4819,10,0
2026-03-02 00:00:00,156.632,156.805,156.153,156.317,22672,10,0
2026-03-02 04:00:00,156.316,157.038,156.281,156.975,18147,10,0
2026-03-02 08:00:00,156.977,157.249,156.791,156.957,15845,10,0
2026-03-02 12:00:00,156.955,157.749,156.954,157.728,19861,10,0
2026-03-02 16:00:00,157.73,157.749,157.117,157.148,14127,10,0
2026-03-02 20:00:00,157.147,157.492,157.111,157.261,9254,10,0
2026-03-03 00:00:00,157.269,157.598,157.172,157.278,16396,10,0
2026-03-03 04:00:00,157.278,157.484,157.145,157.405,13965,10,0
2026-03-03 08:00:00,157.407,157.964,157.296,157.677,19906,10,0
2026-03-03 12:00:00,157.68,157.951,157.494,157.839,24195,10,0
2026-03-03 16:00:00,157.839,157.924,157.467,157.661,19309,10,0
2026-03-03 20:00:00,157.659,157.788,157.377,157.757,7385,10,0
2026-03-04 00:00:00,157.763,157.863,157.364,157.405,16145,10,0
2026-03-04 04:00:00,157.404,157.652,157.172,157.458,13355,10,0
2026-03-04 08:00:00,157.459,157.531,156.85,157.215,19315,10,0
2026-03-04 12:00:00,157.213,157.412,157.034,157.118,20494,10,0
2026-03-04 16:00:00,157.116,157.166,156.876,156.997,10677,10,0
2026-03-04 20:00:00,156.998,157.109,156.875,156.975,5000,10,0
2026-03-05 00:00:00,156.977,157.081,156.449,156.987,15322,10,0
2026-03-05 04:00:00,156.989,157.29,156.956,157.256,14447,10,0
2026-03-05 08:00:00,157.252,157.374,156.896,157.343,18190,10,0
2026-03-05 12:00:00,157.345,157.777,157.287,157.618,17483,10,0
2026-03-05 16:00:00,157.615,157.846,157.526,157.811,16120,10,0
2026-03-05 20:00:00,157.808,157.843,157.343,157.565,8756,10,0
2026-03-06 00:00:00,157.563,157.588,157.376,157.487,12118,10,0
2026-03-06 04:00:00,157.487,157.9,157.487,157.537,10501,10,0
2026-03-06 08:00:00,157.534,157.993,157.493,157.951,12141,10,0
2026-03-06 12:00:00,157.949,158.088,157.378,157.583,30254,10,0
2026-03-06 16:00:00,157.586,157.874,157.507,157.872,17027,10,0
2026-03-06 20:00:00,157.871,157.959,157.792,157.8,4531,10,0
2026-03-08 20:00:00,158.045,158.454,158.032,158.401,8633,10,0
2026-03-09 00:00:00,158.398,158.9,158.305,158.855,16465,10,0
2026-03-09 04:00:00,158.853,158.867,158.323,158.459,18964,10,0
2026-03-09 08:00:00,158.457,158.685,158.188,158.466,22080,10,0
2026-03-09 12:00:00,158.464,158.598,157.992,158.082,24778,10,0
2026-03-09 16:00:00,158.084,158.414,157.636,157.853,20013,10,0
2026-03-09 20:00:00,157.808,157.954,157.57,157.874,7906,10,0
2026-03-10 00:00:00,157.877,157.95,157.527,157.884,16737,10,0
2026-03-10 04:00:00,157.883,157.929,157.269,157.297,11539,10,0
2026-03-10 08:00:00,157.3,157.893,157.295,157.793,16505,10,0
2026-03-10 12:00:00,157.793,157.975,157.546,157.596,18202,10,0
2026-03-10 16:00:00,157.597,158.134,157.395,158.029,19855,10,0
2026-03-10 20:00:00,158.027,158.186,157.965,158.102,4475,10,0
2026-03-11 00:00:00,158.106,158.387,157.915,158.192,11529,10,0
2026-03-11 04:00:00,158.194,158.273,157.859,158.22,9944,10,0
2026-03-11 08:00:00,158.223,158.501,158.193,158.5,11808,10,0
2026-03-11 12:00:00,158.497,158.848,158.301,158.826,19555,10,0
2026-03-11 16:00:00,158.828,158.976,158.766,158.945,9432,10,0
2026-03-11 20:00:00,158.939,159.128,158.645,159.083,5213,10,0
2026-03-12 00:00:00,159.085,159.237,158.784,159.022,10674,10,0
2026-03-12 04:00:00,159.022,159.154,158.779,158.801,9465,10,0
2026-03-12 08:00:00,158.797,158.941,158.565,158.691,10916,10,0
2026-03-12 12:00:00,158.69,159.287,158.675,159.208,17223,10,0
2026-03-12 16:00:00,159.206,159.426,159.111,159.369,12052,10,0
2026-03-12 20:00:00,159.366,159.421,159.148,159.241,5270,10,0
2026-03-13 00:00:00,159.237,159.415,159.005,159.352,12252,10,0
2026-03-13 04:00:00,159.355,159.684,159.313,159.435,12366,10,0
2026-03-13 08:00:00,159.434,159.528,159.246,159.284,13095,10,0
2026-03-13 12:00:00,159.283,159.595,159.0,159.536,17622,10,0
2026-03-13 16:00:00,159.537,159.69,159.505,159.672,10085,10,0
2026-03-13 20:00:00,159.671,159.741,159.64,159.726,1344,10,0
2026-03-15 20:00:00,159.551,159.739,159.393,159.558,5163,10,0
2026-03-16 00:00:00,159.558,159.639,159.248,159.497,10658,10,0
2026-03-16 04:00:00,159.497,159.618,159.167,159.287,9291,10,0
2026-03-16 08:00:00,159.284,159.381,159.093,159.124,9620,10,0
2026-03-16 12:00:00,159.123,159.324,158.847,159.287,13331,10,0
2026-03-16 16:00:00,159.286,159.354,158.909,159.148,12172,10,0
2026-03-16 20:00:00,159.146,159.214,158.957,159.132,4094,10,0
2026-03-17 00:00:00,159.133,159.449,159.116,159.347,8472,10,0
2026-03-17 04:00:00,159.345,159.494,159.165,159.23,7595,10,0
2026-03-17 08:00:00,159.227,159.235,158.959,159.098,9329,10,0
2026-03-17 12:00:00,159.1,159.151,158.718,159.026,13755,10,0
2026-03-17 16:00:00,159.025,159.113,158.873,159.036,8772,10,0
2026-03-17 20:00:00,159.033,159.043,158.77,158.911,3686,10,0
2026-03-18 00:00:00,158.908,159.137,158.803,158.927,9331,10,0
2026-03-18 04:00:00,158.927,158.93,158.566,158.756,8563,10,0
2026-03-18 08:00:00,158.758,159.109,158.758,158.973,8606,10,0
2026-03-18 12:00:00,158.971,159.584,158.955,159.48,16779,10,0
2026-03-18 16:00:00,159.479,159.836,159.258,159.817,14153,10,0
2026-03-18 20:00:00,159.82,159.89,159.569,159.811,5623,10,0
2026-03-19 00:00:00,159.811,159.847,159.54,159.627,10225,10,0
2026-03-19 04:00:00,159.627,159.801,159.194,159.235,14189,10,0
2026-03-19 08:00:00,159.233,159.386,159.031,159.059,17799,10,0
2026-03-19 12:00:00,159.059,159.292,158.058,158.186,31771,10,0
2026-03-19 16:00:00,158.187,158.219,157.505,157.643,21670,10,0
2026-03-19 20:00:00,157.617,157.988,157.521,157.928,5260,10,0
2026-03-20 00:00:00,157.93,158.398,157.741,158.387,9911,10,0
2026-03-20 04:00:00,158.386,158.45,158.276,158.29,7379,10,0
2026-03-20 08:00:00,158.287,158.896,158.253,158.575,12304,10,0
2026-03-20 12:00:00,158.576,159.258,158.515,159.252,18765,10,0
2026-03-20 16:00:00,159.253,159.385,159.14,159.296,13928,10,0
2026-03-20 20:00:00,159.289,159.315,159.211,159.227,1542,10,0
2026-03-22 20:00:00,159.274,159.467,159.018,159.143,5847,10,0
2026-03-23 00:00:00,159.142,159.616,159.011,159.453,13315,10,0
2026-03-23 04:00:00,159.453,159.655,159.343,159.584,12350,10,0
2026-03-23 08:00:00,159.582,159.648,158.249,158.924,47859,10,0
2026-03-23 12:00:00,158.927,159.038,158.193,158.697,45224,10,0
2026-03-23 16:00:00,158.698,158.843,158.014,158.414,20646,10,0
2026-03-23 20:00:00,158.412,158.508,158.169,158.484,4813,10,0
2026-03-24 00:00:00,158.481,158.74,158.432,158.728,14770,10,0
2026-03-24 04:00:00,158.726,158.793,158.401,158.491,12039,10,0
2026-03-24 08:00:00,158.493,158.796,158.427,158.762,13872,10,0
2026-03-24 12:00:00,158.764,158.949,158.553,158.898,20659,10,0
2026-03-24 16:00:00,158.897,159.188,158.795,158.983,16501,10,0
2026-03-24 20:00:00,158.975,159.025,158.357,158.705,6987,10,0
2026-03-25 00:00:00,158.702,158.834,158.568,158.799,12025,10,0
2026-03-25 04:00:00,158.799,159.144,158.788,159.133,8008,10,0
2026-03-25 08:00:00,159.133,159.199,158.723,158.845,13282,10,0
2026-03-25 12:00:00,158.843,159.246,158.758,159.202,17515,10,0
2026-03-25 16:00:00,159.201,159.496,159.119,159.455,11604,10,0
2026-03-25 20:00:00,159.449,159.489,159.206,159.384,3728,10,0
2026-03-26 00:00:00,159.387,159.536,159.328,159.447,8490,10,0
2026-03-26 04:00:00,159.447,159.502,159.28,159.493,7456,10,0
2026-03-26 08:00:00,159.493,159.668,159.419,159.651,7939,10,0
2026-03-26 12:00:00,159.654,159.695,159.42,159.65,14142,10,0
2026-03-26 16:00:00,159.651,159.83,159.612,159.824,7771,10,0
2026-03-26 20:00:00,159.823,159.839,159.357,159.719,5929,10,0
2026-03-27 00:00:00,159.721,159.762,159.452,159.61,8430,10,0
2026-03-27 04:00:00,159.611,159.976,159.55,159.942,7157,10,0
2026-03-27 08:00:00,159.943,159.95,159.748,159.854,9454,10,0
2026-03-27 12:00:00,159.854,160.174,159.696,160.164,14028,10,0
2026-03-27 16:00:00,160.161,160.41,160.066,160.145,13002,10,0
2026-03-27 20:00:00,160.145,160.323,160.084,160.269,1314,10,0
2026-03-29 20:00:00,160.186,160.457,159.973,160.234,4786,10,0
2026-03-30 00:00:00,160.231,160.251,159.732,159.785,10981,10,0
2026-03-30 04:00:00,159.785,159.854,159.566,159.775,9757,10,0
2026-03-30 08:00:00,159.771,159.807,159.403,159.514,11219,10,0
2026-03-30 12:00:00,159.513,159.636,159.321,159.479,12581,10,0
2026-03-30 16:00:00,159.481,159.709,159.407,159.691,7453,10,0
2026-03-30 20:00:00,159.689,159.863,159.527,159.84,4913,10,0
2026-03-31 00:00:00,159.84,159.969,159.587,159.72,12599,10,0
2026-03-31 04:00:00,159.72,159.786,159.48,159.642,8351,10,0
2026-03-31 08:00:00,159.639,159.769,159.36,159.415,9886,10,0
2026-03-31 12:00:00,159.412,159.56,158.896,159.076,19617,10,0
2026-03-31 16:00:00,159.079,159.201,158.682,158.709,18519,10,0
2026-03-31 20:00:00,158.707,158.815,158.558,158.586,5855,10,0
2026-04-01 00:00:00,158.586,159.009,158.448,158.855,11076,10,0
2026-04-01 04:00:00,158.857,158.932,158.265,158.775,14059,10,0
2026-04-01 08:00:00,158.777,158.868,158.343,158.345,13240,10,0
2026-04-01 12:00:00,158.342,158.755,158.297,158.627,20435,10,0
2026-04-01 16:00:00,158.629,158.941,158.446,158.89,10317,10,0
2026-04-01 20:00:00,158.886,158.9,158.434,158.71,4991,10,0
2026-04-02 00:00:00,158.713,159.476,158.579,159.364,18941,10,0
2026-04-02 04:00:00,159.362,159.713,159.299,159.572,11103,10,0
2026-04-02 08:00:00,159.572,159.741,159.543,159.7,7776,10,0
2026-04-02 12:00:00,159.7,159.703,159.227,159.338,17295,10,0
2026-04-02 16:00:00,159.339,159.724,159.308,159.659,9195,10,0
2026-04-02 20:00:00,159.659,159.67,159.427,159.441,2170,10,0
2026-04-03 00:00:00,159.444,159.665,159.379,159.522,3611,107,0
2026-04-03 04:00:00,159.523,159.629,159.471,159.52,2798,107,0
2026-04-03 08:00:00,159.52,159.574,159.463,159.494,2690,142,0
2026-04-03 12:00:00,159.494,159.844,159.448,159.637,5569,10,0
2026-04-03 16:00:00,159.635,159.66,159.618,159.63,1571,10,0
2026-04-03 20:00:00,159.63,159.656,159.468,159.626,1592,20,0
2026-04-05 20:00:00,159.599,159.829,159.356,159.774,4998,10,0
2026-04-06 00:00:00,159.776,159.801,159.523,159.621,8343,10,0
2026-04-06 04:00:00,159.621,159.707,159.341,159.384,6633,10,0
2026-04-06 08:00:00,159.383,159.585,159.3,159.553,7480,10,0
2026-04-06 12:00:00,159.553,159.799,159.363,159.705,10879,10,0
2026-04-06 16:00:00,159.706,159.796,159.59,159.686,7242,10,0
2026-04-06 20:00:00,159.674,159.721,159.49,159.689,3058,10,0
2026-04-07 00:00:00,159.689,159.929,159.672,159.828,5971,10,0
2026-04-07 04:00:00,159.828,159.876,159.72,159.858,5814,10,0
2026-04-07 08:00:00,159.86,159.861,159.464,159.826,12505,10,0
2026-04-07 12:00:00,159.824,160.025,159.708,159.893,12454,10,0
2026-04-07 16:00:00,159.893,159.951,159.541,159.58,12832,10,0
2026-04-07 20:00:00,159.569,159.678,158.595,158.717,15432,10,0
2026-04-08 00:00:00,158.715,158.786,158.29,158.445,19089,10,0
2026-04-08 04:00:00,158.442,158.459,158.046,158.213,13154,10,0
2026-04-08 08:00:00,158.217,158.531,158.122,158.252,10596,10,0
2026-04-08 12:00:00,158.252,158.462,157.883,158.384,20741,10,0
2026-04-08 16:00:00,158.384,158.795,158.351,158.536,11759,10,0
2026-04-08 20:00:00,158.526,158.677,158.305,158.649,3688,10,0
2026-04-09 00:00:00,158.65,158.948,158.615,158.751,8062,10,0
2026-04-09 04:00:00,158.751,158.972,158.64,158.967,7628,10,0
2026-04-09 08:00:00,158.964,159.108,158.834,158.89,7439,10,0
2026-04-09 12:00:00,158.89,159.292,158.852,158.87,14856,10,0
2026-04-09 16:00:00,158.867,159.092,158.628,159.088,10928,10,0
2026-04-09 20:00:00,159.075,159.123,158.912,159.087,2993,10,0
2026-04-10 00:00:00,159.089,159.24,159.019,159.138,7080,10,0
2026-04-10 04:00:00,159.137,159.37,159.121,159.336,6447,10,0
2026-04-10 08:00:00,159.337,159.352,159.157,159.176,7143,10,0
2026-04-10 12:00:00,159.173,159.242,158.902,159.224,12549,10,0
2026-04-10 16:00:00,159.227,159.347,159.213,159.299,6969,10,0
2026-04-10 20:00:00,159.293,159.314,159.251,159.296,664,10,0
2026-04-12 20:00:00,159.515,159.851,159.462,159.674,4625,10,0
2026-04-13 00:00:00,159.677,159.844,159.651,159.678,7521,10,0
2026-04-13 04:00:00,159.677,159.772,159.557,159.601,6301,10,0
2026-04-13 08:00:00,159.604,159.848,159.564,159.84,6024,10,0
2026-04-13 12:00:00,159.84,159.863,159.503,159.737,12463,10,0
2026-04-13 16:00:00,159.74,159.783,159.288,159.379,10597,10,0
2026-04-13 20:00:00,159.368,159.452,159.201,159.216,3863,10,0
2026-04-14 00:00:00,159.216,159.332,159.071,159.089,7491,10,0
2026-04-14 04:00:00,159.088,159.28,158.945,159.064,8059,10,0
2026-04-14 08:00:00,159.067,159.165,158.698,158.771,9886,10,0
2026-04-14 12:00:00,158.77,158.918,158.598,158.913,13403,10,0
2026-04-14 16:00:00,158.911,158.933,158.68,158.863,6138,10,0
2026-04-14 20:00:00,158.855,158.882,158.741,158.797,3982,10,0
2026-04-15 00:00:00,158.8,159.061,158.734,158.981,8555,10,0
2026-04-15 04:00:00,158.98,159.024,158.859,158.925,6491,10,0
2026-04-15 08:00:00,158.928,159.093,158.641,159.022,11225,10,0
2026-04-15 12:00:00,159.023,159.148,158.86,159.021,11220,10,0
2026-04-15 16:00:00,159.023,159.121,158.748,158.972,9046,10,0
2026-04-15 20:00:00,158.965,158.995,158.759,158.814,3635,10,0
2026-04-16 00:00:00,158.814,158.847,158.259,158.665,10346,10,0
2026-04-16 04:00:00,158.665,158.948,158.649,158.862,8810,10,0
2026-04-16 08:00:00,158.858,159.128,158.847,158.957,8020,10,0
2026-04-16 12:00:00,158.956,159.305,158.928,159.07,12951,10,0
2026-04-16 16:00:00,159.07,159.288,159.02,159.163,8072,10,0
2026-04-16 20:00:00,159.143,159.224,158.998,159.201,2769,10,0
2026-04-17 00:00:00,159.203,159.461,159.175,159.386,6254,10,0
2026-04-17 04:00:00,159.386,159.53,159.272,159.276,6885,10,0
2026-04-17 08:00:00,159.274,159.301,159.002,159.171,7595,10,0
2026-04-17 12:00:00,159.168,159.174,157.585,158.097,35369,10,0
2026-04-17 16:00:00,158.099,158.583,157.958,158.557,13133,10,0
2026-04-17 20:00:00,158.553,158.629,158.529,158.606,1121,10,0
2026-04-19 20:00:00,158.721,159.193,158.71,159.155,4865,10,0
2026-04-20 00:00:00,159.152,159.199,158.79,158.878,9540,10,0
2026-04-20 04:00:00,158.878,159.047,158.723,158.962,9985,10,0
2026-04-20 08:00:00,158.965,159.073,158.754,158.834,10072,10,0
2026-04-20 12:00:00,158.836,158.972,158.546,158.669,16272,10,0
2026-04-20 16:00:00,158.666,158.919,158.603,158.837,8579,10,0
2026-04-20 20:00:00,158.833,158.899,158.679,158.849,4595,10,0
2026-04-21 00:00:00,158.849,158.993,158.831,158.981,5942,10,0
2026-04-21 04:00:00,158.981,159.016,158.789,159.016,6421,10,0
2026-04-21 08:00:00,159.017,159.252,159.016,159.046,7991,10,0
2026-04-21 12:00:00,159.043,159.437,159.011,159.391,13015,10,0
2026-04-21 16:00:00,159.389,159.635,159.165,159.603,15315,10,0
2026-04-21 20:00:00,159.598,159.634,159.245,159.375,5108,10,0
2026-04-22 00:00:00,159.373,159.398,159.17,159.391,8015,10,0
2026-04-22 04:00:00,159.391,159.391,159.102,159.217,7942,10,0
2026-04-22 08:00:00,159.215,159.369,159.188,159.246,8178,10,0
2026-04-22 12:00:00,159.248,159.509,159.109,159.491,13173,10,0
2026-04-22 16:00:00,159.491,159.55,159.41,159.537,6406,10,0
2026-04-22 20:00:00,159.539,159.567,159.255,159.485,2915,10,0
2026-04-23 00:00:00,159.485,159.687,159.292,159.54,11853,10,0
2026-04-23 04:00:00,159.54,159.696,159.512,159.598,6720,10,0
2026-04-23 08:00:00,159.595,159.777,159.497,159.548,8759,10,0
2026-04-23 12:00:00,159.55,159.621,159.311,159.438,14134,10,0
2026-04-23 16:00:00,159.44,159.844,159.421,159.694,16150,10,0
2026-04-23 20:00:00,159.688,159.783,159.462,159.752,3418,10,0
2026-04-24 00:00:00,159.751,159.839,159.674,159.786,6625,10,0
2026-04-24 04:00:00,159.786,159.811,159.599,159.667,6661,10,0
2026-04-24 08:00:00,159.669,159.769,159.33,159.423,10710,10,0
2026-04-24 12:00:00,159.421,159.647,159.327,159.353,16228,10,0
2026-04-24 16:00:00,159.351,159.462,159.302,159.413,8442,10,0
2026-04-24 20:00:00,159.408,159.418,159.327,159.362,767,10,0
2026-04-26 20:00:00,159.355,159.593,159.355,159.58,2909,10,0
2026-04-27 00:00:00,159.578,159.579,159.188,159.224,8405,10,0
2026-04-27 04:00:00,159.222,159.478,159.145,159.223,7470,10,0
2026-04-27 08:00:00,159.224,159.271,159.09,159.191,6804,10,0
2026-04-27 12:00:00,159.188,159.311,159.101,159.29,10835,10,0
2026-04-27 16:00:00,159.289,159.457,159.273,159.418,6044,10,0
2026-04-27 20:00:00,159.411,159.455,159.305,159.363,2384,10,0
2026-04-28 00:00:00,159.364,159.565,158.981,159.073,9878,10,0
2026-04-28 04:00:00,159.073,159.543,158.957,159.531,11062,10,0
2026-04-28 08:00:00,159.529,159.787,159.413,159.752,10103,10,0
2026-04-28 12:00:00,159.749,159.779,159.411,159.539,15492,10,0
2026-04-28 16:00:00,159.539,159.683,159.503,159.653,6598,10,0
2026-04-28 20:00:00,159.651,159.66,159.437,159.554,2387,10,0
2026-04-29 00:00:00,159.551,159.66,159.514,159.614,5846,10,0
2026-04-29 04:00:00,159.613,159.736,159.6,159.666,5107,10,0
2026-04-29 08:00:00,159.669,159.85,159.633,159.841,6400,10,0
2026-04-29 12:00:00,159.843,160.323,159.811,160.23,12160,10,0
2026-04-29 16:00:00,160.23,160.438,160.163,160.376,14888,10,0
2026-04-29 20:00:00,160.37,160.442,160.147,160.198,4909,10,0
2026-04-30 00:00:00,160.196,160.422,160.068,160.418,10101,10,0
2026-04-30 04:00:00,160.42,160.723,159.783,160.132,11678,10,0
2026-04-30 08:00:00,160.134,160.176,155.549,156.372,100985,10,0
2026-04-30 12:00:00,156.369,157.108,156.198,156.659,39469,10,0
2026-04-30 16:00:00,156.658,156.738,156.301,156.56,14129,10,0
2026-04-30 20:00:00,156.537,157.019,156.404,156.988,5619,10,0
2026-05-01 00:00:00,156.986,157.325,156.96,157.182,16327,10,0
2026-05-01 04:00:00,157.182,157.295,155.486,156.619,33584,10,0
2026-05-01 08:00:00,156.619,156.76,156.259,156.576,14946,10,0
2026-05-01 12:00:00,156.576,156.894,156.329,156.755,22965,10,0
2026-05-01 16:00:00,156.755,157.117,156.666,157.057,11543,10,0
2026-05-01 20:00:00,157.054,157.078,156.944,157.054,1480,10,0
2026-05-03 20:00:00,156.701,156.914,156.532,156.895,3362,10,0
2026-05-04 00:00:00,156.898,157.245,155.69,156.201,27630,10,0
2026-05-04 04:00:00,156.201,156.981,156.134,156.891,18928,10,0
2026-05-04 08:00:00,156.892,157.202,156.88,157.171,13283,10,0
2026-05-04 12:00:00,157.171,157.3,156.922,157.196,16817,10,0
2026-05-04 16:00:00,157.198,157.301,156.527,157.092,15401,10,0
2026-05-04 20:00:00,157.088,157.267,157.068,157.21,3227,10,0
2026-05-05 00:00:00,157.213,157.267,157.163,157.263,5627,10,0
2026-05-05 04:00:00,157.262,157.299,157.076,157.232,7643,10,0
2026-05-05 08:00:00,157.232,157.89,157.105,157.739,16131,10,0
2026-05-05 12:00:00,157.742,157.835,157.603,157.678,14158,10,0
2026-05-05 16:00:00,157.678,157.915,157.649,157.877,5430,10,0
2026-05-05 20:00:00,157.872,157.924,157.537,157.673,5180,10,0
2026-05-06 00:00:00,157.674,157.89,157.547,157.774,10343,10,0
2026-05-06 04:00:00,157.772,157.825,155.025,155.821,65133,10,0
2026-05-06 08:00:00,155.823,156.287,155.61,156.083,29445,10,0
2026-05-06 12:00:00,156.083,156.455,156.043,156.434,18874,10,0
2026-05-06 16:00:00,156.436,156.51,156.345,156.414,9436,10,0
2026-05-06 20:00:00,156.415,156.523,156.07,156.517,4386,10,0
2026-05-07 00:00:00,156.519,156.523,156.017,156.413,13559,10,0
2026-05-07 04:00:00,156.413,156.419,156.017,156.257,11431,10,0
2026-05-07 08:00:00,156.256,156.47,156.18,156.399,8757,10,0
2026-05-07 12:00:00,156.396,156.512,156.163,156.479,12044,10,0
2026-05-07 16:00:00,156.477,156.872,156.466,156.871,13082,10,0
2026-05-07 20:00:00,156.852,156.941,156.627,156.845,4461,10,0
2026-05-08 00:00:00,156.847,156.987,156.765,156.834,8095,10,0
2026-05-08 04:00:00,156.835,156.899,156.71,156.828,7348,10,0
2026-05-08 08:00:00,156.828,156.856,156.626,156.746,6922,10,0
2026-05-08 12:00:00,156.746,156.824,156.429,156.638,14321,10,0
2026-05-08 16:00:00,156.64,156.773,156.589,156.728,6001,10,0
2026-05-08 20:00:00,156.726,156.754,156.647,156.676,1028,10,0
2026-05-10 20:00:00,156.544,156.939,156.414,156.863,2909,10,0
2026-05-11 00:00:00,156.865,157.174,156.828,157.152,7657,10,0
2026-05-11 04:00:00,157.152,157.157,156.984,157.116,5746,10,0
2026-05-11 08:00:00,157.116,157.158,156.944,157.115,5895,10,0
2026-05-11 12:00:00,157.112,157.137,156.974,157.04,8307,10,0
2026-05-11 16:00:00,157.043,157.264,157.031,157.239,5135,10,0
2026-05-11 20:00:00,157.236,157.251,157.017,157.235,2488,10,0
2026-05-12 00:00:00,157.235,157.65,157.235,157.608,6727,10,0
2026-05-12 04:00:00,157.608,157.746,156.715,157.504,17870,10,0
2026-05-12 08:00:00,157.502,157.661,157.483,157.567,8957,10,0
2026-05-12 12:00:00,157.569,157.749,157.479,157.705,10836,10,0
2026-05-12 16:00:00,157.706,157.761,157.516,157.634,5513,10,0
2026-05-12 20:00:00,157.61,157.675,157.514,157.667,2235,10,0
2026-05-13 00:00:00,157.668,157.781,157.559,157.676,7550,10,0
2026-05-13 04:00:00,157.676,157.839,157.666,157.827,5087,10,0
2026-05-13 08:00:00,157.828,157.894,157.741,157.764,5668,10,0
2026-05-13 12:00:00,157.763,157.904,157.748,157.832,8266,10,0
2026-05-13 16:00:00,157.833,157.921,157.742,157.867,5417,10,0
2026-05-13 20:00:00,157.869,157.896,157.55,157.854,3121,10,0
2026-05-14 00:00:00,157.854,157.993,157.803,157.965,5201,10,0
2026-05-14 04:00:00,157.966,157.972,157.507,157.91,8916,10,0
2026-05-14 08:00:00,157.912,157.976,157.85,157.968,5894,10,0
2026-05-14 12:00:00,157.969,158.192,157.295,158.083,21705,10,0
2026-05-14 16:00:00,158.085,158.382,158.076,158.352,6186,10,0
2026-05-14 20:00:00,158.351,158.435,158.228,158.377,3009,10,0
2026-05-15 00:00:00,158.379,158.587,158.321,158.482,8370,10,0
2026-05-15 04:00:00,158.484,158.672,158.348,158.442,8293,10,0
2026-05-15 08:00:00,158.44,158.6,158.289,158.566,9868,10,0
2026-05-15 12:00:00,158.569,158.742,158.504,158.693,10019,10,0
2026-05-15 16:00:00,158.692,158.782,158.639,158.768,5685,10,0
2026-05-15 20:00:00,158.77,158.833,158.727,158.758,1263,10,0
2026-05-17 20:00:00,158.507,158.88,158.419,158.845,2737,10,0
2026-05-18 00:00:00,158.847,159.056,158.798,159.032,7310,10,0
2026-05-18 04:00:00,159.034,159.071,158.801,158.915,8910,10,0
2026-05-18 08:00:00,158.917,158.957,158.679,158.832,7293,10,0
2026-05-18 12:00:00,158.832,158.936,158.611,158.828,12925,10,0
2026-05-18 16:00:00,158.825,159.081,158.77,158.885,10018,10,0
2026-05-18 20:00:00,158.874,158.874,158.68,158.864,2866,10,0
2026-05-19 00:00:00,158.864,159.026,158.852,158.953,5998,10,0
2026-05-19 04:00:00,158.951,159.14,158.917,159.041,6187,10,0
2026-05-19 08:00:00,159.037,159.176,158.999,159.13,6144,10,0
2026-05-19 12:00:00,159.133,159.25,158.644,159.115,18353,10,0
2026-05-19 16:00:00,159.112,159.171,158.776,159.05,11528,10,0
2026-05-19 20:00:00,159.035,159.097,158.979,159.041,2844,10,0
2026-05-20 00:00:00,159.043,159.097,158.835,158.87,8241,10,0
2026-05-20 04:00:00,158.869,159.059,158.817,159.055,6711,10,0
2026-05-20 08:00:00,159.055,159.099,158.955,159.031,5982,10,0
2026-05-20 12:00:00,159.031,159.164,158.584,158.837,17017,10,0
2026-05-20 16:00:00,158.839,158.959,158.748,158.856,10165,10,0
2026-05-20 20:00:00,158.855,158.92,158.67,158.883,3014,10,0
2026-05-21 00:00:00,158.884,158.983,158.806,158.963,6048,10,0
2026-05-21 04:00:00,158.963,159.082,158.943,159.022,5772,10,0
2026-05-21 08:00:00,159.024,159.166,158.896,159.152,8070,10,0
2026-05-21 12:00:00,159.152,159.346,159.084,159.167,12160,10,0
2026-05-21 16:00:00,159.165,159.193,158.815,158.918,14032,10,0
2026-05-21 20:00:00,158.907,159.037,158.841,159.022,2574,10,0
2026-05-22 00:00:00,159.022,159.128,158.999,159.034,4369,10,0
2026-05-22 04:00:00,159.034,159.141,159.009,159.127,4401,10,0
2026-05-22 08:00:00,159.127,159.141,159.053,159.134,4924,10,0
2026-05-22 12:00:00,159.134,159.23,158.988,159.196,9506,10,0
2026-05-22 16:00:00,159.196,159.228,159.06,159.163,6938,10,0
2026-05-22 20:00:00,159.155,159.195,159.125,159.162,772,10,0
2026-05-24 20:00:00,158.778,158.959,158.671,158.951,3669,10,0
2026-05-25 00:00:00,158.952,158.958,158.754,158.879,4801,10,0
2026-05-25 04:00:00,158.879,159.035,158.84,158.971,4144,10,0
2026-05-25 08:00:00,158.968,158.988,158.885,158.931,3442,10,0
2026-05-25 12:00:00,158.93,158.945,158.875,158.895,4213,10,0
2026-05-25 16:00:00,158.896,158.918,158.883,158.912,1637,10,0
2026-05-25 20:00:00,158.911,158.961,158.786,158.951,2107,10,0
2026-05-26 00:00:00,158.953,159.001,158.907,158.934,4489,10,0
2026-05-26 04:00:00,158.934,159.197,158.927,159.192,4688,10,0
2026-05-26 08:00:00,159.192,159.237,159.105,159.187,4260,10,0
2026-05-26 12:00:00,159.19,159.377,159.18,159.358,5969,10,0
2026-05-26 16:00:00,159.356,159.375,159.278,159.313,4103,10,0
2026-05-26 20:00:00,159.309,159.327,159.197,159.247,2263,10,0
2026-05-27 00:00:00,159.247,159.305,159.173,159.2,5198,10,0
2026-05-27 04:00:00,159.2,159.376,159.193,159.353,3859,10,0
2026-05-27 08:00:00,159.356,159.445,159.313,159.429,4163,10,0
2026-05-27 12:00:00,159.427,159.532,159.24,159.468,9954,10,0
2026-05-27 16:00:00,159.466,159.574,159.464,159.533,3923,10,0
2026-05-27 20:00:00,159.531,159.577,159.266,159.565,2256,10,0
2026-05-28 00:00:00,159.568,159.649,159.522,159.611,4905,10,0
2026-05-28 04:00:00,159.612,159.617,159.437,159.477,4973,10,0
2026-05-28 08:00:00,159.474,159.523,159.376,159.457,4989,10,0
2026-05-28 12:00:00,159.455,159.487,159.175,159.288,12253,10,0
2026-05-28 16:00:00,159.286,159.335,159.107,159.243,6931,10,0
2026-05-28 20:00:00,159.242,159.279,159.117,159.268,2449,10,0
2026-05-29 00:00:00,159.266,159.364,159.242,159.355,5203,10,0
2026-05-29 04:00:00,159.356,159.373,159.194,159.258,4624,10,0
2026-05-29 08:00:00,159.26,159.32,159.207,159.246,5015,10,0
2026-05-29 12:00:00,159.248,159.354,159.091,159.226,9481,10,0
2026-05-29 16:00:00,159.223,159.302,159.18,159.258,5806,10,0
2026-05-29 20:00:00,159.251,159.28,159.242,159.262,716,10,0
2026-05-31 20:00:00,159.317,159.423,159.245,159.358,2461,10,0
2026-06-01 00:00:00,159.358,159.494,159.358,159.474,4597,10,0
2026-06-01 04:00:00,159.474,159.497,159.405,159.461,3969,10,0
2026-06-01 08:00:00,159.459,159.492,159.433,159.483,3521,10,0
2026-06-01 12:00:00,159.481,159.76,159.43,159.654,10227,10,0
2026-06-01 16:00:00,159.654,159.759,159.563,159.688,6992,10,0
2026-06-01 20:00:00,159.684,159.692,159.477,159.642,2692,10,0
2026-06-02 00:00:00,159.642,159.72,159.631,159.714,4331,10,0
2026-06-02 04:00:00,159.714,159.745,159.682,159.689,3709,10,0
2026-06-02 08:00:00,159.689,159.747,159.653,159.741,3694,10,0
2026-06-02 12:00:00,159.741,159.896,159.729,159.873,5151,10,0
2026-06-02 16:00:00,159.87,159.985,159.86,159.923,3791,10,0
2026-06-02 20:00:00,159.921,159.993,159.796,159.976,2669,10,0
2026-06-03 00:00:00,159.978,159.981,159.813,159.881,4112,10,0
2026-06-03 04:00:00,159.881,159.992,159.546,159.696,8112,10,0
2026-06-03 08:00:00,159.693,159.878,159.367,159.831,10396,10,0
2026-06-03 12:00:00,159.834,159.999,159.805,159.965,7577,10,0
2026-06-03 16:00:00,159.963,160.076,159.946,160.071,5232,10,0
2026-06-03 20:00:00,160.064,160.08,159.813,159.944,3711,10,0
2026-06-04 00:00:00,159.947,159.983,159.87,159.966,4893,10,0
2026-06-04 04:00:00,159.966,159.987,159.586,159.9,7417,10,0
2026-06-04 08:00:00,159.897,159.914,159.745,159.765,5741,10,0
2026-06-04 12:00:00,159.765,160.026,159.752,159.967,6768,10,0
2026-06-04 16:00:00,159.969,160.028,159.936,160.01,3546,10,0
2026-06-04 20:00:00,160.007,160.036,159.883,159.99,2028,10,0
2026-06-05 00:00:00,159.99,160.003,159.895,159.952,4371,10,0
2026-06-05 04:00:00,159.95,159.969,159.905,159.947,3547,10,0
2026-06-05 08:00:00,159.947,159.956,159.826,159.84,3819,10,0
2026-06-05 12:00:00,159.838,160.297,159.715,160.259,17719,10,0
2026-06-05 16:00:00,160.259,160.34,160.087,160.178,7284,10,0
2026-06-05 20:00:00,160.175,160.32,160.162,160.308,1184,10,0
2026-06-07 20:00:00,160.214,160.349,160.148,160.334,2676,10,0
2026-06-08 00:00:00,160.332,160.389,160.236,160.334,6340,10,0
2026-06-08 04:00:00,160.334,160.35,160.146,160.226,6699,10,0
2026-06-08 08:00:00,160.226,160.237,159.841,159.967,11004,10,0
2026-06-08 12:00:00,159.968,160.199,159.91,160.113,8407,10,0
2026-06-08 16:00:00,160.114,160.267,160.08,160.209,4906,10,0
2026-06-08 20:00:00,160.209,160.223,160.019,160.176,2525,10,0
2026-06-09 00:00:00,160.178,160.278,160.131,160.249,4974,10,0
2026-06-09 04:00:00,160.25,160.252,160.048,160.192,5868,10,0
2026-06-09 08:00:00,160.192,160.22,160.139,160.157,4275,10,0
2026-06-09 12:00:00,160.16,160.3,160.142,160.224,7248,10,0
2026-06-09 16:00:00,160.225,160.44,160.212,160.406,7003,10,0
2026-06-09 20:00:00,160.407,160.419,160.273,160.384,2332,10,0
2026-06-10 00:00:00,160.386,160.434,160.236,160.356,5062,10,0
2026-06-10 04:00:00,160.354,160.396,160.319,160.388,4136,10,0
2026-06-10 08:00:00,160.386,160.525,160.38,160.495,5234,10,0
2026-06-10 12:00:00,160.495,160.527,160.321,160.468,9435,10,0
2026-06-10 16:00:00,160.469,160.539,160.44,160.533,4601,10,0
2026-06-10 20:00:00,160.526,160.56,160.315,160.528,3149,10,0
2026-06-11 00:00:00,160.525,160.544,160.423,160.508,4190,10,0
2026-06-11 04:00:00,160.508,160.584,160.488,160.502,3884,10,0
2026-06-11 08:00:00,160.502,160.549,160.494,160.533,4092,10,0
2026-06-11 12:00:00,160.534,160.594,160.452,160.503,7969,10,0
2026-06-11 16:00:00,160.503,160.552,159.536,159.79,14079,10,0
2026-06-11 20:00:00,159.777,160.145,159.731,160.132,4392,10,0
2026-06-12 00:00:00,160.132,160.301,160.12,160.227,5992,10,0
2026-06-12 04:00:00,160.225,160.372,160.221,160.284,6082,10,0
2026-06-12 08:00:00,160.28,160.291,159.949,160.168,10357,10,0
2026-06-12 12:00:00,160.17,160.342,160.157,160.242,10467,10,0
2026-06-12 16:00:00,160.244,160.274,160.175,160.203,4887,10,0
2026-06-12 20:00:00,160.201,160.228,160.19,160.215,575,10,0
2026-06-14 20:00:00,160.132,160.143,159.69,159.958,3625,10,0
2026-06-15 00:00:00,159.955,160.227,159.879,160.055,5623,10,0
2026-06-15 04:00:00,160.054,160.156,159.985,160.106,5336,10,0
2026-06-15 08:00:00,160.108,160.202,160.072,160.182,4801,10,0
2026-06-15 12:00:00,160.181,160.2,160.026,160.196,6264,10,0
2026-06-15 16:00:00,160.195,160.386,160.143,160.384,3717,10,0
2026-06-15 20:00:00,160.367,160.387,160.218,160.243,2349,10,0
2026-06-16 00:00:00,160.241,160.27,160.043,160.203,6353,10,0
2026-06-16 04:00:00,160.202,160.345,160.145,160.232,7017,10,0
2026-06-16 08:00:00,160.23,160.358,160.219,160.356,5088,10,0
2026-06-16 12:00:00,160.355,160.463,160.313,160.386,6331,10,0
2026-06-16 16:00:00,160.385,160.473,160.33,160.462,4087,10,0
2026-06-16 20:00:00,160.461,160.476,160.285,160.422,2060,10,0
2026-06-17 00:00:00,160.42,160.42,160.308,160.318,3418,10,0
2026-06-17 04:00:00,160.318,160.332,160.178,160.187,3737,10,0
2026-06-17 08:00:00,160.185,160.331,160.111,160.305,4900,10,0
2026-06-17 12:00:00,160.304,160.347,160.183,160.219,6727,10,0
2026-06-17 16:00:00,160.217,160.792,160.191,160.724,12894,10,0
2026-06-17 20:00:00,160.718,160.747,160.339,160.603,3494,10,0
2026-06-18 00:00:00,160.601,160.748,160.533,160.58,5021,10,0
2026-06-18 04:00:00,160.58,160.677,160.57,160.593,5372,10,0
2026-06-18 08:00:00,160.593,160.946,160.469,160.926,10020,10,0
2026-06-18 12:00:00,160.924,161.37,160.798,161.365,9985,10,0
2026-06-18 16:00:00,161.368,161.807,160.896,161.427,16594,10,0
2026-06-18 20:00:00,161.404,161.443,161.16,161.293,4068,10,0
2026-06-19 00:00:00,161.293,161.344,160.982,161.342,9546,10,0
2026-06-19 04:00:00,161.343,161.456,161.236,161.313,7833,10,0
2026-06-19 08:00:00,161.313,161.328,161.228,161.253,5947,10,0
2026-06-19 12:00:00,161.252,161.318,161.127,161.3,7072,10,0
2026-06-19 16:00:00,161.299,161.338,161.225,161.286,1902,10,0
2026-06-19 20:00:00,161.28,161.308,161.239,161.302,4667,10,0
2026-06-21 20:00:00,161.229,161.514,161.208,161.437,2442,10,0
2026-06-22 00:00:00,161.435,161.603,161.414,161.583,5809,10,0
2026-06-22 04:00:00,161.582,161.764,161.581,161.735,6009,10,0
2026-06-22 08:00:00,161.735,161.786,161.652,161.763,6726,10,0
2026-06-22 12:00:00,161.76,161.925,161.069,161.504,25748,10,0
2026-06-22 16:00:00,161.501,161.685,161.394,161.6,7885,10,0
2026-06-22 20:00:00,161.598,161.626,161.449,161.572,2940,10,0
2026-06-23 00:00:00,161.569,161.63,161.515,161.552,5256,10,0
2026-06-23 04:00:00,161.549,161.736,161.317,161.463,10072,10,0
2026-06-23 08:00:00,161.461,161.612,161.266,161.585,8939,10,0
2026-06-23 12:00:00,161.585,161.603,161.442,161.543,8827,10,0
2026-06-23 16:00:00,161.544,161.616,161.507,161.572,4092,10,0
2026-06-23 20:00:00,161.558,161.608,161.411,161.596,2241,10,0
2026-06-24 00:00:00,161.594,161.632,161.527,161.548,4454,10,0
2026-06-24 04:00:00,161.548,161.738,161.525,161.712,5321,10,0
2026-06-24 08:00:00,161.711,161.775,161.618,161.65,5741,10,0
2026-06-24 12:00:00,161.65,161.814,161.633,161.753,7911,10,0
2026-06-24 16:00:00,161.751,161.837,161.684,161.819,5227,10,0
2026-06-24 20:00:00,161.816,161.824,161.572,161.765,2566,10,0
2026-06-25 00:00:00,161.762,161.778,161.552,161.719,5395,10,0
2026-06-25 04:00:00,161.718,161.895,161.703,161.81,5531,10,0
2026-06-25 08:00:00,161.808,161.945,161.747,161.861,6199,10,0
2026-06-25 12:00:00,161.862,161.897,161.553,161.669,10711,10,0
2026-06-25 16:00:00,161.67,161.839,161.656,161.789,5424,10,0
2026-06-25 20:00:00,161.788,161.812,161.56,161.801,2706,10,0
2026-06-26 00:00:00,161.799,161.844,161.619,161.646,4366,10,0
2026-06-26 04:00:00,161.646,161.747,161.529,161.623,6768,10,0
2026-06-26 08:00:00,161.622,161.676,161.529,161.658,6923,10,0
2026-06-26 12:00:00,161.659,161.742,161.574,161.67,7764,10,0
2026-06-26 16:00:00,161.668,161.773,161.655,161.75,3866,10,0
2026-06-26 20:00:00,161.753,161.766,161.723,161.743,976,10,0
2026-06-28 20:00:00,161.694,161.819,161.652,161.788,1681,10,0
2026-06-29 00:00:00,161.789,161.794,161.714,161.793,4081,10,0
2026-06-29 04:00:00,161.79,161.847,161.773,161.819,3889,10,0
2026-06-29 08:00:00,161.817,161.896,161.796,161.832,4261,10,0
2026-06-29 12:00:00,161.834,161.962,161.803,161.927,7494,10,0
2026-06-29 16:00:00,161.927,161.98,161.902,161.937,3360,10,0
2026-06-29 20:00:00,161.932,161.958,161.839,161.921,1914,10,0
2026-06-30 00:00:00,161.919,162.4,161.918,162.169,12271,10,0
2026-06-30 04:00:00,162.17,162.41,162.115,162.252,8295,10,0
2026-06-30 08:00:00,162.25,162.426,162.222,162.409,7162,10,0
2026-06-30 12:00:00,162.408,162.66,162.026,162.611,12106,10,0
2026-06-30 16:00:00,162.609,162.665,162.554,162.577,4593,10,0
2026-06-30 20:00:00,162.574,162.643,162.427,162.63,2979,10,0
2026-07-01 00:00:00,162.63,162.838,162.585,162.794,6349,10,0
2026-07-01 04:00:00,162.793,162.809,162.556,162.667,7043,10,0
2026-07-01 08:00:00,162.668,162.743,162.63,162.693,4925,10,0
2026-07-01 12:00:00,162.692,162.762,162.291,162.411,12719,10,0
2026-07-01 16:00:00,162.411,162.583,162.354,162.566,4908,10,0
2026-07-01 20:00:00,162.552,162.607,162.384,162.542,2016,10,0
2026-07-02 00:00:00,162.542,162.594,162.428,162.458,5301,10,0
2026-07-02 04:00:00,162.458,162.458,161.116,161.433,21399,10,0
2026-07-02 08:00:00,161.435,161.497,160.893,161.476,19786,10,0
2026-07-02 12:00:00,161.475,161.639,160.624,160.906,27278,10,0
2026-07-02 16:00:00,160.903,161.168,160.883,161.124,8241,10,0
2026-07-02 20:00:00,161.124,161.463,160.912,161.451,3593,10,0
2026-07-03 00:00:00,161.451,161.518,160.918,161.169,9780,10,0
2026-07-03 04:00:00,161.171,161.208,160.477,160.799,14336,10,0
2026-07-03 08:00:00,160.796,161.164,160.77,161.111,6345,10,0
2026-07-03 12:00:00,161.109,161.342,161.095,161.315,5855,10,0
2026-07-03 16:00:00,161.312,161.391,161.278,161.358,4361,10,0
2026-07-03 20:00:00,161.358,161.416,161.322,161.359,1271,10,0
2026-07-05 20:00:00,161.252,161.504,161.215,161.454,2109,10,0
2026-07-06 00:00:00,161.456,161.859,161.452,161.836,7957,10,0
2026-07-06 04:00:00,161.838,162.312,161.804,162.154,10126,10,0
2026-07-06 08:00:00,162.157,162.408,162.157,162.329,6833,10,0
2026-07-06 12:00:00,162.329,162.423,162.268,162.281,7406,10,0
2026-07-06 16:00:00,162.281,162.313,162.013,162.05,4964,10,0
2026-07-06 20:00:00,162.044,162.109,161.986,162.091,2892,10,0
2026-07-07 00:00:00,162.091,162.178,161.679,161.868,8857,10,0
2026-07-07 04:00:00,161.868,162.078,161.647,161.958,9645,10,0
2026-07-07 08:00:00,161.958,161.968,161.812,161.914,7706,10,0
2026-07-07 12:00:00,161.914,162.02,161.75,161.907,8917,10,0
2026-07-07 16:00:00,161.907,162.135,161.853,162.068,5587,10,0
2026-07-07 20:00:00,162.071,162.362,161.986,162.356,3401,10,0
2026-07-08 00:00:00,162.358,162.459,162.252,162.339,7557,10,0
2026-07-08 04:00:00,162.339,162.405,162.074,162.22,7832,10,0
2026-07-08 08:00:00,162.22,162.554,162.205,162.535,11125,10,0
2026-07-08 12:00:00,162.534,162.704,162.439,162.665,8752,10,0
2026-07-08 16:00:00,162.666,162.667,162.416,162.475,6576,10,0
2026-07-08 20:00:00,162.473,162.612,162.342,162.538,2590,10,0
2026-07-09 00:00:00,162.538,162.569,162.359,162.447,6854,10,0
2026-07-09 04:00:00,162.446,162.462,162.246,162.342,5875,10,0
2026-07-09 08:00:00,162.344,162.506,162.298,162.469,5408,10,0
2026-07-09 12:00:00,162.47,162.47,162.25,162.286,7786,10,0
2026-07-09 16:00:00,162.286,162.412,162.254,162.382,3922,10,0
2026-07-09 20:00:00,162.379,162.417,162.313,162.361,2033,10,0
2026-07-10 00:00:00,162.361,162.418,161.284,161.515,20966,10,0
2026-07-10 04:00:00,161.518,161.772,161.406,161.691,11623,10,0
2026-07-10 08:00:00,161.692,161.879,161.539,161.843,10829,10,0
2026-07-10 12:00:00,161.841,161.889,161.277,161.317,12278,10,0
2026-07-10 16:00:00,161.316,161.742,161.298,161.733,7594,10,0
2026-07-10 20:00:00,161.712,161.749,161.682,161.697,911,10,0
2026-07-12 20:00:00,161.664,162.063,161.61,161.881,3991,10,0
2026-07-13 00:00:00,161.881,162.171,161.877,162.065,10111,10,0
2026-07-13 04:00:00,162.062,162.354,161.832,162.104,14694,10,0
2026-07-13 08:00:00,162.102,162.143,161.976,162.114,9948,10,0
2026-07-13 12:00:00,162.116,162.409,162.068,162.322,10435,10,0
2026-07-13 16:00:00,162.319,162.476,162.304,162.446,6203,10,0
2026-07-13 20:00:00,162.442,162.476,162.31,162.417,2209,10,0
2026-07-14 00:00:00,162.414,162.466,162.224,162.286,9038,10,0
2026-07-14 04:00:00,162.286,162.368,162.24,162.34,6698,10,0
2026-07-14 08:00:00,162.337,162.384,162.051,162.196,8131,10,0
2026-07-14 12:00:00,162.196,162.231,161.607,162.139,19912,10,0
2026-07-14 16:00:00,162.137,162.285,162.103,162.211,7149,10,0
2026-07-14 20:00:00,162.196,162.262,162.086,162.189,2349,10,0
2026-07-15 00:00:00,162.189,162.234,161.963,162.137,8019,10,0
2026-07-15 04:00:00,162.137,162.307,162.097,162.263,6059,10,0
2026-07-15 08:00:00,162.263,162.419,162.238,162.342,6524,10,0
2026-07-15 12:00:00,162.341,162.389,162.069,162.125,10301,10,0
2026-07-15 16:00:00,162.125,162.278,161.89,162.223,8960,10,0
2026-07-15 20:00:00,162.216,162.223,161.952,162.069,2835,10,0
2026-07-16 00:00:00,162.068,162.166,162.027,162.082,6209,10,0
2026-07-16 04:00:00,162.083,162.178,161.976,162.077,6395,10,0
2026-07-16 08:00:00,162.078,162.227,162.059,162.152,6071,10,0
2026-07-16 12:00:00,162.154,162.472,162.148,162.421,7758,10,0
2026-07-16 16:00:00,162.421,162.542,162.369,162.4,4767,10,0
2026-07-16 20:00:00,162.388,162.396,162.296,162.377,2232,10,0
2026-07-17 00:00:00,162.378,162.469,162.337,162.389,5640,10,0
2026-07-17 04:00:00,162.389,162.441,162.119,162.282,8350,10,0
2026-07-17 08:00:00,162.284,162.449,162.255,162.359,6223,10,0
2026-07-17 12:00:00,162.358,162.441,162.301,162.426,7870,10,0
2026-07-17 16:00:00,162.429,162.517,162.381,162.383,4897,10,0
2026-07-17 20:00:00,162.383,162.44,162.358,162.394,830,10,0
2026-07-19 20:00:00,162.425,162.559,162.193,162.514,2606,10,0
2026-07-20 00:00:00,162.513,162.532,162.301,162.365,5143,10,0
2026-07-20 04:00:00,162.365,162.448,162.312,162.358,4739,10,0
2026-07-20 08:00:00,162.359,162.43,162.191,162.343,5223,10,0
2026-07-20 12:00:00,162.345,162.587,162.34,162.564,7187,10,0
2026-07-20 16:00:00,162.565,162.596,162.417,162.513,4098,10,0
2026-07-20 20:00:00,162.501,162.523,162.415,162.483,2039,10,0
2026-07-21 00:00:00,162.482,162.532,162.427,162.482,4657,10,0
2026-07-21 04:00:00,162.482,162.615,162.466,162.594,4307,10,0
2026-07-21 08:00:00,162.595,162.745,162.582,162.726,5106,10,0
2026-07-21 12:00:00,162.724,163.04,162.688,163.012,8872,10,0
2026-07-21 16:00:00,163.012,163.234,162.957,163.2,5295,10,0
2026-07-21 20:00:00,163.194,163.236,163.052,163.183,2015,10,0
2026-07-22 00:00:00,163.183,163.204,163.024,163.154,6789,10,0
2026-07-22 04:00:00,163.156,163.194,162.661,162.938,8358,10,0
2026-07-22 08:00:00,162.94,163.108,162.906,163.07,7024,10,0
2026-07-22 12:00:00,163.068,163.136,163.008,163.076,6848,10,0
2026-07-22 16:00:00,163.076,163.172,163.06,163.143,3918,10,0
2026-07-22 20:00:00,163.142,163.159,162.939,163.082,2278,10,0
2026-07-23 00:00:00,163.083,163.135,162.992,163.04,5396,10,0
2026-07-23 04:00:00,163.039,163.423,163.025,163.313,6465,10,0
2026-07-23 08:00:00,163.312,163.648,163.278,163.486,8685,10,0
2026-07-23 12:00:00,163.488,163.985,163.451,163.798,12660,10,0
2026-07-23 16:00:00,163.798,163.854,163.711,163.818,5642,10,0
2026-07-23 20:00:00,163.815,163.871,163.737,163.838,2128,10,0
2026-07-24 00:00:00,163.838,163.933,163.72,163.798,7386,10,0
2026-07-24 04:00:00,163.798,163.844,163.649,163.762,6048,10,0
2026-07-24 08:00:00,163.764,163.837,163.672,163.801,6333,10,0
2026-07-24 12:00:00,163.798,163.877,163.637,163.712,7948,10,0
2026-07-24 16:00:00,163.709,163.853,163.7,163.848,3854,10,0
2026-07-24 20:00:00,163.834,163.864,163.827,163.842,568,10,0
