time,open,high,low,close,tick_volume,spread,real_volume
2022-08-01 00:00:00,1.21675,1.21977,1.21625,1.2182,10736,8,0
2022-08-01 04:00:00,1.21818,1.2205300000000001,1.21739,1.21966,11121,8,0
2022-08-01 08:00:00,1.21964,1.2260900000000001,1.21945,1.22257,15980,8,0
2022-08-01 12:00:00,1.22258,1.22931,1.2219,1.22749,28749,8,0
2022-08-01 16:00:00,1.22752,1.22839,1.22409,1.22557,10766,8,0
2022-08-01 20:00:00,1.22554,1.22598,1.22434,1.22566,2152,8,0
2022-08-02 00:00:00,1.22568,1.22787,1.22448,1.22572,14404,8,0
2022-08-02 04:00:00,1.22573,1.22623,1.21887,1.22014,17892,8,0
2022-08-02 08:00:00,1.22013,1.22273,1.21855,1.22168,16577,8,0
2022-08-02 12:00:00,1.22167,1.22406,1.21798,1.22191,31349,8,0
2022-08-02 16:00:00,1.22193,1.22251,1.21662,1.21671,14531,8,0
2022-08-02 20:00:00,1.21673,1.21717,1.21395,1.2142,2995,8,0
2022-08-03 00:00:00,1.21425,1.21884,1.21344,1.21864,11504,8,0
2022-08-03 04:00:00,1.21863,1.22028,1.21568,1.21901,16243,8,0
2022-08-03 08:00:00,1.21899,1.22073,1.21664,1.21898,18353,8,0
2022-08-03 12:00:00,1.21896,1.21959,1.20997,1.21309,30469,8,0
2022-08-03 16:00:00,1.21311,1.2155,1.21239,1.21458,12041,8,0
2022-08-03 20:00:00,1.21459,1.2150400000000001,1.21286,1.21374,2063,8,0
2022-08-04 00:00:00,1.21376,1.21677,1.21366,1.21503,8059,8,0
2022-08-04 04:00:00,1.215,1.21755,1.21282,1.2166,11927,8,0
2022-08-04 08:00:00,1.21658,1.2217,1.2065,1.20855,28114,8,0
2022-08-04 12:00:00,1.20852,1.21436,1.20716,1.21397,31265,8,0
2022-08-04 16:00:00,1.21396,1.21754,1.21363,1.21684,11015,8,0
2022-08-04 20:00:00,1.21686,1.21703,1.21494,1.21578,4118,8,0
2022-08-05 00:00:00,1.2158,1.21582,1.21298,1.21431,7095,8,0
2022-08-05 04:00:00,1.2143,1.21686,1.21352,1.21543,9735,8,0
2022-08-05 08:00:00,1.21546,1.2156500000000001,1.21244,1.21389,13685,8,0
2022-08-05 12:00:00,1.21391,1.2147999999999999,1.2003,1.20598,39602,8,0
2022-08-05 16:00:00,1.206,1.20937,1.20544,1.20683,13221,8,0
2022-08-05 20:00:00,1.20685,1.2077,1.2067700000000001,1.20693,756,8,0
2022-08-07 20:00:00,1.20645,1.20661,1.2056499999999999,1.20606,1447,12,0
2022-08-08 00:00:00,1.20607,1.20798,1.20471,1.20786,6899,8,0
2022-08-08 04:00:00,1.20785,1.21224,1.20686,1.21168,9660,8,0
2022-08-08 08:00:00,1.21164,1.2117,1.20711,1.21163,12141,8,0
2022-08-08 12:00:00,1.21164,1.21371,1.20922,1.20955,14244,8,0
2022-08-08 16:00:00,1.20956,1.20987,1.20684,1.20792,8398,8,0
2022-08-08 20:00:00,1.20794,1.20875,1.20688,1.20846,2114,8,0
2022-08-09 00:00:00,1.20849,1.20886,1.207,1.20831,5086,8,0
2022-08-09 04:00:00,1.20828,1.20919,1.20652,1.20875,7344,8,0
2022-08-09 08:00:00,1.20877,1.21298,1.20862,1.20973,12026,8,0
2022-08-09 12:00:00,1.20972,1.21284,1.20785,1.20871,17876,8,0
2022-08-09 16:00:00,1.2086999999999999,1.20937,1.20627,1.20725,6161,8,0
2022-08-09 20:00:00,1.20723,1.20762,1.2065,1.20708,1330,8,0
2022-08-10 00:00:00,1.20711,1.20833,1.20647,1.20817,4451,8,0
2022-08-10 04:00:00,1.20816,1.20905,1.20673,1.20867,7411,8,0
2022-08-10 08:00:00,1.20864,1.21244,1.20808,1.2124,11687,8,0
2022-08-10 12:00:00,1.21242,1.22764,1.20998,1.22433,39799,8,0
2022-08-10 16:00:00,1.22431,1.22607,1.22112,1.22178,12250,8,0
2022-08-10 20:00:00,1.2218,1.22204,1.22051,1.22099,2401,8,0
2022-08-11 00:00:00,1.22101,1.22172,1.2181899999999999,1.21922,6868,8,0
2022-08-11 04:00:00,1.21921,1.22314,1.2183,1.22247,11254,8,0
2022-08-11 08:00:00,1.22245,1.22451,1.21939,1.22092,15844,8,0
2022-08-11 12:00:00,1.22089,1.2248999999999999,1.21963,1.22278,26651,8,0
2022-08-11 16:00:00,1.22274,1.22298,1.2185,1.21903,11089,8,0
2022-08-11 20:00:00,1.219,1.22034,1.21891,1.21942,2209,8,0
2022-08-12 00:00:00,1.21944,1.22009,1.21769,1.21893,7283,8,0
2022-08-12 04:00:00,1.21891,1.22161,1.21674,1.21806,11388,8,0
2022-08-12 08:00:00,1.21806,1.21837,1.21154,1.21298,14050,8,0
2022-08-12 12:00:00,1.2129699999999999,1.21485,1.20991,1.21301,24851,8,0
2022-08-12 16:00:00,1.2129699999999999,1.2146,1.21248,1.21367,6573,8,0
2022-08-12 20:00:00,1.21365,1.21376,1.21319,1.21344,771,8,0
2022-08-14 20:00:00,1.2124,1.21384,1.2124,1.21265,1277,12,0
2022-08-15 00:00:00,1.21268,1.21478,1.2107700000000001,1.21215,7791,8,0
2022-08-15 04:00:00,1.21217,1.21254,1.20894,1.21039,9405,8,0
2022-08-15 08:00:00,1.21042,1.2109,1.20498,1.20832,13516,8,0
2022-08-15 12:00:00,1.20833,1.21144,1.20715,1.20875,20039,8,0
2022-08-15 16:00:00,1.20877,1.20879,1.20529,1.20543,5686,8,0
2022-08-15 20:00:00,1.20544,1.20584,1.20441,1.20559,2102,8,0
2022-08-16 00:00:00,1.2056,1.20599,1.2035,1.20481,6649,8,0
2022-08-16 04:00:00,1.20482,1.20577,1.2006999999999999,1.20549,10746,8,0
2022-08-16 08:00:00,1.20551,1.20556,1.20126,1.20209,14587,8,0
2022-08-16 12:00:00,1.20207,1.21174,1.2018,1.20888,20334,8,0
2022-08-16 16:00:00,1.20889,1.21039,1.2074,1.20939,6672,8,0
2022-08-16 20:00:00,1.20941,1.21013,1.20846,1.20941,2142,8,0
2022-08-17 00:00:00,1.20943,1.21157,1.20939,1.2107,7794,8,0
2022-08-17 04:00:00,1.21069,1.21412,1.20807,1.20975,12535,8,0
2022-08-17 08:00:00,1.20974,1.21196,1.20607,1.20788,14448,8,0
2022-08-17 12:00:00,1.20786,1.20951,1.20278,1.20281,22933,8,0
2022-08-17 16:00:00,1.2028,1.20875,1.20276,1.20504,19223,8,0
2022-08-17 20:00:00,1.20506,1.20524,1.2041,1.20448,1676,8,0
2022-08-18 00:00:00,1.2045,1.20599,1.203,1.20345,7575,8,0
2022-08-18 04:00:00,1.20343,1.205,1.19925,1.2026,12711,8,0
2022-08-18 08:00:00,1.20259,1.20793,1.20259,1.2063,14932,8,0
2022-08-18 12:00:00,1.20627,1.20711,1.19677,1.1968,23170,8,0
2022-08-18 16:00:00,1.19678,1.19757,1.19223,1.19366,10680,8,0
2022-08-18 20:00:00,1.19363,1.19372,1.19223,1.19299,2241,8,0
2022-08-19 00:00:00,1.19302,1.1933,1.19046,1.19157,8279,8,0
2022-08-19 04:00:00,1.19156,1.19256,1.18937,1.19117,11625,8,0
2022-08-19 08:00:00,1.19116,1.19118,1.1815,1.18329,15146,8,0
2022-08-19 12:00:00,1.1833,1.1857,1.17917,1.18069,19648,8,0
2022-08-19 16:00:00,1.18068,1.18337,1.18068,1.183,8394,8,0
2022-08-19 20:00:00,1.18298,1.18326,1.18237,1.18286,699,8,0
2022-08-21 20:00:00,1.18157,1.18282,1.18108,1.18185,1703,12,0
2022-08-22 00:00:00,1.18187,1.18363,1.1804999999999999,1.18296,7369,8,0
2022-08-22 04:00:00,1.18299,1.18359,1.17858,1.17937,10795,8,0
2022-08-22 08:00:00,1.17938,1.1819,1.17819,1.18045,16124,8,0
2022-08-22 12:00:00,1.18046,1.18261,1.17418,1.17489,19000,8,0
2022-08-22 16:00:00,1.1749,1.17837,1.17486,1.1764000000000001,8264,8,0
2022-08-22 20:00:00,1.17642,1.17696,1.17548,1.17649,1507,8,0
2022-08-23 00:00:00,1.17652,1.17848,1.1757,1.17712,7550,8,0
2022-08-23 04:00:00,1.17709,1.17778,1.1716199999999999,1.17646,14028,8,0
2022-08-23 08:00:00,1.17648,1.17822,1.17416,1.1767400000000001,15897,8,0
2022-08-23 12:00:00,1.17675,1.18774,1.1749,1.18436,33380,8,0
2022-08-23 16:00:00,1.18439,1.18526,1.18163,1.18285,10631,8,0
2022-08-23 20:00:00,1.18287,1.18376,1.18214,1.1829399999999999,2012,8,0
2022-08-24 00:00:00,1.18296,1.1835,1.17986,1.18078,7806,8,0
2022-08-24 04:00:00,1.1808,1.18334,1.18005,1.18268,10745,8,0
2022-08-24 08:00:00,1.1827,1.18327,1.1767400000000001,1.17763,14935,8,0
2022-08-24 12:00:00,1.17764,1.18252,1.1755200000000001,1.18002,27848,8,0
2022-08-24 16:00:00,1.18004,1.18058,1.1779,1.1798899999999999,8422,8,0
2022-08-24 20:00:00,1.17987,1.17994,1.1785700000000001,1.17899,1585,8,0
2022-08-25 00:00:00,1.17902,1.18248,1.1783299999999999,1.1817,7691,8,0
2022-08-25 04:00:00,1.18171,1.1864,1.18151,1.1841599999999999,14530,8,0
2022-08-25 08:00:00,1.18419,1.18565,1.18212,1.18349,15366,8,0
2022-08-25 12:00:00,1.18348,1.18499,1.17926,1.1801300000000001,23148,8,0
2022-08-25 16:00:00,1.18015,1.18383,1.1794,1.18351,9686,8,0
2022-08-25 20:00:00,1.18349,1.18383,1.18217,1.18224,1652,8,0
2022-08-26 00:00:00,1.18226,1.18311,1.18056,1.18255,5783,8,0
2022-08-26 04:00:00,1.1825700000000001,1.1825700000000001,1.17748,1.17931,10298,8,0
2022-08-26 08:00:00,1.17932,1.18448,1.17756,1.18177,13260,8,0
2022-08-26 12:00:00,1.18176,1.19004,1.17506,1.1775,47749,8,0
2022-08-26 16:00:00,1.17752,1.1786,1.17332,1.1736,12992,8,0
2022-08-26 20:00:00,1.17357,1.17418,1.17331,1.1739,1173,8,0
2022-08-28 20:00:00,1.17283,1.17305,1.16833,1.16881,2026,12,0
2022-08-29 00:00:00,1.16883,1.17,1.16544,1.1667399999999999,11343,8,0
2022-08-29 04:00:00,1.16671,1.1682,1.1648,1.1672500000000001,13575,8,0
2022-08-29 08:00:00,1.16723,1.17046,1.16558,1.1699,16155,8,0
2022-08-29 12:00:00,1.16988,1.17435,1.1685699999999999,1.17138,23460,8,0
2022-08-29 16:00:00,1.17139,1.17289,1.16982,1.17039,10226,8,0
2022-08-29 20:00:00,1.17037,1.17228,1.16967,1.17211,1746,8,0
2022-08-30 00:00:00,1.17212,1.17265,1.1687,1.1701,8889,8,0
2022-08-30 04:00:00,1.17009,1.17438,1.1698,1.17349,15297,8,0
2022-08-30 08:00:00,1.1735,1.176,1.17036,1.1716199999999999,17131,8,0
2022-08-30 12:00:00,1.17163,1.17219,1.16208,1.16503,30884,8,0
2022-08-30 16:00:00,1.16501,1.16696,1.16463,1.16546,14130,8,0
2022-08-30 20:00:00,1.1655,1.1660300000000001,1.16449,1.1658,1451,8,0
2022-08-31 00:00:00,1.16581,1.16774,1.16537,1.1677,7056,8,0
2022-08-31 04:00:00,1.16768,1.16934,1.16408,1.16408,12157,8,0
2022-08-31 08:00:00,1.16406,1.16565,1.16125,1.16222,19864,8,0
2022-08-31 12:00:00,1.16225,1.1653,1.15988,1.16419,31705,8,0
2022-08-31 16:00:00,1.16421,1.1644700000000001,1.16059,1.16144,13318,8,0
2022-08-31 20:00:00,1.16146,1.16221,1.15927,1.15966,2904,8,0
2022-09-01 00:00:00,1.1596899999999999,1.1597,1.15673,1.15782,9616,8,0
2022-09-01 04:00:00,1.1578,1.16162,1.15683,1.16038,14737,8,0
2022-09-01 08:00:00,1.1604,1.16138,1.15514,1.15663,19142,8,0
2022-09-01 12:00:00,1.15665,1.15783,1.14982,1.1537600000000001,31474,8,0
2022-09-01 16:00:00,1.15375,1.15547,1.1532,1.15408,12163,8,0
2022-09-01 20:00:00,1.15409,1.1548,1.15328,1.15466,1609,8,0
2022-09-02 00:00:00,1.15467,1.15594,1.1540300000000001,1.15485,6707,8,0
2022-09-02 04:00:00,1.15487,1.1569,1.15321,1.15571,11950,8,0
2022-09-02 08:00:00,1.1557,1.15816,1.15466,1.15595,12444,8,0
2022-09-02 12:00:00,1.15592,1.15883,1.15261,1.15801,37597,8,0
2022-09-02 16:00:00,1.15802,1.15821,1.14955,1.1508099999999999,18235,8,0
2022-09-02 20:00:00,1.15079,1.15172,1.15051,1.15125,943,8,0
2022-09-04 20:00:00,1.14787,1.14895,1.14618,1.14723,2409,12,0
2022-09-05 00:00:00,1.14725,1.14926,1.14571,1.1472,11455,8,0
2022-09-05 04:00:00,1.14723,1.1486399999999999,1.14426,1.14774,15987,8,0
2022-09-05 08:00:00,1.14777,1.15184,1.14706,1.15061,14314,8,0
2022-09-05 12:00:00,1.1506,1.15194,1.148,1.1516899999999999,11828,8,0
2022-09-05 16:00:00,1.15172,1.15207,1.15116,1.15153,1341,8,0
2022-09-05 20:00:00,1.15148,1.1565400000000001,1.15066,1.15639,2624,12,0
2022-09-06 00:00:00,1.15641,1.15999,1.1559599999999999,1.15649,10630,8,0
2022-09-06 04:00:00,1.1565,1.16087,1.15595,1.1584,17866,8,0
2022-09-06 08:00:00,1.15838,1.1608,1.15486,1.15732,18204,8,0
2022-09-06 12:00:00,1.15734,1.15808,1.14935,1.15473,31271,8,0
2022-09-06 16:00:00,1.15475,1.15487,1.15122,1.15163,13107,8,0
2022-09-06 20:00:00,1.15161,1.1519,1.15018,1.1509800000000001,1737,8,0
2022-09-07 00:00:00,1.151,1.15151,1.14512,1.14649,12887,8,0
2022-09-07 04:00:00,1.1464699999999999,1.15177,1.14531,1.15139,14552,8,0
2022-09-07 08:00:00,1.15138,1.15229,1.14161,1.14237,19742,8,0
2022-09-07 12:00:00,1.14237,1.14837,1.14049,1.14688,25808,8,0
2022-09-07 16:00:00,1.14686,1.15323,1.14683,1.15307,11723,8,0
2022-09-07 20:00:00,1.15303,1.15402,1.15161,1.15217,2264,8,0
2022-09-08 00:00:00,1.15219,1.15259,1.14906,1.14993,10085,8,0
2022-09-08 04:00:00,1.14992,1.15215,1.14796,1.1486399999999999,14455,8,0
2022-09-08 08:00:00,1.14867,1.15601,1.14756,1.1554,18015,8,0
2022-09-08 12:00:00,1.1554,1.1559300000000001,1.146,1.14824,47615,8,0
2022-09-08 16:00:00,1.14821,1.15165,1.14621,1.15014,15686,8,0
2022-09-08 20:00:00,1.15016,1.1522000000000001,1.14931,1.15198,1648,8,0
2022-09-09 00:00:00,1.15199,1.15855,1.15152,1.15843,10011,8,0
2022-09-09 04:00:00,1.15841,1.16349,1.15781,1.16311,14954,8,0
2022-09-09 08:00:00,1.16309,1.16476,1.15547,1.15585,19551,8,0
2022-09-09 12:00:00,1.15584,1.15991,1.15505,1.1598600000000001,25203,8,0
2022-09-09 16:00:00,1.15987,1.16015,1.1580300000000001,1.15909,7642,8,0
2022-09-09 20:00:00,1.15906,1.1594,1.15831,1.15882,759,8,0
2022-09-11 20:00:00,1.16217,1.1636199999999999,1.16022,1.16194,2387,12,0
2022-09-12 00:00:00,1.16197,1.16285,1.16034,1.16105,8301,8,0
2022-09-12 04:00:00,1.16105,1.1694,1.16003,1.16851,16758,8,0
2022-09-12 08:00:00,1.16853,1.16996,1.16627,1.16897,18069,8,0
2022-09-12 12:00:00,1.16896,1.171,1.16632,1.16964,19917,8,0
2022-09-12 16:00:00,1.16966,1.17085,1.16751,1.16761,8188,8,0
2022-09-12 20:00:00,1.1676,1.16886,1.16729,1.1688399999999999,1525,8,0
2022-09-13 00:00:00,1.16887,1.17056,1.16798,1.16878,7876,8,0
2022-09-13 04:00:00,1.16879,1.1730800000000001,1.16787,1.17255,11417,8,0
2022-09-13 08:00:00,1.17257,1.17373,1.17004,1.17322,12554,8,0
2022-09-13 12:00:00,1.17319,1.17378,1.1518,1.15245,52692,8,0
2022-09-13 16:00:00,1.15242,1.15407,1.14965,1.14995,12079,8,0
2022-09-13 20:00:00,1.14996,1.1507,1.14802,1.15018,2879,8,0
2022-09-14 00:00:00,1.15021,1.1512,1.14873,1.1506,11037,8,0
2022-09-14 04:00:00,1.15062,1.15313,1.14779,1.1525400000000001,20788,8,0
2022-09-14 08:00:00,1.15253,1.15722,1.15189,1.15449,21276,8,0
2022-09-14 12:00:00,1.15448,1.15894,1.15373,1.15622,27308,8,0
2022-09-14 16:00:00,1.15624,1.1575199999999999,1.15261,1.154,9500,8,0
2022-09-14 20:00:00,1.15398,1.1547,1.1531500000000001,1.1544,1660,8,0
2022-09-15 00:00:00,1.15442,1.1547399999999999,1.15227,1.1531,6668,8,0
2022-09-15 04:00:00,1.15311,1.15378,1.15058,1.15338,10090,8,0
2022-09-15 08:00:00,1.15339,1.15356,1.14869,1.14947,14181,8,0
2022-09-15 12:00:00,1.14946,1.1517,1.14687,1.14703,24174,8,0
2022-09-15 16:00:00,1.147,1.14982,1.14613,1.1469,8926,8,0
2022-09-15 20:00:00,1.14692,1.14728,1.14505,1.14514,1689,8,0
2022-09-16 00:00:00,1.1451500000000001,1.14801,1.1451500000000001,1.14622,7783,8,0
2022-09-16 04:00:00,1.14624,1.14712,1.13492,1.13727,15677,8,0
2022-09-16 08:00:00,1.13725,1.1413,1.13534,1.13977,17030,8,0
2022-09-16 12:00:00,1.1398,1.14463,1.1375899999999999,1.14164,28144,8,0
2022-09-16 16:00:00,1.14167,1.1426,1.13858,1.14241,9862,8,0
2022-09-16 20:00:00,1.14238,1.14261,1.1415,1.14202,1348,8,0
2022-09-18 20:00:00,1.14107,1.14405,1.14102,1.14337,1744,12,0
2022-09-19 00:00:00,1.14339,1.14418,1.1394199999999999,1.1401,6810,8,0
2022-09-19 04:00:00,1.14011,1.14051,1.13755,1.13788,8319,8,0
2022-09-19 08:00:00,1.13789,1.1392,1.1355,1.13716,11105,8,0
2022-09-19 12:00:00,1.13718,1.14204,1.1362700000000001,1.14011,14332,8,0
2022-09-19 16:00:00,1.14013,1.14381,1.14011,1.14362,5603,8,0
2022-09-19 20:00:00,1.14361,1.14451,1.14221,1.14441,2093,8,0
2022-09-20 00:00:00,1.14443,1.14603,1.1409,1.14334,9022,8,0
2022-09-20 04:00:00,1.1433200000000001,1.14603,1.1412200000000001,1.14581,12519,8,0
2022-09-20 08:00:00,1.14582,1.14591,1.14091,1.14286,14682,8,0
2022-09-20 12:00:00,1.14284,1.14334,1.13813,1.14025,22159,8,0
2022-09-20 16:00:00,1.1402700000000001,1.1407,1.13569,1.13851,11368,8,0
2022-09-20 20:00:00,1.13849,1.13868,1.13629,1.13802,2287,8,0
2022-09-21 00:00:00,1.13803,1.1384400000000001,1.13654,1.13772,8553,8,0
2022-09-21 04:00:00,1.13774,1.13824,1.13028,1.13354,21908,8,0
2022-09-21 08:00:00,1.1335600000000001,1.1349,1.13259,1.13358,14279,8,0
2022-09-21 12:00:00,1.1336,1.13501,1.13219,1.13292,17480,8,0
2022-09-21 16:00:00,1.13292,1.13568,1.12355,1.12824,57686,8,0
2022-09-21 20:00:00,1.12822,1.12921,1.12456,1.12567,3978,8,0
2022-09-22 00:00:00,1.1257,1.12582,1.1219999999999999,1.12314,19072,8,0
2022-09-22 04:00:00,1.12316,1.12804,1.12098,1.1272199999999999,20866,8,0
2022-09-22 08:00:00,1.12724,1.13641,1.1267800000000001,1.1314,44930,8,0
2022-09-22 12:00:00,1.1313900000000001,1.13481,1.12407,1.1267800000000001,35468,8,0
2022-09-22 16:00:00,1.12679,1.12745,1.12497,1.12572,12856,8,0
2022-09-22 20:00:00,1.12569,1.12636,1.12471,1.12622,2468,8,0
2022-09-23 00:00:00,1.12623,1.12733,1.12259,1.12312,9250,8,0
2022-09-23 04:00:00,1.12313,1.12441,1.1168,1.11837,16343,8,0
2022-09-23 08:00:00,1.11836,1.12093,1.10205,1.10553,43530,8,0
2022-09-23 12:00:00,1.10552,1.10961,1.0895299999999999,1.0919699999999999,42919,8,0
2022-09-23 16:00:00,1.09195,1.09238,1.08392,1.08667,19600,8,0
2022-09-23 20:00:00,1.08666,1.0872600000000001,1.08426,1.08489,2428,8,0
2022-09-25 20:00:00,1.07997,1.08457,1.07793,1.07927,9141,12,0
2022-09-26 00:00:00,1.07927,1.08102,1.03525,1.04977,98401,8,0
2022-09-26 04:00:00,1.04978,1.07491,1.04705,1.06753,63350,8,0
2022-09-26 08:00:00,1.06751,1.08335,1.06685,1.07778,61815,8,0
2022-09-26 12:00:00,1.0777700000000001,1.09306,1.06356,1.0699,95548,8,0
2022-09-26 16:00:00,1.06993,1.07204,1.06312,1.06966,39882,8,0
2022-09-26 20:00:00,1.06963,1.07766,1.06506,1.07661,8397,8,0
2022-09-27 00:00:00,1.07663,1.07901,1.07384,1.07761,20229,8,0
2022-09-27 04:00:00,1.07758,1.08375,1.07636,1.08039,29040,8,0
2022-09-27 08:00:00,1.0804,1.08327,1.07797,1.07888,34678,8,0
2022-09-27 12:00:00,1.07887,1.08162,1.0735,1.07504,55684,8,0
2022-09-27 16:00:00,1.07507,1.07519,1.06586,1.07182,25361,8,0
2022-09-27 20:00:00,1.0718,1.07373,1.07049,1.07257,4162,8,0
2022-09-28 00:00:00,1.07258,1.07385,1.06297,1.06573,25475,8,0
2022-09-28 04:00:00,1.06574,1.07113,1.06317,1.07012,37816,8,0
2022-09-28 08:00:00,1.0701100000000001,1.08346,1.05391,1.0579,84978,8,0
2022-09-28 12:00:00,1.05791,1.08507,1.05714,1.08293,78356,8,0
2022-09-28 16:00:00,1.08291,1.0915300000000001,1.07943,1.08827,32968,8,0
2022-09-28 20:00:00,1.08828,1.0894,1.08285,1.08305,4938,8,0
2022-09-29 00:00:00,1.08307,1.08345,1.07817,1.07906,15898,8,0
2022-09-29 04:00:00,1.07907,1.08167,1.07619,1.07811,37495,8,0
2022-09-29 08:00:00,1.07815,1.08969,1.077,1.08683,52128,8,0
2022-09-29 12:00:00,1.08682,1.10749,1.08376,1.10455,69640,8,0
2022-09-29 16:00:00,1.10455,1.11082,1.10378,1.10771,26106,8,0
2022-09-29 20:00:00,1.10772,1.12022,1.10696,1.1171,12586,8,0
2022-09-30 00:00:00,1.11707,1.11773,1.10703,1.10807,26946,8,0
2022-09-30 04:00:00,1.10809,1.11836,1.10798,1.11777,32191,8,0
2022-09-30 08:00:00,1.11779,1.12339,1.10249,1.10416,43938,8,0
2022-09-30 12:00:00,1.10414,1.11766,1.10251,1.11322,71252,8,0
2022-09-30 16:00:00,1.11319,1.11801,1.10996,1.1166800000000001,21831,8,0
2022-09-30 20:00:00,1.1167,1.1167,1.11436,1.11619,2577,8,0
2022-10-02 20:00:00,1.11625,1.11925,1.11276,1.1135,4709,12,0
2022-10-03 00:00:00,1.11352,1.1163,1.11099,1.11177,15717,8,0
2022-10-03 04:00:00,1.11179,1.12799,1.10854,1.12066,54291,8,0
2022-10-03 08:00:00,1.12063,1.12438,1.11693,1.12179,21821,8,0
2022-10-03 12:00:00,1.12175,1.1333199999999999,1.11997,1.12699,47607,8,0
2022-10-03 16:00:00,1.127,1.13252,1.12592,1.13225,19041,8,0
2022-10-03 20:00:00,1.13227,1.13409,1.13098,1.13377,4513,8,0
2022-10-04 00:00:00,1.13379,1.13436,1.12802,1.13179,20197,8,0
2022-10-04 04:00:00,1.13177,1.1427100000000001,1.12982,1.13914,37749,8,0
2022-10-04 08:00:00,1.1391499999999999,1.13937,1.12991,1.13317,39530,8,0
2022-10-04 12:00:00,1.13316,1.14462,1.13226,1.14434,42940,8,0
2022-10-04 16:00:00,1.14436,1.1489,1.1427,1.14746,21674,8,0
2022-10-04 20:00:00,1.14746,1.14859,1.1449799999999999,1.14502,3747,8,0
2022-10-05 00:00:00,1.14503,1.14718,1.14137,1.14321,26855,8,0
2022-10-05 04:00:00,1.1432,1.14946,1.13948,1.14063,30140,8,0
2022-10-05 08:00:00,1.1406100000000001,1.14326,1.13217,1.13313,29106,8,0
2022-10-05 12:00:00,1.13314,1.13524,1.12267,1.12734,46027,8,0
2022-10-05 16:00:00,1.12733,1.13564,1.12634,1.13259,19047,8,0
2022-10-05 20:00:00,1.13258,1.13559,1.13019,1.13558,4758,8,0
2022-10-06 00:00:00,1.13559,1.1383,1.13324,1.1365,19528,8,0
2022-10-06 04:00:00,1.13651,1.13686,1.13113,1.1327,31451,8,0
2022-10-06 08:00:00,1.13272,1.13302,1.12405,1.12581,35945,8,0
2022-10-06 12:00:00,1.12579,1.1287099999999999,1.11311,1.11314,45793,8,0
2022-10-06 16:00:00,1.1131199999999999,1.11929,1.11117,1.11563,24185,8,0
2022-10-06 20:00:00,1.11559,1.11701,1.11517,1.11608,5040,8,0
2022-10-07 00:00:00,1.11609,1.11895,1.11339,1.11711,16349,8,0
2022-10-07 04:00:00,1.11709,1.11905,1.11135,1.11672,25149,8,0
2022-10-07 08:00:00,1.11675,1.12247,1.11602,1.11939,26478,8,0
2022-10-07 12:00:00,1.11936,1.12131,1.10893,1.11142,61096,8,0
2022-10-07 16:00:00,1.1114,1.11316,1.10552,1.10796,16917,8,0
2022-10-07 20:00:00,1.10795,1.10941,1.10774,1.10926,4178,8,0
2022-10-09 20:00:00,1.10822,1.10901,1.10604,1.1072,3705,12,0
2022-10-10 00:00:00,1.10723,1.11108,1.10579,1.1078999999999999,15042,8,0
2022-10-10 04:00:00,1.10787,1.11103,1.10533,1.10724,22500,8,0
2022-10-10 08:00:00,1.10721,1.10992,1.1026799999999999,1.10658,25051,8,0
2022-10-10 12:00:00,1.10655,1.10807,1.10242,1.10395,38354,8,0
2022-10-10 16:00:00,1.10396,1.10812,1.10189,1.10558,18386,8,0
2022-10-10 20:00:00,1.10561,1.10786,1.10493,1.10786,2256,8,0
2022-10-11 00:00:00,1.1078999999999999,1.10949,1.10225,1.10369,19473,8,0
2022-10-11 04:00:00,1.10372,1.10538,1.09962,1.10187,30806,8,0
2022-10-11 08:00:00,1.10183,1.11018,1.10156,1.10892,28993,8,0
2022-10-11 12:00:00,1.10894,1.11751,1.10434,1.11657,43349,8,0
2022-10-11 16:00:00,1.11659,1.11793,1.09644,1.09864,41315,8,0
2022-10-11 20:00:00,1.09866,1.09906,1.09525,1.09634,5767,8,0
2022-10-12 00:00:00,1.09636,1.09852,1.0923,1.09457,21152,8,0
2022-10-12 04:00:00,1.09456,1.1054,1.09437,1.09727,59899,8,0
2022-10-12 08:00:00,1.09727,1.10986,1.09702,1.10515,48492,8,0
2022-10-12 12:00:00,1.10517,1.10989,1.10219,1.10931,47264,8,0
2022-10-12 16:00:00,1.1093,1.11335,1.10545,1.10936,25014,8,0
2022-10-12 20:00:00,1.10937,1.11043,1.10844,1.11005,2950,8,0
2022-10-13 00:00:00,1.11006,1.112,1.10776,1.10799,10836,8,0
2022-10-13 04:00:00,1.10798,1.1093,1.10568,1.10884,15717,8,0
2022-10-13 08:00:00,1.10886,1.12965,1.10723,1.1261700000000001,45127,8,0
2022-10-13 12:00:00,1.12619,1.13667,1.11518,1.13421,110480,8,0
2022-10-13 16:00:00,1.13418,1.13802,1.13012,1.13167,37907,8,0
2022-10-13 20:00:00,1.13164,1.13378,1.12975,1.1301,3545,8,0
2022-10-14 00:00:00,1.13012,1.1365,1.12896,1.13282,22861,8,0
2022-10-14 04:00:00,1.13281,1.13347,1.12543,1.1306,31052,8,0
2022-10-14 08:00:00,1.13057,1.13104,1.1166,1.11942,54987,8,0
2022-10-14 12:00:00,1.11943,1.12879,1.11575,1.12062,67979,8,0
2022-10-14 16:00:00,1.12061,1.12252,1.11515,1.11847,26426,8,0
2022-10-14 20:00:00,1.11845,1.11857,1.11621,1.11788,1490,8,0
2022-10-16 20:00:00,1.12145,1.1248,1.12059,1.12411,3934,12,0
2022-10-17 00:00:00,1.12413,1.12517,1.12158,1.12334,16284,8,0
2022-10-17 04:00:00,1.12336,1.13038,1.1215600000000001,1.12576,30309,8,0
2022-10-17 08:00:00,1.12578,1.13312,1.12236,1.12949,33125,8,0
2022-10-17 12:00:00,1.12948,1.14388,1.12878,1.14248,39313,8,0
2022-10-17 16:00:00,1.14247,1.14303,1.13435,1.13493,19309,8,0
2022-10-17 20:00:00,1.13492,1.13686,1.13465,1.1351499999999999,7250,8,0
2022-10-18 00:00:00,1.13517,1.13756,1.13309,1.13726,16198,8,0
2022-10-18 04:00:00,1.13729,1.14097,1.13008,1.13545,33977,8,0
2022-10-18 08:00:00,1.13546,1.13605,1.12545,1.13081,35585,8,0
2022-10-18 12:00:00,1.13079,1.13462,1.12797,1.13052,40641,8,0
2022-10-18 16:00:00,1.1305,1.13331,1.12798,1.13258,26113,8,0
2022-10-18 20:00:00,1.13259,1.13574,1.13117,1.13419,5962,8,0
2022-10-19 00:00:00,1.13422,1.13504,1.13281,1.13339,15332,8,0
2022-10-19 04:00:00,1.13338,1.13368,1.12583,1.12776,25418,8,0
2022-10-19 08:00:00,1.12775,1.12857,1.12214,1.12467,32430,8,0
2022-10-19 12:00:00,1.12465,1.12779,1.12215,1.12304,36541,8,0
2022-10-19 16:00:00,1.12302,1.12368,1.11847,1.1226,20651,8,0
2022-10-19 20:00:00,1.12258,1.12269,1.1201,1.12064,4052,8,0
2022-10-20 00:00:00,1.12066,1.12219,1.11906,1.12011,16017,8,0
2022-10-20 04:00:00,1.12007,1.12394,1.11958,1.12162,32394,8,0
2022-10-20 08:00:00,1.12165,1.12639,1.11708,1.12523,34688,8,0
2022-10-20 12:00:00,1.12521,1.13362,1.12417,1.12855,56633,8,0
2022-10-20 16:00:00,1.12857,1.1287099999999999,1.12024,1.12223,29149,8,0
2022-10-20 20:00:00,1.12224,1.12357,1.12142,1.1221,3594,8,0
2022-10-21 00:00:00,1.12213,1.12262,1.11943,1.11997,16500,8,0
2022-10-21 04:00:00,1.11996,1.1222,1.11721,1.11785,26213,8,0
2022-10-21 08:00:00,1.11783,1.11796,1.10999,1.11089,33958,8,0
2022-10-21 12:00:00,1.11091,1.12951,1.10601,1.12888,108281,8,0
2022-10-21 16:00:00,1.1289,1.13111,1.12176,1.13012,43944,8,0
2022-10-21 20:00:00,1.13011,1.13144,1.12928,1.12964,2601,8,0
2022-10-23 20:00:00,1.13733,1.14065,1.13068,1.1335600000000001,31802,12,0
2022-10-24 00:00:00,1.13357,1.13548,1.12999,1.13051,32961,8,0
2022-10-24 04:00:00,1.1305,1.13822,1.1305,1.13256,35780,8,0
2022-10-24 08:00:00,1.13255,1.13481,1.12732,1.13086,42945,8,0
2022-10-24 12:00:00,1.13085,1.13436,1.12715,1.1292,56285,8,0
2022-10-24 16:00:00,1.12919,1.12999,1.12576,1.12789,17515,8,0
2022-10-24 20:00:00,1.12787,1.13155,1.12707,1.13053,4629,8,0
2022-10-25 00:00:00,1.13056,1.1325,1.12925,1.13014,22735,8,0
2022-10-25 04:00:00,1.13012,1.13055,1.12703,1.12933,20503,8,0
2022-10-25 08:00:00,1.1293199999999999,1.13401,1.12907,1.1313,23604,8,0
2022-10-25 12:00:00,1.13129,1.14989,1.1305,1.1467100000000001,40283,8,0
2022-10-25 16:00:00,1.1467100000000001,1.14882,1.14597,1.14706,19560,8,0
2022-10-25 20:00:00,1.14707,1.1478,1.14491,1.14582,4356,8,0
2022-10-26 00:00:00,1.14584,1.14676,1.14302,1.14584,17392,8,0
2022-10-26 04:00:00,1.14585,1.15769,1.14448,1.15686,27927,8,0
2022-10-26 08:00:00,1.15688,1.16194,1.15473,1.15629,36910,8,0
2022-10-26 12:00:00,1.15628,1.16252,1.15438,1.16133,49249,8,0
2022-10-26 16:00:00,1.16131,1.16383,1.15973,1.16267,21439,8,0
2022-10-26 20:00:00,1.16268,1.16399,1.1609,1.16385,5006,8,0
2022-10-27 00:00:00,1.1638600000000001,1.16451,1.1604700000000001,1.16105,18031,8,0
2022-10-27 04:00:00,1.16103,1.1635900000000001,1.15851,1.15924,24675,8,0
2022-10-27 08:00:00,1.1592500000000001,1.16089,1.1548,1.15829,27906,8,0
2022-10-27 12:00:00,1.15827,1.1634,1.15488,1.1571799999999999,71488,8,0
2022-10-27 16:00:00,1.15719,1.16015,1.15575,1.1575,19974,8,0
2022-10-27 20:00:00,1.15749,1.15766,1.1555900000000001,1.1564,5469,8,0
2022-10-28 00:00:00,1.15642,1.15941,1.15435,1.15807,21429,8,0
2022-10-28 04:00:00,1.15808,1.15833,1.1508,1.15152,28582,8,0
2022-10-28 08:00:00,1.15154,1.15744,1.15029,1.1552,28683,8,0
2022-10-28 12:00:00,1.15518,1.15998,1.15215,1.1571500000000001,51475,8,0
2022-10-28 16:00:00,1.15713,1.16232,1.15561,1.1617,13216,8,0
2022-10-28 20:00:00,1.16168,1.16215,1.16085,1.16144,1231,8,0
2022-10-30 20:00:00,1.15853,1.16044,1.15816,1.15945,2408,12,0
2022-10-31 00:00:00,1.15946,1.16132,1.15854,1.16054,11563,8,0
2022-10-31 04:00:00,1.16056,1.16088,1.1574200000000001,1.15773,13040,8,0
2022-10-31 08:00:00,1.1577,1.15778,1.15151,1.15399,22245,8,0
2022-10-31 12:00:00,1.15402,1.1541299999999999,1.14753,1.15129,30464,8,0
2022-10-31 16:00:00,1.15128,1.15158,1.146,1.14673,17827,8,0
2022-10-31 20:00:00,1.14675,1.14743,1.14579,1.1467,2876,8,0
2022-11-01 00:00:00,1.14672,1.15151,1.14639,1.15064,13894,8,0
2022-11-01 04:00:00,1.15066,1.1549,1.14953,1.15176,19785,8,0
2022-11-01 08:00:00,1.15177,1.15539,1.15126,1.1549,22490,8,0
2022-11-01 12:00:00,1.1549,1.1565699999999999,1.14442,1.1459,38007,8,0
2022-11-01 16:00:00,1.14587,1.15079,1.14367,1.1482999999999999,21346,8,0
2022-11-01 20:00:00,1.14828,1.14924,1.14727,1.14881,3752,8,0
2022-11-02 00:00:00,1.14883,1.1526399999999999,1.14858,1.15152,13783,8,0
2022-11-02 04:00:00,1.15154,1.15222,1.14844,1.14936,13437,8,0
2022-11-02 08:00:00,1.14935,1.15238,1.14852,1.15017,19245,8,0
2022-11-02 12:00:00,1.15016,1.15156,1.14564,1.14656,26977,8,0
2022-11-02 16:00:00,1.14655,1.15644,1.13946,1.1395,66817,8,0
2022-11-02 20:00:00,1.13949,1.14005,1.13748,1.13831,5113,8,0
2022-11-03 00:00:00,1.13833,1.14215,1.13748,1.1415899999999999,12964,8,0
2022-11-03 04:00:00,1.14161,1.14202,1.1328,1.13447,16075,8,0
2022-11-03 08:00:00,1.13448,1.13448,1.12281,1.12481,34401,8,0
2022-11-03 12:00:00,1.12494,1.1280000000000001,1.11563,1.11813,57952,8,0
2022-11-03 16:00:00,1.11811,1.12027,1.1154,1.1164,19840,8,0
2022-11-03 20:00:00,1.11642,1.11712,1.11477,1.11697,4738,8,0
2022-11-04 00:00:00,1.117,1.12143,1.11682,1.12093,13228,8,0
2022-11-04 04:00:00,1.1209,1.12406,1.11904,1.1201,22577,8,0
2022-11-04 08:00:00,1.12008,1.12491,1.12006,1.1211,29780,8,0
2022-11-04 12:00:00,1.12113,1.13369,1.11454,1.12771,67419,8,0
2022-11-04 16:00:00,1.12774,1.13819,1.12623,1.1373,28236,8,0
2022-11-04 20:00:00,1.13729,1.1381000000000001,1.13697,1.13738,1681,8,0
2022-11-06 20:00:00,1.1309,1.13394,1.13042,1.13296,1840,25,0
2022-11-07 00:00:00,1.13303,1.13432,1.13053,1.13301,14369,8,0
2022-11-07 04:00:00,1.13297,1.13495,1.12902,1.13031,17514,8,0
2022-11-07 08:00:00,1.1302699999999999,1.14762,1.1296599999999999,1.14445,35533,8,0
2022-11-07 12:00:00,1.14444,1.14842,1.14263,1.14656,38095,8,0
2022-11-07 16:00:00,1.14653,1.15412,1.1449,1.15319,16482,8,0
2022-11-07 20:00:00,1.15321,1.15379,1.15018,1.15124,4477,8,0
2022-11-08 00:00:00,1.15122,1.1536,1.14969,1.15104,10252,8,0
2022-11-08 04:00:00,1.15107,1.1513200000000001,1.14596,1.14697,13911,8,0
2022-11-08 08:00:00,1.14699,1.14939,1.14434,1.1465,25202,8,0
2022-11-08 12:00:00,1.14649,1.15728,1.14286,1.15633,33541,8,0
2022-11-08 16:00:00,1.15634,1.15987,1.15123,1.15348,23074,8,0
2022-11-08 20:00:00,1.15346,1.15563,1.15324,1.15513,6305,8,0
2022-11-09 00:00:00,1.15511,1.15592,1.15226,1.1546,13991,8,0
2022-11-09 04:00:00,1.15459,1.15516,1.15167,1.1522999999999999,17252,8,0
2022-11-09 08:00:00,1.15232,1.15668,1.14178,1.14621,38922,8,0
2022-11-09 12:00:00,1.14623,1.1471,1.13553,1.13752,45722,8,0
2022-11-09 16:00:00,1.13754,1.14218,1.13334,1.13425,26144,8,0
2022-11-09 20:00:00,1.13423,1.13675,1.1341700000000001,1.13674,6239,8,0
2022-11-10 00:00:00,1.13673,1.14091,1.13646,1.14041,13416,8,0
2022-11-10 04:00:00,1.14039,1.1412200000000001,1.13647,1.13828,15769,8,0
2022-11-10 08:00:00,1.13829,1.14057,1.13628,1.1374,32264,8,0
2022-11-10 12:00:00,1.13742,1.16861,1.13727,1.1679599999999999,69228,8,0
2022-11-10 16:00:00,1.16795,1.16963,1.16269,1.16961,29564,8,0
2022-11-10 20:00:00,1.16958,1.17311,1.16864,1.1694,8980,8,0
2022-11-11 00:00:00,1.16939,1.17028,1.16469,1.16731,18678,8,0
2022-11-11 04:00:00,1.16727,1.17585,1.16589,1.17454,25962,8,0
2022-11-11 08:00:00,1.17452,1.1773500000000001,1.17102,1.17603,38293,8,0
2022-11-11 12:00:00,1.17601,1.17961,1.17089,1.17757,39550,8,0
2022-11-11 16:00:00,1.17758,1.18542,1.17604,1.1853,22470,8,0
2022-11-11 20:00:00,1.18527,1.18537,1.1827,1.18334,6538,8,0
2022-11-13 20:00:00,1.18081,1.18086,1.17644,1.17964,1906,12,0
2022-11-14 00:00:00,1.17961,1.18174,1.17731,1.17763,19155,8,0
2022-11-14 04:00:00,1.17765,1.1789399999999999,1.1743000000000001,1.1789100000000001,18043,8,0
2022-11-14 08:00:00,1.17892,1.18286,1.1746,1.17698,31222,8,0
2022-11-14 12:00:00,1.17697,1.18127,1.17096,1.17303,35624,8,0
2022-11-14 16:00:00,1.17302,1.18022,1.17135,1.17792,20497,8,0
2022-11-14 20:00:00,1.17791,1.17853,1.17418,1.1751,5372,8,0
2022-11-15 00:00:00,1.17512,1.17736,1.1740599999999999,1.17656,11323,8,0
2022-11-15 04:00:00,1.17658,1.18371,1.17544,1.18301,18926,8,0
2022-11-15 08:00:00,1.18303,1.18818,1.18081,1.18714,35015,8,0
2022-11-15 12:00:00,1.1871800000000001,1.20263,1.18545,1.18955,65859,8,0
2022-11-15 16:00:00,1.18956,1.19032,1.17903,1.18742,58353,8,0
2022-11-15 20:00:00,1.18744,1.18854,1.18475,1.1879,10530,8,0
2022-11-16 00:00:00,1.18791,1.18869,1.18326,1.18476,22594,8,0
2022-11-16 04:00:00,1.18473,1.19014,1.1831,1.18923,25166,8,0
2022-11-16 08:00:00,1.18925,1.19418,1.1856,1.19019,28696,8,0
2022-11-16 12:00:00,1.1902,1.19159,1.18316,1.18911,43435,8,0
2022-11-16 16:00:00,1.18912,1.19153,1.1865700000000001,1.19106,22901,8,0
2022-11-16 20:00:00,1.19105,1.19244,1.1901,1.19135,6405,8,0
2022-11-17 00:00:00,1.19136,1.1919,1.18661,1.1877900000000001,11273,8,0
2022-11-17 04:00:00,1.18781,1.19368,1.18769,1.1933799999999999,13555,8,0
2022-11-17 08:00:00,1.1934,1.19574,1.1801,1.1851,32997,8,0
2022-11-17 12:00:00,1.1851099999999999,1.18723,1.17621,1.1777199999999999,44810,8,0
2022-11-17 16:00:00,1.17774,1.18642,1.17653,1.18514,20231,8,0
2022-11-17 20:00:00,1.18515,1.18679,1.18419,1.18582,4987,8,0
2022-11-18 00:00:00,1.18584,1.19311,1.18581,1.19189,13699,8,0
2022-11-18 04:00:00,1.1919,1.1923,1.18813,1.19175,15160,8,0
2022-11-18 08:00:00,1.1917200000000001,1.19503,1.18822,1.19102,28186,8,0
2022-11-18 12:00:00,1.19101,1.19407,1.18733,1.19292,27527,8,0
2022-11-18 16:00:00,1.1929,1.19334,1.18726,1.1890100000000001,15279,8,0
2022-11-18 20:00:00,1.18903,1.19005,1.1879,1.18844,4814,8,0
2022-11-20 20:00:00,1.189,1.1895,1.18789,1.18848,919,12,0
2022-11-21 00:00:00,1.18849,1.18859,1.1836,1.1854,11187,8,0
2022-11-21 04:00:00,1.18542,1.18558,1.1807,1.18178,14994,8,0
2022-11-21 08:00:00,1.1818,1.18381,1.17926,1.18087,25655,8,0
2022-11-21 12:00:00,1.18086,1.1827,1.17798,1.17842,24705,8,0
2022-11-21 16:00:00,1.17838,1.18238,1.17781,1.18149,14200,8,0
2022-11-21 20:00:00,1.18147,1.18259,1.18047,1.18259,4803,8,0
2022-11-22 00:00:00,1.18261,1.1863299999999999,1.18218,1.18574,10020,8,0
2022-11-22 04:00:00,1.18573,1.18573,1.18244,1.18469,12155,8,0
2022-11-22 08:00:00,1.18472,1.18837,1.18281,1.18757,25487,8,0
2022-11-22 12:00:00,1.1875499999999999,1.19025,1.18658,1.1879,23989,8,0
2022-11-22 16:00:00,1.18793,1.18936,1.18553,1.18834,10929,8,0
2022-11-22 20:00:00,1.18832,1.1893,1.18786,1.1893,3843,8,0
2022-11-23 00:00:00,1.18929,1.19093,1.18754,1.18789,7615,8,0
2022-11-23 04:00:00,1.18787,1.19115,1.18722,1.19036,9470,8,0
2022-11-23 08:00:00,1.1903299999999999,1.19457,1.18739,1.19384,19234,8,0
2022-11-23 12:00:00,1.19383,1.20804,1.19275,1.20662,31914,8,0
2022-11-23 16:00:00,1.20661,1.2074,1.20194,1.2065,22719,8,0
2022-11-23 20:00:00,1.20652,1.20764,1.20432,1.20764,6170,8,0
2022-11-24 00:00:00,1.20763,1.2105,1.2058200000000001,1.21025,11062,8,0
2022-11-24 04:00:00,1.21022,1.21127,1.20786,1.2082,12177,8,0
2022-11-24 08:00:00,1.20818,1.21311,1.20595,1.2126000000000001,25388,8,0
2022-11-24 12:00:00,1.21258,1.2153100000000001,1.21035,1.214,20641,8,0
2022-11-24 16:00:00,1.21402,1.21415,1.21097,1.21181,5451,8,0
2022-11-24 20:00:00,1.21173,1.21194,1.21022,1.21119,1240,12,0
2022-11-25 00:00:00,1.21118,1.21157,1.20966,1.21107,7847,8,0
2022-11-25 04:00:00,1.2111,1.21271,1.20895,1.2091,11438,8,0
2022-11-25 08:00:00,1.20907,1.21195,1.20722,1.20859,20199,8,0
2022-11-25 12:00:00,1.20858,1.21007,1.20578,1.20944,21908,8,0
2022-11-25 16:00:00,1.20943,1.21106,1.20713,1.20945,26808,8,0
2022-11-25 20:00:00,1.20935,1.20998,1.2083,1.2089699999999999,12893,41,0
2022-11-27 20:00:00,1.2064,1.20646,1.20464,1.2053,970,21,0
2022-11-28 00:00:00,1.20535,1.20745,1.20254,1.20463,11808,8,0
2022-11-28 04:00:00,1.2046000000000001,1.20819,1.20426,1.20651,11858,8,0
2022-11-28 08:00:00,1.2065,1.21177,1.20525,1.20941,27646,8,0
2022-11-28 12:00:00,1.20945,1.21002,1.20294,1.20376,28208,8,0
2022-11-28 16:00:00,1.20374,1.20413,1.19501,1.19516,18164,8,0
2022-11-28 20:00:00,1.19518,1.19632,1.1939899999999999,1.19589,4695,8,0
2022-11-29 00:00:00,1.1959,1.20108,1.19524,1.2003,12058,8,0
2022-11-29 04:00:00,1.20032,1.20389,1.1979899999999999,1.20339,17348,8,0
2022-11-29 08:00:00,1.2034,1.2064,1.19796,1.20258,26891,8,0
2022-11-29 12:00:00,1.20256,1.20345,1.1952099999999999,1.19993,32233,8,0
2022-11-29 16:00:00,1.19992,1.20021,1.19448,1.19524,15510,8,0
2022-11-29 20:00:00,1.1952099999999999,1.19535,1.19382,1.1945000000000001,3738,8,0
2022-11-30 00:00:00,1.19452,1.19902,1.19416,1.19782,9798,8,0
2022-11-30 04:00:00,1.1978,1.1993,1.19486,1.19662,12816,8,0
2022-11-30 08:00:00,1.1966,1.20289,1.19539,1.20108,21527,8,0
2022-11-30 12:00:00,1.2011,1.20248,1.19075,1.19112,33868,8,0
2022-11-30 16:00:00,1.1911,1.20598,1.19001,1.20574,42977,8,0
2022-11-30 20:00:00,1.20576,1.20865,1.20453,1.20746,11139,8,0
2022-12-01 00:00:00,1.20745,1.21042,1.20728,1.20896,14143,8,0
2022-12-01 04:00:00,1.20894,1.21181,1.20691,1.20747,16170,8,0
2022-12-01 08:00:00,1.20751,1.21659,1.2074799999999999,1.21637,24926,8,0
2022-12-01 12:00:00,1.21639,1.23103,1.21629,1.22671,43941,8,0
2022-12-01 16:00:00,1.22674,1.22755,1.22248,1.22588,26402,8,0
2022-12-01 20:00:00,1.22589,1.22756,1.22387,1.2258,6917,8,0
2022-12-02 00:00:00,1.22578,1.22578,1.22302,1.22503,10415,8,0
2022-12-02 04:00:00,1.22501,1.22674,1.22244,1.2261199999999999,12776,8,0
2022-12-02 08:00:00,1.22615,1.22974,1.22469,1.22771,23161,8,0
2022-12-02 12:00:00,1.2277,1.22936,1.21343,1.2215799999999999,55518,8,0
2022-12-02 16:00:00,1.22156,1.22995,1.22074,1.22881,19859,8,0
2022-12-02 20:00:00,1.22883,1.2298499999999999,1.22761,1.22916,5591,8,0
2022-12-04 20:00:00,1.22761,1.22961,1.22694,1.22957,1132,12,0
2022-12-05 00:00:00,1.22954,1.2341199999999999,1.22874,1.23372,11530,8,0
2022-12-05 04:00:00,1.23371,1.23441,1.22854,1.22948,12282,8,0
2022-12-05 08:00:00,1.2295099999999999,1.22997,1.22322,1.22759,24324,8,0
2022-12-05 12:00:00,1.2275800000000001,1.23198,1.21875,1.22147,32638,8,0
2022-12-05 16:00:00,1.22146,1.22233,1.21612,1.21732,18207,8,0
2022-12-05 20:00:00,1.21734,1.21964,1.21651,1.21914,5572,8,0
2022-12-06 00:00:00,1.21917,1.22235,1.21917,1.2197,11823,8,0
2022-12-06 04:00:00,1.21972,1.22086,1.2166299999999999,1.22018,13942,8,0
2022-12-06 08:00:00,1.22019,1.22225,1.21578,1.22143,23034,8,0
2022-12-06 12:00:00,1.22142,1.22408,1.21522,1.22195,28789,8,0
2022-12-06 16:00:00,1.22198,1.2269,1.21366,1.21421,21973,8,0
2022-12-06 20:00:00,1.21423,1.21472,1.21229,1.2132100000000001,3605,8,0
2022-12-07 00:00:00,1.2132,1.21497,1.21211,1.21387,9710,8,0
2022-12-07 04:00:00,1.21388,1.21442,1.21056,1.21318,14494,8,0
2022-12-07 08:00:00,1.21317,1.21863,1.21143,1.21481,22432,8,0
2022-12-07 12:00:00,1.21479,1.22259,1.2139199999999999,1.21953,40293,8,0
2022-12-07 16:00:00,1.21952,1.2234099999999999,1.21718,1.22135,18443,8,0
2022-12-07 20:00:00,1.22133,1.22189,1.2196799999999999,1.22079,4323,8,0
2022-12-08 00:00:00,1.22092,1.22132,1.21798,1.2195,9599,8,0
2022-12-08 04:00:00,1.21949,1.22143,1.21778,1.22011,10244,8,0
2022-12-08 08:00:00,1.22012,1.2206299999999999,1.21538,1.21736,17810,8,0
2022-12-08 12:00:00,1.21733,1.22467,1.21622,1.22173,25909,8,0
2022-12-08 16:00:00,1.22171,1.2247,1.2205300000000001,1.22428,15196,8,0
2022-12-08 20:00:00,1.22424,1.22424,1.22213,1.22336,3831,8,0
2022-12-09 00:00:00,1.22333,1.22761,1.22263,1.22736,10789,8,0
2022-12-09 04:00:00,1.22736,1.22766,1.22517,1.22555,10706,8,0
2022-12-09 08:00:00,1.22553,1.22757,1.22314,1.22641,17100,8,0
2022-12-09 12:00:00,1.22641,1.22996,1.22039,1.22945,38878,8,0
2022-12-09 16:00:00,1.22944,1.23222,1.22682,1.22721,15170,8,0
2022-12-09 20:00:00,1.22718,1.22753,1.2252,1.2264,3927,8,0
2022-12-11 20:00:00,1.2255,1.22598,1.22316,1.22343,777,40,0
2022-12-12 00:00:00,1.22353,1.22403,1.22117,1.22295,9708,8,0
2022-12-12 04:00:00,1.2229700000000001,1.22595,1.22062,1.22568,11164,8,0
2022-12-12 08:00:00,1.22566,1.22954,1.2230699999999999,1.2276,17371,8,0
2022-12-12 12:00:00,1.22762,1.22984,1.22497,1.2253,19072,8,0
2022-12-12 16:00:00,1.22528,1.2288000000000001,1.22405,1.2257500000000001,16679,8,0
2022-12-12 20:00:00,1.22574,1.22725,1.22567,1.22686,3978,8,0
2022-12-13 00:00:00,1.22684,1.22902,1.2255099999999999,1.2258499999999999,8642,8,0
2022-12-13 04:00:00,1.22586,1.23019,1.22517,1.2284,10510,8,0
2022-12-13 08:00:00,1.2284,1.23021,1.22479,1.22902,18371,8,0
2022-12-13 12:00:00,1.22901,1.24437,1.22855,1.2393,53125,8,0
2022-12-13 16:00:00,1.23932,1.2414,1.23449,1.23726,30255,8,0
2022-12-13 20:00:00,1.23723,1.23784,1.23525,1.23543,7496,8,0
2022-12-14 00:00:00,1.23541,1.23577,1.23417,1.23519,10483,8,0
2022-12-14 04:00:00,1.23521,1.23742,1.23409,1.23636,11524,8,0
2022-12-14 08:00:00,1.23635,1.24035,1.23519,1.2373,26654,8,0
2022-12-14 12:00:00,1.23728,1.24164,1.23547,1.24026,24826,8,0
2022-12-14 16:00:00,1.24027,1.24442,1.23446,1.24032,53521,8,0
2022-12-14 20:00:00,1.24033,1.24464,1.2397,1.2418,20225,8,0
2022-12-15 00:00:00,1.2417799999999999,1.2425,1.23861,1.2387,8714,8,0
2022-12-15 04:00:00,1.23869,1.2402,1.23765,1.23798,11429,8,0
2022-12-15 08:00:00,1.238,1.23843,1.22959,1.23337,26066,8,0
2022-12-15 12:00:00,1.23342,1.23564,1.22145,1.22161,53592,8,0
2022-12-15 16:00:00,1.22162,1.22245,1.2156,1.21902,25340,8,0
2022-12-15 20:00:00,1.21901,1.21957,1.21701,1.21902,5319,8,0
2022-12-16 00:00:00,1.219,1.22228,1.21883,1.22043,10752,8,0
2022-12-16 04:00:00,1.22047,1.22223,1.21707,1.21762,11872,8,0
2022-12-16 08:00:00,1.21765,1.22153,1.21195,1.21908,27216,8,0
2022-12-16 12:00:00,1.2190400000000001,1.2222,1.21471,1.21538,34015,8,0
2022-12-16 16:00:00,1.2154,1.21943,1.2145,1.21664,19316,8,0
2022-12-16 20:00:00,1.21662,1.21812,1.2134,1.21362,6595,8,0
2022-12-18 20:00:00,1.21455,1.21676,1.21452,1.21588,853,12,0
2022-12-19 00:00:00,1.2159,1.22019,1.21538,1.21816,10299,8,0
2022-12-19 04:00:00,1.21815,1.21934,1.2167,1.21899,11728,8,0
2022-12-19 08:00:00,1.21901,1.22415,1.21802,1.21859,23756,8,0
2022-12-19 12:00:00,1.2186,1.21936,1.2120199999999999,1.213,24950,8,0
2022-12-19 16:00:00,1.21303,1.21925,1.21294,1.2141899999999999,16532,8,0
2022-12-19 20:00:00,1.21421,1.21538,1.21395,1.21538,3894,8,0
2022-12-20 00:00:00,1.2154,1.2223,1.21336,1.2139199999999999,26975,8,0
2022-12-20 04:00:00,1.21394,1.21634,1.20851,1.2145,28997,8,0
2022-12-20 08:00:00,1.2145,1.21969,1.21338,1.21609,33066,8,0
2022-12-20 12:00:00,1.21608,1.21678,1.20977,1.2139,35133,8,0
2022-12-20 16:00:00,1.21388,1.21702,1.21235,1.21689,20027,8,0
2022-12-20 20:00:00,1.2168700000000001,1.21905,1.21588,1.21879,5302,8,0
2022-12-21 00:00:00,1.21877,1.21893,1.21607,1.2169,10227,8,0
2022-12-21 04:00:00,1.2168700000000001,1.21823,1.21499,1.21801,10110,8,0
2022-12-21 08:00:00,1.21804,1.2182,1.20927,1.20984,22578,8,0
2022-12-21 12:00:00,1.20987,1.2163599999999999,1.20856,1.21085,27047,8,0
2022-12-21 16:00:00,1.21086,1.2112,1.20548,1.20815,16719,8,0
2022-12-21 20:00:00,1.20811,1.20943,1.20697,1.20759,4537,8,0
2022-12-22 00:00:00,1.20757,1.21342,1.20755,1.21333,7325,8,0
2022-12-22 04:00:00,1.2133,1.21339,1.21005,1.21304,8494,8,0
2022-12-22 08:00:00,1.21302,1.21471,1.20408,1.20444,20437,8,0
2022-12-22 12:00:00,1.20445,1.20624,1.1992099999999999,1.2027,29134,8,0
2022-12-22 16:00:00,1.20268,1.20436,1.20005,1.20303,14069,8,0
2022-12-22 20:00:00,1.203,1.20467,1.20222,1.20374,6095,8,0
2022-12-23 00:00:00,1.20373,1.20522,1.20183,1.20497,10009,8,0
2022-12-23 04:00:00,1.20499,1.2071,1.20286,1.20642,8969,8,0
2022-12-23 08:00:00,1.2064,1.20898,1.20419,1.20692,16877,8,0
2022-12-23 12:00:00,1.2069,1.20858,1.20228,1.206,32429,8,0
2022-12-23 16:00:00,1.20601,1.20696,1.20275,1.2039900000000001,12917,8,0
2022-12-23 20:00:00,1.204,1.20528,1.20346,1.20499,3688,8,0
2022-12-25 20:00:00,1.20624,1.20641,1.20506,1.20614,501,62,0
2022-12-26 00:00:00,1.2063,1.20766,1.20505,1.2064300000000001,2020,42,0
2022-12-26 04:00:00,1.20635,1.20717,1.20535,1.20621,6161,36,0
2022-12-26 08:00:00,1.20628,1.20773,1.2052,1.2071399999999999,3147,30,0
2022-12-26 12:00:00,1.20717,1.2080899999999999,1.20602,1.2061600000000001,744,32,0
2022-12-26 16:00:00,1.20621,1.20686,1.20512,1.20596,11718,57,0
2022-12-26 20:00:00,1.2059,1.20877,1.20466,1.20779,3597,68,0
2022-12-27 00:00:00,1.20785,1.21025,1.20721,1.20821,8077,8,0
2022-12-27 04:00:00,1.20817,1.21121,1.208,1.20915,9030,8,0
2022-12-27 08:00:00,1.20914,1.20914,1.20303,1.20371,16029,8,0
2022-12-27 12:00:00,1.20368,1.20475,1.2002,1.20204,21478,8,0
2022-12-27 16:00:00,1.20205,1.2036,1.20078,1.20297,12808,8,0
2022-12-27 20:00:00,1.20295,1.20325,1.20168,1.20261,3373,8,0
2022-12-28 00:00:00,1.20264,1.2031100000000001,1.2002,1.20055,9255,8,0
2022-12-28 04:00:00,1.20054,1.20544,1.20048,1.20445,9513,8,0
2022-12-28 08:00:00,1.20446,1.20899,1.20171,1.20764,16574,8,0
2022-12-28 12:00:00,1.20766,1.21251,1.203,1.2034799999999999,23435,8,0
2022-12-28 16:00:00,1.20351,1.20539,1.20219,1.2027,14426,8,0
2022-12-28 20:00:00,1.20267,1.20303,1.20089,1.20259,3840,8,0
2022-12-29 00:00:00,1.20274,1.20506,1.20274,1.2037,6936,8,0
2022-12-29 04:00:00,1.2037200000000001,1.20423,1.20143,1.20339,7478,8,0
2022-12-29 08:00:00,1.2034,1.20631,1.20218,1.20289,15177,8,0
2022-12-29 12:00:00,1.20291,1.20783,1.20193,1.20538,24877,8,0
2022-12-29 16:00:00,1.20541,1.20756,1.2048,1.2071,12109,8,0
2022-12-29 20:00:00,1.20709,1.20719,1.20453,1.20548,4103,8,0
2022-12-30 00:00:00,1.20547,1.20667,1.20408,1.20456,7356,8,0
2022-12-30 04:00:00,1.20452,1.2070400000000001,1.20286,1.2067,9094,8,0
2022-12-30 08:00:00,1.20667,1.2074799999999999,1.2026,1.20384,18508,8,0
2022-12-30 12:00:00,1.20382,1.21073,1.2009400000000001,1.2028699999999999,33702,8,0
2022-12-30 16:00:00,1.20286,1.20994,1.2025000000000001,1.20637,20896,8,0
2022-12-30 20:00:00,1.20635,1.20994,1.20627,1.20948,6075,8,0
2023-01-01 20:00:00,1.20695,1.20886,1.20496,1.20877,544,181,0
2023-01-02 00:00:00,1.20932,1.20963,1.20571,1.20637,1053,73,0
2023-01-02 04:00:00,1.20637,1.20742,1.20536,1.20594,2833,54,0
2023-01-02 08:00:00,1.20597,1.20717,1.2037,1.20468,8732,57,0
2023-01-02 12:00:00,1.20467,1.20478,1.20374,1.2038,934,107,0
2023-01-02 16:00:00,1.20378,1.20434,1.20294,1.20405,3171,110,0
2023-01-02 20:00:00,1.20408,1.20679,1.20286,1.20574,2102,110,0
2023-01-03 00:00:00,1.20578,1.20844,1.20345,1.2073800000000001,13457,8,0
2023-01-03 04:00:00,1.20737,1.20843,1.20214,1.20281,13910,8,0
2023-01-03 08:00:00,1.20282,1.20318,1.19001,1.19309,28465,8,0
2023-01-03 12:00:00,1.19307,1.20571,1.19236,1.20085,27743,8,0
2023-01-03 16:00:00,1.20088,1.20112,1.19523,1.19837,15456,8,0
2023-01-03 20:00:00,1.19836,1.1991100000000001,1.19561,1.19659,5056,8,0
2023-01-04 00:00:00,1.19657,1.2001,1.19652,1.19888,8914,8,0
2023-01-04 04:00:00,1.19889,1.204,1.19703,1.20264,12281,8,0
2023-01-04 08:00:00,1.20261,1.20871,1.20251,1.20541,23990,8,0
2023-01-04 12:00:00,1.20543,1.2073,1.20134,1.20446,31869,8,0
2023-01-04 16:00:00,1.20446,1.20762,1.2019,1.20588,21202,8,0
2023-01-04 20:00:00,1.20585,1.20667,1.20488,1.20558,5985,8,0
2023-01-05 00:00:00,1.20556,1.20778,1.2035,1.20362,10163,8,0
2023-01-05 04:00:00,1.20361,1.20502,1.19988,1.20072,9297,8,0
2023-01-05 08:00:00,1.20074,1.20378,1.19996,1.20219,17932,8,0
2023-01-05 12:00:00,1.20222,1.20352,1.18729,1.18808,37856,8,0
2023-01-05 16:00:00,1.1880600000000001,1.1935,1.1878,1.19171,20746,8,0
2023-01-05 20:00:00,1.19171,1.19187,1.18916,1.19086,5069,8,0
2023-01-06 00:00:00,1.19088,1.19355,1.19072,1.19282,11496,8,0
2023-01-06 04:00:00,1.1928,1.19339,1.18849,1.18905,13573,8,0
2023-01-06 08:00:00,1.18907,1.19169,1.18408,1.18471,22490,8,0
2023-01-06 12:00:00,1.18469,1.20536,1.18447,1.20461,53578,8,0
2023-01-06 16:00:00,1.20463,1.20988,1.20344,1.20964,18996,8,0
2023-01-06 20:00:00,1.20961,1.20975,1.20877,1.20932,4260,8,0
2023-01-08 20:00:00,1.20805,1.21193,1.20802,1.21193,1106,12,0
2023-01-09 00:00:00,1.2119,1.21361,1.2093099999999999,1.2122,12393,8,0
2023-01-09 04:00:00,1.21222,1.21664,1.21214,1.21395,14535,8,0
2023-01-09 08:00:00,1.21396,1.21738,1.21117,1.21438,25071,8,0
2023-01-09 12:00:00,1.21437,1.22096,1.21305,1.21908,28991,8,0
2023-01-09 16:00:00,1.21906,1.22083,1.21737,1.22035,16593,8,0
2023-01-09 20:00:00,1.22032,1.22033,1.21722,1.21834,6536,8,0
2023-01-10 00:00:00,1.21835,1.21976,1.21567,1.21675,13872,8,0
2023-01-10 04:00:00,1.21677,1.21772,1.21384,1.21492,13244,8,0
2023-01-10 08:00:00,1.21494,1.21844,1.21486,1.21543,20841,8,0
2023-01-10 12:00:00,1.21544,1.21807,1.21096,1.21473,36456,8,0
2023-01-10 16:00:00,1.21477,1.21807,1.21416,1.2163599999999999,17112,8,0
2023-01-10 20:00:00,1.21634,1.2163599999999999,1.21397,1.2153100000000001,3987,8,0
2023-01-11 00:00:00,1.21532,1.21635,1.2141,1.21537,8173,8,0
2023-01-11 04:00:00,1.21536,1.21779,1.2152,1.21566,8889,8,0
2023-01-11 08:00:00,1.21568,1.21618,1.2117,1.2129699999999999,18929,8,0
2023-01-11 12:00:00,1.21295,1.2153100000000001,1.20999,1.21257,24103,8,0
2023-01-11 16:00:00,1.21259,1.21557,1.21127,1.21544,15876,8,0
2023-01-11 20:00:00,1.21543,1.21603,1.21347,1.21567,4443,8,0
2023-01-12 00:00:00,1.2158,1.21668,1.21494,1.21646,7452,8,0
2023-01-12 04:00:00,1.21645,1.21701,1.2133099999999999,1.21479,8739,8,0
2023-01-12 08:00:00,1.21478,1.21902,1.21345,1.21606,18380,8,0
2023-01-12 12:00:00,1.21608,1.2242,1.20877,1.21549,67382,8,0
2023-01-12 16:00:00,1.21552,1.22464,1.21459,1.22225,26013,8,0
2023-01-12 20:00:00,1.22223,1.22225,1.22033,1.22161,6227,8,0
2023-01-13 00:00:00,1.22163,1.22322,1.21894,1.21983,11264,8,0
2023-01-13 04:00:00,1.21982,1.22127,1.21756,1.22125,11160,8,0
2023-01-13 08:00:00,1.22126,1.22481,1.21704,1.21728,22718,8,0
2023-01-13 12:00:00,1.21727,1.22214,1.21501,1.22149,27611,8,0
2023-01-13 16:00:00,1.2215,1.22343,1.2181899999999999,1.22281,15571,8,0
2023-01-13 20:00:00,1.22279,1.22393,1.22258,1.22309,4091,8,0
2023-01-15 20:00:00,1.22108,1.22322,1.22106,1.22229,884,12,0
2023-01-16 00:00:00,1.22231,1.22888,1.22212,1.2269,9835,8,0
2023-01-16 04:00:00,1.22686,1.22729,1.22215,1.22304,9700,8,0
2023-01-16 08:00:00,1.22302,1.22302,1.21712,1.22036,19125,8,0
2023-01-16 12:00:00,1.22033,1.22108,1.218,1.22045,16310,8,0
2023-01-16 16:00:00,1.22047,1.22107,1.21824,1.2193,5187,8,0
2023-01-16 20:00:00,1.21933,1.22061,1.2178499999999999,1.22061,1569,36,0
2023-01-17 00:00:00,1.22067,1.22112,1.21718,1.2190400000000001,10688,8,0
2023-01-17 04:00:00,1.21902,1.22177,1.21682,1.22146,12644,8,0
2023-01-17 08:00:00,1.22144,1.22586,1.21917,1.22538,23480,8,0
2023-01-17 12:00:00,1.2254,1.22993,1.22329,1.22784,41705,8,0
2023-01-17 16:00:00,1.22783,1.22855,1.22458,1.22738,18370,8,0
2023-01-17 20:00:00,1.2274,1.22913,1.22724,1.22831,4664,8,0
2023-01-18 00:00:00,1.2283,1.22897,1.2254800000000001,1.22678,17897,8,0
2023-01-18 04:00:00,1.2268,1.23343,1.22626,1.23147,18821,8,0
2023-01-18 08:00:00,1.2315,1.23881,1.23102,1.2372,26393,8,0
2023-01-18 12:00:00,1.23718,1.24354,1.23523,1.2394,43911,8,0
2023-01-18 16:00:00,1.23937,1.23937,1.2327,1.23407,20964,8,0
2023-01-18 20:00:00,1.23405,1.23469,1.23319,1.2346300000000001,4835,8,0
2023-01-19 00:00:00,1.23464,1.23493,1.23184,1.23338,9298,8,0
2023-01-19 04:00:00,1.23334,1.23446,1.23119,1.23334,12130,8,0
2023-01-19 08:00:00,1.23336,1.23587,1.2319,1.23521,21728,8,0
2023-01-19 12:00:00,1.23519,1.23652,1.23151,1.2358500000000001,31283,8,0
2023-01-19 16:00:00,1.23586,1.23936,1.2352400000000001,1.23914,15913,8,0
2023-01-19 20:00:00,1.23912,1.2397,1.23817,1.23919,4405,8,0
2023-01-20 00:00:00,1.23918,1.23967,1.23765,1.23807,7429,8,0
2023-01-20 04:00:00,1.23806,1.23823,1.23511,1.23635,10156,8,0
2023-01-20 08:00:00,1.23635,1.23805,1.23359,1.2352400000000001,19197,8,0
2023-01-20 12:00:00,1.23523,1.23952,1.2335,1.23694,23483,8,0
2023-01-20 16:00:00,1.23696,1.2401,1.2366,1.23958,14655,8,0
2023-01-20 20:00:00,1.23959,1.2404,1.23905,1.23978,3077,8,0
2023-01-22 20:00:00,1.23942,1.24124,1.23926,1.2405599999999999,747,12,0
2023-01-23 00:00:00,1.24058,1.24472,1.24031,1.24325,6667,8,0
2023-01-23 04:00:00,1.24326,1.2432699999999999,1.23939,1.2416800000000001,11522,8,0
2023-01-23 08:00:00,1.24169,1.24235,1.23502,1.23537,18440,8,0
2023-01-23 12:00:00,1.23538,1.23766,1.23233,1.23703,24182,8,0
2023-01-23 16:00:00,1.23702,1.23875,1.23557,1.23654,13759,8,0
2023-01-23 20:00:00,1.23653,1.23832,1.23631,1.23782,5190,8,0
2023-01-24 00:00:00,1.23784,1.23908,1.23733,1.2381,5463,8,0
2023-01-24 04:00:00,1.23807,1.24118,1.23747,1.2404,7709,8,0
2023-01-24 08:00:00,1.24043,1.24135,1.2301199999999999,1.23138,21396,8,0
2023-01-24 12:00:00,1.23139,1.23206,1.2261199999999999,1.23141,28483,8,0
2023-01-24 16:00:00,1.23144,1.23401,1.23093,1.23367,13894,8,0
2023-01-24 20:00:00,1.23366,1.23414,1.23238,1.2331,4251,8,0
2023-01-25 00:00:00,1.23311,1.23369,1.23113,1.23254,7204,8,0
2023-01-25 04:00:00,1.23257,1.23385,1.23038,1.2317,9022,8,0
2023-01-25 08:00:00,1.23169,1.2331,1.22826,1.2306,16968,8,0
2023-01-25 12:00:00,1.23058,1.23991,1.23048,1.23576,25753,8,0
2023-01-25 16:00:00,1.23577,1.23991,1.23331,1.23986,12859,8,0
2023-01-25 20:00:00,1.2398500000000001,1.24166,1.23877,1.24099,3372,8,0
2023-01-26 00:00:00,1.24098,1.24167,1.23929,1.23947,6114,8,0
2023-01-26 04:00:00,1.23944,1.24108,1.23846,1.24079,8716,8,0
2023-01-26 08:00:00,1.24077,1.2429999999999999,1.23736,1.2391,15741,8,0
2023-01-26 12:00:00,1.23911,1.24189,1.23449,1.23552,30926,8,0
2023-01-26 16:00:00,1.23549,1.24079,1.23442,1.24077,15429,8,0
2023-01-26 20:00:00,1.2408,1.24169,1.23965,1.24136,3601,8,0
2023-01-27 00:00:00,1.24138,1.24179,1.2387,1.23875,6150,8,0
2023-01-27 04:00:00,1.2387299999999999,1.2387299999999999,1.23626,1.23755,6684,8,0
2023-01-27 08:00:00,1.23754,1.23893,1.2359,1.23695,13181,8,0
2023-01-27 12:00:00,1.23696,1.23971,1.2345,1.23575,24360,8,0
2023-01-27 16:00:00,1.23574,1.23979,1.23564,1.23926,11959,8,0
2023-01-27 20:00:00,1.23925,1.23991,1.23864,1.23946,2317,8,0
2023-01-29 20:00:00,1.23844,1.23999,1.23775,1.23999,657,12,0
2023-01-30 00:00:00,1.23998,1.24039,1.23808,1.23902,7248,8,0
2023-01-30 04:00:00,1.23902,1.24053,1.23713,1.23793,11550,8,0
2023-01-30 08:00:00,1.23791,1.2416800000000001,1.23678,1.23843,17679,8,0
2023-01-30 12:00:00,1.23842,1.23979,1.2366,1.23799,19666,8,0
2023-01-30 16:00:00,1.23798,1.23831,1.23366,1.23459,11053,8,0
2023-01-30 20:00:00,1.23457,1.2357,1.2341199999999999,1.23492,3541,8,0
2023-01-31 00:00:00,1.23494,1.23706,1.23428,1.23429,7093,8,0
2023-01-31 04:00:00,1.23432,1.23622,1.23309,1.23488,8340,8,0
2023-01-31 08:00:00,1.23486,1.23543,1.23076,1.23249,16227,8,0
2023-01-31 12:00:00,1.23251,1.23291,1.22837,1.23044,29643,8,0
2023-01-31 16:00:00,1.23043,1.23371,1.23038,1.23231,11315,8,0
2023-01-31 20:00:00,1.2323,1.2328999999999999,1.23065,1.23079,4175,8,0
2023-02-01 00:00:00,1.23078,1.23156,1.2303,1.2313,4969,8,0
2023-02-01 04:00:00,1.23128,1.23278,1.23087,1.23193,7317,8,0
2023-02-01 08:00:00,1.23192,1.2334,1.2310699999999999,1.23266,13389,8,0
2023-02-01 12:00:00,1.23262,1.23461,1.23128,1.23249,21538,8,0
2023-02-01 16:00:00,1.23246,1.2385,1.22718,1.23686,36849,8,0
2023-02-01 20:00:00,1.23685,1.23993,1.23515,1.23871,15311,8,0
2023-02-02 00:00:00,1.2387299999999999,1.24,1.23701,1.23849,7866,8,0
2023-02-02 04:00:00,1.23846,1.23969,1.23716,1.2373,8253,8,0
2023-02-02 08:00:00,1.23728,1.23932,1.231,1.2333,19347,8,0
2023-02-02 12:00:00,1.23325,1.23884,1.22388,1.22922,54072,8,0
2023-02-02 16:00:00,1.22921,1.22998,1.22287,1.22317,18202,8,0
2023-02-02 20:00:00,1.22317,1.22426,1.22178,1.22204,7434,8,0
2023-02-03 00:00:00,1.22202,1.22202,1.22019,1.2212399999999999,6883,8,0
2023-02-03 04:00:00,1.22125,1.22234,1.21841,1.21981,8915,8,0
2023-02-03 08:00:00,1.2198,1.22653,1.21827,1.22591,17493,8,0
2023-02-03 12:00:00,1.22589,1.22633,1.2062,1.21041,49830,8,0
2023-02-03 16:00:00,1.21038,1.21155,1.20525,1.2055,13700,0,0
2023-02-03 20:00:00,1.20551,1.2056499999999999,1.20467,1.20519,3594,8,0
2023-02-05 20:00:00,1.2031100000000001,1.20553,1.2028699999999999,1.20431,1394,12,0
2023-02-06 00:00:00,1.2043,1.20628,1.20305,1.20525,9416,8,0
2023-02-06 04:00:00,1.20527,1.20683,1.20512,1.2053099999999999,8584,8,0
2023-02-06 08:00:00,1.2053,1.20697,1.20211,1.20506,19952,8,0
2023-02-06 12:00:00,1.20504,1.2077,1.20063,1.20122,22204,8,0
2023-02-06 16:00:00,1.20123,1.20381,1.20051,1.20232,13064,8,0
2023-02-06 20:00:00,1.2023,1.20305,1.2013099999999999,1.20257,4423,8,0
2023-02-07 00:00:00,1.20258,1.20547,1.20243,1.20456,6325,8,0
2023-02-07 04:00:00,1.20457,1.2057,1.20183,1.20223,8777,8,0
2023-02-07 08:00:00,1.20222,1.2039900000000001,1.19724,1.19843,20826,8,0
2023-02-07 12:00:00,1.19845,1.20111,1.19608,1.20106,19811,8,0
2023-02-07 16:00:00,1.20107,1.20949,1.19866,1.2033,44684,8,0
2023-02-07 20:00:00,1.20333,1.20533,1.20212,1.20533,4587,8,0
2023-02-08 00:00:00,1.20532,1.20611,1.20398,1.20545,6389,8,0
2023-02-08 04:00:00,1.20544,1.21046,1.20379,1.20991,8046,8,0
2023-02-08 08:00:00,1.20989,1.21091,1.20768,1.2092,17528,8,0
2023-02-08 12:00:00,1.20918,1.21078,1.2054,1.20787,18140,8,0
2023-02-08 16:00:00,1.2079,1.2097,1.20639,1.20708,13883,8,0
2023-02-08 20:00:00,1.20706,1.20726,1.20596,1.20701,3595,8,0
2023-02-09 00:00:00,1.20703,1.2084,1.20566,1.20807,5628,8,0
2023-02-09 04:00:00,1.20806,1.2106,1.20789,1.20946,8351,8,0
2023-02-09 08:00:00,1.20947,1.21583,1.20944,1.21471,16202,8,0
2023-02-09 12:00:00,1.2147000000000001,1.21934,1.21458,1.217,18635,8,0
2023-02-09 16:00:00,1.217,1.21703,1.21151,1.21179,15059,8,0
2023-02-09 20:00:00,1.21177,1.21224,1.21109,1.21151,3680,8,0
2023-02-10 00:00:00,1.21153,1.21163,1.20894,1.20912,5739,8,0
2023-02-10 04:00:00,1.20914,1.21222,1.2089,1.212,11948,8,0
2023-02-10 08:00:00,1.2119900000000001,1.21389,1.20795,1.21081,22493,8,0
2023-02-10 12:00:00,1.21083,1.21299,1.20693,1.20754,21623,8,0
2023-02-10 16:00:00,1.20751,1.20874,1.20468,1.20488,10424,8,0
2023-02-10 20:00:00,1.20487,1.20596,1.20466,1.20568,2613,8,0
2023-02-12 20:00:00,1.20609,1.20613,1.20448,1.20508,785,12,0
2023-02-13 00:00:00,1.2051,1.20529,1.20332,1.20411,7511,8,0
2023-02-13 04:00:00,1.20412,1.20664,1.20407,1.2063,7160,8,0
2023-02-13 08:00:00,1.20632,1.20642,1.20302,1.20576,12337,8,0
2023-02-13 12:00:00,1.20575,1.21446,1.20575,1.2136,18393,8,0
2023-02-13 16:00:00,1.21362,1.2151399999999999,1.21204,1.21316,9573,8,0
2023-02-13 20:00:00,1.21313,1.2150400000000001,1.21255,1.21501,2997,8,0
2023-02-14 00:00:00,1.21499,1.21512,1.21337,1.21458,6026,8,0
2023-02-14 04:00:00,1.21455,1.21706,1.21339,1.21386,8614,8,0
2023-02-14 08:00:00,1.21388,1.22157,1.21363,1.22013,14594,8,0
2023-02-14 12:00:00,1.22014,1.22695,1.21168,1.21554,58304,8,0
2023-02-14 16:00:00,1.21553,1.21899,1.21439,1.2174,24298,8,0
2023-02-14 20:00:00,1.21738,1.21799,1.21641,1.21717,4579,8,0
2023-02-15 00:00:00,1.21732,1.21814,1.21452,1.21467,5990,8,0
2023-02-15 04:00:00,1.21468,1.2160199999999999,1.20816,1.20822,12044,8,0
2023-02-15 08:00:00,1.2082,1.21052,1.20561,1.20567,18840,8,0
2023-02-15 12:00:00,1.2056499999999999,1.20688,1.19893,1.20019,31177,8,0
2023-02-15 16:00:00,1.20018,1.20339,1.19953,1.20209,13025,8,0
2023-02-15 20:00:00,1.20208,1.20379,1.2018,1.20365,3374,8,0
2023-02-16 00:00:00,1.20366,1.20527,1.2014,1.20473,8077,8,0
2023-02-16 04:00:00,1.20472,1.2052,1.20281,1.20465,7982,8,0
2023-02-16 08:00:00,1.20462,1.20737,1.20385,1.20537,14464,8,0
2023-02-16 12:00:00,1.20539,1.20559,1.19651,1.2012,30025,8,0
2023-02-16 16:00:00,1.20122,1.20267,1.1998,1.2012,15056,8,0
2023-02-16 20:00:00,1.20122,1.20141,1.19692,1.19736,8630,8,0
2023-02-17 00:00:00,1.1973799999999999,1.19764,1.19467,1.1954500000000001,5381,8,0
2023-02-17 04:00:00,1.19542,1.1958199999999999,1.19312,1.19374,8230,8,0
2023-02-17 08:00:00,1.19376,1.19489,1.1914500000000001,1.19341,17739,8,0
2023-02-17 12:00:00,1.19341,1.20333,1.1920600000000001,1.19971,26050,8,0
2023-02-17 16:00:00,1.19971,1.20472,1.19893,1.20456,14996,8,0
2023-02-17 20:00:00,1.20455,1.20489,1.20381,1.20416,3214,8,0
2023-02-19 20:00:00,1.2021,1.20359,1.2021,1.20285,805,12,0
2023-02-20 00:00:00,1.2028699999999999,1.2032,1.20142,1.20263,4847,8,0
2023-02-20 04:00:00,1.20264,1.20558,1.20256,1.20516,7273,8,0
2023-02-20 08:00:00,1.20513,1.20558,1.20182,1.20313,8183,8,0
2023-02-20 12:00:00,1.20315,1.20423,1.20196,1.20289,5894,13,0
2023-02-20 16:00:00,1.2028699999999999,1.20408,1.2026,1.20408,1465,13,0
2023-02-20 20:00:00,1.20402,1.20425,1.20194,1.20381,1264,12,0
2023-02-21 00:00:00,1.20378,1.20386,1.20125,1.2023,6407,8,0
2023-02-21 04:00:00,1.20229,1.2031100000000001,1.19958,1.20149,8772,8,0
2023-02-21 08:00:00,1.2015,1.21183,1.19855,1.2109,29507,8,0
2023-02-21 12:00:00,1.21091,1.2147000000000001,1.20602,1.2141899999999999,30308,8,0
2023-02-21 16:00:00,1.21416,1.21423,1.20967,1.21075,15630,8,0
2023-02-21 20:00:00,1.21078,1.21129,1.2099,1.21086,3712,8,0
2023-02-22 00:00:00,1.21088,1.21352,1.21057,1.21196,7903,8,0
2023-02-22 04:00:00,1.21197,1.21281,1.20976,1.2114099999999999,7806,8,0
2023-02-22 08:00:00,1.2113800000000001,1.21195,1.20627,1.20834,20269,8,0
2023-02-22 12:00:00,1.20835,1.2119900000000001,1.20629,1.20668,22918,8,0
2023-02-22 16:00:00,1.20667,1.20823,1.20342,1.20362,22108,8,0
2023-02-22 20:00:00,1.20363,1.20482,1.20341,1.20464,4355,8,0
2023-02-23 00:00:00,1.20467,1.20675,1.20453,1.20638,4503,8,0
2023-02-23 04:00:00,1.20637,1.20743,1.2052,1.20599,6304,8,0
2023-02-23 08:00:00,1.20602,1.2062,1.20138,1.20297,15880,8,0
2023-02-23 12:00:00,1.20294,1.20689,1.20127,1.20236,27695,8,0
2023-02-23 16:00:00,1.20233,1.20313,1.19919,1.2017,13277,8,0
2023-02-23 20:00:00,1.2017,1.20235,1.20041,1.20163,3395,8,0
2023-02-24 00:00:00,1.20161,1.20328,1.20071,1.20221,9253,8,0
2023-02-24 04:00:00,1.20222,1.20274,1.20099,1.20266,7711,8,0
2023-02-24 08:00:00,1.20265,1.20416,1.19806,1.19867,18033,8,0
2023-02-24 12:00:00,1.19865,1.19874,1.19279,1.19409,36790,8,0
2023-02-24 16:00:00,1.19408,1.196,1.19368,1.19434,14166,8,0
2023-02-24 20:00:00,1.19431,1.19543,1.19381,1.19397,2646,8,0
2023-02-26 20:00:00,1.19447,1.19528,1.19379,1.19495,608,12,0
2023-02-27 00:00:00,1.19496,1.19636,1.19376,1.19444,6058,8,0
2023-02-27 04:00:00,1.19447,1.19574,1.19223,1.1954799999999999,9530,8,0
2023-02-27 08:00:00,1.19549,1.19888,1.194,1.19841,17628,8,0
2023-02-27 12:00:00,1.19843,1.20562,1.19739,1.2025299999999999,22144,8,0
2023-02-27 16:00:00,1.20254,1.20656,1.20156,1.20575,12141,8,0
2023-02-27 20:00:00,1.20577,1.20658,1.20489,1.20617,3238,8,0
2023-02-28 00:00:00,1.20618,1.20676,1.20487,1.2051,5512,8,0
2023-02-28 04:00:00,1.20513,1.20535,1.20306,1.20363,8596,8,0
2023-02-28 08:00:00,1.20366,1.21084,1.20267,1.20951,18589,8,0
2023-02-28 12:00:00,1.20954,1.21429,1.20861,1.21069,22905,8,0
2023-02-28 16:00:00,1.2107,1.21242,1.20524,1.20535,14035,8,0
2023-02-28 20:00:00,1.20535,1.20554,1.20064,1.20324,4931,8,0
2023-03-01 00:00:00,1.20325,1.20413,1.20136,1.20389,6369,8,0
2023-03-01 04:00:00,1.20388,1.20845,1.2035,1.2078,10081,8,0
2023-03-01 08:00:00,1.20779,1.20884,1.2013,1.20495,23406,8,0
2023-03-01 12:00:00,1.20496,1.20736,1.19648,1.20065,31613,8,0
2023-03-01 16:00:00,1.20062,1.20446,1.19888,1.20154,16891,8,0
2023-03-01 20:00:00,1.2015500000000001,1.20279,1.2011,1.20259,3317,8,0
2023-03-02 00:00:00,1.20257,1.20359,1.19978,1.20042,8434,8,0
2023-03-02 04:00:00,1.20041,1.20093,1.19608,1.19778,9764,8,0
2023-03-02 08:00:00,1.19775,1.20091,1.19551,1.19809,20966,8,0
2023-03-02 12:00:00,1.19811,1.19875,1.19244,1.1953,28570,8,0
2023-03-02 16:00:00,1.19528,1.19624,1.19247,1.1942599999999999,14258,8,0
2023-03-02 20:00:00,1.19425,1.19573,1.19336,1.1949,3792,8,0
2023-03-03 00:00:00,1.19488,1.19762,1.1948,1.19642,6944,8,0
2023-03-03 04:00:00,1.19644,1.19882,1.19611,1.19722,7506,8,0
2023-03-03 08:00:00,1.19721,1.2003300000000001,1.19713,1.19966,16518,8,0
2023-03-03 12:00:00,1.19969,1.20184,1.19618,1.19756,22755,8,0
2023-03-03 16:00:00,1.19758,1.20464,1.19669,1.20441,10982,8,0
2023-03-03 20:00:00,1.20442,1.20482,1.20379,1.20436,2671,8,0
2023-03-05 20:00:00,1.20228,1.20362,1.20188,1.20256,648,40,0
2023-03-06 00:00:00,1.20271,1.20477,1.20238,1.20431,5919,8,0
2023-03-06 04:00:00,1.20428,1.20447,1.20227,1.20366,7796,8,0
2023-03-06 08:00:00,1.20363,1.20451,1.19924,1.19988,15773,8,0
2023-03-06 12:00:00,1.19987,1.20373,1.19956,1.20269,19171,8,0
2023-03-06 16:00:00,1.20266,1.20483,1.2015,1.2015500000000001,9350,8,0
2023-03-06 20:00:00,1.20154,1.20264,1.20132,1.20246,2721,8,0
2023-03-07 00:00:00,1.20244,1.20455,1.20167,1.20443,5960,8,0
2023-03-07 04:00:00,1.20445,1.2064300000000001,1.20339,1.20489,7689,8,0
2023-03-07 08:00:00,1.20486,1.2049,1.19807,1.19888,17471,8,0
2023-03-07 12:00:00,1.1989,1.1999,1.18658,1.18748,36437,8,0
2023-03-07 16:00:00,1.18751,1.1887699999999999,1.1821,1.18287,23247,8,0
2023-03-07 20:00:00,1.18289,1.18362,1.18165,1.18264,3710,8,0
2023-03-08 00:00:00,1.18262,1.1835499999999999,1.18096,1.18114,7052,8,0
2023-03-08 04:00:00,1.18116,1.18324,1.18103,1.18242,9055,8,0
2023-03-08 08:00:00,1.18244,1.18465,1.1815,1.1835499999999999,14004,8,0
2023-03-08 12:00:00,1.18353,1.18587,1.18026,1.1835499999999999,28394,8,0
2023-03-08 16:00:00,1.18357,1.18517,1.18247,1.1842,14360,8,0
2023-03-08 20:00:00,1.18422,1.18496,1.18273,1.18487,2519,8,0
2023-03-09 00:00:00,1.18489,1.18542,1.18317,1.18468,4701,8,0
2023-03-09 04:00:00,1.18465,1.18652,1.18431,1.18493,6390,8,0
2023-03-09 08:00:00,1.18492,1.19018,1.18377,1.18888,15029,8,0
2023-03-09 12:00:00,1.18885,1.19358,1.18758,1.19103,21756,8,0
2023-03-09 16:00:00,1.19104,1.19384,1.19043,1.19098,14921,8,0
2023-03-09 20:00:00,1.19098,1.19247,1.19029,1.19224,5642,8,0
2023-03-10 00:00:00,1.19222,1.19327,1.19075,1.19244,9792,8,0
2023-03-10 04:00:00,1.1924299999999999,1.19593,1.19193,1.19547,10830,8,0
2023-03-10 08:00:00,1.19549,1.20089,1.19262,1.19925,21910,8,0
2023-03-10 12:00:00,1.19926,1.21132,1.19752,1.20981,57949,8,0
2023-03-10 16:00:00,1.2098200000000001,1.20985,1.20173,1.20316,30587,8,0
2023-03-10 20:00:00,1.20315,1.20371,1.20208,1.20321,5940,8,0
2023-03-12 20:00:00,1.20607,1.21035,1.20576,1.20753,14579,12,0
2023-03-13 00:00:00,1.20755,1.2141,1.20543,1.21231,19229,8,0
2023-03-13 04:00:00,1.21233,1.2129,1.20945,1.21023,16293,8,0
2023-03-13 08:00:00,1.21021,1.21214,1.2046000000000001,1.20764,46164,8,0
2023-03-13 12:00:00,1.20766,1.21781,1.2057,1.21579,58738,8,0
2023-03-13 16:00:00,1.2158,1.2199200000000001,1.21399,1.2185,24764,8,0
2023-03-13 20:00:00,1.21849,1.21867,1.21637,1.21665,2926,8,0
2023-03-14 00:00:00,1.21667,1.21695,1.21446,1.2154099999999999,12299,8,0
2023-03-14 04:00:00,1.21544,1.2183,1.21455,1.21543,17381,8,0
2023-03-14 08:00:00,1.2154099999999999,1.21692,1.21404,1.21665,25869,8,0
2023-03-14 12:00:00,1.21662,1.22033,1.21352,1.21447,58494,8,0
2023-03-14 16:00:00,1.21446,1.21844,1.21403,1.21779,22367,8,0
2023-03-14 20:00:00,1.21778,1.21784,1.21447,1.2150400000000001,3144,8,0
2023-03-15 00:00:00,1.21502,1.21812,1.21464,1.2172399999999999,8604,8,0
2023-03-15 04:00:00,1.21722,1.21745,1.21375,1.21566,9786,8,0
2023-03-15 08:00:00,1.2156500000000001,1.21639,1.20589,1.20665,38105,8,0
2023-03-15 12:00:00,1.20663,1.21128,1.2018,1.20303,60625,8,0
2023-03-15 16:00:00,1.20305,1.20849,1.201,1.20597,39902,8,0
2023-03-15 20:00:00,1.20594,1.2071,1.20427,1.20667,3086,8,0
2023-03-16 00:00:00,1.20668,1.20817,1.20607,1.20751,16158,8,0
2023-03-16 04:00:00,1.2074799999999999,1.20997,1.2062599999999999,1.2095,10443,8,0
2023-03-16 08:00:00,1.20952,1.21128,1.20315,1.20488,20869,8,0
2023-03-16 12:00:00,1.20486,1.21163,1.20269,1.21098,54163,8,0
2023-03-16 16:00:00,1.21094,1.21274,1.21005,1.21157,17699,8,0
2023-03-16 20:00:00,1.21156,1.21213,1.20955,1.21093,2195,8,0
2023-03-17 00:00:00,1.21094,1.21479,1.21015,1.21397,8045,8,0
2023-03-17 04:00:00,1.214,1.21762,1.21389,1.2163,9177,8,0
2023-03-17 08:00:00,1.21628,1.21715,1.21128,1.21308,16956,8,0
2023-03-17 12:00:00,1.2131,1.21662,1.2123599999999999,1.21391,22815,8,0
2023-03-17 16:00:00,1.21393,1.22,1.21351,1.21696,13056,8,0
2023-03-17 20:00:00,1.21698,1.21793,1.21686,1.2179,838,8,0
2023-03-19 20:00:00,1.21987,1.2203,1.21761,1.21866,2305,12,0
2023-03-20 00:00:00,1.21868,1.21999,1.21686,1.21728,10069,8,0
2023-03-20 04:00:00,1.21731,1.21991,1.21666,1.21891,12691,8,0
2023-03-20 08:00:00,1.2189,1.22337,1.2168,1.22311,20297,8,0
2023-03-20 12:00:00,1.22315,1.22656,1.22167,1.22549,17444,8,0
2023-03-20 16:00:00,1.2254800000000001,1.22845,1.22528,1.22769,9944,8,0
2023-03-20 20:00:00,1.22765,1.22804,1.22644,1.22735,1519,8,0
2023-03-21 00:00:00,1.22737,1.22822,1.22566,1.22591,6466,8,0
2023-03-21 04:00:00,1.22589,1.22622,1.22335,1.22366,7051,8,0
2023-03-21 08:00:00,1.22365,1.22583,1.22285,1.22494,12799,8,0
2023-03-21 12:00:00,1.22498,1.2256,1.21793,1.2194099999999999,15459,8,0
2023-03-21 16:00:00,1.21939,1.22186,1.21784,1.22174,8173,8,0
2023-03-21 20:00:00,1.22177,1.22249,1.22021,1.2224599999999999,1279,8,0
2023-03-22 00:00:00,1.22248,1.22332,1.22081,1.22304,7048,8,0
2023-03-22 04:00:00,1.22301,1.22692,1.22238,1.22593,8781,8,0
2023-03-22 08:00:00,1.2259,1.2297,1.22582,1.22687,11719,8,0
2023-03-22 12:00:00,1.22689,1.22793,1.22205,1.22299,12279,8,0
2023-03-22 16:00:00,1.22302,1.23349,1.22261,1.22725,39993,8,0
2023-03-22 20:00:00,1.22722,1.22793,1.22544,1.22772,3368,8,0
2023-03-23 00:00:00,1.22774,1.23235,1.22767,1.23159,9834,8,0
2023-03-23 04:00:00,1.23156,1.2342,1.23045,1.23099,11499,8,0
2023-03-23 08:00:00,1.23099,1.23315,1.22821,1.2303,15604,8,0
2023-03-23 12:00:00,1.23028,1.23372,1.22647,1.23203,22286,8,0
2023-03-23 16:00:00,1.23201,1.23287,1.22613,1.22899,18510,8,0
2023-03-23 20:00:00,1.22898,1.22902,1.22721,1.22801,2531,8,0
2023-03-24 00:00:00,1.228,1.2286,1.2261199999999999,1.2282,9792,8,0
2023-03-24 04:00:00,1.22823,1.22882,1.22654,1.22706,7656,8,0
2023-03-24 08:00:00,1.22708,1.22736,1.21899,1.22187,22567,8,0
2023-03-24 12:00:00,1.22184,1.22311,1.2196,1.22232,20884,8,0
2023-03-24 16:00:00,1.22231,1.22338,1.22121,1.22259,9308,8,0
2023-03-24 20:00:00,1.22258,1.22328,1.22249,1.22301,686,8,0
2023-03-26 20:00:00,1.22207,1.22495,1.22202,1.22446,1539,12,0
2023-03-27 00:00:00,1.22448,1.22507,1.22301,1.2244,7627,8,0
2023-03-27 04:00:00,1.22441,1.22589,1.22187,1.22346,10134,8,0
2023-03-27 08:00:00,1.22344,1.22728,1.22324,1.22637,10956,8,0
2023-03-27 12:00:00,1.22639,1.22929,1.22398,1.22769,14463,8,0
2023-03-27 16:00:00,1.22767,1.22926,1.22717,1.22883,7232,8,0
2023-03-27 20:00:00,1.22884,1.22976,1.22724,1.22959,1662,8,0
2023-03-28 00:00:00,1.22961,1.2321,1.22933,1.23179,6416,8,0
2023-03-28 04:00:00,1.23181,1.23298,1.2308,1.2309,8283,8,0
2023-03-28 08:00:00,1.23088,1.23267,1.22807,1.23208,10401,8,0
2023-03-28 12:00:00,1.23205,1.23489,1.22992,1.23398,12991,8,0
2023-03-28 16:00:00,1.23397,1.23478,1.23291,1.2342,5531,8,0
2023-03-28 20:00:00,1.23418,1.23429,1.23277,1.23294,1346,8,0
2023-03-29 00:00:00,1.23297,1.23406,1.23205,1.23246,5793,8,0
2023-03-29 04:00:00,1.23249,1.2334100000000001,1.23085,1.23208,9517,8,0
2023-03-29 08:00:00,1.2321,1.23613,1.2304599999999999,1.23388,13601,8,0
2023-03-29 12:00:00,1.23386,1.23449,1.23023,1.231,18720,8,0
2023-03-29 16:00:00,1.23101,1.23226,1.23043,1.2312400000000001,7610,8,0
2023-03-29 20:00:00,1.23126,1.23175,1.22998,1.23096,1259,8,0
2023-03-30 00:00:00,1.23099,1.23115,1.22925,1.23035,6852,8,0
2023-03-30 04:00:00,1.23037,1.23525,1.23027,1.23504,10929,8,0
2023-03-30 08:00:00,1.2349999999999999,1.23633,1.23281,1.2337799999999999,11608,8,0
2023-03-30 12:00:00,1.2338,1.23841,1.23379,1.23667,15731,8,0
2023-03-30 16:00:00,1.23666,1.23927,1.23649,1.23891,5716,8,0
2023-03-30 20:00:00,1.23894,1.23912,1.23736,1.23858,1388,8,0
2023-03-31 00:00:00,1.23861,1.24225,1.2383,1.23976,7027,8,0
2023-03-31 04:00:00,1.23975,1.24027,1.23602,1.23665,8463,8,0
2023-03-31 08:00:00,1.23668,1.23905,1.2353399999999999,1.23734,11232,8,0
2023-03-31 12:00:00,1.23734,1.23971,1.2344,1.23673,17367,8,0
2023-03-31 16:00:00,1.23676,1.23677,1.23237,1.23365,6978,8,0
2023-03-31 20:00:00,1.23367,1.23367,1.2326,1.23293,812,8,0
2023-04-02 20:00:00,1.23178,1.23284,1.22837,1.22855,2378,12,0
2023-04-03 00:00:00,1.22859,1.23075,1.22761,1.22762,9341,8,0
2023-04-03 04:00:00,1.22764,1.23257,1.2274,1.23223,8777,8,0
2023-04-03 08:00:00,1.23225,1.23828,1.23087,1.23826,11496,8,0
2023-04-03 12:00:00,1.23828,1.2420200000000001,1.23777,1.24013,17672,8,0
2023-04-03 16:00:00,1.24014,1.24228,1.23847,1.2422,6746,8,0
2023-04-03 20:00:00,1.24217,1.2425,1.24007,1.24199,1599,8,0
2023-04-04 00:00:00,1.242,1.24227,1.23983,1.2404,6134,8,0
2023-04-04 04:00:00,1.24042,1.24738,1.23948,1.24692,11981,8,0
2023-04-04 08:00:00,1.24694,1.25206,1.24615,1.24806,14461,8,0
2023-04-04 12:00:00,1.24807,1.2525,1.24655,1.24978,19859,8,0
2023-04-04 16:00:00,1.24975,1.25015,1.24867,1.24987,6671,8,0
2023-04-04 20:00:00,1.24988,1.25064,1.24902,1.24989,1079,8,0
2023-04-05 00:00:00,1.24987,1.25101,1.2483,1.24902,7440,8,0
2023-04-05 04:00:00,1.249,1.25138,1.24783,1.2486,8726,8,0
2023-04-05 08:00:00,1.24862,1.24937,1.24552,1.24722,11578,8,0
2023-04-05 12:00:00,1.24724,1.25074,1.24321,1.24676,20751,8,0
2023-04-05 16:00:00,1.24677,1.24702,1.24464,1.24586,6491,8,0
2023-04-05 20:00:00,1.24585,1.24663,1.2448,1.2462,1097,8,0
2023-04-06 00:00:00,1.24622,1.2463899999999999,1.24367,1.24449,3590,8,0
2023-04-06 04:00:00,1.24447,1.24864,1.24409,1.24683,7761,8,0
2023-04-06 08:00:00,1.24684,1.24813,1.24516,1.2478799999999999,10227,8,0
2023-04-06 12:00:00,1.24785,1.24807,1.24122,1.24536,17010,8,0
2023-04-06 16:00:00,1.2454,1.24667,1.24398,1.2443,4816,8,0
2023-04-06 20:00:00,1.24428,1.2443,1.24199,1.24326,972,8,0
2023-04-07 00:00:00,1.24325,1.24442,1.24294,1.24424,866,107,0
2023-04-07 04:00:00,1.24425,1.24505,1.24308,1.24337,1313,53,0
2023-04-07 08:00:00,1.24335,1.24442,1.2426300000000001,1.24359,1603,26,0
2023-04-07 12:00:00,1.24357,1.24357,1.23882,1.24193,5558,27,0
2023-04-07 16:00:00,1.24187,1.2425,1.24116,1.24218,1914,27,0
2023-04-07 20:00:00,1.24214,1.24286,1.2406,1.24067,540,102,0
2023-04-09 20:00:00,1.24079,1.2431,1.24005,1.24303,971,12,0
2023-04-10 00:00:00,1.24305,1.2434,1.24072,1.24081,4485,8,0
2023-04-10 04:00:00,1.24078,1.24264,1.23964,1.24264,5323,8,0
2023-04-10 08:00:00,1.24265,1.2442199999999999,1.24085,1.24118,6956,8,0
2023-04-10 12:00:00,1.24121,1.24155,1.2344,1.23571,14497,8,0
2023-04-10 16:00:00,1.23569,1.23847,1.23559,1.23846,4605,8,0
2023-04-10 20:00:00,1.23844,1.2392,1.23703,1.23909,896,8,0
2023-04-11 00:00:00,1.23911,1.24128,1.2386300000000001,1.24057,6052,8,0
2023-04-11 04:00:00,1.24059,1.24364,1.24004,1.2423899999999999,9741,8,0
2023-04-11 08:00:00,1.24241,1.24558,1.24175,1.24278,12434,8,0
2023-04-11 12:00:00,1.24274,1.24399,1.24067,1.24078,13277,8,0
2023-04-11 16:00:00,1.24079,1.2427,1.2405,1.24247,5433,8,0
2023-04-11 20:00:00,1.2425,1.24305,1.24146,1.2429000000000001,1045,8,0
2023-04-12 00:00:00,1.24292,1.24399,1.24209,1.24322,4505,8,0
2023-04-12 04:00:00,1.2432400000000001,1.24457,1.24165,1.24231,7293,8,0
2023-04-12 08:00:00,1.24233,1.24275,1.23981,1.24045,9240,8,0
2023-04-12 12:00:00,1.24047,1.2484,1.23993,1.24686,24305,8,0
2023-04-12 16:00:00,1.24688,1.24948,1.24671,1.24832,8411,8,0
2023-04-12 20:00:00,1.24834,1.24948,1.24703,1.24915,1187,8,0
2023-04-13 00:00:00,1.24916,1.24959,1.24815,1.24864,6188,8,0
2023-04-13 04:00:00,1.24863,1.25061,1.24758,1.24955,7818,8,0
2023-04-13 08:00:00,1.24954,1.2528299999999999,1.24954,1.2502499999999999,11312,8,0
2023-04-13 12:00:00,1.2502499999999999,1.25369,1.24999,1.25295,18114,8,0
2023-04-13 16:00:00,1.25296,1.2535,1.25205,1.2523900000000001,5270,8,0
2023-04-13 20:00:00,1.25243,1.25294,1.25084,1.2524,1215,8,0
2023-04-14 00:00:00,1.2524199999999999,1.2546,1.25168,1.25411,6352,8,0
2023-04-14 04:00:00,1.25413,1.25449,1.2524899999999999,1.25261,7405,8,0
2023-04-14 08:00:00,1.25264,1.25277,1.24857,1.24918,9970,8,0
2023-04-14 12:00:00,1.2492,1.25235,1.2410700000000001,1.24158,25749,8,0
2023-04-14 16:00:00,1.24157,1.24253,1.23987,1.24159,7131,8,0
2023-04-14 20:00:00,1.2416,1.24181,1.24124,1.2414399999999999,545,8,0
2023-04-16 20:00:00,1.24061,1.24174,1.23977,1.24009,742,12,0
2023-04-17 00:00:00,1.24011,1.24119,1.23831,1.24031,5206,8,0
2023-04-17 04:00:00,1.24028,1.2428,1.23998,1.2413,7611,8,0
2023-04-17 08:00:00,1.24127,1.24269,1.23739,1.24241,12501,8,0
2023-04-17 12:00:00,1.24243,1.24377,1.2355800000000001,1.2356,19098,8,0
2023-04-17 16:00:00,1.23561,1.23783,1.23529,1.23781,5259,8,0
2023-04-17 20:00:00,1.2377799999999999,1.23781,1.23634,1.2373,806,8,0
2023-04-18 00:00:00,1.23732,1.2387299999999999,1.23672,1.23821,5714,8,0
2023-04-18 04:00:00,1.23823,1.24305,1.23805,1.24291,9018,8,0
2023-04-18 08:00:00,1.24292,1.24479,1.24253,1.24406,10748,8,0
2023-04-18 12:00:00,1.24407,1.24494,1.2412,1.24192,15389,8,0
2023-04-18 16:00:00,1.24192,1.24316,1.24169,1.24253,5126,8,0
2023-04-18 20:00:00,1.24255,1.2429999999999999,1.2414399999999999,1.2424,982,8,0
2023-04-19 00:00:00,1.24242,1.2434,1.24093,1.24194,4535,8,0
2023-04-19 04:00:00,1.24195,1.24721,1.24003,1.24591,12941,8,0
2023-04-19 08:00:00,1.24588,1.24612,1.2392,1.2404600000000001,13756,8,0
2023-04-19 12:00:00,1.24045,1.24738,1.23998,1.24389,13076,8,0
2023-04-19 16:00:00,1.24388,1.24541,1.24362,1.24389,5619,8,0
2023-04-19 20:00:00,1.24393,1.24402,1.24243,1.24275,1221,8,0
2023-04-20 00:00:00,1.24279,1.24348,1.242,1.24281,5077,8,0
2023-04-20 04:00:00,1.24282,1.24521,1.24179,1.2421,8917,8,0
2023-04-20 08:00:00,1.24209,1.24514,1.24149,1.24282,10500,8,0
2023-04-20 12:00:00,1.24284,1.24671,1.24044,1.24464,16505,8,0
2023-04-20 16:00:00,1.24466,1.24522,1.2429000000000001,1.24371,6105,8,0
2023-04-20 20:00:00,1.24369,1.24433,1.24278,1.244,1097,8,0
2023-04-21 00:00:00,1.24401,1.24459,1.24292,1.2436099999999999,4326,8,0
2023-04-21 04:00:00,1.24363,1.24366,1.23775,1.23975,8473,8,0
2023-04-21 08:00:00,1.23973,1.24162,1.23767,1.2395,11357,8,0
2023-04-21 12:00:00,1.23947,1.24248,1.23667,1.24174,17060,8,0
2023-04-21 16:00:00,1.24172,1.24443,1.24151,1.24439,6862,8,0
2023-04-21 20:00:00,1.24438,1.24477,1.24381,1.2442199999999999,508,8,0
2023-04-23 20:00:00,1.24319,1.24514,1.24312,1.24472,782,12,0
2023-04-24 00:00:00,1.24474,1.24497,1.24314,1.24347,5664,8,0
2023-04-24 04:00:00,1.24344,1.24438,1.24102,1.24367,8851,8,0
2023-04-24 08:00:00,1.24365,1.24587,1.2426,1.24368,10688,8,0
2023-04-24 12:00:00,1.24369,1.24692,1.24322,1.24563,12040,8,0
2023-04-24 16:00:00,1.24562,1.2484899999999999,1.24562,1.24817,4296,8,0
2023-04-24 20:00:00,1.2482,1.24992,1.24706,1.24984,931,8,0
2023-04-25 00:00:00,1.24986,1.25069,1.24835,1.24845,5149,8,0
2023-04-25 04:00:00,1.24846,1.24908,1.24555,1.2462,10388,8,0
2023-04-25 08:00:00,1.24621,1.24787,1.24257,1.24273,10312,8,0
2023-04-25 12:00:00,1.24271,1.2442,1.23864,1.23952,14731,8,0
2023-04-25 16:00:00,1.23949,1.24137,1.23908,1.2402199999999999,7615,8,0
2023-04-25 20:00:00,1.24021,1.2416,1.23962,1.24136,1473,8,0
2023-04-26 00:00:00,1.24138,1.24185,1.24024,1.24137,7338,8,0
2023-04-26 04:00:00,1.24136,1.24613,1.24124,1.24589,9387,8,0
2023-04-26 08:00:00,1.2459,1.24906,1.24482,1.24721,14760,8,0
2023-04-26 12:00:00,1.24723,1.2515,1.24594,1.24836,18671,8,0
2023-04-26 16:00:00,1.24839,1.24863,1.24535,1.24631,7487,8,0
2023-04-26 20:00:00,1.2463,1.24728,1.24529,1.24703,1140,8,0
2023-04-27 00:00:00,1.24705,1.24772,1.24626,1.2469000000000001,6484,8,0
2023-04-27 04:00:00,1.24689,1.24878,1.24611,1.24624,10322,8,0
2023-04-27 08:00:00,1.24622,1.24792,1.244,1.24771,11350,8,0
2023-04-27 12:00:00,1.2477,1.2499,1.24359,1.24687,22510,8,0
2023-04-27 16:00:00,1.24687,1.24969,1.24612,1.24896,6628,8,0
2023-04-27 20:00:00,1.24895,1.24991,1.24779,1.24965,1672,8,0
2023-04-28 00:00:00,1.24966,1.2503600000000001,1.24857,1.2493400000000001,8376,8,0
2023-04-28 04:00:00,1.24935,1.24963,1.24638,1.24911,14598,8,0
2023-04-28 08:00:00,1.24915,1.24933,1.2446,1.24705,12520,8,0
2023-04-28 12:00:00,1.24704,1.2580200000000001,1.24557,1.25799,25484,8,0
2023-04-28 16:00:00,1.25801,1.25835,1.25573,1.2567300000000001,7303,8,0
2023-04-28 20:00:00,1.25674,1.25688,1.25627,1.25666,787,8,0
2023-04-30 20:00:00,1.25522,1.25685,1.25522,1.25576,1210,12,0
2023-05-01 00:00:00,1.2557800000000001,1.25686,1.25504,1.25686,5488,8,0
2023-05-01 04:00:00,1.25684,1.25686,1.25299,1.2535,7124,8,0
2023-05-01 08:00:00,1.25352,1.25388,1.2514,1.25229,7677,8,0
2023-05-01 12:00:00,1.25226,1.25595,1.2486,1.24928,16115,8,0
2023-05-01 16:00:00,1.24925,1.2496800000000001,1.248,1.24909,6983,8,0
2023-05-01 20:00:00,1.24912,1.24953,1.24834,1.24842,1680,8,0
2023-05-02 00:00:00,1.24844,1.2511700000000001,1.24841,1.2497099999999999,6193,8,0
2023-05-02 04:00:00,1.24972,1.25112,1.24853,1.249,11747,8,0
2023-05-02 08:00:00,1.24897,1.24903,1.24531,1.24797,14500,8,0
2023-05-02 12:00:00,1.24799,1.24892,1.24352,1.24734,20631,8,0
2023-05-02 16:00:00,1.2473,1.24819,1.24667,1.24749,5895,8,0
2023-05-02 20:00:00,1.24748,1.24771,1.2456,1.2476,1395,8,0
2023-05-03 00:00:00,1.24762,1.24928,1.24676,1.24923,5788,8,0
2023-05-03 04:00:00,1.24921,1.25227,1.2481,1.25108,7684,8,0
2023-05-03 08:00:00,1.25107,1.25333,1.25013,1.2502,11149,8,0
2023-05-03 12:00:00,1.2502,1.25526,1.24845,1.2544,15974,8,0
2023-05-03 16:00:00,1.25442,1.25896,1.25377,1.25519,23665,8,0
2023-05-03 20:00:00,1.25516,1.25751,1.25437,1.25683,2945,8,0
2023-05-04 00:00:00,1.25685,1.25915,1.2567,1.25835,8161,8,0
2023-05-04 04:00:00,1.2583199999999999,1.25928,1.25598,1.25692,11188,8,0
2023-05-04 08:00:00,1.25691,1.25854,1.25522,1.25847,13236,8,0
2023-05-04 12:00:00,1.25849,1.25982,1.25477,1.2577099999999999,32290,8,0
2023-05-04 16:00:00,1.25769,1.2598,1.25726,1.25733,7498,8,0
2023-05-04 20:00:00,1.25732,1.2584,1.25597,1.25824,1574,8,0
2023-05-05 00:00:00,1.25826,1.2613699999999999,1.2576399999999999,1.26099,5784,8,0
2023-05-05 04:00:00,1.26098,1.26337,1.25969,1.26098,8451,8,0
2023-05-05 08:00:00,1.26101,1.26172,1.25989,1.26041,7948,8,0
2023-05-05 12:00:00,1.26043,1.26519,1.25573,1.2647300000000001,22208,8,0
2023-05-05 16:00:00,1.2647599999999999,1.26519,1.26276,1.26349,5946,8,0
2023-05-05 20:00:00,1.26348,1.26359,1.26303,1.26311,640,8,0
2023-05-07 20:00:00,1.26251,1.26341,1.26224,1.2629299999999999,1111,12,0
2023-05-08 00:00:00,1.26295,1.26467,1.26264,1.26456,5340,8,0
2023-05-08 04:00:00,1.26458,1.2657,1.2631299999999999,1.26367,5656,8,0
2023-05-08 08:00:00,1.26365,1.26684,1.26316,1.26495,7302,8,0
2023-05-08 12:00:00,1.26494,1.26547,1.26264,1.26307,9318,8,0
2023-05-08 16:00:00,1.26306,1.2643900000000001,1.2612700000000001,1.26152,4346,8,0
2023-05-08 20:00:00,1.26149,1.26192,1.26064,1.2612,1059,8,0
2023-05-09 00:00:00,1.26118,1.26177,1.26037,1.26169,4793,8,0
2023-05-09 04:00:00,1.2617,1.26394,1.25963,1.26017,8991,8,0
2023-05-09 08:00:00,1.26014,1.26248,1.25963,1.26004,9857,8,0
2023-05-09 12:00:00,1.26003,1.26208,1.25777,1.26172,12445,8,0
2023-05-09 16:00:00,1.2617099999999999,1.26287,1.26068,1.26199,5963,8,0
2023-05-09 20:00:00,1.26196,1.26274,1.26083,1.26239,1108,8,0
2023-05-10 00:00:00,1.26239,1.26342,1.26231,1.26303,4266,8,0
2023-05-10 04:00:00,1.26302,1.2643900000000001,1.2610999999999999,1.2622200000000001,6426,8,0
2023-05-10 08:00:00,1.26218,1.26332,1.26021,1.26072,8071,8,0
2023-05-10 12:00:00,1.2607,1.26795,1.26038,1.26115,19897,8,0
2023-05-10 16:00:00,1.26117,1.26308,1.26062,1.2625600000000001,6109,8,0
2023-05-10 20:00:00,1.26253,1.26292,1.26131,1.26253,1010,8,0
2023-05-11 00:00:00,1.26254,1.26404,1.26169,1.26174,5079,8,0
2023-05-11 04:00:00,1.26174,1.26246,1.25638,1.25653,9369,8,0
2023-05-11 08:00:00,1.25657,1.26148,1.25654,1.2585600000000001,14723,8,0
2023-05-11 12:00:00,1.25855,1.26095,1.24963,1.24996,21145,8,0
2023-05-11 16:00:00,1.24994,1.25173,1.24991,1.2511700000000001,4784,8,0
2023-05-11 20:00:00,1.2511999999999999,1.25138,1.25003,1.25071,944,8,0
2023-05-12 00:00:00,1.25072,1.25214,1.25071,1.2521,4509,8,0
2023-05-12 04:00:00,1.2521200000000001,1.25401,1.2503199999999999,1.25174,8282,8,0
2023-05-12 08:00:00,1.25173,1.25403,1.25139,1.25192,8889,8,0
2023-05-12 12:00:00,1.25189,1.25198,1.2458,1.24622,14616,8,0
2023-05-12 16:00:00,1.24619,1.24622,1.24443,1.24505,4181,8,0
2023-05-12 20:00:00,1.24504,1.24516,1.2445,1.24476,557,8,0
2023-05-14 20:00:00,1.24458,1.24513,1.24374,1.2450700000000001,724,12,0
2023-05-15 00:00:00,1.24509,1.2466,1.24448,1.24576,5155,8,0
2023-05-15 04:00:00,1.24575,1.2490999999999999,1.24533,1.24814,6258,8,0
2023-05-15 08:00:00,1.24811,1.25141,1.24763,1.25103,7557,8,0
2023-05-15 12:00:00,1.25102,1.25248,1.2503199999999999,1.25237,11222,8,0
2023-05-15 16:00:00,1.2524,1.25342,1.2519,1.25314,3663,8,0
2023-05-15 20:00:00,1.25315,1.25315,1.25129,1.25243,866,8,0
2023-05-16 00:00:00,1.2524600000000001,1.25318,1.25144,1.25271,4337,8,0
2023-05-16 04:00:00,1.25269,1.25293,1.24649,1.25139,9328,8,0
2023-05-16 08:00:00,1.2514,1.25461,1.25138,1.25177,8247,8,0
2023-05-16 12:00:00,1.25179,1.25356,1.24767,1.2492,16088,8,0
2023-05-16 16:00:00,1.24918,1.2496800000000001,1.24763,1.24799,5665,8,0
2023-05-16 20:00:00,1.248,1.2484899999999999,1.2471,1.24839,1107,8,0
2023-05-17 00:00:00,1.24836,1.24932,1.24767,1.24817,5631,8,0
2023-05-17 04:00:00,1.24819,1.24831,1.24206,1.24213,8630,8,0
2023-05-17 08:00:00,1.24215,1.24702,1.24212,1.24602,9122,8,0
2023-05-17 12:00:00,1.24603,1.24861,1.24438,1.24744,14157,8,0
2023-05-17 16:00:00,1.24744,1.25098,1.24741,1.24919,6253,8,0
2023-05-17 20:00:00,1.24917,1.24929,1.2476,1.24817,1116,8,0
2023-05-18 00:00:00,1.24819,1.24926,1.2477800000000001,1.248,5472,8,0
2023-05-18 04:00:00,1.24799,1.24802,1.24458,1.24501,7320,8,0
2023-05-18 08:00:00,1.24498,1.24592,1.2426,1.24426,9205,8,0
2023-05-18 12:00:00,1.24427,1.2447,1.23968,1.24212,14204,8,0
2023-05-18 16:00:00,1.24209,1.24241,1.23911,1.24089,5337,8,0
2023-05-18 20:00:00,1.24088,1.24133,1.23962,1.24111,1347,8,0
2023-05-19 00:00:00,1.24113,1.2416,1.23917,1.2402199999999999,6578,8,0
2023-05-19 04:00:00,1.24021,1.24269,1.23939,1.24062,8157,8,0
2023-05-19 08:00:00,1.24064,1.2443,1.2396099999999999,1.2443,10183,8,0
2023-05-19 12:00:00,1.2443,1.24835,1.24214,1.24613,19691,8,0
2023-05-19 16:00:00,1.24612,1.24741,1.24354,1.24486,6635,8,0
2023-05-19 20:00:00,1.24486,1.24511,1.24421,1.24452,754,8,0
2023-05-21 20:00:00,1.24362,1.24606,1.24362,1.24603,905,12,0
2023-05-22 00:00:00,1.2460499999999999,1.24719,1.2455,1.24576,7341,8,0
2023-05-22 04:00:00,1.24579,1.2462900000000001,1.24135,1.24334,8580,8,0
2023-05-22 08:00:00,1.24331,1.24644,1.24225,1.24627,9709,8,0
2023-05-22 12:00:00,1.24625,1.24704,1.24138,1.24216,15564,8,0
2023-05-22 16:00:00,1.24219,1.24432,1.24193,1.24315,6400,8,0
2023-05-22 20:00:00,1.24312,1.2438,1.24237,1.24334,1480,8,0
2023-05-23 00:00:00,1.24335,1.2446,1.24252,1.24357,6426,8,0
2023-05-23 04:00:00,1.24354,1.24368,1.24003,1.24085,10090,8,0
2023-05-23 08:00:00,1.24086,1.2413,1.23726,1.2382900000000001,12525,8,0
2023-05-23 12:00:00,1.23832,1.24338,1.23759,1.24204,16946,8,0
2023-05-23 16:00:00,1.2420200000000001,1.24238,1.24066,1.24091,6822,8,0
2023-05-23 20:00:00,1.24094,1.24203,1.24044,1.24158,1049,8,0
2023-05-24 00:00:00,1.24159,1.24288,1.2414399999999999,1.24261,5086,8,0
2023-05-24 04:00:00,1.2426300000000001,1.24685,1.24011,1.24098,12853,8,0
2023-05-24 08:00:00,1.24097,1.24303,1.23636,1.23981,15262,8,0
2023-05-24 12:00:00,1.2398,1.2414399999999999,1.23574,1.2364600000000001,18010,8,0
2023-05-24 16:00:00,1.23648,1.23772,1.23577,1.23602,9739,8,0
2023-05-24 20:00:00,1.23601,1.23706,1.23518,1.23694,1638,8,0
2023-05-25 00:00:00,1.23696,1.23696,1.2331699999999999,1.23396,6346,8,0
2023-05-25 04:00:00,1.23398,1.2366,1.2333,1.23536,8647,8,0
2023-05-25 08:00:00,1.23536,1.23864,1.23526,1.23627,9903,8,0
2023-05-25 12:00:00,1.23628,1.23762,1.23182,1.2322899999999999,20165,8,0
2023-05-25 16:00:00,1.23226,1.23324,1.23077,1.23182,5641,8,0
2023-05-25 20:00:00,1.23181,1.23248,1.23095,1.23161,1421,8,0
2023-05-26 00:00:00,1.23164,1.23364,1.2310699999999999,1.23307,5600,8,0
2023-05-26 04:00:00,1.23306,1.23604,1.23303,1.23499,8563,8,0
2023-05-26 08:00:00,1.23496,1.2395,1.23458,1.23868,10429,8,0
2023-05-26 12:00:00,1.23869,1.2391,1.23209,1.23391,21072,8,0
2023-05-26 16:00:00,1.23387,1.23564,1.23369,1.2351,4812,8,0
2023-05-26 20:00:00,1.23512,1.23535,1.23465,1.23472,796,8,0
2023-05-28 20:00:00,1.23325,1.23503,1.23316,1.23449,946,12,0
2023-05-29 00:00:00,1.23451,1.23574,1.23409,1.23465,4076,8,0
2023-05-29 04:00:00,1.23466,1.23714,1.23348,1.23401,5499,8,0
2023-05-29 08:00:00,1.234,1.23523,1.23352,1.23396,4375,8,0
2023-05-29 12:00:00,1.23398,1.2362,1.23361,1.23612,2953,8,0
2023-05-29 16:00:00,1.23613,1.23615,1.23557,1.23559,842,8,0
2023-05-29 20:00:00,1.2356,1.23567,1.23411,1.23472,1212,8,0
2023-05-30 00:00:00,1.2347299999999999,1.23784,1.23426,1.23487,6952,8,0
2023-05-30 04:00:00,1.23485,1.23569,1.23268,1.23551,10405,8,0
2023-05-30 08:00:00,1.23554,1.24362,1.23539,1.2434,13247,8,0
2023-05-30 12:00:00,1.24341,1.24461,1.23962,1.2401,13867,8,0
2023-05-30 16:00:00,1.2401,1.2408299999999999,1.23831,1.2408299999999999,6010,8,0
2023-05-30 20:00:00,1.24081,1.24124,1.23971,1.24118,1371,8,0
2023-05-31 00:00:00,1.2412,1.24253,1.23815,1.23879,6777,8,0
2023-05-31 04:00:00,1.23876,1.23992,1.23601,1.23609,10424,8,0
2023-05-31 08:00:00,1.2361,1.23744,1.23476,1.23611,10032,8,0
2023-05-31 12:00:00,1.2361,1.24136,1.23564,1.23935,20059,8,0
2023-05-31 16:00:00,1.2393399999999999,1.24392,1.23756,1.2436,10125,8,0
2023-05-31 20:00:00,1.24363,1.2449,1.24247,1.24449,1948,8,0
2023-06-01 00:00:00,1.24451,1.24478,1.24274,1.24322,7449,8,0
2023-06-01 04:00:00,1.24323,1.24415,1.24035,1.24075,8834,8,0
2023-06-01 08:00:00,1.24073,1.24824,1.24005,1.24748,10612,8,0
2023-06-01 12:00:00,1.24745,1.25369,1.24471,1.25326,20030,8,0
2023-06-01 16:00:00,1.25324,1.25391,1.2521200000000001,1.2530000000000001,5880,8,0
2023-06-01 20:00:00,1.25297,1.25308,1.2514,1.25258,1216,8,0
2023-06-02 00:00:00,1.2526,1.25442,1.25225,1.25379,5226,8,0
2023-06-02 04:00:00,1.25375,1.2542900000000001,1.2522199999999999,1.25258,8221,8,0
2023-06-02 08:00:00,1.25254,1.25411,1.25187,1.25216,7789,8,0
2023-06-02 12:00:00,1.25218,1.25348,1.24569,1.24658,20983,8,0
2023-06-02 16:00:00,1.24657,1.2466599999999999,1.24411,1.24498,6178,8,0
2023-06-02 20:00:00,1.24496,1.2453400000000001,1.24465,1.24497,564,8,0
2023-06-04 20:00:00,1.24421,1.24478,1.24267,1.24297,1086,12,0
2023-06-05 00:00:00,1.24299,1.24393,1.24259,1.24391,5727,8,0
2023-06-05 04:00:00,1.24388,1.2439,1.23868,1.23982,9086,8,0
2023-06-05 08:00:00,1.23983,1.24125,1.2376800000000001,1.2382900000000001,8501,8,0
2023-06-05 12:00:00,1.23832,1.24381,1.23681,1.24376,15823,8,0
2023-06-05 16:00:00,1.24378,1.24432,1.2426599999999999,1.2431,5802,8,0
2023-06-05 20:00:00,1.24309,1.24348,1.24167,1.24316,1158,8,0
2023-06-06 00:00:00,1.24319,1.24508,1.24306,1.24407,4471,8,0
2023-06-06 04:00:00,1.2441,1.24581,1.24251,1.2433,11454,8,0
2023-06-06 08:00:00,1.24334,1.24386,1.23996,1.24003,9782,8,0
2023-06-06 12:00:00,1.23999,1.24234,1.23913,1.2416,12118,8,0
2023-06-06 16:00:00,1.24159,1.24305,1.2413,1.24252,4670,8,0
2023-06-06 20:00:00,1.24251,1.24293,1.24112,1.24287,960,8,0
2023-06-07 00:00:00,1.2429000000000001,1.24377,1.24169,1.24245,4861,8,0
2023-06-07 04:00:00,1.24243,1.24296,1.23938,1.24103,7068,8,0
2023-06-07 08:00:00,1.24106,1.2471700000000001,1.24066,1.24709,9783,8,0
2023-06-07 12:00:00,1.24708,1.24998,1.24448,1.24478,16796,8,0
2023-06-07 16:00:00,1.24477,1.24549,1.24269,1.24298,6751,8,0
2023-06-07 20:00:00,1.24298,1.2444600000000001,1.24242,1.24438,1241,8,0
2023-06-08 00:00:00,1.2444,1.24521,1.2442,1.24486,4414,8,0
2023-06-08 04:00:00,1.24487,1.24613,1.2441,1.24564,8064,8,0
2023-06-08 08:00:00,1.24562,1.24807,1.24528,1.24654,8304,8,0
2023-06-08 12:00:00,1.24658,1.25573,1.24649,1.25443,17667,8,0
2023-06-08 16:00:00,1.25442,1.2558,1.25399,1.25566,6188,8,0
2023-06-08 20:00:00,1.25562,1.25631,1.2545899999999999,1.25576,921,8,0
2023-06-09 00:00:00,1.25577,1.2561499999999999,1.25467,1.25473,4213,8,0
2023-06-09 04:00:00,1.25474,1.25668,1.25416,1.25498,7231,8,0
2023-06-09 08:00:00,1.25496,1.25694,1.25336,1.25648,9222,8,0
2023-06-09 12:00:00,1.25647,1.25898,1.256,1.25779,15031,8,0
2023-06-09 16:00:00,1.25778,1.25839,1.25716,1.2576800000000001,3921,8,0
2023-06-09 20:00:00,1.25767,1.25807,1.2576100000000001,1.2579799999999999,565,8,0
2023-06-11 20:00:00,1.25635,1.25806,1.25603,1.2579099999999999,763,12,0
2023-06-12 00:00:00,1.25793,1.2579500000000001,1.25647,1.25709,3307,8,0
2023-06-12 04:00:00,1.25706,1.2591999999999999,1.25661,1.25887,6468,8,0
2023-06-12 08:00:00,1.25889,1.2599,1.25595,1.25626,9628,8,0
2023-06-12 12:00:00,1.25628,1.2570299999999999,1.24867,1.24884,12896,8,0
2023-06-12 16:00:00,1.2488299999999999,1.25123,1.24878,1.25109,6170,8,0
2023-06-12 20:00:00,1.25112,1.25166,1.24991,1.25141,1025,8,0
2023-06-13 00:00:00,1.25143,1.25351,1.2513,1.2533,4177,8,0
2023-06-13 04:00:00,1.25332,1.25766,1.25278,1.2565,10847,8,0
2023-06-13 08:00:00,1.25647,1.25754,1.25538,1.25715,9549,8,0
2023-06-13 12:00:00,1.25717,1.26204,1.25614,1.26096,23727,8,0
2023-06-13 16:00:00,1.26098,1.26243,1.25927,1.2608,7257,8,0
2023-06-13 20:00:00,1.26078,1.26113,1.2601499999999999,1.26062,1139,8,0
2023-06-14 00:00:00,1.26064,1.2617099999999999,1.26009,1.26126,4092,8,0
2023-06-14 04:00:00,1.26123,1.26213,1.26004,1.26187,7286,8,0
2023-06-14 08:00:00,1.26186,1.26491,1.26142,1.26475,6978,8,0
2023-06-14 12:00:00,1.26471,1.26986,1.26462,1.26938,11018,8,0
2023-06-14 16:00:00,1.2694,1.26981,1.26263,1.26577,26139,8,0
2023-06-14 20:00:00,1.26576,1.26702,1.26488,1.26702,1417,8,0
2023-06-15 00:00:00,1.26704,1.26736,1.2629299999999999,1.26438,5191,8,0
2023-06-15 04:00:00,1.2643499999999999,1.26575,1.26315,1.26544,8396,8,0
2023-06-15 08:00:00,1.26545,1.26718,1.26426,1.26426,8133,8,0
2023-06-15 12:00:00,1.26422,1.27648,1.26396,1.27594,19431,8,0
2023-06-15 16:00:00,1.27592,1.2785,1.27585,1.27835,6192,8,0
2023-06-15 20:00:00,1.27832,1.2790300000000001,1.2772000000000001,1.2784499999999999,1139,8,0
2023-06-16 00:00:00,1.27844,1.27926,1.2768,1.2775400000000001,4778,8,0
2023-06-16 04:00:00,1.27752,1.28174,1.2772999999999999,1.2787,8721,8,0
2023-06-16 08:00:00,1.27867,1.28253,1.27811,1.28243,9239,8,0
2023-06-16 12:00:00,1.28243,1.28478,1.28034,1.2814,18894,8,0
2023-06-16 16:00:00,1.28139,1.28351,1.28129,1.28204,7156,8,0
2023-06-16 20:00:00,1.28203,1.2825199999999999,1.28195,1.28227,589,8,0
2023-06-18 20:00:00,1.28118,1.2832,1.28112,1.28304,1656,12,0
2023-06-19 00:00:00,1.28307,1.2836699999999999,1.28115,1.28163,6807,8,0
2023-06-19 04:00:00,1.28165,1.283,1.2809,1.2812999999999999,9363,8,0
2023-06-19 08:00:00,1.28128,1.28227,1.28016,1.28105,10231,8,0
2023-06-19 12:00:00,1.28104,1.28132,1.27844,1.2793,8749,8,0
2023-06-19 16:00:00,1.2793,1.27968,1.27701,1.27799,3469,8,0
2023-06-19 20:00:00,1.27799,1.28047,1.27747,1.27926,2474,8,0
2023-06-20 00:00:00,1.27929,1.28044,1.27812,1.27908,8511,8,0
2023-06-20 04:00:00,1.27908,1.28058,1.2761,1.2802,12575,8,0
2023-06-20 08:00:00,1.28021,1.28038,1.27488,1.27529,12411,8,0
2023-06-20 12:00:00,1.27526,1.27602,1.27132,1.27289,19402,8,0
2023-06-20 16:00:00,1.2729,1.2766600000000001,1.27212,1.2763200000000001,8521,8,0
2023-06-20 20:00:00,1.2763499999999999,1.27684,1.27488,1.27649,2322,8,0
2023-06-21 00:00:00,1.27652,1.27671,1.27538,1.2759800000000001,9279,8,0
2023-06-21 04:00:00,1.2759800000000001,1.28018,1.27301,1.27358,17163,8,0
2023-06-21 08:00:00,1.2736100000000001,1.27453,1.26908,1.27279,17498,8,0
2023-06-21 12:00:00,1.27277,1.27548,1.27017,1.27349,24202,8,0
2023-06-21 16:00:00,1.27347,1.27848,1.27319,1.2775400000000001,10903,8,0
2023-06-21 20:00:00,1.27756,1.27768,1.27566,1.2770000000000001,2337,8,0
2023-06-22 00:00:00,1.27702,1.27736,1.27617,1.27677,6717,8,0
2023-06-22 04:00:00,1.27678,1.27716,1.27382,1.27648,12202,8,0
2023-06-22 08:00:00,1.27649,1.28411,1.27369,1.27729,21463,8,0
2023-06-22 12:00:00,1.27725,1.27832,1.2727,1.27471,23872,8,0
2023-06-22 16:00:00,1.2747,1.2749,1.27253,1.27454,8517,8,0
2023-06-22 20:00:00,1.27454,1.2748300000000001,1.27338,1.27462,2435,8,0
2023-06-23 00:00:00,1.27464,1.2748599999999999,1.2709,1.27116,9152,8,0
2023-06-23 04:00:00,1.27116,1.27298,1.26935,1.27093,16362,8,0
2023-06-23 08:00:00,1.27094,1.2736,1.26841,1.27207,17299,8,0
2023-06-23 12:00:00,1.27206,1.2736100000000001,1.2697,1.26979,20502,8,0
2023-06-23 16:00:00,1.26977,1.27196,1.26883,1.27184,9054,8,0
2023-06-23 20:00:00,1.27183,1.27215,1.2713,1.27146,1103,8,0
2023-06-25 20:00:00,1.2702499999999999,1.27307,1.27013,1.27286,2068,12,0
2023-06-26 00:00:00,1.27288,1.2738399999999999,1.27246,1.2731,9515,8,0
2023-06-26 04:00:00,1.2731,1.27482,1.27102,1.2742499999999999,11829,8,0
2023-06-26 08:00:00,1.2742200000000001,1.27461,1.26877,1.27143,14730,8,0
2023-06-26 12:00:00,1.2714400000000001,1.27273,1.26942,1.27214,14597,8,0
2023-06-26 16:00:00,1.27215,1.27255,1.27095,1.27098,7331,8,0
2023-06-26 20:00:00,1.27098,1.27139,1.2696,1.27102,1963,8,0
2023-06-27 00:00:00,1.27102,1.2736,1.27032,1.27275,9499,8,0
2023-06-27 04:00:00,1.27275,1.27576,1.2726199999999999,1.27345,11484,8,0
2023-06-27 08:00:00,1.27342,1.2738800000000001,1.27116,1.27278,12735,8,0
2023-06-27 12:00:00,1.27275,1.2759,1.27162,1.27492,20542,8,0
2023-06-27 16:00:00,1.27492,1.27569,1.27431,1.27534,8672,8,0
2023-06-27 20:00:00,1.27531,1.27532,1.27369,1.27451,2004,8,0
2023-06-28 00:00:00,1.27454,1.27515,1.27245,1.27307,9789,8,0
2023-06-28 04:00:00,1.27307,1.27367,1.2716,1.27304,9643,8,0
2023-06-28 08:00:00,1.2730299999999999,1.27355,1.26612,1.26641,14478,8,0
2023-06-28 12:00:00,1.26639,1.2664900000000001,1.26061,1.26352,21125,8,0
2023-06-28 16:00:00,1.2635,1.26532,1.26327,1.26406,7931,8,0
2023-06-28 20:00:00,1.26407,1.26447,1.2619799999999999,1.2641200000000001,1765,8,0
2023-06-29 00:00:00,1.26414,1.26464,1.26203,1.26251,7923,8,0
2023-06-29 04:00:00,1.26253,1.26483,1.26145,1.26454,10806,8,0
2023-06-29 08:00:00,1.26455,1.2664,1.2635,1.26552,10128,8,0
2023-06-29 12:00:00,1.2655,1.26663,1.25905,1.26146,22683,8,0
2023-06-29 16:00:00,1.26147,1.2627,1.26088,1.2613400000000001,7755,8,0
2023-06-29 20:00:00,1.26132,1.26144,1.25979,1.2612700000000001,1934,8,0
2023-06-30 00:00:00,1.26129,1.26231,1.26102,1.26182,7715,8,0
2023-06-30 04:00:00,1.26185,1.26507,1.2599,1.26398,10599,8,0
2023-06-30 08:00:00,1.26399,1.26539,1.2610700000000001,1.2647300000000001,12737,8,0
2023-06-30 12:00:00,1.26475,1.27272,1.2646600000000001,1.27082,22869,8,0
2023-06-30 16:00:00,1.27084,1.27218,1.26918,1.26986,7671,8,0
2023-06-30 20:00:00,1.26986,1.27004,1.2692999999999999,1.26967,1027,8,0
2023-07-02 20:00:00,1.26905,1.27034,1.26887,1.26931,1373,12,0
2023-07-03 00:00:00,1.2693400000000001,1.27051,1.2687300000000001,1.26997,7088,8,0
2023-07-03 04:00:00,1.26997,1.27067,1.2658,1.26647,10983,8,0
2023-07-03 08:00:00,1.2664900000000001,1.26813,1.26592,1.26745,12073,8,0
2023-07-03 12:00:00,1.26743,1.27228,1.2668300000000001,1.26929,16928,8,0
2023-07-03 16:00:00,1.26928,1.27042,1.2680500000000001,1.26889,4587,8,0
2023-07-03 20:00:00,1.26888,1.26929,1.26798,1.26916,1323,8,0
2023-07-04 00:00:00,1.26918,1.27012,1.26845,1.26872,5535,8,0
2023-07-04 04:00:00,1.26874,1.27105,1.2683,1.2696100000000001,9161,8,0
2023-07-04 08:00:00,1.2696100000000001,1.27245,1.2690000000000001,1.2716,9035,8,0
2023-07-04 12:00:00,1.27159,1.27389,1.2711000000000001,1.2730299999999999,8006,8,0
2023-07-04 16:00:00,1.2730299999999999,1.27306,1.27134,1.2714400000000001,2450,8,0
2023-07-04 20:00:00,1.27143,1.2717,1.27042,1.27167,1640,8,0
2023-07-05 00:00:00,1.27169,1.27209,1.26997,1.27058,5585,8,0
2023-07-05 04:00:00,1.27058,1.27221,1.2696399999999999,1.271,8956,8,0
2023-07-05 08:00:00,1.27098,1.27173,1.26878,1.26982,11638,8,0
2023-07-05 12:00:00,1.26982,1.27349,1.26915,1.27072,15212,8,0
2023-07-05 16:00:00,1.27073,1.2717100000000001,1.26912,1.27004,7999,8,0
2023-07-05 20:00:00,1.27004,1.27068,1.2690299999999999,1.27037,1915,8,0
2023-07-06 00:00:00,1.27039,1.27116,1.26905,1.26942,7057,8,0
2023-07-06 04:00:00,1.26942,1.27298,1.26892,1.27234,12346,8,0
2023-07-06 08:00:00,1.2723499999999999,1.27794,1.26979,1.27731,14847,8,0
2023-07-06 12:00:00,1.27732,1.27803,1.26731,1.27182,27131,8,0
2023-07-06 16:00:00,1.27185,1.27436,1.27176,1.27414,8684,8,0
2023-07-06 20:00:00,1.27416,1.27446,1.2723499999999999,1.27413,1645,8,0
2023-07-07 00:00:00,1.2741500000000001,1.27441,1.2726600000000001,1.2735699999999999,6056,8,0
2023-07-07 04:00:00,1.2735699999999999,1.27492,1.2729300000000001,1.27314,10144,8,0
2023-07-07 08:00:00,1.27314,1.27714,1.27255,1.27611,12624,8,0
2023-07-07 12:00:00,1.27612,1.28382,1.2751299999999999,1.2837399999999999,26434,8,0
2023-07-07 16:00:00,1.28377,1.2848899999999999,1.28296,1.28298,8243,8,0
2023-07-07 20:00:00,1.28295,1.28395,1.28295,1.28387,749,8,0
2023-07-09 20:00:00,1.28236,1.28399,1.28233,1.2837100000000001,1419,12,0
2023-07-10 00:00:00,1.2837399999999999,1.28391,1.28087,1.28113,7643,8,0
2023-07-10 04:00:00,1.28113,1.2825,1.27978,1.28131,9524,8,0
2023-07-10 08:00:00,1.2812999999999999,1.2824,1.27734,1.27776,11014,8,0
2023-07-10 12:00:00,1.27777,1.28381,1.27498,1.28349,16434,8,0
2023-07-10 16:00:00,1.28351,1.2868,1.2830599999999999,1.2861500000000001,6344,8,0
2023-07-10 20:00:00,1.28617,1.28658,1.28482,1.28634,1599,8,0
2023-07-11 00:00:00,1.28635,1.2879,1.28577,1.28778,6564,8,0
2023-07-11 04:00:00,1.28778,1.29128,1.28668,1.28735,13190,8,0
2023-07-11 08:00:00,1.28734,1.29334,1.2870300000000001,1.29139,12931,8,0
2023-07-11 12:00:00,1.29141,1.2916,1.28858,1.28989,13549,8,0
2023-07-11 16:00:00,1.28991,1.29314,1.28969,1.29308,6245,8,0
2023-07-11 20:00:00,1.29309,1.29389,1.29233,1.29333,1861,8,0
2023-07-12 00:00:00,1.29335,1.2968899999999999,1.29314,1.2959,8415,8,0
2023-07-12 04:00:00,1.2959,1.29667,1.29348,1.29401,9420,8,0
2023-07-12 08:00:00,1.294,1.29451,1.29059,1.29105,10012,8,0
2023-07-12 12:00:00,1.29105,1.3,1.29036,1.29901,24645,8,0
2023-07-12 16:00:00,1.299,1.29988,1.2976,1.29925,8618,8,0
2023-07-12 20:00:00,1.29922,1.29958,1.2975400000000001,1.29952,1952,8,0
2023-07-13 00:00:00,1.29955,1.30182,1.29884,1.3011599999999999,7200,8,0
2023-07-13 04:00:00,1.3011599999999999,1.30294,1.2983799999999999,1.30259,12779,8,0
2023-07-13 08:00:00,1.30263,1.3078699999999999,1.30255,1.30623,12881,8,0
2023-07-13 12:00:00,1.30623,1.31135,1.30447,1.30949,18720,8,0
2023-07-13 16:00:00,1.30951,1.31402,1.30932,1.31325,7839,8,0
2023-07-13 20:00:00,1.31324,1.31359,1.31132,1.31278,2656,8,0
2023-07-14 00:00:00,1.31281,1.31417,1.31166,1.31381,8189,8,0
2023-07-14 04:00:00,1.31378,1.31378,1.3093,1.31151,10719,8,0
2023-07-14 08:00:00,1.3115299999999999,1.31418,1.31015,1.31128,11635,8,0
2023-07-14 12:00:00,1.31127,1.31299,1.30939,1.31106,20009,8,0
2023-07-14 16:00:00,1.31106,1.31167,1.3092,1.30929,7083,8,0
2023-07-14 20:00:00,1.30929,1.30931,1.30892,1.30926,957,8,0
2023-07-16 20:00:00,1.30839,1.30964,1.30808,1.3088899999999999,1560,12,0
2023-07-17 00:00:00,1.30891,1.30962,1.30816,1.30871,6590,8,0
2023-07-17 04:00:00,1.3087,1.3107,1.30647,1.31023,9394,8,0
2023-07-17 08:00:00,1.31024,1.31084,1.30709,1.30839,11202,8,0
2023-07-17 12:00:00,1.30837,1.30919,1.30507,1.30751,15480,8,0
2023-07-17 16:00:00,1.30753,1.30866,1.30724,1.30781,4970,8,0
2023-07-17 20:00:00,1.30782,1.30782,1.30641,1.30713,2052,8,0
2023-07-18 00:00:00,1.30715,1.30952,1.30673,1.30942,7700,8,0
2023-07-18 04:00:00,1.30941,1.31063,1.30713,1.30888,11035,8,0
2023-07-18 08:00:00,1.3089,1.3125200000000001,1.30722,1.31056,13050,8,0
2023-07-18 12:00:00,1.31058,1.31212,1.30497,1.30508,24229,8,0
2023-07-18 16:00:00,1.3051,1.30519,1.30278,1.30403,6601,8,0
2023-07-18 20:00:00,1.30403,1.30413,1.30268,1.3033299999999999,2605,8,0
2023-07-19 00:00:00,1.30332,1.30384,1.30126,1.30222,8472,8,0
2023-07-19 04:00:00,1.30222,1.30338,1.293,1.29478,18565,8,0
2023-07-19 08:00:00,1.2947600000000001,1.2961,1.28971,1.28974,14251,8,0
2023-07-19 12:00:00,1.28975,1.29195,1.28673,1.28952,19811,8,0
2023-07-19 16:00:00,1.2895400000000001,1.29367,1.2892000000000001,1.29363,7699,8,0
2023-07-19 20:00:00,1.29362,1.294,1.2922799999999999,1.29367,2100,8,0
2023-07-20 00:00:00,1.2937,1.29641,1.29332,1.29519,9194,8,0
2023-07-20 04:00:00,1.29519,1.29529,1.2905,1.29099,10321,8,0
2023-07-20 08:00:00,1.29099,1.29324,1.2889,1.28912,11234,8,0
2023-07-20 12:00:00,1.28912,1.28912,1.28396,1.28471,19103,8,0
2023-07-20 16:00:00,1.28472,1.28677,1.28397,1.28646,6530,8,0
2023-07-20 20:00:00,1.2864499999999999,1.28738,1.28543,1.2872,1757,8,0
2023-07-21 00:00:00,1.28723,1.28856,1.28661,1.28759,7715,8,0
2023-07-21 04:00:00,1.28758,1.29038,1.28648,1.28695,12329,8,0
2023-07-21 08:00:00,1.28694,1.28743,1.28237,1.2824,13210,8,0
2023-07-21 12:00:00,1.2824200000000001,1.28609,1.28155,1.28513,15894,8,0
2023-07-21 16:00:00,1.28514,1.28657,1.28454,1.2855699999999999,5548,8,0
2023-07-21 20:00:00,1.28558,1.28609,1.28513,1.28526,827,8,0
2023-07-23 20:00:00,1.28416,1.28561,1.28414,1.28518,1444,12,0
2023-07-24 00:00:00,1.28519,1.28697,1.2849,1.28617,7255,8,0
2023-07-24 04:00:00,1.2861500000000001,1.28833,1.28421,1.2848600000000001,11852,8,0
2023-07-24 08:00:00,1.28488,1.28587,1.28068,1.28518,15142,8,0
2023-07-24 12:00:00,1.28518,1.28535,1.27975,1.28256,17864,8,0
2023-07-24 16:00:00,1.28258,1.28402,1.28147,1.28172,6591,8,0
2023-07-24 20:00:00,1.28169,1.28246,1.2806899999999999,1.28114,2408,8,0
2023-07-25 00:00:00,1.28117,1.28424,1.2809,1.28391,7397,8,0
2023-07-25 04:00:00,1.2839,1.28641,1.28287,1.28569,10624,8,0
2023-07-25 08:00:00,1.28568,1.28601,1.28197,1.28298,11169,8,0
2023-07-25 12:00:00,1.28297,1.28791,1.28119,1.28731,13136,8,0
2023-07-25 16:00:00,1.28729,1.29025,1.28688,1.28987,6295,8,0
2023-07-25 20:00:00,1.2898800000000001,1.29044,1.28842,1.28929,2540,8,0
2023-07-26 00:00:00,1.28931,1.28962,1.2875,1.28895,6728,8,0
2023-07-26 04:00:00,1.28895,1.291,1.28809,1.2904,9940,8,0
2023-07-26 08:00:00,1.29041,1.29238,1.28948,1.29098,11010,8,0
2023-07-26 12:00:00,1.291,1.29361,1.29028,1.2929,13249,8,0
2023-07-26 16:00:00,1.2929,1.29599,1.2898,1.2947600000000001,21236,8,0
2023-07-26 20:00:00,1.29475,1.29475,1.29237,1.29265,2292,8,0
2023-07-27 00:00:00,1.29267,1.29767,1.2926199999999999,1.29615,7520,8,0
2023-07-27 04:00:00,1.29615,1.29849,1.29389,1.29829,11507,8,0
2023-07-27 08:00:00,1.2983,1.29954,1.29485,1.29641,11125,8,0
2023-07-27 12:00:00,1.29641,1.29643,1.28254,1.2866900000000001,32069,8,0
2023-07-27 16:00:00,1.2866900000000001,1.28722,1.27817,1.27834,14350,8,0
2023-07-27 20:00:00,1.27832,1.27985,1.2782499999999999,1.27928,2853,8,0
2023-07-28 00:00:00,1.2793,1.28076,1.2786,1.27911,14037,8,0
2023-07-28 04:00:00,1.2791000000000001,1.28086,1.27627,1.27763,22477,8,0
2023-07-28 08:00:00,1.27762,1.28777,1.27733,1.28699,12685,8,0
2023-07-28 12:00:00,1.28696,1.28867,1.28375,1.28659,21297,8,0
2023-07-28 16:00:00,1.2866,1.28811,1.28507,1.28561,7692,8,0
2023-07-28 20:00:00,1.28561,1.28567,1.28456,1.28499,1279,8,0
2023-07-30 20:00:00,1.28409,1.28579,1.28397,1.2852999999999999,1690,12,0
2023-07-31 00:00:00,1.28532,1.28596,1.28438,1.28498,7762,8,0
2023-07-31 04:00:00,1.28498,1.2866900000000001,1.28438,1.2856,9530,8,0
2023-07-31 08:00:00,1.28559,1.28722,1.28349,1.2861099999999999,8907,8,0
2023-07-31 12:00:00,1.2861099999999999,1.28696,1.2827899999999999,1.28545,15051,8,0
2023-07-31 16:00:00,1.28546,1.28664,1.28315,1.28339,5452,8,0
2023-07-31 20:00:00,1.2833999999999999,1.28394,1.28254,1.28311,1696,8,0
2023-08-01 00:00:00,1.28314,1.28359,1.28151,1.28219,6635,8,0
2023-08-01 04:00:00,1.28216,1.28382,1.28137,1.2818,10708,8,0
2023-08-01 08:00:00,1.28177,1.28323,1.2779099999999999,1.2784200000000001,11137,8,0
2023-08-01 12:00:00,1.27841,1.27949,1.27407,1.2747,18533,8,0
2023-08-01 16:00:00,1.27471,1.27803,1.27442,1.27743,4980,8,0
2023-08-01 20:00:00,1.27741,1.28036,1.2761,1.27941,3251,8,0
2023-08-02 00:00:00,1.27943,1.2794699999999999,1.2763,1.2774,8692,8,0
2023-08-02 04:00:00,1.27741,1.27945,1.27602,1.27915,11503,8,0
2023-08-02 08:00:00,1.27917,1.27986,1.2763,1.27633,12078,8,0
2023-08-02 12:00:00,1.2763200000000001,1.27719,1.26799,1.27108,20882,8,0
2023-08-02 16:00:00,1.27108,1.2738399999999999,1.27088,1.2713700000000001,7597,8,0
2023-08-02 20:00:00,1.27135,1.27216,1.26982,1.27184,1957,8,0
2023-08-03 00:00:00,1.27185,1.27277,1.27094,1.27179,6960,8,0
2023-08-03 04:00:00,1.2718,1.2718,1.26831,1.2688,12972,8,0
2023-08-03 08:00:00,1.26879,1.26996,1.26199,1.2646899999999999,20639,8,0
2023-08-03 12:00:00,1.26468,1.2723,1.26367,1.27069,26342,8,0
2023-08-03 16:00:00,1.2707,1.27238,1.26965,1.2703,6265,8,0
2023-08-03 20:00:00,1.27028,1.27161,1.2696,1.27151,2410,8,0
2023-08-04 00:00:00,1.27153,1.2741,1.271,1.2732299999999999,8900,8,0
2023-08-04 04:00:00,1.27325,1.2735699999999999,1.27021,1.27054,9521,8,0
2023-08-04 08:00:00,1.2705199999999999,1.27109,1.2694,1.2695,9121,8,0
2023-08-04 12:00:00,1.26947,1.27831,1.26823,1.27728,26297,8,0
2023-08-04 16:00:00,1.2772700000000001,1.2792,1.27413,1.2743,6950,8,0
2023-08-04 20:00:00,1.27429,1.27514,1.27404,1.27484,1543,8,0
2023-08-06 20:00:00,1.27408,1.2754400000000001,1.2737,1.27481,2059,12,0
2023-08-07 00:00:00,1.27484,1.2760799999999999,1.27365,1.27369,7365,8,0
2023-08-07 04:00:00,1.27369,1.27439,1.27126,1.27429,9779,8,0
2023-08-07 08:00:00,1.2743,1.27441,1.27164,1.27434,10284,8,0
2023-08-07 12:00:00,1.27432,1.27863,1.27398,1.27665,12137,8,0
2023-08-07 16:00:00,1.27665,1.27887,1.2763499999999999,1.2785,5242,8,0
2023-08-07 20:00:00,1.27848,1.2784900000000001,1.27678,1.27807,1578,8,0
2023-08-08 00:00:00,1.27809,1.27851,1.27507,1.27546,7091,8,0
2023-08-08 04:00:00,1.27546,1.27719,1.27378,1.2754699999999999,10244,8,0
2023-08-08 08:00:00,1.27546,1.27567,1.26956,1.26972,12245,8,0
2023-08-08 12:00:00,1.26971,1.27289,1.26838,1.2726,15844,8,0
2023-08-08 16:00:00,1.2726,1.27511,1.27256,1.27436,5533,8,0
2023-08-08 20:00:00,1.27436,1.27488,1.2729300000000001,1.27429,1967,8,0
2023-08-09 00:00:00,1.27431,1.2759,1.27389,1.27529,7257,8,0
2023-08-09 04:00:00,1.27529,1.27814,1.27504,1.27699,8217,8,0
2023-08-09 08:00:00,1.27698,1.2772000000000001,1.27287,1.27341,9325,8,0
2023-08-09 12:00:00,1.2734,1.27508,1.27116,1.2713700000000001,13542,8,0
2023-08-09 16:00:00,1.2713700000000001,1.27374,1.27128,1.272,5928,8,0
2023-08-09 20:00:00,1.272,1.2722,1.27063,1.27191,1961,8,0
2023-08-10 00:00:00,1.27193,1.27234,1.27069,1.27127,6162,8,0
2023-08-10 04:00:00,1.27127,1.27583,1.2711000000000001,1.27444,8475,8,0
2023-08-10 08:00:00,1.27444,1.27753,1.27429,1.2763,9103,8,0
2023-08-10 12:00:00,1.2763,1.2818,1.27151,1.27233,30589,8,0
2023-08-10 16:00:00,1.27234,1.27252,1.26693,1.26749,13912,8,0
2023-08-10 20:00:00,1.2675100000000001,1.26772,1.26632,1.26695,2180,8,0
2023-08-11 00:00:00,1.26697,1.26901,1.2665600000000001,1.2685,6257,8,0
2023-08-11 04:00:00,1.2685,1.27224,1.26791,1.2704900000000001,10932,8,0
2023-08-11 08:00:00,1.2704900000000001,1.27348,1.26932,1.27328,11734,8,0
2023-08-11 12:00:00,1.27328,1.27383,1.2681200000000001,1.2692700000000001,24186,8,0
2023-08-11 16:00:00,1.26929,1.27027,1.26853,1.26989,6884,8,0
2023-08-11 20:00:00,1.2699,1.27014,1.26931,1.26947,948,8,0
2023-08-13 20:00:00,1.26864,1.27001,1.26837,1.26935,1811,12,0
2023-08-14 00:00:00,1.2693699999999999,1.26967,1.2666,1.26695,9404,8,0
2023-08-14 04:00:00,1.26695,1.26971,1.26674,1.26932,10815,8,0
2023-08-14 08:00:00,1.26931,1.27143,1.26872,1.26926,11599,8,0
2023-08-14 12:00:00,1.26924,1.26965,1.2616,1.2689,19544,8,0
2023-08-14 16:00:00,1.26888,1.27061,1.26729,1.26802,7741,8,0
2023-08-14 20:00:00,1.26799,1.26979,1.26721,1.2685,2272,8,0
2023-08-15 00:00:00,1.26851,1.26931,1.26749,1.26881,8833,8,0
2023-08-15 04:00:00,1.26881,1.27189,1.26772,1.26919,13249,8,0
2023-08-15 08:00:00,1.26918,1.27295,1.26846,1.27063,13646,8,0
2023-08-15 12:00:00,1.27064,1.2752,1.2681,1.2741799999999999,26023,8,0
2023-08-15 16:00:00,1.2742,1.27435,1.26939,1.2702499999999999,7677,8,0
2023-08-15 20:00:00,1.27027,1.27039,1.26882,1.26996,2340,8,0
2023-08-16 00:00:00,1.26997,1.27033,1.26868,1.26969,8966,8,0
2023-08-16 04:00:00,1.26967,1.27446,1.26963,1.27408,11107,8,0
2023-08-16 08:00:00,1.27407,1.2765900000000001,1.27344,1.27401,11261,8,0
2023-08-16 12:00:00,1.27399,1.27602,1.2718,1.27468,18051,8,0
2023-08-16 16:00:00,1.27468,1.27499,1.27111,1.27184,11492,8,0
2023-08-16 20:00:00,1.27185,1.27319,1.27132,1.27271,2726,8,0
2023-08-17 00:00:00,1.27273,1.27273,1.27109,1.27135,8439,8,0
2023-08-17 04:00:00,1.27135,1.2743,1.27115,1.27348,9702,8,0
2023-08-17 08:00:00,1.27349,1.27643,1.27021,1.27618,13255,8,0
2023-08-17 12:00:00,1.2762,1.27869,1.27371,1.27497,19800,8,0
2023-08-17 16:00:00,1.27496,1.27654,1.2726600000000001,1.27451,9039,8,0
2023-08-17 20:00:00,1.27448,1.27495,1.2735699999999999,1.27467,2050,8,0
2023-08-18 00:00:00,1.27469,1.27656,1.27451,1.27507,8855,8,0
2023-08-18 04:00:00,1.27508,1.27541,1.27069,1.27133,12174,8,0
2023-08-18 08:00:00,1.27135,1.27416,1.27007,1.27013,11836,8,0
2023-08-18 12:00:00,1.27011,1.2749,1.26887,1.2736399999999999,18981,8,0
2023-08-18 16:00:00,1.2736399999999999,1.27557,1.27333,1.27367,7453,8,0
2023-08-18 20:00:00,1.27367,1.27403,1.27275,1.27348,1084,8,0
2023-08-20 20:00:00,1.27243,1.27408,1.27224,1.27405,1840,12,0
2023-08-21 00:00:00,1.27409,1.27501,1.27297,1.27358,7506,8,0
2023-08-21 04:00:00,1.27358,1.2745,1.27224,1.27288,9708,8,0
2023-08-21 08:00:00,1.2729,1.27645,1.27098,1.27594,10927,8,0
2023-08-21 12:00:00,1.27594,1.27643,1.27226,1.27348,17195,8,0
2023-08-21 16:00:00,1.27348,1.2766199999999999,1.27347,1.27584,6183,8,0
2023-08-21 20:00:00,1.27582,1.27652,1.27436,1.27591,2017,8,0
2023-08-22 00:00:00,1.27594,1.27774,1.27555,1.27733,7908,8,0
2023-08-22 04:00:00,1.27733,1.27999,1.27686,1.27957,9671,8,0
2023-08-22 08:00:00,1.27955,1.27987,1.27557,1.27658,10798,8,0
2023-08-22 12:00:00,1.2765900000000001,1.2769599999999999,1.2718,1.27304,17653,8,0
2023-08-22 16:00:00,1.27302,1.2743,1.27277,1.27299,5913,8,0
2023-08-22 20:00:00,1.2729599999999999,1.27347,1.27188,1.27307,1842,8,0
2023-08-23 00:00:00,1.27309,1.27473,1.27287,1.27473,6766,8,0
2023-08-23 04:00:00,1.27472,1.27641,1.2705600000000001,1.27194,11749,8,0
2023-08-23 08:00:00,1.27194,1.2736,1.26218,1.26289,19194,8,0
2023-08-23 12:00:00,1.26289,1.27179,1.26142,1.27127,20950,8,0
2023-08-23 16:00:00,1.27127,1.27326,1.27084,1.27175,6729,8,0
2023-08-23 20:00:00,1.27177,1.27281,1.2707,1.27197,2846,8,0
2023-08-24 00:00:00,1.27199,1.27281,1.27053,1.27139,7543,8,0
2023-08-24 04:00:00,1.2713999999999999,1.27274,1.2692,1.27021,9032,8,0
2023-08-24 08:00:00,1.2702200000000001,1.27127,1.2656100000000001,1.26575,9976,8,0
2023-08-24 12:00:00,1.26577,1.26624,1.2625899999999999,1.26316,17958,8,0
2023-08-24 16:00:00,1.26316,1.2634400000000001,1.25927,1.25929,7000,8,0
2023-08-24 20:00:00,1.25926,1.26038,1.2585600000000001,1.2591999999999999,2663,8,0
2023-08-25 00:00:00,1.25921,1.25976,1.25636,1.25653,7163,8,0
2023-08-25 04:00:00,1.25653,1.25879,1.25596,1.25751,8803,8,0
2023-08-25 08:00:00,1.2575,1.26215,1.25717,1.26156,9514,8,0
2023-08-25 12:00:00,1.26153,1.26538,1.25476,1.25687,26890,8,0
2023-08-25 16:00:00,1.25688,1.2601,1.25686,1.2588,9547,8,0
2023-08-25 20:00:00,1.25878,1.259,1.25756,1.25787,940,8,0
2023-08-27 20:00:00,1.25738,1.2589000000000001,1.25695,1.25887,1742,12,0
2023-08-28 00:00:00,1.25888,1.2603900000000001,1.25873,1.25989,7311,8,0
2023-08-28 04:00:00,1.2598799999999999,1.26102,1.2572,1.25742,7157,8,0
2023-08-28 08:00:00,1.2574,1.25911,1.25651,1.25864,7947,8,0
2023-08-28 12:00:00,1.25866,1.2597,1.25722,1.25897,12443,8,0
2023-08-28 16:00:00,1.25898,1.26071,1.25881,1.2604,6338,8,0
2023-08-28 20:00:00,1.2604199999999999,1.2615,1.25872,1.26104,2092,8,0
2023-08-29 00:00:00,1.26104,1.2631700000000001,1.26098,1.26276,5914,8,0
2023-08-29 04:00:00,1.26275,1.26352,1.26075,1.26113,8275,8,0
2023-08-29 08:00:00,1.26113,1.26186,1.2582900000000001,1.25867,11405,8,0
2023-08-29 12:00:00,1.25866,1.26335,1.25623,1.26114,23223,8,0
2023-08-29 16:00:00,1.26113,1.26543,1.26078,1.2650299999999999,8964,8,0
2023-08-29 20:00:00,1.2650000000000001,1.2650000000000001,1.26314,1.26353,2133,8,0
2023-08-30 00:00:00,1.26355,1.26426,1.26248,1.26301,5443,8,0
2023-08-30 04:00:00,1.26301,1.2647300000000001,1.26185,1.26417,9306,8,0
2023-08-30 08:00:00,1.2641499999999999,1.26691,1.2627,1.2656399999999999,12404,8,0
2023-08-30 12:00:00,1.26566,1.27453,1.26532,1.27234,22750,8,0
2023-08-30 16:00:00,1.2723499999999999,1.27285,1.27063,1.2717100000000001,6980,8,0
2023-08-30 20:00:00,1.2717100000000001,1.27226,1.2705600000000001,1.27107,2047,8,0
2023-08-31 00:00:00,1.27109,1.2734,1.27104,1.27199,5791,8,0
2023-08-31 04:00:00,1.27198,1.2724,1.27003,1.2708300000000001,8942,8,0
2023-08-31 08:00:00,1.27085,1.27162,1.2663,1.26803,13165,8,0
2023-08-31 12:00:00,1.26803,1.2695699999999999,1.26521,1.2665,23441,8,0
2023-08-31 16:00:00,1.2665,1.26737,1.2656399999999999,1.26672,7295,8,0
2023-08-31 20:00:00,1.26671,1.26745,1.26599,1.26707,2446,8,0
2023-09-01 00:00:00,1.26707,1.26829,1.26579,1.26596,6419,8,0
2023-09-01 04:00:00,1.26596,1.26891,1.2639,1.26837,8454,8,0
2023-09-01 08:00:00,1.26838,1.26854,1.26688,1.26702,9069,8,0
2023-09-01 12:00:00,1.26702,1.27123,1.25905,1.2591,30431,8,0
2023-09-01 16:00:00,1.25909,1.2598500000000001,1.25769,1.25862,6101,8,0
2023-09-01 20:00:00,1.2586300000000001,1.25907,1.2585899999999999,1.2586,832,8,0
2023-09-03 20:00:00,1.2581,1.25916,1.25804,1.25905,1125,12,0
2023-09-04 00:00:00,1.25906,1.26054,1.25873,1.26029,5302,8,0
2023-09-04 04:00:00,1.26029,1.26291,1.25996,1.26202,6707,8,0
2023-09-04 08:00:00,1.26202,1.2642,1.26201,1.26275,8152,8,0
2023-09-04 12:00:00,1.26273,1.26388,1.26145,1.2624,7544,8,0
2023-09-04 16:00:00,1.2624,1.26326,1.26204,1.2628300000000001,1459,8,0
2023-09-04 20:00:00,1.26285,1.26315,1.26152,1.2622,1132,8,0
2023-09-05 00:00:00,1.2622200000000001,1.26315,1.26121,1.2617099999999999,5521,8,0
2023-09-05 04:00:00,1.26172,1.26279,1.256,1.25626,10880,8,0
2023-09-05 08:00:00,1.25625,1.25668,1.25277,1.2549000000000001,12599,8,0
2023-09-05 12:00:00,1.2549000000000001,1.25823,1.25399,1.25801,21595,8,0
2023-09-05 16:00:00,1.25803,1.25864,1.2558099999999999,1.25614,5996,8,0
2023-09-05 20:00:00,1.25618,1.25724,1.25526,1.25693,1718,8,0
2023-09-06 00:00:00,1.25695,1.25736,1.25491,1.2570700000000001,6143,8,0
2023-09-06 04:00:00,1.25704,1.25875,1.25529,1.25543,10772,8,0
2023-09-06 08:00:00,1.25542,1.2564600000000001,1.2543,1.25644,11920,8,0
2023-09-06 12:00:00,1.25644,1.25667,1.24817,1.24972,22315,8,0
2023-09-06 16:00:00,1.24975,1.25108,1.24952,1.25042,6141,8,0
2023-09-06 20:00:00,1.25043,1.25074,1.24918,1.24979,1981,8,0
2023-09-07 00:00:00,1.2498,1.2505899999999999,1.24908,1.25043,5534,8,0
2023-09-07 04:00:00,1.25043,1.25079,1.24604,1.24724,10068,8,0
2023-09-07 08:00:00,1.24723,1.2487300000000001,1.24502,1.24602,10657,8,0
2023-09-07 12:00:00,1.24602,1.24894,1.24451,1.24838,16198,8,0
2023-09-07 16:00:00,1.24839,1.24865,1.24673,1.2469999999999999,6207,8,0
2023-09-07 20:00:00,1.24701,1.24747,1.24626,1.24747,1680,8,0
2023-09-08 00:00:00,1.24748,1.25011,1.24728,1.24956,6590,8,0
2023-09-08 04:00:00,1.24956,1.25096,1.24781,1.24928,7945,8,0
2023-09-08 08:00:00,1.24929,1.24997,1.24667,1.24825,11625,8,0
2023-09-08 12:00:00,1.24824,1.25139,1.24689,1.24735,15523,8,0
2023-09-08 16:00:00,1.24736,1.24759,1.24508,1.24551,5631,8,0
2023-09-08 20:00:00,1.24551,1.24655,1.24546,1.24652,915,8,0
2023-09-10 20:00:00,1.2461,1.24918,1.24603,1.24878,2198,12,0
2023-09-11 00:00:00,1.2488,1.25033,1.24815,1.2501,7043,8,0
2023-09-11 04:00:00,1.25011,1.2527300000000001,1.25003,1.25224,9480,8,0
2023-09-11 08:00:00,1.25225,1.2536800000000001,1.25006,1.25142,8747,8,0
2023-09-11 12:00:00,1.25144,1.25476,1.25111,1.25261,13724,8,0
2023-09-11 16:00:00,1.25262,1.2542200000000001,1.25071,1.25118,5552,8,0
2023-09-11 20:00:00,1.2511700000000001,1.2512699999999999,1.24987,1.25074,1615,8,0
2023-09-12 00:00:00,1.25076,1.25231,1.25006,1.25162,6641,8,0
2023-09-12 04:00:00,1.25163,1.25281,1.24767,1.2485,9741,8,0
2023-09-12 08:00:00,1.2485,1.24881,1.24594,1.24702,9124,8,0
2023-09-12 12:00:00,1.24702,1.24833,1.2459,1.2475,12888,8,0
2023-09-12 16:00:00,1.24752,1.24922,1.24749,1.24916,5584,8,0
2023-09-12 20:00:00,1.24917,1.24984,1.24791,1.2490700000000001,2429,8,0
2023-09-13 00:00:00,1.24909,1.25017,1.24807,1.24881,6081,8,0
2023-09-13 04:00:00,1.24881,1.24976,1.24404,1.24682,11095,8,0
2023-09-13 08:00:00,1.24681,1.24861,1.24554,1.24723,11099,8,0
2023-09-13 12:00:00,1.24724,1.25114,1.24315,1.24869,27448,8,0
2023-09-13 16:00:00,1.24869,1.25058,1.24807,1.2487300000000001,7124,8,0
2023-09-13 20:00:00,1.2487300000000001,1.24916,1.24749,1.2489,2227,8,0
2023-09-14 00:00:00,1.24892,1.25039,1.24846,1.2497,5534,8,0
2023-09-14 04:00:00,1.2497,1.2505600000000001,1.2479,1.24855,6990,8,0
2023-09-14 08:00:00,1.24853,1.24929,1.24602,1.24753,9747,8,0
2023-09-14 12:00:00,1.24755,1.24798,1.24005,1.24073,28395,8,0
2023-09-14 16:00:00,1.24072,1.24199,1.23962,1.2406,6748,8,0
2023-09-14 20:00:00,1.24059,1.24119,1.23993,1.24004,1605,8,0
2023-09-15 00:00:00,1.24006,1.24218,1.23993,1.24217,5620,8,0
2023-09-15 04:00:00,1.24218,1.2436099999999999,1.24155,1.2435,8226,8,0
2023-09-15 08:00:00,1.24352,1.24454,1.23983,1.24058,8635,8,0
2023-09-15 12:00:00,1.24059,1.2425,1.23846,1.23886,16824,8,0
2023-09-15 16:00:00,1.23886,1.24005,1.23784,1.2384,5960,8,0
2023-09-15 20:00:00,1.2383899999999999,1.23856,1.23787,1.23824,938,8,0
2023-09-17 20:00:00,1.2376800000000001,1.2397,1.23765,1.23968,1054,12,0
2023-09-18 00:00:00,1.23968,1.24036,1.2386300000000001,1.23874,4595,8,0
2023-09-18 04:00:00,1.23871,1.24042,1.23755,1.2379,6685,8,0
2023-09-18 08:00:00,1.2379,1.24098,1.23699,1.2382900000000001,7246,8,0
2023-09-18 12:00:00,1.2382900000000001,1.2404600000000001,1.23725,1.24004,11850,8,0
2023-09-18 16:00:00,1.24005,1.2402,1.23738,1.23817,4852,8,0
2023-09-18 20:00:00,1.23817,1.2387,1.23746,1.23825,1701,8,0
2023-09-19 00:00:00,1.23827,1.23911,1.23748,1.23775,4085,8,0
2023-09-19 04:00:00,1.23775,1.23925,1.23686,1.23888,6800,8,0
2023-09-19 08:00:00,1.23885,1.2411699999999999,1.23709,1.2411699999999999,8938,8,0
2023-09-19 12:00:00,1.24118,1.24241,1.23817,1.23897,13076,8,0
2023-09-19 16:00:00,1.23899,1.23963,1.23831,1.2395100000000001,5314,8,0
2023-09-19 20:00:00,1.2395100000000001,1.23958,1.23807,1.23923,1557,8,0
2023-09-20 00:00:00,1.23925,1.23946,1.2382,1.23856,4405,8,0
2023-09-20 04:00:00,1.23858,1.23952,1.23306,1.23602,10863,8,0
2023-09-20 08:00:00,1.23601,1.23759,1.2353399999999999,1.23676,8384,8,0
2023-09-20 12:00:00,1.23676,1.24096,1.2364,1.23867,12085,8,0
2023-09-20 16:00:00,1.23869,1.24209,1.2338,1.23397,21275,8,0
2023-09-20 20:00:00,1.23395,1.23452,1.23234,1.23264,2708,8,0
2023-09-21 00:00:00,1.23266,1.23282,1.23039,1.23213,7062,8,0
2023-09-21 04:00:00,1.23213,1.23311,1.22927,1.23128,9385,8,0
2023-09-21 08:00:00,1.23125,1.23199,1.22319,1.2268,16601,8,0
2023-09-21 12:00:00,1.22677,1.23042,1.22438,1.22965,19186,8,0
2023-09-21 16:00:00,1.22966,1.2307,1.2288000000000001,1.22919,6970,8,0
2023-09-21 20:00:00,1.22919,1.22942,1.22836,1.22923,1760,8,0
2023-09-22 00:00:00,1.22925,1.22934,1.22724,1.22778,6048,8,0
2023-09-22 04:00:00,1.22778,1.22878,1.22507,1.22652,12809,8,0
2023-09-22 08:00:00,1.22654,1.227,1.22324,1.22546,11557,8,0
2023-09-22 12:00:00,1.22546,1.22839,1.22448,1.22545,15166,8,0
2023-09-22 16:00:00,1.22545,1.22596,1.22303,1.22386,6506,8,0
2023-09-22 20:00:00,1.22385,1.22417,1.2235800000000001,1.22375,899,8,0
2023-09-24 20:00:00,1.22317,1.22462,1.22294,1.22406,2090,12,0
2023-09-25 00:00:00,1.22407,1.22494,1.22371,1.22385,4346,8,0
2023-09-25 04:00:00,1.22385,1.22497,1.22325,1.22414,6228,8,0
2023-09-25 08:00:00,1.22412,1.22446,1.22121,1.22203,9950,8,0
2023-09-25 12:00:00,1.22204,1.22269,1.21935,1.22154,15209,8,0
2023-09-25 16:00:00,1.22154,1.22216,1.22051,1.22111,5566,8,0
2023-09-25 20:00:00,1.22111,1.22149,1.21998,1.22121,1813,8,0
2023-09-26 00:00:00,1.22123,1.22145,1.21933,1.2197,5896,8,0
2023-09-26 04:00:00,1.21972,1.22067,1.2166,1.21723,8403,8,0
2023-09-26 08:00:00,1.21725,1.21936,1.21691,1.21761,9827,8,0
2023-09-26 12:00:00,1.21763,1.21917,1.21587,1.21647,14481,8,0
2023-09-26 16:00:00,1.21649,1.21757,1.21537,1.2155,5738,8,0
2023-09-26 20:00:00,1.21552,1.21589,1.21424,1.21456,1998,8,0
2023-09-27 00:00:00,1.21458,1.2157,1.21401,1.21412,5594,8,0
2023-09-27 04:00:00,1.21411,1.21584,1.2135,1.21478,7478,8,0
2023-09-27 08:00:00,1.21477,1.2163599999999999,1.21306,1.21384,9593,8,0
2023-09-27 12:00:00,1.21385,1.21586,1.21233,1.21303,16595,8,0
2023-09-27 16:00:00,1.21305,1.21528,1.211,1.21384,11971,8,0
2023-09-27 20:00:00,1.21384,1.21386,1.21238,1.21347,1998,8,0
2023-09-28 00:00:00,1.21349,1.21448,1.21299,1.21366,5498,8,0
2023-09-28 04:00:00,1.21366,1.21598,1.21194,1.21527,8769,8,0
2023-09-28 08:00:00,1.21528,1.22133,1.21487,1.22068,10290,8,0
2023-09-28 12:00:00,1.22069,1.22241,1.21751,1.22202,20712,8,0
2023-09-28 16:00:00,1.22205,1.22228,1.21874,1.21991,8971,8,0
2023-09-28 20:00:00,1.21988,1.2209,1.21914,1.22037,1884,8,0
2023-09-29 00:00:00,1.22039,1.22279,1.21959,1.22189,5010,8,0
2023-09-29 04:00:00,1.22189,1.22538,1.22172,1.22426,9514,8,0
2023-09-29 08:00:00,1.22425,1.22714,1.22289,1.22544,12011,8,0
2023-09-29 12:00:00,1.22541,1.22662,1.21799,1.22117,24517,8,0
2023-09-29 16:00:00,1.22116,1.22184,1.21856,1.21995,11386,8,0
2023-09-29 20:00:00,1.21995,1.2204,1.21993,1.22029,1201,8,0
2023-10-01 20:00:00,1.21869,1.22044,1.2178499999999999,1.21923,2105,12,0
2023-10-02 00:00:00,1.21926,1.21961,1.21868,1.219,4369,8,0
2023-10-02 04:00:00,1.219,1.22194,1.2175,1.21936,7851,8,0
2023-10-02 08:00:00,1.21935,1.2196799999999999,1.21479,1.21519,10126,8,0
2023-10-02 12:00:00,1.21519,1.21669,1.21136,1.21269,18504,8,0
2023-10-02 16:00:00,1.21271,1.21281,1.20915,1.2092100000000001,8609,8,0
2023-10-02 20:00:00,1.20919,1.20941,1.20795,1.20894,2342,8,0
2023-10-03 00:00:00,1.20896,1.20902,1.2070400000000001,1.2077,6566,8,0
2023-10-03 04:00:00,1.20771,1.20883,1.20606,1.20827,9639,8,0
2023-10-03 08:00:00,1.2082600000000001,1.20965,1.2052,1.20651,11550,8,0
2023-10-03 12:00:00,1.2065299999999999,1.21015,1.2053,1.20655,29109,8,0
2023-10-03 16:00:00,1.2065299999999999,1.20911,1.2065299999999999,1.20776,11511,8,0
2023-10-03 20:00:00,1.20774,1.2080899999999999,1.20649,1.2077,2012,8,0
2023-10-04 00:00:00,1.20772,1.2084,1.20601,1.20622,6602,8,0
2023-10-04 04:00:00,1.20622,1.20843,1.2037,1.20832,9753,8,0
2023-10-04 08:00:00,1.20831,1.21405,1.20813,1.21191,12706,8,0
2023-10-04 12:00:00,1.21193,1.21766,1.21058,1.2154099999999999,25589,8,0
2023-10-04 16:00:00,1.21543,1.21657,1.21303,1.21503,10508,8,0
2023-10-04 20:00:00,1.21503,1.21508,1.21248,1.21365,1853,8,0
2023-10-05 00:00:00,1.21367,1.21627,1.21305,1.21588,6410,8,0
2023-10-05 04:00:00,1.21588,1.21628,1.21302,1.21306,7998,8,0
2023-10-05 08:00:00,1.21306,1.21515,1.21155,1.21489,10911,8,0
2023-10-05 12:00:00,1.21488,1.2174,1.21073,1.21682,21340,8,0
2023-10-05 16:00:00,1.21683,1.21956,1.21655,1.21933,9847,8,0
2023-10-05 20:00:00,1.21934,1.21951,1.21787,1.21868,1648,8,0
2023-10-06 00:00:00,1.21867,1.21889,1.21765,1.21805,5673,8,0
2023-10-06 04:00:00,1.21803,1.22066,1.21634,1.22035,7647,8,0
2023-10-06 08:00:00,1.22035,1.22191,1.2192,1.22117,10970,8,0
2023-10-06 12:00:00,1.22117,1.2260900000000001,1.2105299999999999,1.22525,34806,8,0
2023-10-06 16:00:00,1.22523,1.22549,1.2230699999999999,1.22417,11007,8,0
2023-10-06 20:00:00,1.22418,1.22421,1.22322,1.22374,927,8,0
2023-10-08 20:00:00,1.2193,1.2221,1.21906,1.22189,2912,12,0
2023-10-09 00:00:00,1.22192,1.22241,1.21967,1.21977,6768,8,0
2023-10-09 04:00:00,1.21977,1.22168,1.21673,1.21703,10538,8,0
2023-10-09 08:00:00,1.21702,1.21906,1.21634,1.21685,10271,8,0
2023-10-09 12:00:00,1.2168700000000001,1.222,1.21627,1.22033,15050,8,0
2023-10-09 16:00:00,1.22031,1.22423,1.21959,1.22422,7984,8,0
2023-10-09 20:00:00,1.22422,1.22512,1.22251,1.2248999999999999,2126,8,0
2023-10-10 00:00:00,1.22488,1.22562,1.22346,1.22365,8397,8,0
2023-10-10 04:00:00,1.22367,1.22367,1.22113,1.22306,11421,8,0
2023-10-10 08:00:00,1.2230699999999999,1.22753,1.2224599999999999,1.22393,16265,8,0
2023-10-10 12:00:00,1.22393,1.22881,1.22369,1.22861,19581,8,0
2023-10-10 16:00:00,1.22861,1.22911,1.22633,1.22841,11151,8,0
2023-10-10 20:00:00,1.22841,1.2294100000000001,1.227,1.22887,2201,8,0
2023-10-11 00:00:00,1.22889,1.23031,1.2287,1.22923,5993,8,0
2023-10-11 04:00:00,1.22923,1.23038,1.2269700000000001,1.2275800000000001,9530,8,0
2023-10-11 08:00:00,1.22757,1.22978,1.22695,1.22895,13012,8,0
2023-10-11 12:00:00,1.22895,1.23368,1.22687,1.23015,22462,8,0
2023-10-11 16:00:00,1.23015,1.23117,1.22747,1.23084,10627,8,0
2023-10-11 20:00:00,1.23084,1.23188,1.22991,1.23147,1955,8,0
2023-10-12 00:00:00,1.23148,1.23225,1.23102,1.23175,6159,8,0
2023-10-12 04:00:00,1.23174,1.23311,1.22936,1.22948,8650,8,0
2023-10-12 08:00:00,1.22949,1.23125,1.22927,1.23123,9459,8,0
2023-10-12 12:00:00,1.23123,1.2314,1.22007,1.22113,25209,8,0
2023-10-12 16:00:00,1.22112,1.22235,1.21713,1.21752,11459,8,0
2023-10-12 20:00:00,1.21751,1.21837,1.21647,1.2182,2119,8,0
2023-10-13 00:00:00,1.21821,1.22074,1.21821,1.22029,4806,8,0
2023-10-13 04:00:00,1.22029,1.22248,1.2184599999999999,1.22108,8542,8,0
2023-10-13 08:00:00,1.22105,1.22189,1.21596,1.21838,12872,8,0
2023-10-13 12:00:00,1.21841,1.22009,1.2131,1.2136,20280,8,0
2023-10-13 16:00:00,1.21359,1.2146,1.21221,1.21398,9692,8,0
2023-10-13 20:00:00,1.21397,1.21454,1.21334,1.21433,1119,8,0
2023-10-15 20:00:00,1.213,1.21552,1.21294,1.2154,2161,12,0
2023-10-16 00:00:00,1.21542,1.21584,1.21445,1.21556,5587,8,0
2023-10-16 04:00:00,1.21556,1.21775,1.21543,1.2174800000000001,9482,8,0
2023-10-16 08:00:00,1.21747,1.21803,1.21424,1.2178,11274,8,0
2023-10-16 12:00:00,1.2178200000000001,1.21993,1.2153,1.2196,16248,8,0
2023-10-16 16:00:00,1.21959,1.22189,1.21901,1.22169,6750,8,0
2023-10-16 20:00:00,1.22169,1.22183,1.21984,1.22111,1875,8,0
2023-10-17 00:00:00,1.22113,1.22154,1.21928,1.22023,5377,8,0
2023-10-17 04:00:00,1.22023,1.22024,1.21641,1.21759,8451,8,0
2023-10-17 08:00:00,1.21756,1.21905,1.21492,1.21838,12235,8,0
2023-10-17 12:00:00,1.21838,1.22034,1.21325,1.22033,22067,8,0
2023-10-17 16:00:00,1.22033,1.22115,1.21706,1.21844,9105,8,0
2023-10-17 20:00:00,1.2184300000000001,1.21845,1.21691,1.21776,2003,8,0
2023-10-18 00:00:00,1.21776,1.21795,1.21581,1.21753,5488,8,0
2023-10-18 04:00:00,1.21753,1.22108,1.2174,1.21893,9199,8,0
2023-10-18 08:00:00,1.21892,1.22099,1.21757,1.21887,11529,8,0
2023-10-18 12:00:00,1.21887,1.22059,1.2138200000000001,1.21478,17553,8,0
2023-10-18 16:00:00,1.21479,1.2175799999999999,1.21366,1.21395,11089,8,0
2023-10-18 20:00:00,1.21396,1.21441,1.21308,1.2141,1960,8,0
2023-10-19 00:00:00,1.2140900000000001,1.21455,1.21258,1.21271,5742,8,0
2023-10-19 04:00:00,1.21271,1.21445,1.21107,1.21171,8876,8,0
2023-10-19 08:00:00,1.21169,1.21255,1.20896,1.21205,11629,8,0
2023-10-19 12:00:00,1.21204,1.21615,1.21187,1.21425,16999,8,0
2023-10-19 16:00:00,1.21427,1.2191,1.21255,1.21485,27431,8,0
2023-10-19 20:00:00,1.21483,1.21489,1.21319,1.21349,2541,8,0
2023-10-20 00:00:00,1.21349,1.21441,1.2117499999999999,1.21372,6507,8,0
2023-10-20 04:00:00,1.21371,1.21379,1.20926,1.21035,9628,8,0
2023-10-20 08:00:00,1.21034,1.21449,1.20964,1.214,11494,8,0
2023-10-20 12:00:00,1.21402,1.21608,1.21197,1.21499,18723,8,0
2023-10-20 16:00:00,1.21501,1.21699,1.2134800000000001,1.21601,10458,8,0
2023-10-20 20:00:00,1.21599,1.21655,1.21589,1.21635,967,8,0
2023-10-22 20:00:00,1.21511,1.21656,1.21491,1.21627,1446,12,0
2023-10-23 00:00:00,1.21628,1.21633,1.21475,1.21475,4418,8,0
2023-10-23 04:00:00,1.21473,1.21706,1.21439,1.21677,7953,8,0
2023-10-23 08:00:00,1.21679,1.2184300000000001,1.21428,1.2169699999999999,11796,8,0
2023-10-23 12:00:00,1.21696,1.22365,1.21498,1.22319,16634,8,0
2023-10-23 16:00:00,1.2232,1.22581,1.22201,1.22442,9158,8,0
2023-10-23 20:00:00,1.2244,1.22533,1.22416,1.22485,2087,8,0
2023-10-24 00:00:00,1.22488,1.22736,1.22464,1.22653,6268,8,0
2023-10-24 04:00:00,1.22653,1.22882,1.22584,1.22621,9463,8,0
2023-10-24 08:00:00,1.2262,1.22654,1.22101,1.2219,12112,8,0
2023-10-24 12:00:00,1.22187,1.22212,1.21583,1.21677,18915,8,0
2023-10-24 16:00:00,1.21677,1.21722,1.2153,1.21627,7856,8,0
2023-10-24 20:00:00,1.2162600000000001,1.21655,1.21507,1.21616,2307,8,0
2023-10-25 00:00:00,1.21618,1.2174800000000001,1.21603,1.21707,5253,8,0
2023-10-25 04:00:00,1.21707,1.21757,1.2137,1.21411,7233,8,0
2023-10-25 08:00:00,1.2141,1.21501,1.21132,1.21177,9783,8,0
2023-10-25 12:00:00,1.21179,1.21559,1.21157,1.21372,16609,8,0
2023-10-25 16:00:00,1.21375,1.21397,1.21117,1.21121,9846,8,0
2023-10-25 20:00:00,1.21119,1.2114,1.20943,1.21018,2506,8,0
2023-10-26 00:00:00,1.2101899999999999,1.21045,1.20764,1.208,5519,8,0
2023-10-26 04:00:00,1.208,1.20927,1.20691,1.20889,9175,8,0
2023-10-26 08:00:00,1.20889,1.20957,1.20739,1.20852,8837,8,0
2023-10-26 12:00:00,1.20849,1.2133,1.2078,1.21108,21841,8,0
2023-10-26 16:00:00,1.21107,1.21393,1.20976,1.21212,9729,8,0
2023-10-26 20:00:00,1.2121,1.21383,1.21132,1.21356,2155,8,0
2023-10-27 00:00:00,1.2135799999999999,1.21388,1.21218,1.2134,4706,8,0
2023-10-27 04:00:00,1.21337,1.2141,1.21119,1.21186,7580,8,0
2023-10-27 08:00:00,1.21186,1.21423,1.21051,1.21085,8576,8,0
2023-10-27 12:00:00,1.21085,1.21621,1.21055,1.21492,18580,8,0
2023-10-27 16:00:00,1.21494,1.21538,1.21101,1.212,10552,8,0
2023-10-27 20:00:00,1.21197,1.21223,1.21171,1.21205,1204,8,0
2023-10-29 20:00:00,1.21112,1.21233,1.21089,1.21125,1573,12,0
2023-10-30 00:00:00,1.21127,1.21207,1.21059,1.212,4716,8,0
2023-10-30 04:00:00,1.2119900000000001,1.21329,1.20917,1.20977,5019,8,0
2023-10-30 08:00:00,1.20975,1.21413,1.2089699999999999,1.2125,10629,8,0
2023-10-30 12:00:00,1.2125,1.21644,1.21196,1.21554,15122,8,0
2023-10-30 16:00:00,1.21554,1.21742,1.2140900000000001,1.2173,7660,8,0
2023-10-30 20:00:00,1.21728,1.21728,1.21549,1.21632,1866,8,0
2023-10-31 00:00:00,1.21634,1.21634,1.21364,1.21439,5822,8,0
2023-10-31 04:00:00,1.21437,1.21606,1.2138200000000001,1.21555,6015,8,0
2023-10-31 08:00:00,1.21556,1.22,1.21454,1.21792,10378,8,0
2023-10-31 12:00:00,1.21789,1.21853,1.2119,1.21327,16519,8,0
2023-10-31 16:00:00,1.21325,1.2155,1.21229,1.2152,9441,8,0
2023-10-31 20:00:00,1.21523,1.2154099999999999,1.21318,1.215,2681,8,0
2023-11-01 00:00:00,1.21501,1.21517,1.21337,1.2144300000000001,5441,8,0
2023-11-01 04:00:00,1.21442,1.21605,1.21313,1.2152,6017,8,0
2023-11-01 08:00:00,1.2152,1.216,1.21228,1.21254,9251,8,0
2023-11-01 12:00:00,1.21255,1.2164,1.20953,1.21259,21374,8,0
2023-11-01 16:00:00,1.21257,1.21559,1.20966,1.21477,17748,8,0
2023-11-01 20:00:00,1.21477,1.218,1.21251,1.218,3036,12,0
2023-11-02 00:00:00,1.21804,1.21959,1.21784,1.2191,5450,12,0
2023-11-02 04:00:00,1.21911,1.21911,1.21632,1.2168700000000001,5859,12,0
2023-11-02 08:00:00,1.21686,1.21984,1.21547,1.2193100000000001,9612,12,0
2023-11-02 12:00:00,1.2193100000000001,1.22248,1.21672,1.21729,16306,12,0
2023-11-02 16:00:00,1.21727,1.22085,1.21681,1.22068,7765,12,0
2023-11-02 20:00:00,1.2207,1.22078,1.21736,1.21889,2557,12,0
2023-11-03 00:00:00,1.21891,1.22038,1.21839,1.21994,4868,12,0
2023-11-03 04:00:00,1.21996,1.22127,1.21963,1.21993,4817,12,0
2023-11-03 08:00:00,1.21991,1.223,1.21855,1.22258,8359,12,0
2023-11-03 12:00:00,1.22258,1.23742,1.2223600000000001,1.23705,19513,12,0
2023-11-03 16:00:00,1.237,1.23889,1.23579,1.23731,8244,12,0
2023-11-03 20:00:00,1.2373,1.23823,1.23728,1.23803,814,12,0
2023-11-05 20:00:00,1.23659,1.23749,1.23461,1.23696,1278,64,0
2023-11-06 00:00:00,1.23713,1.23753,1.23644,1.23743,5552,12,0
2023-11-06 04:00:00,1.23744,1.23957,1.237,1.23822,5788,12,0
2023-11-06 08:00:00,1.23819,1.24258,1.2376,1.24227,8512,12,0
2023-11-06 12:00:00,1.24231,1.24274,1.2371,1.23889,10380,12,0
2023-11-06 16:00:00,1.23889,1.23972,1.23506,1.23512,6455,12,0
2023-11-06 20:00:00,1.23511,1.23516,1.23201,1.23422,3151,12,0
2023-11-07 00:00:00,1.23434,1.23461,1.23322,1.23338,4625,12,0
2023-11-07 04:00:00,1.23338,1.23365,1.23112,1.23144,5234,12,0
2023-11-07 08:00:00,1.23146,1.23316,1.22749,1.22877,9448,12,0
2023-11-07 12:00:00,1.22875,1.231,1.22824,1.22984,10791,12,0
2023-11-07 16:00:00,1.22984,1.23109,1.22621,1.22957,8363,12,0
2023-11-07 20:00:00,1.22952,1.22997,1.22727,1.22895,4027,12,0
2023-11-08 00:00:00,1.22906,1.22953,1.22774,1.22802,5123,12,0
2023-11-08 04:00:00,1.22803,1.22839,1.22639,1.22716,6088,12,0
2023-11-08 08:00:00,1.22719,1.22756,1.22413,1.22669,9203,12,0
2023-11-08 12:00:00,1.22669,1.2288000000000001,1.22499,1.22857,11600,12,0
2023-11-08 16:00:00,1.22857,1.23007,1.22813,1.22834,8778,12,0
2023-11-08 20:00:00,1.22832,1.22891,1.22605,1.22837,4373,12,0
2023-11-09 00:00:00,1.22848,1.22931,1.22742,1.22814,4783,12,0
2023-11-09 04:00:00,1.22814,1.22887,1.22746,1.2281900000000001,5786,12,0
2023-11-09 08:00:00,1.22817,1.23079,1.22529,1.22606,9900,12,0
2023-11-09 12:00:00,1.22605,1.22945,1.22509,1.2286,12789,12,0
2023-11-09 16:00:00,1.2286,1.22883,1.22118,1.22194,12858,12,0
2023-11-09 20:00:00,1.22194,1.22289,1.22095,1.22154,4806,12,0
2023-11-10 00:00:00,1.22157,1.22273,1.2211400000000001,1.22208,4701,12,0
2023-11-10 04:00:00,1.22208,1.22369,1.22156,1.2227000000000001,6390,12,0
2023-11-10 08:00:00,1.22268,1.22342,1.22023,1.22073,9066,12,0
2023-11-10 12:00:00,1.22069,1.22265,1.21864,1.21953,12181,12,0
2023-11-10 16:00:00,1.21957,1.2230699999999999,1.21918,1.22177,7731,12,0
2023-11-10 20:00:00,1.22177,1.22275,1.22143,1.22257,2122,12,0
2023-11-12 20:00:00,1.22009,1.22293,1.21953,1.22263,1505,64,0
2023-11-13 00:00:00,1.22286,1.22354,1.22225,1.22265,4388,12,0
2023-11-13 04:00:00,1.22265,1.22431,1.22257,1.2236799999999999,5163,12,0
2023-11-13 08:00:00,1.2236799999999999,1.22546,1.2230699999999999,1.22496,8197,12,0
2023-11-13 12:00:00,1.22494,1.22579,1.22293,1.22516,10413,12,0
2023-11-13 16:00:00,1.2252,1.22786,1.22474,1.22772,6992,12,0
2023-11-13 20:00:00,1.22772,1.22798,1.22591,1.22779,2905,12,0
2023-11-14 00:00:00,1.22787,1.22795,1.22681,1.22705,3483,12,0
2023-11-14 04:00:00,1.22705,1.22996,1.22649,1.22943,5233,12,0
2023-11-14 08:00:00,1.22943,1.23068,1.22759,1.22799,8613,12,0
2023-11-14 12:00:00,1.22803,1.24739,1.22797,1.24553,18989,12,0
2023-11-14 16:00:00,1.24558,1.24993,1.24547,1.24986,8925,12,0
2023-11-14 20:00:00,1.24986,1.25053,1.24711,1.24926,3895,12,0
2023-11-15 00:00:00,1.24929,1.24953,1.24789,1.24939,5010,12,0
2023-11-15 04:00:00,1.24939,1.24974,1.24634,1.24692,6666,12,0
2023-11-15 08:00:00,1.2469000000000001,1.24755,1.2453400000000001,1.24716,10906,8,0
2023-11-15 12:00:00,1.24716,1.24792,1.24031,1.24417,18357,8,0
2023-11-15 16:00:00,1.24413,1.24536,1.24099,1.24181,9754,8,0
2023-11-15 20:00:00,1.2418,1.24211,1.24021,1.24208,3466,8,0
2023-11-16 00:00:00,1.24213,1.24238,1.23795,1.23879,5687,8,0
2023-11-16 04:00:00,1.23879,1.2398500000000001,1.23759,1.23798,5485,8,0
2023-11-16 08:00:00,1.23796,1.24128,1.23763,1.24037,10915,8,0
2023-11-16 12:00:00,1.24036,1.24549,1.2382,1.24402,17221,8,0
2023-11-16 16:00:00,1.24402,1.24484,1.24138,1.24172,9046,8,0
2023-11-16 20:00:00,1.24171,1.24183,1.2405599999999999,1.24136,2747,8,0
2023-11-17 00:00:00,1.24139,1.24218,1.24038,1.24073,4675,8,0
2023-11-17 04:00:00,1.24073,1.24183,1.23735,1.2383899999999999,6164,8,0
2023-11-17 08:00:00,1.2384,1.24374,1.23782,1.2429000000000001,13401,8,0
2023-11-17 12:00:00,1.24291,1.24395,1.24047,1.24333,16265,8,0
2023-11-17 16:00:00,1.24334,1.24574,1.24174,1.24484,8691,8,0
2023-11-17 20:00:00,1.24482,1.24644,1.2446,1.2462900000000001,2388,8,0
2023-11-19 20:00:00,1.2441200000000001,1.24604,1.24406,1.24504,1536,40,0
2023-11-20 00:00:00,1.24525,1.24851,1.24455,1.2484,7260,8,0
2023-11-20 04:00:00,1.2484,1.24949,1.2471,1.24746,6932,8,0
2023-11-20 08:00:00,1.24748,1.25099,1.24608,1.24704,11950,8,0
2023-11-20 12:00:00,1.24705,1.2494,1.24616,1.2492,12509,8,0
2023-11-20 16:00:00,1.24917,1.2517,1.24896,1.25099,9077,8,0
2023-11-20 20:00:00,1.25098,1.25131,1.24942,1.25069,3655,8,0
2023-11-21 00:00:00,1.25073,1.25384,1.2504,1.25377,8758,8,0
2023-11-21 04:00:00,1.25376,1.25394,1.25211,1.25243,8255,8,0
2023-11-21 08:00:00,1.25238,1.25534,1.25195,1.2529,13568,8,0
2023-11-21 12:00:00,1.2529,1.25591,1.25264,1.25362,15951,8,0
2023-11-21 16:00:00,1.25362,1.25505,1.25175,1.25403,11869,8,0
2023-11-21 20:00:00,1.2540499999999999,1.25443,1.2521900000000001,1.2542,3978,8,0
2023-11-22 00:00:00,1.2542499999999999,1.25492,1.25314,1.25387,6406,8,0
2023-11-22 04:00:00,1.25387,1.25408,1.25123,1.25255,7592,8,0
2023-11-22 08:00:00,1.25259,1.25373,1.25062,1.2534,12699,8,0
2023-11-22 12:00:00,1.2534399999999999,1.25482,1.24481,1.24584,16223,8,0
2023-11-22 16:00:00,1.24585,1.2494399999999999,1.24524,1.24895,9613,8,0
2023-11-22 20:00:00,1.24895,1.24965,1.2487,1.24884,3538,8,0
2023-11-23 00:00:00,1.24886,1.2506300000000001,1.24882,1.25051,4998,7,0
2023-11-23 04:00:00,1.2505,1.25184,1.2499500000000001,1.25171,6940,8,0
2023-11-23 08:00:00,1.2517,1.2570999999999999,1.25033,1.25561,14726,8,0
2023-11-23 12:00:00,1.25562,1.25582,1.25244,1.25384,10378,8,0
2023-11-23 16:00:00,1.25383,1.25386,1.25277,1.25333,3627,8,0
2023-11-23 20:00:00,1.2533400000000001,1.2536,1.25135,1.25299,2278,13,0
2023-11-24 00:00:00,1.25313,1.25442,1.2523900000000001,1.2535,5418,8,0
2023-11-24 04:00:00,1.25348,1.2545899999999999,1.2526,1.25322,5823,8,0
2023-11-24 08:00:00,1.25318,1.25699,1.25289,1.25675,11300,8,0
2023-11-24 12:00:00,1.25677,1.2615,1.2561200000000001,1.26121,13515,7,0
2023-11-24 16:00:00,1.26121,1.26144,1.25957,1.26062,6512,8,0
2023-11-24 20:00:00,1.26062,1.26095,1.26001,1.26023,2988,41,0
2023-11-26 20:00:00,1.2587,1.26035,1.25861,1.2597,1267,40,0
2023-11-27 00:00:00,1.25995,1.26098,1.25907,1.2604899999999999,7722,8,0
2023-11-27 04:00:00,1.26048,1.26265,1.25992,1.2617,8189,7,0
2023-11-27 08:00:00,1.2616399999999999,1.2636,1.2601499999999999,1.26342,11383,7,0
2023-11-27 12:00:00,1.26339,1.26438,1.26025,1.26052,17057,8,0
2023-11-27 16:00:00,1.26053,1.26334,1.26003,1.2631700000000001,10095,8,0
2023-11-27 20:00:00,1.26321,1.2634,1.26149,1.26335,4258,8,0
2023-11-28 00:00:00,1.26335,1.26416,1.26291,1.26316,7108,8,0
2023-11-28 04:00:00,1.26316,1.26325,1.26087,1.26115,7166,8,0
2023-11-28 08:00:00,1.26117,1.26396,1.26061,1.26197,11248,8,0
2023-11-28 12:00:00,1.26199,1.26985,1.2607599999999999,1.26822,20602,8,0
2023-11-28 16:00:00,1.26824,1.27146,1.26728,1.26979,15058,8,0
2023-11-28 20:00:00,1.26976,1.27122,1.26798,1.27114,5085,8,0
2023-11-29 00:00:00,1.27119,1.27329,1.27033,1.2707600000000001,9018,8,0
2023-11-29 04:00:00,1.27073,1.27212,1.26891,1.2697,9468,8,0
2023-11-29 08:00:00,1.26968,1.27134,1.2673,1.26881,14149,8,0
2023-11-29 12:00:00,1.26879,1.27106,1.26643,1.2696399999999999,21261,8,0
2023-11-29 16:00:00,1.26958,1.2727,1.26697,1.27074,10978,8,0
2023-11-29 20:00:00,1.27072,1.27078,1.26852,1.2694,4535,8,0
2023-11-30 00:00:00,1.26941,1.27055,1.26898,1.2698,7268,8,0
2023-11-30 04:00:00,1.2698,1.2708300000000001,1.26775,1.2692999999999999,8082,8,0
2023-11-30 08:00:00,1.26932,1.271,1.2631299999999999,1.26393,15191,8,0
2023-11-30 12:00:00,1.26394,1.26782,1.2603,1.26566,26564,8,0
2023-11-30 16:00:00,1.26565,1.26634,1.26124,1.2622900000000001,14398,8,0
2023-11-30 20:00:00,1.2623,1.26318,1.26116,1.26296,5206,12,0
2023-12-01 00:00:00,1.26303,1.2656,1.26297,1.26339,7368,8,0
2023-12-01 04:00:00,1.26338,1.26451,1.26287,1.26331,8156,8,0
2023-12-01 08:00:00,1.26333,1.2675,1.2629299999999999,1.26456,13274,8,0
2023-12-01 12:00:00,1.26455,1.26549,1.26135,1.26357,19603,8,0
2023-12-01 16:00:00,1.26357,1.27154,1.26248,1.26996,19128,8,0
2023-12-01 20:00:00,1.26996,1.27114,1.26977,1.27101,3042,13,0
2023-12-03 20:00:00,1.26918,1.27238,1.2681200000000001,1.27098,2717,40,0
2023-12-04 00:00:00,1.27111,1.27119,1.26669,1.2677,10995,8,0
2023-12-04 04:00:00,1.2677100000000001,1.26849,1.26608,1.2664,9771,8,0
2023-12-04 08:00:00,1.26639,1.2687,1.26526,1.26828,14673,8,0
2023-12-04 12:00:00,1.26826,1.2683900000000001,1.26033,1.2610299999999999,20860,8,0
2023-12-04 16:00:00,1.26102,1.2635100000000001,1.2604899999999999,1.26215,11644,8,0
2023-12-04 20:00:00,1.26218,1.26338,1.26205,1.26326,5056,8,0
2023-12-05 00:00:00,1.2633,1.2643900000000001,1.2627,1.2633,7706,8,0
2023-12-05 04:00:00,1.26325,1.2640799999999999,1.26055,1.26092,9229,8,0
2023-12-05 08:00:00,1.26091,1.26453,1.26088,1.2622,15437,8,0
2023-12-05 12:00:00,1.26223,1.26513,1.25983,1.26128,22860,7,0
2023-12-05 16:00:00,1.2612999999999999,1.26184,1.2576800000000001,1.25823,13379,8,0
2023-12-05 20:00:00,1.25823,1.25962,1.2579099999999999,1.2593,4929,8,0
2023-12-06 00:00:00,1.25935,1.26122,1.2591700000000001,1.26102,7419,8,0
2023-12-06 04:00:00,1.26102,1.26136,1.25933,1.2606600000000001,7903,8,0
2023-12-06 08:00:00,1.26064,1.26112,1.25814,1.25871,13817,8,0
2023-12-06 12:00:00,1.25872,1.26045,1.25808,1.25926,19083,8,0
2023-12-06 16:00:00,1.25922,1.26043,1.25573,1.25613,10597,7,0
2023-12-06 20:00:00,1.25613,1.25613,1.25509,1.25568,4228,8,0
2023-12-07 00:00:00,1.25573,1.25641,1.25475,1.25488,6873,8,0
2023-12-07 04:00:00,1.25484,1.25851,1.25439,1.25804,8607,8,0
2023-12-07 08:00:00,1.25807,1.25929,1.25613,1.25706,13872,7,0
2023-12-07 12:00:00,1.2570999999999999,1.25934,1.25451,1.25736,20929,8,0
2023-12-07 16:00:00,1.25735,1.26121,1.25686,1.25909,13839,8,0
2023-12-07 20:00:00,1.25908,1.25971,1.25752,1.25861,4428,13,0
2023-12-08 00:00:00,1.2587,1.26009,1.25841,1.25903,10234,8,0
2023-12-08 04:00:00,1.25904,1.25957,1.25593,1.25653,10090,8,0
2023-12-08 08:00:00,1.2564899999999999,1.25866,1.25543,1.25794,13667,8,0
2023-12-08 12:00:00,1.25797,1.25841,1.25017,1.25458,28504,8,0
2023-12-08 16:00:00,1.25457,1.2555,1.25225,1.25497,11919,8,0
2023-12-08 20:00:00,1.25496,1.25501,1.25419,1.25484,3638,8,0
2023-12-10 20:00:00,1.2523,1.25521,1.2523,1.25519,1796,40,0
2023-12-11 00:00:00,1.25536,1.25583,1.25401,1.2541,7841,8,0
2023-12-11 04:00:00,1.25409,1.25471,1.2534399999999999,1.254,7910,7,0
2023-12-11 08:00:00,1.25403,1.25896,1.25385,1.25892,11829,8,0
2023-12-11 12:00:00,1.25894,1.25902,1.25479,1.25499,13947,8,0
2023-12-11 16:00:00,1.25501,1.2566899999999999,1.25378,1.2555,9804,8,0
2023-12-11 20:00:00,1.25549,1.2559,1.25479,1.2552699999999999,3848,8,0
2023-12-12 00:00:00,1.25529,1.25753,1.2552400000000001,1.25743,6696,8,0
2023-12-12 04:00:00,1.25744,1.25839,1.25606,1.25637,8373,7,0
2023-12-12 08:00:00,1.2563900000000001,1.25811,1.25421,1.25702,11788,8,0
2023-12-12 12:00:00,1.2570299999999999,1.26147,1.25138,1.25599,24338,8,0
2023-12-12 16:00:00,1.25598,1.25711,1.25413,1.25625,12087,8,0
2023-12-12 20:00:00,1.25627,1.25716,1.25497,1.25675,5171,8,0
2023-12-13 00:00:00,1.25682,1.25705,1.25479,1.2551999999999999,6237,8,0
2023-12-13 04:00:00,1.2551700000000001,1.25597,1.2517800000000001,1.25205,8089,8,0
2023-12-13 08:00:00,1.25208,1.25366,1.25087,1.25268,11357,8,0
2023-12-13 12:00:00,1.25272,1.25473,1.25044,1.25252,15522,8,0
2023-12-13 16:00:00,1.25252,1.26311,1.24996,1.2626,21739,8,0
2023-12-13 20:00:00,1.26265,1.26345,1.26087,1.26205,11881,8,0
2023-12-14 00:00:00,1.26208,1.26523,1.26189,1.26453,11740,8,0
2023-12-14 04:00:00,1.26453,1.26464,1.26117,1.2619799999999999,12110,8,0
2023-12-14 08:00:00,1.26199,1.26797,1.2615,1.2662900000000001,17892,8,0
2023-12-14 12:00:00,1.26635,1.27631,1.2662499999999999,1.27583,34351,8,0
2023-12-14 16:00:00,1.27588,1.2793999999999999,1.27478,1.27568,15320,8,0
2023-12-14 20:00:00,1.27575,1.27716,1.27518,1.27695,6356,8,0
2023-12-15 00:00:00,1.27697,1.27704,1.2747,1.27661,9052,8,0
2023-12-15 04:00:00,1.2766,1.27734,1.27521,1.27678,10026,8,0
2023-12-15 08:00:00,1.27672,1.27901,1.27398,1.27709,16436,8,0
2023-12-15 12:00:00,1.27711,1.27744,1.26948,1.26984,23525,8,0
2023-12-15 16:00:00,1.26986,1.27155,1.26676,1.26895,13186,8,0
2023-12-15 20:00:00,1.26891,1.2696,1.26697,1.26817,5066,8,0
2023-12-17 20:00:00,1.26667,1.26752,1.26539,1.26706,1519,40,0
2023-12-18 00:00:00,1.2671299999999999,1.26993,1.26707,1.26936,8424,8,0
2023-12-18 04:00:00,1.26936,1.27034,1.26848,1.26904,8291,8,0
2023-12-18 08:00:00,1.26909,1.26949,1.26453,1.26539,13091,8,0
2023-12-18 12:00:00,1.26543,1.2671999999999999,1.26353,1.26432,15986,8,0
2023-12-18 16:00:00,1.26437,1.2655699999999999,1.26282,1.26394,10945,8,0
2023-12-18 20:00:00,1.26394,1.26524,1.26311,1.26515,5483,8,0
2023-12-19 00:00:00,1.26524,1.26639,1.26486,1.2659500000000001,8711,8,0
2023-12-19 04:00:00,1.26593,1.2677100000000001,1.26508,1.26665,10053,8,0
2023-12-19 08:00:00,1.26672,1.2713,1.26638,1.27019,13494,8,0
2023-12-19 12:00:00,1.2701799999999999,1.27573,1.27012,1.2738399999999999,17504,8,0
2023-12-19 16:00:00,1.27385,1.27618,1.27196,1.27224,11169,8,0
2023-12-19 20:00:00,1.27224,1.27322,1.27157,1.27297,5510,8,0
2023-12-20 00:00:00,1.27299,1.27299,1.27154,1.27195,6466,8,0
2023-12-20 04:00:00,1.27195,1.27253,1.2647,1.26628,10023,8,0
2023-12-20 08:00:00,1.2663,1.26792,1.26484,1.26508,13842,8,0
2023-12-20 12:00:00,1.26508,1.26819,1.2629299999999999,1.26678,17366,8,0
2023-12-20 16:00:00,1.26677,1.26749,1.26397,1.2642,11466,8,0
2023-12-20 20:00:00,1.26416,1.26455,1.26223,1.26395,8668,8,0
2023-12-21 00:00:00,1.26396,1.26498,1.263,1.26341,7898,8,0
2023-12-21 04:00:00,1.26341,1.26508,1.26316,1.2637,8946,8,0
2023-12-21 08:00:00,1.26367,1.26741,1.26119,1.2665199999999999,12626,8,0
2023-12-21 12:00:00,1.26655,1.26956,1.26437,1.26555,21321,8,0
2023-12-21 16:00:00,1.2655699999999999,1.26921,1.26421,1.26845,15410,8,0
2023-12-21 20:00:00,1.26846,1.26922,1.2662900000000001,1.26824,5913,8,0
2023-12-22 00:00:00,1.26825,1.2691,1.26784,1.26831,8048,8,0
2023-12-22 04:00:00,1.26831,1.27148,1.2680799999999999,1.26943,9626,8,0
2023-12-22 08:00:00,1.26945,1.27429,1.26822,1.27335,12977,7,0
2023-12-22 12:00:00,1.27335,1.27439,1.26928,1.27156,19251,8,0
2023-12-22 16:00:00,1.27157,1.27281,1.26894,1.2702499999999999,14190,8,0
2023-12-22 20:00:00,1.27028,1.27047,1.2695400000000001,1.26982,3745,8,0
2023-12-25 20:00:00,1.26912,1.27021,1.26489,1.26963,1325,184,0
2023-12-26 00:00:00,1.2695699999999999,1.27048,1.26907,1.27036,4883,164,0
2023-12-26 04:00:00,1.27033,1.27048,1.26823,1.2686600000000001,4646,164,0
2023-12-26 08:00:00,1.2686600000000001,1.26953,1.2678099999999999,1.26886,5949,111,0
2023-12-26 12:00:00,1.26887,1.27195,1.26836,1.27041,8977,13,0
2023-12-26 16:00:00,1.27043,1.2723499999999999,1.27014,1.27224,7417,13,0
2023-12-26 20:00:00,1.27225,1.2730000000000001,1.27124,1.2725,3536,13,0
2023-12-27 00:00:00,1.27255,1.27281,1.27157,1.2723900000000001,6430,12,0
2023-12-27 04:00:00,1.2723900000000001,1.27348,1.27237,1.27252,6114,12,0
2023-12-27 08:00:00,1.27249,1.2738399999999999,1.2698,1.27347,10019,12,0
2023-12-27 12:00:00,1.2735,1.27881,1.27307,1.27881,13701,12,0
2023-12-27 16:00:00,1.2787600000000001,1.28022,1.27829,1.27933,10874,12,0
2023-12-27 20:00:00,1.27938,1.28019,1.27856,1.27993,4722,12,0
2023-12-28 00:00:00,1.27997,1.28141,1.27983,1.28122,6017,12,0
2023-12-28 04:00:00,1.28122,1.28272,1.28041,1.28178,7097,12,0
2023-12-28 08:00:00,1.28183,1.28185,1.27872,1.2791299999999999,10683,12,0
2023-12-28 12:00:00,1.27914,1.27914,1.27368,1.27704,14823,12,0
2023-12-28 16:00:00,1.27704,1.27705,1.27119,1.2726199999999999,10503,12,0
2023-12-28 20:00:00,1.2726199999999999,1.27375,1.27165,1.27337,4715,12,0
2023-12-29 00:00:00,1.27339,1.27466,1.27287,1.27371,6148,12,0
2023-12-29 04:00:00,1.2737,1.27722,1.2736100000000001,1.27463,6888,12,0
2023-12-29 08:00:00,1.27465,1.27566,1.26999,1.2745199999999999,10715,12,0
2023-12-29 12:00:00,1.2745199999999999,1.27592,1.27004,1.2747,16517,12,0
2023-12-29 16:00:00,1.27472,1.27665,1.27301,1.27457,15132,12,0
2023-12-29 20:00:00,1.2746,1.27555,1.27298,1.27308,3791,12,0
2024-01-01 20:00:00,1.27377,1.27419,1.2674,1.27189,1646,175,0
2024-01-02 00:00:00,1.27194,1.27282,1.27016,1.27105,5951,96,0
2024-01-02 04:00:00,1.27105,1.27355,1.27027,1.27237,5905,164,0
2024-01-02 08:00:00,1.27238,1.27523,1.2653400000000001,1.26616,13706,12,0
2024-01-02 12:00:00,1.26619,1.2662499999999999,1.26146,1.26246,21271,12,0
2024-01-02 16:00:00,1.26247,1.26366,1.26102,1.2619500000000001,12532,12,0
2024-01-02 20:00:00,1.26197,1.26262,1.2612700000000001,1.2622,4838,12,0
2024-01-03 00:00:00,1.26224,1.2640500000000001,1.26194,1.264,6571,12,0
2024-01-03 04:00:00,1.264,1.26465,1.26237,1.26432,8027,12,0
2024-01-03 08:00:00,1.2643,1.26521,1.2618,1.26264,13314,12,0
2024-01-03 12:00:00,1.26267,1.26562,1.26151,1.26274,21631,8,0
2024-01-03 16:00:00,1.26271,1.26763,1.26266,1.26637,18743,12,0
2024-01-03 20:00:00,1.2664,1.26732,1.26539,1.26724,7164,12,0
2024-01-04 00:00:00,1.26727,1.26731,1.26565,1.2673,7114,12,0
2024-01-04 04:00:00,1.26729,1.2693400000000001,1.26626,1.2692700000000001,9203,12,0
2024-01-04 08:00:00,1.26929,1.27292,1.26814,1.26898,15218,12,0
2024-01-04 12:00:00,1.26895,1.27101,1.26641,1.26987,18266,12,0
2024-01-04 16:00:00,1.2698800000000001,1.27038,1.2671999999999999,1.26825,11519,12,0
2024-01-04 20:00:00,1.26825,1.26868,1.26711,1.26803,4603,12,0
2024-01-05 00:00:00,1.2680500000000001,1.26958,1.26785,1.26807,6903,12,0
2024-01-05 04:00:00,1.26807,1.26858,1.26644,1.26782,8141,12,0
2024-01-05 08:00:00,1.26784,1.26885,1.26498,1.26529,11939,12,0
2024-01-05 12:00:00,1.26533,1.27705,1.26102,1.27512,32172,12,0
2024-01-05 16:00:00,1.27514,1.27548,1.27097,1.27231,16749,12,0
2024-01-05 20:00:00,1.27229,1.2723499999999999,1.27153,1.27187,4191,12,0
2024-01-07 20:00:00,1.27098,1.2718099999999999,1.27013,1.27152,1246,40,0
2024-01-08 00:00:00,1.27166,1.27295,1.26985,1.27014,6535,12,0
2024-01-08 04:00:00,1.2701,1.27196,1.26974,1.2707899999999999,7215,12,0
2024-01-08 08:00:00,1.2708,1.27129,1.26728,1.26976,12630,12,0
2024-01-08 12:00:00,1.26977,1.27553,1.26976,1.27497,15314,12,0
2024-01-08 16:00:00,1.27499,1.2766600000000001,1.2739500000000001,1.27587,9545,12,0
2024-01-08 20:00:00,1.27583,1.27583,1.27396,1.27405,4700,12,0
2024-01-09 00:00:00,1.27406,1.27647,1.274,1.27556,7460,12,0
2024-01-09 04:00:00,1.27558,1.27558,1.27336,1.27465,7424,12,0
2024-01-09 08:00:00,1.27464,1.27464,1.27066,1.27126,11287,12,0
2024-01-09 12:00:00,1.27125,1.27351,1.27006,1.27029,15474,12,0
2024-01-09 16:00:00,1.27031,1.27182,1.2689,1.2699,11263,12,0
2024-01-09 20:00:00,1.2699,1.27109,1.2699,1.27101,4403,12,0
2024-01-10 00:00:00,1.27104,1.27175,1.26979,1.26987,6362,12,0
2024-01-10 04:00:00,1.2698800000000001,1.2705199999999999,1.26858,1.26971,6986,12,0
2024-01-10 08:00:00,1.2697,1.27341,1.26962,1.2725,10714,12,0
2024-01-10 12:00:00,1.2725,1.27405,1.27128,1.27356,12757,12,0
2024-01-10 16:00:00,1.27358,1.27423,1.2717800000000001,1.2741799999999999,9121,12,0
2024-01-10 20:00:00,1.27419,1.2744,1.27236,1.27436,4991,12,0
2024-01-11 00:00:00,1.27439,1.2769300000000001,1.27436,1.2766199999999999,6717,12,0
2024-01-11 04:00:00,1.27661,1.27738,1.27591,1.27641,6580,12,0
2024-01-11 08:00:00,1.27645,1.27677,1.27332,1.27651,10370,12,0
2024-01-11 12:00:00,1.27655,1.2782499999999999,1.2689599999999999,1.27135,30068,12,0
2024-01-11 16:00:00,1.27133,1.2765,1.2699099999999999,1.27621,17497,12,0
2024-01-11 20:00:00,1.27619,1.2778399999999999,1.27412,1.27777,6984,12,0
2024-01-12 00:00:00,1.27782,1.27844,1.27652,1.2775699999999999,7707,12,0
2024-01-12 04:00:00,1.2775699999999999,1.27779,1.27538,1.27557,8098,12,0
2024-01-12 08:00:00,1.27552,1.2779,1.27245,1.27249,11242,12,0
2024-01-12 12:00:00,1.27249,1.2785199999999999,1.27189,1.27612,20968,12,0
2024-01-12 16:00:00,1.27611,1.27683,1.27319,1.27471,11604,12,0
2024-01-12 20:00:00,1.27469,1.27539,1.2742200000000001,1.27532,4839,12,0
2024-01-14 20:00:00,1.27328,1.2748599999999999,1.27313,1.27337,1362,40,0
2024-01-15 00:00:00,1.27352,1.2765,1.2728,1.2758099999999999,8010,12,0
2024-01-15 04:00:00,1.2758099999999999,1.27595,1.27405,1.2743,6300,12,0
2024-01-15 08:00:00,1.27426,1.27586,1.27124,1.27309,11157,12,0
2024-01-15 12:00:00,1.27306,1.27389,1.27126,1.2730000000000001,11174,12,0
2024-01-15 16:00:00,1.27304,1.2738,1.2724,1.27254,4357,12,0
2024-01-15 20:00:00,1.27253,1.27285,1.2713999999999999,1.27148,2317,12,0
2024-01-16 00:00:00,1.2715,1.27165,1.26779,1.26819,8755,12,0
2024-01-16 04:00:00,1.26818,1.26862,1.26607,1.26725,8513,12,0
2024-01-16 08:00:00,1.26724,1.26759,1.2619500000000001,1.26454,16700,12,0
2024-01-16 12:00:00,1.26454,1.2671999999999999,1.26367,1.26646,21339,12,0
2024-01-16 16:00:00,1.26651,1.26785,1.2619099999999999,1.26309,19548,12,0
2024-01-16 20:00:00,1.26309,1.26385,1.26271,1.26369,5062,12,0
2024-01-17 00:00:00,1.26371,1.26432,1.2616100000000001,1.2618800000000001,7939,12,0
2024-01-17 04:00:00,1.26187,1.26565,1.25961,1.2656,11651,12,0
2024-01-17 08:00:00,1.26555,1.2695699999999999,1.26434,1.26911,16253,12,0
2024-01-17 12:00:00,1.26911,1.26921,1.26375,1.26565,19027,12,0
2024-01-17 16:00:00,1.26563,1.2685,1.26552,1.26775,12901,12,0
2024-01-17 20:00:00,1.2677399999999999,1.26864,1.26681,1.26755,5110,12,0
2024-01-18 00:00:00,1.26765,1.26952,1.26709,1.26818,8764,12,0
2024-01-18 04:00:00,1.26816,1.27033,1.26773,1.26971,9442,12,0
2024-01-18 08:00:00,1.26973,1.26978,1.26722,1.26846,14129,12,0
2024-01-18 12:00:00,1.26849,1.26906,1.2647599999999999,1.26727,21934,12,0
2024-01-18 16:00:00,1.26729,1.27012,1.26694,1.26858,13409,12,0
2024-01-18 20:00:00,1.26859,1.27109,1.26838,1.27099,5043,12,0
2024-01-19 00:00:00,1.27103,1.27138,1.26997,1.27122,7169,12,0
2024-01-19 04:00:00,1.27122,1.27125,1.26716,1.26858,8508,12,0
2024-01-19 08:00:00,1.26857,1.2690299999999999,1.2665199999999999,1.26809,12923,12,0
2024-01-19 12:00:00,1.26807,1.26863,1.26607,1.26791,16780,12,0
2024-01-19 16:00:00,1.2679,1.26986,1.26645,1.26963,11138,12,0
2024-01-19 20:00:00,1.2696100000000001,1.27057,1.26942,1.27035,3373,12,0
2024-01-21 20:00:00,1.26765,1.27065,1.26765,1.26976,1821,40,0
2024-01-22 00:00:00,1.26986,1.27177,1.26956,1.27125,7512,12,0
2024-01-22 04:00:00,1.27125,1.2724,1.26974,1.27028,7479,12,0
2024-01-22 08:00:00,1.27028,1.27141,1.26862,1.27135,10826,12,0
2024-01-22 12:00:00,1.2713700000000001,1.27312,1.27094,1.27199,13796,12,0
2024-01-22 16:00:00,1.272,1.27325,1.26975,1.27045,9662,12,0
2024-01-22 20:00:00,1.27046,1.27107,1.26994,1.27053,4490,12,0
2024-01-23 00:00:00,1.27058,1.2728,1.27055,1.27245,7481,12,0
2024-01-23 04:00:00,1.27246,1.27468,1.27227,1.27417,8532,12,0
2024-01-23 08:00:00,1.27417,1.27435,1.26994,1.2705899999999999,11481,12,0
2024-01-23 12:00:00,1.27057,1.27179,1.26577,1.26651,13856,12,0
2024-01-23 16:00:00,1.26651,1.26817,1.26485,1.26798,9365,12,0
2024-01-23 20:00:00,1.26797,1.26932,1.26761,1.26902,4232,12,0
2024-01-24 00:00:00,1.26906,1.26997,1.26852,1.26956,6573,12,0
2024-01-24 04:00:00,1.26958,1.27123,1.26952,1.27037,7307,12,0
2024-01-24 08:00:00,1.27039,1.2772999999999999,1.27034,1.27401,13740,12,0
2024-01-24 12:00:00,1.27399,1.27741,1.27276,1.27519,17473,12,0
2024-01-24 16:00:00,1.27524,1.27541,1.2713,1.27251,12724,12,0
2024-01-24 20:00:00,1.27247,1.27306,1.2713999999999999,1.27185,4833,12,0
2024-01-25 00:00:00,1.27179,1.27191,1.27029,1.27127,7608,12,0
2024-01-25 04:00:00,1.27126,1.2733400000000001,1.27066,1.27311,7354,12,0
2024-01-25 08:00:00,1.27315,1.2742200000000001,1.27198,1.27319,11757,12,0
2024-01-25 12:00:00,1.27325,1.274,1.26945,1.26992,23936,12,0
2024-01-25 16:00:00,1.2699,1.27064,1.2681,1.27002,13005,12,0
2024-01-25 20:00:00,1.27002,1.27112,1.26952,1.27058,4657,12,0
2024-01-26 00:00:00,1.27054,1.27155,1.27003,1.271,5780,12,0
2024-01-26 04:00:00,1.271,1.27111,1.2675100000000001,1.26816,7684,12,0
2024-01-26 08:00:00,1.26817,1.27461,1.26806,1.27416,11554,12,0
2024-01-26 12:00:00,1.27416,1.2758,1.27197,1.27221,17646,12,0
2024-01-26 16:00:00,1.27219,1.27238,1.26984,1.27046,9648,12,0
2024-01-26 20:00:00,1.27048,1.27093,1.2699500000000001,1.2701799999999999,2762,12,0
2024-01-28 20:00:00,1.26851,1.27006,1.26819,1.2695400000000001,1982,40,0
2024-01-29 00:00:00,1.2696399999999999,1.27055,1.26908,1.27024,6957,12,0
2024-01-29 04:00:00,1.27026,1.27182,1.27,1.27104,7206,12,0
2024-01-29 08:00:00,1.27102,1.27141,1.26916,1.26948,11097,12,0
2024-01-29 12:00:00,1.26946,1.27122,1.26616,1.2677399999999999,12257,12,0
2024-01-29 16:00:00,1.26769,1.26926,1.26732,1.26914,8327,12,0
2024-01-29 20:00:00,1.26917,1.27167,1.26917,1.27109,5950,12,0
2024-01-30 00:00:00,1.27114,1.27206,1.27051,1.2707600000000001,6511,12,0
2024-01-30 04:00:00,1.27077,1.27116,1.26831,1.26953,7637,12,0
2024-01-30 08:00:00,1.26955,1.26986,1.26707,1.26776,11257,12,0
2024-01-30 12:00:00,1.26776,1.26874,1.26395,1.2664900000000001,15668,12,0
2024-01-30 16:00:00,1.26646,1.26959,1.26587,1.2695,9691,12,0
2024-01-30 20:00:00,1.26951,1.27,1.26856,1.26935,4751,12,0
2024-01-31 00:00:00,1.26942,1.27002,1.26723,1.26763,6972,12,0
2024-01-31 04:00:00,1.26761,1.26822,1.26661,1.26741,6578,12,0
2024-01-31 08:00:00,1.26746,1.26968,1.26664,1.26834,11261,12,0
2024-01-31 12:00:00,1.26836,1.27502,1.2678099999999999,1.2732,20023,12,0
2024-01-31 16:00:00,1.27318,1.27385,1.26844,1.27111,25621,12,0
2024-01-31 20:00:00,1.27115,1.27127,1.26577,1.26789,16474,12,0
2024-02-01 00:00:00,1.26792,1.26978,1.26738,1.26846,8132,12,0
2024-02-01 04:00:00,1.26849,1.2686,1.26417,1.26538,8537,12,0
2024-02-01 08:00:00,1.2653699999999999,1.26582,1.26247,1.2640799999999999,13343,12,0
2024-02-01 12:00:00,1.26411,1.2685,1.26343,1.26814,21478,12,0
2024-02-01 16:00:00,1.26811,1.27552,1.26787,1.27465,15325,12,0
2024-02-01 20:00:00,1.27466,1.27502,1.2739099999999999,1.27451,4989,12,0
2024-02-02 00:00:00,1.2745600000000001,1.27543,1.27417,1.2747600000000001,6379,12,0
2024-02-02 04:00:00,1.2747600000000001,1.27567,1.27429,1.275,7673,12,0
2024-02-02 08:00:00,1.275,1.27717,1.27416,1.27588,10568,12,0
2024-02-02 12:00:00,1.2759,1.27689,1.2631299999999999,1.2656399999999999,23130,12,0
2024-02-02 16:00:00,1.26565,1.26582,1.26133,1.26382,12195,12,0
2024-02-02 20:00:00,1.26382,1.26423,1.26294,1.26327,3364,12,0
2024-02-04 20:00:00,1.26231,1.26318,1.26052,1.26204,1859,40,0
2024-02-05 00:00:00,1.26208,1.26258,1.25982,1.26111,9676,12,0
2024-02-05 04:00:00,1.2610700000000001,1.26231,1.26028,1.26162,8283,12,0
2024-02-05 08:00:00,1.26163,1.26289,1.25717,1.2573699999999999,10999,12,0
2024-02-05 12:00:00,1.25739,1.25755,1.25174,1.25196,13795,12,0
2024-02-05 16:00:00,1.25197,1.25435,1.25189,1.2534,8270,12,0
2024-02-05 20:00:00,1.2533699999999999,1.25382,1.25224,1.25326,3961,12,0
2024-02-06 00:00:00,1.25333,1.2548599999999999,1.2533,1.25413,6866,12,0
2024-02-06 04:00:00,1.25412,1.25647,1.25411,1.2554400000000001,8940,12,0
2024-02-06 08:00:00,1.2554400000000001,1.25641,1.25358,1.25537,11232,12,0
2024-02-06 12:00:00,1.25534,1.25837,1.25404,1.25763,15338,12,0
2024-02-06 16:00:00,1.2576399999999999,1.25999,1.25724,1.25934,11499,12,0
2024-02-06 20:00:00,1.25936,1.26047,1.25905,1.26023,5254,12,0
2024-02-07 00:00:00,1.2603,1.26123,1.25966,1.2601200000000001,6349,12,0
2024-02-07 04:00:00,1.2601,1.26276,1.25977,1.26273,7352,12,0
2024-02-07 08:00:00,1.26271,1.26373,1.26158,1.26311,10122,12,0
2024-02-07 12:00:00,1.2631000000000001,1.26413,1.26193,1.26304,14513,12,0
2024-02-07 16:00:00,1.26304,1.2634,1.26159,1.26277,10672,12,0
2024-02-07 20:00:00,1.26275,1.26315,1.26207,1.26261,4532,12,0
2024-02-08 00:00:00,1.26263,1.2638099999999999,1.26247,1.2631999999999999,6013,12,0
2024-02-08 04:00:00,1.2631999999999999,1.26372,1.26238,1.26274,7415,12,0
2024-02-08 08:00:00,1.26271,1.26342,1.25995,1.26056,10299,12,0
2024-02-08 12:00:00,1.26054,1.26111,1.25714,1.2603900000000001,13976,12,0
2024-02-08 16:00:00,1.26044,1.2629000000000001,1.26028,1.26146,10323,12,0
2024-02-08 20:00:00,1.26148,1.26202,1.26087,1.2619,4011,12,0
2024-02-09 00:00:00,1.262,1.26217,1.26123,1.26149,5787,12,0
2024-02-09 04:00:00,1.26152,1.26336,1.2610999999999999,1.2631700000000001,5544,12,0
2024-02-09 08:00:00,1.26316,1.26343,1.26007,1.26075,10177,12,0
2024-02-09 12:00:00,1.2607599999999999,1.26425,1.25986,1.26337,17157,12,0
2024-02-09 16:00:00,1.26338,1.2637,1.26205,1.26282,7632,12,0
2024-02-09 20:00:00,1.26282,1.26353,1.26246,1.26298,2914,12,0
2024-02-11 20:00:00,1.2616399999999999,1.2635100000000001,1.26075,1.26341,1851,40,0
2024-02-12 00:00:00,1.26358,1.26433,1.26261,1.26284,4821,12,0
2024-02-12 04:00:00,1.26284,1.26542,1.26266,1.26459,5582,12,0
2024-02-12 08:00:00,1.26459,1.26464,1.26096,1.26151,10836,12,0
2024-02-12 12:00:00,1.26153,1.26255,1.26057,1.26148,10689,12,0
2024-02-12 16:00:00,1.26148,1.26399,1.26125,1.26239,8681,12,0
2024-02-12 20:00:00,1.26239,1.26303,1.2619500000000001,1.2625600000000001,4499,12,0
2024-02-13 00:00:00,1.26263,1.26276,1.26102,1.26105,4575,12,0
2024-02-13 04:00:00,1.26104,1.26551,1.26086,1.26514,6991,12,0
2024-02-13 08:00:00,1.26513,1.26757,1.26358,1.26668,11101,12,0
2024-02-13 12:00:00,1.26673,1.26926,1.2575,1.2600500000000001,21902,12,0
2024-02-13 16:00:00,1.2600500000000001,1.26078,1.25727,1.2574100000000001,10536,12,0
2024-02-13 20:00:00,1.25739,1.25952,1.25733,1.25896,4983,12,0
2024-02-14 00:00:00,1.25897,1.26018,1.2584,1.25992,7571,12,0
2024-02-14 04:00:00,1.25992,1.26105,1.25555,1.25638,10040,12,0
2024-02-14 08:00:00,1.2563900000000001,1.2563900000000001,1.25346,1.25518,12194,12,0
2024-02-14 12:00:00,1.25518,1.25675,1.25392,1.25485,14104,12,0
2024-02-14 16:00:00,1.25485,1.2570000000000001,1.25476,1.25605,10118,12,0
2024-02-14 20:00:00,1.25604,1.2567599999999999,1.25586,1.25661,4342,12,0
2024-02-15 00:00:00,1.25667,1.25729,1.2558099999999999,1.25636,5280,12,0
2024-02-15 04:00:00,1.25636,1.25726,1.2542200000000001,1.25449,7382,12,0
2024-02-15 08:00:00,1.25447,1.256,1.25415,1.25489,9763,12,0
2024-02-15 12:00:00,1.25487,1.25959,1.25401,1.2583199999999999,16469,12,0
2024-02-15 16:00:00,1.2583,1.26001,1.2572999999999999,1.2595100000000001,9535,12,0
2024-02-15 20:00:00,1.2595399999999999,1.26041,1.25861,1.2598,4456,12,0
2024-02-16 00:00:00,1.2597800000000001,1.26,1.25788,1.2581,6312,12,0
2024-02-16 04:00:00,1.25812,1.26056,1.25765,1.25898,7995,12,0
2024-02-16 08:00:00,1.25896,1.26004,1.25739,1.2598799999999999,10080,12,0
2024-02-16 12:00:00,1.2598500000000001,1.26002,1.25503,1.25836,16596,12,0
2024-02-16 16:00:00,1.25839,1.2624,1.25826,1.26059,9731,12,0
2024-02-16 20:00:00,1.26058,1.2606,1.25969,1.25999,3564,12,0
2024-02-18 20:00:00,1.25915,1.26085,1.2586300000000001,1.26077,1999,40,0
2024-02-19 00:00:00,1.26097,1.26267,1.26097,1.2612,6819,12,0
2024-02-19 04:00:00,1.2612,1.26292,1.26111,1.2619099999999999,6627,12,0
2024-02-19 08:00:00,1.2619500000000001,1.26272,1.2606600000000001,1.26106,9690,12,0
2024-02-19 12:00:00,1.26105,1.2615,1.25839,1.25868,8004,12,0
2024-02-19 16:00:00,1.2587,1.25989,1.2583,1.2597,3242,12,0
2024-02-19 20:00:00,1.25968,1.26004,1.25846,1.25871,2464,12,0
2024-02-20 00:00:00,1.25873,1.25923,1.25799,1.25844,6586,12,0
2024-02-20 04:00:00,1.25844,1.25933,1.25785,1.25897,6251,12,0
2024-02-20 08:00:00,1.25895,1.26152,1.25809,1.25899,11410,12,0
2024-02-20 12:00:00,1.259,1.2668300000000001,1.25878,1.26615,14194,12,0
2024-02-20 16:00:00,1.26615,1.26621,1.2616,1.26183,8511,12,0
2024-02-20 20:00:00,1.26186,1.26261,1.26136,1.2625600000000001,4577,12,0
2024-02-21 00:00:00,1.26242,1.26369,1.26189,1.26364,6281,12,0
2024-02-21 04:00:00,1.26365,1.26368,1.26178,1.2629299999999999,6825,12,0
2024-02-21 08:00:00,1.2629299999999999,1.26325,1.2602,1.26153,9969,12,0
2024-02-21 12:00:00,1.26152,1.26339,1.26093,1.2612,11662,12,0
2024-02-21 16:00:00,1.26117,1.26411,1.2604899999999999,1.26316,11399,12,0
2024-02-21 20:00:00,1.26315,1.26401,1.26243,1.26371,6019,12,0
2024-02-22 00:00:00,1.26377,1.26464,1.26307,1.26367,5649,12,0
2024-02-22 04:00:00,1.26364,1.26752,1.26338,1.26733,6319,12,0
2024-02-22 08:00:00,1.26732,1.27091,1.26667,1.26798,13310,12,0
2024-02-22 12:00:00,1.26797,1.26822,1.26108,1.26203,15856,12,0
2024-02-22 16:00:00,1.26207,1.2664,1.26202,1.26582,9479,12,0
2024-02-22 20:00:00,1.2658,1.26641,1.26529,1.26606,4306,12,0
2024-02-23 00:00:00,1.2661,1.26658,1.26474,1.26635,6360,12,0
2024-02-23 04:00:00,1.26637,1.26716,1.26584,1.2669000000000001,5748,12,0
2024-02-23 08:00:00,1.2669000000000001,1.26841,1.26484,1.26799,10248,12,0
2024-02-23 12:00:00,1.26798,1.27011,1.26667,1.26769,12181,12,0
2024-02-23 16:00:00,1.26768,1.26854,1.2665,1.26742,8726,12,0
2024-02-23 20:00:00,1.26743,1.26752,1.2666,1.26705,3055,12,0
2024-02-25 20:00:00,1.2656100000000001,1.26735,1.26556,1.267,1862,40,0
2024-02-26 00:00:00,1.26695,1.26724,1.26563,1.26583,5280,12,0
2024-02-26 04:00:00,1.26582,1.26776,1.26569,1.26759,5838,12,0
2024-02-26 08:00:00,1.26761,1.26962,1.26661,1.26933,9350,12,0
2024-02-26 12:00:00,1.2693400000000001,1.2699,1.26716,1.26828,11039,12,0
2024-02-26 16:00:00,1.26829,1.26843,1.26703,1.2677399999999999,7394,12,0
2024-02-26 20:00:00,1.26773,1.26875,1.26759,1.26833,3812,12,0
2024-02-27 00:00:00,1.26833,1.26847,1.2674,1.26795,6101,12,0
2024-02-27 04:00:00,1.26796,1.26947,1.2677399999999999,1.26901,6756,12,0
2024-02-27 08:00:00,1.26901,1.26962,1.2671000000000001,1.26862,9354,12,0
2024-02-27 12:00:00,1.26863,1.26943,1.2659799999999999,1.26818,12082,12,0
2024-02-27 16:00:00,1.26816,1.26945,1.26779,1.26796,9369,12,0
2024-02-27 20:00:00,1.26796,1.26863,1.26777,1.26798,3825,12,0
2024-02-28 00:00:00,1.268,1.2683499999999999,1.2665600000000001,1.26679,5790,12,0
2024-02-28 04:00:00,1.26679,1.26691,1.26446,1.2659,5530,12,0
2024-02-28 08:00:00,1.2659099999999999,1.26607,1.26211,1.26517,10442,12,0
2024-02-28 12:00:00,1.2652,1.26574,1.26288,1.26522,13787,12,0
2024-02-28 16:00:00,1.2652,1.26729,1.26498,1.2652999999999999,7824,12,0
2024-02-28 20:00:00,1.26532,1.26632,1.26513,1.26594,4303,12,0
2024-02-29 00:00:00,1.26607,1.2669000000000001,1.2656399999999999,1.26671,6474,12,0
2024-02-29 04:00:00,1.26671,1.26708,1.2652,1.26535,7139,12,0
2024-02-29 08:00:00,1.26533,1.26738,1.2646899999999999,1.26504,11825,12,0
2024-02-29 12:00:00,1.26502,1.26813,1.26346,1.26495,15486,12,0
2024-02-29 16:00:00,1.2649599999999999,1.26509,1.26122,1.26128,9402,12,0
2024-02-29 20:00:00,1.26128,1.2625199999999999,1.26128,1.26248,4799,12,0
2024-03-01 00:00:00,1.26262,1.26348,1.26228,1.26312,5721,12,0
2024-03-01 04:00:00,1.2631299999999999,1.26359,1.26238,1.26309,5712,12,0
2024-03-01 08:00:00,1.26312,1.26457,1.2617,1.26423,11244,12,0
2024-03-01 12:00:00,1.2642,1.26556,1.25993,1.26521,15339,12,0
2024-03-01 16:00:00,1.26524,1.26635,1.26348,1.26618,9372,12,0
2024-03-01 20:00:00,1.26617,1.2662,1.26511,1.26525,2889,12,0
2024-03-03 20:00:00,1.26414,1.266,1.26336,1.26585,1694,40,0
2024-03-04 00:00:00,1.26601,1.26658,1.26556,1.26639,4617,12,0
2024-03-04 04:00:00,1.26639,1.26777,1.26603,1.26776,4966,12,0
2024-03-04 08:00:00,1.26777,1.26792,1.2665,1.26768,8671,12,0
2024-03-04 12:00:00,1.26768,1.26994,1.26654,1.26971,10353,12,0
2024-03-04 16:00:00,1.26971,1.2705899999999999,1.26894,1.26904,7094,12,0
2024-03-04 20:00:00,1.2690299999999999,1.26935,1.26847,1.26887,3549,12,0
2024-03-05 00:00:00,1.26889,1.26941,1.26821,1.26891,4799,12,0
2024-03-05 04:00:00,1.26892,1.26902,1.2671000000000001,1.26762,5639,12,0
2024-03-05 08:00:00,1.26765,1.26891,1.26708,1.26775,8886,12,0
2024-03-05 12:00:00,1.26777,1.27344,1.26737,1.27316,14103,12,0
2024-03-05 16:00:00,1.27315,1.27325,1.26992,1.27017,9004,12,0
2024-03-05 20:00:00,1.2701799999999999,1.27073,1.26955,1.27038,4680,12,0
2024-03-06 00:00:00,1.27041,1.27042,1.26895,1.26985,5197,12,0
2024-03-06 04:00:00,1.26986,1.27149,1.26971,1.27099,5714,12,0
2024-03-06 08:00:00,1.27096,1.27309,1.27082,1.27225,9218,12,0
2024-03-06 12:00:00,1.27226,1.27472,1.27051,1.27419,14885,12,0
2024-03-06 16:00:00,1.2741799999999999,1.27613,1.27359,1.27409,11024,12,0
2024-03-06 20:00:00,1.27404,1.27407,1.27169,1.2733400000000001,5113,12,0
2024-03-07 00:00:00,1.27353,1.27392,1.27226,1.2733400000000001,7149,12,0
2024-03-07 04:00:00,1.27331,1.27436,1.27311,1.2735699999999999,7199,12,0
2024-03-07 08:00:00,1.2735400000000001,1.27623,1.27287,1.27539,9625,12,0
2024-03-07 12:00:00,1.27539,1.27902,1.27445,1.27884,15481,12,0
2024-03-07 16:00:00,1.27884,1.2808,1.27832,1.28044,9648,12,0
2024-03-07 20:00:00,1.28044,1.28126,1.27997,1.28125,4570,12,0
2024-03-08 00:00:00,1.28128,1.28196,1.28036,1.28072,5726,12,0
2024-03-08 04:00:00,1.28072,1.28132,1.2800500000000001,1.2803200000000001,6396,12,0
2024-03-08 08:00:00,1.2803200000000001,1.28397,1.28004,1.28295,10027,12,0
2024-03-08 12:00:00,1.28294,1.28932,1.2825,1.28799,20044,12,0
2024-03-08 16:00:00,1.288,1.28808,1.28395,1.28562,12086,12,0
2024-03-08 20:00:00,1.2856,1.28586,1.2848,1.28586,3423,12,0
2024-03-10 20:00:00,1.28553,1.28577,1.28446,1.28551,2644,12,0
2024-03-11 00:00:00,1.28548,1.28616,1.2845,1.285,6481,12,0
2024-03-11 04:00:00,1.28498,1.28573,1.28426,1.28449,6437,12,0
2024-03-11 08:00:00,1.28449,1.28532,1.28311,1.28502,9358,12,0
2024-03-11 12:00:00,1.28502,1.28504,1.27945,1.28047,11705,12,0
2024-03-11 16:00:00,1.28047,1.2812700000000001,1.27979,1.28085,8243,12,0
2024-03-11 20:00:00,1.28087,1.28189,1.28078,1.28185,3137,12,0
2024-03-12 00:00:00,1.28174,1.2822200000000001,1.28131,1.2818,5984,12,0
2024-03-12 04:00:00,1.28182,1.2823,1.27888,1.27901,7330,12,0
2024-03-12 08:00:00,1.27901,1.27984,1.27758,1.27911,9010,12,0
2024-03-12 12:00:00,1.2791000000000001,1.28075,1.27455,1.27833,21171,12,0
2024-03-12 16:00:00,1.27833,1.27933,1.27701,1.27933,8587,12,0
2024-03-12 20:00:00,1.27933,1.27954,1.2783,1.27946,2609,12,0
2024-03-13 00:00:00,1.27942,1.27985,1.27908,1.27939,4952,12,0
2024-03-13 04:00:00,1.27938,1.27961,1.27753,1.27851,6607,12,0
2024-03-13 08:00:00,1.2784900000000001,1.28086,1.2774,1.28073,9320,12,0
2024-03-13 12:00:00,1.28075,1.28086,1.27866,1.27962,11740,12,0
2024-03-13 16:00:00,1.27964,1.28108,1.27901,1.27957,8011,12,0
2024-03-13 20:00:00,1.27957,1.28021,1.27885,1.28007,3009,12,0
2024-03-14 00:00:00,1.2801,1.2804,1.27887,1.27894,5459,12,0
2024-03-14 04:00:00,1.27894,1.28051,1.27863,1.28025,6294,12,0
2024-03-14 08:00:00,1.2802799999999999,1.28224,1.28015,1.2809599999999999,8112,12,0
2024-03-14 12:00:00,1.28099,1.28131,1.27301,1.27461,17588,12,0
2024-03-14 16:00:00,1.27464,1.27567,1.27423,1.27551,8497,12,0
2024-03-14 20:00:00,1.27553,1.2757100000000001,1.27429,1.27448,3329,12,0
2024-03-15 00:00:00,1.27448,1.27468,1.27295,1.27363,5456,12,0
2024-03-15 04:00:00,1.27363,1.27448,1.27326,1.27352,5435,12,0
2024-03-15 08:00:00,1.27349,1.2758,1.2732700000000001,1.27539,8284,12,0
2024-03-15 12:00:00,1.2753700000000001,1.27568,1.27313,1.27387,12018,12,0
2024-03-15 16:00:00,1.27387,1.27402,1.27246,1.2738,7165,12,0
2024-03-15 20:00:00,1.2738,1.27389,1.27337,1.27342,919,12,0
2024-03-17 20:00:00,1.27198,1.2736100000000001,1.27152,1.27307,2109,12,0
2024-03-18 00:00:00,1.27307,1.27373,1.27257,1.27263,4674,12,0
2024-03-18 04:00:00,1.27263,1.27417,1.2726199999999999,1.27406,4511,12,0
2024-03-18 08:00:00,1.27406,1.27461,1.2726899999999999,1.2742,7056,12,0
2024-03-18 12:00:00,1.2742,1.2745199999999999,1.27216,1.27318,9478,12,0
2024-03-18 16:00:00,1.27317,1.2732700000000001,1.27172,1.2726199999999999,6365,12,0
2024-03-18 20:00:00,1.27265,1.2729,1.27229,1.27259,3292,12,0
2024-03-19 00:00:00,1.2726,1.27282,1.27131,1.27217,6406,12,0
2024-03-19 04:00:00,1.27219,1.27249,1.26943,1.26984,8206,12,0
2024-03-19 08:00:00,1.26986,1.27012,1.26669,1.26916,9102,12,0
2024-03-19 12:00:00,1.26918,1.27158,1.26895,1.27101,9370,12,0
2024-03-19 16:00:00,1.27099,1.27324,1.27078,1.27211,6458,12,0
2024-03-19 20:00:00,1.27207,1.27225,1.27168,1.2717399999999999,3062,12,0
2024-03-20 00:00:00,1.2717399999999999,1.27238,1.27099,1.2723,4946,12,0
2024-03-20 04:00:00,1.2723200000000001,1.2729300000000001,1.2699,1.27135,6626,12,0
2024-03-20 08:00:00,1.27134,1.27139,1.26864,1.2692999999999999,7842,12,0
2024-03-20 12:00:00,1.26929,1.27125,1.26837,1.27099,8236,12,0
2024-03-20 16:00:00,1.27098,1.27861,1.27085,1.2782200000000001,21769,12,0
2024-03-20 20:00:00,1.27821,1.27976,1.27801,1.27976,4062,12,0
2024-03-21 00:00:00,1.27972,1.28021,1.27882,1.27955,7187,12,0
2024-03-21 04:00:00,1.27955,1.2802799999999999,1.27829,1.27846,6576,12,0
2024-03-21 08:00:00,1.2784200000000001,1.279,1.27434,1.27471,11593,12,0
2024-03-21 12:00:00,1.27474,1.27493,1.2658,1.26669,15830,12,0
2024-03-21 16:00:00,1.26667,1.26727,1.26497,1.26506,7851,12,0
2024-03-21 20:00:00,1.26505,1.26627,1.2650000000000001,1.26602,2908,12,0
2024-03-22 00:00:00,1.26601,1.26745,1.26338,1.26421,7044,12,0
2024-03-22 04:00:00,1.2642,1.26449,1.25982,1.2606600000000001,7644,12,0
2024-03-22 08:00:00,1.26064,1.26085,1.25746,1.2583199999999999,9151,12,0
2024-03-22 12:00:00,1.2582900000000001,1.26235,1.25812,1.26,10905,12,0
2024-03-22 16:00:00,1.25998,1.26058,1.25852,1.25938,6458,12,0
2024-03-22 20:00:00,1.2594,1.26007,1.25915,1.25996,1092,12,0
2024-03-24 20:00:00,1.25813,1.25995,1.25801,1.25979,2215,12,0
2024-03-25 00:00:00,1.2597,1.26166,1.25911,1.26059,5600,12,0
2024-03-25 04:00:00,1.2606,1.2613699999999999,1.25989,1.26021,4922,12,0
2024-03-25 08:00:00,1.2602,1.26392,1.25945,1.26357,7846,12,0
2024-03-25 12:00:00,1.26357,1.26517,1.2635399999999999,1.2643499999999999,7939,12,0
2024-03-25 16:00:00,1.2643499999999999,1.26446,1.2634699999999999,1.26379,4421,12,0
2024-03-25 20:00:00,1.2637800000000001,1.26384,1.2631000000000001,1.2636,2548,12,0
2024-03-26 00:00:00,1.2636,1.2646600000000001,1.26336,1.26368,5069,12,0
2024-03-26 04:00:00,1.26369,1.26585,1.26363,1.2650000000000001,5010,12,0
2024-03-26 08:00:00,1.26498,1.26674,1.26395,1.26528,8173,12,0
2024-03-26 12:00:00,1.2652999999999999,1.2656,1.26228,1.26278,9868,12,0
2024-03-26 16:00:00,1.26278,1.26349,1.26213,1.2623199999999999,5788,12,0
2024-03-26 20:00:00,1.2623199999999999,1.26298,1.26211,1.26273,3090,12,0
2024-03-27 00:00:00,1.26274,1.26274,1.26082,1.2613400000000001,5104,12,0
2024-03-27 04:00:00,1.26135,1.2631299999999999,1.26125,1.2629299999999999,5436,12,0
2024-03-27 08:00:00,1.26295,1.26379,1.2610299999999999,1.26152,8464,12,0
2024-03-27 12:00:00,1.2615,1.26295,1.2604899999999999,1.2628300000000001,9155,12,0
2024-03-27 16:00:00,1.26281,1.26376,1.26224,1.26368,5732,12,0
2024-03-27 20:00:00,1.26368,1.2640500000000001,1.2613699999999999,1.26163,3286,12,0
2024-03-28 00:00:00,1.26165,1.26343,1.26104,1.26269,5473,12,0
2024-03-28 04:00:00,1.26269,1.26366,1.26109,1.26157,4953,12,0
2024-03-28 08:00:00,1.26159,1.26254,1.25854,1.26116,7592,12,0
2024-03-28 12:00:00,1.26116,1.26539,1.26105,1.26309,12838,12,0
2024-03-28 16:00:00,1.26312,1.26446,1.26151,1.26203,7000,12,0
2024-03-28 20:00:00,1.26203,1.26267,1.2616,1.26217,4260,12,0
2024-03-29 00:00:00,1.26213,1.26304,1.26154,1.2622,2664,13,0
2024-03-29 04:00:00,1.2622,1.2626,1.26167,1.26178,1764,13,0
2024-03-29 08:00:00,1.26178,1.26263,1.26043,1.26095,2740,13,0
2024-03-29 12:00:00,1.26095,1.264,1.26058,1.26312,3051,109,0
2024-03-29 16:00:00,1.26312,1.26312,1.26106,1.26126,1524,108,0
2024-03-29 20:00:00,1.26126,1.262,1.26101,1.26151,802,113,0
2024-03-31 20:00:00,1.26062,1.26406,1.26062,1.2635399999999999,3102,12,0
2024-04-01 00:00:00,1.2637,1.2641499999999999,1.2624900000000001,1.26335,5528,12,0
2024-04-01 04:00:00,1.26335,1.26349,1.2617099999999999,1.26201,4930,12,0
2024-04-01 08:00:00,1.26201,1.26272,1.26082,1.2614,5096,12,0
2024-04-01 12:00:00,1.26138,1.2616,1.25391,1.2542,10349,12,0
2024-04-01 16:00:00,1.2542,1.25497,1.25404,1.2547,4830,12,0
2024-04-01 20:00:00,1.2547,1.25539,1.25384,1.25454,2719,12,0
2024-04-02 00:00:00,1.25455,1.25489,1.25403,1.25409,5208,12,0
2024-04-02 04:00:00,1.25412,1.25567,1.25389,1.25535,6117,12,0
2024-04-02 08:00:00,1.25534,1.25754,1.25475,1.25726,8060,12,0
2024-04-02 12:00:00,1.25725,1.2577099999999999,1.25518,1.25733,12030,12,0
2024-04-02 16:00:00,1.25731,1.25767,1.25657,1.25763,4878,12,0
2024-04-02 20:00:00,1.25762,1.25803,1.2572,1.2576,2442,12,0
2024-04-03 00:00:00,1.25754,1.258,1.25665,1.25784,4807,12,0
2024-04-03 04:00:00,1.25784,1.25824,1.25621,1.25652,5871,12,0
2024-04-03 08:00:00,1.2565,1.25878,1.25638,1.25774,7494,12,0
2024-04-03 12:00:00,1.25772,1.26352,1.2566899999999999,1.2631999999999999,14030,12,0
2024-04-03 16:00:00,1.26324,1.26553,1.26247,1.26487,7487,12,0
2024-04-03 20:00:00,1.26489,1.26556,1.26451,1.26511,2693,12,0
2024-04-04 00:00:00,1.26506,1.26542,1.2644,1.26518,4455,12,0
2024-04-04 04:00:00,1.26518,1.26692,1.2650299999999999,1.2662200000000001,6185,12,0
2024-04-04 08:00:00,1.2662200000000001,1.26685,1.2647300000000001,1.26501,7281,12,0
2024-04-04 12:00:00,1.26501,1.26831,1.26474,1.2665899999999999,9412,12,0
2024-04-04 16:00:00,1.26662,1.26727,1.2634699999999999,1.26377,8548,12,0
2024-04-04 20:00:00,1.2638,1.26447,1.2635,1.26391,3455,12,0
2024-04-05 00:00:00,1.26387,1.2648,1.26209,1.26254,6200,12,0
2024-04-05 04:00:00,1.26254,1.2631000000000001,1.2613699999999999,1.26263,6384,12,0
2024-04-05 08:00:00,1.26262,1.26402,1.26208,1.26318,7433,12,0
2024-04-05 12:00:00,1.26316,1.26444,1.25738,1.263,18435,12,0
2024-04-05 16:00:00,1.26299,1.26401,1.2625600000000001,1.26341,7061,12,0
2024-04-05 20:00:00,1.26343,1.26379,1.26325,1.26373,783,12,0
2024-04-07 20:00:00,1.26133,1.26331,1.26133,1.26234,2595,12,0
2024-04-08 00:00:00,1.26236,1.26391,1.26141,1.26301,8309,12,0
2024-04-08 04:00:00,1.26301,1.26342,1.26202,1.26267,7816,12,0
2024-04-08 08:00:00,1.26267,1.26358,1.26149,1.2618800000000001,8249,12,0
2024-04-08 12:00:00,1.26187,1.26556,1.2612700000000001,1.26525,11798,12,0
2024-04-08 16:00:00,1.26526,1.26635,1.26428,1.26543,6621,12,0
2024-04-08 20:00:00,1.26545,1.26592,1.26495,1.26566,2562,12,0
2024-04-09 00:00:00,1.2656800000000001,1.2661,1.26518,1.2654,5462,12,0
2024-04-09 04:00:00,1.2654,1.26641,1.26481,1.26533,5914,12,0
2024-04-09 08:00:00,1.2653400000000001,1.26902,1.26488,1.26797,7686,12,0
2024-04-09 12:00:00,1.26798,1.2709,1.26664,1.26715,12631,12,0
2024-04-09 16:00:00,1.26715,1.26749,1.26626,1.2674699999999999,6347,12,0
2024-04-09 20:00:00,1.26748,1.26793,1.26715,1.26763,2776,12,0
2024-04-10 00:00:00,1.26766,1.26782,1.26685,1.26755,5463,12,0
2024-04-10 04:00:00,1.26755,1.26886,1.26722,1.26877,5845,12,0
2024-04-10 08:00:00,1.26877,1.27041,1.26829,1.2693400000000001,6737,12,0
2024-04-10 12:00:00,1.2693400000000001,1.27068,1.25335,1.25417,26961,12,0
2024-04-10 16:00:00,1.25419,1.25536,1.25197,1.25408,13879,12,0
2024-04-10 20:00:00,1.25408,1.25424,1.2525,1.2536,3314,12,0
2024-04-11 00:00:00,1.25362,1.25489,1.25317,1.25446,6768,12,0
2024-04-11 04:00:00,1.25446,1.25619,1.25319,1.25602,7560,12,0
2024-04-11 08:00:00,1.25603,1.25691,1.25274,1.25385,9179,12,0
2024-04-11 12:00:00,1.25385,1.25778,1.25101,1.25338,21021,12,0
2024-04-11 16:00:00,1.2534,1.25634,1.25285,1.25589,9133,12,0
2024-04-11 20:00:00,1.25589,1.25591,1.25472,1.2554,2661,12,0
2024-04-12 00:00:00,1.25543,1.2558500000000001,1.25435,1.25446,6181,12,0
2024-04-12 04:00:00,1.25445,1.25455,1.2505,1.25186,8235,12,0
2024-04-12 08:00:00,1.25191,1.2522,1.24622,1.24709,10149,12,0
2024-04-12 12:00:00,1.24711,1.2475100000000001,1.2426,1.24553,17906,12,0
2024-04-12 16:00:00,1.24552,1.24616,1.2442199999999999,1.24458,11040,12,0
2024-04-12 20:00:00,1.24457,1.24519,1.24455,1.2448299999999999,884,12,0
2024-04-14 20:00:00,1.24341,1.24617,1.24155,1.246,3532,12,0
2024-04-15 00:00:00,1.24589,1.24643,1.24402,1.24601,8091,12,0
2024-04-15 04:00:00,1.24601,1.2477,1.24542,1.2475,9416,12,0
2024-04-15 08:00:00,1.24752,1.2498,1.24742,1.2477800000000001,10227,12,0
2024-04-15 12:00:00,1.24779,1.24958,1.24444,1.24634,17738,12,0
2024-04-15 16:00:00,1.24634,1.2468,1.24352,1.24478,10409,12,0
2024-04-15 20:00:00,1.24475,1.24491,1.24365,1.24457,3263,12,0
2024-04-16 00:00:00,1.2446,1.2448,1.24197,1.24279,8491,12,0
2024-04-16 04:00:00,1.24278,1.2447,1.24081,1.24373,10378,12,0
2024-04-16 08:00:00,1.24375,1.24598,1.2434,1.24574,10128,12,0
2024-04-16 12:00:00,1.24572,1.24713,1.24286,1.24348,17409,12,0
2024-04-16 16:00:00,1.24346,1.24505,1.24051,1.2431,16062,12,0
2024-04-16 20:00:00,1.24309,1.24329,1.2421,1.24293,3883,12,0
2024-04-17 00:00:00,1.24301,1.24392,1.24245,1.24298,7572,12,0
2024-04-17 04:00:00,1.24298,1.24783,1.24165,1.24547,10206,12,0
2024-04-17 08:00:00,1.24547,1.24814,1.24532,1.24567,10298,12,0
2024-04-17 12:00:00,1.2457,1.24689,1.24389,1.24413,14816,12,0
2024-04-17 16:00:00,1.2441,1.24648,1.24236,1.24524,14524,12,0
2024-04-17 20:00:00,1.24521,1.24577,1.24493,1.24524,3366,12,0
2024-04-18 00:00:00,1.24528,1.24695,1.24466,1.24689,6546,12,0
2024-04-18 04:00:00,1.24689,1.24838,1.2462,1.2471700000000001,7415,12,0
2024-04-18 08:00:00,1.24714,1.24816,1.24648,1.2471,8892,12,0
2024-04-18 12:00:00,1.24715,1.24736,1.24357,1.24621,16097,12,0
2024-04-18 16:00:00,1.24623,1.24654,1.2433,1.24371,9613,12,0
2024-04-18 20:00:00,1.24371,1.24386,1.24313,1.2435,2719,12,0
2024-04-19 00:00:00,1.24344,1.2436,1.23882,1.2417,16206,12,0
2024-04-19 04:00:00,1.24167,1.24511,1.2403,1.24487,12036,12,0
2024-04-19 08:00:00,1.24487,1.24552,1.24291,1.24396,10720,12,0
2024-04-19 12:00:00,1.24399,1.24678,1.2396,1.23964,15460,12,0
2024-04-19 16:00:00,1.23965,1.24013,1.23664,1.23715,11359,12,0
2024-04-19 20:00:00,1.2371699999999999,1.23733,1.23677,1.23703,1162,12,0
2024-04-21 20:00:00,1.23557,1.2378,1.23557,1.2375,2742,12,0
2024-04-22 00:00:00,1.2375,1.23918,1.23716,1.23813,7116,12,0
2024-04-22 04:00:00,1.23813,1.23895,1.23504,1.23675,7732,12,0
2024-04-22 08:00:00,1.23676,1.2372,1.23084,1.23146,10293,12,0
2024-04-22 12:00:00,1.23146,1.23398,1.22988,1.23382,11540,12,0
2024-04-22 16:00:00,1.23382,1.23611,1.23382,1.23519,6288,12,0
2024-04-22 20:00:00,1.23522,1.23538,1.23457,1.23493,2404,12,0
2024-04-23 00:00:00,1.23493,1.23581,1.2347,1.2352,5915,12,0
2024-04-23 04:00:00,1.2352,1.2372,1.23313,1.23641,9045,12,0
2024-04-23 08:00:00,1.2364,1.24007,1.23453,1.24001,11461,12,0
2024-04-23 12:00:00,1.24,1.24579,1.23806,1.24311,17829,12,0
2024-04-23 16:00:00,1.24314,1.24581,1.24281,1.24496,7236,12,0
2024-04-23 20:00:00,1.24492,1.2454,1.24366,1.24533,2862,12,0
2024-04-24 00:00:00,1.24535,1.24643,1.24484,1.24558,5936,12,0
2024-04-24 04:00:00,1.24558,1.24576,1.2427,1.24293,6240,12,0
2024-04-24 08:00:00,1.24296,1.24433,1.24222,1.24348,6823,12,0
2024-04-24 12:00:00,1.24348,1.24548,1.24259,1.24313,13574,12,0
2024-04-24 16:00:00,1.2431,1.24693,1.24299,1.2462900000000001,7397,12,0
2024-04-24 20:00:00,1.24631,1.24634,1.2452,1.24588,2991,12,0
2024-04-25 00:00:00,1.24591,1.24679,1.24539,1.24631,6519,12,0
2024-04-25 04:00:00,1.24631,1.25095,1.2462,1.25053,7746,12,0
2024-04-25 08:00:00,1.25055,1.25226,1.2503600000000001,1.25118,8818,12,0
2024-04-25 12:00:00,1.25118,1.25264,1.24563,1.24917,22273,12,0
2024-04-25 16:00:00,1.24917,1.2522199999999999,1.24868,1.2513,10615,12,0
2024-04-25 20:00:00,1.25128,1.25153,1.25037,1.2506599999999999,3916,12,0
2024-04-26 00:00:00,1.2506599999999999,1.25082,1.24936,1.24992,6619,12,0
2024-04-26 04:00:00,1.24992,1.2515100000000001,1.24962,1.25049,8036,12,0
2024-04-26 08:00:00,1.25047,1.25403,1.2502499999999999,1.25105,11590,12,0
2024-04-26 12:00:00,1.25106,1.25403,1.24488,1.24709,18519,12,0
2024-04-26 16:00:00,1.24712,1.25035,1.24696,1.24972,6801,12,0
2024-04-26 20:00:00,1.2497099999999999,1.24999,1.24915,1.2493400000000001,1237,12,0
2024-04-28 20:00:00,1.24741,1.2509700000000001,1.24662,1.25088,2485,12,0
2024-04-29 00:00:00,1.25089,1.25278,1.25065,1.2521900000000001,6677,12,0
2024-04-29 04:00:00,1.2521900000000001,1.25478,1.25139,1.25297,13431,12,0
2024-04-29 08:00:00,1.25294,1.2540200000000001,1.25071,1.25316,10391,12,0
2024-04-29 12:00:00,1.25317,1.2554400000000001,1.25141,1.25501,12173,12,0
2024-04-29 16:00:00,1.25502,1.25689,1.25498,1.25606,8197,12,0
2024-04-29 20:00:00,1.25606,1.2563900000000001,1.25564,1.2559,2955,12,0
2024-04-30 00:00:00,1.25589,1.2560799999999999,1.25417,1.2545,5710,12,0
2024-04-30 04:00:00,1.2545,1.25461,1.25238,1.25413,7331,12,0
2024-04-30 08:00:00,1.25411,1.25542,1.25264,1.2539799999999999,9012,12,0
2024-04-30 12:00:00,1.2539799999999999,1.2545600000000001,1.25021,1.25109,20562,12,0
2024-04-30 16:00:00,1.2511,1.25148,1.24927,1.24952,8475,12,0
2024-04-30 20:00:00,1.24951,1.24975,1.24843,1.24886,4128,12,0
2024-05-01 00:00:00,1.24886,1.24911,1.24716,1.24732,4339,12,0
2024-05-01 04:00:00,1.24732,1.24859,1.24659,1.24842,5720,12,0
2024-05-01 08:00:00,1.24841,1.24978,1.24757,1.24843,7233,12,0
2024-05-01 12:00:00,1.24843,1.24999,1.24765,1.24868,14306,12,0
2024-05-01 16:00:00,1.24869,1.25496,1.24775,1.24928,25178,12,0
2024-05-01 20:00:00,1.24927,1.25399,1.2489,1.25357,7029,12,0
2024-05-02 00:00:00,1.25357,1.25389,1.25201,1.25301,7419,12,0
2024-05-02 04:00:00,1.25301,1.25441,1.25167,1.2528000000000001,10243,12,0
2024-05-02 08:00:00,1.25281,1.25325,1.25044,1.25145,11029,12,0
2024-05-02 12:00:00,1.25147,1.25325,1.24714,1.25058,18316,12,0
2024-05-02 16:00:00,1.25058,1.25383,1.25013,1.25358,10184,12,0
2024-05-02 20:00:00,1.25357,1.25414,1.2525,1.25388,3855,12,0
2024-05-03 00:00:00,1.25387,1.25564,1.25306,1.25522,6747,12,0
2024-05-03 04:00:00,1.25519,1.2554400000000001,1.25388,1.25474,7495,12,0
2024-05-03 08:00:00,1.25471,1.25667,1.25455,1.25543,9420,12,0
2024-05-03 12:00:00,1.25541,1.26304,1.25289,1.2547,30992,12,0
2024-05-03 16:00:00,1.25471,1.25541,1.25385,1.25488,9202,12,0
2024-05-03 20:00:00,1.25488,1.25504,1.25458,1.25462,989,12,0
2024-05-05 20:00:00,1.25392,1.25528,1.2530700000000001,1.25404,2297,12,0
2024-05-06 00:00:00,1.25404,1.25564,1.25378,1.2546599999999999,7287,12,0
2024-05-06 04:00:00,1.25461,1.25731,1.25415,1.25675,7068,12,0
2024-05-06 08:00:00,1.2567300000000001,1.25838,1.25633,1.25759,7851,12,0
2024-05-06 12:00:00,1.25759,1.25939,1.25677,1.25726,9418,12,0
2024-05-06 16:00:00,1.25724,1.2573400000000001,1.25574,1.25599,7178,12,0
2024-05-06 20:00:00,1.256,1.25633,1.25566,1.25587,2733,12,0
2024-05-07 00:00:00,1.25587,1.25702,1.25508,1.25568,6768,12,0
2024-05-07 04:00:00,1.25569,1.25571,1.25338,1.25372,8881,12,0
2024-05-07 08:00:00,1.2537,1.25471,1.25288,1.25439,8326,12,0
2024-05-07 12:00:00,1.25442,1.25643,1.25312,1.25319,10109,12,0
2024-05-07 16:00:00,1.25321,1.25375,1.25003,1.25087,7576,12,0
2024-05-07 20:00:00,1.25086,1.25102,1.2496800000000001,1.25014,2749,12,0
2024-05-08 00:00:00,1.25011,1.25028,1.24838,1.24864,6942,12,0
2024-05-08 04:00:00,1.24864,1.24927,1.24708,1.24721,7322,12,0
2024-05-08 08:00:00,1.2472,1.25003,1.24671,1.24839,8715,12,0
2024-05-08 12:00:00,1.2484,1.25044,1.24725,1.25016,10649,12,0
2024-05-08 16:00:00,1.25016,1.25022,1.24901,1.24962,6560,12,0
2024-05-08 20:00:00,1.24962,1.2499,1.24893,1.24926,2478,12,0
2024-05-09 00:00:00,1.24926,1.25011,1.24869,1.24961,5639,12,0
2024-05-09 04:00:00,1.2496,1.24982,1.24705,1.24767,5961,12,0
2024-05-09 08:00:00,1.24766,1.24967,1.24418,1.24694,12950,12,0
2024-05-09 12:00:00,1.24687,1.2521900000000001,1.2468,1.25028,15370,12,0
2024-05-09 16:00:00,1.2502900000000001,1.25264,1.2502900000000001,1.25221,7388,12,0
2024-05-09 20:00:00,1.25217,1.25285,1.25195,1.2524,2681,12,0
2024-05-10 00:00:00,1.25241,1.25257,1.25118,1.25166,5855,12,0
2024-05-10 04:00:00,1.25167,1.25409,1.25139,1.2530000000000001,8375,12,0
2024-05-10 08:00:00,1.2530000000000001,1.25356,1.25224,1.25277,8663,12,0
2024-05-10 12:00:00,1.25274,1.2536800000000001,1.25021,1.2525,11373,12,0
2024-05-10 16:00:00,1.25255,1.25366,1.25217,1.25265,6465,12,0
2024-05-10 20:00:00,1.25265,1.25302,1.25224,1.2523900000000001,885,12,0
2024-05-12 20:00:00,1.25069,1.2527,1.25012,1.25213,2031,12,0
2024-05-13 00:00:00,1.2521,1.25272,1.25172,1.25264,7556,12,0
2024-05-13 04:00:00,1.25264,1.2535,1.25172,1.2523,6621,12,0
2024-05-13 08:00:00,1.25229,1.25533,1.25187,1.25455,7284,12,0
2024-05-13 12:00:00,1.25455,1.25681,1.25445,1.25598,9924,12,0
2024-05-13 16:00:00,1.256,1.25664,1.25525,1.25548,6332,12,0
2024-05-13 20:00:00,1.2555,1.25617,1.2553,1.25592,2454,12,0
2024-05-14 00:00:00,1.25592,1.25603,1.25523,1.25584,6112,12,0
2024-05-14 04:00:00,1.2558500000000001,1.25629,1.2545600000000001,1.25515,7101,12,0
2024-05-14 08:00:00,1.25514,1.25586,1.25089,1.25513,9454,12,0
2024-05-14 12:00:00,1.25512,1.25922,1.25197,1.25874,17134,12,0
2024-05-14 16:00:00,1.25875,1.25919,1.25803,1.25895,6432,12,0
2024-05-14 20:00:00,1.25895,1.25918,1.2583,1.25838,2738,12,0
2024-05-15 00:00:00,1.25837,1.25989,1.2582900000000001,1.25975,5025,12,0
2024-05-15 04:00:00,1.25975,1.25997,1.25864,1.25939,6423,12,0
2024-05-15 08:00:00,1.25936,1.26243,1.25936,1.26126,8419,12,0
2024-05-15 12:00:00,1.26126,1.26725,1.26114,1.26553,19204,12,0
2024-05-15 16:00:00,1.26555,1.2683200000000001,1.26489,1.26817,7716,12,0
2024-05-15 20:00:00,1.26816,1.26936,1.26764,1.26878,3095,12,0
2024-05-16 00:00:00,1.26883,1.26985,1.26826,1.26911,7902,12,0
2024-05-16 04:00:00,1.26911,1.26915,1.26737,1.26796,7259,12,0
2024-05-16 08:00:00,1.26795,1.26827,1.26539,1.26559,7273,12,0
2024-05-16 12:00:00,1.26562,1.26794,1.2643,1.26789,11849,12,0
2024-05-16 16:00:00,1.26787,1.26791,1.26668,1.26687,6136,12,0
2024-05-16 20:00:00,1.2668599999999999,1.26719,1.26658,1.26709,2040,12,0
2024-05-17 00:00:00,1.26709,1.26722,1.26515,1.26576,6276,12,0
2024-05-17 04:00:00,1.26576,1.26692,1.2653699999999999,1.2656100000000001,6144,12,0
2024-05-17 08:00:00,1.2656100000000001,1.26582,1.26444,1.26531,6579,12,0
2024-05-17 12:00:00,1.26531,1.2706,1.26506,1.27008,9848,12,0
2024-05-17 16:00:00,1.27008,1.2711299999999999,1.26984,1.2706,5900,12,0
2024-05-17 20:00:00,1.27062,1.27062,1.2699500000000001,1.27005,757,12,0
2024-05-19 20:00:00,1.26843,1.27074,1.26775,1.27051,1781,12,0
2024-05-20 00:00:00,1.27051,1.27081,1.2696399999999999,1.27039,6289,12,0
2024-05-20 04:00:00,1.27039,1.27107,1.26887,1.26938,6554,12,0
2024-05-20 08:00:00,1.26935,1.27064,1.26921,1.26949,6761,12,0
2024-05-20 12:00:00,1.26949,1.27115,1.26917,1.2704,10078,12,0
2024-05-20 16:00:00,1.27042,1.27249,1.27039,1.27071,5369,12,0
2024-05-20 20:00:00,1.27069,1.27104,1.2699,1.2709,2113,12,0
2024-05-21 00:00:00,1.27091,1.2711000000000001,1.26967,1.27058,5869,12,0
2024-05-21 04:00:00,1.27058,1.27202,1.27048,1.27121,5929,12,0
2024-05-21 08:00:00,1.27121,1.27231,1.27029,1.27197,6964,12,0
2024-05-21 12:00:00,1.27198,1.27264,1.2686,1.2707899999999999,12890,12,0
2024-05-21 16:00:00,1.2707899999999999,1.27152,1.27012,1.27126,6325,12,0
2024-05-21 20:00:00,1.27125,1.27134,1.27023,1.27092,2646,12,0
2024-05-22 00:00:00,1.27093,1.27223,1.2709,1.27123,6510,12,0
2024-05-22 04:00:00,1.27122,1.27607,1.27065,1.27466,9059,12,0
2024-05-22 08:00:00,1.27468,1.27478,1.26997,1.27089,8534,12,0
2024-05-22 12:00:00,1.2709,1.27471,1.27081,1.27341,11710,12,0
2024-05-22 16:00:00,1.27341,1.27498,1.27099,1.27161,10031,12,0
2024-05-22 20:00:00,1.27164,1.2720799999999999,1.27131,1.27195,3242,12,0
2024-05-23 00:00:00,1.27195,1.27284,1.27164,1.27282,6326,12,0
2024-05-23 04:00:00,1.27282,1.2732999999999999,1.27138,1.27237,8249,12,0
2024-05-23 08:00:00,1.2723499999999999,1.27413,1.27047,1.27396,9545,12,0
2024-05-23 12:00:00,1.27399,1.27461,1.2705600000000001,1.27161,16136,12,0
2024-05-23 16:00:00,1.2716,1.27221,1.26849,1.26932,10041,12,0
2024-05-23 20:00:00,1.26932,1.26985,1.26904,1.26928,2762,12,0
2024-05-24 00:00:00,1.26926,1.26975,1.2686600000000001,1.26881,5770,12,0
2024-05-24 04:00:00,1.26881,1.27046,1.26755,1.2698,7639,12,0
2024-05-24 08:00:00,1.2698,1.27248,1.26943,1.2717100000000001,7044,12,0
2024-05-24 12:00:00,1.2717100000000001,1.27503,1.271,1.27435,12060,12,0
2024-05-24 16:00:00,1.27434,1.275,1.27317,1.2739500000000001,6977,12,0
2024-05-24 20:00:00,1.2739099999999999,1.27399,1.27348,1.27371,718,12,0
2024-05-26 20:00:00,1.27311,1.2741799999999999,1.27244,1.27336,1704,12,0
2024-05-27 00:00:00,1.27336,1.27431,1.27331,1.27417,4127,12,0
2024-05-27 04:00:00,1.27417,1.27463,1.27352,1.27411,4572,12,0
2024-05-27 08:00:00,1.27413,1.2757,1.2733400000000001,1.27515,5427,12,0
2024-05-27 12:00:00,1.27515,1.27771,1.27428,1.27716,7483,12,0
2024-05-27 16:00:00,1.27716,1.27736,1.2767,1.27704,2256,12,0
2024-05-27 20:00:00,1.27705,1.27719,1.2764,1.27714,1908,12,0
2024-05-28 00:00:00,1.27714,1.2783,1.27697,1.27803,6277,12,0
2024-05-28 04:00:00,1.27804,1.2781799999999999,1.27683,1.2772700000000001,6721,12,0
2024-05-28 08:00:00,1.27725,1.27882,1.27619,1.2785,7553,12,0
2024-05-28 12:00:00,1.2785199999999999,1.2800500000000001,1.27718,1.27836,11700,12,0
2024-05-28 16:00:00,1.27833,1.2784499999999999,1.27536,1.27631,9029,12,0
2024-05-28 20:00:00,1.2763,1.27636,1.27561,1.27576,2869,12,0
2024-05-29 00:00:00,1.27576,1.27591,1.27466,1.27502,6461,12,0
2024-05-29 04:00:00,1.27501,1.27712,1.27459,1.2763200000000001,8008,12,0
2024-05-29 08:00:00,1.27627,1.27653,1.27351,1.2748,10056,12,0
2024-05-29 12:00:00,1.2748,1.27552,1.27046,1.2711700000000001,13497,12,0
2024-05-29 16:00:00,1.27115,1.2718,1.26987,1.2701799999999999,8818,12,0
2024-05-29 20:00:00,1.2702,1.27035,1.2695400000000001,1.26973,2849,12,0
2024-05-30 00:00:00,1.26972,1.27024,1.26899,1.26946,7249,12,0
2024-05-30 04:00:00,1.26948,1.2708599999999999,1.26804,1.2707899999999999,8431,12,0
2024-05-30 08:00:00,1.27074,1.27219,1.2695400000000001,1.27094,9272,12,0
2024-05-30 12:00:00,1.27095,1.27466,1.2704900000000001,1.27366,13258,12,0
2024-05-30 16:00:00,1.27367,1.27435,1.27258,1.27305,7154,12,0
2024-05-30 20:00:00,1.27305,1.2732999999999999,1.27267,1.27283,2926,12,0
2024-05-31 00:00:00,1.27283,1.27337,1.27148,1.27223,6890,12,0
2024-05-31 04:00:00,1.27223,1.27233,1.2699500000000001,1.27061,7797,12,0
2024-05-31 08:00:00,1.2705899999999999,1.2727,1.2705,1.27139,9045,12,0
2024-05-31 12:00:00,1.27139,1.27654,1.27065,1.2734,15811,12,0
2024-05-31 16:00:00,1.27339,1.27464,1.2720500000000001,1.27442,7913,12,0
2024-05-31 20:00:00,1.27444,1.27451,1.27404,1.2741500000000001,1202,12,0
2024-06-02 20:00:00,1.27295,1.27448,1.2721,1.27433,2172,12,0
2024-06-03 00:00:00,1.27434,1.27553,1.27374,1.27389,6259,12,0
2024-06-03 04:00:00,1.2739,1.2744900000000001,1.27132,1.2713999999999999,7629,12,0
2024-06-03 08:00:00,1.2713700000000001,1.27324,1.26936,1.2728,10045,12,0
2024-06-03 12:00:00,1.27283,1.2793700000000001,1.27257,1.27921,13393,12,0
2024-06-03 16:00:00,1.27921,1.28002,1.27749,1.27995,8534,12,0
2024-06-03 20:00:00,1.27994,1.28117,1.27994,1.2809,2696,12,0
2024-06-04 00:00:00,1.2809,1.28171,1.2803200000000001,1.28088,5595,12,0
2024-06-04 04:00:00,1.28086,1.28122,1.27855,1.27904,7258,12,0
2024-06-04 08:00:00,1.27907,1.27921,1.27421,1.27604,11698,12,0
2024-06-04 12:00:00,1.27607,1.2789,1.27573,1.2782,14171,12,0
2024-06-04 16:00:00,1.2782200000000001,1.27966,1.27708,1.27712,9238,12,0
2024-06-04 20:00:00,1.27714,1.2772999999999999,1.27577,1.27721,2402,12,0
2024-06-05 00:00:00,1.27722,1.27802,1.27678,1.27711,5730,12,0
2024-06-05 04:00:00,1.27707,1.27824,1.2764,1.27719,7125,12,0
2024-06-05 08:00:00,1.27718,1.2778800000000001,1.2766,1.27778,7489,12,0
2024-06-05 12:00:00,1.2778,1.27948,1.27548,1.27692,15290,12,0
2024-06-05 16:00:00,1.27686,1.27943,1.27623,1.27909,7104,12,0
2024-06-05 20:00:00,1.27909,1.27935,1.27796,1.27929,2488,12,0
2024-06-06 00:00:00,1.2793,1.28085,1.27925,1.27983,5305,12,0
2024-06-06 04:00:00,1.27983,1.27997,1.27857,1.27915,6517,12,0
2024-06-06 08:00:00,1.27917,1.27919,1.2766899999999999,1.27702,7306,12,0
2024-06-06 12:00:00,1.27702,1.27911,1.2762,1.27827,14494,12,0
2024-06-06 16:00:00,1.27828,1.27952,1.2775699999999999,1.27888,6437,12,0
2024-06-06 20:00:00,1.27889,1.27942,1.2784900000000001,1.2792,2102,12,0
2024-06-07 00:00:00,1.2792,1.2792,1.27832,1.2788300000000001,5589,12,0
2024-06-07 04:00:00,1.2788300000000001,1.28015,1.27812,1.27996,6677,12,0
2024-06-07 08:00:00,1.27999,1.28082,1.2782,1.28067,7703,12,0
2024-06-07 12:00:00,1.28067,1.28167,1.27152,1.27238,19937,12,0
2024-06-07 16:00:00,1.2724,1.27294,1.27173,1.27203,8495,12,0
2024-06-07 20:00:00,1.2720099999999999,1.27229,1.2718099999999999,1.27182,736,12,0
2024-06-09 20:00:00,1.27114,1.2729,1.27042,1.27276,3109,12,0
2024-06-10 00:00:00,1.27275,1.27305,1.27134,1.27138,4677,12,0
2024-06-10 04:00:00,1.27139,1.27236,1.27065,1.27223,7437,12,0
2024-06-10 08:00:00,1.27225,1.27245,1.2687300000000001,1.27135,8440,12,0
2024-06-10 12:00:00,1.27139,1.2730299999999999,1.27033,1.27301,9800,12,0
2024-06-10 16:00:00,1.27301,1.27366,1.27238,1.27302,7064,12,0
2024-06-10 20:00:00,1.27304,1.27332,1.27213,1.27253,2562,12,0
2024-06-11 00:00:00,1.27252,1.2736,1.2723900000000001,1.2735400000000001,5210,12,0
2024-06-11 04:00:00,1.27353,1.27399,1.27133,1.27224,6934,12,0
2024-06-11 08:00:00,1.27225,1.27489,1.27199,1.27377,10115,12,0
2024-06-11 12:00:00,1.27378,1.27472,1.2705199999999999,1.2721,11910,12,0
2024-06-11 16:00:00,1.27211,1.27509,1.27172,1.2741,6367,12,0
2024-06-11 20:00:00,1.27411,1.27424,1.27348,1.27389,1992,12,0
2024-06-12 00:00:00,1.27389,1.27445,1.27322,1.27427,4875,12,0
2024-06-12 04:00:00,1.27427,1.27522,1.2736399999999999,1.27498,5756,12,0
2024-06-12 08:00:00,1.275,1.2766899999999999,1.27482,1.27595,6883,12,0
2024-06-12 12:00:00,1.27594,1.28598,1.27559,1.28399,18063,12,0
2024-06-12 16:00:00,1.28399,1.28497,1.27907,1.2796699999999999,23536,12,0
2024-06-12 20:00:00,1.27969,1.28009,1.27889,1.27959,2860,12,0
2024-06-13 00:00:00,1.27959,1.2799,1.27833,1.27846,6155,12,0
2024-06-13 04:00:00,1.2784499999999999,1.27907,1.27722,1.2787899999999999,6340,12,0
2024-06-13 08:00:00,1.2788,1.28,1.27633,1.27641,7973,12,0
2024-06-13 12:00:00,1.27641,1.2807,1.27514,1.27622,15296,12,0
2024-06-13 16:00:00,1.27623,1.2766600000000001,1.27377,1.27648,8998,12,0
2024-06-13 20:00:00,1.27647,1.27658,1.27531,1.27533,2665,12,0
2024-06-14 00:00:00,1.27534,1.2763,1.27493,1.27522,5618,12,0
2024-06-14 04:00:00,1.27522,1.27539,1.27215,1.27297,7774,12,0
2024-06-14 08:00:00,1.27298,1.27319,1.26928,1.27035,12646,12,0
2024-06-14 12:00:00,1.2704,1.27053,1.26562,1.26822,14740,12,0
2024-06-14 16:00:00,1.26825,1.26922,1.26758,1.26892,7118,12,0
2024-06-14 20:00:00,1.26895,1.26901,1.26831,1.26861,943,12,0
2024-06-16 20:00:00,1.2675,1.26871,1.26642,1.2683,2289,12,0
2024-06-17 00:00:00,1.26829,1.26882,1.26761,1.26818,5471,12,0
2024-06-17 04:00:00,1.26819,1.26845,1.26608,1.26678,7838,12,0
2024-06-17 08:00:00,1.26676,1.26779,1.26581,1.26624,8541,12,0
2024-06-17 12:00:00,1.26624,1.26891,1.26613,1.26864,9569,12,0
2024-06-17 16:00:00,1.26865,1.2709,1.26865,1.27026,6673,12,0
2024-06-17 20:00:00,1.27026,1.2713700000000001,1.26939,1.27128,2395,12,0
2024-06-18 00:00:00,1.27128,1.27145,1.2692999999999999,1.26967,5286,12,0
2024-06-18 04:00:00,1.26968,1.27017,1.26757,1.26788,7438,12,0
2024-06-18 08:00:00,1.26788,1.26894,1.26706,1.26738,8858,12,0
2024-06-18 12:00:00,1.26741,1.27203,1.26682,1.26946,13706,12,0
2024-06-18 16:00:00,1.26949,1.2709,1.26913,1.27075,7691,12,0
2024-06-18 20:00:00,1.27073,1.2711000000000001,1.2701,1.27063,2313,12,0
2024-06-19 00:00:00,1.27063,1.27129,1.2702200000000001,1.27077,3984,12,0
2024-06-19 04:00:00,1.27075,1.27321,1.26996,1.27267,8221,12,0
2024-06-19 08:00:00,1.2727,1.2739500000000001,1.27243,1.27325,7798,12,0
2024-06-19 12:00:00,1.2732700000000001,1.27337,1.27151,1.27237,6738,12,0
2024-06-19 16:00:00,1.2723499999999999,1.27253,1.27134,1.2717800000000001,2058,12,0
2024-06-19 20:00:00,1.27179,1.27229,1.2715,1.27193,2239,12,0
2024-06-20 00:00:00,1.27193,1.2720099999999999,1.27095,1.27146,4431,12,0
2024-06-20 04:00:00,1.27148,1.2717399999999999,1.2702,1.27065,5766,12,0
2024-06-20 08:00:00,1.27063,1.27082,1.26757,1.26806,9383,12,0
2024-06-20 12:00:00,1.26807,1.26941,1.2666,1.26675,11079,12,0
2024-06-20 16:00:00,1.26675,1.26817,1.26586,1.2662900000000001,7930,12,0
2024-06-20 20:00:00,1.26628,1.26648,1.26512,1.26594,3083,12,0
2024-06-21 00:00:00,1.26596,1.2664900000000001,1.26545,1.26604,4577,12,0
2024-06-21 04:00:00,1.26604,1.26748,1.26364,1.26424,6966,12,0
2024-06-21 08:00:00,1.26429,1.26611,1.26304,1.26426,9675,12,0
2024-06-21 12:00:00,1.26424,1.26504,1.26218,1.26419,12399,12,0
2024-06-21 16:00:00,1.26421,1.26502,1.2635,1.26475,6568,12,0
2024-06-21 20:00:00,1.26474,1.26507,1.26387,1.26431,1059,12,0
2024-06-23 20:00:00,1.26355,1.26453,1.2625,1.2637399999999999,2272,12,0
2024-06-24 00:00:00,1.26375,1.2644199999999999,1.26323,1.2641499999999999,5541,12,0
2024-06-24 04:00:00,1.2641499999999999,1.26558,1.2640799999999999,1.26538,5991,12,0
2024-06-24 08:00:00,1.26539,1.26712,1.2653400000000001,1.26626,7901,12,0
2024-06-24 12:00:00,1.26623,1.26974,1.26599,1.26814,9457,12,0
2024-06-24 16:00:00,1.2681200000000001,1.26931,1.26728,1.26852,6622,12,0
2024-06-24 20:00:00,1.26855,1.26887,1.26796,1.2681200000000001,2720,12,0
2024-06-25 00:00:00,1.26813,1.26959,1.2681200000000001,1.26956,4801,12,0
2024-06-25 04:00:00,1.2695699999999999,1.26985,1.26824,1.26886,5859,12,0
2024-06-25 08:00:00,1.26886,1.2702,1.26753,1.26819,7348,12,0
2024-06-25 12:00:00,1.26819,1.2687,1.26698,1.26741,10133,12,0
2024-06-25 16:00:00,1.26742,1.2695400000000001,1.26732,1.26892,5936,12,0
2024-06-25 20:00:00,1.26887,1.26894,1.2680500000000001,1.2683499999999999,2242,12,0
2024-06-26 00:00:00,1.2683499999999999,1.2692999999999999,1.26788,1.2686600000000001,5182,12,0
2024-06-26 04:00:00,1.2686600000000001,1.26879,1.26669,1.26701,6656,12,0
2024-06-26 08:00:00,1.26702,1.26734,1.2639,1.2659,8162,12,0
2024-06-26 12:00:00,1.2659099999999999,1.26623,1.26174,1.26231,12152,12,0
2024-06-26 16:00:00,1.2623,1.2637399999999999,1.2615,1.26244,7246,12,0
2024-06-26 20:00:00,1.26242,1.26253,1.26185,1.26207,2602,12,0
2024-06-27 00:00:00,1.26205,1.26321,1.26123,1.26295,4842,12,0
2024-06-27 04:00:00,1.26294,1.26467,1.26287,1.26329,6438,12,0
2024-06-27 08:00:00,1.26326,1.26535,1.2625899999999999,1.2640799999999999,7885,12,0
2024-06-27 12:00:00,1.2641,1.267,1.26406,1.26506,12930,12,0
2024-06-27 16:00:00,1.2650299999999999,1.26554,1.26372,1.2638,6587,12,0
2024-06-27 20:00:00,1.26384,1.26452,1.26343,1.2643499999999999,2477,12,0
2024-06-28 00:00:00,1.2643499999999999,1.26463,1.2622200000000001,1.26294,6108,12,0
2024-06-28 04:00:00,1.26295,1.26495,1.26213,1.26426,6417,12,0
2024-06-28 08:00:00,1.2643,1.26578,1.26305,1.26417,8406,12,0
2024-06-28 12:00:00,1.26416,1.2665899999999999,1.2619099999999999,1.26362,16071,12,0
2024-06-28 16:00:00,1.26361,1.26535,1.26303,1.2640500000000001,7980,12,0
2024-06-28 20:00:00,1.26407,1.26456,1.26383,1.26443,1349,12,0
2024-06-30 20:00:00,1.26332,1.26506,1.26267,1.26479,2595,12,0
2024-07-01 00:00:00,1.26479,1.2665199999999999,1.26461,1.26556,5683,12,0
2024-07-01 04:00:00,1.26555,1.26887,1.26539,1.26632,8053,12,0
2024-07-01 08:00:00,1.26631,1.26795,1.2661,1.26763,8286,12,0
2024-07-01 12:00:00,1.26764,1.27105,1.26358,1.26459,13636,12,0
2024-07-01 16:00:00,1.26459,1.26573,1.26328,1.2643,6574,12,0
2024-07-01 20:00:00,1.26429,1.26512,1.26416,1.26447,2414,12,0
2024-07-02 00:00:00,1.26447,1.26471,1.26316,1.26338,4168,12,0
2024-07-02 04:00:00,1.26338,1.26392,1.26151,1.26242,6454,12,0
2024-07-02 08:00:00,1.26242,1.2652999999999999,1.26214,1.2652700000000001,7697,12,0
2024-07-02 12:00:00,1.26531,1.26844,1.2652999999999999,1.26748,12682,12,0
2024-07-02 16:00:00,1.2674699999999999,1.26872,1.26647,1.2687,5230,12,0
2024-07-02 20:00:00,1.26868,1.26906,1.26748,1.26867,2180,12,0
2024-07-03 00:00:00,1.26867,1.2692999999999999,1.2681,1.26858,4038,12,0
2024-07-03 04:00:00,1.26858,1.26973,1.2677800000000001,1.2692999999999999,5487,12,0
2024-07-03 08:00:00,1.2692700000000001,1.27077,1.26875,1.2705600000000001,6736,12,0
2024-07-03 12:00:00,1.27057,1.27769,1.27016,1.27629,12650,12,0
2024-07-03 16:00:00,1.27634,1.27653,1.27333,1.2739500000000001,5472,12,0
2024-07-03 20:00:00,1.2739500000000001,1.2747600000000001,1.27365,1.27469,2195,12,0
2024-07-04 00:00:00,1.27469,1.27531,1.27407,1.27416,3988,12,0
2024-07-04 04:00:00,1.27417,1.27531,1.27404,1.27528,5466,12,0
2024-07-04 08:00:00,1.27529,1.27631,1.27463,1.27522,6781,12,0
2024-07-04 12:00:00,1.27522,1.27673,1.27467,1.27597,6102,12,0
2024-07-04 16:00:00,1.27596,1.27625,1.2758099999999999,1.27607,1894,12,0
2024-07-04 20:00:00,1.2760799999999999,1.27611,1.27528,1.27546,2038,12,0
2024-07-05 00:00:00,1.27546,1.2771,1.27543,1.27706,5049,12,0
2024-07-05 04:00:00,1.27706,1.278,1.27625,1.27796,5692,12,0
2024-07-05 08:00:00,1.27798,1.2790599999999999,1.27731,1.27838,6104,12,0
2024-07-05 12:00:00,1.27839,1.28134,1.27617,1.2806,17181,12,0
2024-07-05 16:00:00,1.28061,1.28168,1.27956,1.2815400000000001,5958,12,0
2024-07-05 20:00:00,1.28159,1.28159,1.28133,1.28142,759,12,0
2024-07-07 20:00:00,1.27794,1.28137,1.27786,1.28051,2668,12,0
2024-07-08 00:00:00,1.28047,1.28183,1.28018,1.28137,5055,12,0
2024-07-08 04:00:00,1.28137,1.2816,1.27992,1.28135,6977,12,0
2024-07-08 08:00:00,1.28135,1.28322,1.28119,1.28318,8849,12,0
2024-07-08 12:00:00,1.2832,1.2845,1.28238,1.28254,8819,12,0
2024-07-08 16:00:00,1.2825,1.28262,1.28071,1.28094,4572,12,0
2024-07-08 20:00:00,1.28094,1.28152,1.28011,1.28149,2276,12,0
2024-07-09 00:00:00,1.28149,1.28164,1.27981,1.28044,4449,12,0
2024-07-09 04:00:00,1.28045,1.28121,1.27957,1.27973,5871,12,0
2024-07-09 08:00:00,1.27973,1.2824499999999999,1.27933,1.27991,7506,12,0
2024-07-09 12:00:00,1.27993,1.28209,1.27771,1.27841,12067,12,0
2024-07-09 16:00:00,1.27841,1.279,1.27776,1.27891,6348,12,0
2024-07-09 20:00:00,1.27892,1.27893,1.27812,1.27873,2193,12,0
2024-07-10 00:00:00,1.27873,1.27941,1.27837,1.27921,4337,12,0
2024-07-10 04:00:00,1.2792,1.28014,1.27878,1.27921,5176,12,0
2024-07-10 08:00:00,1.27919,1.28122,1.27888,1.28058,7269,12,0
2024-07-10 12:00:00,1.28057,1.28465,1.28044,1.28403,9796,12,0
2024-07-10 16:00:00,1.2840500000000001,1.28465,1.28341,1.28452,5421,12,0
2024-07-10 20:00:00,1.28451,1.28537,1.2844,1.28533,1786,12,0
2024-07-11 00:00:00,1.28534,1.28639,1.28488,1.28603,4075,12,0
2024-07-11 04:00:00,1.28604,1.2870300000000001,1.28543,1.28656,6063,12,0
2024-07-11 08:00:00,1.28656,1.28815,1.28655,1.28763,6956,12,0
2024-07-11 12:00:00,1.28762,1.2949,1.28685,1.29159,21020,12,0
2024-07-11 16:00:00,1.29159,1.29179,1.2898399999999999,1.29111,9066,12,0
2024-07-11 20:00:00,1.29109,1.2923499999999999,1.29065,1.29229,3588,12,0
2024-07-12 00:00:00,1.2923,1.29237,1.29017,1.2907,6106,12,0
2024-07-12 04:00:00,1.2907,1.29297,1.2902,1.2927,6518,12,0
2024-07-12 08:00:00,1.29273,1.29658,1.2927,1.2960099999999999,7960,12,0
2024-07-12 12:00:00,1.29604,1.29901,1.29311,1.29839,16364,12,0
2024-07-12 16:00:00,1.2983799999999999,1.299,1.29801,1.29855,6210,12,0
2024-07-12 20:00:00,1.29857,1.29888,1.29841,1.29884,597,12,0
2024-07-14 20:00:00,1.29578,1.29776,1.29541,1.29667,3013,3,0
2024-07-15 00:00:00,1.29667,1.29746,1.29611,1.29736,4497,12,0
2024-07-15 04:00:00,1.29736,1.29825,1.2962799999999999,1.29816,6737,12,0
2024-07-15 08:00:00,1.2981500000000001,1.29909,1.29687,1.2973,8329,12,0
2024-07-15 12:00:00,1.29732,1.29943,1.29669,1.29818,10604,12,0
2024-07-15 16:00:00,1.29818,1.29887,1.29615,1.29676,9727,12,0
2024-07-15 20:00:00,1.29677,1.29692,1.29552,1.29688,2736,7,0
2024-07-16 00:00:00,1.29688,1.29694,1.2961,1.29633,4734,12,0
2024-07-16 04:00:00,1.29633,1.2972299999999999,1.29509,1.29683,6630,12,0
2024-07-16 08:00:00,1.29684,1.29718,1.29546,1.29683,8887,12,0
2024-07-16 12:00:00,1.29683,1.29793,1.29378,1.29549,11793,12,0
2024-07-16 16:00:00,1.29554,1.29762,1.2948,1.2974,6298,12,0
2024-07-16 20:00:00,1.2974,1.29775,1.29671,1.29769,3131,12,0
2024-07-17 00:00:00,1.29771,1.2978100000000001,1.29663,1.29748,5086,12,0
2024-07-17 04:00:00,1.29748,1.30128,1.29656,1.30073,8863,12,0
2024-07-17 08:00:00,1.30076,1.3044,1.30065,1.30325,10720,12,0
2024-07-17 12:00:00,1.30325,1.3035700000000001,1.29986,1.30053,12356,12,0
2024-07-17 16:00:00,1.30048,1.3011599999999999,1.29984,1.30076,8001,12,0
2024-07-17 20:00:00,1.30075,1.30115,1.2998,1.30077,3300,12,0
2024-07-18 00:00:00,1.30075,1.30103,1.29986,1.3001800000000001,5417,12,0
2024-07-18 04:00:00,1.3001800000000001,1.30124,1.2983799999999999,1.29996,7894,12,0
2024-07-18 08:00:00,1.2999800000000001,1.30032,1.29771,1.29809,8001,12,0
2024-07-18 12:00:00,1.2981099999999999,1.29897,1.29681,1.2972000000000001,12519,12,0
2024-07-18 16:00:00,1.29718,1.29766,1.294,1.29451,8426,12,0
2024-07-18 20:00:00,1.29453,1.29505,1.2936,1.29488,3108,12,0
2024-07-19 00:00:00,1.29489,1.2949,1.29339,1.294,5407,12,0
2024-07-19 04:00:00,1.29401,1.29426,1.29238,1.29285,7156,12,0
2024-07-19 08:00:00,1.29287,1.2929300000000001,1.29004,1.29265,8818,12,0
2024-07-19 12:00:00,1.29267,1.29284,1.2911000000000001,1.29202,10436,12,0
2024-07-19 16:00:00,1.29202,1.29243,1.29061,1.29104,6609,12,0
2024-07-19 20:00:00,1.29105,1.29136,1.29084,1.29124,900,12,0
2024-07-21 20:00:00,1.28975,1.29386,1.28968,1.29317,2724,12,0
2024-07-22 00:00:00,1.29318,1.29329,1.29117,1.29222,4922,12,0
2024-07-22 04:00:00,1.29222,1.29308,1.29093,1.29236,8110,12,0
2024-07-22 08:00:00,1.2923499999999999,1.2941799999999999,1.29209,1.29242,7872,12,0
2024-07-22 12:00:00,1.29241,1.2929,1.29044,1.29081,9688,12,0
2024-07-22 16:00:00,1.29081,1.29288,1.29054,1.29284,5988,12,0
2024-07-22 20:00:00,1.29285,1.29342,1.29211,1.29302,2521,12,0
2024-07-23 00:00:00,1.29302,1.29344,1.29241,1.29299,5019,12,0
2024-07-23 04:00:00,1.293,1.29318,1.29107,1.29162,6248,12,0
2024-07-23 08:00:00,1.29157,1.29283,1.28871,1.29114,9077,12,0
2024-07-23 12:00:00,1.29112,1.29192,1.29035,1.29134,9987,12,0
2024-07-23 16:00:00,1.29135,1.29161,1.28997,1.29026,5448,12,0
2024-07-23 20:00:00,1.29027,1.29074,1.28992,1.29003,2533,12,0
2024-07-24 00:00:00,1.29003,1.2901500000000001,1.28861,1.2888899999999999,5133,12,0
2024-07-24 04:00:00,1.28888,1.29012,1.28819,1.28864,7477,12,0
2024-07-24 08:00:00,1.2886199999999999,1.29192,1.28772,1.29176,8825,12,0
2024-07-24 12:00:00,1.29178,1.29371,1.29142,1.2922,11259,12,0
2024-07-24 16:00:00,1.29222,1.2927,1.28989,1.29025,7543,12,0
2024-07-24 20:00:00,1.29023,1.29089,1.28966,1.28974,2858,12,0
2024-07-25 00:00:00,1.28976,1.2898399999999999,1.28857,1.2892700000000001,6646,12,0
2024-07-25 04:00:00,1.2892700000000001,1.28962,1.28736,1.28926,8220,12,0
2024-07-25 08:00:00,1.28925,1.2913000000000001,1.28697,1.28718,9828,12,0
2024-07-25 12:00:00,1.28718,1.28914,1.28594,1.28804,15969,12,0
2024-07-25 16:00:00,1.28809,1.2889300000000001,1.28519,1.28525,8246,12,0
2024-07-25 20:00:00,1.28525,1.28567,1.2842799999999999,1.2854700000000001,2933,12,0
2024-07-26 00:00:00,1.28551,1.28648,1.28535,1.28639,4738,12,0
2024-07-26 04:00:00,1.28638,1.28723,1.28562,1.28627,5836,12,0
2024-07-26 08:00:00,1.28631,1.28735,1.2859,1.2871000000000001,7633,12,0
2024-07-26 12:00:00,1.28711,1.28729,1.28495,1.28613,11150,12,0
2024-07-26 16:00:00,1.28612,1.28775,1.28607,1.2873299999999999,6506,12,0
2024-07-26 20:00:00,1.2873299999999999,1.28744,1.28643,1.28658,800,12,0
2024-07-28 20:00:00,1.28535,1.2871000000000001,1.28456,1.2866,2477,12,0
2024-07-29 00:00:00,1.2866,1.28878,1.28624,1.28802,5578,12,0
2024-07-29 04:00:00,1.28802,1.28811,1.28294,1.28325,6658,12,0
2024-07-29 08:00:00,1.28323,1.28458,1.28061,1.28266,9477,12,0
2024-07-29 12:00:00,1.28266,1.2856,1.28217,1.28492,9749,12,0
2024-07-29 16:00:00,1.28492,1.2867199999999999,1.28454,1.28646,6317,12,0
2024-07-29 20:00:00,1.2864499999999999,1.28657,1.28566,1.28592,2501,12,0
2024-07-30 00:00:00,1.28592,1.28592,1.28448,1.28545,4365,12,0
2024-07-30 04:00:00,1.28545,1.28596,1.28426,1.28509,5942,12,0
2024-07-30 08:00:00,1.28507,1.28641,1.28431,1.28445,6718,12,0
2024-07-30 12:00:00,1.28444,1.2846600000000001,1.28195,1.28277,10961,12,0
2024-07-30 16:00:00,1.28277,1.28388,1.2825199999999999,1.28315,7367,12,0
2024-07-30 20:00:00,1.28317,1.28413,1.28234,1.28372,3877,12,0
2024-07-31 00:00:00,1.28372,1.2852000000000001,1.2831299999999999,1.28402,7484,12,0
2024-07-31 04:00:00,1.284,1.28468,1.28262,1.28389,9166,12,0
2024-07-31 08:00:00,1.28384,1.28481,1.28202,1.28345,9700,12,0
2024-07-31 12:00:00,1.28345,1.28545,1.28294,1.28391,13934,12,0
2024-07-31 16:00:00,1.28389,1.28637,1.28206,1.28532,13559,12,0
2024-07-31 20:00:00,1.28534,1.28625,1.28498,1.2852299999999999,3808,12,0
2024-08-01 00:00:00,1.2852000000000001,1.286,1.28472,1.28524,7235,12,0
2024-08-01 04:00:00,1.28524,1.2858800000000001,1.27889,1.27918,8892,12,0
2024-08-01 08:00:00,1.2792,1.27992,1.27512,1.27922,12766,12,0
2024-08-01 12:00:00,1.27927,1.28391,1.27658,1.2767,15578,12,0
2024-08-01 16:00:00,1.27673,1.2776399999999999,1.27261,1.2741799999999999,10027,12,0
2024-08-01 20:00:00,1.27416,1.27417,1.27272,1.27274,4705,12,0
2024-08-02 00:00:00,1.27272,1.27286,1.2711999999999999,1.27204,7038,12,0
2024-08-02 04:00:00,1.27204,1.2739099999999999,1.27065,1.27128,9356,12,0
2024-08-02 08:00:00,1.27131,1.27503,1.2713,1.27409,10236,12,0
2024-08-02 12:00:00,1.27411,1.28397,1.27403,1.27968,22397,12,0
2024-08-02 16:00:00,1.2796699999999999,1.2812000000000001,1.27835,1.28085,10947,12,0
2024-08-02 20:00:00,1.28083,1.28105,1.27995,1.28043,1111,12,0
2024-08-04 20:00:00,1.2788,1.28085,1.27811,1.27867,4250,12,0
2024-08-05 00:00:00,1.27867,1.2802,1.27775,1.27996,12013,12,0
2024-08-05 04:00:00,1.27996,1.28122,1.271,1.27938,27163,12,0
2024-08-05 08:00:00,1.27939,1.28164,1.2726899999999999,1.27651,19927,12,0
2024-08-05 12:00:00,1.27657,1.27953,1.27457,1.2763499999999999,35530,12,0
2024-08-05 16:00:00,1.2763200000000001,1.2785,1.27436,1.27736,15116,12,0
2024-08-05 20:00:00,1.27734,1.27927,1.27636,1.27871,7195,12,0
2024-08-06 00:00:00,1.27875,1.28027,1.27773,1.27787,12326,12,0
2024-08-06 04:00:00,1.27787,1.27799,1.2733400000000001,1.27396,15265,12,0
2024-08-06 08:00:00,1.2739099999999999,1.2747,1.26792,1.26924,15779,12,0
2024-08-06 12:00:00,1.26929,1.27257,1.26723,1.2693699999999999,18991,12,0
2024-08-06 16:00:00,1.26938,1.27118,1.2684199999999999,1.26908,11467,12,0
2024-08-06 20:00:00,1.2691,1.26981,1.26746,1.26841,5293,12,0
2024-08-07 00:00:00,1.2683900000000001,1.27139,1.26811,1.27138,10406,12,0
2024-08-07 04:00:00,1.2713999999999999,1.27176,1.26867,1.26979,12173,12,0
2024-08-07 08:00:00,1.2698,1.27353,1.2692999999999999,1.27261,11482,12,0
2024-08-07 12:00:00,1.27265,1.27301,1.27068,1.27152,12938,12,0
2024-08-07 16:00:00,1.27152,1.27152,1.26828,1.2689300000000001,10819,12,0
2024-08-07 20:00:00,1.26892,1.26938,1.26779,1.26821,4535,12,0
2024-08-08 00:00:00,1.2682,1.27,1.2678,1.26987,7828,12,0
2024-08-08 04:00:00,1.26989,1.2713,1.26894,1.2699799999999999,10069,12,0
2024-08-08 08:00:00,1.27,1.27093,1.26643,1.26949,11130,12,0
2024-08-08 12:00:00,1.2695,1.27424,1.2664900000000001,1.27403,17895,8,0
2024-08-08 16:00:00,1.27403,1.27518,1.2730299999999999,1.27444,9630,12,0
2024-08-08 20:00:00,1.27444,1.27503,1.27376,1.2744900000000001,3844,12,0
2024-08-09 00:00:00,1.2744900000000001,1.2758099999999999,1.27375,1.27576,6142,12,0
2024-08-09 04:00:00,1.27576,1.27718,1.27475,1.27627,7862,12,0
2024-08-09 08:00:00,1.27627,1.27713,1.27289,1.27403,8295,12,0
2024-08-09 12:00:00,1.27405,1.27733,1.27255,1.27641,11779,8,0
2024-08-09 16:00:00,1.2764,1.27694,1.27534,1.27595,7114,12,0
2024-08-09 20:00:00,1.27593,1.27618,1.27548,1.2757399999999999,928,12,0
2024-08-11 20:00:00,1.27509,1.27606,1.27439,1.2748300000000001,2289,12,0
2024-08-12 00:00:00,1.27482,1.2763,1.27464,1.2757800000000001,4333,12,0
2024-08-12 04:00:00,1.2757800000000001,1.27819,1.27575,1.27685,6408,12,0
2024-08-12 08:00:00,1.27687,1.2772299999999999,1.27523,1.27691,7690,12,0
2024-08-12 12:00:00,1.27691,1.27933,1.2757800000000001,1.2772000000000001,11759,12,0
2024-08-12 16:00:00,1.2772000000000001,1.2772000000000001,1.27549,1.2768,7617,12,0
2024-08-12 20:00:00,1.27682,1.27705,1.27498,1.2770000000000001,2858,12,0
2024-08-13 00:00:00,1.2770000000000001,1.27773,1.27629,1.27733,3988,12,0
2024-08-13 04:00:00,1.27733,1.28124,1.27733,1.28085,7590,12,0
2024-08-13 08:00:00,1.28083,1.28086,1.27789,1.27916,8585,12,0
2024-08-13 12:00:00,1.27917,1.2837,1.27792,1.28264,13756,12,0
2024-08-13 16:00:00,1.28265,1.28725,1.2825,1.28655,8670,12,0
2024-08-13 20:00:00,1.28657,1.28681,1.28476,1.28648,3204,12,0
2024-08-14 00:00:00,1.28647,1.2868,1.28533,1.2855400000000001,5617,12,0
2024-08-14 04:00:00,1.28556,1.28626,1.28174,1.28383,8669,12,0
2024-08-14 08:00:00,1.28381,1.2852999999999999,1.28226,1.28477,7929,12,0
2024-08-14 12:00:00,1.2848,1.28635,1.28262,1.28474,14528,12,0
2024-08-14 16:00:00,1.28475,1.28482,1.28204,1.28268,6708,12,0
2024-08-14 20:00:00,1.28268,1.2831299999999999,1.28225,1.28241,3189,12,0
2024-08-15 00:00:00,1.2824,1.28336,1.28192,1.28332,4755,12,0
2024-08-15 04:00:00,1.28332,1.28573,1.28326,1.28499,6033,12,0
2024-08-15 08:00:00,1.28497,1.28634,1.284,1.28607,6402,12,0
2024-08-15 12:00:00,1.28609,1.28714,1.27983,1.28619,15985,8,0
2024-08-15 16:00:00,1.28621,1.28709,1.28477,1.28546,6722,12,0
2024-08-15 20:00:00,1.2854700000000001,1.28597,1.28499,1.28583,2794,12,0
2024-08-16 00:00:00,1.28585,1.28747,1.28568,1.28674,4417,12,0
2024-08-16 04:00:00,1.28674,1.2886,1.28658,1.28792,5970,12,0
2024-08-16 08:00:00,1.28793,1.291,1.28793,1.29082,7024,12,0
2024-08-16 12:00:00,1.29084,1.29139,1.2881,1.29046,7229,8,0
2024-08-16 16:00:00,1.29044,1.29454,1.2904,1.29441,3852,12,0
2024-08-16 20:00:00,1.2944,1.29456,1.29407,1.29441,457,12,0
2024-08-18 20:00:00,1.29276,1.29504,1.2925900000000001,1.29458,1382,12,0
2024-08-19 00:00:00,1.29457,1.296,1.29421,1.2953700000000001,3081,12,0
2024-08-19 04:00:00,1.29534,1.29684,1.29514,1.29644,5254,12,0
2024-08-19 08:00:00,1.29645,1.29749,1.29419,1.2956699999999999,5472,12,0
2024-08-19 12:00:00,1.29568,1.2996699999999999,1.29393,1.29793,8343,12,0
2024-08-19 16:00:00,1.29791,1.2995700000000001,1.29727,1.29894,4318,12,0
2024-08-19 20:00:00,1.29897,1.29935,1.29833,1.29887,1851,12,0
2024-08-20 00:00:00,1.29889,1.29928,1.29766,1.2978,3219,12,0
2024-08-20 04:00:00,1.2978100000000001,1.30036,1.29738,1.3002099999999999,4510,12,0
2024-08-20 08:00:00,1.30024,1.30152,1.29912,1.30073,6683,12,0
2024-08-20 12:00:00,1.30071,1.30518,1.30061,1.30253,11146,8,0
2024-08-20 16:00:00,1.30254,1.30351,1.3017,1.30322,5000,12,0
2024-08-20 20:00:00,1.30321,1.30354,1.30256,1.30334,2906,12,0
2024-08-21 00:00:00,1.3033299999999999,1.30378,1.30228,1.30267,3361,12,0
2024-08-21 04:00:00,1.30266,1.30309,1.301,1.3014700000000001,4927,12,0
2024-08-21 08:00:00,1.30152,1.30431,1.30122,1.30313,4879,12,0
2024-08-21 12:00:00,1.30316,1.30793,1.30266,1.30755,15558,12,0
2024-08-21 16:00:00,1.30753,1.31193,1.30713,1.30896,6868,12,0
2024-08-21 20:00:00,1.30898,1.30954,1.30803,1.30922,2191,12,0
2024-08-22 00:00:00,1.3092,1.30966,1.30819,1.30863,2730,12,0
2024-08-22 04:00:00,1.30862,1.31057,1.30805,1.30969,4349,12,0
2024-08-22 08:00:00,1.30971,1.31281,1.30927,1.31112,7815,12,0
2024-08-22 12:00:00,1.31113,1.313,1.30814,1.30934,11495,8,0
2024-08-22 16:00:00,1.30935,1.31017,1.30758,1.30843,5842,12,0
2024-08-22 20:00:00,1.30841,1.30975,1.30839,1.30964,1969,12,0
2024-08-23 00:00:00,1.30961,1.31071,1.30912,1.31022,3159,12,0
2024-08-23 04:00:00,1.3102,1.31251,1.3102,1.31168,4103,12,0
2024-08-23 08:00:00,1.31169,1.31364,1.31105,1.31213,5676,12,0
2024-08-23 12:00:00,1.31209,1.32301,1.31081,1.31939,19594,8,0
2024-08-23 16:00:00,1.31941,1.32205,1.31742,1.32095,8757,12,0
2024-08-23 20:00:00,1.32092,1.32188,1.32057,1.32163,1233,12,0
2024-08-25 20:00:00,1.32039,1.32151,1.31985,1.32139,1939,10,0
2024-08-26 00:00:00,1.3214000000000001,1.3222,1.32015,1.32023,3727,10,0
2024-08-26 04:00:00,1.32025,1.32095,1.31893,1.31944,4513,10,0
2024-08-26 08:00:00,1.31947,1.32053,1.3179400000000001,1.3189,5632,10,0
2024-08-26 12:00:00,1.31887,1.32089,1.31799,1.31844,11085,7,0
2024-08-26 16:00:00,1.31841,1.3207,1.3180100000000001,1.31847,5013,10,0
2024-08-26 20:00:00,1.31849,1.3192599999999999,1.31802,1.31913,2163,10,0
2024-08-27 00:00:00,1.31915,1.31948,1.3179400000000001,1.31903,2604,10,0
2024-08-27 04:00:00,1.319,1.32154,1.31893,1.31998,5426,10,0
2024-08-27 08:00:00,1.31994,1.32465,1.31978,1.32202,7770,10,0
2024-08-27 12:00:00,1.3220399999999999,1.32419,1.32031,1.32336,11446,7,0
2024-08-27 16:00:00,1.32337,1.32649,1.3226200000000001,1.32622,5680,10,0
2024-08-27 20:00:00,1.3262,1.32659,1.32519,1.32549,2799,10,0
2024-08-28 00:00:00,1.3255,1.3260100000000001,1.32419,1.32477,3337,10,0
2024-08-28 04:00:00,1.32476,1.32491,1.32166,1.32311,5481,10,0
2024-08-28 08:00:00,1.32313,1.32431,1.32057,1.32093,7971,10,0
2024-08-28 12:00:00,1.32095,1.323,1.31895,1.31998,12408,10,0
2024-08-28 16:00:00,1.31993,1.31993,1.31669,1.31839,6424,10,0
2024-08-28 20:00:00,1.3184,1.3194,1.3182800000000001,1.31925,2245,10,0
2024-08-29 00:00:00,1.3192599999999999,1.3211300000000001,1.3192599999999999,1.32068,3151,10,0
2024-08-29 04:00:00,1.3207,1.32267,1.32051,1.3219699999999999,5716,10,0
2024-08-29 08:00:00,1.32196,1.32196,1.31681,1.31847,11130,10,0
2024-08-29 12:00:00,1.31845,1.31848,1.31447,1.31842,15730,7,0
2024-08-29 16:00:00,1.31843,1.319,1.3163,1.31654,8413,10,0
2024-08-29 20:00:00,1.31659,1.3171,1.3158400000000001,1.31646,3165,10,0
2024-08-30 00:00:00,1.3165,1.3171300000000001,1.31615,1.3163,4799,10,0
2024-08-30 04:00:00,1.3163,1.3197999999999999,1.31596,1.31901,6984,10,0
2024-08-30 08:00:00,1.319,1.31997,1.3168199999999999,1.31786,8760,10,0
2024-08-30 12:00:00,1.31788,1.3186499999999999,1.3124799999999999,1.31305,19210,10,0
2024-08-30 16:00:00,1.31305,1.31338,1.3109199999999999,1.3131599999999999,9631,10,0
2024-08-30 20:00:00,1.31312,1.31357,1.3125200000000001,1.3127,1572,10,0
2024-09-01 20:00:00,1.31234,1.31331,1.31132,1.31294,2019,10,0
2024-09-02 00:00:00,1.31294,1.31376,1.3119399999999999,1.31276,4921,10,0
2024-09-02 04:00:00,1.3127499999999999,1.31453,1.31219,1.31341,6077,10,0
2024-09-02 08:00:00,1.31341,1.31459,1.31267,1.31292,7812,10,0
2024-09-02 12:00:00,1.3129,1.31548,1.31289,1.31446,7274,10,0
2024-09-02 16:00:00,1.31447,1.31468,1.31355,1.31455,1753,10,0
2024-09-02 20:00:00,1.31455,1.31491,1.31373,1.31395,2041,10,0
2024-09-03 00:00:00,1.31395,1.3146900000000001,1.31271,1.3128600000000001,5979,10,0
2024-09-03 04:00:00,1.31287,1.31393,1.31083,1.3121800000000001,8846,10,0
2024-09-03 08:00:00,1.31215,1.3128,1.31091,1.31215,11202,10,0
2024-09-03 12:00:00,1.31216,1.31459,1.30877,1.31022,18256,10,0
2024-09-03 16:00:00,1.31022,1.31076,1.3087,1.3106900000000001,8590,10,0
2024-09-03 20:00:00,1.31073,1.31164,1.3104,1.31121,3776,10,0
2024-09-04 00:00:00,1.31119,1.31148,1.3101099999999999,1.31107,6479,10,0
2024-09-04 04:00:00,1.31103,1.31203,1.31002,1.31151,8151,10,0
2024-09-04 08:00:00,1.31148,1.31271,1.31087,1.31192,8982,10,0
2024-09-04 12:00:00,1.31192,1.31748,1.3106,1.31411,15863,10,0
2024-09-04 16:00:00,1.3140800000000001,1.31527,1.31266,1.3143500000000001,9284,10,0
2024-09-04 20:00:00,1.3143500000000001,1.3149,1.3140800000000001,1.31434,4894,10,0
2024-09-05 00:00:00,1.31437,1.31562,1.31405,1.31468,5416,10,0
2024-09-05 04:00:00,1.31467,1.31564,1.31364,1.31475,7205,10,0
2024-09-05 08:00:00,1.31474,1.31732,1.3144,1.3159399999999999,9176,10,0
2024-09-05 12:00:00,1.31596,1.3179699999999999,1.31509,1.31638,18217,7,0
2024-09-05 16:00:00,1.31636,1.31851,1.3163,1.31708,9472,10,0
2024-09-05 20:00:00,1.3170600000000001,1.31817,1.31701,1.31753,3494,10,0
2024-09-06 00:00:00,1.31753,1.31815,1.31724,1.3176700000000001,4574,10,0
2024-09-06 04:00:00,1.3176700000000001,1.31928,1.3171300000000001,1.31813,7608,10,0
2024-09-06 08:00:00,1.31813,1.31839,1.3159399999999999,1.31763,8569,10,0
2024-09-06 12:00:00,1.31764,1.32379,1.31264,1.31322,36543,10,0
2024-09-06 16:00:00,1.31319,1.31389,1.31093,1.31328,13546,10,0
2024-09-06 20:00:00,1.3133,1.31339,1.3128199999999999,1.3129,2311,10,0
2024-09-08 20:00:00,1.31135,1.31378,1.3113000000000001,1.3131,2735,10,0
2024-09-09 00:00:00,1.31312,1.3142800000000001,1.31287,1.31302,6302,10,0
2024-09-09 04:00:00,1.31302,1.31326,1.30905,1.31048,8243,10,0
2024-09-09 08:00:00,1.31048,1.31078,1.3072300000000001,1.30869,9114,10,0
2024-09-09 12:00:00,1.30869,1.3100399999999999,1.3067,1.3081800000000001,12068,10,0
2024-09-09 16:00:00,1.3081800000000001,1.31017,1.30719,1.30732,8374,10,0
2024-09-09 20:00:00,1.30728,1.30766,1.30688,1.3070599999999999,3271,10,0
2024-09-10 00:00:00,1.30705,1.30738,1.30572,1.30721,4674,10,0
2024-09-10 04:00:00,1.30721,1.31074,1.30709,1.30892,7557,10,0
2024-09-10 08:00:00,1.30893,1.31042,1.30781,1.30891,8503,10,0
2024-09-10 12:00:00,1.30891,1.30945,1.3048899999999999,1.30641,13116,10,0
2024-09-10 16:00:00,1.30641,1.30863,1.30556,1.3085,8972,10,0
2024-09-10 20:00:00,1.30849,1.3085499999999999,1.30707,1.3079100000000001,4053,10,0
2024-09-11 00:00:00,1.3079,1.3097400000000001,1.30697,1.30935,6756,10,0
2024-09-11 04:00:00,1.30933,1.31112,1.30771,1.30823,8844,10,0
2024-09-11 08:00:00,1.30824,1.30975,1.30743,1.30911,8744,10,0
2024-09-11 12:00:00,1.30912,1.3093,1.30015,1.3023,21864,7,0
2024-09-11 16:00:00,1.30227,1.30494,1.30198,1.3043,9384,10,0
2024-09-11 20:00:00,1.30433,1.30453,1.30374,1.30374,3423,10,0
2024-09-12 00:00:00,1.30374,1.30429,1.30315,1.30426,5052,10,0
2024-09-12 04:00:00,1.30426,1.30562,1.30369,1.30386,6209,10,0
2024-09-12 08:00:00,1.30383,1.3060100000000001,1.3032,1.3038,8767,10,0
2024-09-12 12:00:00,1.3038,1.30841,1.3037,1.30798,17011,7,0
2024-09-12 16:00:00,1.30798,1.31195,1.3079399999999999,1.31181,10971,10,0
2024-09-12 20:00:00,1.31179,1.31321,1.31144,1.31319,3617,10,0
2024-09-13 00:00:00,1.31319,1.3149600000000001,1.31305,1.31483,6428,10,0
2024-09-13 04:00:00,1.31486,1.31503,1.31241,1.31456,7811,10,0
2024-09-13 08:00:00,1.31455,1.3152,1.3115700000000001,1.31216,10126,10,0
2024-09-13 12:00:00,1.31215,1.31576,1.31144,1.31392,14508,7,0
2024-09-13 16:00:00,1.3139,1.31393,1.31174,1.31235,7935,10,0
2024-09-13 20:00:00,1.31233,1.31267,1.31217,1.3124,2066,10,0
2024-09-15 20:00:00,1.31152,1.31365,1.31106,1.31345,2286,10,0
2024-09-16 00:00:00,1.31345,1.31628,1.31345,1.3159399999999999,4807,10,0
2024-09-16 04:00:00,1.3159100000000001,1.31735,1.31519,1.31702,6590,10,0
2024-09-16 08:00:00,1.31705,1.32037,1.3169,1.31995,9502,10,0
2024-09-16 12:00:00,1.31996,1.32138,1.3187,1.32005,12008,10,0
2024-09-16 16:00:00,1.32005,1.32134,1.31941,1.32121,6818,10,0
2024-09-16 20:00:00,1.32122,1.32179,1.3204500000000001,1.32095,3318,10,0
2024-09-17 00:00:00,1.32096,1.3211300000000001,1.31998,1.3202,4710,10,0
2024-09-17 04:00:00,1.32019,1.32185,1.31977,1.3216999999999999,6517,10,0
2024-09-17 08:00:00,1.32168,1.32294,1.32064,1.3220100000000001,9079,10,0
2024-09-17 12:00:00,1.3220100000000001,1.32245,1.31579,1.3163,18071,8,0
2024-09-17 16:00:00,1.31627,1.31687,1.31454,1.3162,9749,10,0
2024-09-17 20:00:00,1.31622,1.31678,1.31521,1.31669,3419,10,0
2024-09-18 00:00:00,1.31666,1.31718,1.31609,1.31646,5388,10,0
2024-09-18 04:00:00,1.3164799999999999,1.31992,1.31559,1.31978,8100,10,0
2024-09-18 08:00:00,1.3197999999999999,1.32268,1.31943,1.32101,9507,10,0
2024-09-18 12:00:00,1.32102,1.32537,1.31944,1.31978,12945,8,0
2024-09-18 16:00:00,1.31973,1.32973,1.31747,1.31876,41908,10,0
2024-09-18 20:00:00,1.31873,1.32178,1.31854,1.32027,10658,10,0
2024-09-19 00:00:00,1.32029,1.3213300000000001,1.31528,1.32102,12252,10,0
2024-09-19 04:00:00,1.32104,1.3258,1.32002,1.32467,12397,10,0
2024-09-19 08:00:00,1.32465,1.33141,1.32443,1.32846,16353,10,0
2024-09-19 12:00:00,1.32849,1.3290600000000001,1.32192,1.3278400000000001,21055,8,0
2024-09-19 16:00:00,1.32786,1.32891,1.32733,1.32815,10643,10,0
2024-09-19 20:00:00,1.32813,1.3286,1.32759,1.32806,3491,10,0
2024-09-20 00:00:00,1.32805,1.33012,1.32715,1.32938,7403,10,0
2024-09-20 04:00:00,1.3294000000000001,1.33398,1.32863,1.33121,11779,10,0
2024-09-20 08:00:00,1.3311899999999999,1.33167,1.32803,1.32995,11049,10,0
2024-09-20 12:00:00,1.3299400000000001,1.33228,1.32677,1.33036,17694,10,0
2024-09-20 16:00:00,1.33038,1.3331,1.33018,1.33155,11881,10,0
2024-09-20 20:00:00,1.33158,1.33232,1.33129,1.33215,3104,10,0
2024-09-22 20:00:00,1.33009,1.33225,1.33007,1.33118,2538,10,0
2024-09-23 00:00:00,1.33117,1.33196,1.33075,1.33091,5164,10,0
2024-09-23 04:00:00,1.3309,1.33201,1.32596,1.32619,10167,10,0
2024-09-23 08:00:00,1.32617,1.33185,1.32481,1.33121,12378,10,0
2024-09-23 12:00:00,1.33121,1.33592,1.32993,1.33501,17398,8,0
2024-09-23 16:00:00,1.33503,1.33538,1.33368,1.33465,9803,10,0
2024-09-23 20:00:00,1.33469,1.33501,1.3336299999999999,1.3348200000000001,3586,10,0
2024-09-24 00:00:00,1.3348200000000001,1.33568,1.33396,1.33524,7795,10,0
2024-09-24 04:00:00,1.33524,1.3366,1.33314,1.33488,12221,10,0
2024-09-24 08:00:00,1.33488,1.3382800000000001,1.33484,1.3369900000000001,11422,10,0
2024-09-24 12:00:00,1.33698,1.33983,1.33673,1.33748,16214,8,0
2024-09-24 16:00:00,1.33751,1.3415,1.33749,1.34145,9391,10,0
2024-09-24 20:00:00,1.34146,1.34275,1.34088,1.34265,3796,10,0
2024-09-25 00:00:00,1.34265,1.34294,1.3410199999999999,1.34223,7677,10,0
2024-09-25 04:00:00,1.3422399999999999,1.34232,1.33822,1.3388900000000001,10020,10,0
2024-09-25 08:00:00,1.33887,1.33936,1.33633,1.33754,12355,10,0
2024-09-25 12:00:00,1.33752,1.3412,1.33344,1.33374,19272,8,0
2024-09-25 16:00:00,1.33373,1.33417,1.33121,1.33156,12883,10,0
2024-09-25 20:00:00,1.33154,1.33231,1.3312,1.33134,4310,10,0
2024-09-26 00:00:00,1.33132,1.33402,1.3312,1.33385,6315,10,0
2024-09-26 04:00:00,1.33385,1.33576,1.33338,1.33436,9066,10,0
2024-09-26 08:00:00,1.33433,1.33888,1.3333599999999999,1.3373599999999999,12904,10,0
2024-09-26 12:00:00,1.33737,1.34341,1.33504,1.34279,24555,8,0
2024-09-26 16:00:00,1.34277,1.34277,1.34045,1.34143,12970,10,0
2024-09-26 20:00:00,1.34143,1.34155,1.34053,1.34104,4761,10,0
2024-09-27 00:00:00,1.34103,1.34105,1.33845,1.33925,7439,10,0
2024-09-27 04:00:00,1.33925,1.33963,1.33602,1.33667,14055,10,0
2024-09-27 08:00:00,1.3367,1.33972,1.33593,1.33877,11463,10,0
2024-09-27 12:00:00,1.33876,1.34271,1.33799,1.33933,20646,8,0
2024-09-27 16:00:00,1.33933,1.33959,1.3372,1.33762,12615,10,0
2024-09-27 20:00:00,1.33758,1.33768,1.33689,1.33721,2576,10,0
2024-09-29 20:00:00,1.33678,1.33836,1.33651,1.3382,2161,10,0
2024-09-30 00:00:00,1.3382,1.33891,1.33731,1.33837,7626,10,0
2024-09-30 04:00:00,1.33837,1.33987,1.33738,1.33981,9759,10,0
2024-09-30 08:00:00,1.33981,1.34225,1.33854,1.34022,12902,10,0
2024-09-30 12:00:00,1.3402,1.34168,1.33598,1.33969,19702,10,0
2024-09-30 16:00:00,1.33969,1.34077,1.3349199999999999,1.33707,17190,10,0
2024-09-30 20:00:00,1.33709,1.3382100000000001,1.33662,1.33768,4116,10,0
2024-10-01 00:00:00,1.3377,1.33894,1.33686,1.3370199999999999,8234,10,0
2024-10-01 04:00:00,1.3370199999999999,1.33847,1.33339,1.33382,12851,10,0
2024-10-01 08:00:00,1.33384,1.33488,1.33105,1.33199,14704,10,0
2024-10-01 12:00:00,1.33199,1.33278,1.32632,1.32789,27439,8,0
2024-10-01 16:00:00,1.32788,1.3289900000000001,1.32367,1.32802,17113,10,0
2024-10-01 20:00:00,1.32806,1.32864,1.32715,1.32734,4959,10,0
2024-10-02 00:00:00,1.32738,1.32955,1.32737,1.32852,7196,10,0
2024-10-02 04:00:00,1.32853,1.33003,1.32599,1.32873,11854,10,0
2024-10-02 08:00:00,1.3287,1.3305,1.32745,1.32928,11452,10,0
2024-10-02 12:00:00,1.32931,1.32958,1.32453,1.32698,17086,8,0
2024-10-02 16:00:00,1.327,1.3277999999999999,1.32579,1.32707,9977,10,0
2024-10-02 20:00:00,1.32706,1.32768,1.32589,1.32622,4302,10,0
2024-10-03 00:00:00,1.3262,1.32649,1.32457,1.32501,8471,10,0
2024-10-03 04:00:00,1.3250199999999999,1.3252,1.3148,1.31542,18480,10,0
2024-10-03 08:00:00,1.31544,1.3155700000000001,1.30921,1.31125,16433,10,0
2024-10-03 12:00:00,1.3112300000000001,1.31263,1.30914,1.31113,26403,8,0
2024-10-03 16:00:00,1.31113,1.31315,1.311,1.31208,10465,10,0
2024-10-03 20:00:00,1.31206,1.31315,1.3118,1.3128,3843,10,0
2024-10-04 00:00:00,1.3127900000000001,1.31352,1.31229,1.31278,7875,10,0
2024-10-04 04:00:00,1.31278,1.3167,1.3123,1.31581,11440,10,0
2024-10-04 08:00:00,1.31583,1.31738,1.31442,1.31691,12266,10,0
2024-10-04 12:00:00,1.31691,1.31745,1.30689,1.31056,28156,8,0
2024-10-04 16:00:00,1.31056,1.31285,1.30953,1.31261,10990,10,0
2024-10-04 20:00:00,1.31263,1.31292,1.31171,1.31251,3459,10,0
2024-10-06 20:00:00,1.31013,1.31246,1.31006,1.3122500000000001,3375,10,0
2024-10-07 00:00:00,1.3122500000000001,1.31344,1.31182,1.31288,8882,10,0
2024-10-07 04:00:00,1.31292,1.31307,1.3099,1.31116,11221,10,0
2024-10-07 08:00:00,1.31119,1.31164,1.3059,1.30815,14393,10,0
2024-10-07 12:00:00,1.3081800000000001,1.30938,1.30659,1.3079399999999999,17343,10,0
2024-10-07 16:00:00,1.3079100000000001,1.30962,1.30685,1.3082,9008,10,0
2024-10-07 20:00:00,1.30822,1.30878,1.30779,1.30838,4197,10,0
2024-10-08 00:00:00,1.30837,1.31032,1.30837,1.30923,9956,10,0
2024-10-08 04:00:00,1.30924,1.3103,1.30634,1.3101099999999999,11492,10,0
2024-10-08 08:00:00,1.31014,1.3107,1.30857,1.31048,11729,10,0
2024-10-08 12:00:00,1.31048,1.3113000000000001,1.30804,1.3092,14749,10,0
2024-10-08 16:00:00,1.30918,1.3100399999999999,1.30755,1.30993,9370,10,0
2024-10-08 20:00:00,1.30995,1.31051,1.30927,1.30929,4476,10,0
2024-10-09 00:00:00,1.30927,1.3102800000000001,1.3082500000000001,1.30849,8294,10,0
2024-10-09 04:00:00,1.30849,1.31014,1.30552,1.30824,13249,10,0
2024-10-09 08:00:00,1.30822,1.30953,1.30675,1.30838,10783,10,0
2024-10-09 12:00:00,1.30841,1.30888,1.3065,1.3078400000000001,13446,10,0
2024-10-09 16:00:00,1.30781,1.30781,1.30617,1.30639,8935,10,0
2024-10-09 20:00:00,1.3064,1.30749,1.30593,1.3066200000000001,4024,10,0
2024-10-10 00:00:00,1.30663,1.30775,1.3064200000000001,1.30753,7451,10,0
2024-10-10 04:00:00,1.30753,1.30885,1.30673,1.30829,8631,10,0
2024-10-10 08:00:00,1.30832,1.30934,1.30658,1.30663,10611,10,0
2024-10-10 12:00:00,1.3066499999999999,1.30891,1.30217,1.30517,28336,8,0
2024-10-10 16:00:00,1.30521,1.30591,1.30215,1.30548,12445,10,0
2024-10-10 20:00:00,1.30553,1.3064,1.30521,1.3061,3624,10,0
2024-10-11 00:00:00,1.30609,1.3066200000000001,1.30514,1.30544,5707,10,0
2024-10-11 04:00:00,1.30544,1.30747,1.30411,1.30742,8019,10,0
2024-10-11 08:00:00,1.30743,1.3081,1.30511,1.30605,8948,10,0
2024-10-11 12:00:00,1.30607,1.30829,1.30544,1.3069,16034,8,0
2024-10-11 16:00:00,1.30688,1.30779,1.30637,1.30646,6470,10,0
2024-10-11 20:00:00,1.30641,1.30714,1.30622,1.30679,2642,10,0
2024-10-13 20:00:00,1.30575,1.30658,1.30461,1.3048,2452,10,0
2024-10-14 00:00:00,1.3048,1.30622,1.30401,1.30588,8017,10,0
2024-10-14 04:00:00,1.30587,1.30715,1.30556,1.30613,7530,10,0
2024-10-14 08:00:00,1.30613,1.30677,1.30368,1.30383,10600,10,0
2024-10-14 12:00:00,1.30381,1.30597,1.30294,1.3049,14200,10,0
2024-10-14 16:00:00,1.30488,1.30609,1.30414,1.3054700000000001,7684,10,0
2024-10-14 20:00:00,1.30545,1.3067199999999999,1.30535,1.3066499999999999,3558,10,0
2024-10-15 00:00:00,1.3066499999999999,1.30684,1.30533,1.3054000000000001,6466,10,0
2024-10-15 04:00:00,1.3054000000000001,1.30736,1.3035,1.30728,10972,10,0
2024-10-15 08:00:00,1.30728,1.30963,1.30667,1.30756,10442,10,0
2024-10-15 12:00:00,1.30761,1.31023,1.30736,1.30817,15204,8,0
2024-10-15 16:00:00,1.3081800000000001,1.3084799999999999,1.306,1.3067199999999999,7849,10,0
2024-10-15 20:00:00,1.30667,1.30754,1.30625,1.30645,4519,10,0
2024-10-16 00:00:00,1.30645,1.30769,1.30594,1.30705,6650,10,0
2024-10-16 04:00:00,1.30704,1.3076400000000001,1.29818,1.30005,14294,10,0
2024-10-16 08:00:00,1.30005,1.3032,1.29911,1.30304,12002,10,0
2024-10-16 12:00:00,1.3030599999999999,1.30371,1.29953,1.29989,12483,8,0
2024-10-16 16:00:00,1.2999,1.30053,1.29764,1.29816,7125,10,0
2024-10-16 20:00:00,1.29817,1.2991,1.29809,1.29909,3639,10,0
2024-10-17 00:00:00,1.29907,1.3001,1.29802,1.29861,8620,10,0
2024-10-17 04:00:00,1.29863,1.29926,1.29732,1.29837,9205,10,0
2024-10-17 08:00:00,1.29836,1.3017,1.29746,1.3014999999999999,10234,10,0
2024-10-17 12:00:00,1.30151,1.30228,1.29791,1.30071,22389,8,0
2024-10-17 16:00:00,1.30072,1.30149,1.29983,1.30124,8681,10,0
2024-10-17 20:00:00,1.30124,1.30164,1.30058,1.3014000000000001,3260,10,0
2024-10-18 00:00:00,1.30141,1.30261,1.30104,1.30205,8055,10,0
2024-10-18 04:00:00,1.30203,1.3070599999999999,1.30191,1.30517,10503,10,0
2024-10-18 08:00:00,1.3052000000000001,1.30531,1.30338,1.3044799999999999,11380,10,0
2024-10-18 12:00:00,1.3045,1.30663,1.30194,1.3021099999999999,13323,8,0
2024-10-18 16:00:00,1.3021099999999999,1.3045499999999999,1.30196,1.30422,8205,10,0
2024-10-18 20:00:00,1.3042,1.30512,1.30409,1.30511,1743,10,0
2024-10-20 20:00:00,1.30378,1.30555,1.3030300000000001,1.30512,2633,10,0
2024-10-21 00:00:00,1.30514,1.30531,1.30415,1.30498,7699,10,0
2024-10-21 04:00:00,1.30497,1.30498,1.30193,1.30217,8268,10,0
2024-10-21 08:00:00,1.30216,1.3033000000000001,1.30115,1.30187,9226,10,0
2024-10-21 12:00:00,1.30185,1.3033000000000001,1.29792,1.29794,12732,10,0
2024-10-21 16:00:00,1.29792,1.2991,1.29764,1.29837,7376,10,0
2024-10-21 20:00:00,1.29836,1.29853,1.29779,1.29822,3461,10,0
2024-10-22 00:00:00,1.29823,1.2995,1.29793,1.29946,7285,10,0
2024-10-22 04:00:00,1.29947,1.30144,1.2993000000000001,1.3008899999999999,8487,10,0
2024-10-22 08:00:00,1.3008600000000001,1.30101,1.2965200000000001,1.29787,9927,10,0
2024-10-22 12:00:00,1.29787,1.29847,1.29441,1.29679,14322,10,0
2024-10-22 16:00:00,1.29676,1.2984,1.29653,1.29826,7361,10,0
2024-10-22 20:00:00,1.29824,1.29881,1.29775,1.29803,3481,10,0
2024-10-23 00:00:00,1.298,1.29912,1.29707,1.29849,7842,10,0
2024-10-23 04:00:00,1.29849,1.29944,1.2962099999999999,1.29635,8600,10,0
2024-10-23 08:00:00,1.29633,1.29885,1.29495,1.29507,8917,10,0
2024-10-23 12:00:00,1.29508,1.29613,1.29345,1.2943500000000001,12688,10,0
2024-10-23 16:00:00,1.29434,1.2947600000000001,1.2906900000000001,1.29322,8756,10,0
2024-10-23 20:00:00,1.29322,1.2933,1.29068,1.2915,3551,10,0
2024-10-24 00:00:00,1.29153,1.29282,1.2911299999999999,1.29248,6997,10,0
2024-10-24 04:00:00,1.29247,1.29681,1.29236,1.29615,10168,10,0
2024-10-24 08:00:00,1.29615,1.2981099999999999,1.2948,1.2972299999999999,11080,10,0
2024-10-24 12:00:00,1.2972299999999999,1.29878,1.2953299999999999,1.29629,14317,8,0
2024-10-24 16:00:00,1.29627,1.29775,1.2947600000000001,1.29749,8090,10,0
2024-10-24 20:00:00,1.29752,1.29772,1.29669,1.2971,3047,10,0
2024-10-25 00:00:00,1.29714,1.29734,1.29605,1.29627,7169,10,0
2024-10-25 04:00:00,1.29627,1.29764,1.29553,1.29701,7886,10,0
2024-10-25 08:00:00,1.29697,1.2992,1.29681,1.29863,7887,10,0
2024-10-25 12:00:00,1.29861,1.29982,1.29763,1.2977,11144,8,0
2024-10-25 16:00:00,1.2977,1.29796,1.29579,1.29593,8070,10,0
2024-10-25 20:00:00,1.29593,1.29624,1.29578,1.29609,2321,10,0
2024-10-27 20:00:00,1.29494,1.29634,1.29494,1.29573,2702,10,0
2024-10-28 00:00:00,1.2957,1.29632,1.29421,1.29425,8491,10,0
2024-10-28 04:00:00,1.29424,1.2971599999999999,1.2939,1.29698,7729,10,0
2024-10-28 08:00:00,1.29697,1.29938,1.29597,1.29909,10179,10,0
2024-10-28 12:00:00,1.29907,1.30014,1.29778,1.29798,11736,10,0
2024-10-28 16:00:00,1.29797,1.29882,1.29673,1.29733,9008,10,0
2024-10-28 20:00:00,1.29735,1.29755,1.29642,1.2974,3117,10,0
2024-10-29 00:00:00,1.29741,1.29768,1.29575,1.296,7566,10,0
2024-10-29 04:00:00,1.2960099999999999,1.29738,1.29577,1.29704,7360,10,0
2024-10-29 08:00:00,1.29702,1.29924,1.29692,1.29853,10771,10,0
2024-10-29 12:00:00,1.29853,1.30069,1.29666,1.30036,17833,8,0
2024-10-29 16:00:00,1.30039,1.3011300000000001,1.29893,1.30054,10261,10,0
2024-10-29 20:00:00,1.30053,1.30164,1.30005,1.30108,3959,10,0
2024-10-30 00:00:00,1.30107,1.30199,1.2995999999999999,1.29986,7591,10,0
2024-10-30 04:00:00,1.29986,1.30132,1.29951,1.30081,7437,10,0
2024-10-30 08:00:00,1.30081,1.30267,1.2962099999999999,1.29708,13893,10,0
2024-10-30 12:00:00,1.29705,1.30429,1.29364,1.30112,23660,8,0
2024-10-30 16:00:00,1.30109,1.30179,1.29667,1.29699,11448,10,0
2024-10-30 20:00:00,1.29695,1.29702,1.2953700000000001,1.29579,4803,10,0
2024-10-31 00:00:00,1.29579,1.29596,1.29421,1.29493,7173,10,0
2024-10-31 04:00:00,1.29492,1.2999,1.29459,1.29951,8111,10,0
2024-10-31 08:00:00,1.29948,1.29995,1.29577,1.29779,11916,10,0
2024-10-31 12:00:00,1.29779,1.29976,1.28429,1.28553,29559,8,0
2024-10-31 16:00:00,1.28549,1.28936,1.28544,1.28915,15167,10,0
2024-10-31 20:00:00,1.28913,1.29024,1.28849,1.28963,3767,10,0
2024-11-01 00:00:00,1.28963,1.2902,1.28882,1.2898100000000001,7364,10,0
2024-11-01 04:00:00,1.2898100000000001,1.29026,1.2884,1.28976,7349,10,0
2024-11-01 08:00:00,1.28973,1.2922500000000001,1.28874,1.2919399999999999,10635,10,0
2024-11-01 12:00:00,1.29192,1.29798,1.2916,1.2959,21851,8,0
2024-11-01 16:00:00,1.29586,1.2962500000000001,1.29196,1.29202,10649,10,0
2024-11-01 20:00:00,1.29202,1.29224,1.29156,1.29195,2336,10,0
2024-11-03 20:00:00,1.29667,1.29668,1.29484,1.29517,2757,10,0
2024-11-04 00:00:00,1.29519,1.29983,1.29508,1.29927,8668,10,0
2024-11-04 04:00:00,1.29926,1.29968,1.29687,1.29694,7876,10,0
2024-11-04 08:00:00,1.29699,1.29827,1.29449,1.29767,12203,10,0
2024-11-04 12:00:00,1.29764,1.29931,1.29588,1.29803,14925,8,0
2024-11-04 16:00:00,1.29804,1.2981099999999999,1.29338,1.29534,11974,10,0
2024-11-04 20:00:00,1.29532,1.29586,1.29489,1.2953700000000001,4396,10,0
2024-11-05 00:00:00,1.2953700000000001,1.29616,1.29474,1.29532,6304,10,0
2024-11-05 04:00:00,1.29531,1.29813,1.29523,1.29764,6733,10,0
2024-11-05 08:00:00,1.29766,1.29941,1.29706,1.29904,8222,10,0
2024-11-05 12:00:00,1.29908,1.30205,1.29783,1.30014,13435,8,0
2024-11-05 16:00:00,1.30014,1.30371,1.29999,1.3020800000000001,9920,10,0
2024-11-05 20:00:00,1.30206,1.30474,1.30157,1.3042,6168,10,0
2024-11-06 00:00:00,1.3042099999999999,1.30434,1.28632,1.28878,39798,10,0
2024-11-06 04:00:00,1.28876,1.29274,1.28457,1.28657,36429,10,0
2024-11-06 08:00:00,1.28654,1.2923200000000001,1.28507,1.28565,26361,10,0
2024-11-06 12:00:00,1.28564,1.28892,1.28336,1.28891,31251,10,0
2024-11-06 16:00:00,1.28891,1.2919,1.287,1.289,21027,10,0
2024-11-06 20:00:00,1.28901,1.28979,1.28638,1.28822,5824,10,0
2024-11-07 00:00:00,1.2882,1.29233,1.28754,1.29217,8999,10,0
2024-11-07 04:00:00,1.29218,1.29468,1.2913999999999999,1.2929599999999999,9122,10,0
2024-11-07 08:00:00,1.29298,1.29389,1.28987,1.29055,14129,10,0
2024-11-07 12:00:00,1.29066,1.30088,1.28989,1.29954,24358,10,0
2024-11-07 16:00:00,1.29953,1.30005,1.29481,1.29651,21318,8,0
2024-11-07 20:00:00,1.2965200000000001,1.29912,1.29604,1.29823,8907,10,0
2024-11-08 00:00:00,1.29823,1.29839,1.29623,1.29644,8162,10,0
2024-11-08 04:00:00,1.29643,1.2974,1.29608,1.29645,8273,10,0
2024-11-08 08:00:00,1.29642,1.29763,1.2934999999999999,1.29675,15033,10,0
2024-11-08 12:00:00,1.29677,1.29683,1.29219,1.2938100000000001,16886,8,0
2024-11-08 16:00:00,1.29378,1.29444,1.2882799999999999,1.29119,13850,10,0
2024-11-08 20:00:00,1.29118,1.29245,1.29087,1.2919800000000001,3983,10,0
2024-11-10 20:00:00,1.28956,1.29173,1.28935,1.29149,2166,10,0
2024-11-11 00:00:00,1.29148,1.29254,1.29091,1.29138,7514,10,0
2024-11-11 04:00:00,1.29138,1.29219,1.28907,1.28949,7934,10,0
2024-11-11 08:00:00,1.2894700000000001,1.29063,1.28765,1.28848,12736,10,0
2024-11-11 12:00:00,1.28847,1.28898,1.28556,1.28691,13477,10,0
2024-11-11 16:00:00,1.28693,1.28777,1.28567,1.28617,8814,10,0
2024-11-11 20:00:00,1.2862,1.28734,1.28617,1.28734,4019,10,0
2024-11-12 00:00:00,1.2873,1.2873,1.28402,1.28412,8545,10,0
2024-11-12 04:00:00,1.2841,1.2846899999999999,1.2800099999999999,1.28138,11568,10,0
2024-11-12 08:00:00,1.28135,1.28309,1.27918,1.28206,13628,10,0
2024-11-12 12:00:00,1.28206,1.28285,1.27555,1.27627,16607,10,0
2024-11-12 16:00:00,1.27625,1.27654,1.27185,1.27359,14338,10,0
2024-11-12 20:00:00,1.2736,1.27505,1.2735,1.27362,5886,10,0
2024-11-13 00:00:00,1.27363,1.27545,1.27307,1.27437,8234,10,0
2024-11-13 04:00:00,1.27438,1.2747600000000001,1.27294,1.27352,7940,10,0
2024-11-13 08:00:00,1.2735,1.27557,1.27292,1.27539,11606,10,0
2024-11-13 12:00:00,1.27541,1.27687,1.2686,1.27236,26453,8,0
2024-11-13 16:00:00,1.2723200000000001,1.2726,1.2699500000000001,1.27047,14757,10,0
2024-11-13 20:00:00,1.2705,1.27114,1.26938,1.27066,5769,10,0
2024-11-14 00:00:00,1.27067,1.27102,1.26824,1.2683499999999999,8256,10,0
2024-11-14 04:00:00,1.2683499999999999,1.26951,1.26725,1.26867,8740,10,0
2024-11-14 08:00:00,1.2686899999999999,1.2692700000000001,1.26291,1.26581,14569,10,0
2024-11-14 12:00:00,1.26579,1.27114,1.26451,1.27074,22598,8,0
2024-11-14 16:00:00,1.27071,1.27197,1.26824,1.26868,12149,10,0
2024-11-14 20:00:00,1.2686600000000001,1.26877,1.26467,1.26666,11947,10,0
2024-11-15 00:00:00,1.26666,1.26821,1.26562,1.26752,9465,10,0
2024-11-15 04:00:00,1.26748,1.2690000000000001,1.26658,1.26663,9764,10,0
2024-11-15 08:00:00,1.26661,1.26966,1.26484,1.2689,13735,10,0
2024-11-15 12:00:00,1.26891,1.26921,1.26135,1.26278,22731,8,0
2024-11-15 16:00:00,1.2628,1.2642,1.26108,1.26112,15046,10,0
2024-11-15 20:00:00,1.26112,1.26211,1.25966,1.26189,5148,10,0
2024-11-17 20:00:00,1.26101,1.26215,1.25969,1.26189,2400,10,0
2024-11-18 00:00:00,1.2619,1.26419,1.26147,1.26248,9522,10,0
2024-11-18 04:00:00,1.2625,1.26404,1.26187,1.26255,7986,10,0
2024-11-18 08:00:00,1.26257,1.2636,1.26124,1.26179,13356,10,0
2024-11-18 12:00:00,1.26179,1.26434,1.2616,1.26393,13627,10,0
2024-11-18 16:00:00,1.26391,1.26863,1.26386,1.26711,10754,10,0
2024-11-18 20:00:00,1.26709,1.2681200000000001,1.26704,1.2678099999999999,4799,10,0
2024-11-19 00:00:00,1.2678,1.26889,1.26654,1.26848,7153,10,0
2024-11-19 04:00:00,1.2685,1.26892,1.2662499999999999,1.26724,7630,10,0
2024-11-19 08:00:00,1.26722,1.26794,1.26126,1.2634400000000001,19671,10,0
2024-11-19 12:00:00,1.2634699999999999,1.26703,1.26269,1.26637,17801,10,0
2024-11-19 16:00:00,1.26638,1.26818,1.2661,1.26755,11615,10,0
2024-11-19 20:00:00,1.26754,1.2693699999999999,1.26728,1.2693699999999999,5102,10,0
2024-11-20 00:00:00,1.26936,1.26952,1.26796,1.26816,6220,10,0
2024-11-20 04:00:00,1.26816,1.27143,1.26785,1.26949,8668,10,0
2024-11-20 08:00:00,1.2695400000000001,1.26965,1.26485,1.26623,12460,10,0
2024-11-20 12:00:00,1.26627,1.26752,1.26376,1.26529,15589,10,0
2024-11-20 16:00:00,1.26529,1.26615,1.26303,1.26471,10966,10,0
2024-11-20 20:00:00,1.2646899999999999,1.2655,1.26425,1.26549,4577,10,0
2024-11-21 00:00:00,1.26548,1.2659099999999999,1.26497,1.26584,5795,10,0
2024-11-21 04:00:00,1.26583,1.2659799999999999,1.26363,1.2648,8188,10,0
2024-11-21 08:00:00,1.26482,1.26512,1.2622499999999999,1.26379,13245,10,0
2024-11-21 12:00:00,1.2638099999999999,1.26573,1.26165,1.26176,16634,8,0
2024-11-21 16:00:00,1.26176,1.2622,1.25756,1.26011,15117,10,0
2024-11-21 20:00:00,1.2600799999999999,1.2604899999999999,1.2583,1.25845,4891,10,0
2024-11-22 00:00:00,1.25844,1.25938,1.25801,1.25836,7801,10,0
2024-11-22 04:00:00,1.25833,1.25872,1.25511,1.25717,9988,10,0
2024-11-22 08:00:00,1.25718,1.25813,1.24867,1.25125,27942,10,0
2024-11-22 12:00:00,1.25129,1.25372,1.25015,1.25264,20896,10,0
2024-11-22 16:00:00,1.25265,1.25347,1.25069,1.25248,11793,10,0
2024-11-22 20:00:00,1.25253,1.25338,1.25216,1.25321,5165,10,0
2024-11-24 20:00:00,1.2582200000000001,1.25964,1.25675,1.2592400000000001,3484,10,0
2024-11-25 00:00:00,1.2592400000000001,1.2606600000000001,1.25869,1.25927,9157,10,0
2024-11-25 04:00:00,1.25925,1.2604899999999999,1.25706,1.25714,8835,10,0
2024-11-25 08:00:00,1.2570999999999999,1.25827,1.25478,1.25648,14835,10,0
2024-11-25 12:00:00,1.25648,1.26132,1.2547,1.25505,18914,8,0
2024-11-25 16:00:00,1.25504,1.25767,1.25411,1.25743,12798,10,0
2024-11-25 20:00:00,1.25742,1.2578,1.25292,1.25321,7321,10,0
2024-11-26 00:00:00,1.25323,1.25489,1.25068,1.2548300000000001,16141,10,0
2024-11-26 04:00:00,1.2548300000000001,1.25621,1.25421,1.2543,10821,10,0
2024-11-26 08:00:00,1.2542900000000001,1.25925,1.25373,1.25835,14789,10,0
2024-11-26 12:00:00,1.25831,1.2616100000000001,1.25545,1.25628,20958,8,0
2024-11-26 16:00:00,1.25624,1.25666,1.25243,1.25453,16387,10,0
2024-11-26 20:00:00,1.25454,1.25738,1.25442,1.25731,6763,10,0
2024-11-27 00:00:00,1.25731,1.2579500000000001,1.25686,1.25714,8921,10,0
2024-11-27 04:00:00,1.25713,1.25976,1.2566,1.25918,8400,10,0
2024-11-27 08:00:00,1.25918,1.2619,1.25885,1.26098,15671,10,0
2024-11-27 12:00:00,1.26096,1.26874,1.2606899999999999,1.26764,20201,10,0
2024-11-27 16:00:00,1.26764,1.26942,1.26645,1.26727,12952,10,0
2024-11-27 20:00:00,1.26724,1.26825,1.26689,1.26766,5284,10,0
2024-11-28 00:00:00,1.26766,1.2677800000000001,1.26606,1.26624,8176,10,0
2024-11-28 04:00:00,1.26627,1.26691,1.26452,1.26512,8372,10,0
2024-11-28 08:00:00,1.2651,1.26736,1.26444,1.26663,13398,10,0
2024-11-28 12:00:00,1.26664,1.26825,1.2659,1.26816,11310,8,0
2024-11-28 16:00:00,1.26811,1.2689599999999999,1.26756,1.26892,4204,10,0
2024-11-28 20:00:00,1.26892,1.2695699999999999,1.26823,1.26949,2801,10,0
2024-11-29 00:00:00,1.26948,1.27148,1.26923,1.27124,9151,10,0
2024-11-29 04:00:00,1.27124,1.27499,1.2704900000000001,1.27225,10437,10,0
2024-11-29 08:00:00,1.27224,1.27259,1.2681499999999999,1.26971,13942,10,0
2024-11-29 12:00:00,1.26975,1.27138,1.26715,1.27082,15994,10,0
2024-11-29 16:00:00,1.27084,1.2738399999999999,1.26907,1.27378,11422,10,0
2024-11-29 20:00:00,1.27379,1.2744900000000001,1.27336,1.27344,4471,24,0
2024-12-01 20:00:00,1.27175,1.27319,1.26952,1.27011,3142,10,0
2024-12-02 00:00:00,1.27011,1.2705600000000001,1.26796,1.26887,10559,10,0
2024-12-02 04:00:00,1.26887,1.27085,1.26792,1.26823,11830,10,0
2024-12-02 08:00:00,1.26819,1.27222,1.2678099999999999,1.27107,15452,10,0
2024-12-02 12:00:00,1.27108,1.27133,1.2616399999999999,1.26275,21116,8,0
2024-12-02 16:00:00,1.26278,1.26541,1.2616800000000001,1.2649,13994,10,0
2024-12-02 20:00:00,1.26491,1.26701,1.2646600000000001,1.26581,7551,10,0
2024-12-03 00:00:00,1.2658,1.2659799999999999,1.26379,1.26458,9008,10,0
2024-12-03 04:00:00,1.26458,1.26722,1.26391,1.26621,8915,10,0
2024-12-03 08:00:00,1.26624,1.2696399999999999,1.2659799999999999,1.26624,14207,10,0
2024-12-03 12:00:00,1.26624,1.26733,1.26363,1.26615,18126,8,0
2024-12-03 16:00:00,1.26611,1.26994,1.26507,1.26675,12964,10,0
2024-12-03 20:00:00,1.26677,1.26769,1.26651,1.26736,4976,10,0
2024-12-04 00:00:00,1.26735,1.2678,1.26513,1.26553,8962,10,0
2024-12-04 04:00:00,1.26553,1.27012,1.26513,1.26814,9607,10,0
2024-12-04 08:00:00,1.2681,1.26946,1.26297,1.26793,19316,10,0
2024-12-04 12:00:00,1.26792,1.2711700000000001,1.266,1.2707600000000001,21572,8,0
2024-12-04 16:00:00,1.27078,1.27211,1.2686600000000001,1.27,14199,10,0
2024-12-04 20:00:00,1.27003,1.27072,1.26922,1.27006,5132,10,0
2024-12-05 00:00:00,1.27007,1.27094,1.26925,1.2708599999999999,7161,10,0
2024-12-05 04:00:00,1.27087,1.2731,1.27002,1.27291,7956,10,0
2024-12-05 08:00:00,1.27288,1.27399,1.27135,1.27314,11371,10,0
2024-12-05 12:00:00,1.27313,1.27702,1.27135,1.27565,17994,10,0
2024-12-05 16:00:00,1.27564,1.2762,1.27313,1.27562,11688,10,0
2024-12-05 20:00:00,1.27562,1.27612,1.2749,1.27597,4534,10,0
2024-12-06 00:00:00,1.276,1.2760099999999999,1.2739500000000001,1.27503,6928,10,0
2024-12-06 04:00:00,1.27504,1.27648,1.27402,1.27631,7147,10,0
2024-12-06 08:00:00,1.27633,1.27738,1.2749,1.2769599999999999,10092,10,0
2024-12-06 12:00:00,1.27695,1.2811,1.27274,1.27432,24446,8,0
2024-12-06 16:00:00,1.27434,1.27552,1.27209,1.27346,11853,10,0
2024-12-06 20:00:00,1.2735,1.2743,1.27337,1.27413,2909,12,0
2024-12-08 20:00:00,1.27255,1.27499,1.27238,1.27478,2237,10,0
2024-12-09 00:00:00,1.2747899999999999,1.27482,1.27223,1.2723200000000001,6780,10,0
2024-12-09 04:00:00,1.2723200000000001,1.27628,1.27163,1.2762,8617,10,0
2024-12-09 08:00:00,1.27618,1.27829,1.27552,1.27649,11715,10,0
2024-12-09 12:00:00,1.27645,1.27979,1.2751000000000001,1.27946,14667,10,0
2024-12-09 16:00:00,1.27945,1.27984,1.27481,1.27534,9546,10,0
2024-12-09 20:00:00,1.27535,1.2756,1.27413,1.27481,4719,10,0
2024-12-10 00:00:00,1.27481,1.27535,1.27348,1.27471,7707,10,0
2024-12-10 04:00:00,1.27472,1.27628,1.27397,1.27408,7784,10,0
2024-12-10 08:00:00,1.2741,1.27653,1.27365,1.27585,12090,10,0
2024-12-10 12:00:00,1.27588,1.27624,1.2723499999999999,1.27375,14506,10,0
2024-12-10 16:00:00,1.27378,1.27775,1.27358,1.27728,10634,10,0
2024-12-10 20:00:00,1.27732,1.2779099999999999,1.27636,1.2779,4871,10,0
2024-12-11 00:00:00,1.2779099999999999,1.27814,1.2771,1.27728,6518,10,0
2024-12-11 04:00:00,1.2772700000000001,1.27742,1.27302,1.27316,9136,10,0
2024-12-11 08:00:00,1.27397,1.27557,1.27127,1.2735400000000001,12606,10,0
2024-12-11 12:00:00,1.2735400000000001,1.27812,1.2732299999999999,1.27431,22760,10,0
2024-12-11 16:00:00,1.27432,1.27657,1.27322,1.2745,12919,10,0
2024-12-11 20:00:00,1.2745199999999999,1.27651,1.27417,1.27645,5118,10,0
2024-12-12 00:00:00,1.27645,1.27715,1.27597,1.27652,7260,10,0
2024-12-12 04:00:00,1.27655,1.27875,1.2760500000000001,1.27623,7104,10,0
2024-12-12 08:00:00,1.27622,1.27677,1.2735699999999999,1.27401,12056,10,0
2024-12-12 12:00:00,1.27399,1.27432,1.26707,1.26887,25106,10,0
2024-12-12 16:00:00,1.26886,1.27189,1.26697,1.26701,13953,10,0
2024-12-12 20:00:00,1.26701,1.2678,1.2664900000000001,1.26766,5719,10,0
2024-12-13 00:00:00,1.26763,1.26787,1.2659099999999999,1.2661,7390,10,0
2024-12-13 04:00:00,1.2661,1.26651,1.2618,1.26265,8918,10,0
2024-12-13 08:00:00,1.26264,1.26541,1.26202,1.26443,12027,10,0
2024-12-13 12:00:00,1.26441,1.2668,1.26078,1.26133,14278,10,0
2024-12-13 16:00:00,1.26136,1.26346,1.26117,1.2616399999999999,11265,10,0
2024-12-13 20:00:00,1.26166,1.2624,1.26128,1.2619500000000001,3677,10,0
2024-12-15 20:00:00,1.2602,1.26271,1.2597800000000001,1.26261,2013,10,0
2024-12-16 00:00:00,1.2625899999999999,1.26389,1.2625600000000001,1.26322,6199,10,0
2024-12-16 04:00:00,1.26322,1.26413,1.26304,1.2631999999999999,6176,10,0
2024-12-16 08:00:00,1.26321,1.26714,1.26289,1.26481,11233,10,0
2024-12-16 12:00:00,1.26478,1.26918,1.2635100000000001,1.26897,13566,10,0
2024-12-16 16:00:00,1.2690000000000001,1.26983,1.26772,1.26831,10668,10,0
2024-12-16 20:00:00,1.26834,1.26914,1.2674699999999999,1.2689599999999999,4563,10,0
2024-12-17 00:00:00,1.26897,1.2698,1.2681499999999999,1.26828,6244,10,0
2024-12-17 04:00:00,1.26827,1.27065,1.26654,1.26984,8430,10,0
2024-12-17 08:00:00,1.26987,1.27058,1.26701,1.26987,12498,10,0
2024-12-17 12:00:00,1.2698800000000001,1.27156,1.26837,1.27093,15283,10,0
2024-12-17 16:00:00,1.27094,1.27284,1.2701799999999999,1.27101,10644,10,0
2024-12-17 20:00:00,1.27099,1.27146,1.2702,1.27101,4163,10,0
2024-12-18 00:00:00,1.27101,1.27132,1.2696,1.26969,6608,10,0
2024-12-18 04:00:00,1.26968,1.2727,1.26844,1.26909,8093,10,0
2024-12-18 08:00:00,1.26907,1.2722,1.26793,1.27068,11827,10,0
2024-12-18 12:00:00,1.27068,1.27203,1.26849,1.26922,14546,10,0
2024-12-18 16:00:00,1.26925,1.2718,1.2591700000000001,1.25942,22640,10,0
2024-12-18 20:00:00,1.2594400000000001,1.2600500000000001,1.25618,1.2567,15328,10,0
2024-12-19 00:00:00,1.25671,1.25961,1.25671,1.2587,10613,10,0
2024-12-19 04:00:00,1.2587,1.26143,1.2581,1.26129,10078,10,0
2024-12-19 08:00:00,1.2612700000000001,1.26664,1.2605,1.26301,16639,10,0
2024-12-19 12:00:00,1.26303,1.26309,1.25446,1.25499,23765,8,0
2024-12-19 16:00:00,1.25494,1.25627,1.25027,1.25038,16121,10,0
2024-12-19 20:00:00,1.25042,1.25111,1.24945,1.24966,5889,10,0
2024-12-20 00:00:00,1.24967,1.25016,1.24741,1.24799,7799,10,0
2024-12-20 04:00:00,1.24801,1.25108,1.24769,1.2502900000000001,10087,10,0
2024-12-20 08:00:00,1.25031,1.25202,1.24913,1.25054,12640,10,0
2024-12-20 12:00:00,1.2505600000000001,1.25603,1.25021,1.2540200000000001,18282,8,0
2024-12-20 16:00:00,1.25403,1.26136,1.2537099999999999,1.2598,14343,10,0
2024-12-20 20:00:00,1.2597800000000001,1.26031,1.25644,1.2567599999999999,4548,10,0
2024-12-22 20:00:00,1.2553,1.2574,1.25485,1.2570000000000001,2275,10,0
2024-12-23 00:00:00,1.2570000000000001,1.25877,1.25696,1.25781,6314,10,0
2024-12-23 04:00:00,1.25779,1.25843,1.2555,1.25582,6657,10,0
2024-12-23 08:00:00,1.25584,1.25828,1.25288,1.25327,10302,10,0
2024-12-23 12:00:00,1.25325,1.2538,1.25121,1.25175,13727,8,0
2024-12-23 16:00:00,1.25175,1.25365,1.25096,1.25343,10351,10,0
2024-12-23 20:00:00,1.25343,1.25388,1.25282,1.25322,5252,10,0
2024-12-24 00:00:00,1.25322,1.25417,1.25248,1.2530999999999999,5299,10,0
2024-12-24 04:00:00,1.25311,1.2540200000000001,1.25304,1.25317,5560,10,0
2024-12-24 08:00:00,1.25316,1.25449,1.2526,1.25331,8009,10,0
2024-12-24 12:00:00,1.25333,1.25742,1.25309,1.2539500000000001,11004,8,0
2024-12-24 16:00:00,1.2539500000000001,1.25435,1.2518,1.25291,6459,10,0
2024-12-24 20:00:00,1.25291,1.25469,1.25287,1.2534399999999999,1732,37,0
2024-12-25 20:00:00,1.25267,1.2548,1.25267,1.25428,1784,10,0
2024-12-26 00:00:00,1.25427,1.2548,1.25372,1.25458,4574,10,0
2024-12-26 04:00:00,1.2545600000000001,1.25474,1.25216,1.25301,4542,10,0
2024-12-26 08:00:00,1.2530299999999999,1.25346,1.25234,1.25301,5227,10,0
2024-12-26 12:00:00,1.25299,1.25304,1.25007,1.25102,10367,10,0
2024-12-26 16:00:00,1.25102,1.2536,1.25084,1.25248,9280,10,0
2024-12-26 20:00:00,1.25245,1.25316,1.25183,1.25274,5228,10,0
2024-12-27 00:00:00,1.25274,1.25302,1.25179,1.25258,6556,10,0
2024-12-27 04:00:00,1.25258,1.2532,1.2517800000000001,1.25296,6062,10,0
2024-12-27 08:00:00,1.25298,1.25556,1.25047,1.25516,10125,10,0
2024-12-27 12:00:00,1.25518,1.25922,1.25481,1.25763,14397,8,0
2024-12-27 16:00:00,1.25765,1.25912,1.2554699999999999,1.25807,11132,10,0
2024-12-27 20:00:00,1.25809,1.25814,1.25727,1.25776,3792,10,0
2024-12-29 20:00:00,1.25666,1.25871,1.25561,1.25772,1612,10,0
2024-12-30 00:00:00,1.25772,1.25836,1.25723,1.2579099999999999,4854,10,0
2024-12-30 04:00:00,1.2579099999999999,1.2588599999999999,1.2570700000000001,1.2579099999999999,6019,10,0
2024-12-30 08:00:00,1.2579500000000001,1.26068,1.25609,1.2597800000000001,10412,10,0
2024-12-30 12:00:00,1.25977,1.26057,1.25058,1.2511999999999999,17865,10,0
2024-12-30 16:00:00,1.25119,1.25584,1.25073,1.25435,12730,10,0
2024-12-30 20:00:00,1.25434,1.25537,1.25289,1.25477,5009,10,0
2024-12-31 00:00:00,1.25477,1.25594,1.25377,1.25514,4803,10,0
2024-12-31 04:00:00,1.25514,1.25651,1.25411,1.25613,5207,10,0
2024-12-31 08:00:00,1.25614,1.2569,1.25317,1.25386,11710,10,0
2024-12-31 12:00:00,1.25386,1.2554,1.25186,1.2527300000000001,17940,10,0
2024-12-31 16:00:00,1.2527300000000001,1.25329,1.25048,1.25094,14055,10,0
2024-12-31 20:00:00,1.25094,1.25271,1.25087,1.25122,3054,10,0
2025-01-01 20:00:00,1.25048,1.25193,1.24989,1.25191,2038,10,0
2025-01-02 00:00:00,1.2518799999999999,1.25363,1.25091,1.25358,6055,10,0
2025-01-02 04:00:00,1.25358,1.254,1.25196,1.2521499999999999,5663,10,0
2025-01-02 08:00:00,1.25214,1.2524,1.24346,1.24529,15040,10,0
2025-01-02 12:00:00,1.2453,1.24567,1.23696,1.23744,19190,8,0
2025-01-02 16:00:00,1.23745,1.238,1.23519,1.23688,16937,10,0
2025-01-02 20:00:00,1.23685,1.23846,1.23685,1.23795,5182,10,0
2025-01-03 00:00:00,1.23792,1.23955,1.23779,1.23933,5054,10,0
2025-01-03 04:00:00,1.23933,1.24062,1.23855,1.23993,6509,10,0
2025-01-03 08:00:00,1.2399499999999999,1.24162,1.23858,1.2412,10321,10,0
2025-01-03 12:00:00,1.24092,1.2417,1.23875,1.2404,11881,10,0
2025-01-03 16:00:00,1.24038,1.24335,1.2402,1.24272,10059,10,0
2025-01-03 20:00:00,1.24269,1.24336,1.24194,1.24219,2748,10,0
2025-01-05 20:00:00,1.24125,1.24335,1.24027,1.24242,2053,10,0
2025-01-06 00:00:00,1.24245,1.2442,1.24172,1.2435100000000001,7120,10,0
2025-01-06 04:00:00,1.2435,1.24565,1.24315,1.24519,6053,10,0
2025-01-06 08:00:00,1.24518,1.25473,1.24513,1.2543,20623,10,0
2025-01-06 12:00:00,1.25428,1.25508,1.24679,1.25075,32646,8,0
2025-01-06 16:00:00,1.25075,1.25346,1.25011,1.25123,12236,10,0
2025-01-06 20:00:00,1.25123,1.25233,1.25085,1.25092,4634,10,0
2025-01-07 00:00:00,1.25096,1.25327,1.25035,1.25324,6540,10,0
2025-01-07 04:00:00,1.25323,1.25628,1.25286,1.25519,7918,10,0
2025-01-07 08:00:00,1.2551700000000001,1.25754,1.25314,1.25391,12621,10,0
2025-01-07 12:00:00,1.25391,1.25481,1.24791,1.2497,18994,8,0
2025-01-07 16:00:00,1.24972,1.25067,1.2483,1.249,16459,10,0
2025-01-07 20:00:00,1.24898,1.24903,1.24725,1.24755,4102,10,0
2025-01-08 00:00:00,1.24756,1.24879,1.24755,1.2477800000000001,5656,10,0
2025-01-08 04:00:00,1.2477800000000001,1.24936,1.2463,1.24677,7238,10,0
2025-01-08 08:00:00,1.24675,1.24714,1.2324,1.2372,23028,10,0
2025-01-08 12:00:00,1.23718,1.23735,1.23202,1.23427,28287,8,0
2025-01-08 16:00:00,1.23426,1.23766,1.23336,1.23571,13468,8,0
2025-01-08 20:00:00,1.23572,1.23661,1.2351,1.23575,4802,10,0
2025-01-09 00:00:00,1.23576,1.23649,1.23424,1.2344,6408,10,0
2025-01-09 04:00:00,1.23438,1.23446,1.2251400000000001,1.22587,13697,10,0
2025-01-09 08:00:00,1.22588,1.23044,1.22377,1.22887,22117,10,0
2025-01-09 12:00:00,1.22886,1.23228,1.22698,1.23022,15711,10,0
2025-01-09 16:00:00,1.23022,1.2313,1.22867,1.23084,8548,10,0
2025-01-09 20:00:00,1.23084,1.23148,1.22976,1.22981,3762,10,0
2025-01-10 00:00:00,1.22981,1.23082,1.22937,1.23006,6073,10,0
2025-01-10 04:00:00,1.23003,1.23034,1.22659,1.22901,7583,10,0
2025-01-10 08:00:00,1.22897,1.23079,1.22832,1.23019,12882,10,0
2025-01-10 12:00:00,1.23021,1.23213,1.2190699999999999,1.22293,35713,10,0
2025-01-10 16:00:00,1.22296,1.22309,1.21943,1.22095,17540,10,0
2025-01-10 20:00:00,1.22094,1.22137,1.22017,1.22072,3867,10,0
2025-01-12 20:00:00,1.21891,1.2209,1.21878,1.22038,1811,11,0
2025-01-13 00:00:00,1.22034,1.22072,1.2137,1.21423,9343,10,0
2025-01-13 04:00:00,1.21427,1.21599,1.21227,1.21381,11681,10,0
2025-01-13 08:00:00,1.21378,1.21707,1.21011,1.21096,20909,10,0
2025-01-13 12:00:00,1.21096,1.21594,1.20991,1.21509,21423,10,0
2025-01-13 16:00:00,1.21508,1.21828,1.2142,1.21667,13674,10,0
2025-01-13 20:00:00,1.21667,1.22497,1.21652,1.22309,8224,10,0
2025-01-14 00:00:00,1.22306,1.22313,1.21918,1.2208700000000001,9601,10,0
2025-01-14 04:00:00,1.2208700000000001,1.22284,1.21969,1.22094,10464,10,0
2025-01-14 08:00:00,1.22095,1.22457,1.2169699999999999,1.21761,17550,10,0
2025-01-14 12:00:00,1.21761,1.22018,1.21389,1.21994,26584,10,0
2025-01-14 16:00:00,1.21995,1.22121,1.21677,1.21987,14999,10,0
2025-01-14 20:00:00,1.21991,1.22164,1.21943,1.22101,5400,10,0
2025-01-15 00:00:00,1.221,1.22103,1.21921,1.22031,6547,10,0
2025-01-15 04:00:00,1.22032,1.22406,1.21604,1.22337,13253,10,0
2025-01-15 08:00:00,1.22339,1.22398,1.22001,1.22239,15209,10,0
2025-01-15 12:00:00,1.22238,1.23057,1.2201,1.22572,28209,10,0
2025-01-15 16:00:00,1.22571,1.2259,1.21928,1.223,16431,10,0
2025-01-15 20:00:00,1.22299,1.22444,1.22283,1.2242,5393,10,0
2025-01-16 00:00:00,1.2242,1.22475,1.22191,1.22258,8651,10,0
2025-01-16 04:00:00,1.22257,1.22308,1.21994,1.2218499999999999,9113,10,0
2025-01-16 08:00:00,1.22189,1.22229,1.21892,1.22095,12823,10,0
2025-01-16 12:00:00,1.22096,1.22382,1.21744,1.22337,23886,10,0
2025-01-16 16:00:00,1.22339,1.22599,1.22166,1.22347,16505,10,0
2025-01-16 20:00:00,1.22344,1.22389,1.2227000000000001,1.22339,4912,10,0
2025-01-17 00:00:00,1.2234,1.22439,1.22286,1.22327,6088,10,0
2025-01-17 04:00:00,1.22327,1.2234099999999999,1.21598,1.21741,10642,10,0
2025-01-17 08:00:00,1.21743,1.22163,1.21743,1.21958,13555,10,0
2025-01-17 12:00:00,1.21956,1.22273,1.21606,1.21978,23290,10,0
2025-01-17 16:00:00,1.21975,1.21986,1.21643,1.21677,11826,10,0
2025-01-17 20:00:00,1.21677,1.21742,1.2165,1.21676,3834,10,0
2025-01-19 20:00:00,1.21585,1.21764,1.21578,1.21744,2265,10,0
2025-01-20 00:00:00,1.21743,1.22052,1.21742,1.22043,7385,10,0
2025-01-20 04:00:00,1.22044,1.22213,1.22,1.22146,7026,10,0
2025-01-20 08:00:00,1.2215,1.22193,1.2165,1.22054,14257,10,0
2025-01-20 12:00:00,1.22054,1.23262,1.21826,1.22915,44258,10,0
2025-01-20 16:00:00,1.22917,1.23382,1.22546,1.23349,14917,10,0
2025-01-20 20:00:00,1.23349,1.23446,1.23123,1.23312,8465,10,0
2025-01-21 00:00:00,1.23314,1.23447,1.22476,1.22946,31423,10,0
2025-01-21 04:00:00,1.22948,1.23083,1.22528,1.22668,11271,10,0
2025-01-21 08:00:00,1.22666,1.22692,1.22291,1.22357,17360,10,0
2025-01-21 12:00:00,1.22359,1.23127,1.22324,1.22992,22122,10,0
2025-01-21 16:00:00,1.22992,1.23397,1.2296,1.23271,13026,10,0
2025-01-21 20:00:00,1.23272,1.23602,1.23217,1.23377,8837,10,0
2025-01-22 00:00:00,1.23376,1.23535,1.23279,1.23318,9113,10,0
2025-01-22 04:00:00,1.23318,1.23476,1.23111,1.23188,9784,10,0
2025-01-22 08:00:00,1.23186,1.23757,1.2316,1.23561,16622,10,0
2025-01-22 12:00:00,1.2355800000000001,1.23685,1.23117,1.23184,18493,10,0
2025-01-22 16:00:00,1.2318,1.23308,1.23069,1.23254,11456,10,0
2025-01-22 20:00:00,1.23251,1.23289,1.23057,1.23133,5286,10,0
2025-01-23 00:00:00,1.23133,1.2323,1.2301199999999999,1.23145,7900,10,0
2025-01-23 04:00:00,1.23144,1.23209,1.22945,1.23047,8538,10,0
2025-01-23 08:00:00,1.23048,1.23303,1.22926,1.23078,12972,10,0
2025-01-23 12:00:00,1.23075,1.23357,1.22992,1.23226,17229,10,0
2025-01-23 16:00:00,1.23227,1.2375099999999999,1.22995,1.23588,22582,10,0
2025-01-23 20:00:00,1.23588,1.2365599999999999,1.23462,1.23532,5882,10,0
2025-01-24 00:00:00,1.23533,1.24037,1.2348,1.23926,12241,10,0
2025-01-24 04:00:00,1.2392400000000001,1.24187,1.23762,1.23869,13267,10,0
2025-01-24 08:00:00,1.23866,1.24475,1.23831,1.24148,17764,10,0
2025-01-24 12:00:00,1.24146,1.24854,1.24001,1.24827,18855,10,0
2025-01-24 16:00:00,1.24825,1.25014,1.24784,1.24824,12211,10,0
2025-01-24 20:00:00,1.2482199999999999,1.24892,1.24773,1.24809,4169,10,0
2025-01-26 20:00:00,1.24599,1.2471700000000001,1.24554,1.2457799999999999,2750,10,0
2025-01-27 00:00:00,1.2457799999999999,1.24651,1.24414,1.24551,10000,10,0
2025-01-27 04:00:00,1.24551,1.24603,1.24289,1.24289,10237,10,0
2025-01-27 08:00:00,1.24286,1.25146,1.24257,1.24964,19250,10,0
2025-01-27 12:00:00,1.24961,1.25232,1.24689,1.24731,19595,8,0
2025-01-27 16:00:00,1.2473,1.249,1.24667,1.24894,14586,10,0
2025-01-27 20:00:00,1.24894,1.25,1.24358,1.2451,10363,10,0
2025-01-28 00:00:00,1.24511,1.24651,1.2438500000000001,1.24401,14500,10,0
2025-01-28 04:00:00,1.24406,1.24533,1.24258,1.24365,9369,10,0
2025-01-28 08:00:00,1.24367,1.24553,1.24245,1.24258,14339,10,0
2025-01-28 12:00:00,1.2426,1.24466,1.24139,1.24316,16353,8,0
2025-01-28 16:00:00,1.24315,1.2445,1.24215,1.2443,12405,10,0
2025-01-28 20:00:00,1.24429,1.24453,1.24311,1.24403,5324,10,0
2025-01-29 00:00:00,1.24403,1.24503,1.24338,1.24472,7382,10,0
2025-01-29 04:00:00,1.24474,1.2463,1.24454,1.2448299999999999,9477,10,0
2025-01-29 08:00:00,1.24484,1.24567,1.24098,1.24189,14148,10,0
2025-01-29 12:00:00,1.24192,1.2445599999999999,1.23928,1.24331,18092,10,0
2025-01-29 16:00:00,1.24334,1.24577,1.24116,1.24442,25428,10,0
2025-01-29 20:00:00,1.2444,1.24585,1.24302,1.24542,12590,10,0
2025-01-30 00:00:00,1.24542,1.24596,1.2444600000000001,1.24513,6501,10,0
2025-01-30 04:00:00,1.24511,1.24538,1.24313,1.24515,7889,10,0
2025-01-30 08:00:00,1.24516,1.24623,1.24245,1.24271,13417,10,0
2025-01-30 12:00:00,1.24269,1.24767,1.24238,1.24663,22917,10,0
2025-01-30 16:00:00,1.24661,1.24711,1.2435100000000001,1.24584,10329,10,0
2025-01-30 20:00:00,1.24587,1.2463899999999999,1.24049,1.24216,16957,10,0
2025-01-31 00:00:00,1.24215,1.24308,1.24064,1.2416800000000001,9571,10,0
2025-01-31 04:00:00,1.2417,1.24393,1.24134,1.24345,8803,10,0
2025-01-31 08:00:00,1.24342,1.24383,1.24004,1.24088,13326,10,0
2025-01-31 12:00:00,1.24089,1.24315,1.2387299999999999,1.24247,17701,10,0
2025-01-31 16:00:00,1.24245,1.24711,1.23853,1.23996,30457,10,0
2025-01-31 20:00:00,1.23997,1.24105,1.23867,1.23918,12285,10,0
2025-02-02 20:00:00,1.23039,1.2322899999999999,1.22816,1.22894,4278,31,0
2025-02-03 00:00:00,1.229,1.2312400000000001,1.22489,1.22626,26489,10,0
2025-02-03 04:00:00,1.22626,1.22999,1.22489,1.22838,18329,10,0
2025-02-03 08:00:00,1.22838,1.23225,1.22724,1.23187,18522,10,0
2025-02-03 12:00:00,1.23187,1.24346,1.23162,1.24114,42828,10,0
2025-02-03 16:00:00,1.24112,1.2436099999999999,1.23798,1.23944,33605,10,0
2025-02-03 20:00:00,1.23947,1.24548,1.23922,1.2433,14122,10,0
2025-02-04 00:00:00,1.2433,1.24367,1.2409,1.24137,9948,10,0
2025-02-04 04:00:00,1.24138,1.2420499999999999,1.23787,1.24149,14538,10,0
2025-02-04 08:00:00,1.24145,1.24366,1.24021,1.24041,16129,10,0
2025-02-04 12:00:00,1.24042,1.24856,1.23954,1.24756,20036,10,0
2025-02-04 16:00:00,1.24757,1.24929,1.24702,1.24818,13785,10,0
2025-02-04 20:00:00,1.2482,1.24903,1.24705,1.24748,5961,10,0
2025-02-05 00:00:00,1.24752,1.24894,1.24684,1.2474,9401,10,0
2025-02-05 04:00:00,1.24741,1.25061,1.24627,1.25008,10089,10,0
2025-02-05 08:00:00,1.25004,1.25496,1.24875,1.25312,15279,10,0
2025-02-05 12:00:00,1.25312,1.25445,1.25012,1.25174,19048,10,0
2025-02-05 16:00:00,1.25171,1.25233,1.25027,1.25051,10920,10,0
2025-02-05 20:00:00,1.25048,1.25065,1.24976,1.25011,5273,10,0
2025-02-06 00:00:00,1.25011,1.2509299999999999,1.24892,1.24939,7765,10,0
2025-02-06 04:00:00,1.24939,1.24965,1.24705,1.24732,7281,10,0
2025-02-06 08:00:00,1.24734,1.24748,1.24061,1.24222,14432,10,0
2025-02-06 12:00:00,1.2422,1.24298,1.236,1.24137,25433,10,0
2025-02-06 16:00:00,1.24138,1.24551,1.24133,1.24353,12119,10,0
2025-02-06 20:00:00,1.24352,1.24409,1.24269,1.24338,4942,10,0
2025-02-07 00:00:00,1.24337,1.24428,1.2422,1.24279,7274,10,0
2025-02-07 04:00:00,1.24275,1.24453,1.24187,1.24411,6992,10,0
2025-02-07 08:00:00,1.2441,1.24684,1.24388,1.24528,10352,10,0
2025-02-07 12:00:00,1.24526,1.24928,1.23918,1.2424,26647,10,0
2025-02-07 16:00:00,1.24242,1.24253,1.23758,1.24132,28443,10,0
2025-02-07 20:00:00,1.24133,1.24165,1.23976,1.24014,4978,10,0
2025-02-09 20:00:00,1.23669,1.23939,1.23637,1.2389000000000001,3244,10,0
2025-02-10 00:00:00,1.2389000000000001,1.24002,1.23793,1.23962,8396,10,0
2025-02-10 04:00:00,1.23963,1.2414100000000001,1.23944,1.24041,7832,10,0
2025-02-10 08:00:00,1.24038,1.24219,1.23904,1.24019,12084,10,0
2025-02-10 12:00:00,1.24018,1.24037,1.23708,1.2389000000000001,13220,10,0
2025-02-10 16:00:00,1.23887,1.23936,1.23636,1.23665,8730,10,0
2025-02-10 20:00:00,1.23665,1.23692,1.23539,1.23591,5214,10,0
2025-02-11 00:00:00,1.23594,1.23649,1.23447,1.23531,6426,10,0
2025-02-11 04:00:00,1.23531,1.23662,1.23383,1.23393,6634,10,0
2025-02-11 08:00:00,1.23391,1.23776,1.23318,1.23659,11097,10,0
2025-02-11 12:00:00,1.2366,1.2416800000000001,1.23582,1.24048,13633,10,0
2025-02-11 16:00:00,1.24047,1.24545,1.24036,1.24377,10072,10,0
2025-02-11 20:00:00,1.24375,1.24516,1.24333,1.2450700000000001,5688,10,0
2025-02-12 00:00:00,1.2450700000000001,1.24582,1.24377,1.24506,7228,10,0
2025-02-12 04:00:00,1.24505,1.24603,1.24402,1.24571,7451,10,0
2025-02-12 08:00:00,1.24569,1.24649,1.24346,1.2456,11326,10,0
2025-02-12 12:00:00,1.24557,1.24589,1.23772,1.24337,26156,10,0
2025-02-12 16:00:00,1.24333,1.24832,1.2402,1.24459,17902,10,0
2025-02-12 20:00:00,1.2446,1.2452,1.24342,1.24501,5922,10,0
2025-02-13 00:00:00,1.245,1.24796,1.24419,1.24765,8753,10,0
2025-02-13 04:00:00,1.24765,1.25169,1.24757,1.25089,11409,10,0
2025-02-13 08:00:00,1.2509000000000001,1.25106,1.24693,1.2475,14372,10,0
2025-02-13 12:00:00,1.24749,1.25257,1.24521,1.25226,22546,10,0
2025-02-13 16:00:00,1.25225,1.2544,1.24767,1.25366,22084,10,0
2025-02-13 20:00:00,1.25366,1.25696,1.25339,1.2564,7326,10,0
2025-02-14 00:00:00,1.2564,1.25719,1.2555,1.25579,7795,10,0
2025-02-14 04:00:00,1.25579,1.25747,1.25491,1.25629,8228,10,0
2025-02-14 08:00:00,1.25627,1.25956,1.25627,1.25811,12489,10,0
2025-02-14 12:00:00,1.25811,1.26299,1.25714,1.26169,16387,10,0
2025-02-14 16:00:00,1.26166,1.26216,1.25929,1.2595,9107,10,0
2025-02-14 20:00:00,1.25948,1.25948,1.25834,1.25864,2911,10,0
2025-02-16 20:00:00,1.25752,1.2588300000000001,1.25717,1.25834,2491,10,0
2025-02-17 00:00:00,1.25834,1.26,1.25787,1.2591,8391,10,0
2025-02-17 04:00:00,1.2591,1.25992,1.25827,1.2595,9148,10,0
2025-02-17 08:00:00,1.25949,1.26064,1.2583,1.2601499999999999,10637,10,0
2025-02-17 12:00:00,1.26014,1.26077,1.25848,1.26054,9531,10,0
2025-02-17 16:00:00,1.26056,1.26343,1.26026,1.26273,4990,10,0
2025-02-17 20:00:00,1.26273,1.2629000000000001,1.26147,1.26203,3383,10,0
2025-02-18 00:00:00,1.26203,1.26216,1.25996,1.26028,7549,10,0
2025-02-18 04:00:00,1.26026,1.26215,1.25925,1.2614,8826,10,0
2025-02-18 08:00:00,1.2613699999999999,1.2623,1.25906,1.25998,10960,10,0
2025-02-18 12:00:00,1.26001,1.26205,1.25819,1.26147,13257,8,0
2025-02-18 16:00:00,1.26146,1.2619,1.25919,1.25974,8822,10,0
2025-02-18 20:00:00,1.25971,1.2634,1.25933,1.26238,5627,10,0
2025-02-19 00:00:00,1.26238,1.26274,1.26071,1.26155,7995,10,0
2025-02-19 04:00:00,1.26155,1.2635399999999999,1.26095,1.26175,8074,10,0
2025-02-19 08:00:00,1.26173,1.26292,1.25747,1.25839,11832,10,0
2025-02-19 12:00:00,1.25838,1.26061,1.2577099999999999,1.25891,13618,10,0
2025-02-19 16:00:00,1.2589000000000001,1.25899,1.25628,1.25836,11033,10,0
2025-02-19 20:00:00,1.25834,1.25875,1.25709,1.2582499999999999,5023,10,0
2025-02-20 00:00:00,1.25824,1.25948,1.25799,1.25918,8873,10,0
2025-02-20 04:00:00,1.2591700000000001,1.26021,1.2588300000000001,1.25946,7456,10,0
2025-02-20 08:00:00,1.2594400000000001,1.26193,1.2594400000000001,1.26082,10711,10,0
2025-02-20 12:00:00,1.26085,1.26432,1.25968,1.26399,16200,10,0
2025-02-20 16:00:00,1.26401,1.267,1.26315,1.26692,10839,10,0
2025-02-20 20:00:00,1.26688,1.26739,1.26556,1.26688,4642,10,0
2025-02-21 00:00:00,1.26689,1.26739,1.26533,1.26695,8246,10,0
2025-02-21 04:00:00,1.26695,1.26783,1.26563,1.26688,8304,10,0
2025-02-21 08:00:00,1.26688,1.26707,1.26418,1.26445,11302,10,0
2025-02-21 12:00:00,1.26448,1.2668,1.26296,1.26377,14239,10,0
2025-02-21 16:00:00,1.26377,1.26491,1.26244,1.2631000000000001,12035,10,0
2025-02-21 20:00:00,1.26307,1.26362,1.26266,1.26335,3515,10,0
2025-02-23 20:00:00,1.26196,1.26575,1.26196,1.26483,2550,10,0
2025-02-24 00:00:00,1.26487,1.26901,1.26438,1.2680500000000001,11157,10,0
2025-02-24 04:00:00,1.2680500000000001,1.2682,1.2637800000000001,1.2644,9376,10,0
2025-02-24 08:00:00,1.26444,1.26571,1.26251,1.26395,13271,10,0
2025-02-24 12:00:00,1.26392,1.26501,1.26115,1.262,14154,10,0
2025-02-24 16:00:00,1.26199,1.26505,1.26173,1.26321,10916,10,0
2025-02-24 20:00:00,1.26324,1.26364,1.26151,1.26166,6178,10,0
2025-02-25 00:00:00,1.26166,1.26357,1.26163,1.2631700000000001,6723,10,0
2025-02-25 04:00:00,1.26318,1.26385,1.26108,1.26128,7366,10,0
2025-02-25 08:00:00,1.2612700000000001,1.26531,1.26052,1.26528,11802,10,0
2025-02-25 12:00:00,1.26526,1.2677399999999999,1.26468,1.26539,15431,10,0
2025-02-25 16:00:00,1.26541,1.26746,1.26401,1.2669000000000001,12086,10,0
2025-02-25 20:00:00,1.26689,1.2677,1.26584,1.26714,5259,10,0
2025-02-26 00:00:00,1.26715,1.26775,1.2647599999999999,1.26493,7732,10,0
2025-02-26 04:00:00,1.26494,1.26567,1.2634699999999999,1.26479,8257,10,0
2025-02-26 08:00:00,1.26479,1.26641,1.26392,1.26479,11390,10,0
2025-02-26 12:00:00,1.26482,1.26984,1.26406,1.26939,14691,10,0
2025-02-26 16:00:00,1.26942,1.27154,1.2671999999999999,1.26834,17556,10,0
2025-02-26 20:00:00,1.26836,1.26843,1.26694,1.26802,5366,10,0
2025-02-27 00:00:00,1.26802,1.26802,1.26556,1.26562,7702,10,0
2025-02-27 04:00:00,1.26565,1.26706,1.26498,1.26657,8256,10,0
2025-02-27 08:00:00,1.26661,1.26884,1.26632,1.26721,11089,10,0
2025-02-27 12:00:00,1.2671999999999999,1.2688,1.26214,1.26275,22800,10,0
2025-02-27 16:00:00,1.26278,1.26336,1.26044,1.26078,12078,10,0
2025-02-27 20:00:00,1.26077,1.26126,1.2593,1.25962,5901,10,0
2025-02-28 00:00:00,1.25966,1.26099,1.25816,1.25842,9297,10,0
2025-02-28 04:00:00,1.25843,1.25952,1.25726,1.2588,8460,10,0
2025-02-28 08:00:00,1.25879,1.26065,1.25831,1.2594699999999999,10514,10,0
2025-02-28 12:00:00,1.2594699999999999,1.26215,1.25823,1.2591700000000001,15461,10,0
2025-02-28 16:00:00,1.2591999999999999,1.2604199999999999,1.25589,1.25713,18112,10,0
2025-02-28 20:00:00,1.25715,1.25833,1.25679,1.2576800000000001,6467,10,0
2025-03-02 20:00:00,1.25688,1.2608,1.25678,1.26016,3249,10,0
2025-03-03 00:00:00,1.2601499999999999,1.2613400000000001,1.25937,1.26018,10988,10,0
2025-03-03 04:00:00,1.26018,1.2607300000000001,1.25903,1.2600799999999999,8618,10,0
2025-03-03 08:00:00,1.26004,1.26623,1.25819,1.2659799999999999,14883,10,0
2025-03-03 12:00:00,1.26597,1.2713700000000001,1.2659099999999999,1.2698,20953,10,0
2025-03-03 16:00:00,1.26984,1.27245,1.26867,1.26904,16577,10,0
2025-03-03 20:00:00,1.26905,1.27093,1.26796,1.2701,9970,10,0
2025-03-04 00:00:00,1.2701,1.27081,1.26844,1.26871,11121,10,0
2025-03-04 04:00:00,1.26871,1.27087,1.26783,1.27034,11732,10,0
2025-03-04 08:00:00,1.27032,1.27412,1.26922,1.27397,16578,10,0
2025-03-04 12:00:00,1.27399,1.27533,1.26993,1.27157,22724,10,0
2025-03-04 16:00:00,1.27155,1.2788300000000001,1.27037,1.27867,20611,10,0
2025-03-04 20:00:00,1.27868,1.27992,1.27829,1.27948,11088,10,0
2025-03-05 00:00:00,1.2794699999999999,1.27959,1.27673,1.2786,14234,10,0
2025-03-05 04:00:00,1.2786,1.28213,1.27848,1.282,11980,10,0
2025-03-05 08:00:00,1.28198,1.28542,1.28143,1.28232,18116,10,0
2025-03-05 12:00:00,1.28233,1.28728,1.28036,1.28665,27071,10,0
2025-03-05 16:00:00,1.28662,1.28972,1.28543,1.28963,22427,10,0
2025-03-05 20:00:00,1.2896,1.29003,1.2886600000000001,1.2889300000000001,6974,10,0
2025-03-06 00:00:00,1.28891,1.29082,1.2885499999999999,1.2885900000000001,10434,10,0
2025-03-06 04:00:00,1.2885900000000001,1.2923200000000001,1.2882500000000001,1.29084,11686,10,0
2025-03-06 08:00:00,1.29085,1.2913999999999999,1.28655,1.28789,19752,10,0
2025-03-06 12:00:00,1.28786,1.29182,1.28746,1.289,26631,10,0
2025-03-06 16:00:00,1.28901,1.29136,1.2876400000000001,1.28933,18150,10,0
2025-03-06 20:00:00,1.28932,1.28951,1.28704,1.2883200000000001,6596,10,0
2025-03-07 00:00:00,1.28831,1.28922,1.28756,1.28867,8551,10,0
2025-03-07 04:00:00,1.28867,1.2910599999999999,1.2879399999999999,1.29039,9305,10,0
2025-03-07 08:00:00,1.2904200000000001,1.29444,1.29012,1.2919399999999999,13550,10,0
2025-03-07 12:00:00,1.29193,1.29395,1.29001,1.29222,29611,10,0
2025-03-07 16:00:00,1.2923,1.29292,1.28942,1.29203,18309,10,0
2025-03-07 20:00:00,1.29205,1.29292,1.29181,1.29213,5144,10,0
2025-03-09 20:00:00,1.29066,1.29378,1.28961,1.29315,5821,10,0
2025-03-10 00:00:00,1.29315,1.29454,1.29095,1.29111,9689,10,0
2025-03-10 04:00:00,1.29112,1.29222,1.28882,1.28948,9955,10,0
2025-03-10 08:00:00,1.28949,1.29336,1.28734,1.29223,20219,10,0
2025-03-10 12:00:00,1.2922500000000001,1.29463,1.2898100000000001,1.29046,19308,10,0
2025-03-10 16:00:00,1.29046,1.29094,1.28607,1.28765,13346,10,0
2025-03-10 20:00:00,1.28766,1.28807,1.28641,1.28747,5712,10,0
2025-03-11 00:00:00,1.28748,1.28949,1.28738,1.28897,11157,10,0
2025-03-11 04:00:00,1.2889300000000001,1.2917399999999999,1.28728,1.29085,13069,10,0
2025-03-11 08:00:00,1.29088,1.29412,1.29051,1.29243,15188,10,0
2025-03-11 12:00:00,1.29243,1.29563,1.29173,1.29454,21419,10,0
2025-03-11 16:00:00,1.29452,1.29654,1.2933,1.29519,15053,10,0
2025-03-11 20:00:00,1.29518,1.29522,1.29334,1.2943500000000001,4576,10,0
2025-03-12 00:00:00,1.2943799999999999,1.29459,1.29219,1.29222,7091,10,0
2025-03-12 04:00:00,1.29222,1.29325,1.2913000000000001,1.29283,8683,10,0
2025-03-12 08:00:00,1.29281,1.29608,1.29229,1.29439,14190,10,0
2025-03-12 12:00:00,1.29439,1.29881,1.2924,1.29677,23145,10,0
2025-03-12 16:00:00,1.29672,1.2982,1.2962500000000001,1.29668,11191,10,0
2025-03-12 20:00:00,1.29672,1.29702,1.2958,1.29639,3545,10,0
2025-03-13 00:00:00,1.2964,1.29729,1.29572,1.29573,6569,10,0
2025-03-13 04:00:00,1.29571,1.29624,1.29409,1.29526,8805,10,0
2025-03-13 08:00:00,1.29529,1.29656,1.2926,1.29317,14875,10,0
2025-03-13 12:00:00,1.29315,1.29679,1.29203,1.29433,19750,8,0
2025-03-13 16:00:00,1.29431,1.29582,1.29356,1.29439,11227,10,0
2025-03-13 20:00:00,1.2944,1.29572,1.2941500000000001,1.29562,3924,10,0
2025-03-14 00:00:00,1.2955999999999999,1.29585,1.29353,1.2943799999999999,8359,10,0
2025-03-14 04:00:00,1.2943799999999999,1.29492,1.2916699999999999,1.2925,9979,10,0
2025-03-14 08:00:00,1.29248,1.29536,1.29193,1.29388,17088,10,0
2025-03-14 12:00:00,1.29385,1.29522,1.29102,1.29148,16930,10,0
2025-03-14 16:00:00,1.29146,1.29359,1.29119,1.2934999999999999,8646,10,0
2025-03-14 20:00:00,1.29345,1.2938399999999999,1.29308,1.29342,1665,10,0
2025-03-16 20:00:00,1.2925200000000001,1.2935400000000001,1.29115,1.29268,3663,10,0
2025-03-17 00:00:00,1.2927,1.29439,1.29266,1.29356,6667,10,0
2025-03-17 04:00:00,1.29356,1.29448,1.29276,1.29358,7682,10,0
2025-03-17 08:00:00,1.29358,1.29769,1.29299,1.29704,10553,10,0
2025-03-17 12:00:00,1.29705,1.29947,1.29586,1.2984,13693,10,0
2025-03-17 16:00:00,1.29841,1.29986,1.2981099999999999,1.2991,7404,10,0
2025-03-17 20:00:00,1.29911,1.29976,1.29789,1.29837,3438,10,0
2025-03-18 00:00:00,1.29837,1.29871,1.29704,1.29735,5366,10,0
2025-03-18 04:00:00,1.29735,1.29886,1.29673,1.29863,6098,10,0
2025-03-18 08:00:00,1.29863,1.30044,1.2964,1.29648,11097,10,0
2025-03-18 12:00:00,1.29649,1.29923,1.29511,1.2983500000000001,15879,10,0
2025-03-18 16:00:00,1.29837,1.30095,1.29768,1.3005499999999999,9928,10,0
2025-03-18 20:00:00,1.30053,1.3006,1.29912,1.29997,2901,10,0
2025-03-19 00:00:00,1.2999399999999999,1.30026,1.29885,1.2993999999999999,5154,10,0
2025-03-19 04:00:00,1.2993999999999999,1.2993999999999999,1.29569,1.29705,8375,10,0
2025-03-19 08:00:00,1.29706,1.2982,1.29568,1.29761,11780,10,0
2025-03-19 12:00:00,1.29763,1.29818,1.29545,1.29658,12008,10,0
2025-03-19 16:00:00,1.29658,1.30109,1.29554,1.29965,16168,10,0
2025-03-19 20:00:00,1.2996400000000001,1.30114,1.2989600000000001,1.30096,4257,10,0
2025-03-20 00:00:00,1.30096,1.30145,1.29981,1.30071,6981,10,0
2025-03-20 04:00:00,1.30071,1.30081,1.2962,1.2971300000000001,7273,10,0
2025-03-20 08:00:00,1.29715,1.29792,1.2935699999999999,1.29542,14506,10,0
2025-03-20 12:00:00,1.29543,1.29788,1.29353,1.29722,16267,10,0
2025-03-20 16:00:00,1.29724,1.29729,1.2955999999999999,1.29654,7947,10,0
2025-03-20 20:00:00,1.29657,1.29702,1.2956400000000001,1.29648,3468,10,0
2025-03-21 00:00:00,1.29647,1.297,1.2944499999999999,1.29457,5991,10,0
2025-03-21 04:00:00,1.29457,1.2947,1.29243,1.29349,8167,10,0
2025-03-21 08:00:00,1.2934700000000001,1.29468,1.29217,1.29448,10621,10,0
2025-03-21 12:00:00,1.2945,1.29551,1.28931,1.28931,14430,10,0
2025-03-21 16:00:00,1.28931,1.29291,1.28873,1.29185,9665,10,0
2025-03-21 20:00:00,1.29182,1.29205,1.29105,1.2917399999999999,1772,10,0
2025-03-23 20:00:00,1.28784,1.29256,1.28784,1.29246,3533,10,0
2025-03-24 00:00:00,1.29244,1.29344,1.29121,1.29134,7381,10,0
2025-03-24 04:00:00,1.29135,1.29516,1.29108,1.29471,8508,10,0
2025-03-24 08:00:00,1.2947199999999999,1.29739,1.29392,1.29444,12855,10,0
2025-03-24 12:00:00,1.29441,1.2949899999999999,1.29073,1.29115,15735,10,0
2025-03-24 16:00:00,1.29114,1.29301,1.28952,1.29214,10942,10,0
2025-03-24 20:00:00,1.29209,1.29271,1.29163,1.29226,3319,10,0
2025-03-25 00:00:00,1.29226,1.29251,1.29114,1.29243,6047,10,0
2025-03-25 04:00:00,1.29244,1.29283,1.29026,1.29056,6782,10,0
2025-03-25 08:00:00,1.29059,1.29572,1.29013,1.29424,12016,10,0
2025-03-25 12:00:00,1.29426,1.29605,1.29327,1.2947,12764,10,0
2025-03-25 16:00:00,1.2947199999999999,1.29665,1.29392,1.2946900000000001,8406,10,0
2025-03-25 20:00:00,1.29462,1.29483,1.29378,1.29446,3392,10,0
2025-03-26 00:00:00,1.29443,1.29457,1.29267,1.29356,6721,10,0
2025-03-26 04:00:00,1.29356,1.29429,1.29025,1.29109,8944,10,0
2025-03-26 08:00:00,1.2911000000000001,1.29134,1.28858,1.28964,12557,10,0
2025-03-26 12:00:00,1.28965,1.29088,1.28739,1.28853,17592,10,0
2025-03-26 16:00:00,1.28858,1.2902,1.28788,1.28875,10105,10,0
2025-03-26 20:00:00,1.28877,1.28931,1.28664,1.28769,5308,10,0
2025-03-27 00:00:00,1.28769,1.29162,1.2876,1.29105,7211,10,0
2025-03-27 04:00:00,1.2910599999999999,1.29287,1.29025,1.29118,9073,10,0
2025-03-27 08:00:00,1.29121,1.29416,1.2901,1.29304,13197,10,0
2025-03-27 12:00:00,1.29306,1.29916,1.29222,1.29624,17257,10,0
2025-03-27 16:00:00,1.29623,1.2972299999999999,1.29452,1.29488,9752,10,0
2025-03-27 20:00:00,1.2949,1.29518,1.2937400000000001,1.2951,2920,10,0
2025-03-28 00:00:00,1.29508,1.29528,1.29404,1.29449,6183,10,0
2025-03-28 04:00:00,1.2945,1.29677,1.2937,1.29504,6958,10,0
2025-03-28 08:00:00,1.29507,1.29593,1.29218,1.2929,11254,10,0
2025-03-28 12:00:00,1.29288,1.29677,1.29231,1.29409,16677,10,0
2025-03-28 16:00:00,1.2941099999999999,1.29493,1.2929,1.29444,8914,10,0
2025-03-28 20:00:00,1.2944200000000001,1.29474,1.29375,1.29394,1350,10,0
2025-03-30 20:00:00,1.29305,1.29402,1.29163,1.29372,4813,10,0
2025-03-31 00:00:00,1.29369,1.29714,1.29364,1.29566,9361,10,0
2025-03-31 04:00:00,1.29568,1.29726,1.29483,1.29561,11627,10,0
2025-03-31 08:00:00,1.29558,1.29608,1.29177,1.29518,11909,10,0
2025-03-31 12:00:00,1.29518,1.29583,1.28895,1.28906,18072,10,0
2025-03-31 16:00:00,1.28908,1.29238,1.2885900000000001,1.29182,9673,10,0
2025-03-31 20:00:00,1.29184,1.29209,1.2910599999999999,1.29188,3926,10,0
2025-04-01 00:00:00,1.2919100000000001,1.29358,1.2917399999999999,1.29325,7565,10,0
2025-04-01 04:00:00,1.29326,1.29403,1.29021,1.29082,10572,10,0
2025-04-01 08:00:00,1.29078,1.2937699999999999,1.2889599999999999,1.28904,14029,10,0
2025-04-01 12:00:00,1.28902,1.29292,1.28789,1.29207,16620,10,0
2025-04-01 16:00:00,1.29207,1.29326,1.2907899999999999,1.292,9111,10,0
2025-04-01 20:00:00,1.29203,1.29326,1.29173,1.29212,5310,10,0
2025-04-02 00:00:00,1.29214,1.29299,1.29057,1.29208,6901,10,0
2025-04-02 04:00:00,1.29208,1.2922,1.29,1.29126,8038,10,0
2025-04-02 08:00:00,1.29123,1.29496,1.29095,1.29473,11300,10,0
2025-04-02 12:00:00,1.29474,1.29785,1.29336,1.2973,15624,10,0
2025-04-02 16:00:00,1.2973,1.29864,1.29626,1.29806,9775,10,0
2025-04-02 20:00:00,1.29804,1.3052000000000001,1.29536,1.3044799999999999,32147,10,0
2025-04-03 00:00:00,1.30447,1.3076699999999999,1.30257,1.30702,19488,10,0
2025-04-03 04:00:00,1.30704,1.31392,1.30555,1.31357,21478,10,0
2025-04-03 08:00:00,1.3136,1.32073,1.3130899999999999,1.31738,29708,10,0
2025-04-03 12:00:00,1.31742,1.31955,1.31048,1.31098,32512,10,0
2025-04-03 16:00:00,1.31101,1.31211,1.30792,1.3081,16082,10,0
2025-04-03 20:00:00,1.30807,1.3108,1.30796,1.30888,7540,10,0
2025-04-04 00:00:00,1.30887,1.3109199999999999,1.30802,1.31037,14362,10,0
2025-04-04 04:00:00,1.31037,1.31134,1.30045,1.30077,19198,10,0
2025-04-04 08:00:00,1.30078,1.30322,1.29615,1.3020100000000001,45005,10,0
2025-04-04 12:00:00,1.30202,1.30501,1.29068,1.2925900000000001,63178,10,0
2025-04-04 16:00:00,1.2926199999999999,1.29287,1.28564,1.28727,30057,10,0
2025-04-04 20:00:00,1.2873,1.2902,1.28524,1.29005,3867,10,0
2025-04-06 20:00:00,1.28266,1.29332,1.28196,1.29083,14759,10,0
2025-04-07 00:00:00,1.29087,1.29169,1.2848899999999999,1.2886,28576,10,0
2025-04-07 04:00:00,1.28861,1.29337,1.2882500000000001,1.28939,30536,10,0
2025-04-07 08:00:00,1.28941,1.2913000000000001,1.2803,1.2824,34185,10,0
2025-04-07 12:00:00,1.2824200000000001,1.2852700000000001,1.27245,1.27249,64817,10,0
2025-04-07 16:00:00,1.27253,1.2778,1.27097,1.2716,27273,10,0
2025-04-07 20:00:00,1.27162,1.2738,1.2707600000000001,1.27325,8772,10,0
2025-04-08 00:00:00,1.27324,1.27914,1.27324,1.27767,15609,10,0
2025-04-08 04:00:00,1.27765,1.2796,1.27488,1.27499,19168,10,0
2025-04-08 08:00:00,1.27497,1.27829,1.2724199999999999,1.27782,24735,10,0
2025-04-08 12:00:00,1.2778399999999999,1.27959,1.27432,1.2768,30546,10,0
2025-04-08 16:00:00,1.2768,1.28143,1.27545,1.27734,23041,10,0
2025-04-08 20:00:00,1.27732,1.27909,1.2754699999999999,1.27863,9353,10,0
2025-04-09 00:00:00,1.27863,1.28452,1.27745,1.28176,23347,10,0
2025-04-09 04:00:00,1.28174,1.28637,1.2791299999999999,1.27993,35419,10,0
2025-04-09 08:00:00,1.27991,1.28369,1.2772299999999999,1.27734,34758,10,0
2025-04-09 12:00:00,1.27738,1.28144,1.27511,1.27691,37238,10,0
2025-04-09 16:00:00,1.27692,1.28372,1.27428,1.2803,63369,10,0
2025-04-09 20:00:00,1.2803200000000001,1.28333,1.2793,1.28241,12412,10,0
2025-04-10 00:00:00,1.28239,1.2852299999999999,1.28216,1.28467,19725,10,0
2025-04-10 04:00:00,1.28463,1.28813,1.28406,1.28763,22977,10,0
2025-04-10 08:00:00,1.28768,1.2938,1.28601,1.2931,28009,10,0
2025-04-10 12:00:00,1.29309,1.29785,1.28918,1.29378,36382,10,0
2025-04-10 16:00:00,1.2938,1.29956,1.29246,1.29696,28553,10,0
2025-04-10 20:00:00,1.29694,1.29973,1.29527,1.29915,13302,10,0
2025-04-11 00:00:00,1.29912,1.30474,1.29873,1.3035700000000001,42157,10,0
2025-04-11 04:00:00,1.30359,1.30749,1.2984200000000001,1.30671,31456,10,0
2025-04-11 08:00:00,1.30668,1.31449,1.30539,1.3087900000000001,47647,10,0
2025-04-11 12:00:00,1.30876,1.31345,1.3039,1.30474,51894,10,0
2025-04-11 16:00:00,1.30469,1.30832,1.30294,1.30743,25196,10,0
2025-04-11 20:00:00,1.30745,1.31002,1.30639,1.30861,3939,10,0
2025-04-13 20:00:00,1.30745,1.3096,1.30624,1.30837,7942,10,0
2025-04-14 00:00:00,1.30839,1.3127900000000001,1.30831,1.31063,20334,10,0
2025-04-14 04:00:00,1.31066,1.31738,1.30962,1.31654,20423,10,0
2025-04-14 08:00:00,1.31653,1.3201,1.3161,1.31757,18750,10,0
2025-04-14 12:00:00,1.31758,1.3191899999999999,1.3122500000000001,1.31729,24039,10,0
2025-04-14 16:00:00,1.31729,1.3199100000000001,1.3165499999999999,1.3189899999999999,15310,10,0
2025-04-14 20:00:00,1.31901,1.31969,1.31674,1.3172,6513,10,0
2025-04-15 00:00:00,1.31717,1.3199100000000001,1.31639,1.31971,9814,10,0
2025-04-15 04:00:00,1.31972,1.32273,1.31839,1.32232,15409,10,0
2025-04-15 08:00:00,1.32232,1.32514,1.3218,1.32309,16952,10,0
2025-04-15 12:00:00,1.32314,1.3246,1.32046,1.3220100000000001,24183,10,0
2025-04-15 16:00:00,1.32203,1.32293,1.32057,1.3225799999999999,11577,10,0
2025-04-15 20:00:00,1.32261,1.32378,1.3213,1.32306,5945,10,0
2025-04-16 00:00:00,1.32307,1.32632,1.32291,1.3263099999999999,11478,10,0
2025-04-16 04:00:00,1.32633,1.32887,1.32564,1.32834,15321,10,0
2025-04-16 08:00:00,1.32836,1.3292,1.32577,1.32717,19323,10,0
2025-04-16 12:00:00,1.32718,1.32724,1.32257,1.32439,21423,10,0
2025-04-16 16:00:00,1.3243800000000001,1.32494,1.32116,1.32371,16380,10,0
2025-04-16 20:00:00,1.32375,1.32426,1.3229600000000001,1.32321,6654,10,0
2025-04-17 00:00:00,1.32321,1.32335,1.32022,1.32134,11310,10,0
2025-04-17 04:00:00,1.3213300000000001,1.32453,1.3203,1.32419,12545,10,0
2025-04-17 08:00:00,1.3242099999999999,1.32474,1.32193,1.3227,14672,10,0
2025-04-17 12:00:00,1.32271,1.32728,1.32187,1.32571,23767,10,0
2025-04-17 16:00:00,1.32572,1.32724,1.32462,1.3266200000000001,12332,10,0
2025-04-17 20:00:00,1.32659,1.32702,1.32488,1.32648,5369,10,0
2025-04-18 00:00:00,1.32646,1.32799,1.32606,1.32667,15211,77,0
2025-04-18 04:00:00,1.32664,1.32765,1.32606,1.3262,13183,76,0
2025-04-18 08:00:00,1.32617,1.32761,1.32552,1.3271899999999999,12208,77,0
2025-04-18 12:00:00,1.32715,1.32796,1.32654,1.32711,11608,77,0
2025-04-18 16:00:00,1.32714,1.3285,1.3268900000000001,1.32824,9162,128,0
2025-04-18 20:00:00,1.32816,1.32921,1.32771,1.3288,1830,128,0
2025-04-20 20:00:00,1.32683,1.33195,1.32682,1.33141,5598,10,0
2025-04-21 00:00:00,1.33144,1.33866,1.33144,1.3381,14380,10,0
2025-04-21 04:00:00,1.33808,1.34142,1.33663,1.34107,13441,10,0
2025-04-21 08:00:00,1.34103,1.3421699999999999,1.3378700000000001,1.3396,14410,10,0
2025-04-21 12:00:00,1.33961,1.34089,1.33774,1.33809,17686,10,0
2025-04-21 16:00:00,1.33809,1.33844,1.33624,1.33748,9557,10,0
2025-04-21 20:00:00,1.3375,1.3384800000000001,1.33659,1.33793,5173,10,0
2025-04-22 00:00:00,1.3379400000000001,1.3409900000000001,1.33613,1.34042,11630,10,0
2025-04-22 04:00:00,1.34043,1.34236,1.33707,1.33768,17495,10,0
2025-04-22 08:00:00,1.3376700000000001,1.33903,1.3362,1.33769,16656,10,0
2025-04-22 12:00:00,1.3377,1.33902,1.33547,1.33738,18993,10,0
2025-04-22 16:00:00,1.3374,1.3377,1.33296,1.33313,14551,10,0
2025-04-22 20:00:00,1.33316,1.33392,1.32325,1.3271899999999999,13643,10,0
2025-04-23 00:00:00,1.32718,1.33172,1.32705,1.32921,15526,10,0
2025-04-23 04:00:00,1.32919,1.33279,1.3287499999999999,1.33053,16622,10,0
2025-04-23 08:00:00,1.33056,1.33388,1.32808,1.32987,18213,10,0
2025-04-23 12:00:00,1.32987,1.33194,1.3254000000000001,1.3255,31656,10,0
2025-04-23 16:00:00,1.32551,1.32768,1.32497,1.3265500000000001,14839,10,0
2025-04-23 20:00:00,1.32651,1.32732,1.3244500000000001,1.32646,6623,10,0
2025-04-24 00:00:00,1.32645,1.32865,1.32583,1.32695,9875,10,0
2025-04-24 04:00:00,1.32695,1.3296299999999999,1.3264,1.32938,12019,10,0
2025-04-24 08:00:00,1.32938,1.33208,1.32901,1.33083,14100,10,0
2025-04-24 12:00:00,1.33083,1.33321,1.32896,1.33043,18310,10,0
2025-04-24 16:00:00,1.33047,1.33442,1.33016,1.3336700000000001,10337,10,0
2025-04-24 20:00:00,1.33372,1.3348900000000001,1.33239,1.33269,5077,10,0
2025-04-25 00:00:00,1.33269,1.33269,1.32856,1.32865,10633,10,0
2025-04-25 04:00:00,1.32868,1.33137,1.32736,1.32974,14228,10,0
2025-04-25 08:00:00,1.32977,1.33178,1.32866,1.33066,12055,10,0
2025-04-25 12:00:00,1.33067,1.33296,1.32974,1.33281,15198,10,0
2025-04-25 16:00:00,1.33282,1.3332,1.33158,1.3318699999999999,8708,10,0
2025-04-25 20:00:00,1.33189,1.33226,1.33056,1.33105,1688,10,0
2025-04-27 20:00:00,1.32939,1.33111,1.32876,1.32897,3663,10,0
2025-04-28 00:00:00,1.32898,1.3305,1.32796,1.32947,8051,10,0
2025-04-28 04:00:00,1.32947,1.3327,1.32876,1.33049,11214,10,0
2025-04-28 08:00:00,1.33047,1.33544,1.3304,1.3338,13845,10,0
2025-04-28 12:00:00,1.33383,1.34201,1.33377,1.33928,18642,10,0
2025-04-28 16:00:00,1.33925,1.34424,1.33921,1.34384,11212,10,0
2025-04-28 20:00:00,1.34382,1.34439,1.34284,1.34342,5214,10,0
2025-04-29 00:00:00,1.3434300000000001,1.34422,1.34085,1.34124,8917,10,0
2025-04-29 04:00:00,1.34123,1.3422100000000001,1.33938,1.3421699999999999,11232,10,0
2025-04-29 08:00:00,1.3422,1.3425799999999999,1.33798,1.33832,11946,10,0
2025-04-29 12:00:00,1.33836,1.34205,1.3382,1.33956,16328,10,0
2025-04-29 16:00:00,1.33959,1.34198,1.33927,1.34029,9165,10,0
2025-04-29 20:00:00,1.34025,1.34138,1.33962,1.34113,4352,10,0
2025-04-30 00:00:00,1.34114,1.34141,1.3382399999999999,1.3384,7645,10,0
2025-04-30 04:00:00,1.33838,1.3406,1.33803,1.33852,9815,10,0
2025-04-30 08:00:00,1.33857,1.33883,1.3354,1.33564,12418,10,0
2025-04-30 12:00:00,1.33566,1.3366799999999999,1.33087,1.33411,23032,10,0
2025-04-30 16:00:00,1.33409,1.33576,1.3326,1.33284,11184,10,0
2025-04-30 20:00:00,1.33286,1.33322,1.33183,1.33205,5221,10,0
2025-05-01 00:00:00,1.3320400000000001,1.33261,1.32926,1.33006,6751,10,0
2025-05-01 04:00:00,1.33006,1.33067,1.32742,1.33053,10989,10,0
2025-05-01 08:00:00,1.33056,1.3345,1.3305,1.33236,11354,10,0
2025-05-01 12:00:00,1.33236,1.33399,1.32644,1.32724,19954,10,0
2025-05-01 16:00:00,1.32722,1.32862,1.32596,1.32783,10041,10,0
2025-05-01 20:00:00,1.3278400000000001,1.32863,1.32633,1.32854,4607,10,0
2025-05-02 00:00:00,1.32855,1.331,1.32735,1.33093,8241,10,0
2025-05-02 04:00:00,1.33095,1.33217,1.3298,1.32985,11810,10,0
2025-05-02 08:00:00,1.32989,1.33154,1.32819,1.32934,13181,10,0
2025-05-02 12:00:00,1.32934,1.33304,1.3259699999999999,1.32804,25054,10,0
2025-05-02 16:00:00,1.32806,1.32966,1.32671,1.32769,12333,10,0
2025-05-02 20:00:00,1.32767,1.32786,1.32632,1.327,1258,10,0
2025-05-04 20:00:00,1.32466,1.32761,1.32462,1.3269199999999999,3291,10,0
2025-05-05 00:00:00,1.32693,1.33003,1.32613,1.32882,8528,10,0
2025-05-05 04:00:00,1.32883,1.3306499999999999,1.32749,1.32803,11538,10,0
2025-05-05 08:00:00,1.32801,1.3324799999999999,1.32763,1.33159,12767,10,0
2025-05-05 12:00:00,1.3316,1.33362,1.32795,1.32816,16512,10,0
2025-05-05 16:00:00,1.32817,1.3299,1.32698,1.32925,8577,10,0
2025-05-05 20:00:00,1.32926,1.32985,1.3277999999999999,1.32901,3176,10,0
2025-05-06 00:00:00,1.32901,1.32965,1.32595,1.32942,10029,10,0
2025-05-06 04:00:00,1.3294000000000001,1.33282,1.3284799999999999,1.33194,10951,10,0
2025-05-06 08:00:00,1.33196,1.33744,1.33072,1.33689,15283,10,0
2025-05-06 12:00:00,1.33691,1.34022,1.3356,1.33667,17073,10,0
2025-05-06 16:00:00,1.33671,1.33864,1.33514,1.33784,10657,10,0
2025-05-06 20:00:00,1.33779,1.33817,1.33432,1.33514,8366,10,0
2025-05-07 00:00:00,1.33514,1.33617,1.3333,1.33457,12711,10,0
2025-05-07 04:00:00,1.3345799999999999,1.3366799999999999,1.33403,1.33514,11631,10,0
2025-05-07 08:00:00,1.3351600000000001,1.33575,1.33225,1.33477,12343,10,0
2025-05-07 12:00:00,1.33476,1.3376700000000001,1.33382,1.33423,14385,10,0
2025-05-07 16:00:00,1.3342399999999999,1.33528,1.32892,1.32966,19387,10,0
2025-05-07 20:00:00,1.32966,1.32976,1.32793,1.32897,5175,10,0
2025-05-08 00:00:00,1.32898,1.33559,1.32893,1.33442,12194,10,0
2025-05-08 04:00:00,1.33441,1.33472,1.3266499999999999,1.32898,15567,10,0
2025-05-08 08:00:00,1.3290199999999999,1.3332600000000001,1.3241100000000001,1.33254,19203,10,0
2025-05-08 12:00:00,1.33256,1.33446,1.32727,1.3284099999999999,22097,10,0
2025-05-08 16:00:00,1.3283800000000001,1.32852,1.3235700000000001,1.32437,12548,10,0
2025-05-08 20:00:00,1.32436,1.32514,1.32327,1.32391,4331,10,0
2025-05-09 00:00:00,1.3238699999999999,1.3243,1.32116,1.3231,10490,10,0
2025-05-09 04:00:00,1.3231,1.32688,1.32232,1.32618,10502,10,0
2025-05-09 08:00:00,1.3262,1.32853,1.32531,1.32761,11870,10,0
2025-05-09 12:00:00,1.32762,1.33171,1.3272,1.3315000000000001,13804,10,0
2025-05-09 16:00:00,1.33151,1.33221,1.33015,1.33113,7176,10,0
2025-05-09 20:00:00,1.33113,1.33113,1.32966,1.33035,1764,10,0
2025-05-11 20:00:00,1.3259,1.32948,1.3254299999999999,1.3284099999999999,4569,10,0
2025-05-12 00:00:00,1.3284099999999999,1.32941,1.32743,1.3290600000000001,10966,10,0
2025-05-12 04:00:00,1.32903,1.32991,1.31628,1.31684,19662,10,0
2025-05-12 08:00:00,1.31687,1.32043,1.31393,1.31768,23207,10,0
2025-05-12 12:00:00,1.31765,1.32151,1.3171300000000001,1.31911,19547,10,0
2025-05-12 16:00:00,1.31913,1.31967,1.3161800000000001,1.31783,11035,10,0
2025-05-12 20:00:00,1.31785,1.31818,1.3158699999999999,1.31771,4864,10,0
2025-05-13 00:00:00,1.31771,1.31999,1.31732,1.31977,9821,10,0
2025-05-13 04:00:00,1.31977,1.32115,1.31888,1.32112,11659,10,0
2025-05-13 08:00:00,1.32112,1.322,1.31999,1.32128,11852,10,0
2025-05-13 12:00:00,1.32128,1.328,1.32116,1.32766,20186,10,0
2025-05-13 16:00:00,1.32766,1.33078,1.32709,1.33048,9216,10,0
2025-05-13 20:00:00,1.33051,1.3316,1.32986,1.3303,4264,10,0
2025-05-14 00:00:00,1.33029,1.33198,1.32977,1.33083,10069,10,0
2025-05-14 04:00:00,1.33086,1.33304,1.3290600000000001,1.33282,11969,10,0
2025-05-14 08:00:00,1.33285,1.33601,1.33264,1.33332,19563,10,0
2025-05-14 12:00:00,1.33334,1.33383,1.32864,1.32999,19922,10,0
2025-05-14 16:00:00,1.33,1.33095,1.32527,1.3259699999999999,13593,10,0
2025-05-14 20:00:00,1.32596,1.32686,1.3249,1.32629,4284,10,0
2025-05-15 00:00:00,1.3263,1.32863,1.3259,1.32803,9126,10,0
2025-05-15 04:00:00,1.32803,1.33047,1.32622,1.32671,12186,10,0
2025-05-15 08:00:00,1.32671,1.32993,1.32623,1.32702,13391,10,0
2025-05-15 12:00:00,1.32702,1.33194,1.32629,1.32888,20791,10,0
2025-05-15 16:00:00,1.3289,1.33075,1.32816,1.33049,9116,10,0
2025-05-15 20:00:00,1.33049,1.33096,1.32932,1.33029,4166,10,0
2025-05-16 00:00:00,1.3302800000000001,1.3318400000000001,1.33011,1.33117,9396,10,0
2025-05-16 04:00:00,1.33117,1.33322,1.33083,1.33139,10221,10,0
2025-05-16 08:00:00,1.33142,1.33166,1.3281399999999999,1.32819,11995,10,0
2025-05-16 12:00:00,1.32819,1.32987,1.32526,1.32558,16557,10,0
2025-05-16 16:00:00,1.32555,1.32831,1.325,1.32756,9202,10,0
2025-05-16 20:00:00,1.3275299999999999,1.32878,1.32744,1.3279,2062,10,0
2025-05-18 20:00:00,1.32671,1.33047,1.326,1.33047,3863,10,0
2025-05-19 00:00:00,1.33048,1.33133,1.329,1.3296700000000001,10511,10,0
2025-05-19 04:00:00,1.32964,1.33724,1.32908,1.33671,12293,10,0
2025-05-19 08:00:00,1.33673,1.34037,1.33478,1.33817,16296,10,0
2025-05-19 12:00:00,1.33815,1.3383099999999999,1.33525,1.3354,16575,10,0
2025-05-19 16:00:00,1.3354300000000001,1.33609,1.33441,1.33592,8258,10,0
2025-05-19 20:00:00,1.3359,1.33644,1.33494,1.3358400000000001,3805,10,0
2025-05-20 00:00:00,1.33583,1.33735,1.33445,1.3366799999999999,10082,10,0
2025-05-20 04:00:00,1.3366500000000001,1.33944,1.3361100000000001,1.3391199999999999,13417,10,0
2025-05-20 08:00:00,1.33911,1.3393,1.33532,1.3361399999999999,11629,10,0
2025-05-20 12:00:00,1.3361100000000001,1.33739,1.3334,1.33689,16284,10,0
2025-05-20 16:00:00,1.33692,1.33905,1.33585,1.33872,9199,10,0
2025-05-20 20:00:00,1.33871,1.33974,1.33748,1.33964,3806,10,0
2025-05-21 00:00:00,1.33964,1.34351,1.33938,1.343,10473,10,0
2025-05-21 04:00:00,1.34297,1.34684,1.34096,1.34124,16419,10,0
2025-05-21 08:00:00,1.34122,1.34375,1.3388,1.3413599999999999,16639,10,0
2025-05-21 12:00:00,1.34139,1.3449499999999999,1.33998,1.34445,19940,10,0
2025-05-21 16:00:00,1.34443,1.34524,1.34152,1.3416000000000001,12481,10,0
2025-05-21 20:00:00,1.34161,1.34236,1.34046,1.34199,5224,10,0
2025-05-22 00:00:00,1.34203,1.3440400000000001,1.3416000000000001,1.34246,11256,10,0
2025-05-22 04:00:00,1.34243,1.34325,1.34093,1.34323,11989,10,0
2025-05-22 08:00:00,1.3431899999999999,1.3440400000000001,1.33902,1.34191,15281,10,0
2025-05-22 12:00:00,1.34195,1.34361,1.34013,1.34243,18282,10,0
2025-05-22 16:00:00,1.34244,1.3436,1.34033,1.34185,9812,10,0
2025-05-22 20:00:00,1.34182,1.34265,1.341,1.34191,3636,10,0
2025-05-23 00:00:00,1.3419400000000001,1.3448,1.34178,1.34471,7906,10,0
2025-05-23 04:00:00,1.34469,1.34844,1.3443399999999999,1.34792,10532,10,0
2025-05-23 08:00:00,1.34789,1.35156,1.34734,1.34879,17465,10,0
2025-05-23 12:00:00,1.34878,1.35333,1.34765,1.3508,22160,10,0
2025-05-23 16:00:00,1.35083,1.35391,1.35041,1.35339,9218,10,0
2025-05-23 20:00:00,1.35337,1.35432,1.35318,1.35397,1693,10,0
2025-05-25 20:00:00,1.35138,1.35422,1.3513,1.35374,4916,10,0
2025-05-26 00:00:00,1.35375,1.3593,1.35357,1.35785,11044,10,0
2025-05-26 04:00:00,1.35786,1.35922,1.35651,1.35667,11028,10,0
2025-05-26 08:00:00,1.3566799999999999,1.35711,1.35537,1.35591,9111,10,0
2025-05-26 12:00:00,1.35593,1.35679,1.3550499999999999,1.35625,7938,10,0
2025-05-26 16:00:00,1.35625,1.35648,1.3557000000000001,1.35639,2772,10,0
2025-05-26 20:00:00,1.35642,1.35681,1.35511,1.35648,3259,10,0
2025-05-27 00:00:00,1.35648,1.35863,1.35648,1.3568799999999999,7672,10,0
2025-05-27 04:00:00,1.3568500000000001,1.35747,1.35216,1.35248,14250,10,0
2025-05-27 08:00:00,1.3525,1.35534,1.35224,1.35481,12935,10,0
2025-05-27 12:00:00,1.3548499999999999,1.35645,1.34997,1.35022,15376,10,0
2025-05-27 16:00:00,1.3502399999999999,1.35148,1.35004,1.35046,7800,10,0
2025-05-27 20:00:00,1.3504399999999999,1.3514599999999999,1.34996,1.3513600000000001,3491,10,0
2025-05-28 00:00:00,1.3513899999999999,1.35219,1.3476,1.34821,11478,10,0
2025-05-28 04:00:00,1.3482,1.35039,1.34609,1.3498,11894,10,0
2025-05-28 08:00:00,1.34982,1.35188,1.34754,1.3479,11433,10,0
2025-05-28 12:00:00,1.34789,1.34889,1.34494,1.34593,16802,10,0
2025-05-28 16:00:00,1.34595,1.34794,1.34589,1.34637,8768,10,0
2025-05-28 20:00:00,1.34639,1.3471,1.34149,1.34284,7870,10,0
2025-05-29 00:00:00,1.34284,1.34463,1.34183,1.3436,16335,10,0
2025-05-29 04:00:00,1.34356,1.34705,1.3425799999999999,1.34644,13455,10,0
2025-05-29 08:00:00,1.34643,1.3483399999999999,1.34539,1.34606,13195,10,0
2025-05-29 12:00:00,1.34603,1.35067,1.34601,1.34882,19867,10,0
2025-05-29 16:00:00,1.34878,1.35047,1.3486500000000001,1.34941,9532,10,0
2025-05-29 20:00:00,1.34944,1.35007,1.34862,1.3498700000000001,4365,10,0
2025-05-30 00:00:00,1.34985,1.3510499999999999,1.34677,1.34704,11452,10,0
2025-05-30 04:00:00,1.34706,1.34854,1.34545,1.34774,11726,10,0
2025-05-30 08:00:00,1.3477700000000001,1.34844,1.34619,1.34749,12278,10,0
2025-05-30 12:00:00,1.3475,1.34992,1.34473,1.3467,21118,10,0
2025-05-30 16:00:00,1.3467,1.34763,1.34544,1.34726,9994,10,0
2025-05-30 20:00:00,1.34728,1.34749,1.34523,1.34523,1729,10,0
2025-06-01 20:00:00,1.34497,1.3473,1.34408,1.34681,3372,10,0
2025-06-02 00:00:00,1.3468200000000001,1.35052,1.34673,1.34825,9573,10,0
2025-06-02 04:00:00,1.34825,1.3557000000000001,1.34805,1.3548,11364,10,0
2025-06-02 08:00:00,1.3548200000000001,1.35549,1.35266,1.35351,13320,10,0
2025-06-02 12:00:00,1.3535,1.35593,1.35181,1.35472,16811,10,0
2025-06-02 16:00:00,1.35474,1.35484,1.35167,1.35456,9357,10,0
2025-06-02 20:00:00,1.35457,1.35592,1.35341,1.3556599999999999,3798,10,0
2025-06-03 00:00:00,1.35565,1.35574,1.35144,1.35179,8999,10,0
2025-06-03 04:00:00,1.35179,1.35371,1.35113,1.35194,10513,10,0
2025-06-03 08:00:00,1.35194,1.35263,1.34945,1.35029,11541,10,0
2025-06-03 12:00:00,1.35031,1.3533,1.34913,1.3519700000000001,16104,10,0
2025-06-03 16:00:00,1.35199,1.35288,1.35098,1.35154,7965,10,0
2025-06-03 20:00:00,1.35153,1.35311,1.35132,1.35303,3429,10,0
2025-06-04 00:00:00,1.35304,1.3544399999999999,1.35133,1.3516,9306,10,0
2025-06-04 04:00:00,1.35162,1.35412,1.35007,1.35281,11637,10,0
2025-06-04 08:00:00,1.35282,1.35454,1.35127,1.3513600000000001,11046,10,0
2025-06-04 12:00:00,1.35134,1.35794,1.35113,1.35677,17651,10,0
2025-06-04 16:00:00,1.35678,1.35735,1.35455,1.3546,8321,10,0
2025-06-04 20:00:00,1.3546,1.3559700000000001,1.35433,1.3550499999999999,3747,10,0
2025-06-05 00:00:00,1.35507,1.35655,1.35401,1.35443,9598,10,0
2025-06-05 04:00:00,1.35445,1.35738,1.3542,1.35598,9663,10,0
2025-06-05 08:00:00,1.35599,1.35843,1.3559700000000001,1.35702,10714,10,0
2025-06-05 12:00:00,1.35699,1.36161,1.35657,1.35815,24159,10,0
2025-06-05 16:00:00,1.35813,1.35893,1.3566099999999999,1.35732,10703,10,0
2025-06-05 20:00:00,1.35732,1.35807,1.3563,1.35785,3665,10,0
2025-06-06 00:00:00,1.3578299999999999,1.35843,1.35651,1.35717,7495,10,0
2025-06-06 04:00:00,1.35717,1.35763,1.35345,1.3545,9712,10,0
2025-06-06 08:00:00,1.3545,1.35548,1.3529200000000001,1.3550499999999999,9699,10,0
2025-06-06 12:00:00,1.35506,1.35625,1.35071,1.35307,24604,10,0
2025-06-06 16:00:00,1.35308,1.3535599999999999,1.35153,1.35313,9614,10,0
2025-06-06 20:00:00,1.35315,1.35321,1.35232,1.35255,963,10,0
2025-06-08 20:00:00,1.35118,1.35394,1.35118,1.35368,2423,10,0
2025-06-09 00:00:00,1.35369,1.35651,1.35274,1.35513,7746,10,0
2025-06-09 04:00:00,1.3551199999999999,1.35716,1.35484,1.35642,7983,10,0
2025-06-09 08:00:00,1.35644,1.35809,1.35544,1.35611,9712,10,0
2025-06-09 12:00:00,1.35614,1.3564,1.35242,1.35617,13506,10,0
2025-06-09 16:00:00,1.35617,1.35656,1.35511,1.35574,7041,10,0
2025-06-09 20:00:00,1.35572,1.35574,1.35435,1.3553899999999999,3385,10,0
2025-06-10 00:00:00,1.3554,1.35638,1.35189,1.35428,10051,10,0
2025-06-10 04:00:00,1.35429,1.35456,1.34559,1.34721,15181,10,0
2025-06-10 08:00:00,1.34721,1.35083,1.3471899999999999,1.35047,12805,10,0
2025-06-10 12:00:00,1.35047,1.3536299999999999,1.34976,1.3507,14709,10,0
2025-06-10 16:00:00,1.35071,1.35093,1.34896,1.35019,7862,10,0
2025-06-10 20:00:00,1.35018,1.35097,1.34879,1.3507,5070,10,0
2025-06-11 00:00:00,1.3507,1.35094,1.34742,1.34821,8752,10,0
2025-06-11 04:00:00,1.34821,1.34911,1.34635,1.34827,9113,10,0
2025-06-11 08:00:00,1.3483,1.35052,1.34794,1.34943,10792,10,0
2025-06-11 12:00:00,1.34947,1.35575,1.3488,1.3554300000000001,19688,8,0
2025-06-11 16:00:00,1.35544,1.35672,1.35357,1.35381,10372,10,0
2025-06-11 20:00:00,1.35378,1.35724,1.35375,1.35673,4901,10,0
2025-06-12 00:00:00,1.35676,1.35931,1.35617,1.35829,10754,10,0
2025-06-12 04:00:00,1.35828,1.35896,1.3522,1.35425,12436,10,0
2025-06-12 08:00:00,1.35428,1.35991,1.35374,1.35917,17476,10,0
2025-06-12 12:00:00,1.3592,1.36233,1.35794,1.35857,19660,10,0
2025-06-12 16:00:00,1.35859,1.36041,1.3581400000000001,1.36021,8762,10,0
2025-06-12 20:00:00,1.36021,1.36301,1.3600400000000001,1.36282,4313,10,0
2025-06-13 00:00:00,1.3628,1.36323,1.35403,1.35522,21020,10,0
2025-06-13 04:00:00,1.35523,1.35698,1.35209,1.35585,16051,10,0
2025-06-13 08:00:00,1.35585,1.35689,1.35228,1.35388,16266,10,0
2025-06-13 12:00:00,1.35388,1.36025,1.35159,1.35918,16578,10,0
2025-06-13 16:00:00,1.35915,1.36006,1.35582,1.357,11248,10,0
2025-06-13 20:00:00,1.35697,1.35751,1.35591,1.3574,2774,10,0
2025-06-15 20:00:00,1.35557,1.35611,1.35366,1.3548499999999999,5656,10,0
2025-06-16 00:00:00,1.3548499999999999,1.3558,1.35343,1.3536000000000001,10133,10,0
2025-06-16 04:00:00,1.3536000000000001,1.35924,1.35358,1.35838,12763,10,0
2025-06-16 08:00:00,1.3584100000000001,1.35907,1.35752,1.35772,11403,10,0
2025-06-16 12:00:00,1.35772,1.3622,1.35735,1.35968,16700,10,0
2025-06-16 16:00:00,1.35971,1.36105,1.35733,1.3574,9437,10,0
2025-06-16 20:00:00,1.35736,1.3583,1.3563100000000001,1.35679,5987,10,0
2025-06-17 00:00:00,1.3568,1.35758,1.35569,1.35736,9625,10,0
2025-06-17 04:00:00,1.35735,1.35792,1.3553,1.3565,11040,10,0
2025-06-17 08:00:00,1.35651,1.3571,1.35411,1.35614,11636,10,0
2025-06-17 12:00:00,1.35612,1.35731,1.34954,1.35138,17713,10,0
2025-06-17 16:00:00,1.3513899999999999,1.3516599999999999,1.34223,1.3426,15409,10,0
2025-06-17 20:00:00,1.3426,1.3433,1.34125,1.34287,5776,10,0
2025-06-18 00:00:00,1.34284,1.34459,1.34264,1.3437999999999999,9869,10,0
2025-06-18 04:00:00,1.3437999999999999,1.34761,1.34349,1.34585,11140,10,0
2025-06-18 08:00:00,1.34583,1.34683,1.34374,1.34508,11519,10,0
2025-06-18 12:00:00,1.3451,1.34729,1.34347,1.34683,18031,10,0
2025-06-18 16:00:00,1.34687,1.34762,1.33996,1.34091,22686,10,0
2025-06-18 20:00:00,1.34089,1.34268,1.34051,1.34139,5940,10,0
2025-06-19 00:00:00,1.34135,1.34173,1.33868,1.3407,10666,10,0
2025-06-19 04:00:00,1.3407,1.34171,1.33823,1.34021,10695,10,0
2025-06-19 08:00:00,1.34021,1.34489,1.33974,1.34467,15351,10,0
2025-06-19 12:00:00,1.34467,1.34483,1.34167,1.34291,13687,10,0
2025-06-19 16:00:00,1.34289,1.34697,1.34216,1.3468200000000001,6065,10,0
2025-06-19 20:00:00,1.34681,1.34795,1.34478,1.34757,4429,10,0
2025-06-20 00:00:00,1.34755,1.34991,1.34755,1.34968,9261,10,0
2025-06-20 04:00:00,1.34965,1.35004,1.3462,1.34761,10284,10,0
2025-06-20 08:00:00,1.3476,1.35002,1.34705,1.34975,11036,10,0
2025-06-20 12:00:00,1.34972,1.3510900000000001,1.3452899999999999,1.3464,17365,10,0
2025-06-20 16:00:00,1.3464,1.34796,1.34451,1.34456,9489,10,0
2025-06-20 20:00:00,1.34457,1.34527,1.34408,1.3449499999999999,1768,10,0
2025-06-22 20:00:00,1.33905,1.34412,1.33857,1.34342,5874,10,0
2025-06-23 00:00:00,1.3434300000000001,1.34381,1.34027,1.3417,11400,10,0
2025-06-23 04:00:00,1.34169,1.34484,1.34051,1.34391,13473,10,0
2025-06-23 08:00:00,1.34387,1.34458,1.337,1.33937,15839,10,0
2025-06-23 12:00:00,1.33937,1.35054,1.33734,1.3489200000000001,20767,10,0
2025-06-23 16:00:00,1.34894,1.35309,1.347,1.35266,15108,10,0
2025-06-23 20:00:00,1.35269,1.3554599999999999,1.35148,1.35447,7117,10,0
2025-06-24 00:00:00,1.35449,1.3566099999999999,1.35351,1.35633,10877,10,0
2025-06-24 04:00:00,1.35635,1.35942,1.35574,1.3578999999999999,14565,10,0
2025-06-24 08:00:00,1.35788,1.36263,1.35781,1.36128,12074,10,0
2025-06-24 12:00:00,1.3612600000000001,1.36482,1.3590499999999999,1.3614,17715,10,0
2025-06-24 16:00:00,1.36136,1.36388,1.36099,1.36198,8781,10,0
2025-06-24 20:00:00,1.36197,1.3624100000000001,1.3603100000000001,1.36148,4038,10,0
2025-06-25 00:00:00,1.36148,1.36286,1.3611,1.3612199999999999,9178,10,0
2025-06-25 04:00:00,1.36117,1.36333,1.36059,1.36134,9576,10,0
2025-06-25 08:00:00,1.36139,1.36242,1.36011,1.3606500000000001,11335,10,0
2025-06-25 12:00:00,1.36063,1.36272,1.35899,1.36243,13465,10,0
2025-06-25 16:00:00,1.36242,1.36711,1.36242,1.3665,9100,10,0
2025-06-25 20:00:00,1.36652,1.3691499999999999,1.36502,1.3689200000000001,4960,10,0
2025-06-26 00:00:00,1.36891,1.37248,1.36767,1.37104,9526,10,0
2025-06-26 04:00:00,1.37103,1.3740299999999999,1.36962,1.37362,12403,10,0
2025-06-26 08:00:00,1.37364,1.37645,1.36992,1.37073,14471,10,0
2025-06-26 12:00:00,1.3707,1.3753199999999999,1.36991,1.37511,20251,10,0
2025-06-26 16:00:00,1.37511,1.37702,1.37276,1.3732,10945,10,0
2025-06-26 20:00:00,1.37324,1.37361,1.3715899999999999,1.37246,4503,10,0
2025-06-27 00:00:00,1.37247,1.3749500000000001,1.37233,1.3736,8753,10,0
2025-06-27 04:00:00,1.3736,1.37493,1.37196,1.37391,10357,10,0
2025-06-27 08:00:00,1.37394,1.37501,1.37204,1.37369,11193,10,0
2025-06-27 12:00:00,1.37368,1.37521,1.37029,1.37173,17925,10,0
2025-06-27 16:00:00,1.37172,1.37244,1.36826,1.37063,12886,10,0
2025-06-27 20:00:00,1.37061,1.37221,1.37059,1.37198,1928,10,0
2025-06-29 20:00:00,1.36941,1.3728099999999999,1.36941,1.37183,3691,10,0
2025-06-30 00:00:00,1.37183,1.37294,1.37073,1.37121,8751,10,0
2025-06-30 04:00:00,1.3712,1.37402,1.3701400000000001,1.37021,10993,10,0
2025-06-30 08:00:00,1.37019,1.37113,1.36899,1.3705,10123,10,0
2025-06-30 12:00:00,1.37052,1.37225,1.3673600000000001,1.3719299999999999,16395,10,0
2025-06-30 16:00:00,1.37192,1.37275,1.36981,1.37249,9819,10,0
2025-06-30 20:00:00,1.3725,1.37367,1.37141,1.37303,4345,10,0
2025-07-01 00:00:00,1.37303,1.37488,1.37236,1.37375,8650,10,0
2025-07-01 04:00:00,1.37378,1.37682,1.37316,1.37669,10348,10,0
2025-07-01 08:00:00,1.37666,1.37883,1.37533,1.3754,14110,10,0
2025-07-01 12:00:00,1.3754,1.37599,1.37032,1.3724,17296,10,0
2025-07-01 16:00:00,1.37238,1.37427,1.37113,1.37395,9890,10,0
2025-07-01 20:00:00,1.37397,1.375,1.37385,1.37451,3896,10,0
2025-07-02 00:00:00,1.37451,1.37523,1.37316,1.37454,7091,10,0
2025-07-02 04:00:00,1.37454,1.3746,1.37051,1.37053,8885,10,0
2025-07-02 08:00:00,1.37051,1.37126,1.3654600000000001,1.36624,12376,10,0
2025-07-02 12:00:00,1.36621,1.36673,1.3562,1.36204,30601,10,0
2025-07-02 16:00:00,1.36203,1.3644,1.36128,1.3635,10005,10,0
2025-07-02 20:00:00,1.3635,1.36557,1.36234,1.36486,4220,10,0
2025-07-03 00:00:00,1.3648500000000001,1.36535,1.36243,1.3627500000000001,7454,10,0
2025-07-03 04:00:00,1.36272,1.36747,1.3623,1.36547,9425,10,0
2025-07-03 08:00:00,1.3655,1.36758,1.36455,1.36569,11820,10,0
2025-07-03 12:00:00,1.36569,1.3673600000000001,1.35855,1.3652199999999999,25181,10,0
2025-07-03 16:00:00,1.36525,1.3654600000000001,1.36353,1.3646,5451,10,0
2025-07-03 20:00:00,1.3646,1.36684,1.36418,1.36651,3301,10,0
2025-07-04 00:00:00,1.3665,1.36674,1.36448,1.36575,7083,10,0
2025-07-04 04:00:00,1.36575,1.3681,1.36564,1.36584,9368,10,0
2025-07-04 08:00:00,1.3658299999999999,1.36669,1.36411,1.36472,9494,10,0
2025-07-04 12:00:00,1.36471,1.36532,1.36344,1.36439,9170,10,0
2025-07-04 16:00:00,1.36442,1.36543,1.36412,1.365,8043,10,0
2025-07-04 20:00:00,1.36499,1.36574,1.36415,1.36463,9716,21,0
2025-07-06 20:00:00,1.36386,1.36565,1.36369,1.36505,2773,10,0
2025-07-07 00:00:00,1.36505,1.36574,1.36249,1.3627500000000001,8565,10,0
2025-07-07 04:00:00,1.3627500000000001,1.36295,1.36022,1.36038,11032,10,0
2025-07-07 08:00:00,1.36036,1.3620999999999999,1.35745,1.36148,11683,10,0
2025-07-07 12:00:00,1.36151,1.36475,1.36108,1.36356,12543,10,0
2025-07-07 16:00:00,1.36358,1.36405,1.35887,1.36094,14347,10,0
2025-07-07 20:00:00,1.3609,1.36247,1.35892,1.36234,4759,10,0
2025-07-08 00:00:00,1.36233,1.36387,1.36176,1.36326,8673,10,0
2025-07-08 04:00:00,1.36327,1.3646099999999999,1.3623,1.36403,10934,10,0
2025-07-08 08:00:00,1.36402,1.36406,1.3572600000000001,1.35727,10848,10,0
2025-07-08 12:00:00,1.35727,1.35843,1.35246,1.3571900000000001,17318,10,0
2025-07-08 16:00:00,1.3572199999999999,1.3597299999999999,1.35629,1.3589,12727,10,0
2025-07-08 20:00:00,1.35886,1.35953,1.35795,1.35846,4371,10,0
2025-07-09 00:00:00,1.3584800000000001,1.35928,1.35637,1.35679,9655,10,0
2025-07-09 04:00:00,1.35683,1.3606,1.35659,1.35855,10542,10,0
2025-07-09 08:00:00,1.35853,1.36083,1.35734,1.35771,11236,10,0
2025-07-09 12:00:00,1.35773,1.36193,1.35759,1.35829,14845,10,0
2025-07-09 16:00:00,1.3583,1.36005,1.35785,1.35948,8498,10,0
2025-07-09 20:00:00,1.35948,1.35984,1.3580999999999999,1.35977,3687,10,0
2025-07-10 00:00:00,1.35975,1.36128,1.35942,1.36039,7613,10,0
2025-07-10 04:00:00,1.36039,1.36193,1.35993,1.36116,8071,10,0
2025-07-10 08:00:00,1.36118,1.3616,1.35717,1.35803,8617,10,0
2025-07-10 12:00:00,1.35804,1.3586,1.35325,1.3566799999999999,17012,10,0
2025-07-10 16:00:00,1.3566500000000001,1.35823,1.35592,1.35754,8913,10,0
2025-07-10 20:00:00,1.35755,1.3585099999999999,1.35666,1.35795,3998,10,0
2025-07-11 00:00:00,1.35797,1.35812,1.35443,1.35647,12901,10,0
2025-07-11 04:00:00,1.35646,1.35655,1.35317,1.35409,10777,10,0
2025-07-11 08:00:00,1.35412,1.35522,1.3497,1.35026,12798,10,0
2025-07-11 12:00:00,1.35027,1.35198,1.34803,1.35022,16327,10,0
2025-07-11 16:00:00,1.35019,1.35169,1.3495599999999999,1.34972,9857,10,0
2025-07-11 20:00:00,1.34971,1.34974,1.3484,1.3491,1707,10,0
2025-07-13 20:00:00,1.34794,1.34969,1.34717,1.34952,4542,10,0
2025-07-14 00:00:00,1.3495,1.35038,1.34713,1.34813,9187,10,0
2025-07-14 04:00:00,1.34811,1.34878,1.34511,1.3483,9967,10,0
2025-07-14 08:00:00,1.34827,1.34933,1.3471199999999999,1.34821,10267,10,0
2025-07-14 12:00:00,1.3482,1.3491900000000001,1.34303,1.34333,14625,10,0
2025-07-14 16:00:00,1.34329,1.34425,1.34236,1.34263,9265,10,0
2025-07-14 20:00:00,1.34263,1.3431600000000001,1.34192,1.3427799999999999,4935,10,0
2025-07-15 00:00:00,1.34277,1.34402,1.34257,1.34291,7362,10,0
2025-07-15 04:00:00,1.34291,1.34525,1.3427,1.34525,8391,10,0
2025-07-15 08:00:00,1.34521,1.34593,1.34406,1.3443100000000001,9857,10,0
2025-07-15 12:00:00,1.34429,1.34668,1.3379699999999999,1.33947,22223,10,0
2025-07-15 16:00:00,1.33952,1.33989,1.33784,1.33861,9943,10,0
2025-07-15 20:00:00,1.33857,1.3393,1.33791,1.33925,3273,10,0
2025-07-16 00:00:00,1.33925,1.34001,1.33818,1.3388,7481,10,0
2025-07-16 04:00:00,1.33883,1.3416000000000001,1.3386,1.33932,9561,10,0
2025-07-16 08:00:00,1.33929,1.34114,1.33834,1.34003,10305,10,0
2025-07-16 12:00:00,1.34001,1.34854,1.33643,1.34237,42886,10,0
2025-07-16 16:00:00,1.34236,1.3446500000000001,1.3404,1.34174,19803,10,0
2025-07-16 20:00:00,1.34172,1.3422,1.34074,1.3410199999999999,4621,10,0
2025-07-17 00:00:00,1.34101,1.34108,1.33839,1.33917,8220,10,0
2025-07-17 04:00:00,1.3391899999999999,1.3402,1.33737,1.33829,11603,10,0
2025-07-17 08:00:00,1.33826,1.34134,1.33802,1.33917,10508,10,0
2025-07-17 12:00:00,1.33917,1.34185,1.33795,1.3412,16078,10,0
2025-07-17 16:00:00,1.34119,1.34203,1.33966,1.34181,8103,10,0
2025-07-17 20:00:00,1.34183,1.34342,1.34107,1.34306,4219,10,0
2025-07-18 00:00:00,1.3431,1.34402,1.34263,1.3429,6815,10,0
2025-07-18 04:00:00,1.3429,1.34391,1.3409900000000001,1.34301,7488,10,0
2025-07-18 08:00:00,1.34302,1.34573,1.34294,1.34564,8134,10,0
2025-07-18 12:00:00,1.34564,1.34749,1.34337,1.34372,14042,10,0
2025-07-18 16:00:00,1.34369,1.34386,1.34082,1.34132,8407,10,0
2025-07-18 20:00:00,1.3413,1.34159,1.34052,1.3409200000000001,1495,10,0
2025-07-20 20:00:00,1.34061,1.34193,1.34022,1.34149,3881,10,0
2025-07-21 00:00:00,1.34149,1.3419699999999999,1.34016,1.34155,6770,10,0
2025-07-21 04:00:00,1.3415599999999999,1.34473,1.34131,1.34443,7634,10,0
2025-07-21 08:00:00,1.34443,1.34795,1.3440699999999999,1.34779,9769,10,0
2025-07-21 12:00:00,1.34779,1.35101,1.34662,1.34955,12876,10,0
2025-07-21 16:00:00,1.3495300000000001,1.34996,1.3483,1.34836,7619,10,0
2025-07-21 20:00:00,1.34832,1.3492600000000001,1.34827,1.34891,3105,10,0
2025-07-22 00:00:00,1.34894,1.34897,1.3476,1.34786,6484,10,0
2025-07-22 04:00:00,1.34786,1.34818,1.34612,1.34667,7347,10,0
2025-07-22 08:00:00,1.34667,1.34993,1.34644,1.34857,9204,10,0
2025-07-22 12:00:00,1.34856,1.35195,1.34704,1.35187,15060,10,0
2025-07-22 16:00:00,1.3519,1.35325,1.35168,1.35308,8269,10,0
2025-07-22 20:00:00,1.35306,1.35342,1.35147,1.35208,4433,10,0
2025-07-23 00:00:00,1.35208,1.35346,1.35159,1.35275,9378,10,0
2025-07-23 04:00:00,1.35274,1.3548200000000001,1.35148,1.35428,9054,10,0
2025-07-23 08:00:00,1.35428,1.35487,1.3532199999999999,1.35391,9411,10,0
2025-07-23 12:00:00,1.35392,1.35761,1.3523100000000001,1.35653,14789,10,0
2025-07-23 16:00:00,1.35651,1.35835,1.35531,1.35811,11925,10,0
2025-07-23 20:00:00,1.35815,1.35868,1.3572,1.35786,3781,10,0
2025-07-24 00:00:00,1.3578299999999999,1.35881,1.35706,1.35781,8280,10,0
2025-07-24 04:00:00,1.35777,1.35815,1.3556,1.35598,8740,10,0
2025-07-24 08:00:00,1.35599,1.35657,1.3535,1.35508,9340,10,0
2025-07-24 12:00:00,1.3551,1.35623,1.35214,1.35233,17868,10,0
2025-07-24 16:00:00,1.35235,1.35276,1.3504399999999999,1.3507500000000001,9317,10,0
2025-07-24 20:00:00,1.35072,1.35121,1.35,1.3508200000000001,4712,10,0
2025-07-25 00:00:00,1.3508200000000001,1.35119,1.34877,1.3494,7654,10,0
2025-07-25 04:00:00,1.34939,1.3504,1.34664,1.3468,10760,10,0
2025-07-25 08:00:00,1.34679,1.3476,1.34384,1.3450199999999999,10340,10,0
2025-07-25 12:00:00,1.3449900000000001,1.34542,1.3415599999999999,1.34264,17915,10,0
2025-07-25 16:00:00,1.34267,1.34375,1.34162,1.34372,7747,10,0
2025-07-25 20:00:00,1.3437299999999999,1.34416,1.34288,1.34375,4024,10,0
2025-07-27 20:00:00,1.34208,1.3446799999999999,1.34139,1.34374,3690,10,0
2025-07-28 00:00:00,1.34376,1.34522,1.34295,1.34424,8969,10,0
2025-07-28 04:00:00,1.34427,1.34447,1.34053,1.34089,10656,10,0
2025-07-28 08:00:00,1.34088,1.3429,1.34021,1.34261,12485,10,0
2025-07-28 12:00:00,1.34259,1.34395,1.33905,1.33907,15523,10,0
2025-07-28 16:00:00,1.33906,1.33917,1.33504,1.33542,7526,10,0
2025-07-28 20:00:00,1.33541,1.33612,1.33474,1.3359,3819,10,0
2025-07-29 00:00:00,1.33591,1.33591,1.33402,1.33402,7622,10,0
2025-07-29 04:00:00,1.33403,1.33535,1.33147,1.33325,11620,10,0
2025-07-29 08:00:00,1.33322,1.33616,1.33266,1.33398,11554,10,0
2025-07-29 12:00:00,1.33398,1.33436,1.3307,1.33378,17197,10,0
2025-07-29 16:00:00,1.33379,1.33639,1.33348,1.33559,9607,10,0
2025-07-29 20:00:00,1.3356,1.33598,1.3338999999999999,1.33531,3351,10,0
2025-07-30 00:00:00,1.33532,1.33688,1.33521,1.33591,7553,10,0
2025-07-30 04:00:00,1.33592,1.33682,1.33412,1.33603,9414,10,0
2025-07-30 08:00:00,1.33605,1.3385099999999999,1.33566,1.33724,10514,10,0
2025-07-30 12:00:00,1.33723,1.3379400000000001,1.32706,1.32725,19286,10,0
2025-07-30 16:00:00,1.32728,1.3312599999999999,1.32274,1.3244099999999999,23328,10,0
2025-07-30 20:00:00,1.3244,1.32586,1.32284,1.32553,6281,10,0
2025-07-31 00:00:00,1.32552,1.32629,1.32412,1.32587,10068,10,0
2025-07-31 04:00:00,1.32587,1.32816,1.32439,1.32584,10988,10,0
2025-07-31 08:00:00,1.32587,1.32608,1.32094,1.32386,12155,10,0
2025-07-31 12:00:00,1.32385,1.32401,1.3185,1.3219,19396,10,0
2025-07-31 16:00:00,1.32186,1.32368,1.3198699999999999,1.32055,10709,10,0
2025-07-31 20:00:00,1.3206,1.32115,1.31918,1.32073,5648,10,0
2025-08-01 00:00:00,1.32073,1.3213,1.31893,1.32004,9170,10,0
2025-08-01 04:00:00,1.32004,1.32125,1.31852,1.31942,9541,10,0
2025-08-01 08:00:00,1.31938,1.31944,1.3140800000000001,1.31581,10700,10,0
2025-08-01 12:00:00,1.3158,1.33104,1.31441,1.32573,44912,10,0
2025-08-01 16:00:00,1.32572,1.32765,1.32151,1.32606,15879,10,0
2025-08-01 20:00:00,1.32611,1.32922,1.32603,1.32785,3916,10,0
2025-08-03 20:00:00,1.32704,1.32919,1.32678,1.32904,4566,10,0
2025-08-04 00:00:00,1.32903,1.32925,1.3253300000000001,1.32826,11437,10,0
2025-08-04 04:00:00,1.32824,1.3290899999999999,1.32639,1.32765,12025,10,0
2025-08-04 08:00:00,1.32768,1.33138,1.3265,1.32944,13031,10,0
2025-08-04 12:00:00,1.32945,1.33304,1.32775,1.32869,19504,10,0
2025-08-04 16:00:00,1.3287200000000001,1.32921,1.32718,1.32757,9729,10,0
2025-08-04 20:00:00,1.32759,1.3299400000000001,1.32694,1.32973,4187,10,0
2025-08-05 00:00:00,1.32977,1.33027,1.3276,1.32765,8290,10,0
2025-08-05 04:00:00,1.32765,1.3295,1.32591,1.32724,9396,10,0
2025-08-05 08:00:00,1.3272300000000001,1.32947,1.32657,1.32799,12921,10,0
2025-08-05 12:00:00,1.328,1.33087,1.32677,1.33068,21058,10,0
2025-08-05 16:00:00,1.33066,1.33157,1.32884,1.32955,9738,10,0
2025-08-05 20:00:00,1.32958,1.33015,1.32856,1.32977,4219,10,0
2025-08-06 00:00:00,1.32973,1.33096,1.32943,1.33086,6027,10,0
2025-08-06 04:00:00,1.3308499999999999,1.33134,1.32893,1.3302800000000001,7780,10,0
2025-08-06 08:00:00,1.3303,1.33296,1.32809,1.33175,10697,10,0
2025-08-06 12:00:00,1.33175,1.33581,1.33074,1.33578,15673,10,0
2025-08-06 16:00:00,1.33575,1.33679,1.33416,1.33569,9988,10,0
2025-08-06 20:00:00,1.33568,1.3360400000000001,1.33493,1.33569,4627,10,0
2025-08-07 00:00:00,1.33567,1.33608,1.33453,1.33591,6721,10,0
2025-08-07 04:00:00,1.33591,1.3379699999999999,1.3357299999999999,1.33741,7669,10,0
2025-08-07 08:00:00,1.33739,1.34318,1.33624,1.34124,14848,10,0
2025-08-07 12:00:00,1.34124,1.34362,1.339,1.34303,20816,10,0
2025-08-07 16:00:00,1.34307,1.3443800000000001,1.3403399999999999,1.3443,11691,10,0
2025-08-07 20:00:00,1.3443,1.3452,1.34348,1.34505,5350,10,0
2025-08-08 00:00:00,1.34506,1.34528,1.34337,1.34384,6633,10,0
2025-08-08 04:00:00,1.34384,1.34485,1.34235,1.34415,7393,10,0
2025-08-08 08:00:00,1.34418,1.34531,1.34264,1.34402,11144,10,0
2025-08-08 12:00:00,1.34399,1.34541,1.34175,1.34417,14579,10,0
2025-08-08 16:00:00,1.34419,1.3458700000000001,1.34382,1.3449200000000001,8608,10,0
2025-08-08 20:00:00,1.34494,1.34541,1.34437,1.3450199999999999,1794,10,0
2025-08-10 20:00:00,1.34364,1.34494,1.34264,1.34426,2374,11,0
2025-08-11 00:00:00,1.34426,1.3465500000000001,1.34361,1.3465,5704,11,0
2025-08-11 04:00:00,1.3465,1.34767,1.34476,1.3453,7146,11,0
2025-08-11 08:00:00,1.3453,1.34691,1.34247,1.34296,9438,11,0
2025-08-11 12:00:00,1.34297,1.34325,1.33986,1.34139,12515,11,0
2025-08-11 16:00:00,1.34142,1.34368,1.3413599999999999,1.34272,7317,11,0
2025-08-11 20:00:00,1.34269,1.34354,1.34239,1.3433,3320,11,0
2025-08-12 00:00:00,1.34328,1.3439,1.34275,1.34321,5790,11,0
2025-08-12 04:00:00,1.3432,1.3459400000000001,1.34196,1.3458,10658,11,0
2025-08-12 08:00:00,1.34584,1.3472,1.3446,1.34569,9997,11,0
2025-08-12 12:00:00,1.3457,1.3523399999999999,1.34552,1.35065,28692,11,0
2025-08-12 16:00:00,1.35064,1.35206,1.34877,1.34955,9850,11,0
2025-08-12 20:00:00,1.34951,1.35057,1.34917,1.35036,3752,11,0
2025-08-13 00:00:00,1.35036,1.35076,1.34921,1.35029,5809,11,0
2025-08-13 04:00:00,1.35029,1.3547,1.3498999999999999,1.35437,7965,11,0
2025-08-13 08:00:00,1.35436,1.35782,1.35426,1.35764,10764,11,0
2025-08-13 12:00:00,1.35766,1.35845,1.3553,1.3571,13452,11,0
2025-08-13 16:00:00,1.35705,1.35784,1.3563100000000001,1.3573,6858,11,0
2025-08-13 20:00:00,1.3573,1.3585,1.35664,1.35846,3341,11,0
2025-08-14 00:00:00,1.35846,1.35915,1.35702,1.35732,7168,11,0
2025-08-14 04:00:00,1.35732,1.35906,1.3568,1.35731,10364,11,0
2025-08-14 08:00:00,1.3573,1.35946,1.3562400000000001,1.35736,11173,11,0
2025-08-14 12:00:00,1.35738,1.35818,1.3526799999999999,1.3529499999999999,19130,11,0
2025-08-14 16:00:00,1.35298,1.35389,1.35203,1.35362,8181,11,0
2025-08-14 20:00:00,1.3536000000000001,1.35382,1.35233,1.35294,3497,11,0
2025-08-15 00:00:00,1.35294,1.35508,1.35266,1.35468,6313,11,0
2025-08-15 04:00:00,1.35468,1.35599,1.35419,1.35545,6244,11,0
2025-08-15 08:00:00,1.35545,1.35644,1.35454,1.35594,7891,11,0
2025-08-15 12:00:00,1.35593,1.35746,1.35455,1.3562400000000001,14776,11,0
2025-08-15 16:00:00,1.3562400000000001,1.35638,1.35494,1.35549,6628,11,0
2025-08-15 20:00:00,1.3554599999999999,1.35592,1.35496,1.35533,2914,11,0
2025-08-17 20:00:00,1.3545099999999999,1.35647,1.35405,1.35556,2538,11,0
2025-08-18 00:00:00,1.35556,1.3562,1.35484,1.35555,5622,11,0
2025-08-18 04:00:00,1.35555,1.35648,1.35376,1.35385,7743,11,0
2025-08-18 08:00:00,1.3538299999999999,1.3554,1.35305,1.35376,9535,11,0
2025-08-18 12:00:00,1.35379,1.35463,1.35108,1.35187,11580,11,0
2025-08-18 16:00:00,1.35189,1.35211,1.3502399999999999,1.35058,7215,11,0
2025-08-18 20:00:00,1.35054,1.35132,1.34939,1.35073,3791,11,0
2025-08-19 00:00:00,1.3507500000000001,1.351,1.34864,1.35002,7404,11,0
2025-08-19 04:00:00,1.34999,1.35223,1.34959,1.35201,8418,11,0
2025-08-19 08:00:00,1.35202,1.35307,1.35101,1.35208,8531,11,0
2025-08-19 12:00:00,1.3520699999999999,1.35253,1.349,1.34925,12047,11,0
2025-08-19 16:00:00,1.34925,1.34954,1.34772,1.34891,7051,11,0
2025-08-19 20:00:00,1.34889,1.34925,1.34828,1.34845,3473,11,0
2025-08-20 00:00:00,1.34843,1.3485800000000001,1.34613,1.3471899999999999,8622,11,0
2025-08-20 04:00:00,1.34718,1.3509,1.34711,1.35088,10336,11,0
2025-08-20 08:00:00,1.35083,1.35088,1.34713,1.34714,9472,11,0
2025-08-20 12:00:00,1.34714,1.34954,1.34467,1.34487,14639,11,0
2025-08-20 16:00:00,1.34489,1.3471199999999999,1.34478,1.34537,7971,11,0
2025-08-20 20:00:00,1.34537,1.34663,1.3449200000000001,1.34652,3625,11,0
2025-08-21 00:00:00,1.34652,1.34654,1.3446,1.34532,6680,11,0
2025-08-21 04:00:00,1.34532,1.34584,1.3435000000000001,1.34555,7830,11,0
2025-08-21 08:00:00,1.34551,1.34822,1.34508,1.34542,10423,11,0
2025-08-21 12:00:00,1.34542,1.34729,1.34093,1.34142,17605,11,0
2025-08-21 16:00:00,1.34141,1.34262,1.34052,1.34125,8081,11,0
2025-08-21 20:00:00,1.3412,1.3419400000000001,1.3405,1.34175,2879,11,0
2025-08-22 00:00:00,1.34175,1.34229,1.34001,1.34012,6803,11,0
2025-08-22 04:00:00,1.34013,1.34097,1.33897,1.34057,7485,11,0
2025-08-22 08:00:00,1.34055,1.34188,1.34044,1.34146,8019,11,0
2025-08-22 12:00:00,1.34149,1.35436,1.34109,1.35249,24273,11,0
2025-08-22 16:00:00,1.35249,1.35436,1.35168,1.35182,10655,11,0
2025-08-22 20:00:00,1.35182,1.35293,1.3517299999999999,1.3527,1871,11,0
2025-08-24 20:00:00,1.35084,1.35243,1.35056,1.3508,3571,11,0
2025-08-25 00:00:00,1.35081,1.35121,1.34891,1.35106,6374,11,0
2025-08-25 04:00:00,1.3510499999999999,1.35267,1.3502,1.35034,6903,11,0
2025-08-25 08:00:00,1.3503,1.3519,1.3483399999999999,1.3519,8047,11,0
2025-08-25 12:00:00,1.35192,1.3520400000000001,1.3483800000000001,1.34887,12026,11,0
2025-08-25 16:00:00,1.34888,1.3492600000000001,1.34454,1.34535,9590,11,0
2025-08-25 20:00:00,1.34534,1.3461400000000001,1.34429,1.34539,4212,11,0
2025-08-26 00:00:00,1.34542,1.349,1.34475,1.34514,13122,11,0
2025-08-26 04:00:00,1.34512,1.3467500000000001,1.3434,1.3455,11312,11,0
2025-08-26 08:00:00,1.34555,1.3493,1.34547,1.34875,10702,11,0
2025-08-26 12:00:00,1.34876,1.3492199999999999,1.34697,1.34812,14842,11,0
2025-08-26 16:00:00,1.34812,1.34927,1.34674,1.3477999999999999,7845,11,0
2025-08-26 20:00:00,1.34778,1.34821,1.34717,1.34764,3549,11,0
2025-08-27 00:00:00,1.34764,1.3477700000000001,1.34551,1.34571,6393,11,0
2025-08-27 04:00:00,1.34574,1.3465500000000001,1.34412,1.34528,7285,11,0
2025-08-27 08:00:00,1.34528,1.3453,1.34162,1.34301,9954,11,0
2025-08-27 12:00:00,1.34302,1.3473,1.34302,1.34657,12899,11,0
2025-08-27 16:00:00,1.34656,1.3501400000000001,1.34656,1.34971,8324,11,0
2025-08-27 20:00:00,1.34972,1.35054,1.34854,1.35032,3643,11,0
2025-08-28 00:00:00,1.35032,1.3518,1.34965,1.35076,6042,11,0
2025-08-28 04:00:00,1.3507799999999999,1.3513,1.34871,1.3498700000000001,7834,11,0
2025-08-28 08:00:00,1.34985,1.35259,1.34824,1.3514300000000001,9788,11,0
2025-08-28 12:00:00,1.3514300000000001,1.35269,1.34884,1.35145,16630,11,0
2025-08-28 16:00:00,1.35144,1.35303,1.35103,1.35117,7300,11,0
2025-08-28 20:00:00,1.3511600000000001,1.35122,1.35052,1.3507500000000001,4670,11,0
2025-08-29 00:00:00,1.35077,1.35114,1.34951,1.34985,7260,11,0
2025-08-29 04:00:00,1.34985,1.35029,1.3483100000000001,1.3491,7131,11,0
2025-08-29 08:00:00,1.34908,1.34939,1.34501,1.3452899999999999,10669,11,0
2025-08-29 12:00:00,1.3453300000000001,1.35159,1.34454,1.35068,16323,11,0
2025-08-29 16:00:00,1.3507,1.35151,1.34992,1.35148,7710,11,0
2025-08-29 20:00:00,1.35151,1.35167,1.34994,1.35039,1565,11,0
2025-08-31 20:00:00,1.34825,1.35076,1.34824,1.35027,2096,11,0
2025-09-01 00:00:00,1.35026,1.35288,1.3501699999999999,1.35228,7659,11,0
2025-09-01 04:00:00,1.35227,1.354,1.35142,1.35297,8379,11,0
2025-09-01 08:00:00,1.3529200000000001,1.3537,1.35217,1.35237,8957,11,0
2025-09-01 12:00:00,1.35237,1.35494,1.35232,1.35412,9215,11,0
2025-09-01 16:00:00,1.35412,1.35489,1.3538999999999999,1.3548200000000001,2815,11,0
2025-09-01 20:00:00,1.3547799999999999,1.35494,1.35373,1.35455,2585,11,0
2025-09-02 00:00:00,1.35457,1.3547799999999999,1.35232,1.35254,7550,11,0
2025-09-02 04:00:00,1.35254,1.35332,1.33935,1.34026,14409,11,0
2025-09-02 08:00:00,1.34028,1.34335,1.33687,1.3383099999999999,22304,11,0
2025-09-02 12:00:00,1.3383,1.3418,1.33383,1.33894,22668,11,0
2025-09-02 16:00:00,1.33894,1.33936,1.33743,1.339,8790,11,0
2025-09-02 20:00:00,1.33901,1.33971,1.3379400000000001,1.3381,4267,11,0
2025-09-03 00:00:00,1.33809,1.33829,1.3361100000000001,1.3361100000000001,6787,11,0
2025-09-03 04:00:00,1.3361,1.33903,1.33327,1.33657,10857,11,0
2025-09-03 08:00:00,1.33658,1.34169,1.33658,1.34111,14481,11,0
2025-09-03 12:00:00,1.34109,1.34534,1.34081,1.34474,18448,11,0
2025-09-03 16:00:00,1.34475,1.34579,1.34338,1.34379,8552,11,0
2025-09-03 20:00:00,1.34378,1.34463,1.3436,1.34403,3766,11,0
2025-09-04 00:00:00,1.3440400000000001,1.3449499999999999,1.34254,1.34279,7528,11,0
2025-09-04 04:00:00,1.34279,1.3440400000000001,1.34159,1.34268,7586,11,0
2025-09-04 08:00:00,1.34266,1.34589,1.34247,1.34333,11189,11,0
2025-09-04 12:00:00,1.34335,1.34559,1.34166,1.34378,17248,11,0
2025-09-04 16:00:00,1.34383,1.34391,1.34168,1.34351,7253,11,0
2025-09-04 20:00:00,1.34349,1.34444,1.3425,1.34432,3083,11,0
2025-09-05 00:00:00,1.34433,1.34566,1.34412,1.34531,6321,11,0
2025-09-05 04:00:00,1.34532,1.34715,1.34474,1.34639,7694,11,0
2025-09-05 08:00:00,1.34635,1.34852,1.34611,1.3462,9190,11,0
2025-09-05 12:00:00,1.34618,1.3554300000000001,1.34573,1.35404,29223,11,0
2025-09-05 16:00:00,1.35403,1.3542100000000001,1.35004,1.35023,10578,11,0
2025-09-05 20:00:00,1.35025,1.35113,1.3501699999999999,1.3508200000000001,2905,11,0
2025-09-07 20:00:00,1.34932,1.35052,1.34819,1.34921,3877,11,0
2025-09-08 00:00:00,1.34923,1.35053,1.3483,1.34951,8574,11,0
2025-09-08 04:00:00,1.34952,1.35254,1.34863,1.35156,9523,11,0
2025-09-08 08:00:00,1.35159,1.35357,1.3501699999999999,1.35286,10453,11,0
2025-09-08 12:00:00,1.35285,1.35562,1.3526500000000001,1.35462,13611,11,0
2025-09-08 16:00:00,1.35461,1.3554599999999999,1.35266,1.35508,7646,11,0
2025-09-08 20:00:00,1.3550499999999999,1.35576,1.35392,1.35522,3645,11,0
2025-09-09 00:00:00,1.35523,1.3571,1.35495,1.35593,6655,11,0
2025-09-09 04:00:00,1.35593,1.3582,1.35572,1.3565,9182,11,0
2025-09-09 08:00:00,1.3565,1.35899,1.35565,1.35579,11613,11,0
2025-09-09 12:00:00,1.35579,1.35739,1.35221,1.3531,18269,11,0
2025-09-09 16:00:00,1.35311,1.35462,1.35178,1.35191,8710,11,0
2025-09-09 20:00:00,1.35189,1.35304,1.35161,1.35202,3950,11,0
2025-09-10 00:00:00,1.35201,1.3536299999999999,1.35142,1.35321,7813,11,0
2025-09-10 04:00:00,1.35321,1.35432,1.35125,1.3532600000000001,9269,11,0
2025-09-10 08:00:00,1.35327,1.3545099999999999,1.35189,1.35332,10502,11,0
2025-09-10 12:00:00,1.35336,1.3565,1.35227,1.35462,17900,11,0
2025-09-10 16:00:00,1.35458,1.35492,1.35208,1.353,7822,11,0
2025-09-10 20:00:00,1.3529900000000001,1.35394,1.35202,1.35323,3507,11,0
2025-09-11 00:00:00,1.3532199999999999,1.35336,1.35221,1.3526799999999999,5852,11,0
2025-09-11 04:00:00,1.3526799999999999,1.35281,1.35026,1.35152,8685,11,0
2025-09-11 08:00:00,1.35153,1.35225,1.34937,1.35073,11179,11,0
2025-09-11 12:00:00,1.3507,1.35786,1.34924,1.35653,24330,11,0
2025-09-11 16:00:00,1.35656,1.35824,1.35654,1.35772,8090,11,0
2025-09-11 20:00:00,1.35771,1.35802,1.35679,1.35736,4946,11,0
2025-09-12 00:00:00,1.35734,1.35754,1.35528,1.35548,6886,11,0
2025-09-12 04:00:00,1.3554599999999999,1.35746,1.35443,1.35635,8581,11,0
2025-09-12 08:00:00,1.35632,1.35637,1.35293,1.35481,12006,11,0
2025-09-12 12:00:00,1.3548,1.3569200000000001,1.35235,1.35449,14484,11,0
2025-09-12 16:00:00,1.35449,1.35705,1.354,1.35612,7121,11,0
2025-09-12 20:00:00,1.35613,1.35616,1.3553600000000001,1.3558,2281,11,0
2025-09-14 20:00:00,1.35409,1.35623,1.3535599999999999,1.35523,2555,10,0
2025-09-15 00:00:00,1.35523,1.3567,1.35483,1.35643,5064,10,0
2025-09-15 04:00:00,1.35644,1.3593600000000001,1.35527,1.3581400000000001,7495,10,0
2025-09-15 08:00:00,1.35811,1.36188,1.35781,1.36147,11506,10,0
2025-09-15 12:00:00,1.3614899999999999,1.36197,1.35842,1.3606500000000001,13114,10,0
2025-09-15 16:00:00,1.36066,1.36109,1.35941,1.3608500000000001,7699,10,0
2025-09-15 20:00:00,1.36089,1.36108,1.35914,1.36003,3355,10,0
2025-09-16 00:00:00,1.3600400000000001,1.36245,1.35974,1.3617,6600,10,0
2025-09-16 04:00:00,1.3617,1.3642400000000001,1.36117,1.36274,9145,10,0
2025-09-16 08:00:00,1.36274,1.3649200000000001,1.36236,1.36428,12328,10,0
2025-09-16 12:00:00,1.36428,1.36716,1.36243,1.36523,17768,10,0
2025-09-16 16:00:00,1.36523,1.36677,1.3649499999999999,1.36504,8772,10,0
2025-09-16 20:00:00,1.36503,1.3655,1.36348,1.36521,4087,10,0
2025-09-17 00:00:00,1.3652,1.36587,1.3639000000000001,1.36426,5660,10,0
2025-09-17 04:00:00,1.36426,1.36526,1.36296,1.36341,7673,10,0
2025-09-17 08:00:00,1.36343,1.36561,1.36317,1.36464,9480,10,0
2025-09-17 12:00:00,1.36465,1.36692,1.3643,1.36585,11102,10,0
2025-09-17 16:00:00,1.3658299999999999,1.3726099999999999,1.36246,1.3637000000000001,36075,10,0
2025-09-17 20:00:00,1.36372,1.36381,1.36147,1.3629,7103,10,0
2025-09-18 00:00:00,1.36293,1.3630200000000001,1.36098,1.36203,8910,10,0
2025-09-18 04:00:00,1.36203,1.3639999999999999,1.35857,1.3632900000000001,11509,10,0
2025-09-18 08:00:00,1.36328,1.3660700000000001,1.36121,1.36215,14477,10,0
2025-09-18 12:00:00,1.36215,1.36228,1.35336,1.35473,22953,10,0
2025-09-18 16:00:00,1.35474,1.35628,1.35415,1.3548200000000001,9305,10,0
2025-09-18 20:00:00,1.3548,1.3556300000000001,1.35433,1.3554599999999999,4694,10,0
2025-09-19 00:00:00,1.35548,1.35586,1.35307,1.35501,8648,10,0
2025-09-19 04:00:00,1.35503,1.35591,1.34845,1.34907,15587,10,0
2025-09-19 08:00:00,1.3491,1.35099,1.34725,1.34772,12660,10,0
2025-09-19 12:00:00,1.34772,1.34977,1.34626,1.3482,17355,10,0
2025-09-19 16:00:00,1.3482,1.34849,1.34661,1.34718,7689,10,0
2025-09-19 20:00:00,1.3471899999999999,1.34742,1.34667,1.34693,2506,10,0
2025-09-21 20:00:00,1.3458700000000001,1.34731,1.34578,1.34623,2496,10,0
2025-09-22 00:00:00,1.3462399999999999,1.34744,1.34568,1.3462,7469,10,0
2025-09-22 04:00:00,1.34618,1.34826,1.34525,1.34782,9443,10,0
2025-09-22 08:00:00,1.3477999999999999,1.35063,1.34762,1.34978,10745,10,0
2025-09-22 12:00:00,1.3498,1.35158,1.34894,1.35022,14138,10,0
2025-09-22 16:00:00,1.35019,1.35201,1.34992,1.35154,6679,10,0
2025-09-22 20:00:00,1.35153,1.3516599999999999,1.35008,1.35134,3342,10,0
2025-09-23 00:00:00,1.35134,1.35269,1.35026,1.35152,6118,10,0
2025-09-23 04:00:00,1.35152,1.35224,1.35018,1.35194,10518,10,0
2025-09-23 08:00:00,1.35198,1.35277,1.34864,1.3514,13521,10,0
2025-09-23 12:00:00,1.3514,1.35362,1.35053,1.35159,16134,10,0
2025-09-23 16:00:00,1.35161,1.3526799999999999,1.35064,1.35244,10566,10,0
2025-09-23 20:00:00,1.3524,1.35279,1.3509,1.35239,3829,10,0
2025-09-24 00:00:00,1.3523800000000001,1.35257,1.35059,1.35064,7088,10,0
2025-09-24 04:00:00,1.35065,1.35119,1.34812,1.3484099999999999,8418,10,0
2025-09-24 08:00:00,1.34842,1.34872,1.34544,1.3457,10781,10,0
2025-09-24 12:00:00,1.3457,1.34706,1.34259,1.34469,16565,10,0
2025-09-24 16:00:00,1.34471,1.34554,1.34385,1.34456,8519,10,0
2025-09-24 20:00:00,1.3446,1.3453300000000001,1.34417,1.34489,3640,10,0
2025-09-25 00:00:00,1.34485,1.3462399999999999,1.3448,1.3461,6502,10,0
2025-09-25 04:00:00,1.34611,1.3467,1.34359,1.34372,8273,10,0
2025-09-25 08:00:00,1.34374,1.34592,1.34175,1.34211,10905,10,0
2025-09-25 12:00:00,1.34212,1.34229,1.33407,1.3348,21653,10,0
2025-09-25 16:00:00,1.33481,1.33568,1.33231,1.33361,10457,10,0
2025-09-25 20:00:00,1.33361,1.33465,1.3326799999999999,1.33348,3979,10,0
2025-09-26 00:00:00,1.33348,1.3355000000000001,1.33289,1.33535,5860,10,0
2025-09-26 04:00:00,1.33535,1.33692,1.33443,1.33522,8561,10,0
2025-09-26 08:00:00,1.3352,1.33704,1.33426,1.33498,9610,10,0
2025-09-26 12:00:00,1.33498,1.3412600000000001,1.3348,1.3401,17738,10,0
2025-09-26 16:00:00,1.34009,1.3411,1.33959,1.34073,7128,10,0
2025-09-26 20:00:00,1.3407200000000001,1.34088,1.33978,1.33999,1494,10,0
2025-09-28 20:00:00,1.33841,1.34109,1.3383,1.3406799999999999,2270,10,0
2025-09-29 00:00:00,1.34067,1.3434300000000001,1.3406,1.34315,6515,10,0
2025-09-29 04:00:00,1.34315,1.34494,1.3427799999999999,1.34459,8121,10,0
2025-09-29 08:00:00,1.34461,1.34503,1.34239,1.3446799999999999,9437,10,0
2025-09-29 12:00:00,1.34469,1.34562,1.34154,1.3431199999999999,14648,10,0
2025-09-29 16:00:00,1.34317,1.34384,1.34225,1.34357,6056,10,0
2025-09-29 20:00:00,1.34356,1.34375,1.3422399999999999,1.34344,2783,10,0
2025-09-30 00:00:00,1.34344,1.34386,1.342,1.3435000000000001,6994,10,0
2025-09-30 04:00:00,1.3435000000000001,1.34515,1.34271,1.34461,10553,10,0
2025-09-30 08:00:00,1.34466,1.34519,1.34242,1.34366,10844,10,0
2025-09-30 12:00:00,1.34367,1.34668,1.34131,1.34428,18025,10,0
2025-09-30 16:00:00,1.3443,1.34634,1.34389,1.34486,9312,10,0
2025-09-30 20:00:00,1.34488,1.34518,1.34363,1.34422,4232,10,0
2025-10-01 00:00:00,1.3442,1.34439,1.34344,1.34403,5744,10,0
2025-10-01 04:00:00,1.34403,1.34775,1.34403,1.34667,12047,10,0
2025-10-01 08:00:00,1.34671,1.34881,1.34572,1.34819,12986,10,0
2025-10-01 12:00:00,1.34815,1.35272,1.3469,1.3471600000000001,27271,10,0
2025-10-01 16:00:00,1.34711,1.3489200000000001,1.3464800000000001,1.34793,8169,10,0
2025-10-01 20:00:00,1.34794,1.34828,1.34696,1.34779,3694,10,0
2025-10-02 00:00:00,1.3477700000000001,1.34874,1.34667,1.3477700000000001,5803,10,0
2025-10-02 04:00:00,1.3477700000000001,1.35005,1.34683,1.3494,8806,10,0
2025-10-02 08:00:00,1.34942,1.35099,1.34702,1.34759,10807,10,0
2025-10-02 12:00:00,1.3476,1.34827,1.34003,1.34206,16730,10,0
2025-10-02 16:00:00,1.34203,1.34516,1.3419699999999999,1.34426,7488,10,0
2025-10-02 20:00:00,1.34426,1.34532,1.34268,1.3446,3498,10,0
2025-10-03 00:00:00,1.34461,1.34503,1.34326,1.3444099999999999,5872,10,0
2025-10-03 04:00:00,1.3444099999999999,1.34609,1.34284,1.34599,7588,10,0
2025-10-03 08:00:00,1.34599,1.3467799999999999,1.34414,1.34489,9764,10,0
2025-10-03 12:00:00,1.3449,1.34849,1.34365,1.34787,17069,10,0
2025-10-03 16:00:00,1.34785,1.3484099999999999,1.34623,1.34828,7127,10,0
2025-10-03 20:00:00,1.34826,1.3486799999999999,1.34762,1.34781,1753,10,0
2025-10-05 20:00:00,1.3456000000000001,1.3456000000000001,1.34214,1.34315,6410,10,0
2025-10-06 00:00:00,1.34317,1.34579,1.3427,1.34513,7667,10,0
2025-10-06 04:00:00,1.34512,1.34638,1.343,1.3443,13494,10,0
2025-10-06 08:00:00,1.34426,1.34447,1.34157,1.34245,13573,10,0
2025-10-06 12:00:00,1.34245,1.3483800000000001,1.34228,1.34745,15175,10,0
2025-10-06 16:00:00,1.3474599999999999,1.34898,1.34654,1.34812,6270,10,0
2025-10-06 20:00:00,1.34809,1.34867,1.34775,1.34835,4187,10,0
2025-10-07 00:00:00,1.34835,1.34843,1.3472,1.34755,5291,10,0
2025-10-07 04:00:00,1.34755,1.34802,1.3428499999999999,1.34366,9314,10,0
2025-10-07 08:00:00,1.34367,1.34448,1.33917,1.3401,10590,10,0
2025-10-07 12:00:00,1.34008,1.34542,1.33932,1.34397,15165,10,0
2025-10-07 16:00:00,1.3439999999999999,1.34518,1.34154,1.3421,9517,10,0
2025-10-07 20:00:00,1.34209,1.34299,1.34182,1.3419699999999999,3923,10,0
2025-10-08 00:00:00,1.3419699999999999,1.34213,1.33898,1.33989,9036,10,0
2025-10-08 04:00:00,1.33989,1.34173,1.33833,1.34168,9944,10,0
2025-10-08 08:00:00,1.34168,1.34271,1.34,1.3406799999999999,11743,10,0
2025-10-08 12:00:00,1.34069,1.34381,1.33865,1.3388200000000001,13512,10,0
2025-10-08 16:00:00,1.33886,1.34002,1.33704,1.33991,9527,10,0
2025-10-08 20:00:00,1.3399,1.34073,1.33951,1.33994,4565,10,0
2025-10-09 00:00:00,1.33994,1.34188,1.33986,1.34143,6497,10,0
2025-10-09 04:00:00,1.34143,1.34164,1.3349,1.33523,10666,10,0
2025-10-09 08:00:00,1.33523,1.33898,1.33423,1.33745,13489,10,0
2025-10-09 12:00:00,1.33745,1.33954,1.32905,1.33088,22410,10,0
2025-10-09 16:00:00,1.3308900000000001,1.3314599999999999,1.32792,1.3296000000000001,11618,10,0
2025-10-09 20:00:00,1.3296000000000001,1.33073,1.32925,1.33022,4317,7,0
2025-10-10 00:00:00,1.3302,1.33134,1.32955,1.33113,6501,10,0
2025-10-10 04:00:00,1.33113,1.3314,1.32786,1.33026,10876,10,0
2025-10-10 08:00:00,1.33025,1.33125,1.32607,1.3271600000000001,13173,10,0
2025-10-10 12:00:00,1.32718,1.33704,1.32678,1.33423,26204,10,0
2025-10-10 16:00:00,1.33419,1.33569,1.33311,1.33495,13925,10,0
2025-10-10 20:00:00,1.3349199999999999,1.3362,1.33346,1.33578,5593,10,0
2025-10-12 20:00:00,1.33462,1.33533,1.33189,1.33349,5752,10,0
2025-10-13 00:00:00,1.33348,1.33628,1.33345,1.33528,8859,10,0
2025-10-13 04:00:00,1.33529,1.3366,1.33295,1.33348,11039,10,0
2025-10-13 08:00:00,1.33346,1.33523,1.3314599999999999,1.33307,13061,10,0
2025-10-13 12:00:00,1.3330600000000001,1.33399,1.33185,1.33279,14688,10,0
2025-10-13 16:00:00,1.33278,1.33402,1.33252,1.3330199999999999,7038,10,0
2025-10-13 20:00:00,1.3330199999999999,1.33371,1.33247,1.33317,4012,10,0
2025-10-14 00:00:00,1.33317,1.33498,1.3325,1.33446,7566,10,0
2025-10-14 04:00:00,1.33445,1.33522,1.32519,1.32566,16735,10,0
2025-10-14 08:00:00,1.32564,1.3283800000000001,1.3253,1.32684,14564,10,0
2025-10-14 12:00:00,1.3268499999999999,1.33185,1.32477,1.33172,20689,10,0
2025-10-14 16:00:00,1.33175,1.33317,1.33064,1.33253,13301,10,0
2025-10-14 20:00:00,1.33249,1.33267,1.33137,1.3321399999999999,3834,10,0
2025-10-15 00:00:00,1.3321399999999999,1.33537,1.33194,1.33506,7656,10,0
2025-10-15 04:00:00,1.33509,1.3373300000000001,1.33412,1.33495,10936,10,0
2025-10-15 08:00:00,1.33495,1.33662,1.33357,1.33513,12006,10,0
2025-10-15 12:00:00,1.33517,1.3403,1.3334,1.33933,17803,10,0
2025-10-15 16:00:00,1.33935,1.33941,1.33697,1.3393,11079,10,0
2025-10-15 20:00:00,1.33929,1.34079,1.33879,1.34029,4948,9,0
2025-10-16 00:00:00,1.34027,1.34417,1.33991,1.3421699999999999,9217,10,0
2025-10-16 04:00:00,1.34216,1.34276,1.34037,1.34259,11567,10,0
2025-10-16 08:00:00,1.34262,1.34478,1.34211,1.34401,12171,10,0
2025-10-16 12:00:00,1.34397,1.34543,1.34111,1.3422399999999999,19048,10,0
2025-10-16 16:00:00,1.3422100000000001,1.34475,1.34141,1.34335,14287,10,0
2025-10-16 20:00:00,1.34333,1.34452,1.34249,1.3443399999999999,4460,10,0
2025-10-17 00:00:00,1.34436,1.34519,1.34305,1.34479,8855,10,0
2025-10-17 04:00:00,1.34482,1.34711,1.34238,1.3431899999999999,13865,10,0
2025-10-17 08:00:00,1.34323,1.3443,1.34104,1.34342,15480,10,0
2025-10-17 12:00:00,1.34342,1.34353,1.33904,1.34215,18265,10,0
2025-10-17 16:00:00,1.34219,1.34384,1.34101,1.34371,10165,10,0
2025-10-17 20:00:00,1.34372,1.34376,1.34204,1.3425,2988,10,0
2025-10-19 20:00:00,1.34303,1.34306,1.34157,1.34244,2813,10,0
2025-10-20 00:00:00,1.34244,1.34426,1.3421,1.34398,6357,10,0
2025-10-20 04:00:00,1.34399,1.34426,1.34052,1.3415300000000001,9016,10,0
2025-10-20 08:00:00,1.34154,1.34384,1.33994,1.34116,11687,10,0
2025-10-20 12:00:00,1.34116,1.34296,1.34016,1.34192,14230,10,0
2025-10-20 16:00:00,1.34192,1.34233,1.33995,1.34058,7052,10,0
2025-10-20 20:00:00,1.34058,1.34107,1.33994,1.3403800000000001,3192,7,0
2025-10-21 00:00:00,1.3403800000000001,1.34157,1.3389199999999999,1.33926,6381,10,0
2025-10-21 04:00:00,1.33927,1.33967,1.33715,1.33923,11321,10,0
2025-10-21 08:00:00,1.33926,1.3394300000000001,1.33656,1.3384,14046,10,0
2025-10-21 12:00:00,1.33843,1.33936,1.33605,1.33883,19513,10,0
2025-10-21 16:00:00,1.3388499999999999,1.3397999999999999,1.33648,1.33716,10167,10,0
2025-10-21 20:00:00,1.33714,1.33718,1.33635,1.3364500000000001,3193,4,0
2025-10-22 00:00:00,1.3364500000000001,1.338,1.33631,1.3374,6305,10,0
2025-10-22 04:00:00,1.33739,1.33868,1.33188,1.33217,13683,10,0
2025-10-22 08:00:00,1.3321399999999999,1.33328,1.33051,1.33271,13974,10,0
2025-10-22 12:00:00,1.3327,1.3374,1.33095,1.3369900000000001,18489,10,0
2025-10-22 16:00:00,1.337,1.3376000000000001,1.33521,1.33563,10444,10,0
2025-10-22 20:00:00,1.33563,1.33617,1.33491,1.33501,3254,9,0
2025-10-23 00:00:00,1.33501,1.33502,1.33322,1.3332600000000001,5432,10,0
2025-10-23 04:00:00,1.3332600000000001,1.33566,1.33291,1.33502,7283,10,0
2025-10-23 08:00:00,1.33505,1.33552,1.33331,1.33359,8306,10,0
2025-10-23 12:00:00,1.3336000000000001,1.335,1.33105,1.3320400000000001,14430,10,0
2025-10-23 16:00:00,1.33206,1.33262,1.33073,1.33235,6942,10,0
2025-10-23 20:00:00,1.33234,1.33296,1.33203,1.33264,3262,7,0
2025-10-24 00:00:00,1.3326500000000001,1.33319,1.33173,1.33247,5538,10,0
2025-10-24 04:00:00,1.3325,1.3333300000000001,1.33109,1.33151,10012,10,0
2025-10-24 08:00:00,1.3315000000000001,1.33264,1.32993,1.3305799999999999,11202,10,0
2025-10-24 12:00:00,1.3306,1.33711,1.32904,1.32958,23062,10,0
2025-10-24 16:00:00,1.32959,1.33122,1.32868,1.33111,6763,10,0
2025-10-24 20:00:00,1.33113,1.33172,1.3306200000000001,1.33107,3201,10,0
2025-10-26 20:00:00,1.33217,1.33271,1.33117,1.3321100000000001,3927,10,0
2025-10-27 00:00:00,1.33212,1.33355,1.33171,1.3321100000000001,6068,10,0
2025-10-27 04:00:00,1.3321100000000001,1.33342,1.33098,1.33149,6627,10,0
2025-10-27 08:00:00,1.33147,1.33528,1.33103,1.33473,10847,10,0
2025-10-27 12:00:00,1.33471,1.3351600000000001,1.33173,1.33284,12272,10,0
2025-10-27 16:00:00,1.33285,1.33385,1.33227,1.33345,6807,10,0
2025-10-27 20:00:00,1.33345,1.33442,1.3331,1.33401,3252,7,0
2025-10-28 00:00:00,1.334,1.3357999999999999,1.33362,1.33555,5998,10,0
2025-10-28 04:00:00,1.33555,1.33693,1.33311,1.33359,8063,10,0
2025-10-28 08:00:00,1.33356,1.3338,1.32999,1.33075,13009,10,0
2025-10-28 12:00:00,1.33079,1.33135,1.32468,1.32766,16423,10,0
2025-10-28 16:00:00,1.32766,1.3290899999999999,1.32693,1.32729,8684,10,0
2025-10-28 20:00:00,1.32728,1.32786,1.32659,1.32782,3187,9,0
2025-10-29 00:00:00,1.32779,1.32803,1.32503,1.32521,7521,10,0
2025-10-29 04:00:00,1.32521,1.32545,1.32199,1.3228,8160,10,0
2025-10-29 08:00:00,1.32278,1.32291,1.31971,1.32172,10984,10,0
2025-10-29 12:00:00,1.32175,1.32469,1.31939,1.32412,15888,10,0
2025-10-29 16:00:00,1.3241100000000001,1.3244,1.31395,1.31936,33450,10,0
2025-10-29 20:00:00,1.31934,1.32006,1.31802,1.31943,6554,10,0
2025-10-30 00:00:00,1.31943,1.321,1.3187,1.32022,8412,10,0
2025-10-30 04:00:00,1.32025,1.32183,1.31916,1.31973,11815,10,0
2025-10-30 08:00:00,1.31973,1.3210899999999999,1.31739,1.31782,13137,10,0
2025-10-30 12:00:00,1.31782,1.31851,1.3115999999999999,1.31458,19405,10,0
2025-10-30 16:00:00,1.31456,1.31599,1.31342,1.31441,9421,10,0
2025-10-30 20:00:00,1.3144,1.31598,1.31427,1.3158,3286,9,0
2025-10-31 00:00:00,1.31581,1.31644,1.31495,1.31513,6035,10,0
2025-10-31 04:00:00,1.31511,1.31571,1.31247,1.31448,7127,10,0
2025-10-31 08:00:00,1.31449,1.3148,1.31144,1.3127900000000001,10181,10,0
2025-10-31 12:00:00,1.3127900000000001,1.31388,1.30964,1.31378,15986,10,0
2025-10-31 16:00:00,1.31381,1.31434,1.3122500000000001,1.31362,9045,10,0
2025-10-31 20:00:00,1.31359,1.31503,1.31355,1.31494,2917,10,0
2025-11-02 20:00:00,1.31341,1.31421,1.31269,1.31336,4491,10,0
2025-11-03 00:00:00,1.31336,1.31421,1.31295,1.31388,5040,10,0
2025-11-03 04:00:00,1.31388,1.31487,1.31338,1.31376,5227,10,0
2025-11-03 08:00:00,1.3137699999999999,1.31386,1.31167,1.31273,9176,10,0
2025-11-03 12:00:00,1.3127499999999999,1.31471,1.31078,1.31458,12240,10,0
2025-11-03 16:00:00,1.31459,1.3162099999999999,1.3134000000000001,1.31373,8826,10,0
2025-11-03 20:00:00,1.3137400000000001,1.31415,1.31318,1.31341,3764,9,0
2025-11-04 00:00:00,1.3134000000000001,1.3134000000000001,1.31173,1.3127499999999999,6998,10,0
2025-11-04 04:00:00,1.31276,1.31386,1.31159,1.31209,8332,10,0
2025-11-04 08:00:00,1.31205,1.31213,1.30564,1.30584,13694,10,0
2025-11-04 12:00:00,1.30586,1.30679,1.30331,1.30456,13400,10,0
2025-11-04 16:00:00,1.30458,1.30514,1.30128,1.30146,8836,10,0
2025-11-04 20:00:00,1.30149,1.30268,1.30095,1.3020800000000001,3874,10,0
2025-11-05 00:00:00,1.30207,1.30239,1.30095,1.30195,7424,10,0
2025-11-05 04:00:00,1.30199,1.30308,1.30188,1.30264,6015,10,0
2025-11-05 08:00:00,1.30264,1.30528,1.30111,1.30346,10182,10,0
2025-11-05 12:00:00,1.30349,1.3047,1.30129,1.30407,14207,10,0
2025-11-05 16:00:00,1.30407,1.3049,1.30307,1.30443,8437,10,0
2025-11-05 20:00:00,1.3044799999999999,1.30527,1.30436,1.30515,3054,10,0
2025-11-06 00:00:00,1.30515,1.30648,1.30497,1.30628,4889,10,0
2025-11-06 04:00:00,1.3063,1.30716,1.30524,1.30622,5709,10,0
2025-11-06 08:00:00,1.30625,1.30942,1.30584,1.30912,10390,10,0
2025-11-06 12:00:00,1.3091599999999999,1.31249,1.3059,1.31014,19348,10,0
2025-11-06 16:00:00,1.31012,1.31422,1.30964,1.3132,10810,10,0
2025-11-06 20:00:00,1.3132,1.31418,1.31266,1.31393,5520,10,0
2025-11-07 00:00:00,1.31393,1.31416,1.31151,1.31185,6220,10,0
2025-11-07 04:00:00,1.31185,1.3124799999999999,1.31128,1.31247,5608,10,0
2025-11-07 08:00:00,1.31247,1.31274,1.30944,1.31199,10392,10,0
2025-11-07 12:00:00,1.31203,1.31742,1.31091,1.31508,15689,10,0
2025-11-07 16:00:00,1.31511,1.31746,1.31502,1.31576,10304,10,0
2025-11-07 20:00:00,1.31574,1.3167200000000001,1.31524,1.31647,4820,10,0
2025-11-09 20:00:00,1.3145,1.31593,1.31368,1.31411,2317,10,0
2025-11-10 00:00:00,1.31411,1.31548,1.31361,1.31466,9474,10,0
2025-11-10 04:00:00,1.31466,1.31663,1.31386,1.31567,8970,10,0
2025-11-10 08:00:00,1.31564,1.31839,1.31515,1.31753,11101,10,0
2025-11-10 12:00:00,1.31753,1.31909,1.3145,1.31478,12229,10,0
2025-11-10 16:00:00,1.31475,1.31843,1.31466,1.31795,8921,10,0
2025-11-10 20:00:00,1.31793,1.3183799999999999,1.31677,1.31717,4420,7,0
2025-11-11 00:00:00,1.31718,1.31749,1.3157,1.31677,5811,10,0
2025-11-11 04:00:00,1.31677,1.31718,1.31204,1.3125499999999999,9846,10,0
2025-11-11 08:00:00,1.31257,1.31516,1.31161,1.31478,10818,10,0
2025-11-11 12:00:00,1.31477,1.31841,1.31385,1.31727,13983,10,0
2025-11-11 16:00:00,1.31726,1.3179,1.31647,1.31666,8320,10,0
2025-11-11 20:00:00,1.31668,1.31714,1.31413,1.31518,4070,9,0
2025-11-12 00:00:00,1.31516,1.31529,1.3134700000000001,1.31396,5158,10,0
2025-11-12 04:00:00,1.31396,1.31485,1.3128199999999999,1.31454,6739,10,0
2025-11-12 08:00:00,1.31455,1.31551,1.31101,1.3136999999999999,12155,10,0
2025-11-12 12:00:00,1.31371,1.31395,1.30839,1.313,14704,10,0
2025-11-12 16:00:00,1.31303,1.31437,1.31272,1.31293,8681,10,0
2025-11-12 20:00:00,1.31291,1.31339,1.31238,1.31272,4305,9,0
2025-11-13 00:00:00,1.3127499999999999,1.31284,1.31104,1.31257,7359,10,0
2025-11-13 04:00:00,1.31256,1.31432,1.31003,1.3140100000000001,8138,10,0
2025-11-13 08:00:00,1.314,1.3170600000000001,1.313,1.31475,13537,10,0
2025-11-13 12:00:00,1.31474,1.3198699999999999,1.31463,1.31976,15957,10,0
2025-11-13 16:00:00,1.31976,1.32155,1.31891,1.31895,12850,10,0
2025-11-13 20:00:00,1.3189899999999999,1.31943,1.31359,1.31524,6305,10,0
2025-11-14 00:00:00,1.31524,1.31609,1.31349,1.31455,9391,10,0
2025-11-14 04:00:00,1.31453,1.3158400000000001,1.31258,1.31463,10448,10,0
2025-11-14 08:00:00,1.3146,1.32001,1.31075,1.3137699999999999,24432,10,0
2025-11-14 12:00:00,1.31378,1.31806,1.31247,1.31389,20304,10,0
2025-11-14 16:00:00,1.3139,1.31673,1.31382,1.31641,10991,10,0
2025-11-14 20:00:00,1.31642,1.31754,1.31612,1.3173599999999999,4087,10,0
2025-11-16 20:00:00,1.31538,1.31704,1.3149600000000001,1.31588,1781,10,0
2025-11-17 00:00:00,1.3158699999999999,1.3164799999999999,1.31412,1.31446,6337,10,0
2025-11-17 04:00:00,1.31444,1.3176700000000001,1.31353,1.31755,6460,10,0
2025-11-17 08:00:00,1.31756,1.31805,1.31487,1.31799,12616,10,0
2025-11-17 12:00:00,1.31795,1.31927,1.31606,1.31769,13863,10,0
2025-11-17 16:00:00,1.3176700000000001,1.31787,1.31451,1.3146,9901,10,0
2025-11-17 20:00:00,1.3146,1.31588,1.31441,1.31551,4650,10,0
2025-11-18 00:00:00,1.3155000000000001,1.3155299999999999,1.31447,1.31488,6083,10,0
2025-11-18 04:00:00,1.31487,1.31639,1.31446,1.31497,8931,10,0
2025-11-18 08:00:00,1.3149600000000001,1.31766,1.31368,1.31405,12398,10,0
2025-11-18 12:00:00,1.31406,1.3170899999999999,1.31331,1.31439,15562,10,0
2025-11-18 16:00:00,1.31436,1.31566,1.3134700000000001,1.31547,10792,10,0
2025-11-18 20:00:00,1.31547,1.31564,1.31389,1.3146900000000001,4079,4,0
2025-11-19 00:00:00,1.31468,1.31487,1.31287,1.31396,6661,10,0
2025-11-19 04:00:00,1.31396,1.31548,1.31314,1.31418,8790,10,0
2025-11-19 08:00:00,1.3142,1.3148,1.30921,1.31267,14310,10,0
2025-11-19 12:00:00,1.31268,1.31298,1.30708,1.3079,13817,10,0
2025-11-19 16:00:00,1.30788,1.3085200000000001,1.3043,1.30458,12201,10,0
2025-11-19 20:00:00,1.30454,1.3062,1.30437,1.30596,5463,4,0
2025-11-20 00:00:00,1.30596,1.30596,1.30372,1.30463,7117,10,0
2025-11-20 04:00:00,1.30463,1.30701,1.30434,1.30687,7294,10,0
2025-11-20 08:00:00,1.30686,1.30843,1.3059,1.30644,10744,10,0
2025-11-20 12:00:00,1.30643,1.31233,1.3048,1.3094299999999999,20763,10,0
2025-11-20 16:00:00,1.3094299999999999,1.31025,1.30654,1.30869,13333,10,0
2025-11-20 20:00:00,1.30869,1.30873,1.30673,1.3082500000000001,4976,9,0
2025-11-21 00:00:00,1.3082500000000001,1.3087900000000001,1.30743,1.30862,8206,10,0
2025-11-21 04:00:00,1.30862,1.3096999999999999,1.30656,1.30804,9497,10,0
2025-11-21 08:00:00,1.30808,1.31029,1.30416,1.3044799999999999,17192,10,0
2025-11-21 12:00:00,1.30447,1.30995,1.30384,1.30847,20713,10,0
2025-11-21 16:00:00,1.30844,1.31093,1.3072599999999999,1.31022,11358,10,0
2025-11-21 20:00:00,1.31024,1.3108,1.30948,1.30972,4515,10,0
2025-11-23 20:00:00,1.3092,1.30996,1.30887,1.30957,1593,10,0
2025-11-24 00:00:00,1.30957,1.31017,1.3085200000000001,1.30972,7094,10,0
2025-11-24 04:00:00,1.30972,1.31114,1.30883,1.30895,7585,10,0
2025-11-24 08:00:00,1.30899,1.31098,1.3087,1.30908,12502,10,0
2025-11-24 12:00:00,1.30908,1.31178,1.308,1.3097699999999999,13312,10,0
2025-11-24 16:00:00,1.30973,1.31162,1.30851,1.31081,9119,10,0
2025-11-24 20:00:00,1.31082,1.31115,1.31003,1.31053,4049,4,0
2025-11-25 00:00:00,1.31053,1.31154,1.30986,1.30997,6178,10,0
2025-11-25 04:00:00,1.30998,1.31283,1.3094999999999999,1.31215,6596,10,0
2025-11-25 08:00:00,1.31216,1.31402,1.31082,1.31119,11354,10,0
2025-11-25 12:00:00,1.31119,1.3195299999999999,1.31085,1.31763,20008,10,0
2025-11-25 16:00:00,1.31763,1.32137,1.31705,1.32114,12789,10,0
2025-11-25 20:00:00,1.32115,1.32137,1.3153000000000001,1.31577,7867,7,0
2025-11-26 00:00:00,1.31578,1.31966,1.31578,1.31958,12526,10,0
2025-11-26 04:00:00,1.31958,1.31978,1.31651,1.31788,7913,10,0
2025-11-26 08:00:00,1.3179,1.32016,1.31498,1.31725,19484,10,0
2025-11-26 12:00:00,1.3172,1.32346,1.31241,1.32252,34569,10,0
2025-11-26 16:00:00,1.3225500000000001,1.32379,1.32187,1.32339,10382,10,0
2025-11-26 20:00:00,1.32335,1.32471,1.3232,1.32442,4441,9,0
2025-11-27 00:00:00,1.32442,1.32622,1.32429,1.32551,7745,10,0
2025-11-27 04:00:00,1.32551,1.32684,1.32291,1.32385,8717,10,0
2025-11-27 08:00:00,1.32385,1.3241800000000001,1.32094,1.32291,9405,10,0
2025-11-27 12:00:00,1.32291,1.3252,1.32252,1.32507,8718,10,0
2025-11-27 16:00:00,1.32503,1.32546,1.323,1.32368,4126,10,0
2025-11-27 20:00:00,1.32368,1.32407,1.32295,1.32395,2889,9,0
2025-11-28 00:00:00,1.32395,1.32444,1.32278,1.32379,21947,10,0
2025-11-28 04:00:00,1.3237700000000001,1.3243800000000001,1.32101,1.32135,37180,10,0
2025-11-28 08:00:00,1.32131,1.32274,1.32003,1.3202099999999999,49977,10,0
2025-11-28 12:00:00,1.32017,1.3253599999999999,1.31998,1.32493,18793,10,0
2025-11-28 16:00:00,1.3249,1.32504,1.3225500000000001,1.32432,7058,29,0
2025-11-28 20:00:00,1.32435,1.3244,1.32277,1.3229199999999999,2511,38,0
2025-11-30 20:00:00,1.32261,1.32478,1.32145,1.32388,2353,10,0
2025-12-01 00:00:00,1.32388,1.32467,1.32216,1.32304,9769,10,0
2025-12-01 04:00:00,1.32306,1.32363,1.32102,1.32195,8547,10,0
2025-12-01 08:00:00,1.32199,1.32365,1.32051,1.32332,14411,10,0
2025-12-01 12:00:00,1.32331,1.32755,1.32297,1.32514,16225,10,0
2025-12-01 16:00:00,1.32514,1.32523,1.32076,1.32124,9774,10,0
2025-12-01 20:00:00,1.32121,1.32145,1.32083,1.32084,3227,9,0
2025-12-02 00:00:00,1.32085,1.32176,1.32027,1.3216700000000001,4281,10,0
2025-12-02 04:00:00,1.3216700000000001,1.32213,1.32073,1.32148,5185,10,0
2025-12-02 08:00:00,1.32151,1.32207,1.3180399999999999,1.3197999999999999,11619,10,0
2025-12-02 12:00:00,1.31977,1.32132,1.31851,1.32005,12829,10,0
2025-12-02 16:00:00,1.32003,1.3213,1.31789,1.32093,8820,10,0
2025-12-02 20:00:00,1.32092,1.32207,1.31994,1.32196,3920,10,0
2025-12-03 00:00:00,1.32196,1.32317,1.32168,1.32286,4624,10,0
2025-12-03 04:00:00,1.32286,1.32521,1.32263,1.32424,5316,10,0
2025-12-03 08:00:00,1.32423,1.32962,1.32369,1.32958,10653,10,0
2025-12-03 12:00:00,1.32959,1.3331,1.32919,1.33304,13704,10,0
2025-12-03 16:00:00,1.33305,1.33529,1.3328,1.33505,9306,10,0
2025-12-03 20:00:00,1.33502,1.33538,1.33443,1.33472,3515,7,0
2025-12-04 00:00:00,1.33469,1.3347,1.3327200000000001,1.33319,5359,10,0
2025-12-04 04:00:00,1.33318,1.33412,1.33308,1.33365,5261,10,0
2025-12-04 08:00:00,1.33366,1.3363399999999999,1.3333,1.33602,11183,10,0
2025-12-04 12:00:00,1.33598,1.33852,1.33217,1.33725,14702,10,0
2025-12-04 16:00:00,1.33723,1.33728,1.33354,1.33398,8112,10,0
2025-12-04 20:00:00,1.33395,1.33395,1.33196,1.33219,3924,9,0
2025-12-05 00:00:00,1.33219,1.33339,1.33216,1.3326500000000001,4048,10,0
2025-12-05 04:00:00,1.3326500000000001,1.33621,1.33264,1.33526,5806,10,0
2025-12-05 08:00:00,1.33524,1.33599,1.3327499999999999,1.3339699999999999,8939,10,0
2025-12-05 12:00:00,1.334,1.33617,1.33381,1.33423,12145,10,0
2025-12-05 16:00:00,1.33426,1.3343099999999999,1.33157,1.33335,9022,10,0
2025-12-05 20:00:00,1.3333300000000001,1.3336700000000001,1.33255,1.3333300000000001,3212,10,0
2025-12-07 20:00:00,1.33213,1.33316,1.3319,1.33256,3008,10,0
2025-12-08 00:00:00,1.33257,1.3342,1.33222,1.3336700000000001,5746,10,0
2025-12-08 04:00:00,1.3336700000000001,1.33462,1.3321399999999999,1.33243,6319,10,0
2025-12-08 08:00:00,1.33244,1.33332,1.33131,1.33172,9021,10,0
2025-12-08 12:00:00,1.3317,1.33381,1.33051,1.33111,12397,10,0
2025-12-08 16:00:00,1.33112,1.33304,1.3308,1.33263,8307,10,0
2025-12-08 20:00:00,1.3326500000000001,1.33292,1.33166,1.33267,3487,9,0
2025-12-09 00:00:00,1.33266,1.33345,1.33179,1.33279,5044,10,0
2025-12-09 04:00:00,1.33279,1.33365,1.33228,1.33276,5945,10,0
2025-12-09 08:00:00,1.33279,1.33558,1.3323800000000001,1.33285,9938,10,0
2025-12-09 12:00:00,1.33284,1.33305,1.32865,1.32966,15271,10,0
2025-12-09 16:00:00,1.32965,1.3319,1.32908,1.33012,9046,10,0
2025-12-09 20:00:00,1.33009,1.33066,1.3296000000000001,1.3302399999999999,3814,7,0
2025-12-10 00:00:00,1.3302399999999999,1.33049,1.32954,1.3302100000000001,4965,10,0
2025-12-10 04:00:00,1.3302100000000001,1.33254,1.3302,1.33235,5253,10,0
2025-12-10 08:00:00,1.33235,1.3326799999999999,1.3301,1.33097,9777,10,0
2025-12-10 12:00:00,1.33099,1.3336299999999999,1.33042,1.33201,12728,10,0
2025-12-10 16:00:00,1.33199,1.33694,1.3315000000000001,1.33643,22102,10,0
2025-12-10 20:00:00,1.3364099999999999,1.33911,1.33591,1.33879,10216,7,0
2025-12-11 00:00:00,1.33879,1.33915,1.33656,1.33667,7575,10,0
2025-12-11 04:00:00,1.3366799999999999,1.33786,1.3359,1.33695,7332,10,0
2025-12-11 08:00:00,1.33693,1.33869,1.33541,1.3385,11144,10,0
2025-12-11 12:00:00,1.3385,1.34349,1.33784,1.34336,14535,10,0
2025-12-11 16:00:00,1.3433899999999999,1.3437700000000001,1.33893,1.33904,10249,10,0
2025-12-11 20:00:00,1.33903,1.33957,1.3381,1.3393,4573,7,0
2025-12-12 00:00:00,1.3393,1.33995,1.3388900000000001,1.33906,5323,10,0
2025-12-12 04:00:00,1.33906,1.33987,1.33742,1.3384,5942,10,0
2025-12-12 08:00:00,1.33838,1.3388499999999999,1.33671,1.33747,9179,10,0
2025-12-12 12:00:00,1.33746,1.3383099999999999,1.33518,1.3354300000000001,12349,10,0
2025-12-12 16:00:00,1.3354599999999999,1.33765,1.33416,1.33652,10277,10,0
2025-12-12 20:00:00,1.33652,1.33743,1.33633,1.33718,3661,10,0
2025-12-14 20:00:00,1.33515,1.33717,1.33515,1.3366799999999999,1892,10,0
2025-12-15 00:00:00,1.33671,1.3374,1.33548,1.33564,6789,10,0
2025-12-15 04:00:00,1.33564,1.33697,1.3354300000000001,1.33631,6243,10,0
2025-12-15 08:00:00,1.33631,1.33895,1.33608,1.33826,8557,10,0
2025-12-15 12:00:00,1.33826,1.34015,1.33805,1.33942,12217,10,0
2025-12-15 16:00:00,1.33942,1.33952,1.3359,1.33723,9714,10,0
2025-12-15 20:00:00,1.3372,1.33806,1.33658,1.33786,4652,4,0
2025-12-16 00:00:00,1.33786,1.3383,1.33612,1.33652,7591,10,0
2025-12-16 04:00:00,1.33652,1.33783,1.3354599999999999,1.3375,7130,10,0
2025-12-16 08:00:00,1.33752,1.34307,1.33745,1.34307,12644,10,0
2025-12-16 12:00:00,1.34308,1.34555,1.3403399999999999,1.3415300000000001,21600,10,0
2025-12-16 16:00:00,1.34151,1.3439999999999999,1.33995,1.34253,13857,10,0
2025-12-16 20:00:00,1.34252,1.34354,1.34166,1.34249,5488,10,0
2025-12-17 00:00:00,1.34249,1.34265,1.34061,1.3409200000000001,5638,10,0
2025-12-17 04:00:00,1.3409200000000001,1.34093,1.3315000000000001,1.33219,12022,10,0
2025-12-17 08:00:00,1.33218,1.33371,1.33112,1.33271,11758,10,0
2025-12-17 12:00:00,1.33269,1.33999,1.33256,1.33986,15554,10,0
2025-12-17 16:00:00,1.33985,1.34063,1.33721,1.33764,12317,10,0
2025-12-17 20:00:00,1.3376299999999999,1.33836,1.33703,1.3373300000000001,4031,9,0
2025-12-18 00:00:00,1.3373300000000001,1.33786,1.3361100000000001,1.33643,6548,10,0
2025-12-18 04:00:00,1.33642,1.3375,1.33619,1.33658,6740,10,0
2025-12-18 08:00:00,1.33657,1.3373,1.33405,1.33536,9992,10,0
2025-12-18 12:00:00,1.33526,1.3446,1.33481,1.33942,26063,10,0
2025-12-18 16:00:00,1.33945,1.3405,1.33698,1.33856,12185,10,0
2025-12-18 20:00:00,1.33854,1.33893,1.33761,1.3383099999999999,5276,7,0
2025-12-19 00:00:00,1.3383099999999999,1.33866,1.33728,1.33774,6460,10,0
2025-12-19 04:00:00,1.33774,1.3385500000000001,1.33625,1.33647,7807,10,0
2025-12-19 08:00:00,1.3365,1.33876,1.33646,1.33723,10585,10,0
2025-12-19 12:00:00,1.33723,1.33865,1.33567,1.33613,14036,10,0
2025-12-19 16:00:00,1.3361,1.3391600000000001,1.33593,1.33901,9451,10,0
2025-12-19 20:00:00,1.33898,1.33937,1.33724,1.33747,3772,10,0
2025-12-21 20:00:00,1.33689,1.33833,1.33582,1.33785,4824,10,0
2025-12-22 00:00:00,1.33789,1.33993,1.33782,1.33927,15885,10,0
2025-12-22 04:00:00,1.33927,1.3418700000000001,1.3391,1.3413300000000001,6535,10,0
2025-12-22 08:00:00,1.3413,1.34418,1.34088,1.34385,10424,10,0
2025-12-22 12:00:00,1.34385,1.3458700000000001,1.34257,1.3453300000000001,12065,10,0
2025-12-22 16:00:00,1.34531,1.3477000000000001,1.34461,1.34581,9686,10,0
2025-12-22 20:00:00,1.34583,1.34693,1.34541,1.34672,4314,2,0
2025-12-23 00:00:00,1.34673,1.34894,1.34673,1.34884,6328,10,0
2025-12-23 04:00:00,1.34884,1.3502399999999999,1.34792,1.3501,7403,10,0
2025-12-23 08:00:00,1.35009,1.35184,1.34958,1.35031,11948,10,0
2025-12-23 12:00:00,1.3503,1.35125,1.34718,1.34829,15446,10,0
2025-12-23 16:00:00,1.3483100000000001,1.34971,1.34704,1.34962,8804,10,0
2025-12-23 20:00:00,1.34961,1.35239,1.34937,1.35126,4548,9,0
2025-12-24 00:00:00,1.35126,1.35336,1.35066,1.35159,7293,10,0
2025-12-24 04:00:00,1.35162,1.35239,1.35089,1.35102,6679,10,0
2025-12-24 08:00:00,1.351,1.35279,1.35022,1.3513899999999999,9109,10,0
2025-12-24 12:00:00,1.3514,1.35142,1.34913,1.35067,11737,10,0
2025-12-24 16:00:00,1.35067,1.3510499999999999,1.34921,1.34985,7560,10,0
2025-12-24 20:00:00,1.3498700000000001,1.35028,1.34948,1.3502100000000001,3897,67,0
2025-12-25 20:00:00,1.34942,1.3514599999999999,1.34942,1.3507500000000001,3043,10,0
2025-12-26 00:00:00,1.3507500000000001,1.35223,1.35045,1.35054,7510,10,0
2025-12-26 04:00:00,1.35054,1.35079,1.3479,1.34822,7900,10,0
2025-12-26 08:00:00,1.34825,1.34979,1.34766,1.34943,9119,10,0
2025-12-26 12:00:00,1.34941,1.35269,1.34879,1.35066,11523,10,0
2025-12-26 16:00:00,1.35064,1.35074,1.34812,1.34997,9948,10,0
2025-12-26 20:00:00,1.34999,1.3506,1.3492,1.34992,4042,10,0
2025-12-28 20:00:00,1.34904,1.35008,1.34775,1.34964,2359,10,0
2025-12-29 00:00:00,1.34965,1.35115,1.3496299999999999,1.35064,7056,10,0
2025-12-29 04:00:00,1.35063,1.35067,1.34812,1.34849,8361,10,0
2025-12-29 08:00:00,1.34846,1.3510900000000001,1.34731,1.34889,13785,10,0
2025-12-29 12:00:00,1.34889,1.35124,1.34687,1.35,17524,10,0
2025-12-29 16:00:00,1.34997,1.3507799999999999,1.3481,1.35063,11508,10,0
2025-12-29 20:00:00,1.35061,1.35155,1.34977,1.35084,5291,10,0
2025-12-30 00:00:00,1.35084,1.35113,1.34973,1.3504800000000001,5179,10,0
2025-12-30 04:00:00,1.3504800000000001,1.35213,1.35003,1.3505099999999999,6519,10,0
2025-12-30 08:00:00,1.3505099999999999,1.35304,1.35027,1.35042,9768,10,0
2025-12-30 12:00:00,1.3504399999999999,1.35083,1.34494,1.34731,13611,10,0
2025-12-30 16:00:00,1.3473,1.3483100000000001,1.34618,1.3465099999999999,9534,10,0
2025-12-30 20:00:00,1.34654,1.34688,1.34606,1.3466,4059,2,0
2025-12-31 00:00:00,1.34662,1.34671,1.34579,1.34634,5473,10,0
2025-12-31 04:00:00,1.34635,1.34641,1.34508,1.34558,5826,10,0
2025-12-31 08:00:00,1.34561,1.34652,1.3425500000000001,1.34547,11327,10,0
2025-12-31 12:00:00,1.34549,1.3476,1.34012,1.3449900000000001,17377,10,0
2025-12-31 16:00:00,1.3450199999999999,1.34603,1.3437299999999999,1.3458999999999999,11275,10,0
2025-12-31 20:00:00,1.3458999999999999,1.34829,1.34586,1.34734,2606,10,0
2026-01-01 20:00:00,1.34562,1.3476,1.34542,1.34737,1752,10,0
2026-01-02 00:00:00,1.34737,1.34909,1.34711,1.34863,4604,10,0
2026-01-02 04:00:00,1.34863,1.34874,1.34572,1.34637,5642,10,0
2026-01-02 08:00:00,1.34634,1.34684,1.3433899999999999,1.34402,12147,10,0
2026-01-02 12:00:00,1.34399,1.3501699999999999,1.34356,1.3496299999999999,13929,10,0
2026-01-02 16:00:00,1.3496299999999999,1.34981,1.34458,1.34545,10600,10,0
2026-01-02 20:00:00,1.34547,1.34664,1.34491,1.34593,3661,10,0
2026-01-04 20:00:00,1.34485,1.34564,1.34353,1.3437700000000001,2487,10,0
2026-01-05 00:00:00,1.34375,1.34485,1.34132,1.34154,10467,10,0
2026-01-05 04:00:00,1.34151,1.34368,1.34137,1.34223,8609,10,0
2026-01-05 08:00:00,1.34226,1.34708,1.34169,1.34588,13468,10,0
2026-01-05 12:00:00,1.3458999999999999,1.35037,1.34246,1.3502,17388,10,0
2026-01-05 16:00:00,1.35022,1.35454,1.35022,1.35426,11924,10,0
2026-01-05 20:00:00,1.3542399999999999,1.35477,1.35313,1.3532199999999999,4105,4,0
2026-01-06 00:00:00,1.35321,1.35618,1.35273,1.35586,7430,10,0
2026-01-06 04:00:00,1.35585,1.35673,1.35455,1.3550499999999999,7468,10,0
2026-01-06 08:00:00,1.355,1.3566500000000001,1.35168,1.3520400000000001,13427,10,0
2026-01-06 12:00:00,1.3520400000000001,1.35342,1.34936,1.35071,15982,10,0
2026-01-06 16:00:00,1.35068,1.35118,1.34913,1.35001,10559,10,0
2026-01-06 20:00:00,1.35,1.35058,1.34905,1.3498999999999999,3979,4,0
2026-01-07 00:00:00,1.3498999999999999,1.35165,1.3497,1.3513899999999999,6997,10,0
2026-01-07 04:00:00,1.35137,1.35168,1.3491,1.34923,8085,10,0
2026-01-07 08:00:00,1.3492,1.35053,1.34845,1.34998,10250,10,0
2026-01-07 12:00:00,1.35,1.35025,1.3472,1.3480699999999999,16634,10,0
2026-01-07 16:00:00,1.34806,1.34855,1.3461699999999999,1.3464,9746,10,0
2026-01-07 20:00:00,1.34639,1.34676,1.34536,1.34581,3858,10,0
2026-01-08 00:00:00,1.34581,1.34649,1.34501,1.34628,5361,10,0
2026-01-08 04:00:00,1.34628,1.34632,1.34447,1.34451,7043,10,0
2026-01-08 08:00:00,1.34454,1.34504,1.34317,1.3443800000000001,10186,10,0
2026-01-08 12:00:00,1.34435,1.34473,1.34155,1.34406,13555,10,0
2026-01-08 16:00:00,1.34405,1.34442,1.34192,1.34305,9433,10,0
2026-01-08 20:00:00,1.34305,1.3445,1.34292,1.34358,4488,4,0
2026-01-09 00:00:00,1.34357,1.34374,1.34241,1.34363,6577,10,0
2026-01-09 04:00:00,1.34363,1.34378,1.34141,1.34284,6827,10,0
2026-01-09 08:00:00,1.34287,1.3433899999999999,1.34035,1.34125,10290,10,0
2026-01-09 12:00:00,1.34125,1.34507,1.33869,1.34174,24913,10,0
2026-01-09 16:00:00,1.34173,1.34223,1.33974,1.34062,10969,10,0
2026-01-09 20:00:00,1.34062,1.34096,1.33965,1.34019,3021,10,0
2026-01-11 20:00:00,1.3391,1.34001,1.33881,1.33935,1526,10,0
2026-01-12 00:00:00,1.33935,1.34405,1.33904,1.34196,10014,10,0
2026-01-12 04:00:00,1.34199,1.3446500000000001,1.34159,1.34436,7572,10,0
2026-01-12 08:00:00,1.34433,1.34745,1.3442,1.3459400000000001,11835,10,0
2026-01-12 12:00:00,1.34591,1.34853,1.3457,1.34749,14656,10,0
2026-01-12 16:00:00,1.34751,1.3477000000000001,1.34548,1.3465500000000001,8806,10,0
2026-01-12 20:00:00,1.34656,1.347,1.34602,1.34656,4112,7,0
2026-01-13 00:00:00,1.34656,1.34785,1.3462,1.34701,6552,10,0
2026-01-13 04:00:00,1.347,1.34768,1.34618,1.34665,7167,10,0
2026-01-13 08:00:00,1.34662,1.34853,1.34626,1.34721,9078,10,0
2026-01-13 12:00:00,1.3472,1.34941,1.34345,1.34416,18676,10,0
2026-01-13 16:00:00,1.34413,1.34446,1.34234,1.34345,10562,10,0
2026-01-13 20:00:00,1.34345,1.34359,1.34162,1.3425099999999999,4111,2,0
2026-01-14 00:00:00,1.3425,1.34479,1.34191,1.34443,5745,10,0
2026-01-14 04:00:00,1.34442,1.34494,1.3434,1.34393,5645,10,0
2026-01-14 08:00:00,1.34391,1.34585,1.34365,1.34489,10969,10,0
2026-01-14 12:00:00,1.3449200000000001,1.34637,1.3437999999999999,1.3455599999999999,17825,10,0
2026-01-14 16:00:00,1.34555,1.34583,1.34242,1.34306,9346,10,0
2026-01-14 20:00:00,1.34307,1.3446799999999999,1.34294,1.34396,6038,10,0
2026-01-15 00:00:00,1.34396,1.34396,1.34252,1.3427,7198,10,0
2026-01-15 04:00:00,1.34273,1.3443,1.34226,1.34341,7545,10,0
2026-01-15 08:00:00,1.3433899999999999,1.3445,1.34155,1.34182,10306,10,0
2026-01-15 12:00:00,1.34179,1.34204,1.33624,1.33856,14593,10,0
2026-01-15 16:00:00,1.3385500000000001,1.33936,1.3379400000000001,1.33853,9778,10,0
2026-01-15 20:00:00,1.33856,1.3385799999999999,1.33739,1.33807,5088,4,0
2026-01-16 00:00:00,1.33806,1.33905,1.3370199999999999,1.33903,6227,10,0
2026-01-16 04:00:00,1.33901,1.33917,1.33764,1.33902,5450,10,0
2026-01-16 08:00:00,1.33903,1.3412600000000001,1.3389,1.34071,8497,10,0
2026-01-16 12:00:00,1.3406799999999999,1.34097,1.33656,1.33777,16262,10,0
2026-01-16 16:00:00,1.33779,1.33898,1.33732,1.33816,10263,10,0
2026-01-16 20:00:00,1.33816,1.3385799999999999,1.33742,1.33782,3439,10,0
2026-01-18 20:00:00,1.33418,1.34062,1.33321,1.34016,4115,10,0
2026-01-19 00:00:00,1.34016,1.34086,1.3381,1.33878,12070,10,0
2026-01-19 04:00:00,1.33879,1.34098,1.33839,1.33881,9042,10,0
2026-01-19 08:00:00,1.3388499999999999,1.34152,1.33866,1.3408,10510,10,0
2026-01-19 12:00:00,1.34082,1.34283,1.3404099999999999,1.34213,9280,10,0
2026-01-19 16:00:00,1.34214,1.34349,1.342,1.34253,4511,10,0
2026-01-19 20:00:00,1.34253,1.34284,1.34162,1.3418700000000001,2187,2,0
2026-01-20 00:00:00,1.34191,1.34395,1.3409499999999999,1.34345,6172,10,0
2026-01-20 04:00:00,1.34347,1.34822,1.34254,1.34745,10127,10,0
2026-01-20 08:00:00,1.34747,1.34911,1.3458700000000001,1.34628,18663,10,0
2026-01-20 12:00:00,1.34629,1.34791,1.3439,1.34565,23362,10,0
2026-01-20 16:00:00,1.34564,1.34754,1.34264,1.34273,12508,10,0
2026-01-20 20:00:00,1.34271,1.3443399999999999,1.34249,1.34398,6745,4,0
2026-01-21 00:00:00,1.34398,1.34562,1.34325,1.34398,7725,10,0
2026-01-21 04:00:00,1.34398,1.34487,1.34287,1.34426,8109,10,0
2026-01-21 08:00:00,1.34422,1.34474,1.34008,1.3409200000000001,12126,10,0
2026-01-21 12:00:00,1.34096,1.34588,1.34009,1.3427,19869,10,0
2026-01-21 16:00:00,1.3427,1.34403,1.34091,1.34246,16592,10,0
2026-01-21 20:00:00,1.34249,1.34326,1.3412,1.34177,6160,2,0
2026-01-22 00:00:00,1.34176,1.3435000000000001,1.34164,1.34318,6976,10,0
2026-01-22 04:00:00,1.34318,1.3439,1.34198,1.34311,7235,10,0
2026-01-22 08:00:00,1.3430900000000001,1.34523,1.34009,1.34201,16476,10,0
2026-01-22 12:00:00,1.34199,1.34848,1.34081,1.34771,19225,10,0
2026-01-22 16:00:00,1.3477299999999999,1.3502,1.34729,1.34904,11049,10,0
2026-01-22 20:00:00,1.34901,1.3508200000000001,1.34878,1.3498999999999999,5236,10,0
2026-01-23 00:00:00,1.3498999999999999,1.35043,1.3488,1.3489900000000001,7036,10,0
2026-01-23 04:00:00,1.3489900000000001,1.3512,1.34825,1.34923,9726,10,0
2026-01-23 08:00:00,1.34924,1.35364,1.34817,1.35174,15676,10,0
2026-01-23 12:00:00,1.3517700000000001,1.3567,1.35171,1.35639,12200,10,0
2026-01-23 16:00:00,1.35639,1.3629,1.3560400000000001,1.36232,18784,10,0
2026-01-23 20:00:00,1.36229,1.3645399999999999,1.3620999999999999,1.3644,9604,10,0
2026-01-25 20:00:00,1.36589,1.36798,1.36529,1.36636,4150,10,0
2026-01-26 00:00:00,1.36642,1.3679299999999999,1.36429,1.36596,15783,10,0
2026-01-26 04:00:00,1.366,1.3675899999999999,1.36443,1.36463,12239,10,0
2026-01-26 08:00:00,1.36466,1.36767,1.3642400000000001,1.36658,16432,10,0
2026-01-26 12:00:00,1.36658,1.37126,1.36428,1.3707099999999999,16293,10,0
2026-01-26 16:00:00,1.3707,1.3712900000000001,1.3675,1.36821,14319,10,0
2026-01-26 20:00:00,1.36821,1.36865,1.3670200000000001,1.36746,6298,7,0
2026-01-27 00:00:00,1.36747,1.37002,1.36697,1.3683,8754,10,0
2026-01-27 04:00:00,1.36826,1.36899,1.36695,1.36738,9478,10,0
2026-01-27 08:00:00,1.36742,1.37119,1.36634,1.3710200000000001,15257,10,0
2026-01-27 12:00:00,1.3710200000000001,1.37906,1.37074,1.37514,25512,10,0
2026-01-27 16:00:00,1.37511,1.37908,1.3750200000000001,1.37824,17408,10,0
2026-01-27 20:00:00,1.37823,1.38703,1.37756,1.38265,23635,9,0
2026-01-28 00:00:00,1.3826399999999999,1.38308,1.37916,1.3799299999999999,13243,10,0
2026-01-28 04:00:00,1.37994,1.38306,1.37885,1.38011,13563,10,0
2026-01-28 08:00:00,1.38012,1.38111,1.37673,1.37695,18846,10,0
2026-01-28 12:00:00,1.37695,1.38011,1.37492,1.37892,29954,10,0
2026-01-28 16:00:00,1.37891,1.37962,1.37523,1.37931,25671,10,0
2026-01-28 20:00:00,1.37927,1.38296,1.37855,1.38265,10922,9,0
2026-01-29 00:00:00,1.3827,1.38346,1.37926,1.3832,13115,10,0
2026-01-29 04:00:00,1.38324,1.3847800000000001,1.38233,1.38311,12625,10,0
2026-01-29 08:00:00,1.3831,1.38463,1.37801,1.37938,17633,10,0
2026-01-29 12:00:00,1.37938,1.38337,1.37418,1.37632,33546,10,0
2026-01-29 16:00:00,1.37629,1.38072,1.37594,1.37926,24244,10,0
2026-01-29 20:00:00,1.37928,1.3814199999999999,1.37878,1.38077,7518,7,0
2026-01-30 00:00:00,1.3807800000000001,1.38138,1.3731,1.3752499999999999,22313,10,0
2026-01-30 04:00:00,1.37523,1.37827,1.37397,1.37693,15774,10,0
2026-01-30 08:00:00,1.37696,1.37799,1.37246,1.37785,21139,10,0
2026-01-30 12:00:00,1.37781,1.37874,1.3709500000000001,1.37192,28755,10,0
2026-01-30 16:00:00,1.37192,1.37296,1.36799,1.36977,27535,10,0
2026-01-30 20:00:00,1.36975,1.36979,1.36789,1.36845,9788,10,0
2026-02-01 20:00:00,1.3677000000000001,1.36908,1.36612,1.36756,5556,10,0
2026-02-02 00:00:00,1.3676,1.37056,1.3676,1.36841,21595,10,0
2026-02-02 04:00:00,1.36842,1.36886,1.36599,1.36791,18394,10,0
2026-02-02 08:00:00,1.36792,1.37148,1.36776,1.36998,18847,10,0
2026-02-02 12:00:00,1.36997,1.37065,1.36261,1.36274,24975,10,0
2026-02-02 16:00:00,1.36274,1.36625,1.36225,1.36586,16603,10,0
2026-02-02 20:00:00,1.36587,1.3672900000000001,1.36532,1.36727,5792,7,0
2026-02-03 00:00:00,1.36726,1.36884,1.36704,1.36843,9306,10,0
2026-02-03 04:00:00,1.36842,1.37062,1.3682699999999999,1.36964,10841,10,0
2026-02-03 08:00:00,1.36962,1.36996,1.36501,1.36501,14358,10,0
2026-02-03 12:00:00,1.365,1.37042,1.365,1.37029,17582,10,0
2026-02-03 16:00:00,1.3703,1.3707099999999999,1.3672900000000001,1.36876,15461,10,0
2026-02-03 20:00:00,1.36877,1.37019,1.36835,1.36966,5819,4,0
2026-02-04 00:00:00,1.36966,1.37122,1.36906,1.37039,8481,10,0
2026-02-04 04:00:00,1.37039,1.37214,1.37026,1.37152,7930,10,0
2026-02-04 08:00:00,1.3715,1.3733,1.36943,1.37085,12530,10,0
2026-02-04 12:00:00,1.37084,1.37287,1.36609,1.36638,20125,10,0
2026-02-04 16:00:00,1.36638,1.36719,1.36418,1.36626,17296,10,0
2026-02-04 20:00:00,1.36621,1.36634,1.3642400000000001,1.36456,5783,2,0
2026-02-05 00:00:00,1.36457,1.36537,1.3618700000000001,1.36245,9690,10,0
2026-02-05 04:00:00,1.3624800000000001,1.3629,1.36063,1.36198,9433,10,0
2026-02-05 08:00:00,1.36196,1.36325,1.3556,1.3612,16302,10,0
2026-02-05 12:00:00,1.3612600000000001,1.3612600000000001,1.35209,1.35278,37836,10,0
2026-02-05 16:00:00,1.35277,1.3557000000000001,1.3517000000000001,1.35483,15659,10,0
2026-02-05 20:00:00,1.35484,1.35515,1.35201,1.35208,6459,10,0
2026-02-06 00:00:00,1.35209,1.35497,1.3508,1.3546,9209,10,0
2026-02-06 04:00:00,1.35463,1.35786,1.35447,1.3566,8314,10,0
2026-02-06 08:00:00,1.35662,1.35917,1.35577,1.35839,11839,10,0
2026-02-06 12:00:00,1.35839,1.36151,1.35812,1.3614,14401,10,0
2026-02-06 16:00:00,1.36139,1.36229,1.36011,1.3615599999999999,10146,10,0
2026-02-06 20:00:00,1.36154,1.3621699999999999,1.36074,1.36115,3268,10,0
2026-02-08 20:00:00,1.35904,1.36112,1.35876,1.3609499999999999,3187,10,0
2026-02-09 00:00:00,1.36097,1.36201,1.3590200000000001,1.35984,10068,10,0
2026-02-09 04:00:00,1.35984,1.36285,1.35876,1.36036,11083,10,0
2026-02-09 08:00:00,1.36036,1.36449,1.3586,1.36369,18143,10,0
2026-02-09 12:00:00,1.36372,1.36871,1.36212,1.36772,25613,10,0
2026-02-09 16:00:00,1.36772,1.36998,1.3662,1.36967,11725,10,0
2026-02-09 20:00:00,1.36965,1.36997,1.36815,1.36821,5459,9,0
2026-02-10 00:00:00,1.36822,1.36958,1.36717,1.36852,7886,10,0
2026-02-10 04:00:00,1.3685100000000001,1.36864,1.36665,1.36721,7424,10,0
2026-02-10 08:00:00,1.36722,1.36843,1.36573,1.3663,10222,10,0
2026-02-10 12:00:00,1.36633,1.36965,1.36527,1.36734,19162,10,0
2026-02-10 16:00:00,1.3673600000000001,1.3674,1.36395,1.36564,11264,10,0
2026-02-10 20:00:00,1.36563,1.36571,1.36311,1.36324,4881,10,0
2026-02-11 00:00:00,1.36324,1.36676,1.3631,1.36647,9113,10,0
2026-02-11 04:00:00,1.36646,1.36776,1.36575,1.36738,7279,10,0
2026-02-11 08:00:00,1.3673899999999999,1.3712,1.36684,1.36908,10893,10,0
2026-02-11 12:00:00,1.3691,1.36918,1.3609200000000001,1.36331,31300,10,0
2026-02-11 16:00:00,1.36331,1.3667099999999999,1.3628,1.36321,14901,10,0
2026-02-11 20:00:00,1.3632,1.36345,1.36185,1.36226,5018,9,0
2026-02-12 00:00:00,1.36226,1.36419,1.3614899999999999,1.36313,8617,10,0
2026-02-12 04:00:00,1.3631199999999999,1.36355,1.36042,1.36321,9592,10,0
2026-02-12 08:00:00,1.36323,1.36535,1.36262,1.36487,10208,10,0
2026-02-12 12:00:00,1.36487,1.36711,1.3621400000000001,1.36537,15054,10,0
2026-02-12 16:00:00,1.36536,1.3657599999999999,1.36043,1.36235,19762,10,0
2026-02-12 20:00:00,1.36233,1.36245,1.36142,1.36179,4930,9,0
2026-02-13 00:00:00,1.36178,1.36238,1.36114,1.36148,6991,10,0
2026-02-13 04:00:00,1.3614600000000001,1.3617,1.35899,1.36138,8721,10,0
2026-02-13 08:00:00,1.36136,1.36295,1.36006,1.36029,10599,10,0
2026-02-13 12:00:00,1.36025,1.36472,1.35983,1.36124,20932,10,0
2026-02-13 16:00:00,1.36125,1.36591,1.36062,1.36426,11387,10,0
2026-02-13 20:00:00,1.3642699999999999,1.36579,1.36407,1.3654899999999999,4994,10,0
2026-02-15 20:00:00,1.36426,1.3648799999999999,1.36348,1.36471,2510,10,0
2026-02-16 00:00:00,1.36471,1.36483,1.36364,1.36415,5991,10,0
2026-02-16 04:00:00,1.36415,1.36508,1.36348,1.36437,4802,10,0
2026-02-16 08:00:00,1.36437,1.3661699999999999,1.36394,1.36441,9492,10,0
2026-02-16 12:00:00,1.36438,1.3651,1.3627500000000001,1.36321,7688,10,0
2026-02-16 16:00:00,1.36325,1.36349,1.36252,1.36317,3472,10,0
2026-02-16 20:00:00,1.36314,1.36321,1.36218,1.36267,2557,4,0
2026-02-17 00:00:00,1.36267,1.36289,1.36054,1.3612199999999999,6616,10,0
2026-02-17 04:00:00,1.3612199999999999,1.36148,1.35516,1.35623,8321,10,0
2026-02-17 08:00:00,1.35625,1.36059,1.35596,1.35644,11938,10,0
2026-02-17 12:00:00,1.35642,1.35711,1.34951,1.35029,17790,10,0
2026-02-17 16:00:00,1.35026,1.35626,1.35022,1.3560699999999999,11754,10,0
2026-02-17 20:00:00,1.35611,1.3572,1.35542,1.35622,4333,4,0
2026-02-18 00:00:00,1.35622,1.3566099999999999,1.35511,1.35526,5674,10,0
2026-02-18 04:00:00,1.35526,1.35776,1.35492,1.35611,5941,10,0
2026-02-18 08:00:00,1.35606,1.35819,1.3556300000000001,1.3572899999999999,8884,10,0
2026-02-18 12:00:00,1.3572899999999999,1.35813,1.3532600000000001,1.35453,13114,10,0
2026-02-18 16:00:00,1.35453,1.3557299999999999,1.34967,1.34997,11425,10,0
2026-02-18 20:00:00,1.34997,1.35046,1.34851,1.34947,4175,4,0
2026-02-19 00:00:00,1.34948,1.3498700000000001,1.34875,1.34906,5309,10,0
2026-02-19 04:00:00,1.34906,1.3512,1.34802,1.35096,5256,10,0
2026-02-19 08:00:00,1.35096,1.35165,1.34649,1.34657,10210,10,0
2026-02-19 12:00:00,1.34656,1.34738,1.34335,1.34536,18217,10,0
2026-02-19 16:00:00,1.34536,1.34657,1.34382,1.34514,11471,10,0
2026-02-19 20:00:00,1.34515,1.34728,1.3451,1.34593,4975,4,0
2026-02-20 00:00:00,1.34593,1.34637,1.34342,1.3442,7466,10,0
2026-02-20 04:00:00,1.3442,1.34669,1.34366,1.34455,7276,10,0
2026-02-20 08:00:00,1.34453,1.34823,1.34355,1.34697,11824,10,0
2026-02-20 12:00:00,1.34695,1.3514599999999999,1.34603,1.35005,28757,10,0
2026-02-20 16:00:00,1.35007,1.35145,1.34745,1.34853,19752,10,0
2026-02-20 20:00:00,1.34854,1.34967,1.34761,1.34779,3909,10,0
2026-02-22 20:00:00,1.34768,1.3532899999999999,1.34701,1.35317,3033,10,0
2026-02-23 00:00:00,1.35321,1.35323,1.35098,1.35171,10780,10,0
2026-02-23 04:00:00,1.35171,1.35347,1.35118,1.35254,6985,10,0
2026-02-23 08:00:00,1.35257,1.35282,1.34859,1.34907,10960,10,0
2026-02-23 12:00:00,1.34904,1.35244,1.34754,1.34943,14907,10,0
2026-02-23 16:00:00,1.34944,1.3514599999999999,1.34842,1.3489,11673,10,0
2026-02-23 20:00:00,1.34887,1.34999,1.34871,1.34954,5025,10,0
2026-02-24 00:00:00,1.34954,1.35012,1.34774,1.34879,7848,10,0
2026-02-24 04:00:00,1.3488,1.34916,1.34729,1.34781,8167,10,0
2026-02-24 08:00:00,1.34781,1.35058,1.34694,1.3485800000000001,9918,10,0
2026-02-24 12:00:00,1.34856,1.35243,1.34759,1.35142,14434,10,0
2026-02-24 16:00:00,1.35142,1.35362,1.35001,1.35015,8990,10,0
2026-02-24 20:00:00,1.35015,1.3508499999999999,1.34803,1.34952,4502,9,0
2026-02-25 00:00:00,1.34954,1.35211,1.34908,1.35122,9197,10,0
2026-02-25 04:00:00,1.35123,1.353,1.35101,1.35259,7594,10,0
2026-02-25 08:00:00,1.35259,1.35334,1.3490199999999999,1.35047,10979,10,0
2026-02-25 12:00:00,1.35046,1.35369,1.35026,1.35333,13824,10,0
2026-02-25 16:00:00,1.35332,1.35656,1.35313,1.35499,8837,10,0
2026-02-25 20:00:00,1.35498,1.3560400000000001,1.35456,1.35571,5864,9,0
2026-02-26 00:00:00,1.35571,1.35748,1.35531,1.35555,7214,10,0
2026-02-26 04:00:00,1.35556,1.3562400000000001,1.35437,1.3546,7703,10,0
2026-02-26 08:00:00,1.35463,1.35472,1.35185,1.35285,9811,10,0
2026-02-26 12:00:00,1.35288,1.35561,1.34969,1.35144,15959,10,0
2026-02-26 16:00:00,1.35141,1.35152,1.34448,1.34869,13979,10,0
2026-02-26 20:00:00,1.34867,1.34928,1.34766,1.3491,4353,10,0
2026-02-27 00:00:00,1.3491,1.34955,1.34759,1.34914,8722,10,0
2026-02-27 04:00:00,1.34911,1.3501,1.34612,1.34876,9159,10,0
2026-02-27 08:00:00,1.34878,1.35077,1.34649,1.34661,12572,10,0
2026-02-27 12:00:00,1.34659,1.34788,1.3439,1.3443399999999999,18746,10,0
2026-02-27 16:00:00,1.34432,1.34827,1.34406,1.3480400000000001,12592,10,0
2026-02-27 20:00:00,1.3480400000000001,1.34903,1.34704,1.34871,4352,10,0
2026-03-01 20:00:00,1.34042,1.3434,1.33979,1.34048,3240,17,0
2026-03-02 00:00:00,1.34045,1.34555,1.34002,1.34469,15280,10,0
2026-03-02 04:00:00,1.34469,1.34506,1.33437,1.33617,16667,10,0
2026-03-02 08:00:00,1.33618,1.3425799999999999,1.33139,1.34114,22219,10,0
2026-03-02 12:00:00,1.34113,1.34254,1.33649,1.33715,28078,10,0
2026-03-02 16:00:00,1.33713,1.34315,1.33591,1.3427799999999999,16427,10,0
2026-03-02 20:00:00,1.34281,1.34295,1.33856,1.34077,10215,7,0
2026-03-03 00:00:00,1.3407499999999999,1.3424800000000001,1.3391600000000001,1.33987,12663,10,0
2026-03-03 04:00:00,1.3399,1.34029,1.33331,1.33354,15263,10,0
2026-03-03 08:00:00,1.33352,1.33371,1.32621,1.32931,27192,10,0
2026-03-03 12:00:00,1.32928,1.33271,1.32526,1.33011,35803,10,0
2026-03-03 16:00:00,1.3301,1.3368,1.32964,1.33551,31524,10,0
2026-03-03 20:00:00,1.33552,1.33696,1.33432,1.3351199999999999,9509,9,0
2026-03-04 00:00:00,1.33509,1.33521,1.3303,1.33386,17084,10,0
2026-03-04 04:00:00,1.33386,1.33762,1.33049,1.33588,16086,10,0
2026-03-04 08:00:00,1.33591,1.34029,1.3332,1.3378,25476,10,0
2026-03-04 12:00:00,1.33783,1.33886,1.3348,1.3364500000000001,29113,10,0
2026-03-04 16:00:00,1.33646,1.3376700000000001,1.33456,1.33741,15292,10,0
2026-03-04 20:00:00,1.33742,1.33802,1.33655,1.33687,6045,9,0
2026-03-05 00:00:00,1.33688,1.33869,1.33374,1.3341,12061,10,0
2026-03-05 04:00:00,1.33407,1.33575,1.33052,1.33412,15189,10,0
2026-03-05 08:00:00,1.33416,1.3376299999999999,1.33147,1.33588,26608,10,0
2026-03-05 12:00:00,1.33589,1.33735,1.33091,1.33222,24051,10,0
2026-03-05 16:00:00,1.33222,1.3339699999999999,1.32969,1.33193,23254,10,0
2026-03-05 20:00:00,1.33196,1.33651,1.33182,1.33552,11427,4,0
2026-03-06 00:00:00,1.33552,1.33731,1.33539,1.33712,9860,10,0
2026-03-06 04:00:00,1.33711,1.33721,1.3351899999999999,1.33687,9749,10,0
2026-03-06 08:00:00,1.3369,1.33789,1.33172,1.33181,20469,10,0
2026-03-06 12:00:00,1.3318400000000001,1.3389199999999999,1.33108,1.3359,41553,10,0
2026-03-06 16:00:00,1.3359,1.34093,1.33586,1.33861,26141,10,0
2026-03-06 20:00:00,1.33864,1.3412,1.33784,1.34116,7666,10,0
2026-03-08 20:00:00,1.33406,1.33459,1.32993,1.33046,9277,10,0
2026-03-09 00:00:00,1.33045,1.33171,1.32826,1.32949,18663,10,0
2026-03-09 04:00:00,1.32952,1.33469,1.3293,1.3344,22365,10,0
2026-03-09 08:00:00,1.33442,1.33631,1.33022,1.33469,30152,10,0
2026-03-09 12:00:00,1.33471,1.34001,1.3345099999999999,1.33923,33593,10,0
2026-03-09 16:00:00,1.33921,1.34457,1.33816,1.3429,25533,10,0
2026-03-09 20:00:00,1.34293,1.34478,1.342,1.34236,10027,9,0
2026-03-10 00:00:00,1.34234,1.34439,1.3413300000000001,1.34162,14884,10,0
2026-03-10 04:00:00,1.34164,1.34799,1.3413300000000001,1.34767,12879,10,0
2026-03-10 08:00:00,1.34765,1.34829,1.34381,1.34439,20696,10,0
2026-03-10 12:00:00,1.34443,1.34726,1.34297,1.34572,23703,10,0
2026-03-10 16:00:00,1.34573,1.34806,1.34117,1.34178,24995,10,0
2026-03-10 20:00:00,1.34181,1.34222,1.34097,1.34191,4970,4,0
2026-03-11 00:00:00,1.34192,1.3453,1.34139,1.34516,9979,10,0
2026-03-11 04:00:00,1.34518,1.34572,1.34289,1.34342,10781,10,0
2026-03-11 08:00:00,1.3434599999999999,1.3449200000000001,1.34012,1.34275,19188,10,0
2026-03-11 12:00:00,1.34273,1.34432,1.33929,1.33974,27817,10,0
2026-03-11 16:00:00,1.3397299999999999,1.34219,1.33938,1.34179,14131,10,0
2026-03-11 20:00:00,1.34179,1.34182,1.33759,1.3382100000000001,5860,10,0
2026-03-12 00:00:00,1.33818,1.33969,1.33648,1.33714,9926,10,0
2026-03-12 04:00:00,1.33714,1.33921,1.33606,1.3392,10323,10,0
2026-03-12 08:00:00,1.3392,1.3409200000000001,1.33698,1.3397299999999999,13813,10,0
2026-03-12 12:00:00,1.33975,1.33983,1.3338700000000001,1.3348,25658,10,0
2026-03-12 16:00:00,1.33478,1.33651,1.33375,1.33471,16790,10,0
2026-03-12 20:00:00,1.33475,1.33544,1.33385,1.33511,5349,4,0
2026-03-13 00:00:00,1.33513,1.33692,1.33391,1.33463,8072,10,0
2026-03-13 04:00:00,1.33459,1.33459,1.32736,1.32795,10139,10,0
2026-03-13 08:00:00,1.32796,1.32803,1.3244799999999999,1.32546,18384,10,0
2026-03-13 12:00:00,1.32546,1.3289,1.32297,1.32379,24178,10,0
2026-03-13 16:00:00,1.32376,1.32526,1.32242,1.32268,15546,10,0
2026-03-13 20:00:00,1.3226499999999999,1.32285,1.32181,1.32215,1992,10,0
2026-03-15 20:00:00,1.32382,1.32478,1.32156,1.3246,6043,10,0
2026-03-16 00:00:00,1.32461,1.32656,1.32456,1.32608,9405,10,0
2026-03-16 04:00:00,1.32609,1.32622,1.323,1.32433,8781,10,0
2026-03-16 08:00:00,1.32436,1.32836,1.32336,1.32792,15223,10,0
2026-03-16 12:00:00,1.32793,1.33171,1.32764,1.33018,16690,10,0
2026-03-16 16:00:00,1.33017,1.3339400000000001,1.32882,1.33257,15596,10,0
2026-03-16 20:00:00,1.33259,1.33282,1.33077,1.3312,4228,4,0
2026-03-17 00:00:00,1.33121,1.3314300000000001,1.3295,1.33016,8739,10,0
2026-03-17 04:00:00,1.33018,1.33152,1.32731,1.33047,10192,10,0
2026-03-17 08:00:00,1.33049,1.33395,1.32985,1.3317,15336,10,0
2026-03-17 12:00:00,1.33167,1.33598,1.33109,1.3342399999999999,18651,10,0
2026-03-17 16:00:00,1.33423,1.3364099999999999,1.3332899999999999,1.33536,11241,10,0
2026-03-17 20:00:00,1.33539,1.3362,1.33511,1.33571,5177,10,0
2026-03-18 00:00:00,1.33574,1.33629,1.33497,1.33582,9204,10,0
2026-03-18 04:00:00,1.3358400000000001,1.33743,1.33475,1.33549,7090,10,0
2026-03-18 08:00:00,1.33547,1.3371,1.33409,1.33591,11834,10,0
2026-03-18 12:00:00,1.33592,1.33626,1.3302100000000001,1.33217,24546,10,0
2026-03-18 16:00:00,1.33218,1.33499,1.32735,1.32768,20248,10,0
2026-03-18 20:00:00,1.32771,1.3279,1.32507,1.3264,6990,4,0
2026-03-19 00:00:00,1.32642,1.32977,1.32629,1.32812,10018,10,0
2026-03-19 04:00:00,1.32809,1.32813,1.32511,1.32633,11634,10,0
2026-03-19 08:00:00,1.32634,1.3293300000000001,1.32454,1.32924,22850,10,0
2026-03-19 12:00:00,1.32924,1.3389199999999999,1.32789,1.33583,44300,10,0
2026-03-19 16:00:00,1.3358400000000001,1.34671,1.33533,1.34299,31992,10,0
2026-03-19 20:00:00,1.34303,1.34419,1.34201,1.3424,5831,7,0
2026-03-20 00:00:00,1.3424,1.34288,1.3403399999999999,1.34036,7565,10,0
2026-03-20 04:00:00,1.34036,1.34307,1.33974,1.3426,8224,10,0
2026-03-20 08:00:00,1.34264,1.34363,1.3363,1.33937,17707,10,0
2026-03-20 12:00:00,1.3394,1.34093,1.32984,1.33011,30998,10,0
2026-03-20 16:00:00,1.33013,1.33531,1.33003,1.33335,22144,10,0
2026-03-20 20:00:00,1.3333599999999999,1.3345799999999999,1.33317,1.33402,2748,10,0
2026-03-22 20:00:00,1.3312599999999999,1.33349,1.32931,1.33342,5284,10,0
2026-03-23 00:00:00,1.33343,1.3342800000000001,1.33087,1.3314300000000001,14729,10,0
2026-03-23 04:00:00,1.33145,1.3326799999999999,1.3281,1.32895,14322,10,0
2026-03-23 08:00:00,1.32897,1.34345,1.3256299999999999,1.33566,68333,10,0
2026-03-23 12:00:00,1.33562,1.3479,1.3342399999999999,1.33846,71814,10,0
2026-03-23 16:00:00,1.33842,1.34578,1.33771,1.3430900000000001,33022,10,0
2026-03-23 20:00:00,1.3430900000000001,1.34364,1.34151,1.3425500000000001,6313,7,0
2026-03-24 00:00:00,1.34256,1.34267,1.33862,1.3397999999999999,16613,10,0
2026-03-24 04:00:00,1.33982,1.34452,1.33852,1.34305,16762,10,0
2026-03-24 08:00:00,1.34302,1.34304,1.33796,1.33961,22449,10,0
2026-03-24 12:00:00,1.33963,1.3425,1.33646,1.33808,34352,10,0
2026-03-24 16:00:00,1.33804,1.33951,1.33518,1.3382,24429,10,0
2026-03-24 20:00:00,1.33818,1.3431600000000001,1.33795,1.34143,13738,10,0
2026-03-25 00:00:00,1.34145,1.34357,1.33972,1.33986,13398,10,0
2026-03-25 04:00:00,1.33985,1.34,1.33693,1.33902,11201,10,0
2026-03-25 08:00:00,1.33904,1.34239,1.33867,1.34149,18234,10,0
2026-03-25 12:00:00,1.34151,1.34269,1.33582,1.3371,26027,10,0
2026-03-25 16:00:00,1.33709,1.33925,1.33586,1.33658,14996,10,0
2026-03-25 20:00:00,1.3366,1.33663,1.33576,1.33629,3854,7,0
2026-03-26 00:00:00,1.33629,1.33667,1.3348,1.33647,7771,10,0
2026-03-26 04:00:00,1.33647,1.33676,1.33456,1.33496,9276,10,0
2026-03-26 08:00:00,1.33497,1.3361100000000001,1.33259,1.3326,13577,10,0
2026-03-26 12:00:00,1.33262,1.33778,1.33212,1.33503,23204,10,0
2026-03-26 16:00:00,1.33503,1.33523,1.33122,1.3313,12297,10,0
2026-03-26 20:00:00,1.33131,1.33681,1.33097,1.33342,11478,4,0
2026-03-27 00:00:00,1.33339,1.33465,1.33217,1.33402,9757,10,0
2026-03-27 04:00:00,1.334,1.33472,1.33113,1.33133,8815,10,0
2026-03-27 08:00:00,1.3313,1.3320699999999999,1.3282,1.32829,13728,10,0
2026-03-27 12:00:00,1.32826,1.33321,1.32714,1.32907,20399,10,0
2026-03-27 16:00:00,1.32905,1.32976,1.3259699999999999,1.32713,14661,10,0
2026-03-27 20:00:00,1.32715,1.32762,1.32609,1.32617,2569,10,0
2026-03-29 20:00:00,1.32583,1.32664,1.32335,1.32376,5146,10,0
2026-03-30 00:00:00,1.32378,1.32721,1.3231899999999999,1.3271,12943,10,0
2026-03-30 04:00:00,1.32711,1.32824,1.3241100000000001,1.32456,9814,10,0
2026-03-30 08:00:00,1.32452,1.3253599999999999,1.3223799999999999,1.32306,14001,10,0
2026-03-30 12:00:00,1.32307,1.32368,1.31732,1.31894,19691,10,0
2026-03-30 16:00:00,1.31893,1.31969,1.31738,1.3185,11486,10,0
2026-03-30 20:00:00,1.31847,1.31859,1.31687,1.3172,4810,10,0
2026-03-31 00:00:00,1.3172,1.3223799999999999,1.31588,1.31997,13799,10,0
2026-03-31 04:00:00,1.31998,1.32117,1.31903,1.3205,11284,10,0
2026-03-31 08:00:00,1.32051,1.32346,1.31914,1.32341,14931,10,0
2026-03-31 12:00:00,1.32343,1.32639,1.31717,1.31841,28351,10,0
2026-03-31 16:00:00,1.31841,1.32477,1.31748,1.3235700000000001,31525,10,0
2026-03-31 20:00:00,1.3235700000000001,1.32442,1.32205,1.32429,6135,4,0
2026-04-01 00:00:00,1.32428,1.32542,1.32193,1.32329,10778,10,0
2026-04-01 04:00:00,1.3232599999999999,1.32925,1.3231899999999999,1.32651,16116,10,0
2026-04-01 08:00:00,1.3265,1.33242,1.32611,1.33209,17856,10,0
2026-04-01 12:00:00,1.33212,1.33374,1.32927,1.33289,28834,10,0
2026-04-01 16:00:00,1.3329,1.33459,1.32924,1.32999,13749,10,0
2026-04-01 20:00:00,1.32998,1.33102,1.32889,1.33019,5357,4,0
2026-04-02 00:00:00,1.33019,1.33199,1.32306,1.32347,23843,10,0
2026-04-02 04:00:00,1.32347,1.32392,1.32009,1.32164,14170,10,0
2026-04-02 08:00:00,1.32166,1.32189,1.3181,1.3201100000000001,12438,10,0
2026-04-02 12:00:00,1.32012,1.3251,1.31997,1.32382,28796,10,0
2026-04-02 16:00:00,1.32381,1.32423,1.32208,1.3222800000000001,13142,10,0
2026-04-02 20:00:00,1.3223,1.32282,1.32141,1.3225799999999999,2930,10,0
2026-04-03 00:00:00,1.32253,1.32329,1.3216,1.32251,2263,101,0
2026-04-03 04:00:00,1.32251,1.32382,1.32166,1.32331,2450,101,0
2026-04-03 08:00:00,1.32332,1.3235299999999999,1.32246,1.32303,2669,101,0
2026-04-03 12:00:00,1.32302,1.32364,1.31954,1.32008,9296,10,0
2026-04-03 16:00:00,1.32006,1.32022,1.3188,1.31934,4693,10,0
2026-04-03 20:00:00,1.31934,1.32089,1.31843,1.31974,2218,19,0
2026-04-05 20:00:00,1.31868,1.3194,1.31764,1.31856,4525,10,0
2026-04-06 00:00:00,1.31855,1.32178,1.31849,1.32066,9305,10,0
2026-04-06 04:00:00,1.32067,1.3258,1.32063,1.32528,9178,10,0
2026-04-06 08:00:00,1.32529,1.32588,1.32322,1.32368,11650,10,0
2026-04-06 12:00:00,1.32365,1.32684,1.3223500000000001,1.32333,15761,10,0
2026-04-06 16:00:00,1.32334,1.3244099999999999,1.32177,1.32338,10248,10,0
2026-04-06 20:00:00,1.32338,1.3242099999999999,1.32297,1.32335,3543,4,0
2026-04-07 00:00:00,1.32334,1.32388,1.32112,1.32247,8335,10,0
2026-04-07 04:00:00,1.32247,1.32478,1.32183,1.3233,10875,10,0
2026-04-07 08:00:00,1.32329,1.3284799999999999,1.3232599999999999,1.32459,21813,10,0
2026-04-07 12:00:00,1.32462,1.32668,1.32352,1.32396,23592,10,0
2026-04-07 16:00:00,1.32393,1.32935,1.32389,1.32869,19720,10,0
2026-04-07 20:00:00,1.32867,1.34089,1.32849,1.3400699999999999,21222,7,0
2026-04-08 00:00:00,1.34009,1.3415300000000001,1.3378999999999999,1.33982,21686,10,0
2026-04-08 04:00:00,1.33985,1.34457,1.33985,1.34236,18615,10,0
2026-04-08 08:00:00,1.34233,1.34697,1.34064,1.34654,16790,10,0
2026-04-08 12:00:00,1.3465799999999999,1.3484099999999999,1.3427799999999999,1.34385,26353,10,0
2026-04-08 16:00:00,1.34385,1.34385,1.33808,1.34063,15709,10,0
2026-04-08 20:00:00,1.34066,1.34086,1.33888,1.33923,4932,10,0
2026-04-09 00:00:00,1.33925,1.34018,1.33809,1.3394599999999999,9203,10,0
2026-04-09 04:00:00,1.3395000000000001,1.3406,1.33802,1.33926,10584,10,0
2026-04-09 08:00:00,1.33926,1.343,1.33832,1.3428499999999999,11724,10,0
2026-04-09 12:00:00,1.3428499999999999,1.34443,1.3403,1.34415,18799,10,0
2026-04-09 16:00:00,1.34416,1.34582,1.34295,1.34357,12397,10,0
2026-04-09 20:00:00,1.34357,1.3437000000000001,1.34241,1.34287,4420,9,0
2026-04-10 00:00:00,1.34287,1.3431899999999999,1.3419699999999999,1.34247,6329,10,0
2026-04-10 04:00:00,1.3424800000000001,1.34283,1.34101,1.34119,7735,10,0
2026-04-10 08:00:00,1.34121,1.34451,1.3411,1.3443800000000001,10945,10,0
2026-04-10 12:00:00,1.34442,1.34789,1.3443,1.34577,17143,10,0
2026-04-10 16:00:00,1.3458,1.3471899999999999,1.34477,1.34677,9799,10,0
2026-04-10 20:00:00,1.3467799999999999,1.34697,1.34549,1.34613,1612,10,0
2026-04-12 20:00:00,1.33815,1.34061,1.33786,1.33937,5335,10,0
2026-04-13 00:00:00,1.3394,1.34089,1.3385799999999999,1.34037,8339,10,0
2026-04-13 04:00:00,1.3403800000000001,1.34334,1.34013,1.34313,8601,10,0
2026-04-13 08:00:00,1.3431,1.34426,1.34182,1.34184,9808,10,0
2026-04-13 12:00:00,1.3418700000000001,1.34656,1.34154,1.34575,17147,10,0
2026-04-13 16:00:00,1.34574,1.3508200000000001,1.34517,1.3504399999999999,12615,10,0
2026-04-13 20:00:00,1.35047,1.35156,1.34923,1.3515,3541,7,0
2026-04-14 00:00:00,1.35149,1.3517000000000001,1.35033,1.35161,6039,10,0
2026-04-14 04:00:00,1.35161,1.3538999999999999,1.3510499999999999,1.35315,8741,10,0
2026-04-14 08:00:00,1.35315,1.3578299999999999,1.35264,1.35717,11086,10,0
2026-04-14 12:00:00,1.3572,1.35893,1.35608,1.35609,15820,10,0
2026-04-14 16:00:00,1.35611,1.3572600000000001,1.35576,1.35625,8333,10,0
2026-04-14 20:00:00,1.35629,1.35788,1.35575,1.35742,4676,10,0
2026-04-15 00:00:00,1.35739,1.35773,1.35567,1.35651,7233,10,0
2026-04-15 04:00:00,1.35649,1.3578299999999999,1.3555,1.35596,9442,10,0
2026-04-15 08:00:00,1.35595,1.3569499999999999,1.35428,1.3553899999999999,13398,10,0
2026-04-15 12:00:00,1.35538,1.35786,1.3545099999999999,1.3566799999999999,15135,10,0
2026-04-15 16:00:00,1.35666,1.35764,1.35637,1.35701,9387,10,0
2026-04-15 20:00:00,1.357,1.35734,1.35569,1.35723,3829,7,0
2026-04-16 00:00:00,1.35724,1.35946,1.3560699999999999,1.35812,7467,10,0
2026-04-16 04:00:00,1.35811,1.35821,1.35564,1.35581,9724,10,0
2026-04-16 08:00:00,1.35585,1.35614,1.3531,1.35462,10478,10,0
2026-04-16 12:00:00,1.35464,1.35544,1.35161,1.35375,16992,10,0
2026-04-16 16:00:00,1.35374,1.3544100000000001,1.3520400000000001,1.3529,10567,10,0
2026-04-16 20:00:00,1.35291,1.35364,1.35209,1.35254,3522,9,0
2026-04-17 00:00:00,1.35252,1.35271,1.35138,1.35246,6037,10,0
2026-04-17 04:00:00,1.35245,1.35256,1.35041,1.35249,8418,10,0
2026-04-17 08:00:00,1.35248,1.35393,1.35163,1.35287,9576,10,0
2026-04-17 12:00:00,1.3529,1.35991,1.35281,1.35541,29984,10,0
2026-04-17 16:00:00,1.35542,1.35591,1.35162,1.3519,13676,10,0
2026-04-17 20:00:00,1.35189,1.35224,1.35126,1.3518,2315,10,0
2026-04-19 20:00:00,1.34779,1.3491900000000001,1.3474599999999999,1.34822,4653,10,0
2026-04-20 00:00:00,1.34826,1.3508,1.34779,1.35053,8339,10,0
2026-04-20 04:00:00,1.35053,1.35185,1.34815,1.35023,11486,10,0
2026-04-20 08:00:00,1.3502399999999999,1.35277,1.34924,1.35186,12413,10,0
2026-04-20 12:00:00,1.35185,1.35438,1.35053,1.35394,18487,10,0
2026-04-20 16:00:00,1.35396,1.3544100000000001,1.35309,1.3532199999999999,9531,10,0
2026-04-20 20:00:00,1.3532600000000001,1.35389,1.35297,1.35303,3697,4,0
2026-04-21 00:00:00,1.35306,1.35316,1.35148,1.35175,6529,10,0
2026-04-21 04:00:00,1.35175,1.35328,1.35062,1.35068,9198,10,0
2026-04-21 08:00:00,1.35066,1.35236,1.34821,1.35181,13197,10,0
2026-04-21 12:00:00,1.35185,1.35396,1.3498700000000001,1.35102,16363,10,0
2026-04-21 16:00:00,1.3510499999999999,1.35253,1.34741,1.34816,18874,10,0
2026-04-21 20:00:00,1.34817,1.3513600000000001,1.34767,1.35084,8134,10,0
2026-04-22 00:00:00,1.35086,1.35199,1.35027,1.35062,7498,10,0
2026-04-22 04:00:00,1.35063,1.35341,1.3505099999999999,1.3526099999999999,10053,10,0
2026-04-22 08:00:00,1.3526099999999999,1.35352,1.34989,1.35023,10555,10,0
2026-04-22 12:00:00,1.35022,1.35243,1.34914,1.35031,16318,10,0
2026-04-22 16:00:00,1.35034,1.35163,1.3495,1.35032,9046,10,0
2026-04-22 20:00:00,1.35033,1.3505,1.34981,1.34995,3329,9,0
2026-04-23 00:00:00,1.34995,1.35099,1.34787,1.34853,12892,10,0
2026-04-23 04:00:00,1.34854,1.34996,1.34809,1.34885,8893,10,0
2026-04-23 08:00:00,1.34883,1.35126,1.3483,1.3505099999999999,13106,10,0
2026-04-23 12:00:00,1.35049,1.35181,1.34776,1.3493,16872,10,0
2026-04-23 16:00:00,1.34928,1.34935,1.34471,1.34674,19025,10,0
2026-04-23 20:00:00,1.34673,1.3468200000000001,1.34568,1.3465500000000001,3772,9,0
2026-04-24 00:00:00,1.34659,1.34727,1.34531,1.34595,7391,10,0
2026-04-24 04:00:00,1.34595,1.34795,1.34572,1.34762,7902,10,0
2026-04-24 08:00:00,1.34759,1.3504399999999999,1.34704,1.34945,13494,10,0
2026-04-24 12:00:00,1.34948,1.35195,1.3484099999999999,1.3514599999999999,19160,10,0
2026-04-24 16:00:00,1.35149,1.35333,1.35079,1.35321,9859,10,0
2026-04-24 20:00:00,1.3532,1.35376,1.35291,1.35301,1526,10,0
2026-04-26 20:00:00,1.34999,1.35203,1.34949,1.3513,2107,10,0
2026-04-27 00:00:00,1.35132,1.3548,1.3511600000000001,1.3544,8101,10,0
2026-04-27 04:00:00,1.35437,1.35465,1.35239,1.35442,8568,10,0
2026-04-27 08:00:00,1.35446,1.3563100000000001,1.3541400000000001,1.35579,9537,10,0
2026-04-27 12:00:00,1.35579,1.35755,1.35368,1.35511,15564,10,0
2026-04-27 16:00:00,1.35511,1.35552,1.353,1.35312,7793,10,0
2026-04-27 20:00:00,1.35316,1.35375,1.35273,1.35373,2902,7,0
2026-04-28 00:00:00,1.35375,1.35411,1.35203,1.35313,7308,10,0
2026-04-28 04:00:00,1.35316,1.3534,1.35019,1.35091,9053,10,0
2026-04-28 08:00:00,1.35094,1.35149,1.34625,1.34681,12355,10,0
2026-04-28 12:00:00,1.34683,1.35121,1.34632,1.35111,18134,10,0
2026-04-28 16:00:00,1.35114,1.35206,1.35062,1.3516,8491,10,0
2026-04-28 20:00:00,1.35162,1.35241,1.35132,1.35236,2629,7,0
2026-04-29 00:00:00,1.3523800000000001,1.35277,1.35097,1.3511,7208,10,0
2026-04-29 04:00:00,1.35114,1.35151,1.34945,1.3504399999999999,7449,10,0
2026-04-29 08:00:00,1.35041,1.35125,1.34944,1.35042,10025,10,0
2026-04-29 12:00:00,1.35046,1.35134,1.3470900000000001,1.34888,17117,10,0
2026-04-29 16:00:00,1.34889,1.34989,1.34569,1.34759,16549,10,0
2026-04-29 20:00:00,1.34757,1.34888,1.34696,1.34877,5347,9,0
2026-04-30 00:00:00,1.34879,1.34951,1.34679,1.34753,10406,10,0
2026-04-30 04:00:00,1.34753,1.34924,1.34536,1.3486,12749,10,0
2026-04-30 08:00:00,1.34859,1.35349,1.34787,1.35169,22488,10,0
2026-04-30 12:00:00,1.35169,1.35935,1.34982,1.35779,25889,10,0
2026-04-30 16:00:00,1.3578000000000001,1.3612,1.35727,1.36035,12511,10,0
2026-04-30 20:00:00,1.3603399999999999,1.3609,1.35979,1.36018,3988,9,0
2026-05-01 00:00:00,1.36019,1.36117,1.35989,1.36022,7296,10,0
2026-05-01 04:00:00,1.3602400000000001,1.36224,1.35864,1.36044,10840,10,0
2026-05-01 08:00:00,1.36042,1.36224,1.3591199999999999,1.36196,9242,10,0
2026-05-01 12:00:00,1.36198,1.36575,1.36139,1.3618700000000001,19163,10,0
2026-05-01 16:00:00,1.36188,1.3623,1.35727,1.35732,11467,10,0
2026-05-01 20:00:00,1.3573,1.35784,1.3568500000000001,1.35767,1390,10,0
2026-05-03 20:00:00,1.35941,1.36026,1.35796,1.35807,2865,10,0
2026-05-04 00:00:00,1.35804,1.3601,1.35747,1.35972,9555,10,0
2026-05-04 04:00:00,1.35975,1.35987,1.35625,1.35657,9958,10,0
2026-05-04 08:00:00,1.35655,1.35671,1.3523,1.35407,14933,10,0
2026-05-04 12:00:00,1.3541,1.35691,1.35246,1.3532600000000001,18112,10,0
2026-05-04 16:00:00,1.35321,1.35419,1.3512,1.35365,14343,10,0
2026-05-04 20:00:00,1.35362,1.35367,1.35216,1.35308,3251,9,0
2026-05-05 00:00:00,1.35308,1.35345,1.35174,1.35209,5923,10,0
2026-05-05 04:00:00,1.3520699999999999,1.3547500000000001,1.35134,1.35374,10050,10,0
2026-05-05 08:00:00,1.35375,1.3550900000000001,1.35303,1.35403,11353,10,0
2026-05-05 12:00:00,1.35404,1.3578000000000001,1.35312,1.35735,16748,10,0
2026-05-05 16:00:00,1.35733,1.35758,1.35404,1.35427,8023,10,0
2026-05-05 20:00:00,1.35425,1.35794,1.35342,1.35674,5568,2,0
2026-05-06 00:00:00,1.35678,1.35799,1.35633,1.35646,9272,10,0
2026-05-06 04:00:00,1.35649,1.3599,1.3562699999999999,1.35983,13817,10,0
2026-05-06 08:00:00,1.35986,1.36429,1.35915,1.36231,19280,10,0
2026-05-06 12:00:00,1.36231,1.36237,1.35934,1.35954,18696,10,0
2026-05-06 16:00:00,1.35951,1.35992,1.3578000000000001,1.35927,9941,10,0
2026-05-06 20:00:00,1.35925,1.35962,1.35889,1.35907,2971,9,0
2026-05-07 00:00:00,1.3590499999999999,1.36079,1.35894,1.35926,8435,10,0
2026-05-07 04:00:00,1.35923,1.3624,1.35903,1.36202,10166,10,0
2026-05-07 08:00:00,1.36205,1.36301,1.3609200000000001,1.36172,10668,10,0
2026-05-07 12:00:00,1.36175,1.36322,1.36063,1.36076,15091,10,0
2026-05-07 16:00:00,1.36073,1.36098,1.35612,1.35618,16179,10,0
2026-05-07 20:00:00,1.35622,1.3575599999999999,1.35431,1.35551,5823,7,0
2026-05-08 00:00:00,1.35551,1.35608,1.35484,1.35542,8566,10,0
2026-05-08 04:00:00,1.35542,1.35898,1.35491,1.35812,9846,10,0
2026-05-08 08:00:00,1.3580999999999999,1.36224,1.35781,1.3612199999999999,10151,10,0
2026-05-08 12:00:00,1.36123,1.3630499999999999,1.36009,1.36234,16645,10,0
2026-05-08 16:00:00,1.36232,1.36307,1.36154,1.36276,8155,10,0
2026-05-08 20:00:00,1.36277,1.36365,1.36266,1.36322,1367,10,0
2026-05-10 20:00:00,1.35491,1.35968,1.35436,1.3593600000000001,3664,10,0
2026-05-11 00:00:00,1.35934,1.36007,1.3587799999999999,1.35887,7921,10,0
2026-05-11 04:00:00,1.35887,1.3603100000000001,1.3578700000000001,1.3599,8481,10,0
2026-05-11 08:00:00,1.35991,1.36143,1.35853,1.3606500000000001,11682,10,0
2026-05-11 12:00:00,1.36068,1.36528,1.35993,1.36491,14406,10,0
2026-05-11 16:00:00,1.36494,1.3649499999999999,1.36164,1.36175,8933,10,0
2026-05-11 20:00:00,1.36177,1.36199,1.36022,1.36036,3684,4,0
2026-05-12 00:00:00,1.36036,1.36046,1.35795,1.35827,7641,10,0
2026-05-12 04:00:00,1.35828,1.35865,1.3514300000000001,1.35179,11490,10,0
2026-05-12 08:00:00,1.35181,1.35527,1.3501699999999999,1.3532,17546,10,0
2026-05-12 12:00:00,1.35324,1.35428,1.34998,1.3526099999999999,20254,10,0
2026-05-12 16:00:00,1.3526,1.35438,1.3514599999999999,1.35393,10877,10,0
2026-05-12 20:00:00,1.35394,1.35423,1.3532600000000001,1.35346,2927,10,0
2026-05-13 00:00:00,1.35344,1.35459,1.35277,1.35376,8241,10,0
2026-05-13 04:00:00,1.35377,1.3550900000000001,1.35194,1.35205,9317,10,0
2026-05-13 08:00:00,1.35201,1.35338,1.34935,1.35031,14167,10,0
2026-05-13 12:00:00,1.35027,1.3529,1.3483800000000001,1.35186,15330,10,0
2026-05-13 16:00:00,1.35184,1.35274,1.35103,1.35222,8962,10,0
2026-05-13 20:00:00,1.35219,1.3531900000000001,1.35186,1.35264,3554,10,0
2026-05-14 00:00:00,1.35264,1.35323,1.35202,1.3526,6707,10,0
2026-05-14 04:00:00,1.3526,1.35324,1.35043,1.35054,9250,10,0
2026-05-14 08:00:00,1.3505099999999999,1.3520400000000001,1.34947,1.34995,9846,10,0
2026-05-14 12:00:00,1.34993,1.35178,1.34725,1.3477299999999999,15324,10,0
2026-05-14 16:00:00,1.34771,1.34786,1.33944,1.33995,13151,10,0
2026-05-14 20:00:00,1.33997,1.34027,1.33845,1.33904,4186,7,0
2026-05-15 00:00:00,1.33907,1.33921,1.3363399999999999,1.33758,9657,10,0
2026-05-15 04:00:00,1.33755,1.33755,1.33343,1.33637,13708,10,0
2026-05-15 08:00:00,1.3364099999999999,1.33928,1.3327499999999999,1.33592,15157,10,0
2026-05-15 12:00:00,1.3359,1.33631,1.33154,1.3329900000000001,18764,10,0
2026-05-15 16:00:00,1.33301,1.3338,1.33155,1.33185,10923,10,0
2026-05-15 20:00:00,1.33182,1.33264,1.33147,1.33239,1602,10,0
2026-05-17 20:00:00,1.33129,1.33255,1.33073,1.3309199999999999,3611,10,0
2026-05-18 00:00:00,1.33093,1.3318400000000001,1.33017,1.33129,11072,10,0
2026-05-18 04:00:00,1.33128,1.33581,1.3311600000000001,1.3351899999999999,11245,10,0
2026-05-18 08:00:00,1.33518,1.3384,1.33462,1.33757,13427,10,0
2026-05-18 12:00:00,1.33757,1.34271,1.33745,1.34177,20840,10,0
2026-05-18 16:00:00,1.34174,1.34489,1.34001,1.34294,15928,10,0
2026-05-18 20:00:00,1.34296,1.34388,1.34253,1.34308,4235,4,0
2026-05-19 00:00:00,1.34308,1.34341,1.34087,1.3413,9660,10,0
2026-05-19 04:00:00,1.34132,1.34178,1.33896,1.3401399999999999,11131,10,0
2026-05-19 08:00:00,1.34018,1.34155,1.33867,1.34028,12770,10,0
2026-05-19 12:00:00,1.34024,1.34196,1.33779,1.33982,19095,10,0
2026-05-19 16:00:00,1.33985,1.34118,1.33876,1.33998,10709,10,0
2026-05-19 20:00:00,1.33999,1.3404,1.33886,1.3395299999999999,4221,10,0
2026-05-20 00:00:00,1.33951,1.3403,1.33775,1.33993,11620,10,0
2026-05-20 04:00:00,1.33994,1.34064,1.33754,1.33854,12136,10,0
2026-05-20 08:00:00,1.3385,1.34074,1.33747,1.33992,11035,10,0
2026-05-20 12:00:00,1.33991,1.34631,1.33826,1.34409,23993,10,0
2026-05-20 16:00:00,1.34409,1.34536,1.34321,1.34371,13467,10,0
2026-05-20 20:00:00,1.34369,1.34405,1.34291,1.34335,4578,4,0
2026-05-21 00:00:00,1.34336,1.34453,1.3418700000000001,1.34263,8586,10,0
2026-05-21 04:00:00,1.3426,1.34397,1.3415300000000001,1.34291,9864,10,0
2026-05-21 08:00:00,1.34294,1.34545,1.34148,1.34215,15694,10,0
2026-05-21 12:00:00,1.34212,1.34293,1.3391899999999999,1.34047,19237,10,0
2026-05-21 16:00:00,1.3405,1.34488,1.34005,1.34355,16592,10,0
2026-05-21 20:00:00,1.34357,1.34403,1.34226,1.3431600000000001,3734,10,0
2026-05-22 00:00:00,1.3431600000000001,1.34322,1.34226,1.34257,6951,10,0
2026-05-22 04:00:00,1.34257,1.34321,1.34127,1.34245,7676,10,0
2026-05-22 08:00:00,1.34247,1.34383,1.34162,1.34206,9628,10,0
2026-05-22 12:00:00,1.34206,1.34628,1.3416299999999999,1.34365,16827,10,0
2026-05-22 16:00:00,1.34364,1.34531,1.3433,1.34399,10305,10,0
2026-05-22 20:00:00,1.34398,1.34416,1.34287,1.3431199999999999,1664,10,0
2026-05-24 20:00:00,1.3437700000000001,1.34879,1.34367,1.34806,2873,10,0
2026-05-25 00:00:00,1.34803,1.3489900000000001,1.34737,1.34747,7123,10,0
2026-05-25 04:00:00,1.34745,1.34886,1.34704,1.34842,7155,10,0
2026-05-25 08:00:00,1.34844,1.35056,1.34782,1.34976,5878,10,0
2026-05-25 12:00:00,1.3498,1.35064,1.34924,1.35013,7819,10,0
2026-05-25 16:00:00,1.35012,1.35088,1.34985,1.3507500000000001,2670,10,0
2026-05-25 20:00:00,1.3507500000000001,1.35081,1.34949,1.34955,3140,4,0
2026-05-26 00:00:00,1.34957,1.34968,1.34822,1.34885,6857,10,0
2026-05-26 04:00:00,1.34885,1.34888,1.34644,1.34745,8168,10,0
2026-05-26 08:00:00,1.34748,1.34889,1.34677,1.3469,10034,10,0
2026-05-26 12:00:00,1.34687,1.3474599999999999,1.34341,1.34356,13596,10,0
2026-05-26 16:00:00,1.34357,1.34496,1.3434300000000001,1.34483,7533,10,0
2026-05-26 20:00:00,1.34484,1.34586,1.34425,1.34544,3407,7,0
2026-05-27 00:00:00,1.34544,1.34584,1.34456,1.34541,7138,10,0
2026-05-27 04:00:00,1.34541,1.34565,1.34413,1.34424,7428,10,0
2026-05-27 08:00:00,1.34424,1.3452,1.34299,1.34345,8809,10,0
2026-05-27 12:00:00,1.34347,1.34579,1.3416000000000001,1.34286,19309,10,0
2026-05-27 16:00:00,1.34288,1.34328,1.34168,1.34301,8278,10,0
2026-05-27 20:00:00,1.34302,1.34326,1.34139,1.3415599999999999,3318,9,0
2026-05-28 00:00:00,1.3415300000000001,1.34199,1.3368,1.33683,8668,10,0
2026-05-28 04:00:00,1.3368,1.34113,1.3366799999999999,1.3402,9967,10,0
2026-05-28 08:00:00,1.34019,1.34101,1.33857,1.34061,9864,10,0
2026-05-28 12:00:00,1.3406,1.34506,1.34025,1.34353,19062,10,0
2026-05-28 16:00:00,1.34352,1.34481,1.3431600000000001,1.34392,9566,10,0
2026-05-28 20:00:00,1.34388,1.34455,1.34378,1.34436,2927,9,0
2026-05-29 00:00:00,1.34436,1.34503,1.34301,1.34321,6775,10,0
2026-05-29 04:00:00,1.34323,1.34444,1.34174,1.34259,7946,10,0
2026-05-29 08:00:00,1.34257,1.34295,1.3408,1.34283,10555,10,0
2026-05-29 12:00:00,1.3428499999999999,1.3485,1.34207,1.34742,18265,10,0
2026-05-29 16:00:00,1.34742,1.34756,1.34547,1.34673,9951,10,0
2026-05-29 20:00:00,1.3467500000000001,1.3468,1.34525,1.34547,2708,10,0
2026-05-31 20:00:00,1.34523,1.34595,1.3443399999999999,1.34503,5114,10,0
2026-06-01 00:00:00,1.34507,1.34591,1.34451,1.34496,7603,10,0
2026-06-01 04:00:00,1.34497,1.34757,1.34489,1.34605,7662,10,0
2026-06-01 08:00:00,1.34605,1.34748,1.34548,1.3465,9276,10,0
2026-06-01 12:00:00,1.3465,1.34686,1.34062,1.34487,18513,10,0
2026-06-01 16:00:00,1.34487,1.34698,1.34401,1.34588,9291,10,0
2026-06-01 20:00:00,1.34584,1.34607,1.34503,1.34593,3444,9,0
2026-06-02 00:00:00,1.34595,1.34618,1.34503,1.34579,6496,10,0
2026-06-02 04:00:00,1.34577,1.34812,1.34567,1.3471600000000001,7938,10,0
2026-06-02 08:00:00,1.3472,1.34766,1.346,1.34734,8642,10,0
2026-06-02 12:00:00,1.34737,1.3480400000000001,1.34627,1.34787,11780,10,0
2026-06-02 16:00:00,1.34787,1.34796,1.34528,1.34681,7865,10,0
2026-06-02 20:00:00,1.3468,1.34715,1.34497,1.34525,3542,7,0
2026-06-03 00:00:00,1.34524,1.34717,1.34511,1.34626,5802,10,0
2026-06-03 04:00:00,1.34626,1.34637,1.34364,1.34558,8359,10,0
2026-06-03 08:00:00,1.34559,1.34596,1.34401,1.34496,10289,10,0
2026-06-03 12:00:00,1.34494,1.34507,1.34209,1.3434300000000001,15107,10,0
2026-06-03 16:00:00,1.34344,1.34348,1.34116,1.3419400000000001,8147,10,0
2026-06-03 20:00:00,1.34195,1.34284,1.34113,1.3426,3885,9,0
2026-06-04 00:00:00,1.3425799999999999,1.34315,1.34166,1.3422399999999999,6971,10,0
2026-06-04 04:00:00,1.3422399999999999,1.34344,1.34111,1.34213,8381,10,0
2026-06-04 08:00:00,1.34212,1.3462100000000001,1.34209,1.34584,11148,10,0
2026-06-04 12:00:00,1.34582,1.34623,1.34293,1.34387,12727,10,0
2026-06-04 16:00:00,1.34389,1.34417,1.34212,1.34237,7020,10,0
2026-06-04 20:00:00,1.34236,1.3425799999999999,1.3418,1.34223,2942,9,0
2026-06-05 00:00:00,1.3422,1.3428200000000001,1.34155,1.34265,7049,10,0
2026-06-05 04:00:00,1.34267,1.34481,1.34232,1.34445,7394,10,0
2026-06-05 08:00:00,1.34449,1.34828,1.34439,1.3468,9703,10,0
2026-06-05 12:00:00,1.34683,1.34687,1.33561,1.3358400000000001,22353,10,0
2026-06-05 16:00:00,1.33583,1.33591,1.33297,1.33374,12662,10,0
2026-06-05 20:00:00,1.33372,1.33405,1.3330199999999999,1.33398,1859,10,0
2026-06-07 20:00:00,1.33281,1.33359,1.33148,1.33347,3431,10,0
2026-06-08 00:00:00,1.33349,1.335,1.33183,1.33408,10076,10,0
2026-06-08 04:00:00,1.33408,1.33484,1.33194,1.33274,11731,10,0
2026-06-08 08:00:00,1.33274,1.33692,1.33052,1.3359,15473,10,0
2026-06-08 12:00:00,1.33591,1.3367200000000001,1.33348,1.33463,17177,10,0
2026-06-08 16:00:00,1.33461,1.33523,1.33373,1.33409,9905,10,0
2026-06-08 20:00:00,1.33408,1.33429,1.33323,1.33334,3552,4,0
2026-06-09 00:00:00,1.33332,1.33524,1.33304,1.33488,7588,10,0
2026-06-09 04:00:00,1.33488,1.33746,1.33473,1.33671,9351,10,0
2026-06-09 08:00:00,1.33671,1.34059,1.3364,1.34021,9634,10,0
2026-06-09 12:00:00,1.34023,1.34108,1.33723,1.33864,16398,10,0
2026-06-09 16:00:00,1.33866,1.33903,1.33581,1.33793,16305,10,0
2026-06-09 20:00:00,1.3378999999999999,1.33825,1.3361100000000001,1.33712,4763,2,0
2026-06-10 00:00:00,1.33716,1.33904,1.33676,1.33884,9205,10,0
2026-06-10 04:00:00,1.33881,1.33969,1.33791,1.33902,9488,10,0
2026-06-10 08:00:00,1.33906,1.33992,1.33755,1.3378,12663,10,0
2026-06-10 12:00:00,1.33782,1.34232,1.33708,1.33893,20426,10,0
2026-06-10 16:00:00,1.3389199999999999,1.3397299999999999,1.33713,1.33718,12717,10,0
2026-06-10 20:00:00,1.33717,1.33722,1.33494,1.3361100000000001,6119,7,0
2026-06-11 00:00:00,1.3361399999999999,1.33915,1.3361399999999999,1.33782,9406,10,0
2026-06-11 04:00:00,1.33783,1.33914,1.33747,1.3382,8182,10,0
2026-06-11 08:00:00,1.33818,1.33835,1.33521,1.3365,9525,10,0
2026-06-11 12:00:00,1.33649,1.3367499999999999,1.3324099999999999,1.33352,19704,10,0
2026-06-11 16:00:00,1.33354,1.34329,1.3326,1.34157,22466,10,0
2026-06-11 20:00:00,1.3416000000000001,1.3426,1.34084,1.3413599999999999,5802,7,0
2026-06-12 00:00:00,1.34139,1.3417,1.33994,1.34141,10535,10,0
2026-06-12 04:00:00,1.34143,1.34178,1.3383,1.33972,11561,10,0
2026-06-12 08:00:00,1.3397700000000001,1.34252,1.33938,1.34091,13683,10,0
2026-06-12 12:00:00,1.34086,1.34236,1.3389199999999999,1.34127,19025,10,0
2026-06-12 16:00:00,1.34124,1.34213,1.34071,1.34107,11140,10,0
2026-06-12 20:00:00,1.34105,1.34111,1.34012,1.34046,1415,10,0
2026-06-14 20:00:00,1.34062,1.3454,1.3396,1.3449,5123,10,0
2026-06-15 00:00:00,1.34488,1.34605,1.34325,1.34422,7859,10,0
2026-06-15 04:00:00,1.34422,1.3459699999999999,1.34275,1.34321,8865,10,0
2026-06-15 08:00:00,1.34323,1.34358,1.34181,1.3423,9346,10,0
2026-06-15 12:00:00,1.34226,1.3444,1.34164,1.34249,12134,10,0
2026-06-15 16:00:00,1.3424800000000001,1.34332,1.34073,1.34085,7808,10,0
2026-06-15 20:00:00,1.34082,1.34164,1.34039,1.34152,4580,4,0
2026-06-16 00:00:00,1.34152,1.34177,1.33967,1.34029,6651,10,0
2026-06-16 04:00:00,1.3403,1.34158,1.33898,1.3415599999999999,8388,10,0
2026-06-16 08:00:00,1.3415599999999999,1.3431199999999999,1.34108,1.3415,8984,10,0
2026-06-16 12:00:00,1.34151,1.34428,1.34025,1.34366,12608,10,0
2026-06-16 16:00:00,1.34369,1.34396,1.34214,1.34235,8107,10,0
2026-06-16 20:00:00,1.34233,1.34306,1.34212,1.3425,2885,10,0
2026-06-17 00:00:00,1.3425099999999999,1.34334,1.34235,1.34268,6270,10,0
2026-06-17 04:00:00,1.34266,1.34376,1.34081,1.34204,7726,10,0
2026-06-17 08:00:00,1.34207,1.34207,1.33989,1.34046,8839,10,0
2026-06-17 12:00:00,1.34048,1.3418,1.3384,1.33957,11910,10,0
2026-06-17 16:00:00,1.33957,1.3403100000000001,1.32618,1.3284500000000001,31061,10,0
2026-06-17 20:00:00,1.32849,1.33023,1.32768,1.33002,5426,10,0
2026-06-18 00:00:00,1.33004,1.3318400000000001,1.33,1.33163,8452,10,0
2026-06-18 04:00:00,1.33166,1.33246,1.32888,1.32965,10080,10,0
2026-06-18 08:00:00,1.32965,1.3296700000000001,1.3204500000000001,1.32105,15374,10,0
2026-06-18 12:00:00,1.32101,1.32532,1.32092,1.32251,19076,10,0
2026-06-18 16:00:00,1.32253,1.32301,1.31924,1.31989,12443,10,0
2026-06-18 20:00:00,1.31993,1.32071,1.31966,1.32012,3784,4,0
2026-06-19 00:00:00,1.3201399999999999,1.32111,1.31852,1.3187,7141,10,0
2026-06-19 04:00:00,1.31871,1.32077,1.31627,1.31948,11486,10,0
2026-06-19 08:00:00,1.31952,1.32404,1.31949,1.32288,10894,10,0
2026-06-19 12:00:00,1.32291,1.32396,1.3213,1.3219699999999999,12417,10,0
2026-06-19 16:00:00,1.32199,1.3237999999999999,1.32173,1.32329,6891,10,0
2026-06-19 20:00:00,1.32329,1.32399,1.32219,1.32334,8534,10,0
2026-06-21 20:00:00,1.31897,1.32111,1.31856,1.3207200000000001,3154,10,0
2026-06-22 00:00:00,1.3207499999999999,1.32333,1.32071,1.32121,8660,10,0
2026-06-22 04:00:00,1.32124,1.32203,1.3189,1.31939,10418,10,0
2026-06-22 08:00:00,1.31939,1.32473,1.3183,1.32349,15312,10,0
2026-06-22 12:00:00,1.32348,1.32727,1.32341,1.3247,20181,10,0
2026-06-22 16:00:00,1.32474,1.32495,1.32392,1.32467,8286,10,0
2026-06-22 20:00:00,1.32471,1.32519,1.32454,1.32461,3009,10,0
2026-06-23 00:00:00,1.32464,1.32492,1.32336,1.3248199999999999,8029,10,0
2026-06-23 04:00:00,1.32485,1.32496,1.3220100000000001,1.3225799999999999,10920,10,0
2026-06-23 08:00:00,1.32261,1.3235299999999999,1.32063,1.3207499999999999,11746,10,0
2026-06-23 12:00:00,1.32077,1.32216,1.31844,1.31895,15074,10,0
2026-06-23 16:00:00,1.31897,1.32002,1.31815,1.31947,7748,10,0
2026-06-23 20:00:00,1.31949,1.32036,1.3194,1.3199100000000001,3198,4,0
2026-06-24 00:00:00,1.31988,1.32044,1.3186499999999999,1.31985,9098,10,0
2026-06-24 04:00:00,1.31983,1.32086,1.31793,1.3186499999999999,10466,10,0
2026-06-24 08:00:00,1.31859,1.31974,1.3148,1.31622,12761,10,0
2026-06-24 12:00:00,1.31623,1.3171300000000001,1.31394,1.31575,16828,10,0
2026-06-24 16:00:00,1.31579,1.31785,1.31532,1.31604,10914,10,0
2026-06-24 20:00:00,1.31604,1.31695,1.31569,1.31636,4096,2,0
2026-06-25 00:00:00,1.31638,1.3183099999999999,1.31576,1.31819,8726,10,0
2026-06-25 04:00:00,1.31818,1.31851,1.3167,1.31845,8530,10,0
2026-06-25 08:00:00,1.31843,1.31971,1.31505,1.3155000000000001,9705,10,0
2026-06-25 12:00:00,1.3155000000000001,1.32185,1.31535,1.3214299999999999,19617,10,0
2026-06-25 16:00:00,1.32146,1.32188,1.31931,1.31996,10159,10,0
2026-06-25 20:00:00,1.31995,1.32012,1.31834,1.31866,4239,7,0
2026-06-26 00:00:00,1.31871,1.31993,1.3179699999999999,1.31972,8976,10,0
2026-06-26 04:00:00,1.31975,1.3211300000000001,1.31904,1.3204799999999999,9969,10,0
2026-06-26 08:00:00,1.3204500000000001,1.3228,1.31985,1.32159,11936,10,0
2026-06-26 12:00:00,1.32159,1.3231600000000001,1.31968,1.32208,16870,10,0
2026-06-26 16:00:00,1.32205,1.32209,1.31947,1.31981,8212,10,0
2026-06-26 20:00:00,1.31985,1.32034,1.31918,1.31968,1984,10,0
2026-06-28 20:00:00,1.3198699999999999,1.3204500000000001,1.31877,1.31963,2238,10,0
2026-06-29 00:00:00,1.31961,1.32097,1.31932,1.31979,7757,10,0
2026-06-29 04:00:00,1.31979,1.32278,1.3195700000000001,1.32129,7713,10,0
2026-06-29 08:00:00,1.3213300000000001,1.32345,1.32027,1.32307,9875,10,0
2026-06-29 12:00:00,1.32308,1.32534,1.32273,1.32527,14275,10,0
2026-06-29 16:00:00,1.32531,1.3262,1.325,1.3260100000000001,7034,10,0
2026-06-29 20:00:00,1.32603,1.32621,1.32494,1.3253,2521,10,0
2026-06-30 00:00:00,1.32527,1.32542,1.32309,1.32331,8755,10,0
2026-06-30 04:00:00,1.32332,1.32468,1.32223,1.32341,8968,10,0
2026-06-30 08:00:00,1.32338,1.32394,1.32144,1.3226200000000001,10358,10,0
2026-06-30 12:00:00,1.32263,1.32764,1.32117,1.3256999999999999,15818,10,0
2026-06-30 16:00:00,1.32569,1.32647,1.3247900000000001,1.32637,8118,10,0
2026-06-30 20:00:00,1.32635,1.32654,1.32486,1.32497,2970,4,0
2026-07-01 00:00:00,1.32497,1.32516,1.32312,1.3235000000000001,7195,10,0
2026-07-01 04:00:00,1.32352,1.32456,1.32282,1.3244,8091,10,0
2026-07-01 08:00:00,1.3244,1.32565,1.3238699999999999,1.32417,10103,10,0
2026-07-01 12:00:00,1.3242,1.32916,1.32185,1.32772,20322,10,0
2026-07-01 16:00:00,1.32774,1.32916,1.32709,1.32776,10040,10,0
2026-07-01 20:00:00,1.32774,1.328,1.3265500000000001,1.32782,2781,9,0
2026-07-02 00:00:00,1.32782,1.32944,1.32739,1.32863,7221,10,0
2026-07-02 04:00:00,1.32863,1.3338,1.3284799999999999,1.3336000000000001,11518,10,0
2026-07-02 08:00:00,1.33356,1.33624,1.33079,1.331,13650,10,0
2026-07-02 12:00:00,1.33098,1.33843,1.32966,1.33616,28982,10,0
2026-07-02 16:00:00,1.33619,1.3362,1.33375,1.33453,10946,10,0
2026-07-02 20:00:00,1.3345099999999999,1.33506,1.33369,1.33379,3478,7,0
2026-07-03 00:00:00,1.33379,1.3366,1.33342,1.3361,8700,10,0
2026-07-03 04:00:00,1.33613,1.33807,1.33578,1.33711,9500,10,0
2026-07-03 08:00:00,1.33715,1.33734,1.33486,1.33582,8812,10,0
2026-07-03 12:00:00,1.33581,1.33613,1.33454,1.33549,8446,10,0
2026-07-03 16:00:00,1.3355000000000001,1.33581,1.33509,1.33527,4314,10,0
2026-07-03 20:00:00,1.33528,1.33538,1.33457,1.33496,2857,10,0
2026-07-05 20:00:00,1.33419,1.33542,1.3338700000000001,1.33518,2259,10,0
2026-07-06 00:00:00,1.3351600000000001,1.33563,1.33385,1.33417,8220,10,0
2026-07-06 04:00:00,1.33414,1.33494,1.33283,1.33481,8559,10,0
2026-07-06 08:00:00,1.3348200000000001,1.335,1.3330199999999999,1.33438,9775,10,0
2026-07-06 12:00:00,1.33438,1.33678,1.3336700000000001,1.3367200000000001,12229,10,0
2026-07-06 16:00:00,1.33674,1.33967,1.33646,1.33914,7015,10,0
2026-07-06 20:00:00,1.3391,1.3401100000000001,1.33812,1.3394,2959,4,0
2026-07-07 00:00:00,1.33939,1.3401399999999999,1.33874,1.33894,7510,10,0
2026-07-07 04:00:00,1.33894,1.33931,1.33746,1.33769,8230,10,0
2026-07-07 08:00:00,1.3376700000000001,1.3394,1.3369,1.33876,9545,10,0
2026-07-07 12:00:00,1.33879,1.33924,1.3360400000000001,1.3370600000000001,13788,10,0
2026-07-07 16:00:00,1.33707,1.33761,1.3348200000000001,1.33608,9165,10,0
2026-07-07 20:00:00,1.33605,1.33622,1.33446,1.33462,3363,9,0
2026-07-08 00:00:00,1.33464,1.33588,1.33416,1.33541,9134,10,0
2026-07-08 04:00:00,1.3354,1.33696,1.335,1.33646,9952,10,0
2026-07-08 08:00:00,1.33647,1.33696,1.33218,1.33356,18617,10,0
2026-07-08 12:00:00,1.33358,1.33773,1.3334,1.33599,18098,10,0
2026-07-08 16:00:00,1.33602,1.341,1.33597,1.3401399999999999,11770,10,0
2026-07-08 20:00:00,1.34015,1.34036,1.33834,1.33933,3607,4,0
2026-07-09 00:00:00,1.33935,1.34039,1.33863,1.33956,7817,10,0
2026-07-09 04:00:00,1.33956,1.34304,1.33929,1.34146,9579,10,0
2026-07-09 08:00:00,1.34144,1.34211,1.33841,1.3388200000000001,9601,10,0
2026-07-09 12:00:00,1.33883,1.34106,1.33801,1.34064,13037,10,0
2026-07-09 16:00:00,1.34067,1.34189,1.34019,1.3407200000000001,7597,10,0
2026-07-09 20:00:00,1.3407200000000001,1.3413,1.3396,1.3413,2911,9,0
2026-07-10 00:00:00,1.3413,1.34514,1.34079,1.3439,9464,10,0
2026-07-10 04:00:00,1.34388,1.34388,1.34199,1.34212,9112,10,0
2026-07-10 08:00:00,1.34211,1.34368,1.3408,1.34256,10915,10,0
2026-07-10 12:00:00,1.3425799999999999,1.34365,1.33914,1.34201,15299,10,0
2026-07-10 16:00:00,1.34201,1.34232,1.33922,1.33979,8639,10,0
2026-07-10 20:00:00,1.33982,1.3402,1.33938,1.33998,1864,10,0
2026-07-12 20:00:00,1.3385099999999999,1.33872,1.33687,1.33861,3341,10,0
2026-07-13 00:00:00,1.33862,1.3387,1.33663,1.33781,10903,10,0
2026-07-13 04:00:00,1.33779,1.33949,1.33737,1.33928,11493,10,0
2026-07-13 08:00:00,1.33931,1.34113,1.33809,1.33931,12398,10,0
2026-07-13 12:00:00,1.33929,1.34022,1.33629,1.33796,16378,10,0
2026-07-13 16:00:00,1.33798,1.33838,1.3351199999999999,1.3353,11362,10,0
2026-07-13 20:00:00,1.33528,1.33548,1.334,1.3349199999999999,3616,9,0
2026-07-14 00:00:00,1.33493,1.3363800000000001,1.3342,1.336,10493,10,0
2026-07-14 04:00:00,1.33601,1.33693,1.33509,1.33569,9497,10,0
2026-07-14 08:00:00,1.3357299999999999,1.3387,1.33534,1.33836,11401,10,0
2026-07-14 12:00:00,1.33836,1.3443100000000001,1.3379400000000001,1.33826,26390,10,0
2026-07-14 16:00:00,1.33823,1.33915,1.3367499999999999,1.33875,10962,10,0
2026-07-14 20:00:00,1.33876,1.33963,1.33723,1.33961,3456,9,0
2026-07-15 00:00:00,1.33962,1.3409,1.33939,1.34032,7514,10,0
2026-07-15 04:00:00,1.34032,1.34196,1.33999,1.3401399999999999,9150,10,0
2026-07-15 08:00:00,1.34015,1.34147,1.33803,1.3409499999999999,9669,10,0
2026-07-15 12:00:00,1.3409200000000001,1.34973,1.34021,1.34952,16916,10,0
2026-07-15 16:00:00,1.34948,1.35578,1.34934,1.35346,14542,10,0
2026-07-15 20:00:00,1.35346,1.35433,1.35316,1.35382,3772,9,0
2026-07-16 00:00:00,1.35382,1.35438,1.35193,1.35324,9217,10,0
2026-07-16 04:00:00,1.35327,1.35422,1.35267,1.3532899999999999,9859,10,0
2026-07-16 08:00:00,1.35328,1.3534,1.3493,1.35062,10880,10,0
2026-07-16 12:00:00,1.35063,1.3517000000000001,1.3479700000000001,1.34827,15636,10,0
2026-07-16 16:00:00,1.3483,1.3483100000000001,1.34592,1.34744,8740,10,0
2026-07-16 20:00:00,1.34741,1.34799,1.34726,1.3477700000000001,2916,9,0
2026-07-17 00:00:00,1.3477700000000001,1.34795,1.34616,1.3465,7783,10,0
2026-07-17 04:00:00,1.34653,1.3480400000000001,1.34564,1.34565,9207,10,0
2026-07-17 08:00:00,1.34569,1.3462100000000001,1.34259,1.34379,11611,10,0
2026-07-17 12:00:00,1.34379,1.34546,1.34276,1.3444099999999999,14236,10,0
2026-07-17 16:00:00,1.34445,1.3459699999999999,1.34371,1.3458,8890,10,0
2026-07-17 20:00:00,1.34582,1.34595,1.3449900000000001,1.34523,1871,10,0
2026-07-19 20:00:00,1.34461,1.345,1.34299,1.34448,3862,10,0
2026-07-20 00:00:00,1.34449,1.34629,1.34426,1.34603,7503,10,0
2026-07-20 04:00:00,1.34603,1.3480699999999999,1.34568,1.34759,8157,10,0
2026-07-20 08:00:00,1.3476,1.34782,1.34569,1.3462399999999999,10180,10,0
2026-07-20 12:00:00,1.34623,1.34644,1.34131,1.3418,13233,10,0
2026-07-20 16:00:00,1.34179,1.34391,1.34115,1.34347,8800,10,0
2026-07-20 20:00:00,1.34348,1.34366,1.34181,1.34307,2933,7,0
2026-07-21 00:00:00,1.34308,1.34391,1.34262,1.3436,7256,10,0
2026-07-21 04:00:00,1.3436,1.34552,1.34353,1.34401,8223,10,0
2026-07-21 08:00:00,1.34401,1.34481,1.3401,1.34052,10022,10,0
2026-07-21 12:00:00,1.34051,1.3406799999999999,1.33593,1.3372600000000001,16115,10,0
2026-07-21 16:00:00,1.33727,1.33869,1.33688,1.338,7112,10,0
2026-07-21 20:00:00,1.33802,1.33804,1.3370199999999999,1.33784,3037,7,0
2026-07-22 00:00:00,1.33783,1.33894,1.3377,1.3382100000000001,7632,10,0
2026-07-22 04:00:00,1.3382399999999999,1.3395000000000001,1.33686,1.3382100000000001,9580,10,0
2026-07-22 08:00:00,1.3382100000000001,1.33837,1.3363,1.33666,10581,10,0
2026-07-22 12:00:00,1.33667,1.33905,1.33542,1.33759,12380,10,0
2026-07-22 16:00:00,1.33757,1.3376000000000001,1.33648,1.3372899999999999,6925,10,0
2026-07-22 20:00:00,1.3373300000000001,1.33765,1.3366799999999999,1.33741,3318,9,0
2026-07-23 00:00:00,1.33745,1.3391,1.33725,1.33878,8017,10,0
2026-07-23 04:00:00,1.33879,1.33931,1.33666,1.33732,8923,10,0
2026-07-23 08:00:00,1.3373300000000001,1.3377,1.33396,1.33548,10967,10,0
2026-07-23 12:00:00,1.33548,1.33555,1.32983,1.33098,17736,10,0
2026-07-23 16:00:00,1.33101,1.33251,1.33096,1.33166,9388,10,0
2026-07-23 20:00:00,1.3317,1.33191,1.33093,1.33118,2727,9,0
2026-07-24 00:00:00,1.33114,1.33263,1.33107,1.3314,7481,10,0
2026-07-24 04:00:00,1.33142,1.33439,1.33061,1.33352,8322,10,0
2026-07-24 08:00:00,1.33354,1.33365,1.3312300000000001,1.33219,9964,10,0
2026-07-24 12:00:00,1.33225,1.33484,1.33051,1.33411,13461,10,0
2026-07-24 16:00:00,1.33414,1.3345,1.33208,1.33209,7483,10,0
2026-07-24 20:00:00,1.3321,1.3327,1.33163,1.3323800000000001,1343,10,0
